market_date,article_count,sentiment_score_mean,sentiment_score_std,positive_ratio,negative_ratio,neutral_ratio,source_day_count,first_calendar_date,last_calendar_date,Date,Adj Close 5347.KL,Close 5347.KL,High 5347.KL,Low 5347.KL,Open 5347.KL,Volume 5347.KL,date,close,return_tplus0_1d,return_tplus1_1d,return_tplus2_1d
2023-01-03,5,-0.7658773705363274,0.13411268301212162,0.0,1.0,0.0,1,2023-01-03,2023-01-03,2023-01-03,8.04068660736084,9.300000190734863,9.470000267028809,9.300000190734863,9.470000267028809,3519600,2023-01-03,8.04068660736084,,0.007526741816269444,0.008537998436913385
2023-01-04,3,-0.4502492037912211,0.4036683099941339,0.0,1.0,0.0,1,2023-01-04,2023-01-04,2023-01-04,8.10120677947998,9.369999885559082,9.380000114440918,9.260000228881836,9.289999961853027,1688800,2023-01-04,8.10120677947998,0.007526741816269444,0.008537998436913385,-0.0010583314920209475
2023-01-05,3,0.8147772631297509,0.16641675357846492,1.0,0.0,0.0,1,2023-01-05,2023-01-05,2023-01-05,8.170374870300293,9.449999809265137,9.470000267028809,9.369999885559082,9.369999885559082,3550500,2023-01-05,8.170374870300293,0.008537998436913385,-0.0010583314920209475,0.009533906226922628
2023-01-06,5,-0.1564026527106762,0.6053258947895712,0.2,0.6,0.2,1,2023-01-06,2023-01-06,2023-01-06,8.161727905273438,9.4399995803833,9.4399995803833,9.390000343322754,9.420000076293945,1794500,2023-01-06,8.161727905273438,-0.0010583314920209475,0.009533906226922628,0.0
2023-01-09,4,-0.4629082027822733,0.23840303535091834,0.0,0.75,0.25,1,2023-01-09,2023-01-09,2023-01-09,8.239541053771973,9.529999732971191,9.529999732971191,9.420000076293945,9.4399995803833,2268300,2023-01-09,8.239541053771973,0.009533906226922628,0.0,-0.013641195932537653
2023-01-10,3,-0.29010559773693484,1.0806850421064589,0.3333333333333333,0.6666666666666666,0.0,1,2023-01-10,2023-01-10,2023-01-10,8.239541053771973,9.529999732971191,9.529999732971191,9.4399995803833,9.479999542236328,1860800,2023-01-10,8.239541053771973,0.0,-0.013641195932537653,0.0
2023-01-11,7,0.21847699625816733,0.5608347904202353,0.42857142857142855,0.14285714285714285,0.42857142857142855,1,2023-01-11,2023-01-11,2023-01-11,8.127143859863281,9.399999618530273,9.510000228881836,9.390000343322754,9.470000267028809,3339000,2023-01-11,8.127143859863281,-0.013641195932537653,0.0,0.008510632805158735
2023-01-12,4,0.11799196153879167,0.6346555991540984,0.5,0.5,0.0,1,2023-01-12,2023-01-12,2023-01-12,8.127143859863281,9.399999618530273,9.449999809265137,9.350000381469727,9.430000305175781,3211700,2023-01-12,8.127143859863281,0.0,0.008510632805158735,-0.0031643658614769477
2023-01-13,7,0.5488735781649926,0.35903087415234974,0.8571428571428571,0.0,0.14285714285714285,1,2023-01-13,2023-01-13,2023-01-13,8.196310997009277,9.479999542236328,9.5,9.350000381469727,9.350000381469727,1615800,2023-01-13,8.196310997009277,0.008510632805158735,-0.0031643658614769477,-0.0031747610291693595
2023-01-16,5,-0.09732010662555698,0.6057994920358422,0.6,0.4,0.0,1,2023-01-16,2023-01-16,2023-01-16,8.170374870300293,9.449999809265137,9.470000267028809,9.380000114440918,9.460000038146973,1739600,2023-01-16,8.170374870300293,-0.0031643658614769477,-0.0031747610291693595,-0.003184403856647422
2023-01-17,9,-0.12684429204091432,0.6560260172317877,0.4444444444444444,0.5555555555555556,0.0,1,2023-01-17,2023-01-17,2023-01-17,8.14443588256836,9.420000076293945,9.449999809265137,9.380000114440918,9.449999809265137,1746100,2023-01-17,8.14443588256836,-0.0031747610291693595,-0.003184403856647422,0.011714387576920338
2023-01-18,5,-0.8035009041428566,0.07291215212839836,0.0,1.0,0.0,1,2023-01-18,2023-01-18,2023-01-18,8.118500709533691,9.390000343322754,9.430000305175781,9.380000114440918,9.420000076293945,1766800,2023-01-18,8.118500709533691,-0.003184403856647422,0.011714387576920338,-0.005263110228888257
2023-01-19,5,0.20342394933104516,0.18243096708255838,0.6,0.2,0.2,1,2023-01-19,2023-01-19,2023-01-19,8.213603973388672,9.5,9.5,9.390000343322754,9.390000343322754,2465600,2023-01-19,8.213603973388672,0.011714387576920338,-0.005263110228888257,0.007407386656572479
2023-01-20,8,0.3971819868311286,0.3985741624581482,0.75,0.125,0.125,1,2023-01-20,2023-01-20,2023-01-20,8.170374870300293,9.449999809265137,9.5,9.420000076293945,9.489999771118164,2497600,2023-01-20,8.170374870300293,-0.005263110228888257,0.007407386656572479,0.0
2023-01-25,6,0.25475873751565814,0.3583842871834721,0.6666666666666666,0.16666666666666666,0.16666666666666666,2,2023-01-23,2023-01-25,2023-01-25,8.23089599609375,9.520000457763672,9.520000457763672,9.430000305175781,9.449999809265137,1416100,2023-01-25,8.23089599609375,0.007407386656572479,0.0,0.003151069667420625
2023-01-26,5,-0.5125249624252319,0.32310669727258645,0.0,1.0,0.0,1,2023-01-26,2023-01-26,2023-01-26,8.23089599609375,9.520000457763672,9.520000457763672,9.470000267028809,9.489999771118164,1008000,2023-01-26,8.23089599609375,0.0,0.003151069667420625,-0.004188305823248917
2023-01-27,5,-0.047755741700530076,0.8862812586703518,0.4,0.6,0.0,1,2023-01-27,2023-01-27,2023-01-27,8.256832122802734,9.550000190734863,9.569999694824219,9.479999542236328,9.520000457763672,2205100,2023-01-27,8.256832122802734,0.003151069667420625,-0.004188305823248917,-0.009463845336405319
2023-01-30,7,0.5192957438661584,0.4561122207698973,0.8571428571428571,0.0,0.14285714285714285,1,2023-01-30,2023-01-30,2023-01-30,8.222249984741211,9.510000228881836,9.550000190734863,9.489999771118164,9.550000190734863,1797300,2023-01-30,8.222249984741211,-0.004188305823248917,-0.009463845336405319,0.011677318426334349
2023-01-31,2,0.9682112536393106,0.004182698685792214,1.0,0.0,0.0,1,2023-01-31,2023-01-31,2023-01-31,8.14443588256836,9.420000076293945,9.520000457763672,9.420000076293945,9.510000228881836,4533300,2023-01-31,8.14443588256836,-0.009463845336405319,0.011677318426334349,0.004197326669587165
2023-02-02,1,0.6096531599760056,0.0,1.0,0.0,0.0,1,2023-02-02,2023-02-02,2023-02-02,8.239541053771973,9.529999732971191,9.5600004196167,9.430000305175781,9.449999809265137,3405200,2023-02-02,8.239541053771973,0.011677318426334349,0.004197326669587165,-0.018808561362435805
2023-02-03,1,0.8823797879740596,0.0,1.0,0.0,0.0,1,2023-02-03,2023-02-03,2023-02-03,8.274125099182129,9.569999694824219,9.579999923706055,9.470000267028809,9.470000267028809,2304200,2023-02-03,8.274125099182129,0.004197326669587165,-0.018808561362435805,0.012779363939167343
2023-02-07,6,-0.29287841023566824,0.6727623797359069,0.16666666666666666,0.8333333333333334,0.0,1,2023-02-07,2023-02-07,2023-02-07,8.118500709533691,9.390000343322754,9.550000190734863,9.319999694824219,9.460000038146973,3694000,2023-02-07,8.118500709533691,-0.018808561362435805,0.012779363939167343,0.0021029607543980866
2023-02-08,6,0.19762944818163916,0.8808312062731477,0.6666666666666666,0.3333333333333333,0.0,1,2023-02-08,2023-02-08,2023-02-08,8.222249984741211,9.510000228881836,9.520000457763672,9.359999656677246,9.390000343322754,1807200,2023-02-08,8.222249984741211,0.012779363939167343,0.0021029607543980866,0.025183844273902745
2023-02-09,6,-0.5200499172012011,0.36036657831423186,0.16666666666666666,0.8333333333333334,0.0,1,2023-02-09,2023-02-09,2023-02-09,8.239541053771973,9.529999732971191,9.609999656677246,9.4399995803833,9.5,4434500,2023-02-09,8.239541053771973,0.0021029607543980866,0.025183844273902745,0.014329313177458669
2023-02-10,8,0.2684525824151933,0.5677527183097189,0.75,0.25,0.0,1,2023-02-10,2023-02-10,2023-02-10,8.447044372558594,9.770000457763672,9.819999694824219,9.529999732971191,9.529999732971191,9259100,2023-02-10,8.447044372558594,0.025183844273902745,0.014329313177458669,0.0020181899778812795
2023-02-13,6,-0.11723612140243252,0.5319164165156506,0.16666666666666666,0.5,0.3333333333333333,2,2023-02-11,2023-02-13,2023-02-13,8.568084716796875,9.90999984741211,9.920000076293945,9.6899995803833,9.770000457763672,5583100,2023-02-13,8.568084716796875,0.014329313177458669,0.0020181899778812795,0.0020142361720514312
2023-02-14,4,0.560490397270769,0.6029519450034021,0.75,0.25,0.0,1,2023-02-14,2023-02-14,2023-02-14,8.585376739501953,9.930000305175781,10.0,9.829999923706055,9.880000114440918,6865500,2023-02-14,8.585376739501953,0.0020181899778812795,0.0020142361720514312,-0.005025301663878046
2023-02-15,3,-0.21860621124506005,0.4883853038135792,0.0,0.6666666666666666,0.3333333333333333,1,2023-02-15,2023-02-15,2023-02-15,8.602669715881348,9.949999809265137,9.979999542236328,9.850000381469727,9.930000305175781,2430200,2023-02-15,8.602669715881348,0.0020142361720514312,-0.005025301663878046,-0.0010100028723523113
2023-02-16,5,-0.16251973509788512,0.3964189479275482,0.2,0.6,0.2,1,2023-02-16,2023-02-16,2023-02-16,8.559438705444336,9.899999618530273,9.979999542236328,9.880000114440918,9.949999809265137,3553000,2023-02-16,8.559438705444336,-0.005025301663878046,-0.0010100028723523113,-0.003033406620026824
2023-02-17,5,-0.21524168546311556,0.6825590366947655,0.2,0.8,0.0,1,2023-02-17,2023-02-17,2023-02-17,8.550793647766113,9.890000343322754,9.899999618530273,9.829999923706055,9.869999885559082,1597900,2023-02-17,8.550793647766113,-0.0010100028723523113,-0.003033406620026824,-0.006085160475621354
2023-02-20,3,0.23613170379151907,0.6284513527524738,0.6666666666666666,0.3333333333333333,0.0,1,2023-02-20,2023-02-20,2023-02-20,8.524855613708496,9.859999656677246,9.880000114440918,9.829999923706055,9.859999656677246,1391400,2023-02-20,8.524855613708496,-0.003033406620026824,-0.006085160475621354,-0.015305984626820202
2023-02-21,3,-0.16803991794586184,0.4084496418591771,0.3333333333333333,0.6666666666666666,0.0,1,2023-02-21,2023-02-21,2023-02-21,8.472980499267578,9.800000190734863,9.850000381469727,9.789999961853027,9.850000381469727,1654100,2023-02-21,8.472980499267578,-0.006085160475621354,-0.015305984626820202,0.0
2023-02-22,3,-0.5244103781878949,0.5135740706732417,0.0,0.6666666666666666,0.3333333333333333,1,2023-02-22,2023-02-22,2023-02-22,8.343293190002441,9.649999618530273,9.800000190734863,9.609999656677246,9.800000190734863,3078100,2023-02-22,8.343293190002441,-0.015305984626820202,0.0,0.007253865400053128
2023-02-23,6,0.1696900324895978,0.7929974063210954,0.6666666666666666,0.3333333333333333,0.0,1,2023-02-23,2023-02-23,2023-02-23,8.343293190002441,9.649999618530273,9.770000457763672,9.609999656677246,9.649999618530273,1882500,2023-02-23,8.343293190002441,0.0,0.007253865400053128,-0.008230559151015893
2023-02-24,3,0.19776185182854533,0.7262044921003795,0.6666666666666666,0.3333333333333333,0.0,1,2023-02-24,2023-02-24,2023-02-24,8.403814315795898,9.720000267028809,9.75,9.550000190734863,9.670000076293945,2160500,2023-02-24,8.403814315795898,0.007253865400053128,-0.008230559151015893,-0.028008320832632494
2023-02-27,3,-0.7335356262822946,0.27561047526284776,0.0,1.0,0.0,1,2023-02-27,2023-02-27,2023-02-27,8.334646224975586,9.640000343322754,9.770000457763672,9.5600004196167,9.770000457763672,2437200,2023-02-27,8.334646224975586,-0.008230559151015893,-0.028008320832632494,-0.009605248241527642
2023-02-28,9,-0.1506075690396958,0.5980365066737895,0.2222222222222222,0.4444444444444444,0.3333333333333333,1,2023-02-28,2023-02-28,2023-02-28,8.10120677947998,9.369999885559082,9.670000076293945,9.369999885559082,9.670000076293945,7087000,2023-02-28,8.10120677947998,-0.028008320832632494,-0.009605248241527642,0.012931086228596955
2023-03-01,6,-0.7540691088264188,0.14169854237949875,0.0,1.0,0.0,1,2023-03-01,2023-03-01,2023-03-01,8.023392677307129,9.279999732971191,9.380000114440918,9.180000305175781,9.369999885559082,6105100,2023-03-01,8.023392677307129,-0.009605248241527642,0.012931086228596955,0.0
2023-03-02,5,0.32887953855097296,0.5603952688028363,0.6,0.4,0.0,1,2023-03-02,2023-03-02,2023-03-02,8.127143859863281,9.399999618530273,9.420000076293945,9.199999809265137,9.279999732971191,2892600,2023-03-02,8.127143859863281,0.012931086228596955,0.0,-0.006382827923446466
2023-03-03,2,-0.1169373840093613,0.08450967854698219,0.0,1.0,0.0,1,2023-03-03,2023-03-03,2023-03-03,8.127143859863281,9.399999618530273,9.449999809265137,9.289999961853027,9.40999984741211,2722300,2023-03-03,8.127143859863281,0.0,-0.006382827923446466,0.004282592783211747
2023-03-06,6,0.5243682945923259,0.32810879702994894,0.8333333333333334,0.0,0.16666666666666666,1,2023-03-06,2023-03-06,2023-03-06,8.07526969909668,9.34000015258789,9.4399995803833,9.3100004196167,9.399999618530273,1500500,2023-03-06,8.07526969909668,-0.006382827923446466,0.004282592783211747,0.005330442389440915
2023-03-07,2,0.6414928063750267,0.33014291305118565,1.0,0.0,0.0,1,2023-03-07,2023-03-07,2023-03-07,8.10985279083252,9.380000114440918,9.399999618530273,9.319999694824219,9.34000015258789,1815300,2023-03-07,8.10985279083252,0.004282592783211747,0.005330442389440915,0.002121035530415538
2023-03-08,4,-0.7955996738746762,0.07029863593953072,0.0,1.0,0.0,1,2023-03-08,2023-03-08,2023-03-08,8.153081893920898,9.430000305175781,9.489999771118164,9.329999923706055,9.380000114440918,1958700,2023-03-08,8.153081893920898,0.005330442389440915,0.002121035530415538,-0.007407503380019165
2023-03-09,1,0.38387612998485565,0.0,1.0,0.0,0.0,1,2023-03-09,2023-03-09,2023-03-09,8.170374870300293,9.449999809265137,9.479999542236328,9.380000114440918,9.420000076293945,2158400,2023-03-09,8.170374870300293,0.002121035530415538,-0.007407503380019165,-0.006396554386234765
2023-03-10,5,-0.43780332198366523,0.7266102387153653,0.2,0.8,0.0,1,2023-03-10,2023-03-10,2023-03-10,8.10985279083252,9.380000114440918,9.449999809265137,9.319999694824219,9.449999809265137,2149200,2023-03-10,8.10985279083252,-0.007407503380019165,-0.006396554386234765,-0.005364876709618049
2023-03-13,3,-0.2885788146716853,0.9632749554759644,0.3333333333333333,0.6666666666666666,0.0,1,2023-03-13,2023-03-13,2023-03-13,8.057977676391602,9.319999694824219,9.369999885559082,9.25,9.350000381469727,3136600,2023-03-13,8.057977676391602,-0.006396554386234765,-0.005364876709618049,0.016181203587974924
2023-03-14,8,-0.4265358904667665,0.8308596625976553,0.25,0.75,0.0,1,2023-03-14,2023-03-14,2023-03-14,8.014747619628906,9.270000457763672,9.34000015258789,9.25,9.300000190734863,3617800,2023-03-14,8.014747619628906,-0.005364876709618049,0.016181203587974924,-0.00743086114149083
2023-03-15,10,0.5998172094579786,0.3760939866172896,0.8,0.0,0.2,1,2023-03-15,2023-03-15,2023-03-15,8.14443588256836,9.420000076293945,9.4399995803833,9.279999732971191,9.289999961853027,1982100,2023-03-15,8.14443588256836,0.016181203587974924,-0.00743086114149083,0.02139018002501003
2023-03-16,7,-0.7251532813534141,0.33529934764594194,0.0,0.8571428571428571,0.14285714285714285,1,2023-03-16,2023-03-16,2023-03-16,8.083915710449219,9.350000381469727,9.4399995803833,9.329999923706055,9.420000076293945,2677200,2023-03-16,8.083915710449219,-0.00743086114149083,0.02139018002501003,-0.008376958150206115
2023-03-17,6,0.638369934167713,0.22243078719334564,1.0,0.0,0.0,1,2023-03-17,2023-03-17,2023-03-17,8.256832122802734,9.550000190734863,9.649999618530273,9.350000381469727,9.350000381469727,5869600,2023-03-17,8.256832122802734,0.02139018002501003,-0.008376958150206115,0.0
2023-03-20,3,-0.6608630617459615,0.13847014381153644,0.0,1.0,0.0,1,2023-03-20,2023-03-20,2023-03-20,8.187664985656738,9.470000267028809,9.550000190734863,9.369999885559082,9.550000190734863,1819200,2023-03-20,8.187664985656738,-0.008376958150206115,0.0,0.005280017014954064
2023-03-21,7,0.4895487441016095,0.6506452779688416,0.8571428571428571,0.14285714285714285,0.0,1,2023-03-21,2023-03-21,2023-03-21,8.187664985656738,9.470000267028809,9.520000457763672,9.390000343322754,9.470000267028809,2416000,2023-03-21,8.187664985656738,0.0,0.005280017014954064,0.004201735197063572
2023-03-22,5,0.8051773983985185,0.14368488260528012,1.0,0.0,0.0,1,2023-03-22,2023-03-22,2023-03-22,8.23089599609375,9.520000457763672,9.520000457763672,9.449999809265137,9.470000267028809,1983400,2023-03-22,8.23089599609375,0.005280017014954064,0.004201735197063572,-0.002092192624331579
2023-03-23,5,-0.40096460450440646,0.5396179737255213,0.0,0.6,0.4,1,2023-03-23,2023-03-23,2023-03-23,8.265480041503906,9.5600004196167,9.569999694824219,9.449999809265137,9.510000228881836,2268400,2023-03-23,8.265480041503906,0.004201735197063572,-0.002092192624331579,-0.014675128522852354
2023-03-24,7,-0.42333084005596383,0.6516741205486036,0.14285714285714285,0.7142857142857143,0.14285714285714285,1,2023-03-24,2023-03-24,2023-03-24,8.248187065124512,9.539999961853027,9.5600004196167,9.479999542236328,9.510000228881836,2231400,2023-03-24,8.248187065124512,-0.002092192624331579,-0.014675128522852354,-0.007446789036471557
2023-03-27,6,0.2074872707404818,0.8430809513804911,0.6666666666666666,0.3333333333333333,0.0,2,2023-03-26,2023-03-27,2023-03-27,8.127143859863281,9.399999618530273,9.539999961853027,9.399999618530273,9.539999961853027,3162100,2023-03-27,8.127143859863281,-0.014675128522852354,-0.007446789036471557,0.007502659760923569
2023-03-28,3,0.48190414796893793,0.4636554509715528,0.6666666666666666,0.0,0.3333333333333333,1,2023-03-28,2023-03-28,2023-03-28,8.066622734069824,9.329999923706055,9.430000305175781,9.25,9.399999618530273,6443300,2023-03-28,8.066622734069824,-0.007446789036471557,0.007502659760923569,0.004376474431607491
2023-03-29,4,0.528556696488522,0.273103399714768,0.75,0.0,0.25,1,2023-03-29,2023-03-29,2023-03-29,8.127143859863281,9.399999618530273,9.430000305175781,9.3100004196167,9.329999923706055,4604900,2023-03-29,8.127143859863281,0.007502659760923569,0.004376474431607491,0.005446521787489056
2023-03-30,2,-0.3253461665008217,0.4625011681792865,0.0,0.5,0.5,1,2023-03-30,2023-03-30,2023-03-30,8.162712097167969,9.180000305175781,9.199999809265137,9.0600004196167,9.130000114440918,4229300,2023-03-30,8.162712097167969,0.004376474431607491,0.005446521787489056,0.0010834500563687843
2023-03-31,4,0.36164782289415603,0.5357454072642323,0.75,0.0,0.25,1,2023-03-31,2023-03-31,2023-03-31,8.207170486450195,9.229999542236328,9.260000228881836,9.180000305175781,9.180000305175781,3685700,2023-03-31,8.207170486450195,0.005446521787489056,0.0010834500563687843,0.0010825096115385513
2023-04-03,3,0.3401634010175864,0.6515451004112123,0.6666666666666666,0.3333333333333333,0.0,2,2023-04-01,2023-04-03,2023-04-03,8.216062545776367,9.239999771118164,9.25,9.210000038146973,9.229999542236328,4097100,2023-04-03,8.216062545776367,0.0010834500563687843,0.0010825096115385513,0.0010809912050471215
2023-04-04,4,0.18876773433294153,0.7547148612164439,0.5,0.25,0.25,1,2023-04-04,2023-04-04,2023-04-04,8.224956512451172,9.25,9.260000228881836,9.180000305175781,9.229999542236328,2348000,2023-04-04,8.224956512451172,0.0010825096115385513,0.0010809912050471215,-0.0010798239248813735
2023-04-05,4,-0.3137631732970476,0.7054140482721243,0.25,0.75,0.0,1,2023-04-05,2023-04-05,2023-04-05,8.233847618103027,9.260000228881836,9.270000457763672,9.199999809265137,9.25,1689800,2023-04-05,8.233847618103027,0.0010809912050471215,-0.0010798239248813735,-0.002162446205527191
2023-04-06,6,-0.5430951975286007,0.5136653262574296,0.16666666666666666,0.8333333333333334,0.0,1,2023-04-06,2023-04-06,2023-04-06,8.224956512451172,9.25,9.270000457763672,9.180000305175781,9.260000228881836,1879300,2023-04-06,8.224956512451172,-0.0010798239248813735,-0.002162446205527191,-0.005417017881573893
2023-04-07,6,0.02395046999057134,0.4326529424363568,0.3333333333333333,0.5,0.16666666666666666,1,2023-04-07,2023-04-07,2023-04-07,8.207170486450195,9.229999542236328,9.25,9.170000076293945,9.25,746500,2023-04-07,8.207170486450195,-0.002162446205527191,-0.005417017881573893,-0.005446521787489167
2023-04-10,6,-0.11802488317092259,0.26109852710937104,0.3333333333333333,0.5,0.16666666666666666,2,2023-04-08,2023-04-10,2023-04-10,8.162712097167969,9.180000305175781,9.220000267028809,9.180000305175781,9.210000038146973,1992300,2023-04-10,8.162712097167969,-0.005417017881573893,-0.005446521787489167,-0.01314368361462992
2023-04-11,6,0.3564270945886771,0.39885519669450736,0.8333333333333334,0.16666666666666666,0.0,1,2023-04-11,2023-04-11,2023-04-11,8.118253707885742,9.130000114440918,9.180000305175781,9.079999923706055,9.180000305175781,4939900,2023-04-11,8.118253707885742,-0.005446521787489167,-0.01314368361462992,0.015538550926414763
2023-04-12,10,-0.04991821569856255,0.731441193171651,0.4,0.6,0.0,1,2023-04-12,2023-04-12,2023-04-12,8.011549949645996,9.010000228881836,9.149999618530273,9.0,9.130000114440918,6345700,2023-04-12,8.011549949645996,-0.01314368361462992,0.015538550926414763,0.006557066522694166
2023-04-13,9,0.11444768030196434,0.6219664841878524,0.4444444444444444,0.4444444444444444,0.1111111111111111,1,2023-04-13,2023-04-13,2023-04-13,8.136037826538086,9.149999618530273,9.1899995803833,9.029999732971191,9.029999732971191,4845800,2023-04-13,8.136037826538086,0.015538550926414763,0.006557066522694166,-0.0032571757433219606
2023-04-14,5,0.3092246035113931,0.35488378881337557,0.6,0.2,0.2,1,2023-04-14,2023-04-14,2023-04-14,8.189386367797852,9.210000038146973,9.210000038146973,9.130000114440918,9.1899995803833,1453700,2023-04-14,8.189386367797852,0.006557066522694166,-0.0032571757433219606,-0.019607735467607856
2023-04-17,6,-0.5011216411367059,0.5058573534825055,0.16666666666666666,0.8333333333333334,0.0,1,2023-04-17,2023-04-17,2023-04-17,8.162712097167969,9.180000305175781,9.239999771118164,9.130000114440918,9.210000038146973,1413200,2023-04-17,8.162712097167969,-0.0032571757433219606,-0.019607735467607856,-0.014444495952223413
2023-04-18,5,-0.49517949037253856,0.6828746977807402,0.2,0.8,0.0,1,2023-04-18,2023-04-18,2023-04-18,8.002659797668457,9.0,9.220000267028809,8.970000267028809,9.180000305175781,8945500,2023-04-18,8.002659797668457,-0.019607735467607856,-0.014444495952223413,0.00338196685383485
2023-04-20,1,0.9433754137717186,0.0,1.0,0.0,0.0,1,2023-04-20,2023-04-20,2023-04-20,7.913739204406738,8.899999618530273,8.949999809265137,8.869999885559082,8.890000343322754,2382000,2023-04-20,7.913739204406738,0.00338196685383485,0.003370929231635511,-0.012317968390955225
2023-04-25,7,0.3684830327651331,0.3124620599529277,0.7142857142857143,0.14285714285714285,0.14285714285714285,2,2023-04-21,2023-04-25,2023-04-25,7.940415859222412,8.930000305175781,8.949999809265137,8.890000343322754,8.899999618530273,3475800,2023-04-25,7.940415859222412,0.003370929231635511,-0.012317968390955225,0.006802642915906931
2023-04-26,3,-0.2849752713615696,1.05175525974781,0.3333333333333333,0.6666666666666666,0.0,1,2023-04-26,2023-04-26,2023-04-26,7.842606067657471,8.819999694824219,8.930000305175781,8.819999694824219,8.920000076293945,4080500,2023-04-26,7.842606067657471,-0.012317968390955225,0.006802642915906931,0.002252125895606971
2023-05-02,5,0.6934903066605329,0.26828461812776566,1.0,0.0,0.0,1,2023-05-02,2023-05-02,2023-05-02,7.975983619689941,8.970000267028809,8.989999771118164,8.899999618530273,8.899999618530273,4109200,2023-05-02,7.975983619689941,0.007865360947015176,0.001114734693023589,0.0
2023-05-03,4,-0.3928988981060684,0.7723571452587387,0.25,0.75,0.0,1,2023-05-03,2023-05-03,2023-05-03,7.984874725341797,8.979999542236328,9.0,8.920000076293945,8.970000267028809,2103800,2023-05-03,7.984874725341797,0.001114734693023589,0.0,0.0077951707133667725
2023-05-05,5,-0.48629221618175517,0.4306969821840603,0.2,0.8,0.0,1,2023-05-05,2023-05-05,2023-05-05,7.984874725341797,8.979999542236328,9.029999732971191,8.920000076293945,8.989999771118164,1760800,2023-05-05,7.984874725341797,0.0,0.0077951707133667725,0.016574632777969667
2023-05-08,5,-0.017648368701338745,0.8546545112113446,0.4,0.6,0.0,1,2023-05-08,2023-05-08,2023-05-08,8.047118186950684,9.050000190734863,9.09000015258789,8.970000267028809,8.989999771118164,1914300,2023-05-08,8.047118186950684,0.0077951707133667725,0.016574632777969667,-0.018478359201442918
2023-05-09,6,-0.29554727673530573,0.7832741762433508,0.3333333333333333,0.6666666666666666,0.0,1,2023-05-09,2023-05-09,2023-05-09,8.180496215820312,9.199999809265137,9.199999809265137,9.029999732971191,9.079999923706055,5768100,2023-05-09,8.180496215820312,0.016574632777969667,-0.018478359201442918,0.006644680057301233
2023-05-10,5,-0.15160033442080023,0.6856985788532677,0.4,0.6,0.0,1,2023-05-10,2023-05-10,2023-05-10,8.02933406829834,9.029999732971191,9.199999809265137,9.020000457763672,9.1899995803833,4249500,2023-05-10,8.02933406829834,-0.018478359201442918,0.006644680057301233,0.040703993045210884
2023-05-12,7,0.3958635314899896,0.5523469401782487,0.7142857142857143,0.2857142857142857,0.0,1,2023-05-12,2023-05-12,2023-05-12,8.411684036254883,9.460000038146973,9.489999771118164,9.09000015258789,9.130000114440918,13164300,2023-05-12,8.411684036254883,0.040703993045210884,0.006342535222764845,0.022058681875520847
2023-05-15,4,-0.4968652930110693,0.5853966294563041,0.25,0.75,0.0,1,2023-05-15,2023-05-15,2023-05-15,8.465035438537598,9.520000457763672,9.5600004196167,9.359999656677246,9.449999809265137,7022000,2023-05-15,8.465035438537598,0.006342535222764845,0.022058681875520847,0.002055548531525009
2023-05-16,4,0.7860598033294083,0.1067810230076754,1.0,0.0,0.0,1,2023-05-16,2023-05-16,2023-05-16,8.651762962341309,9.729999542236328,9.760000228881836,9.40999984741211,9.510000228881836,8844600,2023-05-16,8.651762962341309,0.022058681875520847,0.002055548531525009,0.0041024438328534085
2023-05-17,7,0.08141758186476568,0.44441466450743794,0.5714285714285714,0.2857142857142857,0.14285714285714285,1,2023-05-17,2023-05-17,2023-05-17,8.669547080993652,9.75,9.779999732971191,9.640000343322754,9.699999809265137,6478000,2023-05-17,8.669547080993652,0.002055548531525009,0.0041024438328534085,0.003064645348972883
2023-05-18,6,0.4961703580338508,0.5720337617808966,0.8333333333333334,0.16666666666666666,0.0,1,2023-05-18,2023-05-18,2023-05-18,8.705113410949707,9.789999961853027,9.8100004196167,9.630000114440918,9.729999542236328,9304400,2023-05-18,8.705113410949707,0.0041024438328534085,0.003064645348972883,-0.02240347175447821
2023-05-19,5,-0.246195387840271,0.44837020250094634,0.4,0.6,0.0,1,2023-05-19,2023-05-19,2023-05-19,8.731791496276855,9.819999694824219,9.819999694824219,9.779999732971191,9.779999732971191,5498600,2023-05-19,8.731791496276855,0.003064645348972883,-0.02240347175447821,-0.004166432982356305
2023-05-22,7,-0.6206782436264413,0.2996836354991307,0.0,1.0,0.0,1,2023-05-22,2023-05-22,2023-05-22,8.536169052124023,9.600000381469727,9.800000190734863,9.5600004196167,9.800000190734863,3636600,2023-05-22,8.536169052124023,-0.02240347175447821,-0.004166432982356305,-0.004184201341578597
2023-05-23,9,-0.3876237127309044,0.7540317734763052,0.2222222222222222,0.7777777777777778,0.0,1,2023-05-23,2023-05-23,2023-05-23,8.500603675842285,9.5600004196167,9.619999885559082,9.489999771118164,9.600000381469727,4015100,2023-05-23,8.500603675842285,-0.004166432982356305,-0.004184201341578597,0.006302448347176082
2023-05-24,4,-0.3951960760168731,0.6747092551502151,0.25,0.75,0.0,1,2023-05-24,2023-05-24,2023-05-24,8.465035438537598,9.520000457763672,9.579999923706055,9.5,9.550000190734863,1702900,2023-05-24,8.465035438537598,-0.004184201341578597,0.006302448347176082,0.011482197784973946
2023-05-25,3,-0.3999786414206028,0.5236838354349955,0.3333333333333333,0.6666666666666666,0.0,1,2023-05-25,2023-05-25,2023-05-25,8.518385887145996,9.579999923706055,9.680000305175781,9.510000228881836,9.510000228881836,3100900,2023-05-25,8.518385887145996,0.006302448347176082,0.011482197784973946,0.006191990557333327
2023-05-26,7,0.17221372907183,0.5651465011337784,0.5714285714285714,0.42857142857142855,0.0,1,2023-05-26,2023-05-26,2023-05-26,8.616195678710938,9.6899995803833,9.720000267028809,9.520000457763672,9.600000381469727,3944000,2023-05-26,8.616195678710938,0.011482197784973946,0.006191990557333327,-0.013333327466518163
2023-05-29,7,0.27345211677519343,0.5307807311718029,0.5714285714285714,0.2857142857142857,0.14285714285714285,2,2023-05-27,2023-05-29,2023-05-29,8.669547080993652,9.75,9.800000190734863,9.59000015258789,9.6899995803833,5324400,2023-05-29,8.669547080993652,0.006191990557333327,-0.013333327466518163,-0.011434454878604838
2023-05-30,12,-0.1405998132346819,0.503716750309273,0.3333333333333333,0.5,0.16666666666666666,1,2023-05-30,2023-05-30,2023-05-30,8.553953170776367,9.619999885559082,9.75,9.5,9.75,6553100,2023-05-30,8.553953170776367,-0.013333327466518163,-0.011434454878604838,-0.005257638259285158
2023-05-31,6,-0.32280100835487247,0.7501740300149498,0.3333333333333333,0.6666666666666666,0.0,1,2023-05-31,2023-05-31,2023-05-31,8.456143379211426,9.510000228881836,9.59000015258789,9.40999984741211,9.550000190734863,12597000,2023-05-31,8.456143379211426,-0.011434454878604838,-0.005257638259285158,-0.004228432398481252
2023-06-01,2,-0.8712375983595848,0.06895843975055374,0.0,1.0,0.0,1,2023-06-01,2023-06-01,2023-06-01,8.411684036254883,9.460000038146973,9.510000228881836,9.390000343322754,9.5,3083500,2023-06-01,8.411684036254883,-0.005257638259285158,-0.004228432398481252,-0.012738708463196025
2023-06-02,1,0.9702698942273856,0.0,1.0,0.0,0.0,1,2023-06-02,2023-06-02,2023-06-02,8.376115798950195,9.420000076293945,9.5,9.350000381469727,9.460000038146973,3442600,2023-06-02,8.376115798950195,-0.004228432398481252,-0.012738708463196025,-0.0032258845753312393
2023-06-06,4,-0.06340395845472808,0.7773799527683645,0.5,0.5,0.0,1,2023-06-06,2023-06-06,2023-06-06,8.269414901733398,9.300000190734863,9.420000076293945,9.260000228881836,9.420000076293945,4656100,2023-06-06,8.269414901733398,-0.012738708463196025,-0.0032258845753312393,-0.016181275828292874
2023-06-07,2,-0.7146116252988578,0.19626669142948797,0.0,1.0,0.0,1,2023-06-07,2023-06-07,2023-06-07,8.242738723754883,9.270000457763672,9.350000381469727,9.199999809265137,9.289999961853027,5686300,2023-06-07,8.242738723754883,-0.0032258845753312393,-0.016181275828292874,0.006578989921654843
2023-06-08,4,-0.4346264908090234,0.7900764520085587,0.25,0.75,0.0,1,2023-06-08,2023-06-08,2023-06-08,8.109360694885254,9.119999885559082,9.25,9.09000015258789,9.210000038146973,5816100,2023-06-08,8.109360694885254,-0.016181275828292874,0.006578989921654843,0.008714691892629522
2023-06-09,3,0.5893931267783046,0.5583603568811044,0.6666666666666666,0.3333333333333333,0.0,1,2023-06-09,2023-06-09,2023-06-09,8.162712097167969,9.180000305175781,9.1899995803833,9.119999885559082,9.119999885559082,4117700,2023-06-09,8.162712097167969,0.006578989921654843,0.008714691892629522,-0.012959161158769272
2023-06-12,2,0.10792864114046102,1.1662916275542046,0.5,0.5,0.0,1,2023-06-12,2023-06-12,2023-06-12,8.233847618103027,9.260000228881836,9.289999961853027,9.180000305175781,9.180000305175781,2600200,2023-06-12,8.233847618103027,0.008714691892629522,-0.012959161158769272,0.006564711647411237
2023-06-13,3,-0.1364457607269287,0.2962063131532569,0.6666666666666666,0.3333333333333333,0.0,1,2023-06-13,2023-06-13,2023-06-13,8.127143859863281,9.140000343322754,9.270000457763672,9.130000114440918,9.270000457763672,4577000,2023-06-13,8.127143859863281,-0.012959161158769272,0.006564711647411237,-0.009782729329605333
2023-06-14,4,0.6987967614550143,0.3235466159527381,1.0,0.0,0.0,1,2023-06-14,2023-06-14,2023-06-14,8.180496215820312,9.199999809265137,9.220000267028809,9.149999618530273,9.149999618530273,3301000,2023-06-14,8.180496215820312,0.006564711647411237,-0.009782729329605333,0.009879376596797051
2023-06-15,5,-0.46340438798069955,0.6700499797747315,0.2,0.8,0.0,1,2023-06-15,2023-06-15,2023-06-15,8.100468635559082,9.109999656677246,9.15999984741211,9.0600004196167,9.149999618530273,5579000,2023-06-15,8.100468635559082,-0.009782729329605333,0.009879376596797051,0.0021738491784442093
2023-06-16,6,0.45494033920113,0.5680388228213662,0.8333333333333334,0.16666666666666666,0.0,1,2023-06-16,2023-06-16,2023-06-16,8.180496215820312,9.199999809265137,9.199999809265137,9.100000381469727,9.109999656677246,7097300,2023-06-16,8.180496215820312,0.009879376596797051,0.0021738491784442093,0.0
2023-06-19,9,-0.0905240452848375,0.5489049088895399,0.3333333333333333,0.5555555555555556,0.1111111111111111,2,2023-06-17,2023-06-19,2023-06-19,8.19827938079834,9.220000267028809,9.239999771118164,9.100000381469727,9.119999885559082,2557900,2023-06-19,8.19827938079834,0.0021738491784442093,0.0,-0.0032537588761217817
2023-06-20,6,-0.2144149368007978,0.5794097798648173,0.3333333333333333,0.6666666666666666,0.0,1,2023-06-20,2023-06-20,2023-06-20,8.19827938079834,9.220000267028809,9.229999542236328,9.149999618530273,9.15999984741211,2478000,2023-06-20,8.19827938079834,0.0,-0.0032537588761217817,0.0010881656962182795
2023-06-21,7,-0.0682741307786533,0.5666148032481784,0.42857142857142855,0.5714285714285714,0.0,1,2023-06-21,2023-06-21,2023-06-21,8.17160415649414,9.1899995803833,9.239999771118164,9.15999984741211,9.199999809265137,2493800,2023-06-21,8.17160415649414,-0.0032537588761217817,0.0010881656962182795,0.0
2023-06-22,7,-0.25250599746193203,0.36821567842987074,0.14285714285714285,0.42857142857142855,0.42857142857142855,1,2023-06-22,2023-06-22,2023-06-22,8.180496215820312,9.199999809265137,9.239999771118164,9.1899995803833,9.199999809265137,4401400,2023-06-22,8.180496215820312,0.0010881656962182795,0.0,-0.0021739657574745275
2023-06-23,7,-0.24972484387191282,0.5408982609312428,0.14285714285714285,0.5714285714285714,0.2857142857142857,1,2023-06-23,2023-06-23,2023-06-23,8.180496215820312,9.199999809265137,9.220000267028809,9.180000305175781,9.199999809265137,2643300,2023-06-23,8.180496215820312,0.0,-0.0021739657574745275,0.001089351090706403
2023-06-26,7,0.3827488103748432,0.6140751049216314,0.7142857142857143,0.2857142857142857,0.0,2,2023-06-24,2023-06-26,2023-06-26,8.162712097167969,9.180000305175781,9.210000038146973,9.15999984741211,9.199999809265137,2062900,2023-06-26,8.162712097167969,-0.0021739657574745275,0.001089351090706403,-0.019586632414266725
2023-06-27,7,0.16394091623702223,0.6160739724693283,0.5714285714285714,0.2857142857142857,0.14285714285714285,1,2023-06-27,2023-06-27,2023-06-27,8.17160415649414,9.1899995803833,9.220000267028809,9.170000076293945,9.180000305175781,3616500,2023-06-27,8.17160415649414,0.001089351090706403,-0.019586632414266725,0.004439619989669907
2023-06-28,5,0.5845841520465911,0.4022865050971177,0.8,0.0,0.2,1,2023-06-28,2023-06-28,2023-06-28,8.011549949645996,9.010000228881836,9.220000267028809,9.0,9.199999809265137,8838400,2023-06-28,8.011549949645996,-0.019586632414266725,0.004439619989669907,0.00552487759265663
2023-06-30,8,-0.08793716412037611,0.7027919801103159,0.375,0.625,0.0,2,2023-06-29,2023-06-30,2023-06-30,8.047118186950684,9.050000190734863,9.09000015258789,8.989999771118164,9.020000457763672,15337600,2023-06-30,8.047118186950684,0.004439619989669907,0.00552487759265663,0.0032967833379731193
2023-07-03,5,0.6205842286348343,0.46223168177995,0.8,0.2,0.0,1,2023-07-03,2023-07-03,2023-07-03,8.091577529907227,9.100000381469727,9.180000305175781,9.039999961853027,9.050000190734863,3486700,2023-07-03,8.091577529907227,0.00552487759265663,0.0032967833379731193,-0.005476583786445666
2023-07-04,9,-0.12480156972176494,0.8213734345212245,0.4444444444444444,0.4444444444444444,0.1111111111111111,1,2023-07-04,2023-07-04,2023-07-04,8.118253707885742,9.130000114440918,9.149999618530273,9.09000015258789,9.09000015258789,5062800,2023-07-04,8.118253707885742,0.0032967833379731193,-0.005476583786445666,-0.0011013483839921179
2023-07-05,8,0.31003998400410643,0.6650871333669389,0.625,0.375,0.0,1,2023-07-05,2023-07-05,2023-07-05,8.073793411254883,9.079999923706055,9.149999618530273,9.079999923706055,9.119999885559082,2250000,2023-07-05,8.073793411254883,-0.005476583786445666,-0.0011013483839921179,-0.002205007129290504
2023-07-06,4,-0.5075389072299004,0.41130143033806027,0.25,0.75,0.0,1,2023-07-06,2023-07-06,2023-07-06,8.064901351928711,9.069999694824219,9.079999923706055,9.010000228881836,9.079999923706055,4978400,2023-07-06,8.064901351928711,-0.0011013483839921179,-0.002205007129290504,-0.002209998441576655
2023-07-07,4,-0.4622954772785306,0.3677759259492501,0.25,0.75,0.0,1,2023-07-07,2023-07-07,2023-07-07,8.047118186950684,9.050000190734863,9.09000015258789,9.050000190734863,9.0600004196167,3222100,2023-07-07,8.047118186950684,-0.002205007129290504,-0.002209998441576655,0.0022148933524337444
2023-07-10,4,0.3292706850916147,0.3090627143736327,0.75,0.0,0.25,1,2023-07-10,2023-07-10,2023-07-10,8.02933406829834,9.029999732971191,9.079999923706055,9.029999732971191,9.050000190734863,3552100,2023-07-10,8.02933406829834,-0.002209998441576655,0.0022148933524337444,-0.002209998441576655
2023-07-11,4,0.7472152279224247,0.2965890662250754,1.0,0.0,0.0,1,2023-07-11,2023-07-11,2023-07-11,8.047118186950684,9.050000190734863,9.0600004196167,8.989999771118164,9.039999961853027,6680000,2023-07-11,8.047118186950684,0.0022148933524337444,-0.002209998441576655,0.00775200795974329
2023-07-12,7,0.8057785388747496,0.13009162995771753,1.0,0.0,0.0,1,2023-07-12,2023-07-12,2023-07-12,8.02933406829834,9.029999732971191,9.069999694824219,9.020000457763672,9.029999732971191,4262400,2023-07-12,8.02933406829834,-0.002209998441576655,0.00775200795974329,0.009890114293674923
2023-07-13,8,0.4102898382698186,0.732368626801376,0.75,0.25,0.0,1,2023-07-13,2023-07-13,2023-07-13,8.091577529907227,9.100000381469727,9.119999885559082,9.020000457763672,9.029999732971191,5409700,2023-07-13,8.091577529907227,0.00775200795974329,0.009890114293674923,-0.006528760765534658
2023-07-14,6,0.7280251830040166,0.36345494597754363,0.8333333333333334,0.0,0.16666666666666666,1,2023-07-14,2023-07-14,2023-07-14,8.17160415649414,9.1899995803833,9.25,9.09000015258789,9.100000381469727,8188700,2023-07-14,8.17160415649414,0.009890114293674923,-0.006528760765534658,-0.0032859502718673994
2023-07-17,7,0.3113352391270122,0.7761679872365767,0.7142857142857143,0.2857142857142857,0.0,1,2023-07-17,2023-07-17,2023-07-17,8.118253707885742,9.130000114440918,9.199999809265137,9.119999885559082,9.199999809265137,4152800,2023-07-17,8.118253707885742,-0.006528760765534658,-0.0032859502718673994,-0.0032967833379731193
2023-07-18,6,-0.4890636745840311,0.6932945059911924,0.16666666666666666,0.8333333333333334,0.0,1,2023-07-18,2023-07-18,2023-07-18,8.091577529907227,9.100000381469727,9.119999885559082,9.079999923706055,9.119999885559082,5893000,2023-07-18,8.091577529907227,-0.0032859502718673994,-0.0032967833379731193,0.004410132508547715
2023-07-20,5,0.4159504324197769,0.29936293313422113,0.8,0.0,0.2,1,2023-07-20,2023-07-20,2023-07-20,8.064901351928711,9.069999694824219,9.140000343322754,9.039999961853027,9.130000114440918,5774000,2023-07-20,8.064901351928711,-0.0032967833379731193,0.004410132508547715,0.03841943160296202
2023-07-21,4,0.26993766613304615,0.3114035830691609,1.0,0.0,0.0,1,2023-07-21,2023-07-21,2023-07-21,8.100468635559082,9.109999656677246,9.109999656677246,9.069999694824219,9.079999923706055,4374500,2023-07-21,8.100468635559082,0.004410132508547715,0.03841943160296202,0.0010569947246632516
2023-07-24,11,0.2920352397486568,0.4755856913161219,0.5454545454545454,0.2727272727272727,0.18181818181818182,2,2023-07-22,2023-07-24,2023-07-24,8.411684036254883,9.460000038146973,9.470000267028809,9.109999656677246,9.109999656677246,14061700,2023-07-24,8.411684036254883,0.03841943160296202,0.0010569947246632516,0.013727555216746179
2023-07-25,6,0.600928789547955,0.666682347188524,0.8333333333333334,0.16666666666666666,0.0,1,2023-07-25,2023-07-25,2023-07-25,8.420575141906738,9.470000267028809,9.5600004196167,9.359999656677246,9.40999984741211,14438700,2023-07-25,8.420575141906738,0.0010569947246632516,0.013727555216746179,0.0
2023-07-26,5,0.3811889825388789,0.3750179626686015,1.0,0.0,0.0,1,2023-07-26,2023-07-26,2023-07-26,8.536169052124023,9.600000381469727,9.600000381469727,9.40999984741211,9.40999984741211,10278100,2023-07-26,8.536169052124023,0.013727555216746179,0.0,-0.0031249643887455436
2023-07-27,8,0.6395384093339089,0.27043091494146243,0.875,0.0,0.125,1,2023-07-27,2023-07-27,2023-07-27,8.536169052124023,9.600000381469727,9.649999618530273,9.539999961853027,9.5600004196167,6249900,2023-07-27,8.536169052124023,0.0,-0.0031249643887455436,0.003134760403373349
2023-07-28,8,-0.16549001066596247,0.7956018816424392,0.375,0.5,0.125,1,2023-07-28,2023-07-28,2023-07-28,8.509493827819824,9.569999694824219,9.619999885559082,9.529999732971191,9.59000015258789,6728500,2023-07-28,8.509493827819824,-0.0031249643887455436,0.003134760403373349,-0.005208348462297674
2023-07-31,2,0.6688118278980255,0.09258594195233667,1.0,0.0,0.0,1,2023-07-31,2023-07-31,2023-07-31,8.536169052124023,9.600000381469727,9.619999885559082,9.550000190734863,9.5600004196167,10196000,2023-07-31,8.536169052124023,0.003134760403373349,-0.005208348462297674,0.002094291875420984
2023-08-01,7,0.3099832408063646,0.8004377431157782,0.5714285714285714,0.42857142857142855,0.0,1,2023-08-01,2023-08-01,2023-08-01,8.49170970916748,9.550000190734863,9.619999885559082,9.5,9.579999923706055,4034600,2023-08-01,8.49170970916748,-0.005208348462297674,0.002094291875420984,-0.0010447333481193866
2023-08-02,5,-0.32875230042263875,0.7457312936215488,0.4,0.6,0.0,1,2023-08-02,2023-08-02,2023-08-02,8.509493827819824,9.569999694824219,9.59000015258789,9.5,9.539999961853027,2437200,2023-08-02,8.509493827819824,0.002094291875420984,-0.0010447333481193866,0.004183864774546686
2023-08-03,6,-0.011617631690266231,0.7717935960605588,0.5,0.5,0.0,1,2023-08-03,2023-08-03,2023-08-03,8.500603675842285,9.5600004196167,9.579999923706055,9.5,9.5,2921000,2023-08-03,8.500603675842285,-0.0010447333481193866,0.004183864774546686,-0.004166432982356305
2023-08-04,7,0.4947570088718619,0.4305540869540397,0.7142857142857143,0.2857142857142857,0.0,1,2023-08-04,2023-08-04,2023-08-04,8.536169052124023,9.600000381469727,9.600000381469727,9.539999961853027,9.550000190734863,2740800,2023-08-04,8.536169052124023,0.004183864774546686,-0.004166432982356305,0.004183864774546686
2023-08-07,8,0.049467239645309746,0.44372662955326797,0.375,0.25,0.375,1,2023-08-07,2023-08-07,2023-08-07,8.500603675842285,9.5600004196167,9.600000381469727,9.520000457763672,9.600000381469727,1278000,2023-08-07,8.500603675842285,-0.004166432982356305,0.004183864774546686,0.004166768147104261
2023-08-08,6,0.5786068671538185,0.468898828063897,0.8333333333333334,0.16666666666666666,0.0,1,2023-08-08,2023-08-08,2023-08-08,8.536169052124023,9.600000381469727,9.649999618530273,9.520000457763672,9.569999694824219,4544000,2023-08-08,8.536169052124023,0.004183864774546686,0.004166768147104261,0.009335992251103153
2023-08-09,7,-0.024994060663240312,0.6872872078451544,0.42857142857142855,0.5714285714285714,0.0,1,2023-08-09,2023-08-09,2023-08-09,8.571737289428711,9.640000343322754,9.640000343322754,9.579999923706055,9.600000381469727,6317000,2023-08-09,8.571737289428711,0.004166768147104261,0.009335992251103153,0.007194309631437523
2023-08-10,8,0.20247942872811112,0.6332269465226339,0.5,0.375,0.125,1,2023-08-10,2023-08-10,2023-08-10,8.651762962341309,9.729999542236328,9.75,9.579999923706055,9.609999656677246,5351800,2023-08-10,8.651762962341309,0.009335992251103153,0.007194309631437523,0.0
2023-08-11,8,0.4068779969238676,0.491180207537981,0.5,0.375,0.125,1,2023-08-11,2023-08-11,2023-08-11,8.714006423950195,9.800000190734863,9.829999923706055,9.619999885559082,9.699999809265137,8819100,2023-08-11,8.714006423950195,0.007194309631437523,0.0,0.009183677713039406
2023-08-14,3,-0.02145456274350484,0.06523760732913361,0.3333333333333333,0.6666666666666666,0.0,1,2023-08-14,2023-08-14,2023-08-14,8.714006423950195,9.800000190734863,9.819999694824219,9.670000076293945,9.800000190734863,4960000,2023-08-14,8.714006423950195,0.0,0.009183677713039406,0.010111143741191597
2023-08-15,6,0.6002041970690092,0.29951115662065103,1.0,0.0,0.0,1,2023-08-15,2023-08-15,2023-08-15,8.79403305053711,9.890000343322754,9.899999618530273,9.75,9.789999961853027,4344600,2023-08-15,8.79403305053711,0.009183677713039406,0.010111143741191597,-0.004003886864376027
2023-08-16,5,0.022289895080029966,0.7586231523272845,0.4,0.6,0.0,1,2023-08-16,2023-08-16,2023-08-16,8.882950782775879,9.989999771118164,10.0,9.880000114440918,9.899999618530273,8836700,2023-08-16,8.882950782775879,0.010111143741191597,-0.004003886864376027,0.0
2023-08-17,3,0.19161455829938254,0.5385700824527017,0.6666666666666666,0.3333333333333333,0.0,1,2023-08-17,2023-08-17,2023-08-17,8.847384452819824,9.949999809265137,9.970000267028809,9.859999656677246,9.970000267028809,7645600,2023-08-17,8.847384452819824,-0.004003886864376027,0.0,0.019095401553601343
2023-08-18,5,-0.03622319493442775,0.5762579864946318,0.2,0.8,0.0,1,2023-08-18,2023-08-18,2023-08-18,8.847384452819824,9.949999809265137,9.960000038146973,9.859999656677246,9.949999809265137,3976900,2023-08-18,8.847384452819824,0.0,0.019095401553601343,-0.007889420968604122
2023-08-21,7,-0.08757146235023226,0.5753716740992261,0.2857142857142857,0.5714285714285714,0.14285714285714285,1,2023-08-21,2023-08-21,2023-08-21,9.016328811645508,10.140000343322754,10.140000343322754,9.9399995803833,9.949999809265137,15644400,2023-08-21,9.016328811645508,0.019095401553601343,-0.007889420968604122,-0.006958418894727814
2023-08-22,4,0.23721386166289454,0.620937507703314,0.75,0.25,0.0,1,2023-08-22,2023-08-22,2023-08-22,8.945195198059082,10.0600004196167,10.140000343322754,10.0,10.119999885559082,5022600,2023-08-22,8.945195198059082,-0.007889420968604122,-0.006958418894727814,0.0010009180360535108
2023-08-23,8,-0.019264776259660648,0.8463553496128569,0.375,0.5,0.125,1,2023-08-23,2023-08-23,2023-08-23,8.882950782775879,9.989999771118164,10.100000381469727,9.9399995803833,10.079999923706055,3456200,2023-08-23,8.882950782775879,-0.006958418894727814,0.0010009180360535108,-0.002999751602677514
2023-08-24,8,0.6132375531014986,0.42428181451475316,0.875,0.125,0.0,1,2023-08-24,2023-08-24,2023-08-24,8.891841888427734,10.0,10.039999961853027,9.970000267028809,9.989999771118164,4263000,2023-08-24,8.891841888427734,0.0010009180360535108,-0.002999751602677514,-0.007021233130693472
2023-08-25,8,-0.18984449387062344,0.728816950535857,0.375,0.5,0.125,1,2023-08-25,2023-08-25,2023-08-25,8.865168571472168,9.970000267028809,10.0,9.880000114440918,9.989999771118164,3079800,2023-08-25,8.865168571472168,-0.002999751602677514,-0.007021233130693472,0.002020359599958166
2023-08-28,11,0.18006079500033098,0.6289226122467406,0.5454545454545454,0.36363636363636365,0.09090909090909091,2,2023-08-26,2023-08-28,2023-08-28,8.802924156188965,9.899999618530273,9.930000305175781,9.65999984741211,9.680000305175781,10036800,2023-08-28,8.802924156188965,-0.007021233130693472,0.002020359599958166,-0.008064495203036315
2023-08-29,10,0.6442152539500967,0.4553214057146947,0.9,0.1,0.0,1,2023-08-29,2023-08-29,2023-08-29,8.820709228515625,9.920000076293945,9.989999771118164,9.729999542236328,9.829999923706055,11918100,2023-08-29,8.820709228515625,0.002020359599958166,-0.008064495203036315,0.00813006003317418
2023-08-30,4,0.28983074001735076,0.8585624394033837,0.75,0.25,0.0,1,2023-08-30,2023-08-30,2023-08-30,8.749574661254883,9.84000015258789,9.949999809265137,9.84000015258789,9.920000076293945,11325600,2023-08-30,8.749574661254883,-0.008064495203036315,0.00813006003317418,-0.0020162859772278052
2023-09-01,4,0.5493835173547268,0.2754711250985281,1.0,0.0,0.0,1,2023-09-01,2023-09-01,2023-09-01,8.820709228515625,9.920000076293945,9.920000076293945,9.84000015258789,9.899999618530273,7359700,2023-09-01,8.820709228515625,0.00813006003317418,-0.0020162859772278052,0.0010101256319379193
2023-09-04,8,0.4848686887708027,0.6033730234203685,0.625,0.25,0.125,1,2023-09-04,2023-09-04,2023-09-04,8.802924156188965,9.899999618530273,9.949999809265137,9.880000114440918,9.899999618530273,3454600,2023-09-04,8.802924156188965,-0.0020162859772278052,0.0010101256319379193,0.005045531538955261
2023-09-05,7,-0.14335894185517514,0.6494155069735316,0.2857142857142857,0.5714285714285714,0.14285714285714285,1,2023-09-05,2023-09-05,2023-09-05,8.811816215515137,9.90999984741211,9.930000305175781,9.859999656677246,9.899999618530273,8749800,2023-09-05,8.811816215515137,0.0010101256319379193,0.005045531538955261,-0.009036255829577566
2023-09-06,6,0.3689146265387535,0.526038288964975,0.6666666666666666,0.16666666666666666,0.16666666666666666,1,2023-09-06,2023-09-06,2023-09-06,8.856276512145996,9.960000038146973,10.0,9.920000076293945,9.930000305175781,6120400,2023-09-06,8.856276512145996,0.005045531538955261,-0.009036255829577566,-0.0010131958875808644
2023-09-07,7,-0.16141674228544747,0.6296594268044247,0.2857142857142857,0.7142857142857143,0.0,1,2023-09-07,2023-09-07,2023-09-07,8.776248931884766,9.869999885559082,9.979999542236328,9.859999656677246,9.970000267028809,7136200,2023-09-07,8.776248931884766,-0.009036255829577566,-0.0010131958875808644,0.003042670483964338
2023-09-08,8,-0.2309074629447423,0.5276074173507251,0.125,0.75,0.125,1,2023-09-08,2023-09-08,2023-09-08,8.767356872558594,9.859999656677246,9.899999618530273,9.850000381469727,9.890000343322754,2492000,2023-09-08,8.767356872558594,-0.0010131958875808644,0.003042670483964338,-0.005055517647788554
2023-09-12,3,-0.5571982593586048,0.2564377593678829,0.0,1.0,0.0,1,2023-09-12,2023-09-12,2023-09-12,8.749574661254883,9.84000015258789,9.899999618530273,9.829999923706055,9.890000343322754,4465400,2023-09-12,8.749574661254883,-0.005055517647788554,0.011178805296452321,0.0020100990012563713
2023-09-13,5,0.3523249415215105,0.571220914489778,0.8,0.2,0.0,1,2023-09-13,2023-09-13,2023-09-13,8.847384452819824,9.949999809265137,9.970000267028809,9.8100004196167,9.850000381469727,4521500,2023-09-13,8.847384452819824,0.011178805296452321,0.0020100990012563713,0.009027084588604017
2023-09-14,5,0.46244060173630713,0.3901631226518234,0.8,0.0,0.2,1,2023-09-14,2023-09-14,2023-09-14,8.865168571472168,9.970000267028809,10.0,9.9399995803833,9.960000038146973,8215700,2023-09-14,8.865168571472168,0.0020100990012563713,0.009027084588604017,0.0079521588977578
2023-09-15,3,0.3850971404463053,0.814344494879814,0.6666666666666666,0.3333333333333333,0.0,1,2023-09-15,2023-09-15,2023-09-15,8.945195198059082,10.0600004196167,10.15999984741211,9.979999542236328,9.989999771118164,27495800,2023-09-15,8.945195198059082,0.009027084588604017,0.0079521588977578,0.0
2023-09-18,4,-0.46450846269726753,0.32247042806961845,0.25,0.75,0.0,1,2023-09-18,2023-09-18,2023-09-18,9.016328811645508,10.140000343322754,10.15999984741211,10.020000457763672,10.0600004196167,6913500,2023-09-18,9.016328811645508,0.0079521588977578,0.0,-0.0019723287991736393
2023-09-19,3,-0.023778868218263027,0.8622692066386298,0.3333333333333333,0.6666666666666666,0.0,1,2023-09-19,2023-09-19,2023-09-19,9.016328811645508,10.140000343322754,10.15999984741211,10.039999961853027,10.100000381469727,4995600,2023-09-19,9.016328811645508,0.0,-0.0019723287991736393,-0.005928785684179538
2023-09-20,6,-0.5069452337920666,0.6519309572771226,0.16666666666666666,0.8333333333333334,0.0,1,2023-09-20,2023-09-20,2023-09-20,8.99854564666748,10.119999885559082,10.199999809265137,10.0600004196167,10.119999885559082,5877700,2023-09-20,8.99854564666748,-0.0019723287991736393,-0.005928785684179538,0.009940278581965778
2023-09-21,8,0.24454132723622024,0.8172707014180948,0.625,0.375,0.0,1,2023-09-21,2023-09-21,2023-09-21,8.945195198059082,10.0600004196167,10.15999984741211,10.020000457763672,10.119999885559082,3440700,2023-09-21,8.945195198059082,-0.005928785684179538,0.009940278581965778,-0.001968551731592938
2023-09-22,6,-0.20177427073940635,0.5845076853562944,0.3333333333333333,0.6666666666666666,0.0,1,2023-09-22,2023-09-22,2023-09-22,9.034112930297852,10.15999984741211,10.15999984741211,10.020000457763672,10.039999961853027,3724000,2023-09-22,9.034112930297852,0.009940278581965778,-0.001968551731592938,-0.0019723287991736393
2023-09-25,6,-0.06537046741383773,0.8337450746578663,0.3333333333333333,0.6666666666666666,0.0,1,2023-09-25,2023-09-25,2023-09-25,9.016328811645508,10.140000343322754,10.15999984741211,10.0600004196167,10.15999984741211,3425800,2023-09-25,9.016328811645508,-0.001968551731592938,-0.0019723287991736393,0.008048298481325045
2023-09-26,10,0.3900990086141974,0.4410211847680724,0.8,0.1,0.1,1,2023-09-26,2023-09-26,2023-09-26,8.99854564666748,10.119999885559082,10.140000343322754,10.079999923706055,10.119999885559082,4480400,2023-09-26,8.99854564666748,-0.0019723287991736393,0.008048298481325045,-0.002994028344337485
2023-09-27,4,-0.48458800651133066,0.2509494124190726,0.0,1.0,0.0,1,2023-09-27,2023-09-27,2023-09-27,9.070968627929688,10.020000457763672,10.039999961853027,9.850000381469727,9.899999618530273,6690600,2023-09-27,9.070968627929688,0.008048298481325045,-0.002994028344337485,-0.009009163859750036
2023-09-29,6,0.21737411843302357,0.5627545177447593,0.6666666666666666,0.3333333333333333,0.0,1,2023-09-29,2023-09-29,2023-09-29,9.04380989074707,9.989999771118164,10.020000457763672,9.899999618530273,9.989999771118164,4966800,2023-09-29,9.04380989074707,-0.002994028344337485,-0.009009163859750036,0.007070888826154809
2023-10-02,7,-0.018999970784144744,0.6013164405878894,0.2857142857142857,0.5714285714285714,0.14285714285714285,1,2023-10-02,2023-10-02,2023-10-02,8.962332725524902,9.899999618530273,9.960000038146973,9.859999656677246,9.930000305175781,2494000,2023-10-02,8.962332725524902,-0.009009163859750036,0.007070888826154809,-0.0010030497233926017
2023-10-03,5,-0.02472021421417598,0.6516416195840642,0.4,0.6,0.0,1,2023-10-03,2023-10-03,2023-10-03,9.025704383850098,9.970000267028809,10.0,9.850000381469727,9.899999618530273,2768600,2023-10-03,9.025704383850098,0.007070888826154809,-0.0010030497233926017,0.0
2023-10-04,4,-0.46631826926022774,0.4877114950581306,0.25,0.75,0.0,1,2023-10-04,2023-10-04,2023-10-04,9.016651153564453,9.960000038146973,9.970000267028809,9.859999656677246,9.949999809265137,3061000,2023-10-04,9.016651153564453,-0.0010030497233926017,0.0,0.006024129517727017
2023-10-05,3,0.3791034387735029,0.565478631769439,0.6666666666666666,0.3333333333333333,0.0,1,2023-10-05,2023-10-05,2023-10-05,9.016651153564453,9.960000038146973,9.989999771118164,9.899999618530273,9.930000305175781,2983900,2023-10-05,9.016651153564453,0.0,0.006024129517727017,-0.004990012195634774
2023-10-06,4,0.07739243283867837,0.3488072808501374,0.75,0.25,0.0,1,2023-10-06,2023-10-06,2023-10-06,9.070968627929688,10.020000457763672,10.020000457763672,9.949999809265137,9.960000038146973,1921800,2023-10-06,9.070968627929688,0.006024129517727017,-0.004990012195634774,0.0
2023-10-09,9,0.4263639714465373,0.5348743977081843,0.6666666666666666,0.2222222222222222,0.1111111111111111,1,2023-10-09,2023-10-09,2023-10-09,9.025704383850098,9.970000267028809,10.0,9.9399995803833,10.0,1172100,2023-10-09,9.025704383850098,-0.004990012195634774,0.0,0.0020059937847476395
2023-10-10,6,0.3144581237186988,0.7028169649456981,0.5,0.16666666666666666,0.3333333333333333,1,2023-10-10,2023-10-10,2023-10-10,9.025704383850098,9.970000267028809,9.989999771118164,9.9399995803833,9.949999809265137,1904300,2023-10-10,9.025704383850098,0.0,0.0020059937847476395,0.001000830739075198
2023-10-11,7,0.4215128217557712,0.5190780294676237,0.8571428571428571,0.14285714285714285,0.0,1,2023-10-11,2023-10-11,2023-10-11,9.04380989074707,9.989999771118164,10.020000457763672,9.979999542236328,9.989999771118164,2923900,2023-10-11,9.04380989074707,0.0020059937847476395,0.001000830739075198,0.0020001868821577506
2023-10-12,5,0.7670608717016876,0.16237862333499206,1.0,0.0,0.0,1,2023-10-12,2023-10-12,2023-10-12,9.052861213684082,10.0,10.079999923706055,9.979999542236328,10.0,3662800,2023-10-12,9.052861213684082,0.001000830739075198,0.0020001868821577506,-0.006985996046932175
2023-10-13,7,0.13420863768884114,0.5296645559807273,0.42857142857142855,0.5714285714285714,0.0,1,2023-10-13,2023-10-13,2023-10-13,9.070968627929688,10.020000457763672,10.020000457763672,9.970000267028809,9.970000267028809,968700,2023-10-13,9.070968627929688,0.0020001868821577506,-0.006985996046932175,0.003014774140214893
2023-10-16,6,0.46737398447779316,0.6543611100617821,0.6666666666666666,0.3333333333333333,0.0,1,2023-10-16,2023-10-16,2023-10-16,9.007598876953125,9.949999809265137,10.039999961853027,9.949999809265137,9.989999771118164,5001800,2023-10-16,9.007598876953125,-0.006985996046932175,0.003014774140214893,0.0040082853167007215
2023-10-17,4,0.5616205697879195,0.24430550032402615,1.0,0.0,0.0,1,2023-10-17,2023-10-17,2023-10-17,9.034754753112793,9.979999542236328,10.020000457763672,9.970000267028809,9.979999542236328,10157000,2023-10-17,9.034754753112793,0.003014774140214893,0.0040082853167007215,-0.003992283106943106
2023-10-18,4,-0.32331351842731243,0.46760588466882574,0.25,0.75,0.0,1,2023-10-18,2023-10-18,2023-10-18,9.070968627929688,10.020000457763672,10.039999961853027,9.970000267028809,9.979999542236328,11330100,2023-10-18,9.070968627929688,0.0040082853167007215,-0.003992283106943106,-0.016031769036294108
2023-10-19,7,-0.1106822448782623,0.7444326249570016,0.2857142857142857,0.5714285714285714,0.14285714285714285,1,2023-10-19,2023-10-19,2023-10-19,9.034754753112793,9.979999542236328,10.020000457763672,9.949999809265137,9.970000267028809,3591300,2023-10-19,9.034754753112793,-0.003992283106943106,-0.016031769036294108,0.0030548991455250363
2023-10-20,8,-0.3614453194895759,0.5526089998850319,0.125,0.75,0.125,1,2023-10-20,2023-10-20,2023-10-20,8.889911651611328,9.819999694824219,9.989999771118164,9.8100004196167,9.960000038146973,10940000,2023-10-20,8.889911651611328,-0.016031769036294108,0.0030548991455250363,0.0
2023-10-23,5,-0.17889973074197768,0.5219093820868481,0.2,0.8,0.0,1,2023-10-23,2023-10-23,2023-10-23,8.917069435119629,9.850000381469727,9.930000305175781,9.770000457763672,9.829999923706055,3642900,2023-10-23,8.917069435119629,0.0030548991455250363,0.0,0.0030455951594747788
2023-10-24,7,0.08434816097308484,0.48734381698820334,0.5714285714285714,0.42857142857142855,0.0,1,2023-10-24,2023-10-24,2023-10-24,8.917069435119629,9.850000381469727,9.899999618530273,9.800000190734863,9.850000381469727,3588300,2023-10-24,8.917069435119629,0.0,0.0030455951594747788,0.001012293598837033
2023-10-25,7,0.581597310989829,0.5903382819267906,0.8571428571428571,0.14285714285714285,0.0,1,2023-10-25,2023-10-25,2023-10-25,8.94422721862793,9.880000114440918,9.899999618530273,9.850000381469727,9.850000381469727,3106000,2023-10-25,8.94422721862793,0.0030455951594747788,0.001012293598837033,-0.00202232676011449
2023-10-26,6,0.0745235182500134,0.5961917323102395,0.5,0.3333333333333333,0.16666666666666666,1,2023-10-26,2023-10-26,2023-10-26,8.95328140258789,9.890000343322754,9.899999618530273,9.850000381469727,9.880000114440918,2391500,2023-10-26,8.95328140258789,0.001012293598837033,-0.00202232676011449,-0.001013212426661414
2023-10-27,5,0.489210544526577,0.4327221631481348,0.8,0.2,0.0,1,2023-10-27,2023-10-27,2023-10-27,8.935174942016602,9.869999885559082,9.890000343322754,9.850000381469727,9.869999885559082,2047800,2023-10-27,8.935174942016602,-0.00202232676011449,-0.001013212426661414,0.004056746587530302
2023-10-30,4,-0.14863842504564675,0.802336840416173,0.25,0.75,0.0,1,2023-10-30,2023-10-30,2023-10-30,8.926121711730957,9.859999656677246,9.859999656677246,9.8100004196167,9.84000015258789,2623900,2023-10-30,8.926121711730957,-0.001013212426661414,0.004056746587530302,-0.0050503916548827466
2023-10-31,6,0.18755078129470348,0.2127743389492092,0.5,0.16666666666666666,0.3333333333333333,1,2023-10-31,2023-10-31,2023-10-31,8.962332725524902,9.899999618530273,9.899999618530273,9.850000381469727,9.859999656677246,1704700,2023-10-31,8.962332725524902,0.004056746587530302,-0.0050503916548827466,0.005076027582223919
2023-11-01,1,0.039316335693001705,0.0,0.0,0.0,1.0,1,2023-11-01,2023-11-01,2023-11-01,8.917069435119629,9.850000381469727,9.890000343322754,9.84000015258789,9.869999885559082,2065400,2023-11-01,8.917069435119629,-0.0050503916548827466,0.005076027582223919,0.007070888826154809
2023-11-02,5,0.5755663901567459,0.48793872458221954,0.8,0.0,0.2,1,2023-11-02,2023-11-02,2023-11-02,8.962332725524902,9.899999618530273,9.899999618530273,9.850000381469727,9.859999656677246,1799500,2023-11-02,8.962332725524902,0.005076027582223919,0.007070888826154809,0.0030088321840648913
2023-11-03,3,0.8043321197231611,0.23348214257376004,1.0,0.0,0.0,1,2023-11-03,2023-11-03,2023-11-03,9.025704383850098,9.970000267028809,9.989999771118164,9.859999656677246,9.869999885559082,3208000,2023-11-03,9.025704383850098,0.007070888826154809,0.0030088321840648913,-0.004999782462426272
2023-11-06,4,0.6395370149984957,0.3281187461020388,1.0,0.0,0.0,1,2023-11-06,2023-11-06,2023-11-06,9.052861213684082,10.0,10.0,9.9399995803833,9.979999542236328,3263700,2023-11-06,9.052861213684082,0.0030088321840648913,-0.004999782462426272,-0.0030150917634782504
2023-11-07,4,-0.12536874413490295,0.6235828924722366,0.5,0.5,0.0,1,2023-11-07,2023-11-07,2023-11-07,9.007598876953125,9.949999809265137,9.989999771118164,9.90999984741211,9.989999771118164,1784300,2023-11-07,9.007598876953125,-0.004999782462426272,-0.0030150917634782504,-0.0020163170138416397
2023-11-08,1,0.8445783839561046,0.0,1.0,0.0,0.0,1,2023-11-08,2023-11-08,2023-11-08,8.980440139770508,9.920000076293945,9.949999809265137,9.880000114440918,9.949999809265137,1345500,2023-11-08,8.980440139770508,-0.0030150917634782504,-0.0020163170138416397,0.0020203907621099138
2023-11-09,6,-0.025610411694894197,0.6775607807190492,0.3333333333333333,0.5,0.16666666666666666,1,2023-11-09,2023-11-09,2023-11-09,8.962332725524902,9.899999618530273,9.920000076293945,9.880000114440918,9.920000076293945,1594000,2023-11-09,8.962332725524902,-0.0020163170138416397,0.0020203907621099138,0.005040314658870004
2023-11-10,5,0.08220526026561858,0.6150766558435001,0.6,0.4,0.0,1,2023-11-10,2023-11-10,2023-11-10,8.980440139770508,9.920000076293945,9.920000076293945,9.880000114440918,9.920000076293945,1149800,2023-11-10,8.980440139770508,0.0020203907621099138,0.005040314658870004,0.0030088321840648913
2023-11-14,2,-0.17547168000601232,1.078542587340974,0.5,0.5,0.0,2,2023-11-13,2023-11-14,2023-11-14,9.025704383850098,9.970000267028809,9.970000267028809,9.890000343322754,9.920000076293945,1531200,2023-11-14,9.025704383850098,0.005040314658870004,0.0030088321840648913,-0.0009998300783988778
2023-11-15,1,0.8694991688244045,0.0,1.0,0.0,0.0,1,2023-11-15,2023-11-15,2023-11-15,9.052861213684082,10.0,10.0,9.899999618530273,9.979999542236328,2780700,2023-11-15,9.052861213684082,0.0030088321840648913,-0.0009998300783988778,-0.003003019469748458
2023-11-16,2,-0.310029499232769,0.39017987649634733,0.0,1.0,0.0,1,2023-11-16,2023-11-16,2023-11-16,9.04380989074707,9.989999771118164,10.0,9.930000305175781,10.0,1346200,2023-11-16,9.04380989074707,-0.0009998300783988778,-0.003003019469748458,0.001004056842330625
2023-11-17,5,-0.6196737743914127,0.29053960234558435,0.0,1.0,0.0,1,2023-11-17,2023-11-17,2023-11-17,9.016651153564453,9.960000038146973,9.989999771118164,9.930000305175781,9.949999809265137,1667600,2023-11-17,9.016651153564453,-0.003003019469748458,0.001004056842330625,0.005015037292887881
2023-11-20,9,0.14817280653450224,0.6396829396686466,0.5555555555555556,0.3333333333333333,0.1111111111111111,1,2023-11-20,2023-11-20,2023-11-20,9.025704383850098,9.970000267028809,9.970000267028809,9.930000305175781,9.960000038146973,785600,2023-11-20,9.025704383850098,0.001004056842330625,0.005015037292887881,-0.003992283106943106
2023-11-21,6,0.5104861659929156,0.5071160252584107,0.6666666666666666,0.3333333333333333,0.0,1,2023-11-21,2023-11-21,2023-11-21,9.070968627929688,10.020000457763672,10.020000457763672,9.949999809265137,9.970000267028809,2027900,2023-11-21,9.070968627929688,0.005015037292887881,-0.003992283106943106,0.0040082853167007215
2023-11-22,6,-0.723167280976971,0.1955209507618427,0.0,1.0,0.0,1,2023-11-22,2023-11-22,2023-11-22,9.034754753112793,9.979999542236328,10.0,9.949999809265137,10.0,802600,2023-11-22,9.034754753112793,-0.003992283106943106,0.0040082853167007215,-0.0019961941208629375
2023-11-23,5,0.2777576986700297,0.47671192348071423,0.6,0.4,0.0,1,2023-11-23,2023-11-23,2023-11-23,9.070968627929688,10.020000457763672,10.039999961853027,9.970000267028809,9.979999542236328,1657300,2023-11-23,9.070968627929688,0.0040082853167007215,-0.0019961941208629375,-0.0159998095361098
2023-11-24,8,-0.10165688558481634,0.5906033700214119,0.625,0.375,0.0,1,2023-11-24,2023-11-24,2023-11-24,9.052861213684082,10.0,10.020000457763672,9.979999542236328,9.979999542236328,1363300,2023-11-24,9.052861213684082,-0.0019961941208629375,-0.0159998095361098,0.005081292870698695
2023-11-27,8,-0.07355538016417994,0.7360510891892048,0.375,0.5,0.125,2,2023-11-25,2023-11-27,2023-11-27,8.9080171585083,9.84000015258789,9.979999542236328,9.8100004196167,9.979999542236328,2866700,2023-11-27,8.9080171585083,-0.0159998095361098,0.005081292870698695,-0.0010112698967937872
2023-11-29,4,-0.35441324714338407,0.8836990102985421,0.25,0.75,0.0,1,2023-11-29,2023-11-29,2023-11-29,8.94422721862793,9.880000114440918,9.9399995803833,9.850000381469727,9.850000381469727,4871200,2023-11-29,8.94422721862793,-0.0010112698967937872,0.011133736843328634,0.003003019469748569
2023-11-30,5,-0.270899473503232,0.5835729112923334,0.2,0.6,0.2,1,2023-11-30,2023-11-30,2023-11-30,9.04380989074707,9.989999771118164,10.0,9.829999923706055,9.850000381469727,7813200,2023-11-30,9.04380989074707,0.011133736843328634,0.003003019469748569,-0.003992283106943106
2023-12-01,4,0.18526410288177436,0.8706387415058694,0.5,0.5,0.0,1,2023-12-01,2023-12-01,2023-12-01,9.070968627929688,10.020000457763672,10.039999961853027,9.899999618530273,9.930000305175781,3653400,2023-12-01,9.070968627929688,0.003003019469748569,-0.003992283106943106,-0.0010017282715479858
2023-12-04,10,0.1338396011851728,0.6689423888002135,0.4,0.4,0.2,2,2023-12-02,2023-12-04,2023-12-04,9.034754753112793,9.979999542236328,10.039999961853027,9.880000114440918,10.0,3537200,2023-12-04,9.034754753112793,-0.003992283106943106,-0.0010017282715479858,0.0020059937847476395
2023-12-05,4,-0.4478893626946956,0.4077569481511829,0.0,0.75,0.25,1,2023-12-05,2023-12-05,2023-12-05,9.025704383850098,9.970000267028809,9.989999771118164,9.890000343322754,9.979999542236328,3817200,2023-12-05,9.025704383850098,-0.0010017282715479858,0.0020059937847476395,-0.009009163859750036
2023-12-06,2,-0.8038485646247864,0.12531486642922887,0.0,1.0,0.0,1,2023-12-06,2023-12-06,2023-12-06,9.04380989074707,9.989999771118164,10.0,9.930000305175781,9.930000305175781,3269100,2023-12-06,9.04380989074707,0.0020059937847476395,-0.009009163859750036,0.0010101421764738827
2023-12-07,6,0.42670301844676334,0.6451543989003772,0.6666666666666666,0.16666666666666666,0.16666666666666666,1,2023-12-07,2023-12-07,2023-12-07,8.962332725524902,9.899999618530273,9.989999771118164,9.880000114440918,9.989999771118164,3227000,2023-12-07,8.962332725524902,-0.009009163859750036,0.0010101421764738827,0.0
2023-12-08,2,0.5921348333358766,0.035437786724384385,1.0,0.0,0.0,1,2023-12-08,2023-12-08,2023-12-08,8.971385955810547,9.90999984741211,9.979999542236328,9.890000343322754,9.90999984741211,2331400,2023-12-08,8.971385955810547,0.0010101421764738827,0.0,0.0020183519396885785
2023-12-11,4,0.2647453621029854,0.20097639510955218,1.0,0.0,0.0,1,2023-12-11,2023-12-11,2023-12-11,8.971385955810547,9.90999984741211,9.930000305175781,9.850000381469727,9.899999618530273,2868500,2023-12-11,8.971385955810547,0.0,0.0020183519396885785,-0.005035450782911011
2023-12-12,6,0.43838666022444767,0.6272524337975399,0.6666666666666666,0.16666666666666666,0.16666666666666666,1,2023-12-12,2023-12-12,2023-12-12,8.989493370056152,9.930000305175781,9.960000038146973,9.859999656677246,9.899999618530273,3682300,2023-12-12,8.989493370056152,0.0020183519396885785,-0.005035450782911011,0.009109469519342772
2023-12-13,7,0.329687707791371,0.5300733954410256,0.7142857142857143,0.2857142857142857,0.0,1,2023-12-13,2023-12-13,2023-12-13,8.94422721862793,9.880000114440918,9.899999618530273,9.859999656677246,9.899999618530273,3511500,2023-12-13,8.94422721862793,-0.005035450782911011,0.009109469519342772,-0.0020059937847476395
2023-12-14,7,0.20099619310349226,0.557408641022786,0.5714285714285714,0.14285714285714285,0.2857142857142857,1,2023-12-14,2023-12-14,2023-12-14,9.025704383850098,9.970000267028809,9.979999542236328,9.859999656677246,9.890000343322754,3460100,2023-12-14,9.025704383850098,0.009109469519342772,-0.0020059937847476395,0.004020051768356847
2023-12-15,7,0.5131656834190446,0.4358528508184654,0.7142857142857143,0.2857142857142857,0.0,1,2023-12-15,2023-12-15,2023-12-15,9.007598876953125,9.949999809265137,9.989999771118164,9.899999618530273,9.930000305175781,8308200,2023-12-15,9.007598876953125,-0.0020059937847476395,0.004020051768356847,0.001000830739075198
2023-12-18,6,0.5718581068019073,0.38002573545650004,1.0,0.0,0.0,1,2023-12-18,2023-12-18,2023-12-18,9.04380989074707,9.989999771118164,10.0,9.880000114440918,9.9399995803833,4606100,2023-12-18,9.04380989074707,0.004020051768356847,0.001000830739075198,0.0
2023-12-19,3,0.005188544591267885,0.24284091963819657,0.6666666666666666,0.3333333333333333,0.0,1,2023-12-19,2023-12-19,2023-12-19,9.052861213684082,10.0,10.0,9.9399995803833,9.989999771118164,2894800,2023-12-19,9.052861213684082,0.001000830739075198,0.0,0.0
2023-12-20,5,0.31947924215346574,0.49800436069891,0.6,0.4,0.0,1,2023-12-20,2023-12-20,2023-12-20,9.052861213684082,10.0,10.0,9.960000038146973,9.989999771118164,2949600,2023-12-20,9.052861213684082,0.0,0.0,-0.0009998300783988778
2023-12-21,3,0.014195881473521355,0.7759228953342883,0.6666666666666666,0.3333333333333333,0.0,1,2023-12-21,2023-12-21,2023-12-21,9.052861213684082,10.0,10.020000457763672,9.9399995803833,9.970000267028809,5981800,2023-12-21,9.052861213684082,0.0,-0.0009998300783988778,0.001000830739075198
2023-12-22,7,-0.2310453818312713,0.4600534864049134,0.2857142857142857,0.5714285714285714,0.14285714285714285,1,2023-12-22,2023-12-22,2023-12-22,9.04380989074707,9.989999771118164,10.0,9.90999984741211,9.979999542236328,3343000,2023-12-22,9.04380989074707,-0.0009998300783988778,0.001000830739075198,0.0
2023-12-26,8,-0.3447440635645762,0.534472236961526,0.25,0.625,0.125,2,2023-12-23,2023-12-26,2023-12-26,9.052861213684082,10.0,10.020000457763672,9.960000038146973,9.989999771118164,3434900,2023-12-26,9.052861213684082,0.001000830739075198,0.0,0.0
2023-12-27,2,-0.0418822206556797,0.9313649622455796,0.5,0.5,0.0,1,2023-12-27,2023-12-27,2023-12-27,9.052861213684082,10.0,10.020000457763672,9.960000038146973,10.0,2756300,2023-12-27,9.052861213684082,0.0,0.0,0.004000163074171503
2023-12-28,7,0.4488900609846626,0.5535774008317024,0.8571428571428571,0.14285714285714285,0.0,1,2023-12-28,2023-12-28,2023-12-28,9.052861213684082,10.0,10.020000457763672,9.960000038146973,9.989999771118164,2489100,2023-12-28,9.052861213684082,0.0,0.004000163074171503,-0.0059763382835366086
2023-12-29,8,-0.1709317144704983,0.7689266671698743,0.5,0.5,0.0,1,2023-12-29,2023-12-29,2023-12-29,9.08907413482666,10.039999961853027,10.100000381469727,9.989999771118164,9.989999771118164,3002900,2023-12-29,9.08907413482666,0.004000163074171503,-0.0059763382835366086,0.008016359521015648
2024-01-02,3,-0.471817284822464,0.41357318218599143,0.3333333333333333,0.6666666666666666,0.0,1,2024-01-02,2024-01-02,2024-01-02,9.034754753112793,9.979999542236328,10.020000457763672,9.9399995803833,10.0,1773800,2024-01-02,9.034754753112793,-0.0059763382835366086,0.008016359521015648,0.03578527244836449
2024-01-03,3,-0.4011406811575095,0.6227854698405597,0.3333333333333333,0.6666666666666666,0.0,1,2024-01-03,2024-01-03,2024-01-03,9.10718059539795,10.0600004196167,10.100000381469727,9.9399995803833,9.979999542236328,2970000,2024-01-03,9.10718059539795,0.008016359521015648,0.03578527244836449,0.007677450043245049
2024-01-04,4,0.576075576711446,0.675065101176701,0.75,0.25,0.0,1,2024-01-04,2024-01-04,2024-01-04,9.433083534240723,10.420000076293945,10.4399995803833,10.020000457763672,10.0600004196167,9776100,2024-01-04,9.433083534240723,0.03578527244836449,0.007677450043245049,0.0038094779450088545
2024-01-05,4,0.05410216085147115,0.3538796180469213,0.25,0.5,0.25,1,2024-01-05,2024-01-05,2024-01-05,9.505505561828613,10.5,10.5,10.300000190734863,10.319999694824219,6775400,2024-01-05,9.505505561828613,0.007677450043245049,0.0038094779450088545,0.0018976103961783064
2024-01-08,9,0.4192203658943375,0.42461219881532314,0.6666666666666666,0.2222222222222222,0.1111111111111111,1,2024-01-08,2024-01-08,2024-01-08,9.541716575622559,10.539999961853027,10.600000381469727,10.460000038146973,10.479999542236328,7657300,2024-01-08,9.541716575622559,0.0038094779450088545,0.0018976103961783064,-0.007575965406120599
2024-01-09,7,0.4266149337802615,0.4361100004137528,0.7142857142857143,0.2857142857142857,0.0,1,2024-01-09,2024-01-09,2024-01-09,9.559823036193848,10.5600004196167,10.579999923706055,10.479999542236328,10.520000457763672,6073600,2024-01-09,9.559823036193848,0.0018976103961783064,-0.007575965406120599,-0.003816648100602116
2024-01-10,5,-0.6783870417624712,0.24886302238448904,0.0,1.0,0.0,1,2024-01-10,2024-01-10,2024-01-10,9.487398147583008,10.479999542236328,10.579999923706055,10.399999618530273,10.5,5936300,2024-01-10,9.487398147583008,-0.007575965406120599,-0.003816648100602116,-0.009578429044803882
2024-01-11,4,-0.2614953136071563,0.622493251619855,0.25,0.75,0.0,1,2024-01-11,2024-01-11,2024-01-11,9.451188087463379,10.4399995803833,10.5,10.399999618530273,10.399999618530273,2714600,2024-01-11,9.451188087463379,-0.003816648100602116,-0.009578429044803882,0.015473802092311528
2024-01-12,7,0.5812621055436987,0.44590804113092647,0.8571428571428571,0.0,0.14285714285714285,1,2024-01-12,2024-01-12,2024-01-12,9.360660552978516,10.34000015258789,10.460000038146973,10.199999809265137,10.4399995803833,4135200,2024-01-12,9.360660552978516,-0.009578429044803882,0.015473802092311528,-0.0038094779450088545
2024-01-15,5,0.4652743138372898,0.3161449429717919,1.0,0.0,0.0,1,2024-01-15,2024-01-15,2024-01-15,9.505505561828613,10.5,10.539999961853027,10.260000228881836,10.260000228881836,3838600,2024-01-15,9.505505561828613,0.015473802092311528,-0.0038094779450088545,-0.0019121234934070808
2024-01-16,4,-0.18422256549820304,0.5651859735904363,0.25,0.75,0.0,1,2024-01-16,2024-01-16,2024-01-16,9.469294548034668,10.460000038146973,10.5,10.399999618530273,10.5,1722400,2024-01-16,9.469294548034668,-0.0038094779450088545,-0.0019121234934070808,-0.007662844141073988
2024-01-17,5,0.009472733829170465,0.6734341268131617,0.6,0.4,0.0,1,2024-01-17,2024-01-17,2024-01-17,9.451188087463379,10.4399995803833,10.460000038146973,10.319999694824219,10.380000114440918,4752600,2024-01-17,9.451188087463379,-0.0019121234934070808,-0.007662844141073988,0.007722016751898542
2024-01-18,9,-0.32557038492005735,0.8148547689584316,0.3333333333333333,0.6666666666666666,0.0,1,2024-01-18,2024-01-18,2024-01-18,9.378765106201172,10.359999656677246,10.460000038146973,10.220000267028809,10.319999694824219,6781100,2024-01-18,9.378765106201172,-0.007662844141073988,0.007722016751898542,0.0038312707126906265
2024-01-19,6,0.34085865567127865,0.7079570795799572,0.6666666666666666,0.3333333333333333,0.0,1,2024-01-19,2024-01-19,2024-01-19,9.451188087463379,10.4399995803833,10.4399995803833,10.279999732971191,10.279999732971191,3478300,2024-01-19,9.451188087463379,0.007722016751898542,0.0038312707126906265,0.0019085753505789782
2024-01-22,4,0.49541682191193115,0.4289761509488776,0.75,0.25,0.0,1,2024-01-22,2024-01-22,2024-01-22,9.487398147583008,10.479999542236328,10.539999961853027,10.380000114440918,10.399999618530273,5135800,2024-01-22,9.487398147583008,0.0038312707126906265,0.0019085753505789782,0.001904839301130945
2024-01-23,9,0.7028375112244654,0.32220070848298593,0.8888888888888888,0.1111111111111111,0.0,1,2024-01-23,2024-01-23,2024-01-23,9.505505561828613,10.5,10.5,10.380000114440918,10.479999542236328,4331800,2024-01-23,9.505505561828613,0.0019085753505789782,0.001904839301130945,0.0019010175110110161
2024-01-24,6,0.46016183805962413,0.40819825125028425,0.8333333333333334,0.16666666666666666,0.0,1,2024-01-24,2024-01-24,2024-01-24,9.523612022399902,10.520000457763672,10.520000457763672,10.399999618530273,10.420000076293945,2680500,2024-01-24,9.523612022399902,0.001904839301130945,0.0019010175110110161,-0.0037950208966024412
2024-01-26,8,0.3914466243586503,0.4590444821475392,0.625,0.25,0.125,1,2024-01-26,2024-01-26,2024-01-26,9.541716575622559,10.539999961853027,10.600000381469727,10.479999542236328,10.5,6471900,2024-01-26,9.541716575622559,0.0019010175110110161,-0.0037950208966024412,-0.0019049396297572407
2024-01-29,9,0.8234666627573056,0.27804398130580205,1.0,0.0,0.0,1,2024-01-29,2024-01-29,2024-01-29,9.505505561828613,10.5,10.5600004196167,10.399999618530273,10.539999961853027,3646200,2024-01-29,9.505505561828613,-0.0037950208966024412,-0.0019049396297572407,0.022901094844946623
2024-01-30,6,0.49658890456582117,0.5413835382658845,0.6666666666666666,0.3333333333333333,0.0,1,2024-01-30,2024-01-30,2024-01-30,9.487398147583008,10.479999542236328,10.5600004196167,10.460000038146973,10.460000038146973,3797400,2024-01-30,9.487398147583008,-0.0019049396297572407,0.022901094844946623,0.01305944408477755
2024-01-31,9,0.2564659907172124,0.47226983236916625,0.5555555555555556,0.3333333333333333,0.1111111111111111,1,2024-01-31,2024-01-31,2024-01-31,9.704669952392578,10.720000267028809,10.779999732971191,10.460000038146973,10.460000038146973,7701300,2024-01-31,9.704669952392578,0.022901094844946623,0.01305944408477755,-0.011049688921637046
2024-02-02,8,0.02444855938665569,0.6548956763813832,0.375,0.625,0.0,1,2024-02-02,2024-02-02,2024-02-02,9.83140754699707,10.859999656677246,10.859999656677246,10.619999885559082,10.619999885559082,5845600,2024-02-02,9.83140754699707,0.01305944408477755,-0.011049688921637046,0.003724448304263328
2024-02-05,5,0.016288836160674714,0.7296940767854098,0.4,0.4,0.2,1,2024-02-05,2024-02-05,2024-02-05,9.722773551940918,10.739999771118164,10.84000015258789,10.699999809265137,10.84000015258789,2227700,2024-02-05,9.722773551940918,-0.011049688921637046,0.003724448304263328,0.0037106282611283348
2024-02-06,5,0.29871837347745894,0.37759232970895956,0.8,0.2,0.0,1,2024-02-06,2024-02-06,2024-02-06,9.75898551940918,10.779999732971191,10.859999656677246,10.699999809265137,10.699999809265137,3593200,2024-02-06,9.75898551940918,0.003724448304263328,0.0037106282611283348,-0.0036969104009157983
2024-02-07,6,0.10141494016473494,0.9294942372911089,0.5,0.5,0.0,1,2024-02-07,2024-02-07,2024-02-07,9.795197486877441,10.819999694824219,10.84000015258789,10.720000267028809,10.779999732971191,4400100,2024-02-07,9.795197486877441,0.0037106282611283348,-0.0036969104009157983,0.0
2024-02-08,6,0.4240752061208089,0.4382646233639825,0.8333333333333334,0.16666666666666666,0.0,1,2024-02-08,2024-02-08,2024-02-08,9.75898551940918,10.779999732971191,10.9399995803833,10.739999771118164,10.800000190734863,15027800,2024-02-08,9.75898551940918,-0.0036969104009157983,0.0,0.0278293699290475
2024-02-09,4,-0.019497079541906714,0.5723248055257528,0.25,0.5,0.25,1,2024-02-09,2024-02-09,2024-02-09,9.75898551940918,10.779999732971191,10.819999694824219,10.720000267028809,10.819999694824219,1341400,2024-02-09,9.75898551940918,0.0,0.0278293699290475,-0.0018050323560487858
2024-02-13,10,0.47547972011379896,0.4513155504870069,0.7,0.1,0.2,2,2024-02-12,2024-02-13,2024-02-13,10.030571937561035,11.079999923706055,11.140000343322754,10.720000267028809,10.720000267028809,9865500,2024-02-13,10.030571937561035,0.0278293699290475,-0.0018050323560487858,0.0036166880277730407
2024-02-14,9,-0.05861191285981071,0.5996734145913001,0.3333333333333333,0.6666666666666666,0.0,1,2024-02-14,2024-02-14,2024-02-14,10.012466430664062,11.0600004196167,11.119999885559082,10.979999542236328,11.0,6748200,2024-02-14,10.012466430664062,-0.0018050323560487858,0.0036166880277730407,0.007207214560241759
2024-02-15,5,0.41169116012752055,0.4568120712224087,0.8,0.2,0.0,1,2024-02-15,2024-02-15,2024-02-15,10.048678398132324,11.100000381469727,11.140000343322754,11.020000457763672,11.020000457763672,4282200,2024-02-15,10.048678398132324,0.0036166880277730407,0.007207214560241759,0.0017888870211135721
2024-02-16,5,0.6045460052788258,0.2947057889057834,1.0,0.0,0.0,1,2024-02-16,2024-02-16,2024-02-16,10.121101379394531,11.180000305175781,11.180000305175781,11.079999923706055,11.079999923706055,4108100,2024-02-16,10.121101379394531,0.007207214560241759,0.0017888870211135721,0.014285635008191022
2024-02-19,5,0.08191273566335441,0.8082852197542035,0.6,0.4,0.0,2,2024-02-17,2024-02-19,2024-02-19,10.139206886291504,11.199999809265137,11.239999771118164,11.079999923706055,11.100000381469727,2926600,2024-02-19,10.139206886291504,0.0017888870211135721,0.014285635008191022,0.001760542156105327
2024-02-20,3,0.6189053819980473,0.3244922792612222,1.0,0.0,0.0,1,2024-02-20,2024-02-20,2024-02-20,10.284051895141602,11.359999656677246,11.359999656677246,11.140000343322754,11.180000305175781,5691100,2024-02-20,10.284051895141602,0.014285635008191022,0.001760542156105327,-0.014059584757181054
2024-02-21,7,-0.5196220192259976,0.557452842025272,0.14285714285714285,0.8571428571428571,0.0,1,2024-02-21,2024-02-21,2024-02-21,10.302157402038574,11.380000114440918,11.380000114440918,11.220000267028809,11.380000114440918,4249700,2024-02-21,10.302157402038574,0.001760542156105327,-0.014059584757181054,0.00534743442106933
2024-02-22,5,-0.4667338266968728,0.3886230057906404,0.0,1.0,0.0,1,2024-02-22,2024-02-22,2024-02-22,10.157313346862793,11.220000267028809,11.319999694824219,11.220000267028809,11.319999694824219,4034500,2024-02-22,10.157313346862793,-0.014059584757181054,0.00534743442106933,0.007092206529731193
2024-02-23,2,0.7384254764765501,0.18090202619470516,1.0,0.0,0.0,1,2024-02-23,2024-02-23,2024-02-23,10.211628913879395,11.279999732971191,11.319999694824219,11.100000381469727,11.239999771118164,3115000,2024-02-23,10.211628913879395,0.00534743442106933,0.007092206529731193,0.005281719201640334
2024-02-26,5,-0.004750299267470837,0.4679167279299197,0.6,0.2,0.2,2,2024-02-24,2024-02-26,2024-02-26,10.284051895141602,11.359999656677246,11.380000114440918,11.220000267028809,11.260000228881836,3853100,2024-02-26,10.284051895141602,0.007092206529731193,0.005281719201640334,-0.040280184632426
2024-02-27,5,-0.3494456447660923,0.4905070198141147,0.2,0.6,0.2,1,2024-02-27,2024-02-27,2024-02-27,10.338369369506836,11.420000076293945,11.479999542236328,11.300000190734863,11.359999656677246,6422100,2024-02-27,10.338369369506836,0.005281719201640334,-0.040280184632426,0.027372315743721565
2024-02-28,9,0.032796599333071046,0.7806554465234904,0.5555555555555556,0.4444444444444444,0.0,1,2024-02-28,2024-02-28,2024-02-28,9.921937942504883,10.960000038146973,11.279999732971191,10.899999618530273,11.199999809265137,15254600,2024-02-28,9.921937942504883,-0.040280184632426,0.027372315743721565,0.0035523546628981606
2024-02-29,8,0.3842448978102766,0.5557439253456019,0.75,0.25,0.0,1,2024-02-29,2024-02-29,2024-02-29,10.193524360656738,11.260000228881836,11.380000114440918,10.9399995803833,10.9399995803833,12617800,2024-02-29,10.193524360656738,0.027372315743721565,0.0035523546628981606,-0.008849543497017498
2024-03-01,4,-0.2832050882279873,0.7292774040213629,0.25,0.75,0.0,1,2024-03-01,2024-03-01,2024-03-01,10.229735374450684,11.300000190734863,11.319999694824219,11.220000267028809,11.220000267028809,4288300,2024-03-01,10.229735374450684,0.0035523546628981606,-0.008849543497017498,-0.0035714792956065278
2024-03-04,7,0.013615068048238739,0.6747604227900412,0.5714285714285714,0.42857142857142855,0.0,1,2024-03-04,2024-03-04,2024-03-04,10.139206886291504,11.199999809265137,11.359999656677246,11.079999923706055,11.260000228881836,5294700,2024-03-04,10.139206886291504,-0.008849543497017498,-0.0035714792956065278,0.0
2024-03-05,7,-0.057347264207367354,0.5559049733568647,0.2857142857142857,0.5714285714285714,0.14285714285714285,1,2024-03-05,2024-03-05,2024-03-05,10.102994918823242,11.15999984741211,11.239999771118164,10.960000038146973,11.100000381469727,4169600,2024-03-05,10.102994918823242,-0.0035714792956065278,0.0,0.0
2024-03-06,7,-0.6727305286164794,0.2509568699101693,0.0,1.0,0.0,1,2024-03-06,2024-03-06,2024-03-06,10.102994918823242,11.15999984741211,11.15999984741211,11.0600004196167,11.100000381469727,2257900,2024-03-06,10.102994918823242,0.0,0.0,0.010752652646964345
2024-03-07,3,0.279591386516889,0.50837253794049,0.6666666666666666,0.0,0.3333333333333333,1,2024-03-07,2024-03-07,2024-03-07,10.102994918823242,11.15999984741211,11.220000267028809,11.079999923706055,11.119999885559082,2149800,2024-03-07,10.102994918823242,0.0,0.010752652646964345,-0.0035461499603695046
2024-03-08,6,0.607631625297169,0.42486323425383676,0.8333333333333334,0.16666666666666666,0.0,1,2024-03-08,2024-03-08,2024-03-08,10.211628913879395,11.279999732971191,11.300000190734863,11.100000381469727,11.100000381469727,2506900,2024-03-08,10.211628913879395,0.010752652646964345,-0.0035461499603695046,0.021352338182392794
2024-03-11,5,0.635345759242773,0.32127662269417306,1.0,0.0,0.0,1,2024-03-11,2024-03-11,2024-03-11,10.175416946411133,11.239999771118164,11.279999732971191,11.15999984741211,11.279999732971191,3245300,2024-03-11,10.175416946411133,-0.0035461499603695046,0.021352338182392794,0.005226509772268351
2024-03-12,7,0.295165895683957,0.5461322855850019,0.7142857142857143,0.2857142857142857,0.0,1,2024-03-12,2024-03-12,2024-03-12,10.392685890197754,11.479999542236328,11.479999542236328,11.220000267028809,11.239999771118164,4092700,2024-03-12,10.392685890197754,0.021352338182392794,0.005226509772268351,0.0017331726562572758
2024-03-13,8,-0.36888677161186934,0.5737277937387291,0.25,0.75,0.0,1,2024-03-13,2024-03-13,2024-03-13,10.447003364562988,11.539999961853027,11.600000381469727,11.4399995803833,11.4399995803833,4763000,2024-03-13,10.447003364562988,0.005226509772268351,0.0017331726562572758,0.0034601656742270226
2024-03-14,5,0.03568627238273623,0.38141512411907796,0.6,0.4,0.0,1,2024-03-14,2024-03-14,2024-03-14,10.465109825134277,11.5600004196167,11.5600004196167,11.479999542236328,11.539999961853027,3438300,2024-03-14,10.465109825134277,0.0017331726562572758,0.0034601656742270226,0.0
2024-03-15,6,0.10517500340938568,0.45217451024259864,0.5,0.5,0.0,1,2024-03-15,2024-03-15,2024-03-15,10.501320838928223,11.600000381469727,11.600000381469727,11.380000114440918,11.539999961853027,6097000,2024-03-15,10.501320838928223,0.0034601656742270226,0.0,-0.008620676346121292
2024-03-18,5,0.3150567223317921,0.7550256934783157,0.8,0.2,0.0,1,2024-03-18,2024-03-18,2024-03-18,10.501320838928223,11.600000381469727,11.65999984741211,11.520000457763672,11.579999923706055,2661100,2024-03-18,10.501320838928223,0.0,-0.008620676346121292,0.0
2024-03-19,8,-0.09291857044445351,0.81380112942195,0.375,0.625,0.0,1,2024-03-19,2024-03-19,2024-03-19,10.410792350769043,11.5,11.600000381469727,11.4399995803833,11.539999961853027,5521800,2024-03-19,10.410792350769043,-0.008620676346121292,0.0,0.003478218811200362
2024-03-20,8,-0.2758443161728792,0.7124119563794586,0.25,0.75,0.0,1,2024-03-20,2024-03-20,2024-03-20,10.410792350769043,11.5,11.579999923706055,11.479999542236328,11.479999542236328,3662300,2024-03-20,10.410792350769043,0.0,0.003478218811200362,0.0017331726562572758
2024-03-21,8,0.5678220034460537,0.2732229417750846,0.875,0.0,0.125,1,2024-03-21,2024-03-21,2024-03-21,10.447003364562988,11.539999961853027,11.5600004196167,11.460000038146973,11.539999961853027,2564400,2024-03-21,10.447003364562988,0.003478218811200362,0.0017331726562572758,-0.005190339640275821
2024-03-22,4,0.24766780622303486,0.4116662138080316,0.75,0.25,0.0,1,2024-03-22,2024-03-22,2024-03-22,10.465109825134277,11.5600004196167,11.579999923706055,11.479999542236328,11.5,3511700,2024-03-22,10.465109825134277,0.0017331726562572758,-0.005190339640275821,-0.001739201009993363
2024-03-25,5,-0.4158804649487138,0.7803815063596857,0.2,0.8,0.0,1,2024-03-25,2024-03-25,2024-03-25,10.410792350769043,11.5,11.5600004196167,11.4399995803833,11.520000457763672,3646400,2024-03-25,10.410792350769043,-0.005190339640275821,-0.001739201009993363,0.0035714544619827038
2024-03-26,6,-0.4369123162080845,0.3165227643302005,0.16666666666666666,0.8333333333333334,0.0,1,2024-03-26,2024-03-26,2024-03-26,10.392685890197754,11.479999542236328,11.5600004196167,11.4399995803833,11.5,4656900,2024-03-26,10.392685890197754,-0.001739201009993363,0.0035714544619827038,0.012455514549934543
2024-03-27,9,-0.05536227942340904,0.6521816202971238,0.2222222222222222,0.4444444444444444,0.3333333333333333,1,2024-03-27,2024-03-27,2024-03-27,10.429802894592285,11.239999771118164,11.300000190734863,11.079999923706055,11.260000228881836,5236400,2024-03-27,10.429802894592285,0.0035714544619827038,0.012455514549934543,0.0
2024-03-29,8,0.3920418623602018,0.6214961673149689,0.875,0.125,0.0,2,2024-03-28,2024-03-29,2024-03-29,10.559711456298828,11.380000114440918,11.399999618530273,11.199999809265137,11.239999771118164,6560200,2024-03-29,10.559711456298828,0.012455514549934543,0.0,0.0052722652009544735
2024-04-01,1,0.7053079209290445,0.0,1.0,0.0,0.0,1,2024-04-01,2024-04-01,2024-04-01,10.559711456298828,11.380000114440918,11.420000076293945,11.319999694824219,11.380000114440918,2782500,2024-04-01,10.559711456298828,0.0,0.0052722652009544735,-0.01223758287412191
2024-04-02,5,0.2622943989001215,0.6728355942573365,0.6,0.4,0.0,1,2024-04-02,2024-04-02,2024-04-02,10.615385055541992,11.4399995803833,11.579999923706055,11.359999656677246,11.380000114440918,5437300,2024-04-02,10.615385055541992,0.0052722652009544735,-0.01223758287412191,0.017699060312123427
2024-04-03,9,0.19241713623826703,0.7642775529254338,0.5555555555555556,0.3333333333333333,0.1111111111111111,1,2024-04-03,2024-04-03,2024-04-03,10.485478401184082,11.300000190734863,11.479999542236328,11.260000228881836,11.4399995803833,5531700,2024-04-03,10.485478401184082,-0.01223758287412191,0.017699060312123427,0.0017392323944611654
2024-04-04,9,0.7869808070309875,0.2790207799505361,0.8888888888888888,0.0,0.1111111111111111,1,2024-04-04,2024-04-04,2024-04-04,10.671061515808105,11.5,11.539999961853027,11.239999771118164,11.300000190734863,6296300,2024-04-04,10.671061515808105,0.017699060312123427,0.0017392323944611654,0.02430546138418821
2024-04-05,4,-0.14997760951519012,0.09374459633806596,0.0,1.0,0.0,1,2024-04-05,2024-04-05,2024-04-05,10.689620971679688,11.520000457763672,11.539999961853027,11.380000114440918,11.479999542236328,7010500,2024-04-05,10.689620971679688,0.0017392323944611654,0.02430546138418821,-0.011864405451047166
2024-04-08,7,0.46300504649324076,0.30622632347758744,0.7142857142857143,0.0,0.2857142857142857,1,2024-04-08,2024-04-08,2024-04-08,10.949437141418457,11.800000190734863,11.800000190734863,11.5,11.5,7370000,2024-04-08,10.949437141418457,0.02430546138418821,-0.011864405451047166,0.0034305565275858374
2024-04-09,9,-0.09926777043276362,0.7092831617498389,0.4444444444444444,0.5555555555555556,0.0,1,2024-04-09,2024-04-09,2024-04-09,10.819528579711914,11.65999984741211,11.779999732971191,11.65999984741211,11.779999732971191,2910100,2024-04-09,10.819528579711914,-0.011864405451047166,0.0034305565275858374,-0.008546982269353354
2024-04-12,5,-0.5736804623156786,0.2597299654224891,0.0,1.0,0.0,1,2024-04-12,2024-04-12,2024-04-12,10.856645584106445,11.699999809265137,11.739999771118164,11.5600004196167,11.65999984741211,4365900,2024-04-12,10.856645584106445,0.0034305565275858374,-0.008546982269353354,-0.010345079026065962
2024-04-15,5,-0.159939786652103,0.7153467986290738,0.2,0.6,0.2,1,2024-04-15,2024-04-15,2024-04-15,10.763854026794434,11.600000381469727,11.760000228881836,11.520000457763672,11.520000457763672,7341600,2024-04-15,10.763854026794434,-0.008546982269353354,-0.010345079026065962,0.003484615025823201
2024-04-16,10,-0.4061723789433017,0.6891934961163794,0.2,0.8,0.0,1,2024-04-16,2024-04-16,2024-04-16,10.652501106262207,11.479999542236328,11.600000381469727,11.300000190734863,11.600000381469727,4391900,2024-04-16,10.652501106262207,-0.010345079026065962,0.003484615025823201,0.006944404793342462
2024-04-17,9,0.6654175501316786,0.20806684236699796,1.0,0.0,0.0,1,2024-04-17,2024-04-17,2024-04-17,10.689620971679688,11.520000457763672,11.600000381469727,11.380000114440918,11.4399995803833,5746000,2024-04-17,10.689620971679688,0.003484615025823201,0.006944404793342462,0.0
2024-04-18,8,0.5424208942567931,0.2904932494105419,1.0,0.0,0.0,1,2024-04-18,2024-04-18,2024-04-18,10.763854026794434,11.600000381469727,11.640000343322754,11.520000457763672,11.520000457763672,7351700,2024-04-18,10.763854026794434,0.006944404793342462,0.0,0.0034482120091765545
2024-04-19,7,0.42867703582825406,0.4523999333867349,0.7142857142857143,0.14285714285714285,0.14285714285714285,1,2024-04-19,2024-04-19,2024-04-19,10.763854026794434,11.600000381469727,11.65999984741211,11.539999961853027,11.539999961853027,4889300,2024-04-19,10.763854026794434,0.0,0.0034482120091765545,0.006872901994571912
2024-04-22,4,0.42545195296406746,0.3473682265004662,1.0,0.0,0.0,1,2024-04-22,2024-04-22,2024-04-22,10.800970077514648,11.640000343322754,11.699999809265137,11.539999961853027,11.579999923706055,5327200,2024-04-22,10.800970077514648,0.0034482120091765545,0.006872901994571912,0.011945303003171537
2024-04-23,7,0.7981201302526253,0.1965087529165824,1.0,0.0,0.0,1,2024-04-23,2024-04-23,2024-04-23,10.875204086303711,11.720000267028809,11.739999771118164,11.640000343322754,11.640000343322754,5939900,2024-04-23,10.875204086303711,0.006872901994571912,0.011945303003171537,0.0
2024-04-24,6,0.72028560951973,0.24414311800412605,1.0,0.0,0.0,1,2024-04-24,2024-04-24,2024-04-24,11.005111694335938,11.859999656677246,11.979999542236328,11.65999984741211,11.720000267028809,9750100,2024-04-24,11.005111694335938,0.011945303003171537,0.0,0.005059145405563514
2024-04-25,5,-0.2656039267778397,0.3714816391186279,0.4,0.6,0.0,1,2024-04-25,2024-04-25,2024-04-25,11.005111694335938,11.859999656677246,11.899999618530273,11.819999694824219,11.859999656677246,6890800,2024-04-25,11.005111694335938,0.0,0.005059145405563514,0.0
2024-04-26,4,0.058630594983696965,0.7800570396486253,0.5,0.5,0.0,1,2024-04-26,2024-04-26,2024-04-26,11.06078815460205,11.920000076293945,11.9399995803833,11.819999694824219,11.859999656677246,7593100,2024-04-26,11.06078815460205,0.005059145405563514,0.0,0.003355642491423394
2024-04-29,5,0.6659464217722416,0.34365802642370424,1.0,0.0,0.0,1,2024-04-29,2024-04-29,2024-04-29,11.06078815460205,11.920000076293945,11.9399995803833,11.859999656677246,11.899999618530273,4734000,2024-04-29,11.06078815460205,0.0,0.003355642491423394,0.0050167586205236425
2024-04-30,6,-0.026816431277741942,0.7388405644109356,0.5,0.3333333333333333,0.16666666666666666,1,2024-04-30,2024-04-30,2024-04-30,11.097904205322266,11.960000038146973,11.979999542236328,11.880000114440918,11.920000076293945,6868700,2024-04-30,11.097904205322266,0.003355642491423394,0.0050167586205236425,0.02495832540997389
2024-05-02,7,-0.046679993359638114,0.6875446187300871,0.42857142857142855,0.5714285714285714,0.0,2,2024-05-01,2024-05-02,2024-05-02,11.153579711914062,12.020000457763672,12.079999923706055,11.920000076293945,11.960000038146973,10121100,2024-05-02,11.153579711914062,0.0050167586205236425,0.02495832540997389,0.004870165216058764
2024-05-03,5,0.7323658153414727,0.26900261290113364,1.0,0.0,0.0,1,2024-05-03,2024-05-03,2024-05-03,11.431954383850098,12.319999694824219,12.359999656677246,12.0,12.0,14734300,2024-05-03,11.431954383850098,0.02495832540997389,0.004870165216058764,0.008077519749240647
2024-05-06,5,0.7252071097493171,0.14556068902746355,1.0,0.0,0.0,1,2024-05-06,2024-05-06,2024-05-06,11.487629890441895,12.380000114440918,12.479999542236328,12.319999694824219,12.319999694824219,10394000,2024-05-06,11.487629890441895,0.004870165216058764,0.008077519749240647,-0.006410302865398787
2024-05-07,7,0.4558744505047798,0.26423973753122254,1.0,0.0,0.0,1,2024-05-07,2024-05-07,2024-05-07,11.580421447753906,12.479999542236328,12.479999542236328,12.380000114440918,12.399999618530273,7512300,2024-05-07,11.580421447753906,0.008077519749240647,-0.006410302865398787,0.0032259128634695156
2024-05-08,6,0.2638791389763356,0.5792463616432062,0.6666666666666666,0.16666666666666666,0.16666666666666666,1,2024-05-08,2024-05-08,2024-05-08,11.506187438964844,12.399999618530273,12.479999542236328,12.359999656677246,12.479999542236328,7071900,2024-05-08,11.506187438964844,-0.006410302865398787,0.0032259128634695156,-0.00321553981222622
2024-05-09,6,0.3018759153783322,0.6320674963538648,0.6666666666666666,0.3333333333333333,0.0,1,2024-05-09,2024-05-09,2024-05-09,11.543305397033691,12.4399995803833,12.460000038146973,12.380000114440918,12.399999618530273,5025100,2024-05-09,11.543305397033691,0.0032259128634695156,-0.00321553981222622,0.0
2024-05-10,4,0.37841714359819895,0.39431219175682963,1.0,0.0,0.0,1,2024-05-10,2024-05-10,2024-05-10,11.506187438964844,12.399999618530273,12.4399995803833,12.380000114440918,12.399999618530273,4670000,2024-05-10,11.506187438964844,-0.00321553981222622,0.0,0.0032259128634695156
2024-05-14,3,-0.3249367444465558,0.041978571029407656,0.0,0.6666666666666666,0.3333333333333333,1,2024-05-14,2024-05-14,2024-05-14,11.543305397033691,12.4399995803833,12.460000038146973,12.359999656677246,12.399999618530273,4513900,2024-05-14,11.543305397033691,0.0032259128634695156,-0.00321553981222622,0.020967811985499907
2024-05-15,5,-0.19358087033033372,0.47036254522242177,0.4,0.4,0.2,1,2024-05-15,2024-05-15,2024-05-15,11.506187438964844,12.399999618530273,12.4399995803833,12.380000114440918,12.420000076293945,6952500,2024-05-15,11.506187438964844,-0.00321553981222622,0.020967811985499907,-0.004739370735286852
2024-05-16,8,0.38876018207520247,0.48011450140699585,0.75,0.125,0.125,1,2024-05-16,2024-05-16,2024-05-16,11.74744701385498,12.65999984741211,12.680000305175781,12.359999656677246,12.399999618530273,6244900,2024-05-16,11.74744701385498,0.020967811985499907,-0.004739370735286852,0.014285654857606245
2024-05-20,6,0.6558392096388465,0.30985375087124517,1.0,0.0,0.0,1,2024-05-20,2024-05-20,2024-05-20,11.858796119689941,12.779999732971191,12.859999656677246,12.579999923706055,12.579999923706055,12067300,2024-05-20,11.858796119689941,0.014285654857606245,0.0,0.025039226451402774
2024-05-21,7,-0.12168942178998672,0.6193328366030509,0.2857142857142857,0.7142857142857143,0.0,1,2024-05-21,2024-05-21,2024-05-21,11.858796119689941,12.779999732971191,12.880000114440918,12.760000228881836,12.779999732971191,9500300,2024-05-21,11.858796119689941,0.0,0.025039226451402774,0.0
2024-05-23,12,0.5138488288697166,0.3903470600731829,0.8333333333333334,0.08333333333333333,0.08333333333333333,2,2024-05-22,2024-05-23,2024-05-23,12.155731201171875,13.100000381469727,13.140000343322754,12.760000228881836,12.760000228881836,15097300,2024-05-23,12.155731201171875,0.025039226451402774,0.0,0.009160293006359232
2024-05-24,4,-0.6721896613016726,0.18939631005268648,0.0,1.0,0.0,1,2024-05-24,2024-05-24,2024-05-24,12.155731201171875,13.100000381469727,13.140000343322754,13.020000457763672,13.100000381469727,6367300,2024-05-24,12.155731201171875,0.0,0.009160293006359232,0.0030257404842910507
2024-05-27,5,-0.07303997427225115,0.7355103648544556,0.6,0.4,0.0,1,2024-05-27,2024-05-27,2024-05-27,12.267081260681152,13.220000267028809,13.220000267028809,13.0600004196167,13.100000381469727,11712500,2024-05-27,12.267081260681152,0.009160293006359232,0.0030257404842910507,-0.004524919494334423
2024-05-28,5,0.10645023826509717,0.9402167386716906,0.6,0.4,0.0,1,2024-05-28,2024-05-28,2024-05-28,12.304198265075684,13.260000228881836,13.260000228881836,13.140000343322754,13.220000267028809,6243100,2024-05-28,12.304198265075684,0.0030257404842910507,-0.004524919494334423,-0.0015152403467371123
2024-05-29,8,-0.25096886698156595,0.7066045157849707,0.25,0.75,0.0,1,2024-05-29,2024-05-29,2024-05-29,12.248522758483887,13.199999809265137,13.239999771118164,13.039999961853027,13.199999809265137,6423400,2024-05-29,12.248522758483887,-0.004524919494334423,-0.0015152403467371123,-0.010622076683131088
2024-05-30,5,-0.34895192217081783,0.7120143160438325,0.2,0.8,0.0,1,2024-05-30,2024-05-30,2024-05-30,12.229963302612305,13.180000305175781,13.220000267028809,13.119999885559082,13.199999809265137,7993300,2024-05-30,12.229963302612305,-0.0015152403467371123,-0.010622076683131088,-0.004601260357564696
2024-05-31,9,0.07345977342791027,0.7826104411011594,0.5555555555555556,0.4444444444444444,0.0,1,2024-05-31,2024-05-31,2024-05-31,12.100055694580078,13.039999961853027,13.199999809265137,12.9399995803833,13.199999809265137,13170600,2024-05-31,12.100055694580078,-0.010622076683131088,-0.004601260357564696,0.02157172665028595
2024-06-04,5,0.6283879826776684,0.23405309918870498,1.0,0.0,0.0,1,2024-06-04,2024-06-04,2024-06-04,12.044380187988281,12.979999542236328,13.0600004196167,12.699999809265137,12.880000114440918,16719000,2024-06-04,12.044380187988281,-0.004601260357564696,0.02157172665028595,0.03318243292628442
2024-06-05,8,0.17470561165828258,0.7208218921563417,0.625,0.375,0.0,1,2024-06-05,2024-06-05,2024-06-05,12.304198265075684,13.260000228881836,13.300000190734863,12.979999542236328,12.979999542236328,10805300,2024-06-05,12.304198265075684,0.02157172665028595,0.03318243292628442,0.004379668931807412
2024-06-06,14,0.48795116478244643,0.4702421233120702,0.8571428571428571,0.14285714285714285,0.0,1,2024-06-06,2024-06-06,2024-06-06,12.712481498718262,13.699999809265137,13.779999732971191,13.260000228881836,13.260000228881836,20673300,2024-06-06,12.712481498718262,0.03318243292628442,0.004379668931807412,-0.0029069975883572186
2024-06-07,8,0.7027309341356158,0.2523442228090654,1.0,0.0,0.0,1,2024-06-07,2024-06-07,2024-06-07,12.768157958984375,13.760000228881836,13.880000114440918,13.699999809265137,13.720000267028809,14915500,2024-06-07,12.768157958984375,0.004379668931807412,-0.0029069975883572186,0.005830870812491007
2024-06-10,4,0.2641041362658143,0.1965761518196531,0.75,0.0,0.25,1,2024-06-10,2024-06-10,2024-06-10,12.731040954589844,13.720000267028809,13.84000015258789,13.680000305175781,13.800000190734863,10445300,2024-06-10,12.731040954589844,-0.0029069975883572186,0.005830870812491007,0.00579706885291853
2024-06-11,4,0.6333890003152192,0.270679368912695,1.0,0.0,0.0,1,2024-06-11,2024-06-11,2024-06-11,12.80527400970459,13.800000190734863,13.880000114440918,13.699999809265137,13.760000228881836,14512200,2024-06-11,12.80527400970459,0.005830870812491007,0.00579706885291853,0.01873205035533876
2024-06-12,2,0.6833069063723087,0.06354418710221546,1.0,0.0,0.0,1,2024-06-12,2024-06-12,2024-06-12,12.879507064819336,13.880000114440918,14.039999961853027,13.779999732971191,13.800000190734863,9242700,2024-06-12,12.879507064819336,0.00579706885291853,0.01873205035533876,-0.004243312004597155
2024-06-13,7,0.36713305707754834,0.45874515053305037,0.8571428571428571,0.14285714285714285,0.0,1,2024-06-13,2024-06-13,2024-06-13,13.120766639709473,14.140000343322754,14.180000305175781,13.979999542236328,14.0,12529100,2024-06-13,13.120766639709473,0.01873205035533876,-0.004243312004597155,-0.004261321436660692
2024-06-14,3,0.041301293609043,0.5713257647263895,0.6666666666666666,0.3333333333333333,0.0,1,2024-06-14,2024-06-14,2024-06-14,13.065091133117676,14.079999923706055,14.239999771118164,14.020000457763672,14.140000343322754,9498100,2024-06-14,13.065091133117676,-0.004243312004597155,-0.004261321436660692,-0.011412276867954985
2024-06-18,4,0.7089981625904329,0.44260052782780457,1.0,0.0,0.0,2,2024-06-17,2024-06-18,2024-06-18,13.009416580200195,14.020000457763672,14.279999732971191,14.020000457763672,14.079999923706055,13061300,2024-06-18,13.009416580200195,-0.004261321436660692,-0.011412276867954985,-0.0043290354667242514
2024-06-20,2,-0.7605626117438078,0.18156008601393012,0.0,1.0,0.0,1,2024-06-20,2024-06-20,2024-06-20,12.80527400970459,13.800000190734863,13.859999656677246,13.65999984741211,13.84000015258789,11841700,2024-06-20,12.80527400970459,-0.0043290354667242514,-0.00579706885291853,0.0
2024-06-21,3,0.95236210214595,0.005439583160782051,1.0,0.0,0.0,1,2024-06-21,2024-06-21,2024-06-21,12.731040954589844,13.720000267028809,13.819999694824219,13.619999885559082,13.800000190734863,48082600,2024-06-21,12.731040954589844,-0.00579706885291853,0.0,0.020408085298406098
2024-06-24,3,-0.8525011899570624,0.07998768342558359,0.0,1.0,0.0,1,2024-06-24,2024-06-24,2024-06-24,12.731040954589844,13.720000267028809,13.899999618530273,13.520000457763672,13.680000305175781,16221800,2024-06-24,12.731040954589844,0.0,0.020408085298406098,-0.0057142538328534
2024-06-25,3,-0.19167457893490794,0.37966252053433164,0.0,0.6666666666666666,0.3333333333333333,1,2024-06-25,2024-06-25,2024-06-25,12.990857124328613,14.0,14.119999885559082,13.720000267028809,13.720000267028809,11022800,2024-06-25,12.990857124328613,0.020408085298406098,-0.0057142538328534,0.0014367181721406386
2024-06-26,5,0.4451778343878686,0.5470164740227093,0.6,0.4,0.0,1,2024-06-26,2024-06-26,2024-06-26,12.916624069213867,13.920000076293945,14.0,13.859999656677246,14.0,6780600,2024-06-26,12.916624069213867,-0.0057142538328534,0.0014367181721406386,-0.011477771885338606
2024-06-27,7,-0.05632832779416017,0.5901704993671495,0.5714285714285714,0.42857142857142855,0.0,1,2024-06-27,2024-06-27,2024-06-27,12.935181617736816,13.9399995803833,13.979999542236328,13.880000114440918,13.9399995803833,8431400,2024-06-27,12.935181617736816,0.0014367181721406386,-0.011477771885338606,0.01596520901723042
2024-06-28,6,0.42341856320854276,0.4861870350388968,0.8333333333333334,0.16666666666666666,0.0,1,2024-06-28,2024-06-28,2024-06-28,12.786714553833008,13.779999732971191,13.84000015258789,13.619999885559082,13.699999809265137,11369400,2024-06-28,12.786714553833008,-0.011477771885338606,0.01596520901723042,0.0
2024-07-01,7,0.5331838820794863,0.4769650885008728,0.7142857142857143,0.14285714285714285,0.14285714285714285,1,2024-07-01,2024-07-01,2024-07-01,12.990857124328613,14.0,14.0,13.619999885559082,13.699999809265137,8812200,2024-07-01,12.990857124328613,0.01596520901723042,0.0,0.012857236299103958
2024-07-02,7,0.25887061742001344,0.6213015400491463,0.5714285714285714,0.2857142857142857,0.14285714285714285,1,2024-07-02,2024-07-02,2024-07-02,12.990857124328613,14.0,14.199999809265137,13.899999618530273,14.0,7978600,2024-07-02,12.990857124328613,0.0,0.012857236299103958,0.004231197109583196
2024-07-03,2,0.6645064987242222,0.265436431770873,1.0,0.0,0.0,1,2024-07-03,2024-07-03,2024-07-03,13.157883644104004,14.180000305175781,14.199999809265137,13.979999542236328,14.0,10099500,2024-07-03,13.157883644104004,0.012857236299103958,0.004231197109583196,-0.0014044324462507696
2024-07-04,3,0.5073706832093497,0.4836596400486675,1.0,0.0,0.0,1,2024-07-04,2024-07-04,2024-07-04,13.213557243347168,14.239999771118164,14.260000228881836,14.140000343322754,14.15999984741211,6791900,2024-07-04,13.213557243347168,0.004231197109583196,-0.0014044324462507696,0.014064726986779297
2024-07-05,5,0.4426010634750129,0.8189913069947532,0.8,0.2,0.0,1,2024-07-05,2024-07-05,2024-07-05,13.194999694824219,14.220000267028809,14.279999732971191,14.199999809265137,14.220000267028809,5009400,2024-07-05,13.194999694824219,-0.0014044324462507696,0.014064726986779297,-0.0013870438091596604
2024-07-09,6,0.8191777840256691,0.0824575078939098,1.0,0.0,0.0,1,2024-07-09,2024-07-09,2024-07-09,13.380583763122559,14.420000076293945,14.4399995803833,14.180000305175781,14.220000267028809,10672000,2024-07-09,13.380583763122559,0.014064726986779297,-0.0013870438091596604,0.013888918627219748
2024-07-10,3,0.1269068717956543,0.3404142086175849,0.6666666666666666,0.3333333333333333,0.0,1,2024-07-10,2024-07-10,2024-07-10,13.362024307250977,14.399999618530273,14.460000038146973,14.300000190734863,14.300000190734863,9968900,2024-07-10,13.362024307250977,-0.0013870438091596604,0.013888918627219748,-0.009589040228015544
2024-07-11,10,0.7312573938397692,0.25313338956332976,1.0,0.0,0.0,1,2024-07-11,2024-07-11,2024-07-11,13.547608375549316,14.600000381469727,14.619999885559082,14.380000114440918,14.399999618530273,11916200,2024-07-11,13.547608375549316,0.013888918627219748,-0.009589040228015544,0.0013830648159085523
2024-07-12,7,0.091598955648286,0.5491791681547497,0.5714285714285714,0.42857142857142855,0.0,1,2024-07-12,2024-07-12,2024-07-12,13.417699813842773,14.460000038146973,14.600000381469727,14.420000076293945,14.520000457763672,8360300,2024-07-12,13.417699813842773,-0.009589040228015544,0.0013830648159085523,-0.0013811545895904276
2024-07-15,6,0.5766913898599645,0.3845829375555526,0.8333333333333334,0.0,0.16666666666666666,1,2024-07-15,2024-07-15,2024-07-15,13.436257362365723,14.479999542236328,14.539999961853027,14.4399995803833,14.460000038146973,4244400,2024-07-15,13.436257362365723,0.0013830648159085523,-0.0013811545895904276,0.0027662717835017503
2024-07-16,4,0.05810311925597492,0.604753286554462,0.5,0.5,0.0,1,2024-07-16,2024-07-16,2024-07-16,13.417699813842773,14.460000038146973,14.579999923706055,14.420000076293945,14.479999542236328,9043400,2024-07-16,13.417699813842773,-0.0013811545895904276,0.0027662717835017503,-0.00413796095063379
2024-07-17,6,0.6310888718192776,0.21148966862541752,0.8333333333333334,0.0,0.16666666666666666,1,2024-07-17,2024-07-17,2024-07-17,13.454816818237305,14.5,14.600000381469727,14.460000038146973,14.479999542236328,6572900,2024-07-17,13.454816818237305,0.0027662717835017503,-0.00413796095063379,0.0
2024-07-18,9,-0.023360883092714693,0.6463895920222232,0.4444444444444444,0.4444444444444444,0.1111111111111111,1,2024-07-18,2024-07-18,2024-07-18,13.399141311645508,14.4399995803833,14.5,14.420000076293945,14.5,5584900,2024-07-18,13.399141311645508,-0.00413796095063379,0.0,0.0
2024-07-19,7,0.6329568595891553,0.5493528107640384,0.8571428571428571,0.14285714285714285,0.0,1,2024-07-19,2024-07-19,2024-07-19,13.399141311645508,14.4399995803833,14.5,14.359999656677246,14.420000076293945,4904900,2024-07-19,13.399141311645508,0.0,0.0,0.0
2024-07-22,3,0.0027758753858506866,0.8028544499971038,0.3333333333333333,0.6666666666666666,0.0,2,2024-07-21,2024-07-22,2024-07-22,13.399141311645508,14.4399995803833,14.460000038146973,14.319999694824219,14.4399995803833,4886900,2024-07-22,13.399141311645508,0.0,0.0,-0.0027701032126791203
2024-07-23,2,0.9098036298528315,0.007158158847906649,1.0,0.0,0.0,1,2024-07-23,2024-07-23,2024-07-23,13.399141311645508,14.4399995803833,14.479999542236328,14.420000076293945,14.420000076293945,7213000,2024-07-23,13.399141311645508,0.0,-0.0027701032126791203,-0.027777765882445515
2024-07-24,3,-0.5777440716822942,0.08943021328446936,0.0,1.0,0.0,1,2024-07-24,2024-07-24,2024-07-24,13.362024307250977,14.399999618530273,14.4399995803833,14.359999656677246,14.420000076293945,3161100,2024-07-24,13.362024307250977,-0.0027701032126791203,-0.027777765882445515,0.001428655222204256
2024-07-25,4,-0.6563808061182499,0.27725822913905945,0.0,1.0,0.0,1,2024-07-25,2024-07-25,2024-07-25,12.990857124328613,14.0,14.380000114440918,13.84000015258789,14.380000114440918,15572000,2024-07-25,12.990857124328613,-0.027777765882445515,0.001428655222204256,0.005706101780746042
2024-07-26,6,-0.29351396466760576,0.8649879182358142,0.3333333333333333,0.6666666666666666,0.0,1,2024-07-26,2024-07-26,2024-07-26,13.009416580200195,14.020000457763672,14.100000381469727,13.880000114440918,14.0,8425400,2024-07-26,13.009416580200195,0.001428655222204256,0.005706101780746042,0.0
2024-07-29,5,0.734426838019863,0.2682401400122668,1.0,0.0,0.0,2,2024-07-28,2024-07-29,2024-07-29,13.083649635314941,14.100000381469727,14.260000228881836,14.020000457763672,14.020000457763672,6346500,2024-07-29,13.083649635314941,0.005706101780746042,0.0,-0.0014184499520052407
2024-07-30,3,0.330104605605205,0.8929079643968352,0.6666666666666666,0.3333333333333333,0.0,1,2024-07-30,2024-07-30,2024-07-30,13.083649635314941,14.100000381469727,14.4399995803833,14.039999961853027,14.079999923706055,8943800,2024-07-30,13.083649635314941,0.0,-0.0014184499520052407,0.0014204648102471573
2024-07-31,4,0.5573607867117971,0.3976749803844194,1.0,0.0,0.0,1,2024-07-31,2024-07-31,2024-07-31,13.065091133117676,14.079999923706055,14.140000343322754,14.039999961853027,14.100000381469727,15275500,2024-07-31,13.065091133117676,-0.0014184499520052407,0.0014204648102471573,-0.009929076773494305
2024-08-01,5,0.18083498552441596,0.8848960150411482,0.6,0.4,0.0,1,2024-08-01,2024-08-01,2024-08-01,13.083649635314941,14.100000381469727,14.100000381469727,14.039999961853027,14.0600004196167,10527100,2024-08-01,13.083649635314941,0.0014204648102471573,-0.009929076773494305,-0.057306635612121126
2024-08-02,6,0.29871906018039834,0.7327444657170684,0.5,0.3333333333333333,0.16666666666666666,1,2024-08-02,2024-08-02,2024-08-02,12.953741073608398,13.960000038146973,14.0600004196167,13.899999618530273,14.0600004196167,7907100,2024-08-02,12.953741073608398,-0.009929076773494305,-0.057306635612121126,0.03647411665835065
2024-08-05,4,-0.7934270859695971,0.15817168470261964,0.0,1.0,0.0,1,2024-08-05,2024-08-05,2024-08-05,12.211405754089355,13.15999984741211,13.800000190734863,13.119999885559082,13.800000190734863,25606800,2024-08-05,12.211405754089355,-0.057306635612121126,0.03647411665835065,0.021994144951224204
2024-08-06,3,0.26244211941957474,0.6071106419064057,0.6666666666666666,0.3333333333333333,0.0,1,2024-08-06,2024-08-06,2024-08-06,12.656805992126465,13.640000343322754,13.800000190734863,12.9399995803833,13.100000381469727,14606600,2024-08-06,12.656805992126465,0.03647411665835065,0.021994144951224204,0.004304192104690241
2024-08-07,8,0.6791705151554197,0.26580793171767114,1.0,0.0,0.0,1,2024-08-07,2024-08-07,2024-08-07,12.935181617736816,13.9399995803833,14.239999771118164,13.520000457763672,13.640000343322754,15180700,2024-08-07,12.935181617736816,0.021994144951224204,0.004304192104690241,-0.004285745433034616
2024-08-08,8,0.4343386282562279,0.6633222578718816,0.75,0.25,0.0,1,2024-08-08,2024-08-08,2024-08-08,12.990857124328613,14.0,14.039999961853027,13.800000190734863,13.9399995803833,7758500,2024-08-08,12.990857124328613,0.004304192104690241,-0.004285745433034616,0.0
2024-08-09,10,0.6840184329077601,0.41616143995699556,0.9,0.1,0.0,1,2024-08-09,2024-08-09,2024-08-09,12.935181617736816,13.9399995803833,14.119999885559082,13.880000114440918,14.100000381469727,5489300,2024-08-09,12.935181617736816,-0.004285745433034616,0.0,-0.002869387675958235
2024-08-12,6,0.487549865579543,0.7432811694938006,0.8333333333333334,0.16666666666666666,0.0,1,2024-08-12,2024-08-12,2024-08-12,12.935181617736816,13.9399995803833,14.199999809265137,13.920000076293945,13.960000038146973,6942900,2024-08-12,12.935181617736816,0.0,-0.002869387675958235,-0.00431657804052199
2024-08-13,4,0.5996415150584653,0.6113998892969481,0.75,0.25,0.0,1,2024-08-13,2024-08-13,2024-08-13,12.898065567016602,13.899999618530273,14.0,13.84000015258789,13.960000038146973,5855300,2024-08-13,12.898065567016602,-0.002869387675958235,-0.00431657804052199,0.0
2024-08-14,2,0.6698337234556675,0.08827860252315213,1.0,0.0,0.0,1,2024-08-14,2024-08-14,2024-08-14,12.842390060424805,13.84000015258789,14.020000457763672,13.819999694824219,13.899999618530273,4950600,2024-08-14,12.842390060424805,-0.00431657804052199,0.0,0.001445171481652352
2024-08-15,2,0.8153262510895729,0.029056922447229076,1.0,0.0,0.0,1,2024-08-15,2024-08-15,2024-08-15,12.842390060424805,13.84000015258789,14.0,13.819999694824219,13.859999656677246,5416500,2024-08-15,12.842390060424805,0.0,0.001445171481652352,0.002885949491768347
2024-08-16,5,0.5864600757136941,0.731455835279512,0.8,0.2,0.0,1,2024-08-16,2024-08-16,2024-08-16,12.860949516296387,13.859999656677246,14.0,13.84000015258789,13.899999618530273,7625800,2024-08-16,12.860949516296387,0.001445171481652352,0.002885949491768347,0.007194222794874028
2024-08-19,5,0.8641659774817526,0.1280121695056042,1.0,0.0,0.0,1,2024-08-19,2024-08-19,2024-08-19,12.898065567016602,13.899999618530273,13.979999542236328,13.859999656677246,13.859999656677246,6828500,2024-08-19,12.898065567016602,0.002885949491768347,0.007194222794874028,-0.007142835643864975
2024-08-20,6,0.34535685693845153,0.46271731251608905,0.8333333333333334,0.16666666666666666,0.0,1,2024-08-20,2024-08-20,2024-08-20,12.990857124328613,14.0,14.300000190734863,13.9399995803833,14.0,14907300,2024-08-20,12.990857124328613,0.007194222794874028,-0.007142835643864975,-0.002877644754352149
2024-08-21,8,-0.009715432068333002,0.779779879427172,0.5,0.5,0.0,1,2024-08-21,2024-08-21,2024-08-21,12.898065567016602,13.899999618530273,13.979999542236328,13.779999732971191,13.9399995803833,4161500,2024-08-21,12.898065567016602,-0.007142835643864975,-0.002877644754352149,-0.01010100860297547
2024-08-22,9,0.25440883558864397,0.6373437136511332,0.6666666666666666,0.2222222222222222,0.1111111111111111,1,2024-08-22,2024-08-22,2024-08-22,12.860949516296387,13.859999656677246,13.899999618530273,13.800000190734863,13.899999618530273,3760500,2024-08-22,12.860949516296387,-0.002877644754352149,-0.01010100860297547,0.014577214485914869
2024-08-23,8,-0.24598636792507025,0.7648629824156151,0.25,0.75,0.0,1,2024-08-23,2024-08-23,2024-08-23,12.731040954589844,13.720000267028809,13.859999656677246,13.619999885559082,13.800000190734863,2585400,2024-08-23,12.731040954589844,-0.01010100860297547,0.014577214485914869,0.0
2024-08-26,5,0.555123168276623,0.4918077045936407,0.8,0.0,0.2,2,2024-08-24,2024-08-26,2024-08-26,12.916624069213867,13.920000076293945,14.0,13.760000228881836,13.760000228881836,5585600,2024-08-26,12.916624069213867,0.014577214485914869,0.0,0.005747094187844137
2024-08-27,4,0.6961601113434881,0.28034157659571596,0.75,0.0,0.25,1,2024-08-27,2024-08-27,2024-08-27,12.916624069213867,13.920000076293945,14.0,13.84000015258789,13.84000015258789,4614600,2024-08-27,12.916624069213867,0.0,0.005747094187844137,-0.004285745433034616
2024-08-28,6,0.5649222374583284,0.5429491665615471,0.8333333333333334,0.16666666666666666,0.0,1,2024-08-28,2024-08-28,2024-08-28,12.990857124328613,14.0,14.100000381469727,13.9399995803833,13.9399995803833,9089800,2024-08-28,12.990857124328613,0.005747094187844137,-0.004285745433034616,0.050215279646044664
2024-08-29,6,0.3064854446177681,0.8227248591575494,0.6666666666666666,0.3333333333333333,0.0,1,2024-08-29,2024-08-29,2024-08-29,12.935181617736816,13.9399995803833,14.180000305175781,13.859999656677246,13.979999542236328,7144900,2024-08-29,12.935181617736816,-0.004285745433034616,0.050215279646044664,-0.005464450184936576
2024-08-30,12,0.6676986799187338,0.25462023215978064,1.0,0.0,0.0,1,2024-08-30,2024-08-30,2024-08-30,13.584725379943848,14.640000343322754,14.739999771118164,14.100000381469727,14.199999809265137,28038600,2024-08-30,13.584725379943848,0.050215279646044664,-0.005464450184936576,0.02335160471915354
2024-09-02,4,0.6451633848482743,0.4930702805378841,0.75,0.25,0.0,1,2024-09-02,2024-09-02,2024-09-02,13.510492324829102,14.5600004196167,14.899999618530273,14.5,14.640000343322754,10271300,2024-09-02,13.510492324829102,-0.005464450184936576,0.02335160471915354,0.0
2024-09-03,6,0.3140801707437883,0.5391057029572196,0.6666666666666666,0.3333333333333333,0.0,1,2024-09-03,2024-09-03,2024-09-03,13.825984001159668,14.899999618530273,14.960000038146973,14.539999961853027,14.5600004196167,24268800,2024-09-03,13.825984001159668,0.02335160471915354,0.0,-0.005369097426159319
2024-09-04,5,-0.4513688500970602,0.5444010654649897,0.2,0.8,0.0,1,2024-09-04,2024-09-04,2024-09-04,13.825984001159668,14.899999618530273,15.239999771118164,14.819999694824219,14.899999618530273,15741200,2024-09-04,13.825984001159668,0.0,-0.005369097426159319,-0.0067475482941598
2024-09-05,4,0.1593029983341694,0.26145079144049843,0.5,0.25,0.25,1,2024-09-05,2024-09-05,2024-09-05,13.751750946044922,14.819999694824219,15.0600004196167,14.699999809265137,14.899999618530273,14501500,2024-09-05,13.751750946044922,-0.005369097426159319,-0.0067475482941598,-0.005434891133910158
2024-09-06,5,-0.015294746309518815,0.8460836596106565,0.6,0.4,0.0,1,2024-09-06,2024-09-06,2024-09-06,13.658960342407227,14.720000267028809,14.960000038146973,14.640000343322754,14.800000190734863,14220800,2024-09-06,13.658960342407227,-0.0067475482941598,-0.005434891133910158,0.0013661300967235945
2024-09-09,9,0.20381365990680123,0.6954087165794949,0.4444444444444444,0.3333333333333333,0.2222222222222222,1,2024-09-09,2024-09-09,2024-09-09,13.584725379943848,14.640000343322754,14.739999771118164,14.600000381469727,14.699999809265137,9914300,2024-09-09,13.584725379943848,-0.005434891133910158,0.0013661300967235945,0.002728532662856553
2024-09-10,2,0.6338151068193839,0.49245304619205527,1.0,0.0,0.0,1,2024-09-10,2024-09-10,2024-09-10,13.603283882141113,14.65999984741211,14.800000190734863,14.579999923706055,14.680000305175781,19236100,2024-09-10,13.603283882141113,0.0013661300967235945,0.002728532662856553,-0.001360554015357729
2024-09-11,2,-0.06927160918712612,0.1150558177394952,0.0,0.5,0.5,1,2024-09-11,2024-09-11,2024-09-11,13.640400886535645,14.699999809265137,14.699999809265137,14.5600004196167,14.65999984741211,14833400,2024-09-11,13.640400886535645,0.002728532662856553,-0.001360554015357729,0.006811828190734559
2024-09-12,5,0.9080782828852534,0.07364958431936369,1.0,0.0,0.0,1,2024-09-12,2024-09-12,2024-09-12,13.621842384338379,14.680000305175781,14.880000114440918,14.619999885559082,14.699999809265137,14309000,2024-09-12,13.621842384338379,-0.001360554015357729,0.006811828190734559,0.0027065189682322632
2024-09-13,2,-0.20160455256700519,0.2651648006005764,0.0,1.0,0.0,1,2024-09-13,2024-09-13,2024-09-13,13.714632034301758,14.779999732971191,14.819999694824219,14.65999984741211,14.699999809265137,11064700,2024-09-13,13.714632034301758,0.006811828190734559,0.0027065189682322632,-0.005398149594209478
2024-09-17,3,0.5626256490747134,0.1386095189213132,1.0,0.0,0.0,2,2024-09-16,2024-09-17,2024-09-17,13.751750946044922,14.819999694824219,14.960000038146973,14.699999809265137,14.779999732971191,10137100,2024-09-17,13.751750946044922,0.0027065189682322632,-0.005398149594209478,-0.006784239985787144
2024-09-18,5,0.3174652743153275,0.8007277003505006,0.6,0.4,0.0,1,2024-09-18,2024-09-18,2024-09-18,13.67751693725586,14.739999771118164,14.819999694824219,14.640000343322754,14.779999732971191,8761000,2024-09-18,13.67751693725586,-0.005398149594209478,-0.006784239985787144,0.0
2024-09-19,3,0.8068332687641183,0.14437170457782664,1.0,0.0,0.0,1,2024-09-19,2024-09-19,2024-09-19,13.584725379943848,14.640000343322754,14.739999771118164,14.460000038146973,14.739999771118164,20082300,2024-09-19,13.584725379943848,-0.006784239985787144,0.0,0.00683058028166017
2024-09-20,10,0.6768729595933111,0.3788194230418938,0.8,0.0,0.2,1,2024-09-20,2024-09-20,2024-09-20,13.584725379943848,14.640000343322754,14.739999771118164,14.619999885559082,14.680000305175781,32717200,2024-09-20,13.584725379943848,0.0,0.00683058028166017,0.020352789683052208
2024-09-23,2,0.7705710045993328,0.13792919164922857,1.0,0.0,0.0,1,2024-09-23,2024-09-23,2024-09-23,13.67751693725586,14.739999771118164,14.760000228881836,14.65999984741211,14.680000305175781,18139800,2024-09-23,13.67751693725586,0.00683058028166017,0.020352789683052208,-0.0013297285314682883
2024-09-24,5,0.6823312174528838,0.3562201764828885,1.0,0.0,0.0,1,2024-09-24,2024-09-24,2024-09-24,13.955892562866211,15.039999961853027,15.100000381469727,14.739999771118164,14.739999771118164,18658800,2024-09-24,13.955892562866211,0.020352789683052208,-0.0013297285314682883,-0.0066578374481802705
2024-09-25,9,0.7011162476717598,0.3590777702056941,0.8888888888888888,0.1111111111111111,0.0,1,2024-09-25,2024-09-25,2024-09-25,13.937335014343262,15.020000457763672,15.180000305175781,14.84000015258789,15.039999961853027,13722900,2024-09-25,13.937335014343262,-0.0013297285314682883,-0.0066578374481802705,-0.0006816120762785927
2024-09-26,8,-0.4352866117842496,0.4517856951594437,0.25,0.75,0.0,1,2024-09-26,2024-09-26,2024-09-26,13.844542503356934,14.920000076293945,15.100000381469727,14.84000015258789,15.0,11857900,2024-09-26,13.844542503356934,-0.0066578374481802705,-0.0006816120762785927,-0.015006934506822889
2024-09-27,4,-0.2568512260913849,0.5521841552441239,0.5,0.5,0.0,1,2024-09-27,2024-09-27,2024-09-27,13.835105895996094,14.65999984741211,14.779999732971191,14.579999923706055,14.739999771118164,7529200,2024-09-27,13.835105895996094,-0.0006816120762785927,-0.015006934506822889,-0.002770085234899189
2024-09-30,6,-0.6396869073311489,0.3394796677604028,0.0,0.8333333333333334,0.16666666666666666,1,2024-09-30,2024-09-30,2024-09-30,13.627483367919922,14.4399995803833,14.65999984741211,14.420000076293945,14.65999984741211,11528100,2024-09-30,13.627483367919922,-0.015006934506822889,-0.002770085234899189,-0.006944344540991909
2024-10-01,5,0.5159849032759667,0.6711365115716423,0.8,0.2,0.0,1,2024-10-01,2024-10-01,2024-10-01,13.589734077453613,14.399999618530273,14.5600004196167,14.34000015258789,14.420000076293945,12825500,2024-10-01,13.589734077453613,-0.002770085234899189,-0.006944344540991909,-0.0013987083377587917
2024-10-02,6,-0.4378499984741211,0.321616798685882,0.16666666666666666,0.8333333333333334,0.0,1,2024-10-02,2024-10-02,2024-10-02,13.495362281799316,14.300000190734863,14.399999618530273,14.220000267028809,14.380000114440918,7436800,2024-10-02,13.495362281799316,-0.006944344540991909,-0.0013987083377587917,0.0
2024-10-03,6,0.4083327897824347,0.72458933122848,0.8333333333333334,0.16666666666666666,0.0,1,2024-10-03,2024-10-03,2024-10-03,13.476486206054688,14.279999732971191,14.380000114440918,14.0600004196167,14.300000190734863,14830000,2024-10-03,13.476486206054688,-0.0013987083377587917,0.0,-0.02100831356608679
2024-10-04,4,-0.3259746069088578,0.6140827396899597,0.25,0.75,0.0,1,2024-10-04,2024-10-04,2024-10-04,13.476486206054688,14.279999732971191,14.420000076293945,14.140000343322754,14.279999732971191,12669600,2024-10-04,13.476486206054688,0.0,-0.02100831356608679,0.014306161469263667
2024-10-07,5,0.7022224199026823,0.15651273711225283,1.0,0.0,0.0,2,2024-10-05,2024-10-07,2024-10-07,13.193367958068848,13.979999542236328,14.380000114440918,13.920000076293945,14.319999694824219,12317900,2024-10-07,13.193367958068848,-0.02100831356608679,0.014306161469263667,0.016925258285179767
2024-10-08,2,-0.2942219711840153,0.6983196321557159,0.5,0.5,0.0,1,2024-10-08,2024-10-08,2024-10-08,13.38211441040039,14.180000305175781,14.279999732971191,13.899999618530273,13.979999542236328,7945400,2024-10-08,13.38211441040039,0.014306161469263667,0.016925258285179767,-0.0027739269507575104
2024-10-09,9,0.3935534353626685,0.4856502051562009,0.6666666666666666,0.2222222222222222,0.1111111111111111,1,2024-10-09,2024-10-09,2024-10-09,13.608610153198242,14.420000076293945,14.5600004196167,14.199999809265137,14.199999809265137,11130600,2024-10-09,13.608610153198242,0.016925258285179767,-0.0027739269507575104,0.005563286050625615
2024-10-10,7,0.6176105113700032,0.34182149000932927,0.8571428571428571,0.14285714285714285,0.0,1,2024-10-10,2024-10-10,2024-10-10,13.570860862731934,14.380000114440918,14.479999542236328,14.380000114440918,14.460000038146973,7916000,2024-10-10,13.570860862731934,-0.0027739269507575104,0.005563286050625615,0.0013830219553860879
2024-10-11,2,-0.23399838805198678,0.3079341475272642,0.0,1.0,0.0,1,2024-10-11,2024-10-11,2024-10-11,13.64635944366455,14.460000038146973,14.5,14.34000015258789,14.34000015258789,7478100,2024-10-11,13.64635944366455,0.005563286050625615,0.0013830219553860879,0.002762502848237869
2024-10-15,2,0.16269117756746704,1.0513635276073152,0.5,0.5,0.0,1,2024-10-15,2024-10-15,2024-10-15,13.702982902526855,14.520000457763672,14.5600004196167,14.479999542236328,14.479999542236328,8027300,2024-10-15,13.702982902526855,0.002762502848237869,-0.004132199482775656,0.013831267827198346
2024-10-16,1,0.9275535540655255,0.0,1.0,0.0,0.0,1,2024-10-16,2024-10-16,2024-10-16,13.64635944366455,14.460000038146973,14.600000381469727,14.420000076293945,14.600000381469727,6927400,2024-10-16,13.64635944366455,-0.004132199482775656,0.013831267827198346,0.001364222907860757
2024-10-17,3,0.6694887444997827,0.41206596755371394,1.0,0.0,0.0,1,2024-10-17,2024-10-17,2024-10-17,13.835105895996094,14.65999984741211,14.720000267028809,14.460000038146973,14.460000038146973,11590700,2024-10-17,13.835105895996094,0.013831267827198346,0.001364222907860757,-0.002724797516010069
2024-10-21,3,-0.2191050946712494,0.33739877344526303,0.3333333333333333,0.6666666666666666,0.0,1,2024-10-21,2024-10-21,2024-10-21,13.816230773925781,14.640000343322754,14.720000267028809,14.579999923706055,14.680000305175781,8768900,2024-10-21,13.816230773925781,-0.002724797516010069,-0.012295055941148214,-0.0027662535654396914
2024-10-22,3,-0.42681949834028887,0.4639303534817389,0.3333333333333333,0.6666666666666666,0.0,1,2024-10-22,2024-10-22,2024-10-22,13.64635944366455,14.460000038146973,14.720000267028809,14.460000038146973,14.699999809265137,9928600,2024-10-22,13.64635944366455,-0.012295055941148214,-0.0027662535654396914,-0.00416099554425331
2024-10-23,8,0.29158938268665224,0.5916161709000743,0.625,0.125,0.25,1,2024-10-23,2024-10-23,2024-10-23,13.608610153198242,14.420000076293945,14.5,14.399999618530273,14.4399995803833,13546500,2024-10-23,13.608610153198242,-0.0027662535654396914,-0.00416099554425331,0.0013928642956235748
2024-10-24,4,-0.2372653475031257,0.840153464332823,0.25,0.75,0.0,1,2024-10-24,2024-10-24,2024-10-24,13.551984786987305,14.359999656677246,14.579999923706055,14.359999656677246,14.399999618530273,11098100,2024-10-24,13.551984786987305,-0.00416099554425331,0.0013928642956235748,-0.02642557360363218
2024-10-25,6,-0.10091576430325706,0.5420561173752074,0.3333333333333333,0.6666666666666666,0.0,1,2024-10-25,2024-10-25,2024-10-25,13.570860862731934,14.380000114440918,14.579999923706055,14.199999809265137,14.359999656677246,3087800,2024-10-25,13.570860862731934,0.0013928642956235748,-0.02642557360363218,0.004285753160395478
2024-10-28,5,0.3339626957662404,0.5680786890128189,0.8,0.2,0.0,1,2024-10-28,2024-10-28,2024-10-28,13.21224308013916,14.0,14.420000076293945,13.9399995803833,14.380000114440918,4911100,2024-10-28,13.21224308013916,-0.02642557360363218,0.004285753160395478,-0.0014225119122435181
2024-10-29,7,0.30602569059867946,0.787202876222634,0.7142857142857143,0.2857142857142857,0.0,1,2024-10-29,2024-10-29,2024-10-29,13.268867492675781,14.0600004196167,14.180000305175781,13.880000114440918,14.0,9772300,2024-10-29,13.268867492675781,0.004285753160395478,-0.0014225119122435181,-0.009971552418577057
2024-10-30,9,0.7164910105574462,0.5205930313767839,0.8888888888888888,0.1111111111111111,0.0,1,2024-10-30,2024-10-30,2024-10-30,13.249992370605469,14.039999961853027,14.220000267028809,13.899999618530273,14.0600004196167,20610400,2024-10-30,13.249992370605469,-0.0014225119122435181,-0.009971552418577057,0.01294968558168641
2024-11-01,13,0.022305736425690927,0.5873167782662554,0.38461538461538464,0.46153846153846156,0.15384615384615385,2,2024-10-31,2024-11-01,2024-11-01,13.11786937713623,13.899999618530273,14.0,13.800000190734863,13.960000038146973,11147300,2024-11-01,13.11786937713623,-0.009971552418577057,0.01294968558168641,0.0
2024-11-04,2,0.7107717767357826,0.12564303232844687,1.0,0.0,0.0,1,2024-11-04,2024-11-04,2024-11-04,13.287741661071777,14.079999923706055,14.15999984741211,13.920000076293945,13.960000038146973,7816800,2024-11-04,13.287741661071777,0.01294968558168641,0.0,0.021306796059227473
2024-11-05,4,-0.18034371733665466,0.7073134037546462,0.25,0.5,0.25,1,2024-11-05,2024-11-05,2024-11-05,13.287741661071777,14.079999923706055,14.140000343322754,13.979999542236328,14.039999961853027,9107800,2024-11-05,13.287741661071777,0.0,0.021306796059227473,-0.0013909269231744403
2024-11-06,6,0.8257438677828759,0.16680161161428203,1.0,0.0,0.0,1,2024-11-06,2024-11-06,2024-11-06,13.570860862731934,14.380000114440918,14.380000114440918,14.0600004196167,14.079999923706055,7393200,2024-11-06,13.570860862731934,0.021306796059227473,-0.0013909269231744403,0.0027855174765658575
2024-11-07,4,0.6998351148795336,0.26302363820749164,1.0,0.0,0.0,1,2024-11-07,2024-11-07,2024-11-07,13.551984786987305,14.359999656677246,14.5,14.239999771118164,14.399999618530273,11301400,2024-11-07,13.551984786987305,-0.0013909269231744403,0.0027855174765658575,-0.020833244151226893
2024-11-08,4,-0.15010704100131989,0.5654667453174977,0.5,0.5,0.0,1,2024-11-08,2024-11-08,2024-11-08,13.589734077453613,14.399999618530273,14.5,14.380000114440918,14.479999542236328,4104800,2024-11-08,13.589734077453613,0.0027855174765658575,-0.020833244151226893,0.0
2024-11-11,2,0.06574565975461161,1.14880165562288,0.5,0.5,0.0,1,2024-11-11,2024-11-11,2024-11-11,13.306615829467773,14.100000381469727,14.460000038146973,14.100000381469727,14.399999618530273,3020000,2024-11-11,13.306615829467773,-0.020833244151226893,0.0,0.021276502727227475
2024-11-12,5,0.20609358372166753,0.7274954222874845,0.6,0.4,0.0,1,2024-11-12,2024-11-12,2024-11-12,13.306615829467773,14.100000381469727,14.260000228881836,13.920000076293945,14.140000343322754,9342800,2024-11-12,13.306615829467773,0.0,0.021276502727227475,-0.006944344540991909
2024-11-13,10,0.26804313310422,0.6450850220632949,0.7,0.3,0.0,1,2024-11-13,2024-11-13,2024-11-13,13.589734077453613,14.399999618530273,14.460000038146973,14.079999923706055,14.100000381469727,4959400,2024-11-13,13.589734077453613,0.021276502727227475,-0.006944344540991909,-0.0069931176878834655
2024-11-14,2,0.669632432051003,0.04127421250045515,1.0,0.0,0.0,1,2024-11-14,2024-11-14,2024-11-14,13.495362281799316,14.300000190734863,14.380000114440918,14.140000343322754,14.359999656677246,6535200,2024-11-14,13.495362281799316,-0.006944344540991909,-0.0069931176878834655,0.011267614454189001
2024-11-15,2,0.8294730102643372,0.14782301023774622,1.0,0.0,0.0,1,2024-11-15,2024-11-15,2024-11-15,13.40098762512207,14.199999809265137,14.399999618530273,14.199999809265137,14.300000190734863,9506600,2024-11-15,13.40098762512207,-0.0069931176878834655,0.011267614454189001,0.004178381772189432
2024-11-18,3,0.5822631965080898,0.08613985111488244,1.0,0.0,0.0,1,2024-11-18,2024-11-18,2024-11-18,13.551984786987305,14.359999656677246,14.380000114440918,14.199999809265137,14.199999809265137,4987600,2024-11-18,13.551984786987305,0.011267614454189001,0.004178381772189432,-0.00832178085227242
2024-11-19,4,-0.310034342110157,0.32267142332693194,0.25,0.75,0.0,1,2024-11-19,2024-11-19,2024-11-19,13.608610153198242,14.420000076293945,14.5,14.380000114440918,14.380000114440918,6412500,2024-11-19,13.608610153198242,0.004178381772189432,-0.00832178085227242,-0.0349650231048696
2024-11-20,4,-0.32619573059491813,0.6762300701287117,0.25,0.75,0.0,1,2024-11-20,2024-11-20,2024-11-20,13.495362281799316,14.300000190734863,14.460000038146973,14.260000228881836,14.420000076293945,6558300,2024-11-20,13.495362281799316,-0.00832178085227242,-0.0349650231048696,0.014492763174563494
2024-11-21,4,0.05550035566557196,0.7063269978385622,0.25,0.5,0.25,1,2024-11-21,2024-11-21,2024-11-21,13.023496627807617,13.800000190734863,14.220000267028809,13.800000190734863,14.220000267028809,8339900,2024-11-21,13.023496627807617,-0.0349650231048696,0.014492763174563494,0.002857144713228399
2024-11-22,3,0.628162266065677,0.46936254492911866,1.0,0.0,0.0,1,2024-11-22,2024-11-22,2024-11-22,13.21224308013916,14.0,14.039999961853027,13.859999656677246,13.859999656677246,10849900,2024-11-22,13.21224308013916,0.014492763174563494,0.002857144713228399,0.0
2024-11-25,6,0.31080032543589675,0.3607372558915257,0.5,0.0,0.5,2,2024-11-23,2024-11-25,2024-11-25,13.249992370605469,14.039999961853027,14.15999984741211,13.979999542236328,14.020000457763672,35836900,2024-11-25,13.249992370605469,0.002857144713228399,0.0,-0.004273543029521987
2024-11-26,1,-0.7921162042766811,0.0,0.0,1.0,0.0,1,2024-11-26,2024-11-26,2024-11-26,13.249992370605469,14.039999961853027,14.140000343322754,13.9399995803833,14.0,10049700,2024-11-26,13.249992370605469,0.0,-0.004273543029521987,0.0
2024-11-27,1,0.07686957716941828,0.0,1.0,0.0,0.0,1,2024-11-27,2024-11-27,2024-11-27,13.193367958068848,13.979999542236328,14.100000381469727,13.979999542236328,14.039999961853027,11451800,2024-11-27,13.193367958068848,-0.004273543029521987,0.0,-0.022889858350821912
2024-11-28,4,0.29468722909223294,0.7654437866891325,0.5,0.5,0.0,1,2024-11-28,2024-11-28,2024-11-28,13.193367958068848,13.979999542236328,14.039999961853027,13.960000038146973,14.020000457763672,8809900,2024-11-28,13.193367958068848,0.0,-0.022889858350821912,-0.01317720583965254
2024-11-29,11,-0.09767298271286894,0.763882855708224,0.36363636363636365,0.6363636363636364,0.0,1,2024-11-29,2024-11-29,2024-11-29,12.891373634338379,13.65999984741211,13.899999618530273,13.020000457763672,13.800000190734863,25386200,2024-11-29,12.891373634338379,-0.022889858350821912,-0.01317720583965254,-0.007418290739033662
2024-12-02,5,0.4593133290298283,0.33886730898549233,1.0,0.0,0.0,2,2024-12-01,2024-12-02,2024-12-02,12.721501350402832,13.479999542236328,13.760000228881836,13.420000076293945,13.760000228881836,7447800,2024-12-02,12.721501350402832,-0.01317720583965254,-0.007418290739033662,0.019431962753686527
2024-12-03,2,0.905290842987597,0.06446414875517589,1.0,0.0,0.0,1,2024-12-03,2024-12-03,2024-12-03,12.627129554748535,13.380000114440918,13.539999961853027,13.300000190734863,13.4399995803833,17101200,2024-12-03,12.627129554748535,-0.007418290739033662,0.019431962753686527,-0.002932553275001859
2024-12-04,5,0.6449234470725059,0.19826134107413837,1.0,0.0,0.0,1,2024-12-04,2024-12-04,2024-12-04,12.872499465942383,13.640000343322754,13.699999809265137,13.399999618530273,13.460000038146973,12933200,2024-12-04,12.872499465942383,0.019431962753686527,-0.002932553275001859,-0.00588235687492189
2024-12-05,6,0.7734856018796563,0.3404202090243388,1.0,0.0,0.0,1,2024-12-05,2024-12-05,2024-12-05,12.834750175476074,13.600000381469727,13.699999809265137,13.520000457763672,13.680000305175781,9021300,2024-12-05,12.834750175476074,-0.002932553275001859,-0.00588235687492189,0.022189326667187315
2024-12-06,7,0.2939430536103568,0.6670211716079463,0.7142857142857143,0.2857142857142857,0.0,1,2024-12-06,2024-12-06,2024-12-06,12.759251594543457,13.520000457763672,13.680000305175781,13.479999542236328,13.680000305175781,8691000,2024-12-06,12.759251594543457,-0.00588235687492189,0.022189326667187315,-0.010130216496634148
2024-12-09,12,0.11057340411935002,0.7270249174506441,0.4166666666666667,0.4166666666666667,0.16666666666666666,1,2024-12-09,2024-12-09,2024-12-09,13.042370796203613,13.819999694824219,13.819999694824219,13.4399995803833,13.520000457763672,5899500,2024-12-09,13.042370796203613,0.022189326667187315,-0.010130216496634148,0.005847957104245571
2024-12-10,6,0.5536436526260029,0.561456413621126,0.8333333333333334,0.16666666666666666,0.0,1,2024-12-10,2024-12-10,2024-12-10,12.910248756408691,13.680000305175781,13.899999618530273,13.680000305175781,13.880000114440918,10913200,2024-12-10,12.910248756408691,-0.010130216496634148,0.005847957104245571,-0.014534893327917353
2024-12-11,6,-0.3106430964544416,0.6739171680095289,0.16666666666666666,0.8333333333333334,0.0,1,2024-12-11,2024-12-11,2024-12-11,12.985747337341309,13.760000228881836,13.800000190734863,13.680000305175781,13.680000305175781,3710400,2024-12-11,12.985747337341309,0.005847957104245571,-0.014534893327917353,0.011799417943473722
2024-12-12,8,-0.2872332615952473,0.7341687431521751,0.25,0.75,0.0,1,2024-12-12,2024-12-12,2024-12-12,12.797000885009766,13.5600004196167,13.760000228881836,13.5600004196167,13.760000228881836,7321400,2024-12-12,12.797000885009766,-0.014534893327917353,0.011799417943473722,0.0
2024-12-13,7,0.44493348790066584,0.17631847277018262,1.0,0.0,0.0,1,2024-12-13,2024-12-13,2024-12-13,12.947998046875,13.720000267028809,13.800000190734863,13.619999885559082,13.640000343322754,3119500,2024-12-13,12.947998046875,0.011799417943473722,0.0,0.005830907655322015
2024-12-17,1,0.9096788596361876,0.0,1.0,0.0,0.0,1,2024-12-17,2024-12-17,2024-12-17,13.023496627807617,13.800000190734863,13.920000076293945,13.680000305175781,13.739999771118164,7066200,2024-12-17,13.023496627807617,0.005830907655322015,0.02028986844438907,-0.009943224126362282
2024-12-18,7,0.30166591703891754,0.6844023477037858,0.7142857142857143,0.2857142857142857,0.0,1,2024-12-18,2024-12-18,2024-12-18,13.287741661071777,14.079999923706055,14.100000381469727,13.800000190734863,13.84000015258789,9943600,2024-12-18,13.287741661071777,0.02028986844438907,-0.009943224126362282,0.0
2024-12-19,4,0.7967765477951617,0.2874411088294731,1.0,0.0,0.0,1,2024-12-19,2024-12-19,2024-12-19,13.155618667602539,13.9399995803833,14.0600004196167,13.800000190734863,14.020000457763672,13128900,2024-12-19,13.155618667602539,-0.009943224126362282,0.0,0.004304199898714556
2024-12-20,1,0.952214490622282,0.0,1.0,0.0,0.0,1,2024-12-20,2024-12-20,2024-12-20,13.155618667602539,13.9399995803833,13.979999542236328,13.84000015258789,13.899999618530273,7354400,2024-12-20,13.155618667602539,0.0,0.004304199898714556,0.005714289426456798
2024-12-23,6,0.5737349783691268,0.3107495889206533,0.8333333333333334,0.0,0.16666666666666666,1,2024-12-23,2024-12-23,2024-12-23,13.21224308013916,14.0,14.140000343322754,13.899999618530273,13.899999618530273,4428000,2024-12-23,13.21224308013916,0.004304199898714556,0.005714289426456798,0.007102241429413958
2024-12-24,8,0.39006811031140387,0.5792505814585793,0.625,0.125,0.25,1,2024-12-24,2024-12-24,2024-12-24,13.287741661071777,14.079999923706055,14.100000381469727,14.0,14.0,1738800,2024-12-24,13.287741661071777,0.005714289426456798,0.007102241429413958,0.03949226933208583
2024-12-26,10,0.627929411130026,0.32911572890275137,1.0,0.0,0.0,2,2024-12-25,2024-12-26,2024-12-26,13.38211441040039,14.180000305175781,14.199999809265137,14.079999923706055,14.079999923706055,2126300,2024-12-26,13.38211441040039,0.007102241429413958,0.03949226933208583,0.006784230655478396
2024-12-27,15,0.7595816345419735,0.26388129502665286,0.9333333333333333,0.0,0.06666666666666667,1,2024-12-27,2024-12-27,2024-12-27,13.910604476928711,14.739999771118164,15.039999961853027,14.420000076293945,14.420000076293945,17025100,2024-12-27,13.910604476928711,0.03949226933208583,0.006784230655478396,0.006738515015338731
2024-12-30,9,0.3882203352016707,0.6605184603944491,0.6666666666666666,0.2222222222222222,0.1111111111111111,1,2024-12-30,2024-12-30,2024-12-30,14.004977226257324,14.84000015258789,14.899999618530273,14.539999961853027,14.579999923706055,7852900,2024-12-30,14.004977226257324,0.006784230655478396,0.006738515015338731,-0.012048167508103225
2024-12-31,8,0.24451892319484614,0.6313891820352174,0.625,0.375,0.0,1,2024-12-31,2024-12-31,2024-12-31,14.099349975585938,14.9399995803833,14.960000038146973,14.779999732971191,14.84000015258789,7707100,2024-12-31,14.099349975585938,0.006738515015338731,-0.012048167508103225,-0.010840115822706387
2025-01-02,9,-0.2276942964332799,0.7345829779977763,0.3333333333333333,0.6666666666666666,0.0,2,2025-01-01,2025-01-02,2025-01-02,13.929478645324707,14.760000228881836,14.9399995803833,14.65999984741211,14.9399995803833,9167400,2025-01-02,13.929478645324707,-0.012048167508103225,-0.010840115822706387,-0.0013698293544650575
2025-01-03,11,0.18560924778946422,0.6285416207005391,0.5454545454545454,0.36363636363636365,0.09090909090909091,1,2025-01-03,2025-01-03,2025-01-03,13.778481483459473,14.600000381469727,14.800000190734863,14.4399995803833,14.800000190734863,6305500,2025-01-03,13.778481483459473,-0.010840115822706387,-0.0013698293544650575,-0.017832763168601273
2025-01-06,3,-0.42229760189851123,0.6866197134360728,0.3333333333333333,0.6666666666666666,0.0,1,2025-01-06,2025-01-06,2025-01-06,13.759607315063477,14.579999923706055,14.640000343322754,14.520000457763672,14.600000381469727,4979800,2025-01-06,13.759607315063477,-0.0013698293544650575,-0.017832763168601273,0.0
2025-01-07,5,0.46600076551549136,0.6613963779672357,0.6,0.4,0.0,1,2025-01-07,2025-01-07,2025-01-07,13.514235496520996,14.319999694824219,14.579999923706055,14.260000228881836,14.579999923706055,7647300,2025-01-07,13.514235496520996,-0.017832763168601273,0.0,-0.013966420720270545
2025-01-08,5,-0.26855830862186847,0.7071997353357635,0.2,0.8,0.0,1,2025-01-08,2025-01-08,2025-01-08,13.514235496520996,14.319999694824219,14.5,14.300000190734863,14.319999694824219,5157200,2025-01-08,13.514235496520996,0.0,-0.013966420720270545,-0.0014163958247705999
2025-01-09,4,0.05354222259484226,1.0335463305096908,0.5,0.5,0.0,1,2025-01-09,2025-01-09,2025-01-09,13.32548999786377,14.119999885559082,14.359999656677246,14.119999885559082,14.34000015258789,4188600,2025-01-09,13.32548999786377,-0.013966420720270545,-0.0014163958247705999,-0.014184406820670348
2025-01-10,8,0.015445494791492806,0.6850093599394669,0.5,0.375,0.125,1,2025-01-10,2025-01-10,2025-01-10,13.306615829467773,14.100000381469727,14.279999732971191,14.079999923706055,14.140000343322754,9724600,2025-01-10,13.306615829467773,-0.0014163958247705999,-0.014184406820670348,-0.005755399658438964
2025-01-13,7,0.07656392381925668,0.7485820814232876,0.42857142857142855,0.5714285714285714,0.0,1,2025-01-13,2025-01-13,2025-01-13,13.11786937713623,13.899999618530273,14.0600004196167,13.699999809265137,14.039999961853027,10468900,2025-01-13,13.11786937713623,-0.014184406820670348,-0.005755399658438964,-0.023154791009626585
2025-01-14,6,0.35615759536934394,0.6751899132431471,0.6666666666666666,0.16666666666666666,0.16666666666666666,1,2025-01-14,2025-01-14,2025-01-14,13.042370796203613,13.819999694824219,13.979999542236328,13.619999885559082,13.819999694824219,9643600,2025-01-14,13.042370796203613,-0.005755399658438964,-0.023154791009626585,-0.02814820348501501
2025-01-15,6,-0.31618859494725865,0.6973232362887763,0.3333333333333333,0.6666666666666666,0.0,1,2025-01-15,2025-01-15,2025-01-15,12.740377426147461,13.5,13.960000038146973,13.359999656677246,13.84000015258789,9961600,2025-01-15,12.740377426147461,-0.023154791009626585,-0.02814820348501501,0.03658539121473381
2025-01-16,11,0.16737175455570896,0.7618719430952239,0.5454545454545454,0.45454545454545453,0.0,1,2025-01-16,2025-01-16,2025-01-16,12.381758689880371,13.119999885559082,13.739999771118164,13.079999923706055,13.579999923706055,16642000,2025-01-16,12.381758689880371,-0.02814820348501501,0.03658539121473381,0.013235265816533781
2025-01-17,12,0.28359292156528687,0.6721100758276969,0.5833333333333334,0.16666666666666666,0.25,1,2025-01-17,2025-01-17,2025-01-17,12.834750175476074,13.600000381469727,13.739999771118164,13.15999984741211,13.180000305175781,16600500,2025-01-17,12.834750175476074,0.03658539121473381,0.013235265816533781,-0.0072568624382477465
2025-01-20,6,0.6016198047436775,0.6257218538284715,0.8333333333333334,0.16666666666666666,0.0,2,2025-01-18,2025-01-20,2025-01-20,13.004621505737305,13.779999732971191,13.859999656677246,13.5600004196167,13.680000305175781,9424400,2025-01-20,13.004621505737305,0.013235265816533781,-0.0072568624382477465,0.014619892760613817
2025-01-21,3,0.9291613027453423,0.03492341136963766,1.0,0.0,0.0,1,2025-01-21,2025-01-21,2025-01-21,12.910248756408691,13.680000305175781,13.880000114440918,13.619999885559082,13.779999732971191,8858700,2025-01-21,12.910248756408691,-0.0072568624382477465,0.014619892760613817,-0.0057636925374429104
2025-01-22,1,0.49573564529418945,0.0,1.0,0.0,0.0,1,2025-01-22,2025-01-22,2025-01-22,13.098995208740234,13.880000114440918,13.880000114440918,13.699999809265137,13.699999809265137,5921200,2025-01-22,13.098995208740234,0.014619892760613817,-0.0057636925374429104,-0.0028985526349126767
2025-01-23,5,-0.36120985448360443,0.5730591758109411,0.4,0.6,0.0,1,2025-01-23,2025-01-23,2025-01-23,13.023496627807617,13.800000190734863,13.880000114440918,13.760000228881836,13.880000114440918,10695200,2025-01-23,13.023496627807617,-0.0057636925374429104,-0.0028985526349126767,-0.023255902764747316
2025-01-24,4,-0.2670795675367117,0.4514370606345267,0.25,0.5,0.25,1,2025-01-24,2025-01-24,2025-01-24,12.985747337341309,13.760000228881836,13.84000015258789,13.619999885559082,13.800000190734863,6074000,2025-01-24,12.985747337341309,-0.0028985526349126767,-0.023255902764747316,0.01190484604445241
2025-01-27,7,-0.25228672398121227,0.8164701941476779,0.2857142857142857,0.7142857142857143,0.0,1,2025-01-27,2025-01-27,2025-01-27,12.683752059936523,13.4399995803833,13.760000228881836,13.359999656677246,13.760000228881836,18384500,2025-01-27,12.683752059936523,-0.023255902764747316,0.01190484604445241,0.0
2025-01-28,9,-0.054760187967783897,0.9168140558880118,0.4444444444444444,0.5555555555555556,0.0,1,2025-01-28,2025-01-28,2025-01-28,12.834750175476074,13.600000381469727,13.65999984741211,13.239999771118164,13.479999542236328,5305700,2025-01-28,12.834750175476074,0.01190484604445241,0.0,-0.0014706263707709999
2025-01-31,8,0.7061121796141379,0.31475622625466587,1.0,0.0,0.0,2,2025-01-29,2025-01-31,2025-01-31,12.834750175476074,13.600000381469727,13.699999809265137,13.520000457763672,13.579999923706055,7179400,2025-01-31,12.834750175476074,0.0,-0.0014706263707709999,-0.0029455101824106267
2025-02-03,1,-0.8172615356743337,0.0,0.0,1.0,0.0,1,2025-02-03,2025-02-03,2025-02-03,12.815875053405762,13.579999923706055,13.640000343322754,13.399999618530273,13.479999542236328,6631100,2025-02-03,12.815875053405762,-0.0014706263707709999,-0.0029455101824106267,0.0059084236869531015
2025-02-04,4,0.6534042023122311,0.21193784871067708,1.0,0.0,0.0,1,2025-02-04,2025-02-04,2025-02-04,12.778125762939453,13.539999961853027,13.699999809265137,13.539999961853027,13.699999809265137,6676600,2025-02-04,12.778125762939453,-0.0029455101824106267,0.0059084236869531015,0.007342186178633803
2025-02-05,3,0.05819241454203924,0.7843646769118153,0.6666666666666666,0.3333333333333333,0.0,1,2025-02-05,2025-02-05,2025-02-05,12.85362434387207,13.619999885559082,13.680000305175781,13.5600004196167,13.640000343322754,5035700,2025-02-05,12.85362434387207,0.0059084236869531015,0.007342186178633803,0.0014576900867351306
2025-02-06,5,0.2628938784822822,0.7087897359227584,0.6,0.2,0.2,1,2025-02-06,2025-02-06,2025-02-06,12.947998046875,13.720000267028809,13.760000228881836,13.640000343322754,13.699999809265137,7475000,2025-02-06,12.947998046875,0.007342186178633803,0.0014576900867351306,0.007278062237074057
2025-02-07,5,0.3645494658499956,0.5803313473082091,0.4,0.4,0.2,1,2025-02-07,2025-02-07,2025-02-07,12.966872215270996,13.739999771118164,13.779999732971191,13.600000381469727,13.699999809265137,4371000,2025-02-07,12.966872215270996,0.0014576900867351306,0.007278062237074057,0.007225401766348893
2025-02-10,4,0.005228207446634783,0.42958855304357174,0.5,0.5,0.0,1,2025-02-10,2025-02-10,2025-02-10,13.061245918273926,13.84000015258789,13.84000015258789,13.619999885559082,13.699999809265137,4524500,2025-02-10,13.061245918273926,0.007278062237074057,0.007225401766348893,-0.004304127406926761
2025-02-12,3,-0.024861201643943787,0.7988582509889467,0.3333333333333333,0.6666666666666666,0.0,1,2025-02-12,2025-02-12,2025-02-12,13.155618667602539,13.9399995803833,13.9399995803833,13.800000190734863,13.84000015258789,6382900,2025-02-12,13.155618667602539,0.007225401766348893,-0.004304127406926761,0.0014408867317854401
2025-02-13,2,-0.2705796603113413,0.7619544902999684,0.5,0.5,0.0,1,2025-02-13,2025-02-13,2025-02-13,13.098995208740234,13.880000114440918,14.0,13.859999656677246,13.9399995803833,5996700,2025-02-13,13.098995208740234,-0.004304127406926761,0.0014408867317854401,0.001438886264808481
2025-02-14,5,0.44295558943413205,0.7278586689448268,0.8,0.2,0.0,1,2025-02-14,2025-02-14,2025-02-14,13.11786937713623,13.899999618530273,13.920000076293945,13.819999694824219,13.880000114440918,3482700,2025-02-14,13.11786937713623,0.0014408867317854401,0.001438886264808481,0.0014367462499660366
2025-02-17,6,-0.47802286222577095,0.3734195449459336,0.0,0.8333333333333334,0.16666666666666666,1,2025-02-17,2025-02-17,2025-02-17,13.136744499206543,13.920000076293945,13.9399995803833,13.800000190734863,13.899999618530273,1608800,2025-02-17,13.136744499206543,0.001438886264808481,0.0014367462499660366,-0.0057388848704275075
2025-02-18,4,-0.24094513803720474,0.4003354037871163,0.25,0.75,0.0,1,2025-02-18,2025-02-18,2025-02-18,13.155618667602539,13.9399995803833,13.979999542236328,13.84000015258789,13.920000076293945,2056000,2025-02-18,13.155618667602539,0.0014367462499660366,-0.0057388848704275075,-0.004328970872370719
2025-02-19,9,0.12669941472510496,0.7747712941316534,0.4444444444444444,0.4444444444444444,0.1111111111111111,1,2025-02-19,2025-02-19,2025-02-19,13.080120086669922,13.859999656677246,13.960000038146973,13.84000015258789,13.9399995803833,2783300,2025-02-19,13.080120086669922,-0.0057388848704275075,-0.004328970872370719,0.013043450243502397
2025-02-20,8,-0.045288357854588,0.876100003522329,0.375,0.5,0.125,1,2025-02-20,2025-02-20,2025-02-20,13.023496627807617,13.800000190734863,13.880000114440918,13.680000305175781,13.859999656677246,5247400,2025-02-20,13.023496627807617,-0.004328970872370719,0.013043450243502397,-0.0243204383555623
2025-02-21,4,0.7237038100138307,0.14726582941571878,1.0,0.0,0.0,1,2025-02-21,2025-02-21,2025-02-21,13.193367958068848,13.979999542236328,13.979999542236328,13.760000228881836,13.800000190734863,2600400,2025-02-21,13.193367958068848,0.013043450243502397,-0.0243204383555623,-0.017595393736191234
2025-02-24,5,-0.3014434077776969,0.6828448763677701,0.2,0.8,0.0,1,2025-02-24,2025-02-24,2025-02-24,12.872499465942383,13.640000343322754,13.960000038146973,13.640000343322754,13.960000038146973,7339100,2025-02-24,12.872499465942383,-0.0243204383555623,-0.017595393736191234,0.013432883657565675
2025-02-25,5,-0.05582084404304619,0.9155286034969168,0.4,0.6,0.0,1,2025-02-25,2025-02-25,2025-02-25,12.646002769470215,13.399999618530273,13.760000228881836,13.15999984741211,13.760000228881836,10718900,2025-02-25,12.646002769470215,-0.017595393736191234,0.013432883657565675,-0.001472717884447583
2025-02-26,9,0.35052425807548904,0.6391166171640466,0.7777777777777778,0.2222222222222222,0.0,1,2025-02-26,2025-02-26,2025-02-26,12.815875053405762,13.579999923706055,13.600000381469727,13.300000190734863,13.399999618530273,8006500,2025-02-26,12.815875053405762,0.013432883657565675,-0.001472717884447583,0.002949854485868375
2025-02-27,5,0.056064272858202445,0.5097807975520134,0.4,0.6,0.0,1,2025-02-27,2025-02-27,2025-02-27,12.797000885009766,13.5600004196167,13.579999923706055,13.4399995803833,13.579999923706055,5791900,2025-02-27,12.797000885009766,-0.001472717884447583,0.002949854485868375,0.007352908941612002
2025-02-28,5,0.03477343362756076,0.8731970204329319,0.4,0.6,0.0,1,2025-02-28,2025-02-28,2025-02-28,12.834750175476074,13.600000381469727,13.65999984741211,13.399999618530273,13.479999542236328,11702300,2025-02-28,12.834750175476074,0.002949854485868375,0.007352908941612002,-0.007299238306997413
2025-03-03,4,0.2978976262966171,0.495677393826161,0.75,0.25,0.0,2,2025-03-01,2025-03-03,2025-03-03,12.929122924804688,13.699999809265137,13.800000190734863,13.420000076293945,13.4399995803833,2804100,2025-03-03,12.929122924804688,0.007352908941612002,-0.007299238306997413,0.016176444253994893
2025-03-04,4,0.22556187771260744,0.656709833299893,0.5,0.5,0.0,1,2025-03-04,2025-03-04,2025-03-04,12.834750175476074,13.600000381469727,13.720000267028809,13.460000038146973,13.5,6293800,2025-03-04,12.834750175476074,-0.007299238306997413,0.016176444253994893,0.0028943580163582894
2025-03-05,7,0.5168214371161801,0.47831616128126364,0.8571428571428571,0.14285714285714285,0.0,1,2025-03-05,2025-03-05,2025-03-05,13.042370796203613,13.819999694824219,13.819999694824219,13.600000381469727,13.600000381469727,8701100,2025-03-05,13.042370796203613,0.016176444253994893,0.0028943580163582894,-0.008658014654952417
2025-03-06,1,0.2886824309825897,0.0,1.0,0.0,0.0,1,2025-03-06,2025-03-06,2025-03-06,13.080120086669922,13.859999656677246,13.859999656677246,13.680000305175781,13.819999694824219,4574400,2025-03-06,13.080120086669922,0.0028943580163582894,-0.008658014654952417,-0.014556050927166386
2025-03-07,8,-0.08904116984922437,0.8956129109779527,0.375,0.625,0.0,1,2025-03-07,2025-03-07,2025-03-07,12.966872215270996,13.739999771118164,13.859999656677246,13.619999885559082,13.84000015258789,8873800,2025-03-07,12.966872215270996,-0.008658014654952417,-0.014556050927166386,-0.01033977876884229
2025-03-10,3,-0.55382856571426,0.4016782122480737,0.0,1.0,0.0,1,2025-03-10,2025-03-10,2025-03-10,12.778125762939453,13.539999961853027,13.65999984741211,13.520000457763672,13.600000381469727,5448400,2025-03-10,12.778125762939453,-0.014556050927166386,-0.01033977876884229,-0.02985069336692736
2025-03-11,4,-0.3772688764729537,0.8939884361041083,0.25,0.75,0.0,1,2025-03-11,2025-03-11,2025-03-11,12.646002769470215,13.399999618530273,13.520000457763672,13.239999771118164,13.5,9588300,2025-03-11,12.646002769470215,-0.01033977876884229,-0.02985069336692736,0.030769174561928958
2025-03-12,4,-0.3375092213973403,0.8608605280161298,0.25,0.75,0.0,1,2025-03-12,2025-03-12,2025-03-12,12.268510818481445,13.0,13.4399995803833,12.960000038146973,13.399999618530273,6222700,2025-03-12,12.268510818481445,-0.02985069336692736,0.030769174561928958,0.0
2025-03-13,8,0.6238904176279902,0.2336820181738883,1.0,0.0,0.0,1,2025-03-13,2025-03-13,2025-03-13,12.646002769470215,13.399999618530273,13.4399995803833,13.039999961853027,13.039999961853027,6208800,2025-03-13,12.646002769470215,0.030769174561928958,0.0,0.0119403829251159
2025-03-14,4,-0.15632473723962903,0.6930683540561026,0.5,0.5,0.0,1,2025-03-14,2025-03-14,2025-03-14,12.646002769470215,13.399999618530273,13.460000038146973,13.220000267028809,13.359999656677246,6797800,2025-03-14,12.646002769470215,0.0,0.0119403829251159,0.0
2025-03-17,7,0.4585237034729549,0.4946433476083238,0.5714285714285714,0.2857142857142857,0.14285714285714285,1,2025-03-17,2025-03-17,2025-03-17,12.797000885009766,13.5600004196167,13.600000381469727,13.380000114440918,13.399999618530273,4262600,2025-03-17,12.797000885009766,0.0119403829251159,0.0,-0.004424744467169117
2025-03-19,14,0.19607061508577317,0.6620315546397662,0.5,0.35714285714285715,0.14285714285714285,1,2025-03-19,2025-03-19,2025-03-19,12.797000885009766,13.5600004196167,13.600000381469727,13.420000076293945,13.5600004196167,3122500,2025-03-19,12.797000885009766,0.0,-0.004424744467169117,0.004444409845040687
2025-03-20,6,0.7660056750755757,0.24305691446320413,0.8333333333333334,0.0,0.16666666666666666,1,2025-03-20,2025-03-20,2025-03-20,12.740377426147461,13.5,13.699999809265137,13.5,13.600000381469727,3943500,2025-03-20,12.740377426147461,-0.004424744467169117,0.004444409845040687,0.0
2025-03-21,6,0.3086645466585954,0.32697038362007114,1.0,0.0,0.0,1,2025-03-21,2025-03-21,2025-03-21,12.797000885009766,13.5600004196167,13.65999984741211,13.5,13.5,7693200,2025-03-21,12.797000885009766,0.004444409845040687,0.0,0.002949854485868375
2025-03-24,9,0.36910650925710803,0.7430679265787062,0.6666666666666666,0.3333333333333333,0.0,1,2025-03-24,2025-03-24,2025-03-24,12.797000885009766,13.5600004196167,13.619999885559082,13.479999542236328,13.579999923706055,1934300,2025-03-24,12.797000885009766,0.0,0.002949854485868375,-0.0014706263707709999
2025-03-25,4,0.8550236178562045,0.11206230568599765,1.0,0.0,0.0,1,2025-03-25,2025-03-25,2025-03-25,12.834750175476074,13.600000381469727,13.65999984741211,13.5600004196167,13.5600004196167,9359600,2025-03-25,12.834750175476074,0.002949854485868375,-0.0014706263707709999,0.01801804215213121
2025-03-26,6,0.5995319069285567,0.3317405679138901,0.8333333333333334,0.0,0.16666666666666666,1,2025-03-26,2025-03-26,2025-03-26,12.815875053405762,13.579999923706055,13.800000190734863,13.579999923706055,13.65999984741211,9383300,2025-03-26,12.815875053405762,-0.0014706263707709999,0.01801804215213121,-0.013274317200481556
2025-03-27,13,0.5657712840296042,0.48355170202079545,0.8461538461538461,0.15384615384615385,0.0,1,2025-03-27,2025-03-27,2025-03-27,13.046792030334473,13.5600004196167,13.5600004196167,13.319999694824219,13.399999618530273,5540000,2025-03-27,13.046792030334473,0.01801804215213121,-0.013274317200481556,0.028400572992586914
2025-03-28,9,0.29452135615671676,0.7954279482100183,0.5555555555555556,0.3333333333333333,0.1111111111111111,1,2025-03-28,2025-03-28,2025-03-28,12.873604774475098,13.380000114440918,13.640000343322754,13.380000114440918,13.600000381469727,4305700,2025-03-28,12.873604774475098,-0.013274317200481556,0.028400572992586914,-0.013081448641442117
2025-04-02,7,0.39295418760074036,0.4134623810602359,0.8571428571428571,0.14285714285714285,0.0,2,2025-04-01,2025-04-02,2025-04-02,13.239222526550293,13.760000228881836,13.760000228881836,13.4399995803833,13.699999809265137,9802500,2025-04-02,13.239222526550293,0.028400572992586914,-0.013081448641442117,-0.007363695219159805
2025-04-03,10,-0.34613229865208267,0.7012062315246445,0.3,0.7,0.0,1,2025-04-03,2025-04-03,2025-04-03,13.066034317016602,13.579999923706055,13.800000190734863,13.460000038146973,13.800000190734863,1821900,2025-04-03,13.066034317016602,-0.013081448641442117,-0.007363695219159805,-0.026706266146327318
2025-04-04,3,-0.34273228297630953,0.5184449138921728,0.3333333333333333,0.6666666666666666,0.0,1,2025-04-04,2025-04-04,2025-04-04,12.969820022583008,13.479999542236328,13.5600004196167,13.420000076293945,13.5600004196167,1700400,2025-04-04,12.969820022583008,-0.007363695219159805,-0.026706266146327318,0.00762202434892667
2025-04-07,5,-0.1426043693441897,0.9891300883274771,0.4,0.6,0.0,2,2025-04-06,2025-04-07,2025-04-07,12.623444557189941,13.119999885559082,13.279999732971191,12.680000305175781,13.279999732971191,15235900,2025-04-07,12.623444557189941,-0.026706266146327318,0.00762202434892667,-0.030257324237896843
2025-04-08,4,0.8050371552817523,0.11373257732848177,1.0,0.0,0.0,1,2025-04-08,2025-04-08,2025-04-08,12.719660758972168,13.220000267028809,13.239999771118164,13.100000381469727,13.239999771118164,6652600,2025-04-08,12.719660758972168,0.00762202434892667,-0.030257324237896843,0.03744162756486347
2025-04-09,8,-0.4148982333717868,0.6336244153110455,0.25,0.75,0.0,1,2025-04-09,2025-04-09,2025-04-09,12.334797859191895,12.819999694824219,13.100000381469727,12.65999984741211,13.0,12235200,2025-04-09,12.334797859191895,-0.030257324237896843,0.03744162756486347,-0.0060150204475369895
2025-04-10,11,0.5453421408733861,0.35882142293160735,0.9090909090909091,0.09090909090909091,0.0,1,2025-04-10,2025-04-10,2025-04-10,12.796632766723633,13.300000190734863,13.460000038146973,13.119999885559082,13.300000190734863,12591100,2025-04-10,12.796632766723633,0.03744162756486347,-0.0060150204475369895,0.012102839723484138
2025-04-11,6,-0.2878916123105834,0.6689404925362462,0.16666666666666666,0.5,0.3333333333333333,1,2025-04-11,2025-04-11,2025-04-11,12.719660758972168,13.220000267028809,13.260000228881836,13.0,13.15999984741211,11493400,2025-04-11,12.719660758972168,-0.0060150204475369895,0.012102839723484138,0.004484273706264474
2025-04-14,6,0.7135313002703091,0.1543496385203488,1.0,0.0,0.0,1,2025-04-14,2025-04-14,2025-04-14,12.873604774475098,13.380000114440918,13.399999618530273,13.199999809265137,13.319999694824219,4824800,2025-04-14,12.873604774475098,0.012102839723484138,0.004484273706264474,0.0
2025-04-15,8,0.6263318351702766,0.64141757165958,0.875,0.125,0.0,1,2025-04-15,2025-04-15,2025-04-15,12.931333541870117,13.4399995803833,13.5,13.300000190734863,13.34000015258789,5208600,2025-04-15,12.931333541870117,0.004484273706264474,0.0,0.0029762190100717234
2025-04-16,11,-0.1335538898975673,0.7141249485843806,0.2727272727272727,0.7272727272727273,0.0,1,2025-04-16,2025-04-16,2025-04-16,12.931333541870117,13.4399995803833,13.479999542236328,13.34000015258789,13.4399995803833,4819800,2025-04-16,12.931333541870117,0.0,0.0029762190100717234,0.001483693707618139
2025-04-17,6,0.19606022870478532,0.797438623924503,0.6666666666666666,0.3333333333333333,0.0,1,2025-04-17,2025-04-17,2025-04-17,12.969820022583008,13.479999542236328,13.5600004196167,13.420000076293945,13.4399995803833,6451000,2025-04-17,12.969820022583008,0.0029762190100717234,0.001483693707618139,-0.001481495621886042
2025-04-18,8,0.5059990045847371,0.3650937458259315,0.875,0.125,0.0,1,2025-04-18,2025-04-18,2025-04-18,12.989063262939453,13.5,13.520000457763672,13.279999732971191,13.300000190734863,3951800,2025-04-18,12.989063262939453,0.001483693707618139,-0.001481495621886042,-0.0059347748304723336
2025-04-21,5,-0.04936765902675688,0.7648898414706831,0.6,0.4,0.0,1,2025-04-21,2025-04-21,2025-04-21,12.969820022583008,13.479999542236328,13.5,13.319999694824219,13.5,2947000,2025-04-21,12.969820022583008,-0.001481495621886042,-0.0059347748304723336,0.007462758328383501
2025-04-23,5,0.5785108551383018,0.2956384003791761,1.0,0.0,0.0,1,2025-04-23,2025-04-23,2025-04-23,12.989063262939453,13.5,13.520000457763672,13.420000076293945,13.5,5979700,2025-04-23,12.989063262939453,0.007462758328383501,0.007407331266767514,-0.0029411318842746947
2025-04-24,2,0.6747501292265952,0.39120546012730956,1.0,0.0,0.0,1,2025-04-24,2025-04-24,2025-04-24,13.085277557373047,13.600000381469727,13.640000343322754,13.479999542236328,13.5,5710100,2025-04-24,13.085277557373047,0.007407331266767514,-0.0029411318842746947,0.002949807657629089
2025-04-25,3,0.8480214506077269,0.11600538043371446,1.0,0.0,0.0,1,2025-04-25,2025-04-25,2025-04-25,13.046792030334473,13.5600004196167,13.640000343322754,13.539999961853027,13.600000381469727,2209400,2025-04-25,13.046792030334473,-0.0029411318842746947,0.002949807657629089,0.0029412047657486617
2025-04-28,6,0.6713751186616719,0.27041108961994204,0.8333333333333334,0.0,0.16666666666666666,1,2025-04-28,2025-04-28,2025-04-28,13.085277557373047,13.600000381469727,13.640000343322754,13.520000457763672,13.5600004196167,4830500,2025-04-28,13.085277557373047,0.002949807657629089,0.0029412047657486617,0.01612896896680427
2025-04-29,5,-0.5125825077295303,0.41442026059043136,0.2,0.8,0.0,1,2025-04-29,2025-04-29,2025-04-29,13.123764038085938,13.640000343322754,13.640000343322754,13.520000457763672,13.600000381469727,6109100,2025-04-29,13.123764038085938,0.0029412047657486617,0.01612896896680427,0.0
2025-04-30,1,0.7804400324821472,0.0,1.0,0.0,0.0,1,2025-04-30,2025-04-30,2025-04-30,13.335436820983887,13.859999656677246,13.859999656677246,13.640000343322754,13.640000343322754,10240700,2025-04-30,13.335436820983887,0.01612896896680427,0.0,-0.004328974608779235
2025-05-02,3,0.717048712229977,0.25746275289883586,0.6666666666666666,0.0,0.3333333333333333,2,2025-05-01,2025-05-02,2025-05-02,13.335436820983887,13.859999656677246,13.960000038146973,13.760000228881836,13.819999694824219,8452000,2025-05-02,13.335436820983887,0.0,-0.004328974608779235,0.018840617392362313
2025-05-06,3,0.3738363049924374,0.27442226084567756,1.0,0.0,0.0,1,2025-05-06,2025-05-06,2025-05-06,13.527868270874023,14.0600004196167,14.079999923706055,13.800000190734863,13.819999694824219,13932300,2025-05-06,13.527868270874023,0.018840617392362313,0.007112373226982438,0.009887030465801638
2025-05-07,4,0.5236180769279599,0.3166159326585463,1.0,0.0,0.0,1,2025-05-07,2025-05-07,2025-05-07,13.624083518981934,14.15999984741211,14.260000228881836,14.0,14.0,12176700,2025-05-07,13.624083518981934,0.007112373226982438,0.009887030465801638,0.0
2025-05-08,6,-0.526571733566622,0.5802476596269512,0.16666666666666666,0.8333333333333334,0.0,1,2025-05-08,2025-05-08,2025-05-08,13.758785247802734,14.300000190734863,14.380000114440918,14.0600004196167,14.180000305175781,19923400,2025-05-08,13.758785247802734,0.009887030465801638,0.0,0.002797229553316516
2025-05-09,5,0.7333209624513983,0.27941868530003905,1.0,0.0,0.0,1,2025-05-09,2025-05-09,2025-05-09,13.758785247802734,14.300000190734863,14.359999656677246,14.239999771118164,14.279999732971191,9465500,2025-05-09,13.758785247802734,0.0,0.002797229553316516,-0.0027894268859942617
2025-05-13,4,0.6081342278048396,0.210616117086375,1.0,0.0,0.0,1,2025-05-13,2025-05-13,2025-05-13,13.797271728515625,14.34000015258789,14.5,14.319999694824219,14.5,13035700,2025-05-13,13.797271728515625,0.002797229553316516,-0.0027894268859942617,-0.00699300456944596
2025-05-14,5,0.2148778520524502,0.6385789894660123,0.6,0.4,0.0,1,2025-05-14,2025-05-14,2025-05-14,13.758785247802734,14.300000190734863,14.380000114440918,14.239999771118164,14.34000015258789,10826600,2025-05-14,13.758785247802734,-0.0027894268859942617,-0.00699300456944596,0.0
2025-05-15,8,-0.04429124976741153,0.6853410589136735,0.5,0.375,0.125,1,2025-05-15,2025-05-15,2025-05-15,13.662569999694824,14.199999809265137,14.380000114440918,14.100000381469727,14.279999732971191,7683500,2025-05-15,13.662569999694824,-0.00699300456944596,0.0,-0.0070422510633109114
2025-05-16,11,0.4681765043430708,0.5836893418232058,0.8181818181818182,0.18181818181818182,0.0,1,2025-05-16,2025-05-16,2025-05-16,13.662569999694824,14.199999809265137,14.300000190734863,14.140000343322754,14.180000305175781,3057500,2025-05-16,13.662569999694824,0.0,-0.0070422510633109114,0.002836906554311458
2025-05-19,5,0.1422878105193377,0.9587223222622866,0.6,0.4,0.0,1,2025-05-19,2025-05-19,2025-05-19,13.566354751586914,14.100000381469727,14.180000305175781,14.020000457763672,14.100000381469727,6693700,2025-05-19,13.566354751586914,-0.0070422510633109114,0.002836906554311458,-0.0028288812824598386
2025-05-20,2,0.2986673563718796,0.40494930178961075,1.0,0.0,0.0,1,2025-05-20,2025-05-20,2025-05-20,13.604841232299805,14.140000343322754,14.220000267028809,14.039999961853027,14.079999923706055,6978100,2025-05-20,13.604841232299805,0.002836906554311458,-0.0028288812824598386,-0.007092266385778534
2025-05-21,4,-0.10574127361178398,0.5690171332807358,0.5,0.5,0.0,1,2025-05-21,2025-05-21,2025-05-21,13.566354751586914,14.100000381469727,14.199999809265137,14.0600004196167,14.199999809265137,4334700,2025-05-21,13.566354751586914,-0.0028288812824598386,-0.007092266385778534,0.0
2025-05-22,6,-0.6952675891419252,0.37973492105319,0.16666666666666666,0.8333333333333334,0.0,1,2025-05-22,2025-05-22,2025-05-22,13.470138549804688,14.0,14.100000381469727,13.979999542236328,14.079999923706055,5772000,2025-05-22,13.470138549804688,-0.007092266385778534,0.0,0.0
2025-05-23,6,0.5758335830178112,0.40180709402043163,0.8333333333333334,0.16666666666666666,0.0,1,2025-05-23,2025-05-23,2025-05-23,13.470138549804688,14.0,14.039999961853027,13.960000038146973,14.020000457763672,6012200,2025-05-23,13.470138549804688,0.0,0.0,0.0
2025-05-26,5,-0.1512200143188238,0.6712952162772594,0.4,0.6,0.0,1,2025-05-26,2025-05-26,2025-05-26,13.470138549804688,14.0,14.039999961853027,13.960000038146973,14.0,5106600,2025-05-26,13.470138549804688,0.0,0.0,0.007142925919171095
2025-05-27,5,0.3959563362877816,0.7331181363977091,0.6,0.4,0.0,1,2025-05-27,2025-05-27,2025-05-27,13.470138549804688,14.0,14.0600004196167,13.9399995803833,14.0,3936500,2025-05-27,13.470138549804688,0.0,0.007142925919171095,-0.001418453277155729
2025-05-28,10,0.44763761397916824,0.6349937530764421,0.8,0.2,0.0,1,2025-05-28,2025-05-28,2025-05-28,13.566354751586914,14.100000381469727,14.180000305175781,14.079999923706055,14.100000381469727,6276900,2025-05-28,13.566354751586914,0.007142925919171095,-0.001418453277155729,-0.005681872579403446
2025-05-29,9,0.41783241004062194,0.6226672444399914,0.6666666666666666,0.3333333333333333,0.0,1,2025-05-29,2025-05-29,2025-05-29,13.547111511230469,14.079999923706055,14.140000343322754,14.039999961853027,14.079999923706055,4917000,2025-05-29,13.547111511230469,-0.001418453277155729,-0.005681872579403446,-0.0028570995685216483
2025-05-30,6,0.3912033967208118,0.7800825105901326,0.6666666666666666,0.3333333333333333,0.0,1,2025-05-30,2025-05-30,2025-05-30,13.470138549804688,14.0,14.079999923706055,13.800000190734863,14.0600004196167,37923000,2025-05-30,13.470138549804688,-0.005681872579403446,-0.0028570995685216483,-0.0014326784889268085
2025-06-03,2,-0.02990828827023506,1.240483341385591,0.5,0.5,0.0,2,2025-06-02,2025-06-03,2025-06-03,13.431653022766113,13.960000038146973,14.0600004196167,13.699999809265137,14.0,5492100,2025-06-03,13.431653022766113,-0.0028570995685216483,-0.0014326784889268085,0.018651399811332903
2025-06-05,1,0.8057569414377213,0.0,1.0,0.0,0.0,1,2025-06-05,2025-06-05,2025-06-05,13.662569999694824,14.199999809265137,14.260000228881836,13.9399995803833,13.9399995803833,5400200,2025-06-05,13.662569999694824,0.018651399811332903,0.0,0.005633786890254511
2025-06-06,3,-0.26722253859043127,0.9167977340911855,0.3333333333333333,0.6666666666666666,0.0,1,2025-06-06,2025-06-06,2025-06-06,13.662569999694824,14.199999809265137,14.220000267028809,14.079999923706055,14.100000381469727,3840600,2025-06-06,13.662569999694824,0.0,0.005633786890254511,-0.002801147279293037
2025-06-09,6,0.5288009513169527,0.28576966229071377,0.8333333333333334,0.16666666666666666,0.0,2,2025-06-08,2025-06-09,2025-06-09,13.739542007446289,14.279999732971191,14.359999656677246,14.140000343322754,14.180000305175781,4683600,2025-06-09,13.739542007446289,0.005633786890254511,-0.002801147279293037,0.0
2025-06-10,5,0.22362599801272162,0.6679875057715341,0.4,0.4,0.2,1,2025-06-10,2025-06-10,2025-06-10,13.701055526733398,14.239999771118164,14.279999732971191,14.100000381469727,14.15999984741211,5356400,2025-06-10,13.701055526733398,-0.002801147279293037,0.0,0.0014045078730537952
2025-06-11,8,0.7175776804797352,0.4132544954364051,0.75,0.125,0.125,1,2025-06-11,2025-06-11,2025-06-11,13.701055526733398,14.239999771118164,14.319999694824219,14.180000305175781,14.319999694824219,5202900,2025-06-11,13.701055526733398,0.0,0.0014045078730537952,0.0028050759947886306
2025-06-12,1,0.9770702244713904,0.0,1.0,0.0,0.0,1,2025-06-12,2025-06-12,2025-06-12,13.720298767089844,14.260000228881836,14.279999732971191,14.220000267028809,14.239999771118164,5094100,2025-06-12,13.720298767089844,0.0014045078730537952,0.0028050759947886306,0.004195775016129222
2025-06-13,6,0.07260431562705583,0.8421251530730771,0.5,0.5,0.0,1,2025-06-13,2025-06-13,2025-06-13,13.758785247802734,14.300000190734863,14.319999694824219,14.199999809265137,14.199999809265137,8650000,2025-06-13,13.758785247802734,0.0028050759947886306,0.004195775016129222,-0.004178244044157564
2025-06-16,2,0.26300052297301585,0.9105771477554279,0.5,0.5,0.0,2,2025-06-15,2025-06-16,2025-06-16,13.816514015197754,14.359999656677246,14.359999656677246,14.260000228881836,14.300000190734863,5354600,2025-06-16,13.816514015197754,0.004195775016129222,-0.004178244044157564,-0.005594389792787591
2025-06-17,4,0.04670526739209896,0.7526665089870358,0.5,0.5,0.0,1,2025-06-17,2025-06-17,2025-06-17,13.758785247802734,14.300000190734863,14.359999656677246,14.199999809265137,14.359999656677246,4005300,2025-06-17,13.758785247802734,-0.004178244044157564,-0.005594389792787591,0.0
2025-06-18,5,0.13801430752500893,0.5525636860411873,0.6,0.2,0.2,1,2025-06-18,2025-06-18,2025-06-18,13.68181324005127,14.220000267028809,14.300000190734863,14.220000267028809,14.279999732971191,4975600,2025-06-18,13.68181324005127,-0.005594389792787591,0.0,0.0
2025-06-19,8,-0.016547546605579597,0.8329056229628101,0.375,0.5,0.125,1,2025-06-19,2025-06-19,2025-06-19,13.68181324005127,14.220000267028809,14.239999771118164,14.180000305175781,14.220000267028809,6006100,2025-06-19,13.68181324005127,0.0,0.0,0.005625863063686731
2025-06-20,8,0.2710643335012719,0.7104327513324966,0.75,0.25,0.0,1,2025-06-20,2025-06-20,2025-06-20,13.68181324005127,14.220000267028809,14.279999732971191,14.15999984741211,14.15999984741211,11774900,2025-06-20,13.68181324005127,0.0,0.005625863063686731,-0.002797229553316627
2025-06-23,10,0.03071361156180502,0.6809916113012559,0.6,0.4,0.0,1,2025-06-23,2025-06-23,2025-06-23,13.758785247802734,14.300000190734863,14.34000015258789,13.960000038146973,14.0,2781900,2025-06-23,13.758785247802734,0.005625863063686731,-0.002797229553316627,-0.0014025379973943153
2025-06-24,7,-0.09518658023859781,0.683728872885026,0.2857142857142857,0.42857142857142855,0.2857142857142857,1,2025-06-24,2025-06-24,2025-06-24,13.720298767089844,14.260000228881836,14.4399995803833,14.220000267028809,14.300000190734863,7638200,2025-06-24,13.720298767089844,-0.002797229553316627,-0.0014025379973943153,0.0014045078730537952
2025-06-25,9,0.8290923103276227,0.10987019006737037,1.0,0.0,0.0,1,2025-06-25,2025-06-25,2025-06-25,13.701055526733398,14.239999771118164,14.359999656677246,14.220000267028809,14.220000267028809,7993600,2025-06-25,13.701055526733398,-0.0014025379973943153,0.0014045078730537952,0.008415158476089424
2025-06-26,8,0.6909152524312958,0.1750331781716373,1.0,0.0,0.0,1,2025-06-26,2025-06-26,2025-06-26,13.720298767089844,14.260000228881836,14.380000114440918,14.220000267028809,14.260000228881836,8992300,2025-06-26,13.720298767089844,0.0014045078730537952,0.008415158476089424,0.036161268080995956
2025-06-30,4,0.855046414071694,0.10333688028514984,1.0,0.0,0.0,1,2025-06-30,2025-06-30,2025-06-30,13.8357572555542,14.380000114440918,14.479999542236328,14.359999656677246,14.420000076293945,8252200,2025-06-30,13.8357572555542,0.008415158476089424,0.036161268080995956,-0.020134156307697992
2025-07-01,8,0.6850064219906926,0.2939911922608574,1.0,0.0,0.0,1,2025-07-01,2025-07-01,2025-07-01,14.336075782775879,14.899999618530273,14.9399995803833,14.380000114440918,14.380000114440918,14723300,2025-07-01,14.336075782775879,0.036161268080995956,-0.020134156307697992,-0.03972600033442408
2025-07-02,15,0.2927224049344659,0.6437639957088676,0.6666666666666666,0.26666666666666666,0.06666666666666667,1,2025-07-02,2025-07-02,2025-07-02,14.047430992126465,14.600000381469727,14.979999542236328,14.520000457763672,14.899999618530273,9560300,2025-07-02,14.047430992126465,-0.020134156307697992,-0.03972600033442408,0.0028530235793156056
2025-07-03,19,-0.1332389929723975,0.7320538279957257,0.3684210526315789,0.631578947368421,0.0,1,2025-07-03,2025-07-03,2025-07-03,13.48938274383545,14.020000457763672,14.260000228881836,13.859999656677246,14.260000228881836,33311600,2025-07-03,13.48938274383545,-0.03972600033442408,0.0028530235793156056,-0.018492212688362764
2025-07-04,11,0.43272731821476057,0.6573818526601142,0.7272727272727273,0.2727272727272727,0.0,1,2025-07-04,2025-07-04,2025-07-04,13.527868270874023,14.0600004196167,14.220000267028809,13.960000038146973,14.0600004196167,11301700,2025-07-04,13.527868270874023,0.0028530235793156056,-0.018492212688362764,0.004347796107733837
2025-07-07,5,-0.6369987320154905,0.41173082851060455,0.0,1.0,0.0,1,2025-07-07,2025-07-07,2025-07-07,13.277708053588867,13.800000190734863,14.079999923706055,13.760000228881836,14.0600004196167,10130400,2025-07-07,13.277708053588867,-0.018492212688362764,0.004347796107733837,0.01010103610620705
2025-07-08,8,-0.4742492499062792,0.8022900621254643,0.25,0.75,0.0,1,2025-07-08,2025-07-08,2025-07-08,13.335436820983887,13.859999656677246,13.9399995803833,13.579999923706055,13.600000381469727,12084200,2025-07-08,13.335436820983887,0.004347796107733837,0.01010103610620705,-0.0028570995685216483
2025-07-09,7,0.1844249401640679,0.6317347490404231,0.5714285714285714,0.42857142857142855,0.0,1,2025-07-09,2025-07-09,2025-07-09,13.470138549804688,14.0,14.0,13.779999732971191,13.84000015258789,4621500,2025-07-09,13.470138549804688,0.01010103610620705,-0.0028570995685216483,0.0
2025-07-10,6,0.4465123052553584,0.6606307434225056,0.8333333333333334,0.16666666666666666,0.0,1,2025-07-10,2025-07-10,2025-07-10,13.431653022766113,13.960000038146973,14.0,13.920000076293945,13.979999542236328,7089500,2025-07-10,13.431653022766113,-0.0028570995685216483,0.0,0.001432607486920201
2025-07-11,8,0.30089793211664073,0.5891862533616259,0.75,0.25,0.0,1,2025-07-11,2025-07-11,2025-07-11,13.431653022766113,13.960000038146973,14.0600004196167,13.859999656677246,13.979999542236328,7251100,2025-07-11,13.431653022766113,0.0,0.001432607486920201,-0.005722444936241411
2025-07-14,3,0.15234952295819923,0.7096853269606186,0.6666666666666666,0.3333333333333333,0.0,1,2025-07-14,2025-07-14,2025-07-14,13.450895309448242,13.979999542236328,14.0,13.880000114440918,13.960000038146973,3203800,2025-07-14,13.450895309448242,0.001432607486920201,-0.005722444936241411,-0.015827276568207482
2025-07-15,2,0.23086111992597583,0.4249748394872436,0.5,0.5,0.0,1,2025-07-15,2025-07-15,2025-07-15,13.373923301696777,13.899999618530273,14.0,13.859999656677246,14.0,4950100,2025-07-15,13.373923301696777,-0.005722444936241411,-0.015827276568207482,0.007309866522915431
2025-07-16,7,-0.4857108648866415,0.5745205232265829,0.14285714285714285,0.8571428571428571,0.0,1,2025-07-16,2025-07-16,2025-07-16,13.162250518798828,13.680000305175781,13.920000076293945,13.65999984741211,13.859999656677246,9997900,2025-07-16,13.162250518798828,-0.015827276568207482,0.007309866522915431,0.0
2025-07-17,10,0.4004949411377311,0.6845919236489129,0.7,0.3,0.0,1,2025-07-17,2025-07-17,2025-07-17,13.258464813232422,13.779999732971191,13.819999694824219,13.65999984741211,13.720000267028809,12743300,2025-07-17,13.258464813232422,0.007309866522915431,0.0,0.0
2025-07-18,6,0.7710589646206548,0.1793878845869831,1.0,0.0,0.0,1,2025-07-18,2025-07-18,2025-07-18,13.258464813232422,13.779999732971191,13.800000190734863,13.680000305175781,13.779999732971191,7432800,2025-07-18,13.258464813232422,0.0,0.0,0.0
2025-07-21,2,0.3114944752305746,0.6640536147478093,0.5,0.5,0.0,1,2025-07-21,2025-07-21,2025-07-21,13.258464813232422,13.779999732971191,13.84000015258789,13.699999809265137,13.779999732971191,3542400,2025-07-21,13.258464813232422,0.0,0.0,0.01161107046296972
2025-07-22,10,0.28864259000401943,0.6048386365603873,0.7,0.3,0.0,1,2025-07-22,2025-07-22,2025-07-22,13.258464813232422,13.779999732971191,13.899999618530273,13.739999771118164,13.739999771118164,5685900,2025-07-22,13.258464813232422,0.0,0.01161107046296972,0.0
2025-07-23,14,0.5400202713540888,0.3916796126086269,0.9285714285714286,0.07142857142857142,0.0,1,2025-07-23,2025-07-23,2025-07-23,13.412409782409668,13.9399995803833,14.0,13.760000228881836,13.779999732971191,8037700,2025-07-23,13.412409782409668,0.01161107046296972,0.0,-0.02439026471332939
2025-07-24,3,0.25953418016433716,0.5525647796209794,0.6666666666666666,0.3333333333333333,0.0,1,2025-07-24,2025-07-24,2025-07-24,13.412409782409668,13.9399995803833,13.9399995803833,13.880000114440918,13.899999618530273,5394900,2025-07-24,13.412409782409668,0.0,-0.02439026471332939,-0.017647009950070403
2025-07-25,12,-0.4542568977922201,0.5603991161403643,0.16666666666666666,0.75,0.08333333333333333,1,2025-07-25,2025-07-25,2025-07-25,13.085277557373047,13.600000381469727,13.920000076293945,13.420000076293945,13.859999656677246,19583400,2025-07-25,13.085277557373047,-0.02439026471332939,-0.017647009950070403,-0.002994040630546868
2025-07-28,12,0.19580758890757957,0.7039598606076098,0.5833333333333334,0.4166666666666667,0.0,3,2025-07-26,2025-07-28,2025-07-28,12.854361534118652,13.359999656677246,13.600000381469727,13.359999656677246,13.600000381469727,13945500,2025-07-28,12.854361534118652,-0.017647009950070403,-0.002994040630546868,-0.003003031829860392
2025-07-29,6,0.09456626139581203,0.5366709270377812,0.6666666666666666,0.16666666666666666,0.16666666666666666,1,2025-07-29,2025-07-29,2025-07-29,12.815875053405762,13.319999694824219,13.460000038146973,13.319999694824219,13.34000015258789,5800200,2025-07-29,12.815875053405762,-0.002994040630546868,-0.003003031829860392,-0.019578277845088476
2025-07-30,6,-0.04298659220027431,0.7695237643713593,0.3333333333333333,0.5,0.16666666666666666,1,2025-07-30,2025-07-30,2025-07-30,12.777388572692871,13.279999732971191,13.359999656677246,13.199999809265137,13.319999694824219,6523100,2025-07-30,12.777388572692871,-0.003003031829860392,-0.019578277845088476,0.02150543037048802
2025-07-31,15,-0.18327103406190873,0.5929048119718845,0.4,0.4666666666666667,0.13333333333333333,1,2025-07-31,2025-07-31,2025-07-31,12.527229309082031,13.020000457763672,13.260000228881836,13.020000457763672,13.199999809265137,12447500,2025-07-31,12.527229309082031,-0.019578277845088476,0.02150543037048802,-0.010526341677248086
2025-08-01,9,0.30850512539553976,0.33690522680352825,0.6666666666666666,0.1111111111111111,0.2222222222222222,1,2025-08-01,2025-08-01,2025-08-01,12.796632766723633,13.300000190734863,13.300000190734863,13.039999961853027,13.039999961853027,8844800,2025-08-01,12.796632766723633,0.02150543037048802,-0.010526341677248086,0.009118477619600274
2025-08-04,7,-0.14479388296604156,0.8191696043798004,0.42857142857142855,0.42857142857142855,0.14285714285714285,1,2025-08-04,2025-08-04,2025-08-04,12.661931037902832,13.15999984741211,13.260000228881836,13.079999923706055,13.260000228881836,5197400,2025-08-04,12.661931037902832,-0.010526341677248086,0.009118477619600274,-0.007530043708556922
2025-08-05,3,0.47750714390228194,0.1860984834378286,1.0,0.0,0.0,1,2025-08-05,2025-08-05,2025-08-05,12.777388572692871,13.279999732971191,13.279999732971191,13.0,13.199999809265137,4884800,2025-08-05,12.777388572692871,0.009118477619600274,-0.007530043708556922,0.044006038876678755
2025-08-06,8,0.25055919756414374,0.5642327290635204,0.5,0.5,0.0,1,2025-08-06,2025-08-06,2025-08-06,12.681174278259277,13.180000305175781,13.300000190734863,13.079999923706055,13.279999732971191,6590300,2025-08-06,12.681174278259277,-0.007530043708556922,0.044006038876678755,0.002906932560533315
2025-08-07,6,0.34510066399040323,0.5434842426163601,0.8333333333333334,0.16666666666666666,0.0,1,2025-08-07,2025-08-07,2025-08-07,13.239222526550293,13.760000228881836,13.779999732971191,13.15999984741211,13.180000305175781,15163800,2025-08-07,13.239222526550293,0.044006038876678755,0.002906932560533315,-0.010144953351673647
2025-08-08,7,0.27515859156847006,0.5606219170448181,0.8571428571428571,0.14285714285714285,0.0,1,2025-08-08,2025-08-08,2025-08-08,13.277708053588867,13.800000190734863,13.859999656677246,13.680000305175781,13.800000190734863,6527200,2025-08-08,13.277708053588867,0.002906932560533315,-0.010144953351673647,-0.0058564993312383296
2025-08-11,8,0.3774601679469925,0.5673079199356064,0.625,0.25,0.125,1,2025-08-11,2025-08-11,2025-08-11,13.143006324768066,13.65999984741211,13.800000190734863,13.600000381469727,13.800000190734863,5929300,2025-08-11,13.143006324768066,-0.010144953351673647,-0.0058564993312383296,0.016200304655299425
2025-08-12,4,0.5987179991789162,0.2641609788737211,1.0,0.0,0.0,1,2025-08-12,2025-08-12,2025-08-12,13.066034317016602,13.579999923706055,13.680000305175781,13.520000457763672,13.600000381469727,3818800,2025-08-12,13.066034317016602,-0.0058564993312383296,0.016200304655299425,-0.008695592215467673
2025-08-13,9,0.10293325326508945,0.6183916032451072,0.5555555555555556,0.4444444444444444,0.0,1,2025-08-13,2025-08-13,2025-08-13,13.277708053588867,13.800000190734863,13.800000190734863,13.579999923706055,13.579999923706055,3846500,2025-08-13,13.277708053588867,0.016200304655299425,-0.008695592215467673,-0.004386006860064295
2025-08-14,13,0.11522854527888393,0.7054985145744144,0.6153846153846154,0.38461538461538464,0.0,1,2025-08-14,2025-08-14,2025-08-14,13.162250518798828,13.680000305175781,13.779999732971191,13.5600004196167,13.760000228881836,4567000,2025-08-14,13.162250518798828,-0.008695592215467673,-0.004386006860064295,0.0
2025-08-15,9,0.06884192385607293,0.5843965551597476,0.4444444444444444,0.4444444444444444,0.1111111111111111,1,2025-08-15,2025-08-15,2025-08-15,13.104520797729492,13.619999885559082,13.739999771118164,13.600000381469727,13.739999771118164,2477100,2025-08-15,13.104520797729492,-0.004386006860064295,0.0,0.007342141661874413
2025-08-18,6,0.5908308385405691,0.4130529155068705,1.0,0.0,0.0,1,2025-08-18,2025-08-18,2025-08-18,13.104520797729492,13.619999885559082,13.739999771118164,13.520000457763672,13.65999984741211,2974700,2025-08-18,13.104520797729492,0.0,0.007342141661874413,-0.004373219862050082
2025-08-19,4,0.5531501113437116,0.43385779041975087,1.0,0.0,0.0,1,2025-08-19,2025-08-19,2025-08-19,13.200736045837402,13.720000267028809,13.899999618530273,13.600000381469727,13.600000381469727,6265200,2025-08-19,13.200736045837402,0.007342141661874413,-0.004373219862050082,-0.001464070411795082
2025-08-20,8,0.10903463460272181,0.7599513276260145,0.5,0.5,0.0,1,2025-08-20,2025-08-20,2025-08-20,13.143006324768066,13.65999984741211,13.779999732971191,13.640000343322754,13.720000267028809,2795500,2025-08-20,13.143006324768066,-0.004373219862050082,-0.001464070411795082,-0.0058650862304509
2025-08-21,7,0.7253238428384066,0.24528618233208604,1.0,0.0,0.0,1,2025-08-21,2025-08-21,2025-08-21,13.123764038085938,13.640000343322754,13.779999732971191,13.539999961853027,13.680000305175781,2259500,2025-08-21,13.123764038085938,-0.001464070411795082,-0.0058650862304509,0.011799376823436791
2025-08-22,8,0.654407074500341,0.24493402772326583,0.875,0.0,0.125,1,2025-08-22,2025-08-22,2025-08-22,13.046792030334473,13.5600004196167,13.739999771118164,13.520000457763672,13.699999809265137,2851000,2025-08-22,13.046792030334473,-0.0058650862304509,0.011799376823436791,-0.02040814262415591
2025-08-25,7,0.5032797327065575,0.4833785643905319,0.7142857142857143,0.14285714285714285,0.14285714285714285,1,2025-08-25,2025-08-25,2025-08-25,13.200736045837402,13.720000267028809,13.760000228881836,13.600000381469727,13.65999984741211,5833800,2025-08-25,13.200736045837402,0.011799376823436791,-0.02040814262415591,0.0029762190100717234
2025-08-26,4,-0.46694414562080055,0.4354748104982376,0.0,0.75,0.25,1,2025-08-26,2025-08-26,2025-08-26,12.931333541870117,13.4399995803833,13.720000267028809,13.4399995803833,13.699999809265137,8210900,2025-08-26,12.931333541870117,-0.02040814262415591,0.0029762190100717234,-0.0029673874152361668
2025-08-27,4,-0.321091644000262,0.8006840450360784,0.25,0.75,0.0,1,2025-08-27,2025-08-27,2025-08-27,12.969820022583008,13.479999542236328,13.539999961853027,13.420000076293945,13.4399995803833,3617800,2025-08-27,12.969820022583008,0.0029762190100717234,-0.0029673874152361668,-0.017857166562213367
2025-08-28,7,0.6055378276588661,0.4098446319115182,1.0,0.0,0.0,1,2025-08-28,2025-08-28,2025-08-28,12.931333541870117,13.4399995803833,13.5600004196167,13.399999618530273,13.5,4978000,2025-08-28,12.931333541870117,-0.0029673874152361668,-0.017857166562213367,0.0030303321561222507
2025-08-29,10,-0.29910658567678183,0.5467238197109371,0.2,0.7,0.1,1,2025-08-29,2025-08-29,2025-08-29,12.700416564941406,13.199999809265137,13.460000038146973,13.140000343322754,13.420000076293945,9946500,2025-08-29,12.700416564941406,-0.017857166562213367,0.0030303321561222507,-0.010573969725944043
2025-09-02,5,0.5864445011597128,0.508114627991094,0.8,0.2,0.0,3,2025-08-30,2025-09-02,2025-09-02,12.738903045654297,13.239999771118164,13.239999771118164,13.119999885559082,13.199999809265137,4899500,2025-09-02,12.738903045654297,0.0030303321561222507,-0.010573969725944043,-0.003053464224621605
2025-09-03,7,0.49818755742827703,0.3676598973402497,0.7142857142857143,0.0,0.2857142857142857,1,2025-09-03,2025-09-03,2025-09-03,12.604202270507812,13.100000381469727,13.319999694824219,13.100000381469727,13.279999732971191,4585600,2025-09-03,12.604202270507812,-0.010573969725944043,-0.003053464224621605,0.019908079077676
2025-09-04,8,0.42854216176783666,0.6083140467081385,0.625,0.25,0.125,1,2025-09-04,2025-09-04,2025-09-04,12.565715789794922,13.0600004196167,13.180000305175781,13.039999961853027,13.100000381469727,6872900,2025-09-04,12.565715789794922,-0.003053464224621605,0.019908079077676,-0.016516451823685552
2025-09-08,10,0.501177285797894,0.5576496893596651,0.9,0.1,0.0,2,2025-09-05,2025-09-08,2025-09-08,12.815875053405762,13.319999694824219,13.420000076293945,13.119999885559082,13.15999984741211,4796400,2025-09-08,12.815875053405762,0.019908079077676,-0.016516451823685552,0.006106852786040173
2025-09-09,5,0.7557917444966733,0.1803221854114499,1.0,0.0,0.0,1,2025-09-09,2025-09-09,2025-09-09,12.604202270507812,13.100000381469727,13.319999694824219,13.039999961853027,13.319999694824219,7505700,2025-09-09,12.604202270507812,-0.016516451823685552,0.006106852786040173,0.0030349303517476223
2025-09-10,9,0.2943898752176513,0.36250886018986045,0.6666666666666666,0.1111111111111111,0.2222222222222222,1,2025-09-10,2025-09-10,2025-09-10,12.681174278259277,13.180000305175781,13.279999732971191,13.119999885559082,13.180000305175781,4449000,2025-09-10,12.681174278259277,0.006106852786040173,0.0030349303517476223,0.012102839723484138
2025-09-11,7,0.10104216974494716,0.5556011289346883,0.7142857142857143,0.2857142857142857,0.0,1,2025-09-11,2025-09-11,2025-09-11,12.719660758972168,13.220000267028809,13.300000190734863,13.199999809265137,13.199999809265137,4135300,2025-09-11,12.719660758972168,0.0030349303517476223,0.012102839723484138,0.004484273706264474
2025-09-12,7,0.525754077360034,0.3657632747346893,0.8571428571428571,0.14285714285714285,0.0,1,2025-09-12,2025-09-12,2025-09-12,12.873604774475098,13.380000114440918,13.460000038146973,13.260000228881836,13.260000228881836,5138300,2025-09-12,12.873604774475098,0.012102839723484138,0.004484273706264474,-0.011904802291178296
2025-09-17,8,0.43215177161619067,0.22784311072927166,1.0,0.0,0.0,2,2025-09-15,2025-09-17,2025-09-17,12.931333541870117,13.4399995803833,13.5,13.239999771118164,13.279999732971191,6529100,2025-09-17,12.931333541870117,0.004484273706264474,-0.011904802291178296,0.007530192983866479
2025-09-18,9,-0.21257218263215488,0.6021103626607894,0.3333333333333333,0.6666666666666666,0.0,1,2025-09-18,2025-09-18,2025-09-18,12.777388572692871,13.279999732971191,13.520000457763672,13.260000228881836,13.4399995803833,8040800,2025-09-18,12.777388572692871,-0.011904802291178296,0.007530192983866479,0.002989565190722576
2025-09-19,6,-0.08404181028405823,0.5372454638545955,0.5,0.5,0.0,1,2025-09-19,2025-09-19,2025-09-19,12.873604774475098,13.380000114440918,13.460000038146973,13.300000190734863,13.380000114440918,6713300,2025-09-19,12.873604774475098,0.007530192983866479,0.002989565190722576,-0.0014904010241586496
2025-09-22,3,0.6833196468651295,0.26056511797826537,1.0,0.0,0.0,1,2025-09-22,2025-09-22,2025-09-22,12.912091255187988,13.420000076293945,13.539999961853027,13.399999618530273,13.399999618530273,3437000,2025-09-22,12.912091255187988,0.002989565190722576,-0.0014904010241586496,-0.008955236024803415
2025-09-23,9,0.491892472633885,0.4758628647490197,0.6666666666666666,0.2222222222222222,0.1111111111111111,1,2025-09-23,2025-09-23,2025-09-23,12.892847061157227,13.399999618530273,13.539999961853027,13.359999656677246,13.460000038146973,4869200,2025-09-23,12.892847061157227,-0.0014904010241586496,-0.008955236024803415,-0.006024079749438416
2025-09-24,12,0.09720881322088339,0.7546828983763537,0.5,0.4166666666666667,0.08333333333333333,1,2025-09-24,2025-09-24,2025-09-24,12.777388572692871,13.279999732971191,13.460000038146973,13.260000228881836,13.460000038146973,4643500,2025-09-24,12.777388572692871,-0.008955236024803415,-0.006024079749438416,0.010606087456425328
2025-09-25,2,-0.6568549424409866,0.0978137316745067,0.0,1.0,0.0,1,2025-09-25,2025-09-25,2025-09-25,12.700416564941406,13.199999809265137,13.319999694824219,13.199999809265137,13.300000190734863,6459800,2025-09-25,12.700416564941406,-0.006024079749438416,0.010606087456425328,0.003819788942339253
2025-09-26,7,0.23072575884205954,0.5614641164002179,0.7142857142857143,0.2857142857142857,0.0,1,2025-09-26,2025-09-26,2025-09-26,12.835118293762207,13.34000015258789,13.380000114440918,13.199999809265137,13.199999809265137,2918400,2025-09-26,12.835118293762207,0.010606087456425328,0.003819788942339253,0.006088228236168058
2025-09-29,2,0.20633279578760272,0.5485478405463344,0.5,0.5,0.0,1,2025-09-29,2025-09-29,2025-09-29,12.884145736694336,13.140000343322754,13.260000228881836,13.079999923706055,13.180000305175781,3399900,2025-09-29,12.884145736694336,0.003819788942339253,0.006088228236168058,-0.009077152596720817
2025-09-30,1,0.2091830670833587,0.0,1.0,0.0,0.0,1,2025-09-30,2025-09-30,2025-09-30,12.962587356567383,13.220000267028809,13.260000228881836,13.140000343322754,13.140000343322754,5594700,2025-09-30,12.962587356567383,0.006088228236168058,-0.009077152596720817,0.027480906168954267
2025-10-01,7,0.5856768465933523,0.4083048712097349,0.8571428571428571,0.0,0.14285714285714285,1,2025-10-01,2025-10-01,2025-10-01,12.844923973083496,13.100000381469727,13.279999732971191,13.079999923706055,13.220000267028809,3670200,2025-10-01,12.844923973083496,-0.009077152596720817,0.027480906168954267,-0.013372988368537175
2025-10-02,10,0.7673385232221335,0.16669892113032359,1.0,0.0,0.0,1,2025-10-02,2025-10-02,2025-10-02,13.197914123535156,13.460000038146973,13.619999885559082,13.140000343322754,13.140000343322754,7874300,2025-10-02,13.197914123535156,0.027480906168954267,-0.013372988368537175,0.006024118886648777
2025-10-03,7,0.1178342822406973,0.6819442734574206,0.5714285714285714,0.42857142857142855,0.0,1,2025-10-03,2025-10-03,2025-10-03,13.021418571472168,13.279999732971191,13.5,13.260000228881836,13.5,7338700,2025-10-03,13.021418571472168,-0.013372988368537175,0.006024118886648777,-0.005988046184534301
2025-10-06,9,0.49549828141203356,0.46102974481599446,0.7777777777777778,0.2222222222222222,0.0,1,2025-10-06,2025-10-06,2025-10-06,13.099861145019531,13.359999656677246,13.4399995803833,13.260000228881836,13.279999732971191,2439600,2025-10-06,13.099861145019531,0.006024118886648777,-0.005988046184534301,-0.006024118886648666
2025-10-07,6,-0.36959524281943845,0.7535967118760548,0.3333333333333333,0.6666666666666666,0.0,1,2025-10-07,2025-10-07,2025-10-07,13.021418571472168,13.279999732971191,13.359999656677246,13.279999732971191,13.359999656677246,1828300,2025-10-07,13.021418571472168,-0.005988046184534301,-0.006024118886648666,0.006060628835280246
2025-10-08,7,-0.19738976986679652,0.8008785566888547,0.2857142857142857,0.7142857142857143,0.0,1,2025-10-08,2025-10-08,2025-10-08,12.942975997924805,13.199999809265137,13.300000190734863,13.199999809265137,13.300000190734863,4268800,2025-10-08,12.942975997924805,-0.006024118886648666,0.006060628835280246,-0.004518034235814761
2025-10-09,5,0.7165168642997741,0.2696083435263935,1.0,0.0,0.0,1,2025-10-09,2025-10-09,2025-10-09,13.021418571472168,13.279999732971191,13.319999694824219,13.239999771118164,13.300000190734863,7128400,2025-10-09,13.021418571472168,0.006060628835280246,-0.004518034235814761,0.0030256930084757716
2025-10-10,4,-0.597726183012128,0.3009516285147927,0.0,1.0,0.0,1,2025-10-10,2025-10-10,2025-10-10,12.962587356567383,13.220000267028809,13.300000190734863,13.220000267028809,13.279999732971191,3026400,2025-10-10,12.962587356567383,-0.004518034235814761,0.0030256930084757716,-0.004524922058969372
2025-10-13,6,0.20168589831640324,0.7679944769633652,0.5,0.5,0.0,1,2025-10-13,2025-10-13,2025-10-13,13.001808166503906,13.260000228881836,13.319999694824219,13.140000343322754,13.199999809265137,3312500,2025-10-13,13.001808166503906,0.0030256930084757716,-0.004524922058969372,-0.0015150651053582598
2025-10-14,4,0.28101290203630924,0.6611623889125912,0.75,0.25,0.0,1,2025-10-14,2025-10-14,2025-10-14,12.942975997924805,13.199999809265137,13.359999656677246,13.180000305175781,13.300000190734863,3820100,2025-10-14,12.942975997924805,-0.004524922058969372,-0.0015150651053582598,0.0
2025-10-15,10,0.3421868968056515,0.672050764156087,0.7,0.3,0.0,1,2025-10-15,2025-10-15,2025-10-15,12.92336654663086,13.180000305175781,13.220000267028809,13.140000343322754,13.199999809265137,3719000,2025-10-15,12.92336654663086,-0.0015150651053582598,0.0,-0.006069825015356689
2025-10-16,9,0.3350221421569586,0.6274606191296505,0.6666666666666666,0.3333333333333333,0.0,1,2025-10-16,2025-10-16,2025-10-16,12.92336654663086,13.180000305175781,13.300000190734863,13.15999984741211,13.199999809265137,4018800,2025-10-16,12.92336654663086,0.0,-0.006069825015356689,0.01068700669149969
2025-10-17,10,0.3065572628984229,0.6830732705418242,0.6,0.3,0.1,1,2025-10-17,2025-10-17,2025-10-17,12.844923973083496,13.100000381469727,13.239999771118164,13.079999923706055,13.220000267028809,5518800,2025-10-17,12.844923973083496,-0.006069825015356689,0.01068700669149969,-0.012084563515527003
2025-10-21,4,0.45785216428339487,0.1983929357254083,1.0,0.0,0.0,1,2025-10-21,2025-10-21,2025-10-21,12.982197761535645,13.239999771118164,13.300000190734863,13.199999809265137,13.279999732971191,3518700,2025-10-21,12.982197761535645,0.01068700669149969,-0.012084563515527003,0.003058078052300406
2025-10-22,6,-0.4614440160803497,0.670214916513595,0.16666666666666666,0.8333333333333334,0.0,1,2025-10-22,2025-10-22,2025-10-22,12.825313568115234,13.079999923706055,13.279999732971191,13.079999923706055,13.260000228881836,4105600,2025-10-22,12.825313568115234,-0.012084563515527003,0.003058078052300406,0.007621960938043237
2025-10-23,5,0.08982825865969066,0.7992017978925293,0.4,0.6,0.0,1,2025-10-23,2025-10-23,2025-10-23,12.864534378051758,13.119999885559082,13.15999984741211,13.0600004196167,13.100000381469727,6036100,2025-10-23,12.864534378051758,0.003058078052300406,0.007621960938043237,0.010589999100958813
2025-10-24,9,0.19545509904209116,0.7715680576600745,0.6666666666666666,0.3333333333333333,0.0,1,2025-10-24,2025-10-24,2025-10-24,12.962587356567383,13.220000267028809,13.279999732971191,13.140000343322754,13.140000343322754,2365400,2025-10-24,12.962587356567383,0.007621960938043237,0.010589999100958813,-0.010479026222681709
2025-10-27,6,0.5946572596052041,0.4657715765423528,0.6666666666666666,0.16666666666666666,0.16666666666666666,2,2025-10-26,2025-10-27,2025-10-27,13.099861145019531,13.359999656677246,13.420000076293945,13.260000228881836,13.279999732971191,5258600,2025-10-27,13.099861145019531,0.010589999100958813,-0.010479026222681709,0.006051459588245045
2025-10-28,6,-0.2823301112900178,0.6694897573803578,0.16666666666666666,0.8333333333333334,0.0,1,2025-10-28,2025-10-28,2025-10-28,12.962587356567383,13.220000267028809,13.380000114440918,13.220000267028809,13.359999656677246,6037900,2025-10-28,12.962587356567383,-0.010479026222681709,0.006051459588245045,0.0015036735134441592
2025-10-29,7,0.38773788741257575,0.718364589897287,0.5714285714285714,0.2857142857142857,0.14285714285714285,1,2025-10-29,2025-10-29,2025-10-29,13.041029930114746,13.300000190734863,13.34000015258789,13.180000305175781,13.199999809265137,2702700,2025-10-29,13.041029930114746,0.006051459588245045,0.0015036735134441592,-0.0030029777862446982
2025-10-30,5,0.3582961960695684,0.5598011101933532,0.8,0.2,0.0,1,2025-10-30,2025-10-30,2025-10-30,13.060639381408691,13.319999694824219,13.34000015258789,13.260000228881836,13.300000190734863,3453400,2025-10-30,13.060639381408691,0.0015036735134441592,-0.0030029777862446982,0.004518107474710487
2025-10-31,6,-0.340733432987084,0.6678491383443198,0.16666666666666666,0.8333333333333334,0.0,1,2025-10-31,2025-10-31,2025-10-31,13.021418571472168,13.279999732971191,13.319999694824219,13.239999771118164,13.300000190734863,3706300,2025-10-31,13.021418571472168,-0.0030029777862446982,0.004518107474710487,-0.002998475389805133
2025-11-03,4,0.7885421281680465,0.13531669886662773,1.0,0.0,0.0,1,2025-11-03,2025-11-03,2025-11-03,13.08025074005127,13.34000015258789,13.359999656677246,13.260000228881836,13.279999732971191,1739500,2025-11-03,13.08025074005127,0.004518107474710487,-0.002998475389805133,-0.007518879468523587
2025-11-04,2,-0.21955715119838715,0.0324772445710094,0.0,1.0,0.0,1,2025-11-04,2025-11-04,2025-11-04,13.041029930114746,13.300000190734863,13.399999618530273,13.300000190734863,13.319999694824219,4543100,2025-11-04,13.041029930114746,-0.002998475389805133,-0.007518879468523587,0.0
2025-11-05,7,-0.2743388296637152,0.7959334027505259,0.2857142857142857,0.7142857142857143,0.0,1,2025-11-05,2025-11-05,2025-11-05,12.942975997924805,13.199999809265137,13.34000015258789,13.15999984741211,13.300000190734863,1979400,2025-11-05,12.942975997924805,-0.007518879468523587,0.0,0.0015152124708972536
2025-11-06,8,0.07009626133367419,0.7445032642836911,0.625,0.375,0.0,1,2025-11-06,2025-11-06,2025-11-06,12.942975997924805,13.199999809265137,13.300000190734863,13.180000305175781,13.279999732971191,3796900,2025-11-06,12.942975997924805,0.0,0.0015152124708972536,0.009077152596720817
2025-11-07,8,-0.08062455919571218,0.6127000758758843,0.5,0.5,0.0,1,2025-11-07,2025-11-07,2025-11-07,12.962587356567383,13.220000267028809,13.260000228881836,13.180000305175781,13.199999809265137,2571700,2025-11-07,12.962587356567383,0.0015152124708972536,0.009077152596720817,0.002998475389805133
2025-11-10,3,0.8944086341653019,0.06077220285944568,1.0,0.0,0.0,1,2025-11-10,2025-11-10,2025-11-10,13.08025074005127,13.34000015258789,13.34000015258789,13.220000267028809,13.220000267028809,2370500,2025-11-10,13.08025074005127,0.009077152596720817,0.002998475389805133,0.001494755706702211
2025-11-11,4,0.5506171835586429,0.48890217944321807,0.75,0.25,0.0,1,2025-11-11,2025-11-11,2025-11-11,13.119471549987793,13.380000114440918,13.420000076293945,13.260000228881836,13.34000015258789,3688800,2025-11-11,13.119471549987793,0.002998475389805133,0.001494755706702211,0.007462696317122708
2025-11-12,4,-0.5176285225898027,0.5194516901471093,0.25,0.75,0.0,1,2025-11-12,2025-11-12,2025-11-12,13.139081954956055,13.399999618530273,13.4399995803833,13.359999656677246,13.4399995803833,4145000,2025-11-12,13.139081954956055,0.001494755706702211,0.007462696317122708,-0.005925875974467698
2025-11-13,5,0.529177962243557,0.09946983684417321,1.0,0.0,0.0,1,2025-11-13,2025-11-13,2025-11-13,13.23713493347168,13.5,13.5600004196167,13.359999656677246,13.399999618530273,5017900,2025-11-13,13.23713493347168,0.007462696317122708,-0.005925875974467698,-0.010432247249398285
2025-11-14,7,-0.311833495008094,0.6584747726819079,0.2857142857142857,0.7142857142857143,0.0,1,2025-11-14,2025-11-14,2025-11-14,13.158693313598633,13.420000076293945,13.5,13.380000114440918,13.479999542236328,3709200,2025-11-14,13.158693313598633,-0.005925875974467698,-0.010432247249398285,-0.007530057059691231
2025-11-17,6,0.2922624312341213,0.45971439860361396,0.6666666666666666,0.3333333333333333,0.0,1,2025-11-17,2025-11-17,2025-11-17,13.021418571472168,13.279999732971191,13.539999961853027,13.239999771118164,13.420000076293945,3811400,2025-11-17,13.021418571472168,-0.010432247249398285,-0.007530057059691231,0.0
2025-11-18,2,-0.48569348081946373,0.37001038096926947,0.0,1.0,0.0,1,2025-11-18,2025-11-18,2025-11-18,12.92336654663086,13.180000305175781,13.34000015258789,13.15999984741211,13.260000228881836,9201600,2025-11-18,12.92336654663086,-0.007530057059691231,0.0,-0.0030348756103918406
2025-11-19,7,0.4119120623384203,0.6193425136363353,0.8571428571428571,0.14285714285714285,0.0,1,2025-11-19,2025-11-19,2025-11-19,12.92336654663086,13.180000305175781,13.220000267028809,13.15999984741211,13.199999809265137,4921800,2025-11-19,12.92336654663086,0.0,-0.0030348756103918406,-0.003044188137296122
2025-11-20,4,0.3568847309798002,0.7055175734994633,0.75,0.25,0.0,1,2025-11-20,2025-11-20,2025-11-20,12.884145736694336,13.140000343322754,13.260000228881836,13.140000343322754,13.199999809265137,7018600,2025-11-20,12.884145736694336,-0.0030348756103918406,-0.003044188137296122,-0.004580188150773323
2025-11-21,5,-0.5035880181007086,0.8299441193121124,0.2,0.8,0.0,1,2025-11-21,2025-11-21,2025-11-21,12.844923973083496,13.100000381469727,13.15999984741211,13.100000381469727,13.140000343322754,6558600,2025-11-21,12.844923973083496,-0.003044188137296122,-0.004580188150773323,0.004601262800129069
2025-11-24,8,0.6093900006671902,0.515337498169414,0.875,0.125,0.0,2,2025-11-23,2025-11-24,2025-11-24,12.786091804504395,13.039999961853027,13.140000343322754,13.039999961853027,13.100000381469727,10668400,2025-11-24,12.786091804504395,-0.004580188150773323,0.004601262800129069,0.0015267046351816749
2025-11-25,4,0.435622150078416,0.8627297401133072,0.75,0.25,0.0,1,2025-11-25,2025-11-25,2025-11-25,12.844923973083496,13.100000381469727,13.119999885559082,13.039999961853027,13.0600004196167,10388100,2025-11-25,12.844923973083496,0.004601262800129069,0.0015267046351816749,0.012195093021638792
2025-11-26,7,0.597805278641837,0.5585705060964418,0.8571428571428571,0.14285714285714285,0.0,1,2025-11-26,2025-11-26,2025-11-26,12.864534378051758,13.119999885559082,13.220000267028809,13.020000457763672,13.119999885559082,9907800,2025-11-26,12.864534378051758,0.0015267046351816749,0.012195093021638792,-0.007530057059691231
2025-11-27,6,0.3808479271829128,0.683656133943902,0.6666666666666666,0.3333333333333333,0.0,1,2025-11-27,2025-11-27,2025-11-27,13.021418571472168,13.279999732971191,13.279999732971191,13.100000381469727,13.119999885559082,6967000,2025-11-27,13.021418571472168,0.012195093021638792,-0.007530057059691231,0.010622064636371276
2025-11-28,9,-0.4227752283525963,0.6745315632185491,0.1111111111111111,0.6666666666666666,0.2222222222222222,1,2025-11-28,2025-11-28,2025-11-28,12.92336654663086,13.180000305175781,13.260000228881836,13.100000381469727,13.260000228881836,13016400,2025-11-28,12.92336654663086,-0.007530057059691231,0.010622064636371276,-0.043543542995353124
2025-12-01,8,0.6849629808857571,0.22821652989844962,1.0,0.0,0.0,1,2025-12-01,2025-12-01,2025-12-01,13.060639381408691,13.319999694824219,13.5600004196167,13.199999809265137,13.199999809265137,10817700,2025-12-01,13.060639381408691,0.010622064636371276,-0.043543542995353124,0.007849380333575517
2025-12-02,7,0.37927404631461414,0.5920771814475838,0.8571428571428571,0.14285714285714285,0.0,1,2025-12-02,2025-12-02,2025-12-02,12.49193286895752,12.739999771118164,13.34000015258789,12.739999771118164,13.279999732971191,21005700,2025-12-02,12.49193286895752,-0.043543542995353124,0.007849380333575517,-0.026479753374563875
2025-12-03,10,0.40914019998162987,0.3735509792713902,0.7,0.2,0.1,1,2025-12-03,2025-12-03,2025-12-03,12.589986801147461,12.84000015258789,13.039999961853027,12.800000190734863,12.859999656677246,6746300,2025-12-03,12.589986801147461,0.007849380333575517,-0.026479753374563875,0.011199982819773302
2025-12-04,12,-0.23755696117101857,0.6543969760261633,0.4166666666666667,0.5833333333333334,0.0,1,2025-12-04,2025-12-04,2025-12-04,12.256607055664062,12.5,12.920000076293945,12.5,12.859999656677246,12264400,2025-12-04,12.256607055664062,-0.026479753374563875,0.011199982819773302,0.004746795264916059
2025-12-05,8,-0.32735059424885554,0.605242831474755,0.25,0.75,0.0,1,2025-12-05,2025-12-05,2025-12-05,12.393880844116211,12.640000343322754,12.680000305175781,12.520000457763672,12.5600004196167,17308400,2025-12-05,12.393880844116211,0.011199982819773302,0.004746795264916059,0.0
2025-12-08,3,-0.31584135567148525,0.6217513931678363,0.3333333333333333,0.6666666666666666,0.0,1,2025-12-08,2025-12-08,2025-12-08,12.452712059020996,12.699999809265137,12.760000228881836,12.520000457763672,12.699999809265137,9720300,2025-12-08,12.452712059020996,0.004746795264916059,0.0,0.003149579766289712
2025-12-09,7,0.1369307656506343,0.6730635261550129,0.5714285714285714,0.2857142857142857,0.14285714285714285,1,2025-12-09,2025-12-09,2025-12-09,12.452712059020996,12.699999809265137,12.779999732971191,12.65999984741211,12.779999732971191,11657900,2025-12-09,12.452712059020996,0.0,0.003149579766289712,0.0
2025-12-10,13,0.3107519111273667,0.6561704229426265,0.6153846153846154,0.3076923076923077,0.07692307692307693,1,2025-12-10,2025-12-10,2025-12-10,12.49193286895752,12.739999771118164,12.760000228881836,12.680000305175781,12.720000267028809,6859000,2025-12-10,12.49193286895752,0.003149579766289712,0.0,0.021978142784867538
2025-12-11,6,0.42781100790792453,0.42816164557043235,0.8333333333333334,0.16666666666666666,0.0,1,2025-12-11,2025-12-11,2025-12-11,12.49193286895752,12.739999771118164,12.800000190734863,12.699999809265137,12.779999732971191,8136400,2025-12-11,12.49193286895752,0.0,0.021978142784867538,0.006144340915751112
2025-12-12,8,0.3840581371332519,0.5470741889995063,0.875,0.125,0.0,1,2025-12-12,2025-12-12,2025-12-12,12.76648235321045,13.020000457763672,13.020000457763672,12.779999732971191,12.779999732971191,7354900,2025-12-12,12.76648235321045,0.021978142784867538,0.006144340915751112,0.0030534835155917595
2025-12-15,7,0.3437901683417814,0.46689619721278375,0.5714285714285714,0.2857142857142857,0.14285714285714285,1,2025-12-15,2025-12-15,2025-12-15,12.844923973083496,13.100000381469727,13.15999984741211,12.9399995803833,12.960000038146973,9239800,2025-12-15,12.844923973083496,0.006144340915751112,0.0030534835155917595,0.0076102852952100175
2025-12-16,6,0.41630043539529044,0.6115832268851309,0.6666666666666666,0.3333333333333333,0.0,1,2025-12-16,2025-12-16,2025-12-16,12.884145736694336,13.140000343322754,13.220000267028809,13.020000457763672,13.100000381469727,8540400,2025-12-16,12.884145736694336,0.0030534835155917595,0.0076102852952100175,0.004531757230922251
2025-12-17,8,0.11138815927552062,0.706206906848569,0.5,0.5,0.0,1,2025-12-17,2025-12-17,2025-12-17,12.982197761535645,13.239999771118164,13.260000228881836,13.140000343322754,13.140000343322754,7195100,2025-12-17,12.982197761535645,0.0076102852952100175,0.004531757230922251,0.00451123992660496
2025-12-18,11,0.4575287115717815,0.6637753578053714,0.7272727272727273,0.2727272727272727,0.0,1,2025-12-18,2025-12-18,2025-12-18,13.041029930114746,13.300000190734863,13.34000015258789,13.199999809265137,13.239999771118164,5671200,2025-12-18,13.041029930114746,0.004531757230922251,0.00451123992660496,0.013473085715117739
2025-12-19,13,0.8239341036130029,0.09248635247787601,1.0,0.0,0.0,1,2025-12-19,2025-12-19,2025-12-19,13.099861145019531,13.359999656677246,13.420000076293945,13.279999732971191,13.300000190734863,8839300,2025-12-19,13.099861145019531,0.00451123992660496,0.013473085715117739,0.008862625957446912
2025-12-22,8,0.26077330170664936,0.6215228566174578,0.625,0.25,0.125,1,2025-12-22,2025-12-22,2025-12-22,13.27635669708252,13.539999961853027,13.5600004196167,13.34000015258789,13.34000015258789,5625200,2025-12-22,13.27635669708252,0.013473085715117739,0.008862625957446912,-0.004392349313418142
2025-12-23,11,0.4436736415902322,0.559800218053333,0.6363636363636364,0.18181818181818182,0.18181818181818182,1,2025-12-23,2025-12-23,2025-12-23,13.394020080566406,13.65999984741211,13.65999984741211,13.4399995803833,13.579999923706055,5912600,2025-12-23,13.394020080566406,0.008862625957446912,-0.004392349313418142,0.0044117271601811225
2025-12-24,6,0.6646791186261302,0.2789526866366546,1.0,0.0,0.0,1,2025-12-24,2025-12-24,2025-12-24,13.335188865661621,13.600000381469727,13.699999809265137,13.579999923706055,13.619999885559082,3527700,2025-12-24,13.335188865661621,-0.004392349313418142,0.0044117271601811225,0.01610542321886599
2025-12-26,5,-0.6700562365353108,0.4461928931294483,0.2,0.8,0.0,1,2025-12-26,2025-12-26,2025-12-26,13.394020080566406,13.65999984741211,13.680000305175781,13.520000457763672,13.600000381469727,1486600,2025-12-26,13.394020080566406,0.0044117271601811225,0.01610542321886599,-0.007204690010253811
2025-12-29,10,0.39867306854575874,0.46149873798152735,0.8,0.1,0.1,1,2025-12-29,2025-12-29,2025-12-29,13.609736442565918,13.880000114440918,13.880000114440918,13.640000343322754,13.65999984741211,8103500,2025-12-29,13.609736442565918,0.01610542321886599,-0.007204690010253811,-0.004354099858371208
2025-12-30,13,0.026061276726138113,0.7348691038560079,0.5384615384615384,0.38461538461538464,0.07692307692307693,1,2025-12-30,2025-12-30,2025-12-30,13.511682510375977,13.779999732971191,13.84000015258789,13.619999885559082,13.819999694824219,10994900,2025-12-30,13.511682510375977,-0.007204690010253811,-0.004354099858371208,
2025-12-31,9,-0.39361343444842434,0.6537486251055409,0.2222222222222222,0.6666666666666666,0.1111111111111111,1,2025-12-31,2025-12-31,2025-12-31,13.452851295471191,13.720000267028809,13.84000015258789,13.65999984741211,13.779999732971191,6323400,2025-12-31,13.452851295471191,-0.004354099858371208,,
