Date,Adj Close 5347.KL,Close 5347.KL,High 5347.KL,Low 5347.KL,Open 5347.KL,Volume 5347.KL,date,close
2023-01-03,8.040685653686523,9.300000190734863,9.470000267028809,9.300000190734863,9.470000267028809,3519600,2023-01-03,8.040685653686523
2023-01-04,8.10120677947998,9.369999885559082,9.380000114440918,9.260000228881836,9.289999961853027,1688800,2023-01-04,8.10120677947998
2023-01-05,8.170374870300293,9.449999809265137,9.470000267028809,9.369999885559082,9.369999885559082,3550500,2023-01-05,8.170374870300293
2023-01-06,8.161728858947754,9.4399995803833,9.4399995803833,9.390000343322754,9.420000076293945,1794500,2023-01-06,8.161728858947754
2023-01-09,8.239541053771973,9.529999732971191,9.529999732971191,9.420000076293945,9.4399995803833,2268300,2023-01-09,8.239541053771973
2023-01-10,8.239541053771973,9.529999732971191,9.529999732971191,9.4399995803833,9.479999542236328,1860800,2023-01-10,8.239541053771973
2023-01-11,8.127143859863281,9.399999618530273,9.510000228881836,9.390000343322754,9.470000267028809,3339000,2023-01-11,8.127143859863281
2023-01-12,8.127143859863281,9.399999618530273,9.449999809265137,9.350000381469727,9.430000305175781,3211700,2023-01-12,8.127143859863281
2023-01-13,8.196311950683594,9.479999542236328,9.5,9.350000381469727,9.350000381469727,1615800,2023-01-13,8.196311950683594
2023-01-16,8.170374870300293,9.449999809265137,9.470000267028809,9.380000114440918,9.460000038146973,1739600,2023-01-16,8.170374870300293
2023-01-17,8.14443588256836,9.420000076293945,9.449999809265137,9.380000114440918,9.449999809265137,1746100,2023-01-17,8.14443588256836
2023-01-18,8.118497848510742,9.390000343322754,9.430000305175781,9.380000114440918,9.420000076293945,1766800,2023-01-18,8.118497848510742
2023-01-19,8.213603019714355,9.5,9.5,9.390000343322754,9.390000343322754,2465600,2023-01-19,8.213603019714355
2023-01-20,8.170374870300293,9.449999809265137,9.5,9.420000076293945,9.489999771118164,2497600,2023-01-20,8.170374870300293
2023-01-25,8.23089599609375,9.520000457763672,9.520000457763672,9.430000305175781,9.449999809265137,1416100,2023-01-25,8.23089599609375
2023-01-26,8.23089599609375,9.520000457763672,9.520000457763672,9.470000267028809,9.489999771118164,1008000,2023-01-26,8.23089599609375
2023-01-27,8.256832122802734,9.550000190734863,9.569999694824219,9.479999542236328,9.520000457763672,2205100,2023-01-27,8.256832122802734
2023-01-30,8.222250938415527,9.510000228881836,9.550000190734863,9.489999771118164,9.550000190734863,1797300,2023-01-30,8.222250938415527
2023-01-31,8.14443588256836,9.420000076293945,9.520000457763672,9.420000076293945,9.510000228881836,4533300,2023-01-31,8.14443588256836
2023-02-02,8.239541053771973,9.529999732971191,9.5600004196167,9.430000305175781,9.449999809265137,3405200,2023-02-02,8.239541053771973
2023-02-03,8.274125099182129,9.569999694824219,9.579999923706055,9.470000267028809,9.470000267028809,2304200,2023-02-03,8.274125099182129
2023-02-07,8.118497848510742,9.390000343322754,9.550000190734863,9.319999694824219,9.460000038146973,3694000,2023-02-07,8.118497848510742
2023-02-08,8.222250938415527,9.510000228881836,9.520000457763672,9.359999656677246,9.390000343322754,1807200,2023-02-08,8.222250938415527
2023-02-09,8.239541053771973,9.529999732971191,9.609999656677246,9.4399995803833,9.5,4434500,2023-02-09,8.239541053771973
2023-02-10,8.447043418884277,9.770000457763672,9.819999694824219,9.529999732971191,9.529999732971191,9259100,2023-02-10,8.447043418884277
2023-02-13,8.568084716796875,9.90999984741211,9.920000076293945,9.6899995803833,9.770000457763672,5583100,2023-02-13,8.568084716796875
2023-02-14,8.58537769317627,9.930000305175781,10.0,9.829999923706055,9.880000114440918,6865500,2023-02-14,8.58537769317627
2023-02-15,8.602667808532715,9.949999809265137,9.979999542236328,9.850000381469727,9.930000305175781,2430200,2023-02-15,8.602667808532715
2023-02-16,8.559438705444336,9.899999618530273,9.979999542236328,9.880000114440918,9.949999809265137,3553000,2023-02-16,8.559438705444336
2023-02-17,8.550793647766113,9.890000343322754,9.899999618530273,9.829999923706055,9.869999885559082,1597900,2023-02-17,8.550793647766113
2023-02-20,8.524856567382812,9.859999656677246,9.880000114440918,9.829999923706055,9.859999656677246,1391400,2023-02-20,8.524856567382812
2023-02-21,8.472980499267578,9.800000190734863,9.850000381469727,9.789999961853027,9.850000381469727,1654100,2023-02-21,8.472980499267578
2023-02-22,8.343291282653809,9.649999618530273,9.800000190734863,9.609999656677246,9.800000190734863,3078100,2023-02-22,8.343291282653809
2023-02-23,8.343291282653809,9.649999618530273,9.770000457763672,9.609999656677246,9.649999618530273,1882500,2023-02-23,8.343291282653809
2023-02-24,8.403813362121582,9.720000267028809,9.75,9.550000190734863,9.670000076293945,2160500,2023-02-24,8.403813362121582
2023-02-27,8.334646224975586,9.640000343322754,9.770000457763672,9.5600004196167,9.770000457763672,2437200,2023-02-27,8.334646224975586
2023-02-28,8.10120677947998,9.369999885559082,9.670000076293945,9.369999885559082,9.670000076293945,7087000,2023-02-28,8.10120677947998
2023-03-01,8.023394584655762,9.279999732971191,9.380000114440918,9.180000305175781,9.369999885559082,6105100,2023-03-01,8.023394584655762
2023-03-02,8.127143859863281,9.399999618530273,9.420000076293945,9.199999809265137,9.279999732971191,2892600,2023-03-02,8.127143859863281
2023-03-03,8.127143859863281,9.399999618530273,9.449999809265137,9.289999961853027,9.40999984741211,2722300,2023-03-03,8.127143859863281
2023-03-06,8.075268745422363,9.34000015258789,9.4399995803833,9.3100004196167,9.399999618530273,1500500,2023-03-06,8.075268745422363
2023-03-07,8.109854698181152,9.380000114440918,9.399999618530273,9.319999694824219,9.34000015258789,1815300,2023-03-07,8.109854698181152
2023-03-08,8.153081893920898,9.430000305175781,9.489999771118164,9.329999923706055,9.380000114440918,1958700,2023-03-08,8.153081893920898
2023-03-09,8.170374870300293,9.449999809265137,9.479999542236328,9.380000114440918,9.420000076293945,2158400,2023-03-09,8.170374870300293
2023-03-10,8.109854698181152,9.380000114440918,9.449999809265137,9.319999694824219,9.449999809265137,2149200,2023-03-10,8.109854698181152
2023-03-13,8.057976722717285,9.319999694824219,9.369999885559082,9.25,9.350000381469727,3136600,2023-03-13,8.057976722717285
2023-03-14,8.01474666595459,9.270000457763672,9.34000015258789,9.25,9.300000190734863,3617800,2023-03-14,8.01474666595459
2023-03-15,8.14443588256836,9.420000076293945,9.4399995803833,9.279999732971191,9.289999961853027,1982100,2023-03-15,8.14443588256836
2023-03-16,8.083915710449219,9.350000381469727,9.4399995803833,9.329999923706055,9.420000076293945,2677200,2023-03-16,8.083915710449219
2023-03-17,8.256832122802734,9.550000190734863,9.649999618530273,9.350000381469727,9.350000381469727,5869600,2023-03-17,8.256832122802734
2023-03-20,8.187666893005371,9.470000267028809,9.550000190734863,9.369999885559082,9.550000190734863,1819200,2023-03-20,8.187666893005371
2023-03-21,8.187666893005371,9.470000267028809,9.520000457763672,9.390000343322754,9.470000267028809,2416000,2023-03-21,8.187666893005371
2023-03-22,8.23089599609375,9.520000457763672,9.520000457763672,9.449999809265137,9.470000267028809,1983400,2023-03-22,8.23089599609375
2023-03-23,8.265480041503906,9.5600004196167,9.569999694824219,9.449999809265137,9.510000228881836,2268400,2023-03-23,8.265480041503906
2023-03-24,8.248188018798828,9.539999961853027,9.5600004196167,9.479999542236328,9.510000228881836,2231400,2023-03-24,8.248188018798828
2023-03-27,8.127143859863281,9.399999618530273,9.539999961853027,9.399999618530273,9.539999961853027,3162100,2023-03-27,8.127143859863281
2023-03-28,8.066622734069824,9.329999923706055,9.430000305175781,9.25,9.399999618530273,6443300,2023-03-28,8.066622734069824
2023-03-29,8.127143859863281,9.399999618530273,9.430000305175781,9.3100004196167,9.329999923706055,4604900,2023-03-29,8.127143859863281
2023-03-30,8.162712097167969,9.180000305175781,9.199999809265137,9.0600004196167,9.130000114440918,4229300,2023-03-30,8.162712097167969
2023-03-31,8.207171440124512,9.229999542236328,9.260000228881836,9.180000305175781,9.180000305175781,3685700,2023-03-31,8.207171440124512
2023-04-03,8.216062545776367,9.239999771118164,9.25,9.210000038146973,9.229999542236328,4097100,2023-04-03,8.216062545776367
2023-04-04,8.224954605102539,9.25,9.260000228881836,9.180000305175781,9.229999542236328,2348000,2023-04-04,8.224954605102539
2023-04-05,8.233846664428711,9.260000228881836,9.270000457763672,9.199999809265137,9.25,1689800,2023-04-05,8.233846664428711
2023-04-06,8.224954605102539,9.25,9.270000457763672,9.180000305175781,9.260000228881836,1879300,2023-04-06,8.224954605102539
2023-04-07,8.207171440124512,9.229999542236328,9.25,9.170000076293945,9.25,746500,2023-04-07,8.207171440124512
2023-04-10,8.162712097167969,9.180000305175781,9.220000267028809,9.180000305175781,9.210000038146973,1992300,2023-04-10,8.162712097167969
2023-04-11,8.118252754211426,9.130000114440918,9.180000305175781,9.079999923706055,9.180000305175781,4939900,2023-04-11,8.118252754211426
2023-04-12,8.011550903320312,9.010000228881836,9.149999618530273,9.0,9.130000114440918,6345700,2023-04-12,8.011550903320312
2023-04-13,8.13603687286377,9.149999618530273,9.1899995803833,9.029999732971191,9.029999732971191,4845800,2023-04-13,8.13603687286377
2023-04-14,8.189388275146484,9.210000038146973,9.210000038146973,9.130000114440918,9.1899995803833,1453700,2023-04-14,8.189388275146484
2023-04-17,8.162712097167969,9.180000305175781,9.239999771118164,9.130000114440918,9.210000038146973,1413200,2023-04-17,8.162712097167969
2023-04-18,8.00265884399414,9.0,9.220000267028809,8.970000267028809,9.180000305175781,8945500,2023-04-18,8.00265884399414
2023-04-19,7.887065887451172,8.869999885559082,9.050000190734863,8.869999885559082,9.0,7782500,2023-04-19,7.887065887451172
2023-04-20,7.913741111755371,8.899999618530273,8.949999809265137,8.869999885559082,8.890000343322754,2382000,2023-04-20,7.913741111755371
2023-04-25,7.940415382385254,8.930000305175781,8.949999809265137,8.890000343322754,8.899999618530273,3475800,2023-04-25,7.940415382385254
2023-04-26,7.842606067657471,8.819999694824219,8.930000305175781,8.819999694824219,8.920000076293945,4080500,2023-04-26,7.842606067657471
2023-04-27,7.895956993103027,8.880000114440918,8.9399995803833,8.819999694824219,8.850000381469727,1936000,2023-04-27,7.895956993103027
2023-04-28,7.913741111755371,8.899999618530273,8.930000305175781,8.869999885559082,8.90999984741211,2042800,2023-04-28,7.913741111755371
2023-05-02,7.9759840965271,8.970000267028809,8.989999771118164,8.899999618530273,8.899999618530273,4109200,2023-05-02,7.9759840965271
2023-05-03,7.984875202178955,8.979999542236328,9.0,8.920000076293945,8.970000267028809,2103800,2023-05-03,7.984875202178955
2023-05-05,7.984875202178955,8.979999542236328,9.029999732971191,8.920000076293945,8.989999771118164,1760800,2023-05-05,7.984875202178955
2023-05-08,8.047118186950684,9.050000190734863,9.09000015258789,8.970000267028809,8.989999771118164,1914300,2023-05-08,8.047118186950684
2023-05-09,8.180495262145996,9.199999809265137,9.199999809265137,9.029999732971191,9.079999923706055,5768100,2023-05-09,8.180495262145996
2023-05-10,8.029335021972656,9.029999732971191,9.199999809265137,9.020000457763672,9.1899995803833,4249500,2023-05-10,8.029335021972656
2023-05-11,8.082685470581055,9.09000015258789,9.180000305175781,9.029999732971191,9.050000190734863,4051900,2023-05-11,8.082685470581055
2023-05-12,8.411683082580566,9.460000038146973,9.489999771118164,9.09000015258789,9.130000114440918,13164300,2023-05-12,8.411683082580566
2023-05-15,8.465036392211914,9.520000457763672,9.5600004196167,9.359999656677246,9.449999809265137,7022000,2023-05-15,8.465036392211914
2023-05-16,8.651762962341309,9.729999542236328,9.760000228881836,9.40999984741211,9.510000228881836,8844600,2023-05-16,8.651762962341309
2023-05-17,8.669548034667969,9.75,9.779999732971191,9.640000343322754,9.699999809265137,6478000,2023-05-17,8.669548034667969
2023-05-18,8.705116271972656,9.789999961853027,9.8100004196167,9.630000114440918,9.729999542236328,9304400,2023-05-18,8.705116271972656
2023-05-19,8.731789588928223,9.819999694824219,9.819999694824219,9.779999732971191,9.779999732971191,5498600,2023-05-19,8.731789588928223
2023-05-22,8.536169052124023,9.600000381469727,9.800000190734863,9.5600004196167,9.800000190734863,3636600,2023-05-22,8.536169052124023
2023-05-23,8.500601768493652,9.5600004196167,9.619999885559082,9.489999771118164,9.600000381469727,4015100,2023-05-23,8.500601768493652
2023-05-24,8.465036392211914,9.520000457763672,9.579999923706055,9.5,9.550000190734863,1702900,2023-05-24,8.465036392211914
2023-05-25,8.518385887145996,9.579999923706055,9.680000305175781,9.510000228881836,9.510000228881836,3100900,2023-05-25,8.518385887145996
2023-05-26,8.616194725036621,9.6899995803833,9.720000267028809,9.520000457763672,9.600000381469727,3944000,2023-05-26,8.616194725036621
2023-05-29,8.669548034667969,9.75,9.800000190734863,9.59000015258789,9.6899995803833,5324400,2023-05-29,8.669548034667969
2023-05-30,8.553954124450684,9.619999885559082,9.75,9.5,9.75,6553100,2023-05-30,8.553954124450684
2023-05-31,8.456144332885742,9.510000228881836,9.59000015258789,9.40999984741211,9.550000190734863,12597000,2023-05-31,8.456144332885742
2023-06-01,8.411683082580566,9.460000038146973,9.510000228881836,9.390000343322754,9.5,3083500,2023-06-01,8.411683082580566
2023-06-02,8.376115798950195,9.420000076293945,9.5,9.350000381469727,9.460000038146973,3442600,2023-06-02,8.376115798950195
2023-06-06,8.269412994384766,9.300000190734863,9.420000076293945,9.260000228881836,9.420000076293945,4656100,2023-06-06,8.269412994384766
2023-06-07,8.2427396774292,9.270000457763672,9.350000381469727,9.199999809265137,9.289999961853027,5686300,2023-06-07,8.2427396774292
2023-06-08,8.109360694885254,9.119999885559082,9.25,9.09000015258789,9.210000038146973,5816100,2023-06-08,8.109360694885254
2023-06-09,8.162712097167969,9.180000305175781,9.1899995803833,9.119999885559082,9.119999885559082,4117700,2023-06-09,8.162712097167969
2023-06-12,8.233846664428711,9.260000228881836,9.289999961853027,9.180000305175781,9.180000305175781,2600200,2023-06-12,8.233846664428711
2023-06-13,8.127143859863281,9.140000343322754,9.270000457763672,9.130000114440918,9.270000457763672,4577000,2023-06-13,8.127143859863281
2023-06-14,8.180495262145996,9.199999809265137,9.220000267028809,9.149999618530273,9.149999618530273,3301000,2023-06-14,8.180495262145996
2023-06-15,8.100469589233398,9.109999656677246,9.15999984741211,9.0600004196167,9.149999618530273,5579000,2023-06-15,8.100469589233398
2023-06-16,8.180495262145996,9.199999809265137,9.199999809265137,9.100000381469727,9.109999656677246,7097300,2023-06-16,8.180495262145996
2023-06-19,8.198280334472656,9.220000267028809,9.239999771118164,9.100000381469727,9.119999885559082,2557900,2023-06-19,8.198280334472656
2023-06-20,8.198280334472656,9.220000267028809,9.229999542236328,9.149999618530273,9.15999984741211,2478000,2023-06-20,8.198280334472656
2023-06-21,8.171603202819824,9.1899995803833,9.239999771118164,9.15999984741211,9.199999809265137,2493800,2023-06-21,8.171603202819824
2023-06-22,8.180495262145996,9.199999809265137,9.239999771118164,9.1899995803833,9.199999809265137,4401400,2023-06-22,8.180495262145996
2023-06-23,8.180495262145996,9.199999809265137,9.220000267028809,9.180000305175781,9.199999809265137,2643300,2023-06-23,8.180495262145996
2023-06-26,8.162712097167969,9.180000305175781,9.210000038146973,9.15999984741211,9.199999809265137,2062900,2023-06-26,8.162712097167969
2023-06-27,8.171603202819824,9.1899995803833,9.220000267028809,9.170000076293945,9.180000305175781,3616500,2023-06-27,8.171603202819824
2023-06-28,8.011550903320312,9.010000228881836,9.220000267028809,9.0,9.199999809265137,8838400,2023-06-28,8.011550903320312
2023-06-30,8.047118186950684,9.050000190734863,9.09000015258789,8.989999771118164,9.020000457763672,15337600,2023-06-30,8.047118186950684
2023-07-03,8.091577529907227,9.100000381469727,9.180000305175781,9.039999961853027,9.050000190734863,3486700,2023-07-03,8.091577529907227
2023-07-04,8.118252754211426,9.130000114440918,9.149999618530273,9.09000015258789,9.09000015258789,5062800,2023-07-04,8.118252754211426
2023-07-05,8.073792457580566,9.079999923706055,9.149999618530273,9.079999923706055,9.119999885559082,2250000,2023-07-05,8.073792457580566
2023-07-06,8.064902305603027,9.069999694824219,9.079999923706055,9.010000228881836,9.079999923706055,4978400,2023-07-06,8.064902305603027
2023-07-07,8.047118186950684,9.050000190734863,9.09000015258789,9.050000190734863,9.0600004196167,3222100,2023-07-07,8.047118186950684
2023-07-10,8.029335021972656,9.029999732971191,9.079999923706055,9.029999732971191,9.050000190734863,3552100,2023-07-10,8.029335021972656
2023-07-11,8.047118186950684,9.050000190734863,9.0600004196167,8.989999771118164,9.039999961853027,6680000,2023-07-11,8.047118186950684
2023-07-12,8.029335021972656,9.029999732971191,9.069999694824219,9.020000457763672,9.029999732971191,4262400,2023-07-12,8.029335021972656
2023-07-13,8.091577529907227,9.100000381469727,9.119999885559082,9.020000457763672,9.029999732971191,5409700,2023-07-13,8.091577529907227
2023-07-14,8.171603202819824,9.1899995803833,9.25,9.09000015258789,9.100000381469727,8188700,2023-07-14,8.171603202819824
2023-07-17,8.118252754211426,9.130000114440918,9.199999809265137,9.119999885559082,9.199999809265137,4152800,2023-07-17,8.118252754211426
2023-07-18,8.091577529907227,9.100000381469727,9.119999885559082,9.079999923706055,9.119999885559082,5893000,2023-07-18,8.091577529907227
2023-07-20,8.064902305603027,9.069999694824219,9.140000343322754,9.039999961853027,9.130000114440918,5774000,2023-07-20,8.064902305603027
2023-07-21,8.100469589233398,9.109999656677246,9.109999656677246,9.069999694824219,9.079999923706055,4374500,2023-07-21,8.100469589233398
2023-07-24,8.411683082580566,9.460000038146973,9.470000267028809,9.109999656677246,9.109999656677246,14061700,2023-07-24,8.411683082580566
2023-07-25,8.420576095581055,9.470000267028809,9.5600004196167,9.359999656677246,9.40999984741211,14438700,2023-07-25,8.420576095581055
2023-07-26,8.536169052124023,9.600000381469727,9.600000381469727,9.40999984741211,9.40999984741211,10278100,2023-07-26,8.536169052124023
2023-07-27,8.536169052124023,9.600000381469727,9.649999618530273,9.539999961853027,9.5600004196167,6249900,2023-07-27,8.536169052124023
2023-07-28,8.509492874145508,9.569999694824219,9.619999885559082,9.529999732971191,9.59000015258789,6728500,2023-07-28,8.509492874145508
2023-07-31,8.536169052124023,9.600000381469727,9.619999885559082,9.550000190734863,9.5600004196167,10196000,2023-07-31,8.536169052124023
2023-08-01,8.49170970916748,9.550000190734863,9.619999885559082,9.5,9.579999923706055,4034600,2023-08-01,8.49170970916748
2023-08-02,8.509492874145508,9.569999694824219,9.59000015258789,9.5,9.539999961853027,2437200,2023-08-02,8.509492874145508
2023-08-03,8.500601768493652,9.5600004196167,9.579999923706055,9.5,9.5,2921000,2023-08-03,8.500601768493652
2023-08-04,8.536169052124023,9.600000381469727,9.600000381469727,9.539999961853027,9.550000190734863,2740800,2023-08-04,8.536169052124023
2023-08-07,8.500601768493652,9.5600004196167,9.600000381469727,9.520000457763672,9.600000381469727,1278000,2023-08-07,8.500601768493652
2023-08-08,8.536169052124023,9.600000381469727,9.649999618530273,9.520000457763672,9.569999694824219,4544000,2023-08-08,8.536169052124023
2023-08-09,8.571738243103027,9.640000343322754,9.640000343322754,9.579999923706055,9.600000381469727,6317000,2023-08-09,8.571738243103027
2023-08-10,8.651762962341309,9.729999542236328,9.75,9.579999923706055,9.609999656677246,5351800,2023-08-10,8.651762962341309
2023-08-11,8.714008331298828,9.800000190734863,9.829999923706055,9.619999885559082,9.699999809265137,8819100,2023-08-11,8.714008331298828
2023-08-14,8.714008331298828,9.800000190734863,9.819999694824219,9.670000076293945,9.800000190734863,4960000,2023-08-14,8.714008331298828
2023-08-15,8.79403305053711,9.890000343322754,9.899999618530273,9.75,9.789999961853027,4344600,2023-08-15,8.79403305053711
2023-08-16,8.882950782775879,9.989999771118164,10.0,9.880000114440918,9.899999618530273,8836700,2023-08-16,8.882950782775879
2023-08-17,8.847384452819824,9.949999809265137,9.970000267028809,9.859999656677246,9.970000267028809,7645600,2023-08-17,8.847384452819824
2023-08-18,8.847384452819824,9.949999809265137,9.960000038146973,9.859999656677246,9.949999809265137,3976900,2023-08-18,8.847384452819824
2023-08-21,9.016327857971191,10.140000343322754,10.140000343322754,9.9399995803833,9.949999809265137,15644400,2023-08-21,9.016327857971191
2023-08-22,8.945195198059082,10.0600004196167,10.140000343322754,10.0,10.119999885559082,5022600,2023-08-22,8.945195198059082
2023-08-23,8.882950782775879,9.989999771118164,10.100000381469727,9.9399995803833,10.079999923706055,3456200,2023-08-23,8.882950782775879
2023-08-24,8.89184284210205,10.0,10.039999961853027,9.970000267028809,9.989999771118164,4263000,2023-08-24,8.89184284210205
2023-08-25,8.865167617797852,9.970000267028809,10.0,9.880000114440918,9.989999771118164,3079800,2023-08-25,8.865167617797852
2023-08-28,8.802925109863281,9.899999618530273,9.930000305175781,9.65999984741211,9.680000305175781,10036800,2023-08-28,8.802925109863281
2023-08-29,8.820709228515625,9.920000076293945,9.989999771118164,9.729999542236328,9.829999923706055,11918100,2023-08-29,8.820709228515625
2023-08-30,8.74957275390625,9.84000015258789,9.949999809265137,9.84000015258789,9.920000076293945,11325600,2023-08-30,8.74957275390625
2023-09-01,8.820709228515625,9.920000076293945,9.920000076293945,9.84000015258789,9.899999618530273,7359700,2023-09-01,8.820709228515625
2023-09-04,8.802925109863281,9.899999618530273,9.949999809265137,9.880000114440918,9.899999618530273,3454600,2023-09-04,8.802925109863281
2023-09-05,8.811817169189453,9.90999984741211,9.930000305175781,9.859999656677246,9.899999618530273,8749800,2023-09-05,8.811817169189453
2023-09-06,8.85627555847168,9.960000038146973,10.0,9.920000076293945,9.930000305175781,6120400,2023-09-06,8.85627555847168
2023-09-07,8.776248931884766,9.869999885559082,9.979999542236328,9.859999656677246,9.970000267028809,7136200,2023-09-07,8.776248931884766
2023-09-08,8.767356872558594,9.859999656677246,9.899999618530273,9.850000381469727,9.890000343322754,2492000,2023-09-08,8.767356872558594
2023-09-11,8.79403305053711,9.890000343322754,9.899999618530273,9.84000015258789,9.859999656677246,3049200,2023-09-11,8.79403305053711
2023-09-12,8.74957275390625,9.84000015258789,9.899999618530273,9.829999923706055,9.890000343322754,4465400,2023-09-12,8.74957275390625
2023-09-13,8.847384452819824,9.949999809265137,9.970000267028809,9.8100004196167,9.850000381469727,4521500,2023-09-13,8.847384452819824
2023-09-14,8.865167617797852,9.970000267028809,10.0,9.9399995803833,9.960000038146973,8215700,2023-09-14,8.865167617797852
2023-09-15,8.945195198059082,10.0600004196167,10.15999984741211,9.979999542236328,9.989999771118164,27495800,2023-09-15,8.945195198059082
2023-09-18,9.016327857971191,10.140000343322754,10.15999984741211,10.020000457763672,10.0600004196167,6913500,2023-09-18,9.016327857971191
2023-09-19,9.016327857971191,10.140000343322754,10.15999984741211,10.039999961853027,10.100000381469727,4995600,2023-09-19,9.016327857971191
2023-09-20,8.998544692993164,10.119999885559082,10.199999809265137,10.0600004196167,10.119999885559082,5877700,2023-09-20,8.998544692993164
2023-09-21,8.945195198059082,10.0600004196167,10.15999984741211,10.020000457763672,10.119999885559082,3440700,2023-09-21,8.945195198059082
2023-09-22,9.034112930297852,10.15999984741211,10.15999984741211,10.020000457763672,10.039999961853027,3724000,2023-09-22,9.034112930297852
2023-09-25,9.016327857971191,10.140000343322754,10.15999984741211,10.0600004196167,10.15999984741211,3425800,2023-09-25,9.016327857971191
2023-09-26,8.998544692993164,10.119999885559082,10.140000343322754,10.079999923706055,10.119999885559082,4480400,2023-09-26,8.998544692993164
2023-09-27,9.070967674255371,10.020000457763672,10.039999961853027,9.850000381469727,9.899999618530273,6690600,2023-09-27,9.070967674255371
2023-09-29,9.04380989074707,9.989999771118164,10.020000457763672,9.899999618530273,9.989999771118164,4966800,2023-09-29,9.04380989074707
2023-10-02,8.962334632873535,9.899999618530273,9.960000038146973,9.859999656677246,9.930000305175781,2494000,2023-10-02,8.962334632873535
2023-10-03,9.025703430175781,9.970000267028809,10.0,9.850000381469727,9.899999618530273,2768600,2023-10-03,9.025703430175781
2023-10-04,9.016650199890137,9.960000038146973,9.970000267028809,9.859999656677246,9.949999809265137,3061000,2023-10-04,9.016650199890137
2023-10-05,9.016650199890137,9.960000038146973,9.989999771118164,9.899999618530273,9.930000305175781,2983900,2023-10-05,9.016650199890137
2023-10-06,9.070967674255371,10.020000457763672,10.020000457763672,9.949999809265137,9.960000038146973,1921800,2023-10-06,9.070967674255371
2023-10-09,9.025703430175781,9.970000267028809,10.0,9.9399995803833,10.0,1172100,2023-10-09,9.025703430175781
2023-10-10,9.025703430175781,9.970000267028809,9.989999771118164,9.9399995803833,9.949999809265137,1904300,2023-10-10,9.025703430175781
2023-10-11,9.04380989074707,9.989999771118164,10.020000457763672,9.979999542236328,9.989999771118164,2923900,2023-10-11,9.04380989074707
2023-10-12,9.052863121032715,10.0,10.079999923706055,9.979999542236328,10.0,3662800,2023-10-12,9.052863121032715
2023-10-13,9.070967674255371,10.020000457763672,10.020000457763672,9.970000267028809,9.970000267028809,968700,2023-10-13,9.070967674255371
2023-10-16,9.007597923278809,9.949999809265137,10.039999961853027,9.949999809265137,9.989999771118164,5001800,2023-10-16,9.007597923278809
2023-10-17,9.034756660461426,9.979999542236328,10.020000457763672,9.970000267028809,9.979999542236328,10157000,2023-10-17,9.034756660461426
2023-10-18,9.070967674255371,10.020000457763672,10.039999961853027,9.970000267028809,9.979999542236328,11330100,2023-10-18,9.070967674255371
2023-10-19,9.034756660461426,9.979999542236328,10.020000457763672,9.949999809265137,9.970000267028809,3591300,2023-10-19,9.034756660461426
2023-10-20,8.889910697937012,9.819999694824219,9.989999771118164,9.8100004196167,9.960000038146973,10940000,2023-10-20,8.889910697937012
2023-10-23,8.917070388793945,9.850000381469727,9.930000305175781,9.770000457763672,9.829999923706055,3642900,2023-10-23,8.917070388793945
2023-10-24,8.917070388793945,9.850000381469727,9.899999618530273,9.800000190734863,9.850000381469727,3588300,2023-10-24,8.917070388793945
2023-10-25,8.944228172302246,9.880000114440918,9.899999618530273,9.850000381469727,9.850000381469727,3106000,2023-10-25,8.944228172302246
2023-10-26,8.95328140258789,9.890000343322754,9.899999618530273,9.850000381469727,9.880000114440918,2391500,2023-10-26,8.95328140258789
2023-10-27,8.935174942016602,9.869999885559082,9.890000343322754,9.850000381469727,9.869999885559082,2047800,2023-10-27,8.935174942016602
2023-10-30,8.926122665405273,9.859999656677246,9.859999656677246,9.8100004196167,9.84000015258789,2623900,2023-10-30,8.926122665405273
2023-10-31,8.962334632873535,9.899999618530273,9.899999618530273,9.850000381469727,9.859999656677246,1704700,2023-10-31,8.962334632873535
2023-11-01,8.917070388793945,9.850000381469727,9.890000343322754,9.84000015258789,9.869999885559082,2065400,2023-11-01,8.917070388793945
2023-11-02,8.962334632873535,9.899999618530273,9.899999618530273,9.850000381469727,9.859999656677246,1799500,2023-11-02,8.962334632873535
2023-11-03,9.025703430175781,9.970000267028809,9.989999771118164,9.859999656677246,9.869999885559082,3208000,2023-11-03,9.025703430175781
2023-11-06,9.052863121032715,10.0,10.0,9.9399995803833,9.979999542236328,3263700,2023-11-06,9.052863121032715
2023-11-07,9.007597923278809,9.949999809265137,9.989999771118164,9.90999984741211,9.989999771118164,1784300,2023-11-07,9.007597923278809
2023-11-08,8.980440139770508,9.920000076293945,9.949999809265137,9.880000114440918,9.949999809265137,1345500,2023-11-08,8.980440139770508
2023-11-09,8.962334632873535,9.899999618530273,9.920000076293945,9.880000114440918,9.920000076293945,1594000,2023-11-09,8.962334632873535
2023-11-10,8.980440139770508,9.920000076293945,9.920000076293945,9.880000114440918,9.920000076293945,1149800,2023-11-10,8.980440139770508
2023-11-14,9.025703430175781,9.970000267028809,9.970000267028809,9.890000343322754,9.920000076293945,1531200,2023-11-14,9.025703430175781
2023-11-15,9.052863121032715,10.0,10.0,9.899999618530273,9.979999542236328,2780700,2023-11-15,9.052863121032715
2023-11-16,9.04380989074707,9.989999771118164,10.0,9.930000305175781,10.0,1346200,2023-11-16,9.04380989074707
2023-11-17,9.016650199890137,9.960000038146973,9.989999771118164,9.930000305175781,9.949999809265137,1667600,2023-11-17,9.016650199890137
2023-11-20,9.025703430175781,9.970000267028809,9.970000267028809,9.930000305175781,9.960000038146973,785600,2023-11-20,9.025703430175781
2023-11-21,9.070967674255371,10.020000457763672,10.020000457763672,9.949999809265137,9.970000267028809,2027900,2023-11-21,9.070967674255371
2023-11-22,9.034756660461426,9.979999542236328,10.0,9.949999809265137,10.0,802600,2023-11-22,9.034756660461426
2023-11-23,9.070967674255371,10.020000457763672,10.039999961853027,9.970000267028809,9.979999542236328,1657300,2023-11-23,9.070967674255371
2023-11-24,9.052863121032715,10.0,10.020000457763672,9.979999542236328,9.979999542236328,1363300,2023-11-24,9.052863121032715
2023-11-27,8.908016204833984,9.84000015258789,9.979999542236328,9.8100004196167,9.979999542236328,2866700,2023-11-27,8.908016204833984
2023-11-28,8.95328140258789,9.890000343322754,9.899999618530273,9.84000015258789,9.850000381469727,2258600,2023-11-28,8.95328140258789
2023-11-29,8.944228172302246,9.880000114440918,9.9399995803833,9.850000381469727,9.850000381469727,4871200,2023-11-29,8.944228172302246
2023-11-30,9.04380989074707,9.989999771118164,10.0,9.829999923706055,9.850000381469727,7813200,2023-11-30,9.04380989074707
2023-12-01,9.070967674255371,10.020000457763672,10.039999961853027,9.899999618530273,9.930000305175781,3653400,2023-12-01,9.070967674255371
2023-12-04,9.034756660461426,9.979999542236328,10.039999961853027,9.880000114440918,10.0,3537200,2023-12-04,9.034756660461426
2023-12-05,9.025703430175781,9.970000267028809,9.989999771118164,9.890000343322754,9.979999542236328,3817200,2023-12-05,9.025703430175781
2023-12-06,9.04380989074707,9.989999771118164,10.0,9.930000305175781,9.930000305175781,3269100,2023-12-06,9.04380989074707
2023-12-07,8.962334632873535,9.899999618530273,9.989999771118164,9.880000114440918,9.989999771118164,3227000,2023-12-07,8.962334632873535
2023-12-08,8.971386909484863,9.90999984741211,9.979999542236328,9.890000343322754,9.90999984741211,2331400,2023-12-08,8.971386909484863
2023-12-11,8.971386909484863,9.90999984741211,9.930000305175781,9.850000381469727,9.899999618530273,2868500,2023-12-11,8.971386909484863
2023-12-12,8.989493370056152,9.930000305175781,9.960000038146973,9.859999656677246,9.899999618530273,3682300,2023-12-12,8.989493370056152
2023-12-13,8.944228172302246,9.880000114440918,9.899999618530273,9.859999656677246,9.899999618530273,3511500,2023-12-13,8.944228172302246
2023-12-14,9.025703430175781,9.970000267028809,9.979999542236328,9.859999656677246,9.890000343322754,3460100,2023-12-14,9.025703430175781
2023-12-15,9.007597923278809,9.949999809265137,9.989999771118164,9.899999618530273,9.930000305175781,8308200,2023-12-15,9.007597923278809
2023-12-18,9.04380989074707,9.989999771118164,10.0,9.880000114440918,9.9399995803833,4606100,2023-12-18,9.04380989074707
2023-12-19,9.052863121032715,10.0,10.0,9.9399995803833,9.989999771118164,2894800,2023-12-19,9.052863121032715
2023-12-20,9.052863121032715,10.0,10.0,9.960000038146973,9.989999771118164,2949600,2023-12-20,9.052863121032715
2023-12-21,9.052863121032715,10.0,10.020000457763672,9.9399995803833,9.970000267028809,5981800,2023-12-21,9.052863121032715
2023-12-22,9.04380989074707,9.989999771118164,10.0,9.90999984741211,9.979999542236328,3343000,2023-12-22,9.04380989074707
2023-12-26,9.052863121032715,10.0,10.020000457763672,9.960000038146973,9.989999771118164,3434900,2023-12-26,9.052863121032715
2023-12-27,9.052863121032715,10.0,10.020000457763672,9.960000038146973,10.0,2756300,2023-12-27,9.052863121032715
2023-12-28,9.052863121032715,10.0,10.020000457763672,9.960000038146973,9.989999771118164,2489100,2023-12-28,9.052863121032715
2023-12-29,9.08907413482666,10.039999961853027,10.100000381469727,9.989999771118164,9.989999771118164,3002900,2023-12-29,9.08907413482666
2024-01-02,9.034756660461426,9.979999542236328,10.020000457763672,9.9399995803833,10.0,1773800,2024-01-02,9.034756660461426
2024-01-03,9.10718059539795,10.0600004196167,10.100000381469727,9.9399995803833,9.979999542236328,2970000,2024-01-03,9.10718059539795
2024-01-04,9.433082580566406,10.420000076293945,10.4399995803833,10.020000457763672,10.0600004196167,9776100,2024-01-04,9.433082580566406
2024-01-05,9.505505561828613,10.5,10.5,10.300000190734863,10.319999694824219,6775400,2024-01-05,9.505505561828613
2024-01-08,9.541717529296875,10.539999961853027,10.600000381469727,10.460000038146973,10.479999542236328,7657300,2024-01-08,9.541717529296875
2024-01-09,9.559823989868164,10.5600004196167,10.579999923706055,10.479999542236328,10.520000457763672,6073600,2024-01-09,9.559823989868164
2024-01-10,9.487398147583008,10.479999542236328,10.579999923706055,10.399999618530273,10.5,5936300,2024-01-10,9.487398147583008
2024-01-11,9.451189041137695,10.4399995803833,10.5,10.399999618530273,10.399999618530273,2714600,2024-01-11,9.451189041137695
2024-01-12,9.3606595993042,10.34000015258789,10.460000038146973,10.199999809265137,10.4399995803833,4135200,2024-01-12,9.3606595993042
2024-01-15,9.505505561828613,10.5,10.539999961853027,10.260000228881836,10.260000228881836,3838600,2024-01-15,9.505505561828613
2024-01-16,9.469294548034668,10.460000038146973,10.5,10.399999618530273,10.5,1722400,2024-01-16,9.469294548034668
2024-01-17,9.451189041137695,10.4399995803833,10.460000038146973,10.319999694824219,10.380000114440918,4752600,2024-01-17,9.451189041137695
2024-01-18,9.378765106201172,10.359999656677246,10.460000038146973,10.220000267028809,10.319999694824219,6781100,2024-01-18,9.378765106201172
2024-01-19,9.451189041137695,10.4399995803833,10.4399995803833,10.279999732971191,10.279999732971191,3478300,2024-01-19,9.451189041137695
2024-01-22,9.487398147583008,10.479999542236328,10.539999961853027,10.380000114440918,10.399999618530273,5135800,2024-01-22,9.487398147583008
2024-01-23,9.505505561828613,10.5,10.5,10.380000114440918,10.479999542236328,4331800,2024-01-23,9.505505561828613
2024-01-24,9.523612022399902,10.520000457763672,10.520000457763672,10.399999618530273,10.420000076293945,2680500,2024-01-24,9.523612022399902
2024-01-26,9.541717529296875,10.539999961853027,10.600000381469727,10.479999542236328,10.5,6471900,2024-01-26,9.541717529296875
2024-01-29,9.505505561828613,10.5,10.5600004196167,10.399999618530273,10.539999961853027,3646200,2024-01-29,9.505505561828613
2024-01-30,9.487398147583008,10.479999542236328,10.5600004196167,10.460000038146973,10.460000038146973,3797400,2024-01-30,9.487398147583008
2024-01-31,9.704668998718262,10.720000267028809,10.779999732971191,10.460000038146973,10.460000038146973,7701300,2024-01-31,9.704668998718262
2024-02-02,9.831408500671387,10.859999656677246,10.859999656677246,10.619999885559082,10.619999885559082,5845600,2024-02-02,9.831408500671387
2024-02-05,9.722774505615234,10.739999771118164,10.84000015258789,10.699999809265137,10.84000015258789,2227700,2024-02-05,9.722774505615234
2024-02-06,9.758986473083496,10.779999732971191,10.859999656677246,10.699999809265137,10.699999809265137,3593200,2024-02-06,9.758986473083496
2024-02-07,9.795197486877441,10.819999694824219,10.84000015258789,10.720000267028809,10.779999732971191,4400100,2024-02-07,9.795197486877441
2024-02-08,9.758986473083496,10.779999732971191,10.9399995803833,10.739999771118164,10.800000190734863,15027800,2024-02-08,9.758986473083496
2024-02-09,9.758986473083496,10.779999732971191,10.819999694824219,10.720000267028809,10.819999694824219,1341400,2024-02-09,9.758986473083496
2024-02-13,10.030571937561035,11.079999923706055,11.140000343322754,10.720000267028809,10.720000267028809,9865500,2024-02-13,10.030571937561035
2024-02-14,10.012465476989746,11.0600004196167,11.119999885559082,10.979999542236328,11.0,6748200,2024-02-14,10.012465476989746
2024-02-15,10.048677444458008,11.100000381469727,11.140000343322754,11.020000457763672,11.020000457763672,4282200,2024-02-15,10.048677444458008
2024-02-16,10.121100425720215,11.180000305175781,11.180000305175781,11.079999923706055,11.079999923706055,4108100,2024-02-16,10.121100425720215
2024-02-19,10.139205932617188,11.199999809265137,11.239999771118164,11.079999923706055,11.100000381469727,2926600,2024-02-19,10.139205932617188
2024-02-20,10.284050941467285,11.359999656677246,11.359999656677246,11.140000343322754,11.180000305175781,5691100,2024-02-20,10.284050941467285
2024-02-21,10.302157402038574,11.380000114440918,11.380000114440918,11.220000267028809,11.380000114440918,4249700,2024-02-21,10.302157402038574
2024-02-22,10.157312393188477,11.220000267028809,11.319999694824219,11.220000267028809,11.319999694824219,4034500,2024-02-22,10.157312393188477
2024-02-23,10.211628913879395,11.279999732971191,11.319999694824219,11.100000381469727,11.239999771118164,3115000,2024-02-23,10.211628913879395
2024-02-26,10.284050941467285,11.359999656677246,11.380000114440918,11.220000267028809,11.260000228881836,3853100,2024-02-26,10.284050941467285
2024-02-27,10.33836841583252,11.420000076293945,11.479999542236328,11.300000190734863,11.359999656677246,6422100,2024-02-27,10.33836841583252
2024-02-28,9.921936988830566,10.960000038146973,11.279999732971191,10.899999618530273,11.199999809265137,15254600,2024-02-28,9.921936988830566
2024-02-29,10.193522453308105,11.260000228881836,11.380000114440918,10.9399995803833,10.9399995803833,12617800,2024-02-29,10.193522453308105
2024-03-01,10.229734420776367,11.300000190734863,11.319999694824219,11.220000267028809,11.220000267028809,4288300,2024-03-01,10.229734420776367
2024-03-04,10.139205932617188,11.199999809265137,11.359999656677246,11.079999923706055,11.260000228881836,5294700,2024-03-04,10.139205932617188
2024-03-05,10.102993965148926,11.15999984741211,11.239999771118164,10.960000038146973,11.100000381469727,4169600,2024-03-05,10.102993965148926
2024-03-06,10.102993965148926,11.15999984741211,11.15999984741211,11.0600004196167,11.100000381469727,2257900,2024-03-06,10.102993965148926
2024-03-07,10.102993965148926,11.15999984741211,11.220000267028809,11.079999923706055,11.119999885559082,2149800,2024-03-07,10.102993965148926
2024-03-08,10.211628913879395,11.279999732971191,11.300000190734863,11.100000381469727,11.100000381469727,2506900,2024-03-08,10.211628913879395
2024-03-11,10.17541790008545,11.239999771118164,11.279999732971191,11.15999984741211,11.279999732971191,3245300,2024-03-11,10.17541790008545
2024-03-12,10.392685890197754,11.479999542236328,11.479999542236328,11.220000267028809,11.239999771118164,4092700,2024-03-12,10.392685890197754
2024-03-13,10.447003364562988,11.539999961853027,11.600000381469727,11.4399995803833,11.4399995803833,4763000,2024-03-13,10.447003364562988
2024-03-14,10.465109825134277,11.5600004196167,11.5600004196167,11.479999542236328,11.539999961853027,3438300,2024-03-14,10.465109825134277
2024-03-15,10.501320838928223,11.600000381469727,11.600000381469727,11.380000114440918,11.539999961853027,6097000,2024-03-15,10.501320838928223
2024-03-18,10.501320838928223,11.600000381469727,11.65999984741211,11.520000457763672,11.579999923706055,2661100,2024-03-18,10.501320838928223
2024-03-19,10.41079330444336,11.5,11.600000381469727,11.4399995803833,11.539999961853027,5521800,2024-03-19,10.41079330444336
2024-03-20,10.41079330444336,11.5,11.579999923706055,11.479999542236328,11.479999542236328,3662300,2024-03-20,10.41079330444336
2024-03-21,10.447003364562988,11.539999961853027,11.5600004196167,11.460000038146973,11.539999961853027,2564400,2024-03-21,10.447003364562988
2024-03-22,10.465109825134277,11.5600004196167,11.579999923706055,11.479999542236328,11.5,3511700,2024-03-22,10.465109825134277
2024-03-25,10.41079330444336,11.5,11.5600004196167,11.4399995803833,11.520000457763672,3646400,2024-03-25,10.41079330444336
2024-03-26,10.392685890197754,11.479999542236328,11.5600004196167,11.4399995803833,11.5,4656900,2024-03-26,10.392685890197754
2024-03-27,10.429802894592285,11.239999771118164,11.300000190734863,11.079999923706055,11.260000228881836,5236400,2024-03-27,10.429802894592285
2024-03-29,10.559711456298828,11.380000114440918,11.399999618530273,11.199999809265137,11.239999771118164,6560200,2024-03-29,10.559711456298828
2024-04-01,10.559711456298828,11.380000114440918,11.420000076293945,11.319999694824219,11.380000114440918,2782500,2024-04-01,10.559711456298828
2024-04-02,10.615386009216309,11.4399995803833,11.579999923706055,11.359999656677246,11.380000114440918,5437300,2024-04-02,10.615386009216309
2024-04-03,10.485478401184082,11.300000190734863,11.479999542236328,11.260000228881836,11.4399995803833,5531700,2024-04-03,10.485478401184082
2024-04-04,10.671061515808105,11.5,11.539999961853027,11.239999771118164,11.300000190734863,6296300,2024-04-04,10.671061515808105
2024-04-05,10.689620971679688,11.520000457763672,11.539999961853027,11.380000114440918,11.479999542236328,7010500,2024-04-05,10.689620971679688
2024-04-08,10.949437141418457,11.800000190734863,11.800000190734863,11.5,11.5,7370000,2024-04-08,10.949437141418457
2024-04-09,10.819528579711914,11.65999984741211,11.779999732971191,11.65999984741211,11.779999732971191,2910100,2024-04-09,10.819528579711914
2024-04-12,10.856645584106445,11.699999809265137,11.739999771118164,11.5600004196167,11.65999984741211,4365900,2024-04-12,10.856645584106445
2024-04-15,10.763854026794434,11.600000381469727,11.760000228881836,11.520000457763672,11.520000457763672,7341600,2024-04-15,10.763854026794434
2024-04-16,10.65250301361084,11.479999542236328,11.600000381469727,11.300000190734863,11.600000381469727,4391900,2024-04-16,10.65250301361084
2024-04-17,10.689620971679688,11.520000457763672,11.600000381469727,11.380000114440918,11.4399995803833,5746000,2024-04-17,10.689620971679688
2024-04-18,10.763854026794434,11.600000381469727,11.640000343322754,11.520000457763672,11.520000457763672,7351700,2024-04-18,10.763854026794434
2024-04-19,10.763854026794434,11.600000381469727,11.65999984741211,11.539999961853027,11.539999961853027,4889300,2024-04-19,10.763854026794434
2024-04-22,10.800969123840332,11.640000343322754,11.699999809265137,11.539999961853027,11.579999923706055,5327200,2024-04-22,10.800969123840332
2024-04-23,10.875204086303711,11.720000267028809,11.739999771118164,11.640000343322754,11.640000343322754,5939900,2024-04-23,10.875204086303711
2024-04-24,11.005111694335938,11.859999656677246,11.979999542236328,11.65999984741211,11.720000267028809,9750100,2024-04-24,11.005111694335938
2024-04-25,11.005111694335938,11.859999656677246,11.899999618530273,11.819999694824219,11.859999656677246,6890800,2024-04-25,11.005111694335938
2024-04-26,11.06078815460205,11.920000076293945,11.9399995803833,11.819999694824219,11.859999656677246,7593100,2024-04-26,11.06078815460205
2024-04-29,11.06078815460205,11.920000076293945,11.9399995803833,11.859999656677246,11.899999618530273,4734000,2024-04-29,11.06078815460205
2024-04-30,11.09790325164795,11.960000038146973,11.979999542236328,11.880000114440918,11.920000076293945,6868700,2024-04-30,11.09790325164795
2024-05-02,11.153579711914062,12.020000457763672,12.079999923706055,11.920000076293945,11.960000038146973,10121100,2024-05-02,11.153579711914062
2024-05-03,11.431954383850098,12.319999694824219,12.359999656677246,12.0,12.0,14734300,2024-05-03,11.431954383850098
2024-05-06,11.487629890441895,12.380000114440918,12.479999542236328,12.319999694824219,12.319999694824219,10394000,2024-05-06,11.487629890441895
2024-05-07,11.580421447753906,12.479999542236328,12.479999542236328,12.380000114440918,12.399999618530273,7512300,2024-05-07,11.580421447753906
2024-05-08,11.506187438964844,12.399999618530273,12.479999542236328,12.359999656677246,12.479999542236328,7071900,2024-05-08,11.506187438964844
2024-05-09,11.543304443359375,12.4399995803833,12.460000038146973,12.380000114440918,12.399999618530273,5025100,2024-05-09,11.543304443359375
2024-05-10,11.506187438964844,12.399999618530273,12.4399995803833,12.380000114440918,12.399999618530273,4670000,2024-05-10,11.506187438964844
2024-05-13,11.506187438964844,12.399999618530273,12.420000076293945,12.319999694824219,12.380000114440918,4952100,2024-05-13,11.506187438964844
2024-05-14,11.543304443359375,12.4399995803833,12.460000038146973,12.359999656677246,12.399999618530273,4513900,2024-05-14,11.543304443359375
2024-05-15,11.506187438964844,12.399999618530273,12.4399995803833,12.380000114440918,12.420000076293945,6952500,2024-05-15,11.506187438964844
2024-05-16,11.74744701385498,12.65999984741211,12.680000305175781,12.359999656677246,12.399999618530273,6244900,2024-05-16,11.74744701385498
2024-05-17,11.6917724609375,12.600000381469727,12.65999984741211,12.539999961853027,12.65999984741211,8526600,2024-05-17,11.6917724609375
2024-05-20,11.858797073364258,12.779999732971191,12.859999656677246,12.579999923706055,12.579999923706055,12067300,2024-05-20,11.858797073364258
2024-05-21,11.858797073364258,12.779999732971191,12.880000114440918,12.760000228881836,12.779999732971191,9500300,2024-05-21,11.858797073364258
2024-05-23,12.155732154846191,13.100000381469727,13.140000343322754,12.760000228881836,12.760000228881836,15097300,2024-05-23,12.155732154846191
2024-05-24,12.155732154846191,13.100000381469727,13.140000343322754,13.020000457763672,13.100000381469727,6367300,2024-05-24,12.155732154846191
2024-05-27,12.267081260681152,13.220000267028809,13.220000267028809,13.0600004196167,13.100000381469727,11712500,2024-05-27,12.267081260681152
2024-05-28,12.304197311401367,13.260000228881836,13.260000228881836,13.140000343322754,13.220000267028809,6243100,2024-05-28,12.304197311401367
2024-05-29,12.24852180480957,13.199999809265137,13.239999771118164,13.039999961853027,13.199999809265137,6423400,2024-05-29,12.24852180480957
2024-05-30,12.229964256286621,13.180000305175781,13.220000267028809,13.119999885559082,13.199999809265137,7993300,2024-05-30,12.229964256286621
2024-05-31,12.100055694580078,13.039999961853027,13.199999809265137,12.9399995803833,13.199999809265137,13170600,2024-05-31,12.100055694580078
2024-06-04,12.044380187988281,12.979999542236328,13.0600004196167,12.699999809265137,12.880000114440918,16719000,2024-06-04,12.044380187988281
2024-06-05,12.304197311401367,13.260000228881836,13.300000190734863,12.979999542236328,12.979999542236328,10805300,2024-06-05,12.304197311401367
2024-06-06,12.712482452392578,13.699999809265137,13.779999732971191,13.260000228881836,13.260000228881836,20673300,2024-06-06,12.712482452392578
2024-06-07,12.768157005310059,13.760000228881836,13.880000114440918,13.699999809265137,13.720000267028809,14915500,2024-06-07,12.768157005310059
2024-06-10,12.731040000915527,13.720000267028809,13.84000015258789,13.680000305175781,13.800000190734863,10445300,2024-06-10,12.731040000915527
2024-06-11,12.80527400970459,13.800000190734863,13.880000114440918,13.699999809265137,13.760000228881836,14512200,2024-06-11,12.80527400970459
2024-06-12,12.879508018493652,13.880000114440918,14.039999961853027,13.779999732971191,13.800000190734863,9242700,2024-06-12,12.879508018493652
2024-06-13,13.120766639709473,14.140000343322754,14.180000305175781,13.979999542236328,14.0,12529100,2024-06-13,13.120766639709473
2024-06-14,13.06509017944336,14.079999923706055,14.239999771118164,14.020000457763672,14.140000343322754,9498100,2024-06-14,13.06509017944336
2024-06-18,13.009415626525879,14.020000457763672,14.279999732971191,14.020000457763672,14.079999923706055,13061300,2024-06-18,13.009415626525879
2024-06-19,12.860949516296387,13.859999656677246,14.039999961853027,13.800000190734863,14.020000457763672,11160200,2024-06-19,12.860949516296387
2024-06-20,12.80527400970459,13.800000190734863,13.859999656677246,13.65999984741211,13.84000015258789,11841700,2024-06-20,12.80527400970459
2024-06-21,12.731040000915527,13.720000267028809,13.819999694824219,13.619999885559082,13.800000190734863,48082600,2024-06-21,12.731040000915527
2024-06-24,12.731040000915527,13.720000267028809,13.899999618530273,13.520000457763672,13.680000305175781,16221800,2024-06-24,12.731040000915527
2024-06-25,12.99085807800293,14.0,14.119999885559082,13.720000267028809,13.720000267028809,11022800,2024-06-25,12.99085807800293
2024-06-26,12.916624069213867,13.920000076293945,14.0,13.859999656677246,14.0,6780600,2024-06-26,12.916624069213867
2024-06-27,12.935181617736816,13.9399995803833,13.979999542236328,13.880000114440918,13.9399995803833,8431400,2024-06-27,12.935181617736816
2024-06-28,12.786714553833008,13.779999732971191,13.84000015258789,13.619999885559082,13.699999809265137,11369400,2024-06-28,12.786714553833008
2024-07-01,12.99085807800293,14.0,14.0,13.619999885559082,13.699999809265137,8812200,2024-07-01,12.99085807800293
2024-07-02,12.99085807800293,14.0,14.199999809265137,13.899999618530273,14.0,7978600,2024-07-02,12.99085807800293
2024-07-03,13.157883644104004,14.180000305175781,14.199999809265137,13.979999542236328,14.0,10099500,2024-07-03,13.157883644104004
2024-07-04,13.213557243347168,14.239999771118164,14.260000228881836,14.140000343322754,14.15999984741211,6791900,2024-07-04,13.213557243347168
2024-07-05,13.194999694824219,14.220000267028809,14.279999732971191,14.199999809265137,14.220000267028809,5009400,2024-07-05,13.194999694824219
2024-07-09,13.380582809448242,14.420000076293945,14.4399995803833,14.180000305175781,14.220000267028809,10672000,2024-07-09,13.380582809448242
2024-07-10,13.362024307250977,14.399999618530273,14.460000038146973,14.300000190734863,14.300000190734863,9968900,2024-07-10,13.362024307250977
2024-07-11,13.547608375549316,14.600000381469727,14.619999885559082,14.380000114440918,14.399999618530273,11916200,2024-07-11,13.547608375549316
2024-07-12,13.41770076751709,14.460000038146973,14.600000381469727,14.420000076293945,14.520000457763672,8360300,2024-07-12,13.41770076751709
2024-07-15,13.436257362365723,14.479999542236328,14.539999961853027,14.4399995803833,14.460000038146973,4244400,2024-07-15,13.436257362365723
2024-07-16,13.41770076751709,14.460000038146973,14.579999923706055,14.420000076293945,14.479999542236328,9043400,2024-07-16,13.41770076751709
2024-07-17,13.454817771911621,14.5,14.600000381469727,14.460000038146973,14.479999542236328,6572900,2024-07-17,13.454817771911621
2024-07-18,13.399141311645508,14.4399995803833,14.5,14.420000076293945,14.5,5584900,2024-07-18,13.399141311645508
2024-07-19,13.399141311645508,14.4399995803833,14.5,14.359999656677246,14.420000076293945,4904900,2024-07-19,13.399141311645508
2024-07-22,13.399141311645508,14.4399995803833,14.460000038146973,14.319999694824219,14.4399995803833,4886900,2024-07-22,13.399141311645508
2024-07-23,13.399141311645508,14.4399995803833,14.479999542236328,14.420000076293945,14.420000076293945,7213000,2024-07-23,13.399141311645508
2024-07-24,13.362024307250977,14.399999618530273,14.4399995803833,14.359999656677246,14.420000076293945,3161100,2024-07-24,13.362024307250977
2024-07-25,12.99085807800293,14.0,14.380000114440918,13.84000015258789,14.380000114440918,15572000,2024-07-25,12.99085807800293
2024-07-26,13.009415626525879,14.020000457763672,14.100000381469727,13.880000114440918,14.0,8425400,2024-07-26,13.009415626525879
2024-07-29,13.083650588989258,14.100000381469727,14.260000228881836,14.020000457763672,14.020000457763672,6346500,2024-07-29,13.083650588989258
2024-07-30,13.083650588989258,14.100000381469727,14.4399995803833,14.039999961853027,14.079999923706055,8943800,2024-07-30,13.083650588989258
2024-07-31,13.06509017944336,14.079999923706055,14.140000343322754,14.039999961853027,14.100000381469727,15275500,2024-07-31,13.06509017944336
2024-08-01,13.083650588989258,14.100000381469727,14.100000381469727,14.039999961853027,14.0600004196167,10527100,2024-08-01,13.083650588989258
2024-08-02,12.953740119934082,13.960000038146973,14.0600004196167,13.899999618530273,14.0600004196167,7907100,2024-08-02,12.953740119934082
2024-08-05,12.211405754089355,13.15999984741211,13.800000190734863,13.119999885559082,13.800000190734863,25606800,2024-08-05,12.211405754089355
2024-08-06,12.656807899475098,13.640000343322754,13.800000190734863,12.9399995803833,13.100000381469727,14606600,2024-08-06,12.656807899475098
2024-08-07,12.935181617736816,13.9399995803833,14.239999771118164,13.520000457763672,13.640000343322754,15180700,2024-08-07,12.935181617736816
2024-08-08,12.99085807800293,14.0,14.039999961853027,13.800000190734863,13.9399995803833,7758500,2024-08-08,12.99085807800293
2024-08-09,12.935181617736816,13.9399995803833,14.119999885559082,13.880000114440918,14.100000381469727,5489300,2024-08-09,12.935181617736816
2024-08-12,12.935181617736816,13.9399995803833,14.199999809265137,13.920000076293945,13.960000038146973,6942900,2024-08-12,12.935181617736816
2024-08-13,12.898064613342285,13.899999618530273,14.0,13.84000015258789,13.960000038146973,5855300,2024-08-13,12.898064613342285
2024-08-14,12.842390060424805,13.84000015258789,14.020000457763672,13.819999694824219,13.899999618530273,4950600,2024-08-14,12.842390060424805
2024-08-15,12.842390060424805,13.84000015258789,14.0,13.819999694824219,13.859999656677246,5416500,2024-08-15,12.842390060424805
2024-08-16,12.860949516296387,13.859999656677246,14.0,13.84000015258789,13.899999618530273,7625800,2024-08-16,12.860949516296387
2024-08-19,12.898064613342285,13.899999618530273,13.979999542236328,13.859999656677246,13.859999656677246,6828500,2024-08-19,12.898064613342285
2024-08-20,12.99085807800293,14.0,14.300000190734863,13.9399995803833,14.0,14907300,2024-08-20,12.99085807800293
2024-08-21,12.898064613342285,13.899999618530273,13.979999542236328,13.779999732971191,13.9399995803833,4161500,2024-08-21,12.898064613342285
2024-08-22,12.860949516296387,13.859999656677246,13.899999618530273,13.800000190734863,13.899999618530273,3760500,2024-08-22,12.860949516296387
2024-08-23,12.731040000915527,13.720000267028809,13.859999656677246,13.619999885559082,13.800000190734863,2585400,2024-08-23,12.731040000915527
2024-08-26,12.916624069213867,13.920000076293945,14.0,13.760000228881836,13.760000228881836,5585600,2024-08-26,12.916624069213867
2024-08-27,12.916624069213867,13.920000076293945,14.0,13.84000015258789,13.84000015258789,4614600,2024-08-27,12.916624069213867
2024-08-28,12.99085807800293,14.0,14.100000381469727,13.9399995803833,13.9399995803833,9089800,2024-08-28,12.99085807800293
2024-08-29,12.935181617736816,13.9399995803833,14.180000305175781,13.859999656677246,13.979999542236328,7144900,2024-08-29,12.935181617736816
2024-08-30,13.584726333618164,14.640000343322754,14.739999771118164,14.100000381469727,14.199999809265137,28038600,2024-08-30,13.584726333618164
2024-09-02,13.510492324829102,14.5600004196167,14.899999618530273,14.5,14.640000343322754,10271300,2024-09-02,13.510492324829102
2024-09-03,13.825984954833984,14.899999618530273,14.960000038146973,14.539999961853027,14.5600004196167,24268800,2024-09-03,13.825984954833984
2024-09-04,13.825984954833984,14.899999618530273,15.239999771118164,14.819999694824219,14.899999618530273,15741200,2024-09-04,13.825984954833984
2024-09-05,13.751749992370605,14.819999694824219,15.0600004196167,14.699999809265137,14.899999618530273,14501500,2024-09-05,13.751749992370605
2024-09-06,13.65895938873291,14.720000267028809,14.960000038146973,14.640000343322754,14.800000190734863,14220800,2024-09-06,13.65895938873291
2024-09-09,13.584726333618164,14.640000343322754,14.739999771118164,14.600000381469727,14.699999809265137,9914300,2024-09-09,13.584726333618164
2024-09-10,13.603282928466797,14.65999984741211,14.800000190734863,14.579999923706055,14.680000305175781,19236100,2024-09-10,13.603282928466797
2024-09-11,13.640400886535645,14.699999809265137,14.699999809265137,14.5600004196167,14.65999984741211,14833400,2024-09-11,13.640400886535645
2024-09-12,13.621843338012695,14.680000305175781,14.880000114440918,14.619999885559082,14.699999809265137,14309000,2024-09-12,13.621843338012695
2024-09-13,13.71463394165039,14.779999732971191,14.819999694824219,14.65999984741211,14.699999809265137,11064700,2024-09-13,13.71463394165039
2024-09-17,13.751749992370605,14.819999694824219,14.960000038146973,14.699999809265137,14.779999732971191,10137100,2024-09-17,13.751749992370605
2024-09-18,13.67751693725586,14.739999771118164,14.819999694824219,14.640000343322754,14.779999732971191,8761000,2024-09-18,13.67751693725586
2024-09-19,13.584726333618164,14.640000343322754,14.739999771118164,14.460000038146973,14.739999771118164,20082300,2024-09-19,13.584726333618164
2024-09-20,13.584726333618164,14.640000343322754,14.739999771118164,14.619999885559082,14.680000305175781,32717200,2024-09-20,13.584726333618164
2024-09-23,13.67751693725586,14.739999771118164,14.760000228881836,14.65999984741211,14.680000305175781,18139800,2024-09-23,13.67751693725586
2024-09-24,13.955893516540527,15.039999961853027,15.100000381469727,14.739999771118164,14.739999771118164,18658800,2024-09-24,13.955893516540527
2024-09-25,13.937335014343262,15.020000457763672,15.180000305175781,14.84000015258789,15.039999961853027,13722900,2024-09-25,13.937335014343262
2024-09-26,13.844542503356934,14.920000076293945,15.100000381469727,14.84000015258789,15.0,11857900,2024-09-26,13.844542503356934
2024-09-27,13.835104942321777,14.65999984741211,14.779999732971191,14.579999923706055,14.739999771118164,7529200,2024-09-27,13.835104942321777
2024-09-30,13.627484321594238,14.4399995803833,14.65999984741211,14.420000076293945,14.65999984741211,11528100,2024-09-30,13.627484321594238
2024-10-01,13.58973503112793,14.399999618530273,14.5600004196167,14.34000015258789,14.420000076293945,12825500,2024-10-01,13.58973503112793
2024-10-02,13.495362281799316,14.300000190734863,14.399999618530273,14.220000267028809,14.380000114440918,7436800,2024-10-02,13.495362281799316
2024-10-03,13.47648811340332,14.279999732971191,14.380000114440918,14.0600004196167,14.300000190734863,14830000,2024-10-03,13.47648811340332
2024-10-04,13.47648811340332,14.279999732971191,14.420000076293945,14.140000343322754,14.279999732971191,12669600,2024-10-04,13.47648811340332
2024-10-07,13.193367958068848,13.979999542236328,14.380000114440918,13.920000076293945,14.319999694824219,12317900,2024-10-07,13.193367958068848
2024-10-08,13.382115364074707,14.180000305175781,14.279999732971191,13.899999618530273,13.979999542236328,7945400,2024-10-08,13.382115364074707
2024-10-09,13.608610153198242,14.420000076293945,14.5600004196167,14.199999809265137,14.199999809265137,11130600,2024-10-09,13.608610153198242
2024-10-10,13.570860862731934,14.380000114440918,14.479999542236328,14.380000114440918,14.460000038146973,7916000,2024-10-10,13.570860862731934
2024-10-11,13.64635944366455,14.460000038146973,14.5,14.34000015258789,14.34000015258789,7478100,2024-10-11,13.64635944366455
2024-10-14,13.665233612060547,14.479999542236328,14.5,14.380000114440918,14.460000038146973,4265800,2024-10-14,13.665233612060547
2024-10-15,13.702983856201172,14.520000457763672,14.5600004196167,14.479999542236328,14.479999542236328,8027300,2024-10-15,13.702983856201172
2024-10-16,13.64635944366455,14.460000038146973,14.600000381469727,14.420000076293945,14.600000381469727,6927400,2024-10-16,13.64635944366455
2024-10-17,13.835104942321777,14.65999984741211,14.720000267028809,14.460000038146973,14.460000038146973,11590700,2024-10-17,13.835104942321777
2024-10-18,13.853981018066406,14.680000305175781,14.720000267028809,14.640000343322754,14.65999984741211,5917300,2024-10-18,13.853981018066406
2024-10-21,13.816231727600098,14.640000343322754,14.720000267028809,14.579999923706055,14.680000305175781,8768900,2024-10-21,13.816231727600098
2024-10-22,13.64635944366455,14.460000038146973,14.720000267028809,14.460000038146973,14.699999809265137,9928600,2024-10-22,13.64635944366455
2024-10-23,13.608610153198242,14.420000076293945,14.5,14.399999618530273,14.4399995803833,13546500,2024-10-23,13.608610153198242
2024-10-24,13.551985740661621,14.359999656677246,14.579999923706055,14.359999656677246,14.399999618530273,11098100,2024-10-24,13.551985740661621
2024-10-25,13.570860862731934,14.380000114440918,14.579999923706055,14.199999809265137,14.359999656677246,3087800,2024-10-25,13.570860862731934
2024-10-28,13.21224308013916,14.0,14.420000076293945,13.9399995803833,14.380000114440918,4911100,2024-10-28,13.21224308013916
2024-10-29,13.268867492675781,14.0600004196167,14.180000305175781,13.880000114440918,14.0,9772300,2024-10-29,13.268867492675781
2024-10-30,13.249992370605469,14.039999961853027,14.220000267028809,13.899999618530273,14.0600004196167,20610400,2024-10-30,13.249992370605469
2024-11-01,13.11786937713623,13.899999618530273,14.0,13.800000190734863,13.960000038146973,11147300,2024-11-01,13.11786937713623
2024-11-04,13.287741661071777,14.079999923706055,14.15999984741211,13.920000076293945,13.960000038146973,7816800,2024-11-04,13.287741661071777
2024-11-05,13.287741661071777,14.079999923706055,14.140000343322754,13.979999542236328,14.039999961853027,9107800,2024-11-05,13.287741661071777
2024-11-06,13.570860862731934,14.380000114440918,14.380000114440918,14.0600004196167,14.079999923706055,7393200,2024-11-06,13.570860862731934
2024-11-07,13.551985740661621,14.359999656677246,14.5,14.239999771118164,14.399999618530273,11301400,2024-11-07,13.551985740661621
2024-11-08,13.58973503112793,14.399999618530273,14.5,14.380000114440918,14.479999542236328,4104800,2024-11-08,13.58973503112793
2024-11-11,13.30661678314209,14.100000381469727,14.460000038146973,14.100000381469727,14.399999618530273,3020000,2024-11-11,13.30661678314209
2024-11-12,13.30661678314209,14.100000381469727,14.260000228881836,13.920000076293945,14.140000343322754,9342800,2024-11-12,13.30661678314209
2024-11-13,13.58973503112793,14.399999618530273,14.460000038146973,14.079999923706055,14.100000381469727,4959400,2024-11-13,13.58973503112793
2024-11-14,13.495362281799316,14.300000190734863,14.380000114440918,14.140000343322754,14.359999656677246,6535200,2024-11-14,13.495362281799316
2024-11-15,13.400988578796387,14.199999809265137,14.399999618530273,14.199999809265137,14.300000190734863,9506600,2024-11-15,13.400988578796387
2024-11-18,13.551985740661621,14.359999656677246,14.380000114440918,14.199999809265137,14.199999809265137,4987600,2024-11-18,13.551985740661621
2024-11-19,13.608610153198242,14.420000076293945,14.5,14.380000114440918,14.380000114440918,6412500,2024-11-19,13.608610153198242
2024-11-20,13.495362281799316,14.300000190734863,14.460000038146973,14.260000228881836,14.420000076293945,6558300,2024-11-20,13.495362281799316
2024-11-21,13.0234956741333,13.800000190734863,14.220000267028809,13.800000190734863,14.220000267028809,8339900,2024-11-21,13.0234956741333
2024-11-22,13.21224308013916,14.0,14.039999961853027,13.859999656677246,13.859999656677246,10849900,2024-11-22,13.21224308013916
2024-11-25,13.249992370605469,14.039999961853027,14.15999984741211,13.979999542236328,14.020000457763672,35836900,2024-11-25,13.249992370605469
2024-11-26,13.249992370605469,14.039999961853027,14.140000343322754,13.9399995803833,14.0,10049700,2024-11-26,13.249992370605469
2024-11-27,13.193367958068848,13.979999542236328,14.100000381469727,13.979999542236328,14.039999961853027,11451800,2024-11-27,13.193367958068848
2024-11-28,13.193367958068848,13.979999542236328,14.039999961853027,13.960000038146973,14.020000457763672,8809900,2024-11-28,13.193367958068848
2024-11-29,12.891373634338379,13.65999984741211,13.899999618530273,13.020000457763672,13.800000190734863,25386200,2024-11-29,12.891373634338379
2024-12-02,12.721501350402832,13.479999542236328,13.760000228881836,13.420000076293945,13.760000228881836,7447800,2024-12-02,12.721501350402832
2024-12-03,12.627128601074219,13.380000114440918,13.539999961853027,13.300000190734863,13.4399995803833,17101200,2024-12-03,12.627128601074219
2024-12-04,12.872499465942383,13.640000343322754,13.699999809265137,13.399999618530273,13.460000038146973,12933200,2024-12-04,12.872499465942383
2024-12-05,12.834750175476074,13.600000381469727,13.699999809265137,13.520000457763672,13.680000305175781,9021300,2024-12-05,12.834750175476074
2024-12-06,12.759251594543457,13.520000457763672,13.680000305175781,13.479999542236328,13.680000305175781,8691000,2024-12-06,12.759251594543457
2024-12-09,13.042370796203613,13.819999694824219,13.819999694824219,13.4399995803833,13.520000457763672,5899500,2024-12-09,13.042370796203613
2024-12-10,12.910247802734375,13.680000305175781,13.899999618530273,13.680000305175781,13.880000114440918,10913200,2024-12-10,12.910247802734375
2024-12-11,12.985747337341309,13.760000228881836,13.800000190734863,13.680000305175781,13.680000305175781,3710400,2024-12-11,12.985747337341309
2024-12-12,12.797000885009766,13.5600004196167,13.760000228881836,13.5600004196167,13.760000228881836,7321400,2024-12-12,12.797000885009766
2024-12-13,12.947997093200684,13.720000267028809,13.800000190734863,13.619999885559082,13.640000343322754,3119500,2024-12-13,12.947997093200684
2024-12-16,12.947997093200684,13.720000267028809,13.779999732971191,13.65999984741211,13.779999732971191,4761700,2024-12-16,12.947997093200684
2024-12-17,13.0234956741333,13.800000190734863,13.920000076293945,13.680000305175781,13.739999771118164,7066200,2024-12-17,13.0234956741333
2024-12-18,13.287741661071777,14.079999923706055,14.100000381469727,13.800000190734863,13.84000015258789,9943600,2024-12-18,13.287741661071777
2024-12-19,13.155618667602539,13.9399995803833,14.0600004196167,13.800000190734863,14.020000457763672,13128900,2024-12-19,13.155618667602539
2024-12-20,13.155618667602539,13.9399995803833,13.979999542236328,13.84000015258789,13.899999618530273,7354400,2024-12-20,13.155618667602539
2024-12-23,13.21224308013916,14.0,14.140000343322754,13.899999618530273,13.899999618530273,4428000,2024-12-23,13.21224308013916
2024-12-24,13.287741661071777,14.079999923706055,14.100000381469727,14.0,14.0,1738800,2024-12-24,13.287741661071777
2024-12-26,13.382115364074707,14.180000305175781,14.199999809265137,14.079999923706055,14.079999923706055,2126300,2024-12-26,13.382115364074707
2024-12-27,13.910603523254395,14.739999771118164,15.039999961853027,14.420000076293945,14.420000076293945,17025100,2024-12-27,13.910603523254395
2024-12-30,14.004977226257324,14.84000015258789,14.899999618530273,14.539999961853027,14.579999923706055,7852900,2024-12-30,14.004977226257324
2024-12-31,14.099349975585938,14.9399995803833,14.960000038146973,14.779999732971191,14.84000015258789,7707100,2024-12-31,14.099349975585938
2025-01-02,13.929478645324707,14.760000228881836,14.9399995803833,14.65999984741211,14.9399995803833,9167400,2025-01-02,13.929478645324707
2025-01-03,13.778481483459473,14.600000381469727,14.800000190734863,14.4399995803833,14.800000190734863,6305500,2025-01-03,13.778481483459473
2025-01-06,13.759607315063477,14.579999923706055,14.640000343322754,14.520000457763672,14.600000381469727,4979800,2025-01-06,13.759607315063477
2025-01-07,13.514236450195312,14.319999694824219,14.579999923706055,14.260000228881836,14.579999923706055,7647300,2025-01-07,13.514236450195312
2025-01-08,13.514236450195312,14.319999694824219,14.5,14.300000190734863,14.319999694824219,5157200,2025-01-08,13.514236450195312
2025-01-09,13.325490951538086,14.119999885559082,14.359999656677246,14.119999885559082,14.34000015258789,4188600,2025-01-09,13.325490951538086
2025-01-10,13.30661678314209,14.100000381469727,14.279999732971191,14.079999923706055,14.140000343322754,9724600,2025-01-10,13.30661678314209
2025-01-13,13.11786937713623,13.899999618530273,14.0600004196167,13.699999809265137,14.039999961853027,10468900,2025-01-13,13.11786937713623
2025-01-14,13.042370796203613,13.819999694824219,13.979999542236328,13.619999885559082,13.819999694824219,9643600,2025-01-14,13.042370796203613
2025-01-15,12.740376472473145,13.5,13.960000038146973,13.359999656677246,13.84000015258789,9961600,2025-01-15,12.740376472473145
2025-01-16,12.381758689880371,13.119999885559082,13.739999771118164,13.079999923706055,13.579999923706055,16642000,2025-01-16,12.381758689880371
2025-01-17,12.834750175476074,13.600000381469727,13.739999771118164,13.15999984741211,13.180000305175781,16600500,2025-01-17,12.834750175476074
2025-01-20,13.004620552062988,13.779999732971191,13.859999656677246,13.5600004196167,13.680000305175781,9424400,2025-01-20,13.004620552062988
2025-01-21,12.910247802734375,13.680000305175781,13.880000114440918,13.619999885559082,13.779999732971191,8858700,2025-01-21,12.910247802734375
2025-01-22,13.098995208740234,13.880000114440918,13.880000114440918,13.699999809265137,13.699999809265137,5921200,2025-01-22,13.098995208740234
2025-01-23,13.0234956741333,13.800000190734863,13.880000114440918,13.760000228881836,13.880000114440918,10695200,2025-01-23,13.0234956741333
2025-01-24,12.985747337341309,13.760000228881836,13.84000015258789,13.619999885559082,13.800000190734863,6074000,2025-01-24,12.985747337341309
2025-01-27,12.683752059936523,13.4399995803833,13.760000228881836,13.359999656677246,13.760000228881836,18384500,2025-01-27,12.683752059936523
2025-01-28,12.834750175476074,13.600000381469727,13.65999984741211,13.239999771118164,13.479999542236328,5305700,2025-01-28,12.834750175476074
2025-01-31,12.834750175476074,13.600000381469727,13.699999809265137,13.520000457763672,13.579999923706055,7179400,2025-01-31,12.834750175476074
2025-02-03,12.815875053405762,13.579999923706055,13.640000343322754,13.399999618530273,13.479999542236328,6631100,2025-02-03,12.815875053405762
2025-02-04,12.778125762939453,13.539999961853027,13.699999809265137,13.539999961853027,13.699999809265137,6676600,2025-02-04,12.778125762939453
2025-02-05,12.85362434387207,13.619999885559082,13.680000305175781,13.5600004196167,13.640000343322754,5035700,2025-02-05,12.85362434387207
2025-02-06,12.947997093200684,13.720000267028809,13.760000228881836,13.640000343322754,13.699999809265137,7475000,2025-02-06,12.947997093200684
2025-02-07,12.96687126159668,13.739999771118164,13.779999732971191,13.600000381469727,13.699999809265137,4371000,2025-02-07,12.96687126159668
2025-02-10,13.061245918273926,13.84000015258789,13.84000015258789,13.619999885559082,13.699999809265137,4524500,2025-02-10,13.061245918273926
2025-02-12,13.155618667602539,13.9399995803833,13.9399995803833,13.800000190734863,13.84000015258789,6382900,2025-02-12,13.155618667602539
2025-02-13,13.098995208740234,13.880000114440918,14.0,13.859999656677246,13.9399995803833,5996700,2025-02-13,13.098995208740234
2025-02-14,13.11786937713623,13.899999618530273,13.920000076293945,13.819999694824219,13.880000114440918,3482700,2025-02-14,13.11786937713623
2025-02-17,13.136744499206543,13.920000076293945,13.9399995803833,13.800000190734863,13.899999618530273,1608800,2025-02-17,13.136744499206543
2025-02-18,13.155618667602539,13.9399995803833,13.979999542236328,13.84000015258789,13.920000076293945,2056000,2025-02-18,13.155618667602539
2025-02-19,13.080120086669922,13.859999656677246,13.960000038146973,13.84000015258789,13.9399995803833,2783300,2025-02-19,13.080120086669922
2025-02-20,13.0234956741333,13.800000190734863,13.880000114440918,13.680000305175781,13.859999656677246,5247400,2025-02-20,13.0234956741333
2025-02-21,13.193367958068848,13.979999542236328,13.979999542236328,13.760000228881836,13.800000190734863,2600400,2025-02-21,13.193367958068848
2025-02-24,12.872499465942383,13.640000343322754,13.960000038146973,13.640000343322754,13.960000038146973,7339100,2025-02-24,12.872499465942383
2025-02-25,12.646002769470215,13.399999618530273,13.760000228881836,13.15999984741211,13.760000228881836,10718900,2025-02-25,12.646002769470215
2025-02-26,12.815875053405762,13.579999923706055,13.600000381469727,13.300000190734863,13.399999618530273,8006500,2025-02-26,12.815875053405762
2025-02-27,12.797000885009766,13.5600004196167,13.579999923706055,13.4399995803833,13.579999923706055,5791900,2025-02-27,12.797000885009766
2025-02-28,12.834750175476074,13.600000381469727,13.65999984741211,13.399999618530273,13.479999542236328,11702300,2025-02-28,12.834750175476074
2025-03-03,12.929122924804688,13.699999809265137,13.800000190734863,13.420000076293945,13.4399995803833,2804100,2025-03-03,12.929122924804688
2025-03-04,12.834750175476074,13.600000381469727,13.720000267028809,13.460000038146973,13.5,6293800,2025-03-04,12.834750175476074
2025-03-05,13.042370796203613,13.819999694824219,13.819999694824219,13.600000381469727,13.600000381469727,8701100,2025-03-05,13.042370796203613
2025-03-06,13.080120086669922,13.859999656677246,13.859999656677246,13.680000305175781,13.819999694824219,4574400,2025-03-06,13.080120086669922
2025-03-07,12.96687126159668,13.739999771118164,13.859999656677246,13.619999885559082,13.84000015258789,8873800,2025-03-07,12.96687126159668
2025-03-10,12.778125762939453,13.539999961853027,13.65999984741211,13.520000457763672,13.600000381469727,5448400,2025-03-10,12.778125762939453
2025-03-11,12.646002769470215,13.399999618530273,13.520000457763672,13.239999771118164,13.5,9588300,2025-03-11,12.646002769470215
2025-03-12,12.268510818481445,13.0,13.4399995803833,12.960000038146973,13.399999618530273,6222700,2025-03-12,12.268510818481445
2025-03-13,12.646002769470215,13.399999618530273,13.4399995803833,13.039999961853027,13.039999961853027,6208800,2025-03-13,12.646002769470215
2025-03-14,12.646002769470215,13.399999618530273,13.460000038146973,13.220000267028809,13.359999656677246,6797800,2025-03-14,12.646002769470215
2025-03-17,12.797000885009766,13.5600004196167,13.600000381469727,13.380000114440918,13.399999618530273,4262600,2025-03-17,12.797000885009766
2025-03-19,12.797000885009766,13.5600004196167,13.600000381469727,13.420000076293945,13.5600004196167,3122500,2025-03-19,12.797000885009766
2025-03-20,12.740376472473145,13.5,13.699999809265137,13.5,13.600000381469727,3943500,2025-03-20,12.740376472473145
2025-03-21,12.797000885009766,13.5600004196167,13.65999984741211,13.5,13.5,7693200,2025-03-21,12.797000885009766
2025-03-24,12.797000885009766,13.5600004196167,13.619999885559082,13.479999542236328,13.579999923706055,1934300,2025-03-24,12.797000885009766
2025-03-25,12.834750175476074,13.600000381469727,13.65999984741211,13.5600004196167,13.5600004196167,9359600,2025-03-25,12.834750175476074
2025-03-26,12.815875053405762,13.579999923706055,13.800000190734863,13.579999923706055,13.65999984741211,9383300,2025-03-26,12.815875053405762
2025-03-27,13.046792030334473,13.5600004196167,13.5600004196167,13.319999694824219,13.399999618530273,5540000,2025-03-27,13.046792030334473
2025-03-28,12.873603820800781,13.380000114440918,13.640000343322754,13.380000114440918,13.600000381469727,4305700,2025-03-28,12.873603820800781
2025-04-02,13.239222526550293,13.760000228881836,13.760000228881836,13.4399995803833,13.699999809265137,9802500,2025-04-02,13.239222526550293
2025-04-03,13.066035270690918,13.579999923706055,13.800000190734863,13.460000038146973,13.800000190734863,1821900,2025-04-03,13.066035270690918
2025-04-04,12.969819068908691,13.479999542236328,13.5600004196167,13.420000076293945,13.5600004196167,1700400,2025-04-04,12.969819068908691
2025-04-07,12.623444557189941,13.119999885559082,13.279999732971191,12.680000305175781,13.279999732971191,15235900,2025-04-07,12.623444557189941
2025-04-08,12.719659805297852,13.220000267028809,13.239999771118164,13.100000381469727,13.239999771118164,6652600,2025-04-08,12.719659805297852
2025-04-09,12.334798812866211,12.819999694824219,13.100000381469727,12.65999984741211,13.0,12235200,2025-04-09,12.334798812866211
2025-04-10,12.796632766723633,13.300000190734863,13.460000038146973,13.119999885559082,13.300000190734863,12591100,2025-04-10,12.796632766723633
2025-04-11,12.719659805297852,13.220000267028809,13.260000228881836,13.0,13.15999984741211,11493400,2025-04-11,12.719659805297852
2025-04-14,12.873603820800781,13.380000114440918,13.399999618530273,13.199999809265137,13.319999694824219,4824800,2025-04-14,12.873603820800781
2025-04-15,12.9313325881958,13.4399995803833,13.5,13.300000190734863,13.34000015258789,5208600,2025-04-15,12.9313325881958
2025-04-16,12.9313325881958,13.4399995803833,13.479999542236328,13.34000015258789,13.4399995803833,4819800,2025-04-16,12.9313325881958
2025-04-17,12.969819068908691,13.479999542236328,13.5600004196167,13.420000076293945,13.4399995803833,6451000,2025-04-17,12.969819068908691
2025-04-18,12.989062309265137,13.5,13.520000457763672,13.279999732971191,13.300000190734863,3951800,2025-04-18,12.989062309265137
2025-04-21,12.969819068908691,13.479999542236328,13.5,13.319999694824219,13.5,2947000,2025-04-21,12.969819068908691
2025-04-22,12.892847061157227,13.399999618530273,13.460000038146973,13.279999732971191,13.399999618530273,3242600,2025-04-22,12.892847061157227
2025-04-23,12.989062309265137,13.5,13.520000457763672,13.420000076293945,13.5,5979700,2025-04-23,12.989062309265137
2025-04-24,13.085278511047363,13.600000381469727,13.640000343322754,13.479999542236328,13.5,5710100,2025-04-24,13.085278511047363
2025-04-25,13.046792030334473,13.5600004196167,13.640000343322754,13.539999961853027,13.600000381469727,2209400,2025-04-25,13.046792030334473
2025-04-28,13.085278511047363,13.600000381469727,13.640000343322754,13.520000457763672,13.5600004196167,4830500,2025-04-28,13.085278511047363
2025-04-29,13.123764038085938,13.640000343322754,13.640000343322754,13.520000457763672,13.600000381469727,6109100,2025-04-29,13.123764038085938
2025-04-30,13.335436820983887,13.859999656677246,13.859999656677246,13.640000343322754,13.640000343322754,10240700,2025-04-30,13.335436820983887
2025-05-02,13.335436820983887,13.859999656677246,13.960000038146973,13.760000228881836,13.819999694824219,8452000,2025-05-02,13.335436820983887
2025-05-05,13.277709007263184,13.800000190734863,13.960000038146973,13.720000267028809,13.859999656677246,7495200,2025-05-05,13.277709007263184
2025-05-06,13.52786922454834,14.0600004196167,14.079999923706055,13.800000190734863,13.819999694824219,13932300,2025-05-06,13.52786922454834
2025-05-07,13.624083518981934,14.15999984741211,14.260000228881836,14.0,14.0,12176700,2025-05-07,13.624083518981934
2025-05-08,13.758784294128418,14.300000190734863,14.380000114440918,14.0600004196167,14.180000305175781,19923400,2025-05-08,13.758784294128418
2025-05-09,13.758784294128418,14.300000190734863,14.359999656677246,14.239999771118164,14.279999732971191,9465500,2025-05-09,13.758784294128418
2025-05-13,13.797271728515625,14.34000015258789,14.5,14.319999694824219,14.5,13035700,2025-05-13,13.797271728515625
2025-05-14,13.758784294128418,14.300000190734863,14.380000114440918,14.239999771118164,14.34000015258789,10826600,2025-05-14,13.758784294128418
2025-05-15,13.662569046020508,14.199999809265137,14.380000114440918,14.100000381469727,14.279999732971191,7683500,2025-05-15,13.662569046020508
2025-05-16,13.662569046020508,14.199999809265137,14.300000190734863,14.140000343322754,14.180000305175781,3057500,2025-05-16,13.662569046020508
2025-05-19,13.566354751586914,14.100000381469727,14.180000305175781,14.020000457763672,14.100000381469727,6693700,2025-05-19,13.566354751586914
2025-05-20,13.604840278625488,14.140000343322754,14.220000267028809,14.039999961853027,14.079999923706055,6978100,2025-05-20,13.604840278625488
2025-05-21,13.566354751586914,14.100000381469727,14.199999809265137,14.0600004196167,14.199999809265137,4334700,2025-05-21,13.566354751586914
2025-05-22,13.470139503479004,14.0,14.100000381469727,13.979999542236328,14.079999923706055,5772000,2025-05-22,13.470139503479004
2025-05-23,13.470139503479004,14.0,14.039999961853027,13.960000038146973,14.020000457763672,6012200,2025-05-23,13.470139503479004
2025-05-26,13.470139503479004,14.0,14.039999961853027,13.960000038146973,14.0,5106600,2025-05-26,13.470139503479004
2025-05-27,13.470139503479004,14.0,14.0600004196167,13.9399995803833,14.0,3936500,2025-05-27,13.470139503479004
2025-05-28,13.566354751586914,14.100000381469727,14.180000305175781,14.079999923706055,14.100000381469727,6276900,2025-05-28,13.566354751586914
2025-05-29,13.547110557556152,14.079999923706055,14.140000343322754,14.039999961853027,14.079999923706055,4917000,2025-05-29,13.547110557556152
2025-05-30,13.470139503479004,14.0,14.079999923706055,13.800000190734863,14.0600004196167,37923000,2025-05-30,13.470139503479004
2025-06-03,13.431653022766113,13.960000038146973,14.0600004196167,13.699999809265137,14.0,5492100,2025-06-03,13.431653022766113
2025-06-04,13.412409782409668,13.9399995803833,14.039999961853027,13.899999618530273,13.979999542236328,3260100,2025-06-04,13.412409782409668
2025-06-05,13.662569046020508,14.199999809265137,14.260000228881836,13.9399995803833,13.9399995803833,5400200,2025-06-05,13.662569046020508
2025-06-06,13.662569046020508,14.199999809265137,14.220000267028809,14.079999923706055,14.100000381469727,3840600,2025-06-06,13.662569046020508
2025-06-09,13.739542007446289,14.279999732971191,14.359999656677246,14.140000343322754,14.180000305175781,4683600,2025-06-09,13.739542007446289
2025-06-10,13.701054573059082,14.239999771118164,14.279999732971191,14.100000381469727,14.15999984741211,5356400,2025-06-10,13.701054573059082
2025-06-11,13.701054573059082,14.239999771118164,14.319999694824219,14.180000305175781,14.319999694824219,5202900,2025-06-11,13.701054573059082
2025-06-12,13.720298767089844,14.260000228881836,14.279999732971191,14.220000267028809,14.239999771118164,5094100,2025-06-12,13.720298767089844
2025-06-13,13.758784294128418,14.300000190734863,14.319999694824219,14.199999809265137,14.199999809265137,8650000,2025-06-13,13.758784294128418
2025-06-16,13.816513061523438,14.359999656677246,14.359999656677246,14.260000228881836,14.300000190734863,5354600,2025-06-16,13.816513061523438
2025-06-17,13.758784294128418,14.300000190734863,14.359999656677246,14.199999809265137,14.359999656677246,4005300,2025-06-17,13.758784294128418
2025-06-18,13.68181324005127,14.220000267028809,14.300000190734863,14.220000267028809,14.279999732971191,4975600,2025-06-18,13.68181324005127
2025-06-19,13.68181324005127,14.220000267028809,14.239999771118164,14.180000305175781,14.220000267028809,6006100,2025-06-19,13.68181324005127
2025-06-20,13.68181324005127,14.220000267028809,14.279999732971191,14.15999984741211,14.15999984741211,11774900,2025-06-20,13.68181324005127
2025-06-23,13.758784294128418,14.300000190734863,14.34000015258789,13.960000038146973,14.0,2781900,2025-06-23,13.758784294128418
2025-06-24,13.720298767089844,14.260000228881836,14.4399995803833,14.220000267028809,14.300000190734863,7638200,2025-06-24,13.720298767089844
2025-06-25,13.701054573059082,14.239999771118164,14.359999656677246,14.220000267028809,14.220000267028809,7993600,2025-06-25,13.701054573059082
2025-06-26,13.720298767089844,14.260000228881836,14.380000114440918,14.220000267028809,14.260000228881836,8992300,2025-06-26,13.720298767089844
2025-06-30,13.8357572555542,14.380000114440918,14.479999542236328,14.359999656677246,14.420000076293945,8252200,2025-06-30,13.8357572555542
2025-07-01,14.336075782775879,14.899999618530273,14.9399995803833,14.380000114440918,14.380000114440918,14723300,2025-07-01,14.336075782775879
2025-07-02,14.047430992126465,14.600000381469727,14.979999542236328,14.520000457763672,14.899999618530273,9560300,2025-07-02,14.047430992126465
2025-07-03,13.48938274383545,14.020000457763672,14.260000228881836,13.859999656677246,14.260000228881836,33311600,2025-07-03,13.48938274383545
2025-07-04,13.52786922454834,14.0600004196167,14.220000267028809,13.960000038146973,14.0600004196167,11301700,2025-07-04,13.52786922454834
2025-07-07,13.277709007263184,13.800000190734863,14.079999923706055,13.760000228881836,14.0600004196167,10130400,2025-07-07,13.277709007263184
2025-07-08,13.335436820983887,13.859999656677246,13.9399995803833,13.579999923706055,13.600000381469727,12084200,2025-07-08,13.335436820983887
2025-07-09,13.470139503479004,14.0,14.0,13.779999732971191,13.84000015258789,4621500,2025-07-09,13.470139503479004
2025-07-10,13.431653022766113,13.960000038146973,14.0,13.920000076293945,13.979999542236328,7089500,2025-07-10,13.431653022766113
2025-07-11,13.431653022766113,13.960000038146973,14.0600004196167,13.859999656677246,13.979999542236328,7251100,2025-07-11,13.431653022766113
2025-07-14,13.450895309448242,13.979999542236328,14.0,13.880000114440918,13.960000038146973,3203800,2025-07-14,13.450895309448242
2025-07-15,13.373923301696777,13.899999618530273,14.0,13.859999656677246,14.0,4950100,2025-07-15,13.373923301696777
2025-07-16,13.162250518798828,13.680000305175781,13.920000076293945,13.65999984741211,13.859999656677246,9997900,2025-07-16,13.162250518798828
2025-07-17,13.258464813232422,13.779999732971191,13.819999694824219,13.65999984741211,13.720000267028809,12743300,2025-07-17,13.258464813232422
2025-07-18,13.258464813232422,13.779999732971191,13.800000190734863,13.680000305175781,13.779999732971191,7432800,2025-07-18,13.258464813232422
2025-07-21,13.258464813232422,13.779999732971191,13.84000015258789,13.699999809265137,13.779999732971191,3542400,2025-07-21,13.258464813232422
2025-07-22,13.258464813232422,13.779999732971191,13.899999618530273,13.739999771118164,13.739999771118164,5685900,2025-07-22,13.258464813232422
2025-07-23,13.412409782409668,13.9399995803833,14.0,13.760000228881836,13.779999732971191,8037700,2025-07-23,13.412409782409668
2025-07-24,13.412409782409668,13.9399995803833,13.9399995803833,13.880000114440918,13.899999618530273,5394900,2025-07-24,13.412409782409668
2025-07-25,13.085278511047363,13.600000381469727,13.920000076293945,13.420000076293945,13.859999656677246,19583400,2025-07-25,13.085278511047363
2025-07-28,12.854361534118652,13.359999656677246,13.600000381469727,13.359999656677246,13.600000381469727,13945500,2025-07-28,12.854361534118652
2025-07-29,12.815874099731445,13.319999694824219,13.460000038146973,13.319999694824219,13.34000015258789,5800200,2025-07-29,12.815874099731445
2025-07-30,12.777388572692871,13.279999732971191,13.359999656677246,13.199999809265137,13.319999694824219,6523100,2025-07-30,12.777388572692871
2025-07-31,12.527230262756348,13.020000457763672,13.260000228881836,13.020000457763672,13.199999809265137,12447500,2025-07-31,12.527230262756348
2025-08-01,12.796632766723633,13.300000190734863,13.300000190734863,13.039999961853027,13.039999961853027,8844800,2025-08-01,12.796632766723633
2025-08-04,12.661930084228516,13.15999984741211,13.260000228881836,13.079999923706055,13.260000228881836,5197400,2025-08-04,12.661930084228516
2025-08-05,12.777388572692871,13.279999732971191,13.279999732971191,13.0,13.199999809265137,4884800,2025-08-05,12.777388572692871
2025-08-06,12.681174278259277,13.180000305175781,13.300000190734863,13.079999923706055,13.279999732971191,6590300,2025-08-06,12.681174278259277
2025-08-07,13.239222526550293,13.760000228881836,13.779999732971191,13.15999984741211,13.180000305175781,15163800,2025-08-07,13.239222526550293
2025-08-08,13.277709007263184,13.800000190734863,13.859999656677246,13.680000305175781,13.800000190734863,6527200,2025-08-08,13.277709007263184
2025-08-11,13.143007278442383,13.65999984741211,13.800000190734863,13.600000381469727,13.800000190734863,5929300,2025-08-11,13.143007278442383
2025-08-12,13.066035270690918,13.579999923706055,13.680000305175781,13.520000457763672,13.600000381469727,3818800,2025-08-12,13.066035270690918
2025-08-13,13.277709007263184,13.800000190734863,13.800000190734863,13.579999923706055,13.579999923706055,3846500,2025-08-13,13.277709007263184
2025-08-14,13.162250518798828,13.680000305175781,13.779999732971191,13.5600004196167,13.760000228881836,4567000,2025-08-14,13.162250518798828
2025-08-15,13.104520797729492,13.619999885559082,13.739999771118164,13.600000381469727,13.739999771118164,2477100,2025-08-15,13.104520797729492
2025-08-18,13.104520797729492,13.619999885559082,13.739999771118164,13.520000457763672,13.65999984741211,2974700,2025-08-18,13.104520797729492
2025-08-19,13.200736045837402,13.720000267028809,13.899999618530273,13.600000381469727,13.600000381469727,6265200,2025-08-19,13.200736045837402
2025-08-20,13.143007278442383,13.65999984741211,13.779999732971191,13.640000343322754,13.720000267028809,2795500,2025-08-20,13.143007278442383
2025-08-21,13.123764038085938,13.640000343322754,13.779999732971191,13.539999961853027,13.680000305175781,2259500,2025-08-21,13.123764038085938
2025-08-22,13.046792030334473,13.5600004196167,13.739999771118164,13.520000457763672,13.699999809265137,2851000,2025-08-22,13.046792030334473
2025-08-25,13.200736045837402,13.720000267028809,13.760000228881836,13.600000381469727,13.65999984741211,5833800,2025-08-25,13.200736045837402
2025-08-26,12.9313325881958,13.4399995803833,13.720000267028809,13.4399995803833,13.699999809265137,8210900,2025-08-26,12.9313325881958
2025-08-27,12.969819068908691,13.479999542236328,13.539999961853027,13.420000076293945,13.4399995803833,3617800,2025-08-27,12.969819068908691
2025-08-28,12.9313325881958,13.4399995803833,13.5600004196167,13.399999618530273,13.5,4978000,2025-08-28,12.9313325881958
2025-08-29,12.700416564941406,13.199999809265137,13.460000038146973,13.140000343322754,13.420000076293945,9946500,2025-08-29,12.700416564941406
2025-09-02,12.738903045654297,13.239999771118164,13.239999771118164,13.119999885559082,13.199999809265137,4899500,2025-09-02,12.738903045654297
2025-09-03,12.604201316833496,13.100000381469727,13.319999694824219,13.100000381469727,13.279999732971191,4585600,2025-09-03,12.604201316833496
2025-09-04,12.565715789794922,13.0600004196167,13.180000305175781,13.039999961853027,13.100000381469727,6872900,2025-09-04,12.565715789794922
2025-09-08,12.815874099731445,13.319999694824219,13.420000076293945,13.119999885559082,13.15999984741211,4796400,2025-09-08,12.815874099731445
2025-09-09,12.604201316833496,13.100000381469727,13.319999694824219,13.039999961853027,13.319999694824219,7505700,2025-09-09,12.604201316833496
2025-09-10,12.681174278259277,13.180000305175781,13.279999732971191,13.119999885559082,13.180000305175781,4449000,2025-09-10,12.681174278259277
2025-09-11,12.719659805297852,13.220000267028809,13.300000190734863,13.199999809265137,13.199999809265137,4135300,2025-09-11,12.719659805297852
2025-09-12,12.873603820800781,13.380000114440918,13.460000038146973,13.260000228881836,13.260000228881836,5138300,2025-09-12,12.873603820800781
2025-09-17,12.9313325881958,13.4399995803833,13.5,13.239999771118164,13.279999732971191,6529100,2025-09-17,12.9313325881958
2025-09-18,12.777388572692871,13.279999732971191,13.520000457763672,13.260000228881836,13.4399995803833,8040800,2025-09-18,12.777388572692871
2025-09-19,12.873603820800781,13.380000114440918,13.460000038146973,13.300000190734863,13.380000114440918,6713300,2025-09-19,12.873603820800781
2025-09-22,12.912091255187988,13.420000076293945,13.539999961853027,13.399999618530273,13.399999618530273,3437000,2025-09-22,12.912091255187988
2025-09-23,12.892847061157227,13.399999618530273,13.539999961853027,13.359999656677246,13.460000038146973,4869200,2025-09-23,12.892847061157227
2025-09-24,12.777388572692871,13.279999732971191,13.460000038146973,13.260000228881836,13.460000038146973,4643500,2025-09-24,12.777388572692871
2025-09-25,12.700416564941406,13.199999809265137,13.319999694824219,13.199999809265137,13.300000190734863,6459800,2025-09-25,12.700416564941406
2025-09-26,12.835118293762207,13.34000015258789,13.380000114440918,13.199999809265137,13.199999809265137,2918400,2025-09-26,12.835118293762207
2025-09-29,12.884145736694336,13.140000343322754,13.260000228881836,13.079999923706055,13.180000305175781,3399900,2025-09-29,12.884145736694336
2025-09-30,12.962587356567383,13.220000267028809,13.260000228881836,13.140000343322754,13.140000343322754,5594700,2025-09-30,12.962587356567383
2025-10-01,12.844923973083496,13.100000381469727,13.279999732971191,13.079999923706055,13.220000267028809,3670200,2025-10-01,12.844923973083496
2025-10-02,13.197914123535156,13.460000038146973,13.619999885559082,13.140000343322754,13.140000343322754,7874300,2025-10-02,13.197914123535156
2025-10-03,13.021418571472168,13.279999732971191,13.5,13.260000228881836,13.5,7338700,2025-10-03,13.021418571472168
2025-10-06,13.099861145019531,13.359999656677246,13.4399995803833,13.260000228881836,13.279999732971191,2439600,2025-10-06,13.099861145019531
2025-10-07,13.021418571472168,13.279999732971191,13.359999656677246,13.279999732971191,13.359999656677246,1828300,2025-10-07,13.021418571472168
2025-10-08,12.942975997924805,13.199999809265137,13.300000190734863,13.199999809265137,13.300000190734863,4268800,2025-10-08,12.942975997924805
2025-10-09,13.021418571472168,13.279999732971191,13.319999694824219,13.239999771118164,13.300000190734863,7128400,2025-10-09,13.021418571472168
2025-10-10,12.962587356567383,13.220000267028809,13.300000190734863,13.220000267028809,13.279999732971191,3026400,2025-10-10,12.962587356567383
2025-10-13,13.001808166503906,13.260000228881836,13.319999694824219,13.140000343322754,13.199999809265137,3312500,2025-10-13,13.001808166503906
2025-10-14,12.942975997924805,13.199999809265137,13.359999656677246,13.180000305175781,13.300000190734863,3820100,2025-10-14,12.942975997924805
2025-10-15,12.92336654663086,13.180000305175781,13.220000267028809,13.140000343322754,13.199999809265137,3719000,2025-10-15,12.92336654663086
2025-10-16,12.92336654663086,13.180000305175781,13.300000190734863,13.15999984741211,13.199999809265137,4018800,2025-10-16,12.92336654663086
2025-10-17,12.844923973083496,13.100000381469727,13.239999771118164,13.079999923706055,13.220000267028809,5518800,2025-10-17,12.844923973083496
2025-10-21,12.982197761535645,13.239999771118164,13.300000190734863,13.199999809265137,13.279999732971191,3518700,2025-10-21,12.982197761535645
2025-10-22,12.825313568115234,13.079999923706055,13.279999732971191,13.079999923706055,13.260000228881836,4105600,2025-10-22,12.825313568115234
2025-10-23,12.864534378051758,13.119999885559082,13.15999984741211,13.0600004196167,13.100000381469727,6036100,2025-10-23,12.864534378051758
2025-10-24,12.962587356567383,13.220000267028809,13.279999732971191,13.140000343322754,13.140000343322754,2365400,2025-10-24,12.962587356567383
2025-10-27,13.099861145019531,13.359999656677246,13.420000076293945,13.260000228881836,13.279999732971191,5258600,2025-10-27,13.099861145019531
2025-10-28,12.962587356567383,13.220000267028809,13.380000114440918,13.220000267028809,13.359999656677246,6037900,2025-10-28,12.962587356567383
2025-10-29,13.041029930114746,13.300000190734863,13.34000015258789,13.180000305175781,13.199999809265137,2702700,2025-10-29,13.041029930114746
2025-10-30,13.060639381408691,13.319999694824219,13.34000015258789,13.260000228881836,13.300000190734863,3453400,2025-10-30,13.060639381408691
2025-10-31,13.021418571472168,13.279999732971191,13.319999694824219,13.239999771118164,13.300000190734863,3706300,2025-10-31,13.021418571472168
2025-11-03,13.08025074005127,13.34000015258789,13.359999656677246,13.260000228881836,13.279999732971191,1739500,2025-11-03,13.08025074005127
2025-11-04,13.041029930114746,13.300000190734863,13.399999618530273,13.300000190734863,13.319999694824219,4543100,2025-11-04,13.041029930114746
2025-11-05,12.942975997924805,13.199999809265137,13.34000015258789,13.15999984741211,13.300000190734863,1979400,2025-11-05,12.942975997924805
2025-11-06,12.942975997924805,13.199999809265137,13.300000190734863,13.180000305175781,13.279999732971191,3796900,2025-11-06,12.942975997924805
2025-11-07,12.962587356567383,13.220000267028809,13.260000228881836,13.180000305175781,13.199999809265137,2571700,2025-11-07,12.962587356567383
2025-11-10,13.08025074005127,13.34000015258789,13.34000015258789,13.220000267028809,13.220000267028809,2370500,2025-11-10,13.08025074005127
2025-11-11,13.119471549987793,13.380000114440918,13.420000076293945,13.260000228881836,13.34000015258789,3688800,2025-11-11,13.119471549987793
2025-11-12,13.139081954956055,13.399999618530273,13.4399995803833,13.359999656677246,13.4399995803833,4145000,2025-11-12,13.139081954956055
2025-11-13,13.23713493347168,13.5,13.5600004196167,13.359999656677246,13.399999618530273,5017900,2025-11-13,13.23713493347168
2025-11-14,13.158693313598633,13.420000076293945,13.5,13.380000114440918,13.479999542236328,3709200,2025-11-14,13.158693313598633
2025-11-17,13.021418571472168,13.279999732971191,13.539999961853027,13.239999771118164,13.420000076293945,3811400,2025-11-17,13.021418571472168
2025-11-18,12.92336654663086,13.180000305175781,13.34000015258789,13.15999984741211,13.260000228881836,9201600,2025-11-18,12.92336654663086
2025-11-19,12.92336654663086,13.180000305175781,13.220000267028809,13.15999984741211,13.199999809265137,4921800,2025-11-19,12.92336654663086
2025-11-20,12.884145736694336,13.140000343322754,13.260000228881836,13.140000343322754,13.199999809265137,7018600,2025-11-20,12.884145736694336
2025-11-21,12.844923973083496,13.100000381469727,13.15999984741211,13.100000381469727,13.140000343322754,6558600,2025-11-21,12.844923973083496
2025-11-24,12.786091804504395,13.039999961853027,13.140000343322754,13.039999961853027,13.100000381469727,10668400,2025-11-24,12.786091804504395
2025-11-25,12.844923973083496,13.100000381469727,13.119999885559082,13.039999961853027,13.0600004196167,10388100,2025-11-25,12.844923973083496
2025-11-26,12.864534378051758,13.119999885559082,13.220000267028809,13.020000457763672,13.119999885559082,9907800,2025-11-26,12.864534378051758
2025-11-27,13.021418571472168,13.279999732971191,13.279999732971191,13.100000381469727,13.119999885559082,6967000,2025-11-27,13.021418571472168
2025-11-28,12.92336654663086,13.180000305175781,13.260000228881836,13.100000381469727,13.260000228881836,13016400,2025-11-28,12.92336654663086
2025-12-01,13.060639381408691,13.319999694824219,13.5600004196167,13.199999809265137,13.199999809265137,10817700,2025-12-01,13.060639381408691
2025-12-02,12.49193286895752,12.739999771118164,13.34000015258789,12.739999771118164,13.279999732971191,21005700,2025-12-02,12.49193286895752
2025-12-03,12.589986801147461,12.84000015258789,13.039999961853027,12.800000190734863,12.859999656677246,6746300,2025-12-03,12.589986801147461
2025-12-04,12.256607055664062,12.5,12.920000076293945,12.5,12.859999656677246,12264400,2025-12-04,12.256607055664062
2025-12-05,12.393880844116211,12.640000343322754,12.680000305175781,12.520000457763672,12.5600004196167,17308400,2025-12-05,12.393880844116211
2025-12-08,12.452712059020996,12.699999809265137,12.760000228881836,12.520000457763672,12.699999809265137,9720300,2025-12-08,12.452712059020996
2025-12-09,12.452712059020996,12.699999809265137,12.779999732971191,12.65999984741211,12.779999732971191,11657900,2025-12-09,12.452712059020996
2025-12-10,12.49193286895752,12.739999771118164,12.760000228881836,12.680000305175781,12.720000267028809,6859000,2025-12-10,12.49193286895752
2025-12-11,12.49193286895752,12.739999771118164,12.800000190734863,12.699999809265137,12.779999732971191,8136400,2025-12-11,12.49193286895752
2025-12-12,12.76648235321045,13.020000457763672,13.020000457763672,12.779999732971191,12.779999732971191,7354900,2025-12-12,12.76648235321045
2025-12-15,12.844923973083496,13.100000381469727,13.15999984741211,12.9399995803833,12.960000038146973,9239800,2025-12-15,12.844923973083496
2025-12-16,12.884145736694336,13.140000343322754,13.220000267028809,13.020000457763672,13.100000381469727,8540400,2025-12-16,12.884145736694336
2025-12-17,12.982197761535645,13.239999771118164,13.260000228881836,13.140000343322754,13.140000343322754,7195100,2025-12-17,12.982197761535645
2025-12-18,13.041029930114746,13.300000190734863,13.34000015258789,13.199999809265137,13.239999771118164,5671200,2025-12-18,13.041029930114746
2025-12-19,13.099861145019531,13.359999656677246,13.420000076293945,13.279999732971191,13.300000190734863,8839300,2025-12-19,13.099861145019531
2025-12-22,13.27635669708252,13.539999961853027,13.5600004196167,13.34000015258789,13.34000015258789,5625200,2025-12-22,13.27635669708252
2025-12-23,13.394020080566406,13.65999984741211,13.65999984741211,13.4399995803833,13.579999923706055,5912600,2025-12-23,13.394020080566406
2025-12-24,13.335188865661621,13.600000381469727,13.699999809265137,13.579999923706055,13.619999885559082,3527700,2025-12-24,13.335188865661621
2025-12-26,13.394020080566406,13.65999984741211,13.680000305175781,13.520000457763672,13.600000381469727,1486600,2025-12-26,13.394020080566406
2025-12-29,13.609736442565918,13.880000114440918,13.880000114440918,13.640000343322754,13.65999984741211,8103500,2025-12-29,13.609736442565918
2025-12-30,13.511682510375977,13.779999732971191,13.84000015258789,13.619999885559082,13.819999694824219,10994900,2025-12-30,13.511682510375977
2025-12-31,13.452851295471191,13.720000267028809,13.84000015258789,13.65999984741211,13.779999732971191,6323400,2025-12-31,13.452851295471191
