market_date,article_count,sentiment_score_mean,sentiment_score_std,positive_ratio,negative_ratio,neutral_ratio,source_day_count,first_calendar_date,last_calendar_date,Date,Adj Close 1023.KL,Close 1023.KL,High 1023.KL,Low 1023.KL,Open 1023.KL,Volume 1023.KL,date,close,return_tplus0_1d,return_tplus1_1d,return_tplus2_1d,open,high,low,volume,return_1d,log_return_1d,open_close_pct,high_low_pct,volume_log1p,volume_change_1d,sma_5_gap,sma_10_gap,ema_5_gap,ema_10_gap,volatility_5,volatility_10,rsi_14,macd,macd_signal,macd_hist,article_count_log1p,current_close,target_date,target
2023-01-03,9,-0.408453736299028,0.6108441204700171,0.2222222222222222,0.7777777777777778,0.0,2,2023-01-02,2023-01-03,2023-01-03,4.589832305908203,5.699999809265137,5.800000190734863,5.679999828338623,5.800000190734863,5720400,2023-01-03,4.589832305908203,,-0.0087719425829685,0.0141593128117485,5.800000190734863,5.800000190734863,5.679999828338623,5720400,,,-0.20864962845343135,0.026144824995408066,15.559549465793852,,,,0.0,0.0,,,50.0,0.0,0.0,0.0,2.302585092994046,4.589832305908203,2023-01-04,-0.00877194258296854
2023-01-04,7,-0.2569266990093248,0.6600583470668617,0.2857142857142857,0.7142857142857143,0.0,1,2023-01-04,2023-01-04,2023-01-04,4.549570560455322,5.650000095367432,5.78000020980835,5.639999866485596,5.699999809265137,9812200,2023-01-04,4.549570560455322,-0.0087719425829685,0.0141593128117485,-0.0104712193386747,5.699999809265137,5.78000020980835,5.639999866485596,9812200,-0.00877194258296854,-0.008810642553468417,-0.20182969952732888,0.03077221057733032,16.09913716927096,0.7152996293965457,,,-0.0058651111948603285,-0.00718850887462974,,,50.0,-0.0032117631700305793,-0.000642352634006116,-0.0025694105360244634,2.0794415416798357,4.549570560455322,2023-01-05,0.014159312811748537
2023-01-05,6,0.6368752618630728,0.3136365190130811,0.8333333333333334,0.0,0.1666666666666666,1,2023-01-05,2023-01-05,2023-01-05,4.613989353179932,5.730000019073486,5.769999980926514,5.659999847412109,5.659999847412109,15203100,2023-01-05,4.613989353179932,0.0141593128117485,-0.0104712193386747,0.0070546840363596,5.659999847412109,5.769999980926514,5.659999847412109,15203100,0.014159312811748537,0.014060006054577467,-0.1848075127970965,0.02384056942797081,16.537009978166544,0.5494078799861397,,,0.005459161772816357,0.005613096670892492,,,50.0,-0.0005526794742731767,-0.0006244180020595281,7.173852778635142e-05,1.9459101490553132,4.613989353179932,2023-01-06,-0.010471219338674786
2023-01-06,5,-0.2610561799257994,0.6843118127837622,0.4,0.6,0.0,1,2023-01-06,2023-01-06,2023-01-06,4.565675258636475,5.670000076293945,5.78000020980835,5.650000095367432,5.699999809265137,7522100,2023-01-06,4.565675258636475,-0.0104712193386747,0.0070546840363596,0.0017513160278654,5.699999809265137,5.78000020980835,5.650000095367432,7522100,-0.010471219338674786,-0.010526428297500168,-0.1990043137869689,0.028473359815726823,15.833356045202253,-0.505225907874052,,,-0.003385201209206712,-0.004026516696056137,,,50.0,-0.002317169254860474,-0.0009629682526197173,-0.0013542010022407566,1.791759469228055,4.565675258636475,2023-01-09,0.007054684036359671
2023-01-09,7,-0.1226879796013235,0.7722312990824902,0.4285714285714285,0.5714285714285714,0.0,1,2023-01-09,2023-01-09,2023-01-09,4.597884654998779,5.710000038146973,5.71999979019165,5.670000076293945,5.679999828338623,14187700,2023-01-09,4.597884654998779,0.0070546840363596,0.0017513160278654,0.0087412714106021,5.679999828338623,5.71999979019165,5.670000076293945,14187700,0.007054684036359671,0.0070299161710181135,-0.19051324050063537,0.010874503744530832,16.46788602050642,0.8861355206657715,0.003162337705032936,,0.0024274510286046436,0.002453012448220715,,,50.0,-0.0011037872448822483,-0.0009911320510722235,-0.0001126551938100248,2.0794415416798357,4.597884654998779,2023-01-10,0.0017513160278657125
2023-01-10,8,0.1114256847067736,0.8914906045956653,0.5,0.5,0.0,1,2023-01-10,2023-01-10,2023-01-10,4.605937004089356,5.71999979019165,5.75,5.690000057220459,5.699999809265137,11432100,2023-01-10,4.605937004089356,0.0017513160278654,0.0087412714106021,-0.0034663121158768,5.699999809265137,5.75,5.690000057220459,11432100,0.0017513160278657125,0.0017497842620941562,-0.1919408494360688,0.013026652932133112,16.25193583340236,-0.194224574807756,0.00421348927870735,,0.002784795909500648,0.0034407871202861706,0.01045399855982679,,50.0,0.0005017995820688625,-0.0006925457244440063,0.0011943453065128688,2.1972245773362196,4.605937004089356,2023-01-11,0.00874127141060188
2023-01-11,6,0.2440528826167185,0.6101247204767292,0.6666666666666666,0.3333333333333333,0.0,1,2023-01-11,2023-01-11,2023-01-11,4.646198749542236,5.769999980926514,5.78000020980835,5.71999979019165,5.71999979019165,10322100,2023-01-11,4.646198749542236,0.0087412714106021,-0.0034663121158768,0.005217502350667,5.71999979019165,5.78000020980835,5.71999979019165,10322100,0.00874127141060188,0.00870328768785833,-0.18772746154479072,0.012913872791733397,16.14979788256834,-0.09709502191198471,0.008741271410602103,,0.007670739921008973,0.009969610726626943,0.009343312172372381,,50.0,0.0049657826355264945,0.0004391199475500938,0.0045266626879764005,1.9459101490553132,4.646198749542236,2023-01-12,-0.0034663121158768906
2023-01-12,5,0.2675411220639944,0.6765792866183485,0.6,0.4,0.0,1,2023-01-12,2023-01-12,2023-01-12,4.630093574523926,5.75,5.800000190734863,5.75,5.769999980926514,9168700,2023-01-12,4.630093574523926,-0.0034663121158768,0.005217502350667,-0.0034601101235652,5.769999980926514,5.800000190734863,5.75,9168700,-0.0034663121158768906,-0.003472333694860996,-0.1975574367713513,0.010798959012400605,16.031306176619204,-0.11174082793230056,0.004542202036588838,,0.0027813524037687554,0.005286388627162353,0.007878788137725388,,50.0,0.007121871833947857,0.0017756703248296467,0.00534620150911821,1.791759469228055,4.630093574523926,2023-01-13,0.0052175023506670914
2023-01-13,4,0.5837176616769285,0.3531789199170567,1.0,0.0,0.0,1,2023-01-13,2023-01-13,2023-01-13,4.6542510986328125,5.78000020980835,5.800000190734863,5.739999771118164,5.769999980926514,10371500,2023-01-13,4.6542510986328125,0.005217502350667,-0.0034601101235652,0.0017360106237351,5.769999980926514,5.800000190734863,5.739999771118164,10371500,0.0052175023506670914,0.005203938344975123,-0.19337069081143057,0.012891530419217038,16.1545723141864,0.13118544613740224,0.005917189034278847,,0.0053280125390879896,0.008600191739711605,0.004847603174469586,,50.0,0.010657050515654909,0.0035519463629946992,0.00710510415266021,1.6094379124341003,4.6542510986328125,2023-01-16,-0.0034601101235652854
2023-01-16,8,-0.107712522149086,0.5727451060956571,0.625,0.375,0.0,1,2023-01-16,2023-01-16,2023-01-16,4.638146877288818,5.760000228881836,5.78000020980835,5.71999979019165,5.78000020980835,9620600,2023-01-16,4.638146877288818,-0.0034601101235652,0.0017360106237351,-0.0086655237158865,5.78000020980835,5.78000020980835,5.71999979019165,9620600,-0.0034601101235652854,-0.0034661101490964796,-0.19755247250369776,0.012936291412093412,16.079417294702942,-0.07240032782143369,0.0006950309127133902,0.006289420739572282,0.001232218287950504,0.0041772928555336986,0.005367876281865378,,50.0,0.01202066230418719,0.0052456895512331975,0.006774972752953993,2.1972245773362196,4.638146877288818,2023-01-17,0.0017360106237351847
2023-01-17,10,-0.1490962886251509,0.6540766925491655,0.4,0.6,0.0,1,2023-01-17,2023-01-17,2023-01-17,4.646198749542236,5.769999980926514,5.769999980926514,5.739999771118164,5.760000228881836,6571500,2023-01-17,4.646198749542236,0.0017360106237351,-0.0086655237158865,-0.0052448663729961,5.760000228881836,5.769999980926514,5.739999771118164,6571500,0.0017360106237351847,0.0017345054989823527,-0.1933683047015811,0.006456936395866699,15.698252827076447,-0.3169344947300584,0.0006937228149914709,0.006805104941030926,0.001978286624018555,0.004838881818324925,0.005367884507594052,0.007852441266833068,50.0,0.013594346109672806,0.006915420862921119,0.006678925246751686,2.3978952727983707,4.646198749542236,2023-01-18,-0.008665523715886359
2023-01-18,6,-0.5095586832612753,0.7229558221932885,0.1666666666666666,0.8333333333333334,0.0,1,2023-01-18,2023-01-18,2023-01-18,4.605937004089356,5.71999979019165,5.78000020980835,5.690000057220459,5.75,17261800,2023-01-18,4.605937004089356,-0.0086655237158865,-0.0052448663729961,0.0140598799752891,5.75,5.78000020980835,5.690000057220459,17261800,-0.008665523715886359,-0.00870328768785833,-0.19896747754967717,0.019540031161517077,16.664006583483033,1.626767100357605,-0.006254352302134558,-0.003136986059057323,-0.004479597629240217,-0.0031674242645998163,0.005347675705720431,0.007837409233818263,50.0,0.011460604768901206,0.007824457644117138,0.003636147124784068,1.9459101490553132,4.605937004089356,2023-01-19,-0.00524486637299626
2023-01-19,6,0.1410011705011129,0.5848099456705905,0.6666666666666666,0.3333333333333333,0.0,1,2023-01-19,2023-01-19,2023-01-19,4.581779479980469,5.690000057220459,5.75,5.639999866485596,5.739999771118164,18884300,2023-01-19,4.581779479980469,-0.0052448663729961,0.0140598799752891,0.0017331047431772,5.739999771118164,5.75,5.639999866485596,18884300,-0.00524486637299626,-0.005258668967627722,-0.20178054657170685,0.024008168440894324,16.753841499940897,0.09399367389264146,-0.009401230868987809,-0.007673630454521518,-0.006488293652948451,-0.006879692786808667,0.005547648728285522,0.006591928932703941,50.0,0.0077311689773438275,0.007805799910762476,-7.46309334186488e-05,1.9459101490553132,4.581779479980469,2023-01-20,0.014059879975289125
2023-01-20,11,0.3536177465522831,0.5211265500792849,0.6363636363636364,0.1818181818181818,0.1818181818181818,1,2023-01-20,2023-01-20,2023-01-20,4.646198749542236,5.769999980926514,5.78000020980835,5.730000019073486,5.75,10153400,2023-01-20,4.646198749542236,0.0140598799752891,0.0017331047431772,-0.0103806377265827,5.75,5.78000020980835,5.730000019073486,10153400,0.014059879975289125,0.013961956655486052,-0.19196543486221976,0.010761526449937062,16.133319281218977,-0.4623364382052816,0.0048763567445058165,0.004526479284735929,0.004974504098258725,0.005788103291980873,0.008870884472907637,0.007089396637239161,50.0,0.009860000969200478,0.008216640122450077,0.0016433608467504007,2.4849066497880004,4.646198749542236,2023-01-25,0.0017331047431772273
2023-01-25,5,0.244147240743041,0.2423251859022085,0.8,0.2,0.0,1,2023-01-25,2023-01-25,2023-01-25,4.6542510986328125,5.78000020980835,5.789999961853027,5.730000019073486,5.78000020980835,7642700,2023-01-25,4.6542510986328125,0.0017331047431772,-0.0103806377265827,0.003496405037606,5.78000020980835,5.789999961853027,5.730000019073486,7642700,0.0017331047431772273,0.001731604650114127,-0.19476627514047515,0.012891427967254714,15.849261632695686,-0.24727677428250638,0.005917189034278847,0.0050426189047281245,0.0044674852323431935,0.0061534970818371,0.008713189335733893,0.006844323224099912,33.68004346222689,0.012057877232505732,0.008984887544461207,0.003072989688044524,1.791759469228055,4.6542510986328125,2023-01-26,-0.010380637726582598
2023-01-26,7,-0.4122922372605119,0.5301097264764271,0.1428571428571428,0.8571428571428571,0.0,1,2023-01-26,2023-01-26,2023-01-26,4.605937004089356,5.71999979019165,5.78000020980835,5.659999847412109,5.78000020980835,18411800,2023-01-26,4.605937004089356,-0.0103806377265827,0.003496405037606,0.0069687550648021,5.78000020980835,5.78000020980835,5.659999847412109,18411800,-0.010380637726582598,-0.010434892337972457,-0.20312511472346853,0.02605340939090104,16.728502375692276,1.4090700930299502,-0.002789383720566474,-0.005390364421897664,-0.003980926707838117,-0.0035135740396643467,0.00995738537250612,0.007757918572328401,30.308929215082955,0.009788332549492296,0.009145576545467425,0.0006427560040248703,2.0794415416798357,4.605937004089356,2023-01-27,0.003496405037605843
2023-01-27,6,0.1068026324113209,0.8784789818913347,0.5,0.5,0.0,1,2023-01-27,2023-01-27,2023-01-27,4.62204122543335,5.739999771118164,5.769999980926514,5.679999828338623,5.71999979019165,10004800,2023-01-27,4.62204122543335,0.003496405037606,0.0069687550648021,-0.0051904213152537,5.71999979019165,5.769999980926514,5.679999828338623,10004800,0.003496405037605843,0.0034903068239284796,-0.19195080507538154,0.019471949339753554,16.118575635747188,-0.45660934835268685,-6.18995511514342e-08,-0.001391872902091973,-0.0003323489536896096,-2.4098758170887358e-05,0.009293683021516827,0.007264949511314892,32.72604985269601,0.009183318531272633,0.009153124942628467,3.0193588644165936e-05,1.9459101490553132,4.62204122543335,2023-01-30,0.006968755064802101
2023-01-30,8,0.2027996226679533,0.6370628966246209,0.625,0.25,0.125,1,2023-01-30,2023-01-30,2023-01-30,4.6542510986328125,5.78000020980835,5.800000190734863,5.690000057220459,5.739999771118164,14508500,2023-01-30,4.6542510986328125,0.0069687550648021,-0.0051904213152537,-0.0086955626204298,5.739999771118164,5.800000190734863,5.690000057220459,14508500,0.006968755064802101,0.006944585514043977,-0.18915482853300628,0.023634335832614803,16.49024531146032,0.45015392611546456,0.003820797249522778,0.0050426189047281245,0.004412968026010766,0.005674689062746818,0.008927637784084508,0.007535519848501031,37.40245828282295,0.011174100071015047,0.009557319968305784,0.001616780102709263,2.1972245773362196,4.6542510986328125,2023-01-31,-0.005190421315253713
2023-01-31,7,-0.1137232949425067,0.8063679984871989,0.4285714285714285,0.5714285714285714,0.0,1,2023-01-31,2023-01-31,2023-01-31,4.630093574523926,5.75,5.769999980926514,5.730000019073486,5.769999980926514,17045300,2023-01-31,4.630093574523926,-0.0051904213152537,-0.0086955626204298,-0.0070177618461482,5.769999980926514,5.769999980926514,5.730000019073486,17045300,-0.005190421315253713,-0.005203938344975123,-0.1975574367713513,0.008639126015318212,16.651385122535796,0.17484922631560806,-0.0006952313575462332,0.000347865203191855,-0.0005337146893868994,0.0003720895473597885,0.007003838452830007,0.007537378887174741,35.41412097210225,0.010679393085533562,0.009781734591751341,0.0008976584937822208,2.0794415416798357,4.630093574523926,2023-02-02,-0.008695562620429809
2023-02-02,7,0.385784993746451,0.6311130043439349,0.7142857142857143,0.2857142857142857,0.0,1,2023-02-02,2023-02-02,2023-02-02,4.589832305908203,5.699999809265137,5.75,5.670000076293945,5.75,16386800,2023-02-02,4.589832305908203,-0.0086955626204298,-0.0070177618461482,-0.0141339854066101,5.75,5.75,5.670000076293945,16386800,-0.008695562620429809,-0.008733589629718486,-0.20176829462466034,0.017429814070347584,16.61198675168212,-0.03863235026664247,-0.006622485117308785,-0.00731450440406789,-0.006168725657207386,-0.006823091381513491,0.007632221980340296,0.007937448483176306,32.32945582621858,0.006958374525449784,0.00921706257849103,-0.002258688053041245,2.0794415416798357,4.589832305908203,2023-02-03,-0.007017761846148218
2023-02-03,2,0.5019752085208893,0.2737267958983068,1.0,0.0,0.0,1,2023-02-03,2023-02-03,2023-02-03,4.557621955871582,5.659999847412109,5.699999809265137,5.599999904632568,5.699999809265137,19969200,2023-02-03,4.557621955871582,-0.0070177618461482,-0.0141339854066101,-0.0322581090197712,5.699999809265137,5.699999809265137,5.599999904632568,19969200,-0.007017761846148218,-0.007042502152476704,-0.20041717396843806,0.021941246027160837,16.809701694576553,0.21861498279102687,-0.011526512683503465,-0.01238893642203387,-0.008800687627183001,-0.011313529812655765,0.0069064796602135905,0.00808134002615897,30.072641599458663,0.001394262265762336,0.007652502515945291,-0.006258240250182955,1.0986122886681098,4.557621955871582,2023-02-07,-0.01413398540661015
2023-02-07,12,0.0315702617711698,0.7162342513930807,0.4166666666666667,0.5833333333333334,0.0,3,2023-02-04,2023-02-07,2023-02-07,4.493204593658447,5.579999923706055,5.670000076293945,5.550000190734863,5.610000133514404,17304400,2023-02-07,4.493204593658447,-0.0141339854066101,-0.0322581090197712,-0.0055556731370998,5.610000133514404,5.670000076293945,5.550000190734863,17304400,-0.01413398540661015,-0.014234821449408797,-0.1990722840065846,0.02670697117341278,16.666471420179164,-0.13344550607936223,-0.020020959199863908,-0.02396350801175462,-0.015323366275638906,-0.020785428838212994,0.007787198959614611,0.008748012464045857,26.14227570131709,-0.008119680932086482,0.004498065826338937,-0.012617746758425419,2.5649493574615367,4.493204593658447,2023-02-08,-0.03225810901977122
2023-02-08,12,-0.218006868691494,0.6837373040225007,0.3333333333333333,0.6666666666666666,0.0,1,2023-02-08,2023-02-08,2023-02-08,4.348262310028076,5.400000095367432,5.570000171661377,5.380000114440918,5.559999942779541,27002600,2023-02-08,4.348262310028076,-0.0322581090197712,-0.0055556731370998,0.0,5.559999942779541,5.570000171661377,5.380000114440918,27002600,-0.03225810901977122,-0.03278986881008894,-0.21793842539964056,0.04369562912114936,17.11144375266218,0.5604470539284807,-0.038803776377495436,-0.05063286131462641,-0.03189201661263796,-0.04326263127511676,0.011027368035763947,0.012897040224409436,19.854498199271717,-0.027043440468641045,-0.0018102354326570594,-0.025233205035983985,2.5649493574615367,4.348262310028076,2023-02-09,-0.005555673137099815
2023-02-09,8,-0.1735087518463842,0.7102887201069061,0.375,0.625,0.0,1,2023-02-09,2023-02-09,2023-02-09,4.3241047859191895,5.369999885559082,5.440000057220459,5.349999904632568,5.389999866485596,20468400,2023-02-09,4.3241047859191895,-0.0055556731370998,0.0,0.013035401874992,5.389999866485596,5.440000057220459,5.349999904632568,20468400,-0.005555673137099815,-0.00557116328788676,-0.19775419424293872,0.020813591955718296,16.83439284027276,-0.2419841052343108,-0.031035773601408412,-0.04922101548461566,-0.02515957547391745,-0.040099771992005984,0.010959901467246957,0.011005005410757667,19.032825157517394,-0.043488656382391966,-0.010145919622604041,-0.033342736759787925,2.1972245773362196,4.3241047859191895,2023-02-10,0.0
2023-02-10,7,0.2229667957206922,0.6144080798752576,0.5714285714285714,0.2857142857142857,0.1428571428571428,1,2023-02-10,2023-02-10,2023-02-10,4.3241047859191895,5.369999885559082,5.440000057220459,5.360000133514404,5.369999885559082,9083200,2023-02-10,4.3241047859191895,0.0,0.013035401874992,-0.0055148231418359,5.369999885559082,5.440000057220459,5.360000133514404,9083200,0.0,0.0,-0.19476631693279864,0.01850092161655348,16.021937221491953,-0.556233022610463,-0.01935722433877829,-0.042268635098214324,-0.01691490761419623,-0.03304986655953268,0.012500828918812608,0.010863115199468532,19.032825157517394,-0.05587748758111566,-0.019292233214306367,-0.03658525436680929,2.0794415416798357,4.3241047859191895,2023-02-13,0.01303540187499208
2023-02-13,7,-0.2065403599824224,0.5003258616585087,0.2857142857142857,0.5714285714285714,0.1428571428571428,1,2023-02-13,2023-02-13,2023-02-13,4.380471229553223,5.440000057220459,5.480000019073486,5.389999866485596,5.400000095367432,11967400,2023-02-13,4.380471229553223,0.013035401874992,-0.0055148231418359,0.0036969731996534,5.400000095367432,5.480000019073486,5.389999866485596,11967400,0.01303540187499208,0.012951172212648965,-0.1888016384830892,0.020545769592252294,16.297696927810154,0.317531266514004,0.0014727126273823554,-0.024914875617634724,-0.002737072903225113,-0.01679037406286743,0.01686940949144051,0.012517460544499225,27.187111581713665,-0.06045058788758695,-0.027523904148962483,-0.032926683738624465,2.0794415416798357,4.380471229553223,2023-02-14,-0.005514823141835934
2023-02-14,3,0.8688164219881097,0.1072131348150594,1.0,0.0,0.0,1,2023-02-14,2023-02-14,2023-02-14,4.356313705444336,5.409999847412109,5.510000228881836,5.389999866485596,5.46999979019165,8493300,2023-02-14,4.356313705444336,-0.0055148231418359,0.0036969731996534,0.0,5.46999979019165,5.510000228881836,5.389999866485596,8493300,-0.005514823141835934,-0.0055300859191884655,-0.20359892641025032,0.027546308762444925,15.954788293085503,-0.2902969734445243,0.002222939284469261,-0.0245223007466967,-0.005506319200932586,-0.01824764241465282,0.0164943205614228,0.012162360116297928,25.97950806213902,-0.06527170158496176,-0.035073463636162344,-0.030198237948799417,1.3862943611198906,4.356313705444336,2023-02-15,0.0036969731996536748
2023-02-15,4,-0.4431854132562876,0.3324481293276279,0.0,1.0,0.0,1,2023-02-15,2023-02-15,2023-02-15,4.372418880462647,5.429999828338623,5.460000038146973,5.389999866485596,5.409999847412109,7518100,2023-02-15,4.372418880462647,0.0036969731996534,0.0,-0.0055247612580097,5.409999847412109,5.460000038146973,5.389999866485596,7518100,0.0036969731996536748,0.0036901561906013125,-0.19178946325586166,0.016009484355252398,15.832824137440069,-0.11481991687565496,0.004811280327824408,-0.014697877909223944,-0.0012205462227751207,-0.011992161663842538,0.007721021902476127,0.011818774970756195,28.267094090944127,-0.06702034705483406,-0.04146284031989669,-0.02555750673493737,1.6094379124341003,4.372418880462647,2023-02-16,0.0
2023-02-16,8,0.2017161995754577,0.5286900749447708,0.5,0.375,0.125,1,2023-02-16,2023-02-16,2023-02-16,4.372418880462647,5.429999828338623,5.46999979019165,5.409999847412109,5.440000057220459,13476200,2023-02-16,4.372418880462647,0.0,-0.0055247612580097,0.0037037089837039,5.440000057220459,5.46999979019165,5.409999847412109,13476200,0.0,0.0,-0.19624653778097328,0.013722368423492032,16.41643579880251,0.7925007648208988,0.002584959411151555,-0.008943240637980243,-0.0008140286683889775,-0.009833208894186263,0.006870878635483544,0.011979137888305513,28.26709409094414,-0.06762660379556262,-0.04669559301502988,-0.020931010780532742,2.1972245773362196,4.372418880462647,2023-02-17,-0.005524761258009936
2023-02-17,7,-0.3909110481451665,0.6301789210680503,0.1428571428571428,0.8571428571428571,0.0,1,2023-02-17,2023-02-17,2023-02-17,4.348262310028076,5.400000095367432,5.440000057220459,5.400000095367432,5.440000057220459,19114100,2023-02-17,4.348262310028076,-0.0055247612580097,0.0037037089837039,0.003689932884586,5.440000057220459,5.440000057220459,5.400000095367432,19114100,-0.005524761258009936,-0.005540079196175052,-0.2006870837700323,0.009199068271658402,16.765936892879264,0.4183597750107597,-0.004057440329456763,-0.008992380689841872,-0.00423179688815456,-0.012556100397039027,0.007714337317485925,0.011931269520026223,26.824965979170997,-0.0692579375866913,-0.05120806192936217,-0.01804987565732913,2.0794415416798357,4.348262310028076,2023-02-20,0.0037037089837039794
2023-02-20,9,-0.3705782615062263,0.5589972418047082,0.1111111111111111,0.7777777777777778,0.1111111111111111,2,2023-02-18,2023-02-20,2023-02-20,4.3643670082092285,5.420000076293945,5.429999828338623,5.400000095367432,5.400000095367432,12595400,2023-02-20,4.3643670082092285,0.0037037089837039,0.003689932884586,0.0055147142866163,5.400000095367432,5.429999828338623,5.400000095367432,12595400,0.0037037089837039794,0.003696867141843141,-0.1917839016422713,0.00687378786311117,16.348842305292994,-0.3410414301484245,0.0003692278985809594,-0.000921583955121652,-0.00036257321682342525,-0.007292714017936408,0.004627985805143296,0.012240200794200424,29.410583414852596,-0.06846207859279207,-0.054658865262048155,-0.01380321333074392,2.302585092994046,4.3643670082092285,2023-02-21,0.003689932884586078
2023-02-21,8,0.0882236324250698,0.358637474360497,0.5,0.25,0.25,1,2023-02-21,2023-02-21,2023-02-21,4.380471229553223,5.440000057220459,5.460000038146973,5.420000076293945,5.420000076293945,7625200,2023-02-21,4.380471229553223,0.003689932884586,0.0055147142866163,0.0,5.420000076293945,5.460000038146973,5.420000076293945,7625200,0.003689932884586078,0.003683141782919064,-0.19179498747378715,0.009131428962063303,15.84696924076605,-0.39460437937659776,0.0029498132167808944,0.005359439172585079,0.0022148922712939,-0.0029717081446170024,0.004041284356456918,0.011935779817653225,31.998163504013647,-0.06577368048645216,-0.05688182830692896,-0.0088918521795232,2.1972245773362196,4.380471229553223,2023-02-22,0.005514714286616318
2023-02-22,4,-0.7989185797050596,0.0839079692016867,0.0,1.0,0.0,1,2023-02-22,2023-02-22,2023-02-22,4.404628276824951,5.46999979019165,5.519999980926514,5.440000057220459,5.449999809265137,16480500,2023-02-22,4.404628276824951,0.0055147142866163,0.0,0.0,5.449999809265137,5.519999980926514,5.440000057220459,16480500,0.005514714286616318,0.005499563924209028,-0.19181129706886002,0.018162695845861967,16.61768848246895,1.1613203588102605,0.006995548503364812,0.00959764115592443,0.005147929254941008,0.0020662837060412276,0.004397858309150094,0.005926567100183663,35.79987274564958,-0.06099077015939258,-0.05770361667742169,-0.0032871534819708947,1.6094379124341003,4.404628276824951,2023-02-23,0.0
2023-02-23,10,0.173452290543355,0.7771292440945038,0.6,0.4,0.0,1,2023-02-23,2023-02-23,2023-02-23,4.404628276824951,5.46999979019165,5.46999979019165,5.449999809265137,5.460000038146973,11705000,2023-02-23,4.404628276824951,0.0,0.0,0.0127970943497335,5.460000038146973,5.46999979019165,5.449999809265137,11705000,0.0,0.0,-0.19329153002720417,0.004540673961465492,16.27552674434072,-0.28976669397166344,0.005514670504408015,0.007737657419478738,0.0034260737748221803,0.0016899608615623674,0.004397858309150094,0.00545354570062187,35.79987274564958,-0.05654842423181705,-0.05747257818830076,0.0009241539564837087,2.3978952727983707,4.404628276824951,2023-02-24,0.0
2023-02-24,7,0.0764353651819485,0.562023827803601,0.7142857142857143,0.2857142857142857,0.0,1,2023-02-24,2023-02-24,2023-02-24,4.404628276824951,5.46999979019165,5.489999771118164,5.440000057220459,5.460000038146973,9789700,2023-02-24,4.404628276824951,0.0,0.0127970943497335,0.0126352910794469,5.460000038146973,5.489999771118164,5.440000057220459,9789700,0.0,0.0,-0.19329153002720417,0.011351630774560403,16.096841472671553,-0.16363092695429304,0.002933609376431834,0.005884514383848627,0.002281443718384013,0.0013822705261712365,0.002470830167542264,0.00545354570062187,35.79987274564958,-0.052423527288767424,-0.056462768008394094,0.00403924071962667,2.0794415416798357,4.404628276824951,2023-02-27,0.012797094349733529
2023-02-27,9,0.0043933539547854,0.6462221933220248,0.3333333333333333,0.5555555555555556,0.1111111111111111,1,2023-02-27,2023-02-27,2023-02-27,4.460994720458984,5.539999961853027,5.570000171661377,5.480000019073486,5.480000019073486,14955800,2023-02-27,4.460994720458984,0.0127970943497335,0.0126352910794469,0.0017827451298304,5.480000019073486,5.570000171661377,5.480000019073486,14955800,0.012797094349733529,0.012715903475670975,-0.18594987136273533,0.020174906770261916,16.52060980929391,0.5277076927791455,0.011318016398483621,0.016886945628194372,0.010021355952677835,0.011585864999993145,0.005267304247927176,0.0053995395661555,44.794291090095975,-0.04409788287211036,-0.053989790981137355,0.009891908109026994,2.302585092994046,4.460994720458984,2023-02-28,0.012635291079446942
2023-02-28,10,-0.2334294269792735,0.7343061171417629,0.3,0.6,0.1,1,2023-02-28,2023-02-28,2023-02-28,4.517360687255859,5.610000133514404,5.619999885559082,5.5,5.519999980926514,24358600,2023-02-28,4.517360687255859,0.0126352910794469,0.0017827451298304,-0.0071174474718405,5.519999980926514,5.619999885559082,5.5,24358600,0.012635291079446942,0.01255613189129745,-0.18163755382882532,0.026564158557809962,17.008395568943328,0.6287059201112613,0.0177793315976551,0.02596919575138612,0.015074365409759372,0.019849142896900984,0.006369530633364001,0.005696318141569963,52.03154680981625,-0.032575971714327245,-0.04970702712777533,0.017131055413448087,2.3978952727983707,4.517360687255859,2023-03-01,0.0017827451298304542
2023-03-01,4,-0.1458306943532079,0.6701342575996658,0.25,0.5,0.25,1,2023-03-01,2023-03-01,2023-03-01,4.525413990020752,5.619999885559082,5.639999866485596,5.550000190734863,5.610000133514404,11177300,2023-03-01,4.525413990020752,0.0017827451298304,-0.0071174474718405,0.001792117167765,5.610000133514404,5.639999866485596,5.550000190734863,11177300,0.0017827451298304542,0.001781157925838217,-0.19333085876670195,0.01988761159734686,16.229395583308435,-0.5411353690277767,0.014074469298896775,0.02423923306349507,0.011192995407860451,0.017658205052000886,0.0066794782428619675,0.005726695090040825,52.979996574482016,-0.022535168487363144,-0.0442726553996929,0.021737486912329754,1.6094379124341003,4.525413990020752,2023-03-02,-0.00711744747184051
2023-03-02,1,0.4561668485403061,0.0,1.0,0.0,0.0,1,2023-03-02,2023-03-02,2023-03-02,4.493204593658447,5.579999923706055,5.599999904632568,5.550000190734863,5.579999923706055,8771800,2023-03-02,4.493204593658447,-0.0071174474718405,0.001792117167765,0.0,5.579999923706055,5.599999904632568,5.550000190734863,8771800,-0.00711744747184051,-0.0071428973316889355,-0.19476619084356425,0.011127851593553726,15.987052702444075,-0.21521297630017988,0.002875718410760175,0.014176759275271067,0.0026603780668215116,0.00850531990807668,0.008609138604939077,0.006582793266933436,48.82214733378616,-0.0169810418115226,-0.03881433268205884,0.02183329087053624,0.6931471805599453,4.493204593658447,2023-03-03,0.0017921171677650616
2023-03-03,1,-0.3543674498796463,0.0,0.0,1.0,0.0,1,2023-03-03,2023-03-03,2023-03-03,4.501256942749023,5.590000152587891,5.630000114440918,5.579999923706055,5.610000133514404,6808500,2023-03-03,4.501256942749023,0.001792117167765,0.0,-0.0071556449169581,5.610000133514404,5.630000114440918,5.579999923706055,6808500,0.0017921171677650616,0.001790513241789915,-0.19763692769661395,0.01110805078910403,15.733682536421986,-0.2238195125287854,0.0003579739058428011,0.012497829362760893,0.0029671002472009267,0.008421855695640579,0.008435512078016962,0.0059359366643916564,49.881115489875526,-0.011793649282638263,-0.03341019600217473,0.021616546719536466,0.6931471805599453,4.501256942749023,2023-03-06,0.0
2023-03-06,4,0.4609461217187345,0.3480076087755545,0.75,0.0,0.25,1,2023-03-06,2023-03-06,2023-03-06,4.501256942749023,5.590000152587891,5.639999866485596,5.559999942779541,5.590000152587891,6502600,2023-03-06,4.501256942749023,0.0,-0.0071556449169581,0.0036035019043407,5.590000152587891,5.639999866485596,5.559999942779541,6502600,0.0,0.0,-0.194766221846136,0.01777279651518779,15.68771280867182,-0.04492913270176979,-0.0014290415275074464,0.009389759966922151,0.0019761123902801714,0.006880074116182078,0.007073949448186532,0.006035131770592635,49.881115489875526,-0.0075950522952492605,-0.028247167260789637,0.020652114965540376,1.6094379124341003,4.501256942749023,2023-03-07,-0.007155644916958193
2023-03-07,5,0.0764530884101986,0.9398768726841764,0.6,0.4,0.0,1,2023-03-07,2023-03-07,2023-03-07,4.469047546386719,5.550000190734863,5.599999904632568,5.519999980926514,5.559999942779541,7418800,2023-03-07,4.469047546386719,-0.0071556449169581,0.0036035019043407,-0.0125673436603801,5.559999942779541,5.599999904632568,5.519999980926514,7418800,-0.007155644916958193,-0.0071813693340334606,-0.19621446180221291,0.0179008889199972,15.819528011789949,0.14089748715898254,-0.006444692018030329,0.00018027694264954874,-0.0034684532607239804,-0.0002657629231027636,0.004619544117552783,0.0068400599643805545,45.51234332900609,-0.006788410464569239,-0.02395541590154556,0.017167005436976322,1.791759469228055,4.469047546386719,2023-03-08,0.003603501904340778
2023-03-08,3,-0.2572466085354488,0.9947704264224572,0.3333333333333333,0.6666666666666666,0.0,1,2023-03-08,2023-03-08,2023-03-08,4.485151767730713,5.570000171661377,5.599999904632568,5.539999961853027,5.550000190734863,8212000,2023-03-08,4.485151767730713,0.0036035019043407,-0.0125673436603801,-0.0127272919117004,5.550000190734863,5.599999904632568,5.539999961853027,8212000,0.003603501904340778,0.003597024846749397,-0.1918645741277274,0.01337746098386729,15.921107178893969,0.10691756079150272,-0.001076126640766617,0.0019787334173766435,8.169670647872884e-05,0.0027284384846635312,0.00505708206656432,0.006757922428545772,47.96620765629386,-0.004794398091557461,-0.020123212339547943,0.015328814247990482,1.3862943611198906,4.485151767730713,2023-03-09,-0.012567343660380148
2023-03-09,4,0.0017544855363667,0.8120484189021131,0.25,0.5,0.25,1,2023-03-09,2023-03-09,2023-03-09,4.42878532409668,5.5,5.599999904632568,5.480000019073486,5.570000171661377,7843500,2023-03-09,4.42878532409668,-0.0125673436603801,-0.0127272919117004,0.0056604265364337,5.570000171661377,5.599999904632568,5.480000019073486,7843500,-0.012567343660380148,-0.01264698064409786,-0.20488596272777213,0.027095439669692703,15.875195848772528,-0.0448733560642961,-0.010791446211165234,-0.011147128126996364,-0.00835924215260575,-0.00809259537572471,0.006787554555680926,0.008159936560623218,41.005407912499585,-0.007673969108106249,-0.017633363693259605,0.009959394585153356,1.6094379124341003,4.42878532409668,2023-03-10,-0.01272729191170019
2023-03-10,10,-0.6141550347208977,0.417375485926629,0.1,0.8,0.1,1,2023-03-10,2023-03-10,2023-03-10,4.372418880462647,5.429999828338623,5.53000020980835,5.420000076293945,5.5,11699000,2023-03-10,4.372418880462647,-0.0127272919117004,0.0056604265364337,-0.0300186595913412,5.5,5.53000020980835,5.420000076293945,11699000,-0.01272729191170019,-0.01280897772432188,-0.2050147490067914,0.025157729970913752,16.275014011507125,0.49155351564990113,-0.017727999211579304,-0.02302994284652482,-0.014085266000385288,-0.017014270886029692,0.007377046144850055,0.00918776202106488,35.46316085256176,-0.014339059065004989,-0.01697450276760868,0.0026354437026036917,2.3978952727983707,4.372418880462647,2023-03-13,0.005660426536433505
2023-03-13,5,-0.6121018808335066,0.659138236102558,0.2,0.8,0.0,1,2023-03-13,2023-03-13,2023-03-13,4.3971686363220215,5.329999923706055,5.380000114440918,5.110000133514404,5.28000020980835,10023600,2023-03-13,4.3971686363220215,0.0056604265364337,-0.0300186595913412,0.0116052913044835,5.28000020980835,5.380000114440918,5.110000133514404,10023600,0.005660426536433505,0.005644466520819957,-0.16720294287987778,0.06140314444532041,16.120452970296547,-0.14320882126677492,-0.0075263934238466446,-0.016096706202876065,-0.005685830562627392,-0.009387850550800936,0.008783928656202967,0.008252854132341607,39.340036390464974,-0.017423248061655627,-0.017064251826418072,-0.00035899623523755544,1.791759469228055,4.3971686363220215,2023-03-14,-0.0300186595913412
2023-03-14,13,-0.4927557402182944,0.6966385189183602,0.2307692307692307,0.7692307692307693,0.0,1,2023-03-14,2023-03-14,2023-03-14,4.265171527862549,5.170000076293945,5.329999923706055,5.170000076293945,5.309999942779541,18779400,2023-03-14,4.265171527862549,-0.0300186595913412,0.0116052913044835,-0.0152964258570933,5.309999942779541,5.329999923706055,5.170000076293945,18779400,-0.0300186595913412,-0.03047844436184044,-0.19676618195405715,0.03751310969955101,16.74827113560206,0.8735184963486173,-0.028377015804908146,-0.040216158196680785,-0.02397315864245253,-0.032240462901079514,0.014508263414190248,0.010813005886491475,29.248523196822063,-0.030170763784441057,-0.01968555421802267,-0.010485209566418387,2.6390573296152584,4.265171527862549,2023-03-15,0.011605291304483512
2023-03-15,12,0.5379510507530844,0.4439742263518093,0.75,0.0833333333333333,0.1666666666666666,1,2023-03-15,2023-03-15,2023-03-15,4.314670085906982,5.230000019073486,5.25,5.179999828338623,5.199999809265137,19090100,2023-03-15,4.314670085906982,0.0116052913044835,-0.0152964258570933,0.0135923140783125,5.199999809265137,5.25,5.179999828338623,19090100,0.011605291304483512,0.011538466429178218,-0.17025572227535696,0.016223759932426512,16.764680486416065,0.016544724538590128,-0.009406832940439425,-0.02445121088977753,-0.008466410862675966,-0.01725536649773496,0.01656986418591321,0.011951882275939678,35.889937160208675,-0.035865704363882145,-0.022921584247194565,-0.01294412011668758,2.5649493574615367,4.314670085906982,2023-03-16,-0.015296425857093343
2023-03-16,8,-0.7170376018621027,0.4260769313819623,0.125,0.875,0.0,1,2023-03-16,2023-03-16,2023-03-16,4.248671054840088,5.150000095367432,5.179999828338623,5.110000133514404,5.170000076293945,10812500,2023-03-16,4.248671054840088,-0.0152964258570933,0.0135923140783125,-0.0134100405947459,5.170000076293945,5.179999828338623,5.110000133514404,10812500,-0.015296425857093343,-0.015414623058003674,-0.17820677134579493,0.016475668255012368,16.196213522707815,-0.43360694810399103,-0.016424820153105202,-0.03403287144841205,-0.01588065821260476,-0.026573328491823034,0.016817108473181734,0.012407437873240088,31.626967088296496,-0.04518370639170133,-0.02737400867609592,-0.017809697715605408,2.1972245773362196,4.248671054840088,2023-03-17,0.013592314078312517
2023-03-17,7,0.6353213098565382,0.2232262357941164,1.0,0.0,0.0,1,2023-03-17,2023-03-17,2023-03-17,4.30642032623291,5.21999979019165,5.25,5.170000076293945,5.179999828338623,16934900,2023-03-17,4.30642032623291,0.0135923140783125,-0.0134100405947459,0.0077671328150978,5.179999828338623,5.25,5.170000076293945,16934900,0.013592314078312517,0.013500767200376407,-0.1686446971149602,0.018576896272462916,16.64488719833561,0.5662335260115607,0.0,-0.016546684483319418,-0.001670860741607605,-0.010942897434494392,0.019005088168388546,0.013675457185789051,38.50939946854207,-0.047362441813592504,-0.03137169530359524,-0.015990746509997267,2.0794415416798357,4.30642032623291,2023-03-20,-0.013410040594745931
2023-03-20,6,-0.6226312558477124,0.1939286946489018,0.0,1.0,0.0,1,2023-03-20,2023-03-20,2023-03-20,4.248671054840088,5.150000095367432,5.21999979019165,5.130000114440918,5.210000038146973,8224100,2023-03-20,4.248671054840088,-0.0134100405947459,0.0077671328150978,0.001926650306844,5.210000038146973,5.21999979019165,5.130000114440918,8224100,-0.013410040594745931,-0.013500767200376407,-0.18451611828563405,0.021183018075311987,15.922579547730075,-0.5143697335089077,-0.006558706154319083,-0.02410560016448282,-0.01008964162338688,-0.0198926171862448,0.018771951259485657,0.01385988697937527,34.74313513762647,-0.05313646481292267,-0.03572464920546073,-0.01741181560746194,1.9459101490553132,4.248671054840088,2023-03-21,0.007767132815097888
2023-03-21,10,0.5488028297200799,0.5473242570226091,0.9,0.1,0.0,1,2023-03-21,2023-03-21,2023-03-21,4.281671047210693,5.190000057220459,5.25,5.179999828338623,5.179999828338623,3416300,2023-03-21,4.281671047210693,0.0077671328150978,0.001926650306844,0.0019230566162939,5.179999828338623,5.25,5.179999828338623,3416300,0.007767132815097888,0.007737123927528788,-0.17342255036638676,0.016348797207804827,15.044068944762818,-0.5845989226784694,0.0003855900508185073,-0.012274601304147703,-0.0016018662241581438,-0.010069749968683372,0.014052983647026899,0.014472157466230377,38.44772532233975,-0.05442225022371172,-0.03946416940911093,-0.014958080814600788,2.3978952727983707,4.281671047210693,2023-03-22,0.0019266503068440244
2023-03-22,7,0.4858707921313388,0.5500931386714372,0.8571428571428571,0.1428571428571428,0.0,1,2023-03-22,2023-03-22,2023-03-22,4.289920330047607,5.199999809265137,5.25,5.179999828338623,5.210000038146973,13500600,2023-03-22,4.289920330047607,0.001926650306844,0.0019230566162939,-0.0038386201957062,5.210000038146973,5.25,5.179999828338623,13500600,0.0019266503068440244,0.0019247966965989516,-0.17659879104849444,0.01631735936238241,16.418244760936258,2.9518192196235695,0.0034735255245645913,-0.005894413314040059,0.00021444223588718003,-0.006688335638636134,0.012813324000481954,0.014381392897205181,39.374252391036734,-0.054151372923537444,-0.04240161011199624,-0.011749762811541206,2.0794415416798357,4.289920330047607,2023-03-23,0.0019230566162939944
2023-03-23,7,-0.5477552674710751,0.3137652749845911,0.0,0.8571428571428571,0.1428571428571428,1,2023-03-23,2023-03-23,2023-03-23,4.29817008972168,5.210000038146973,5.21999979019165,5.150000095367432,5.190000057220459,9582800,2023-03-23,4.29817008972168,0.0019230566162939,-0.0038386201957062,-0.0057805077558811,5.190000057220459,5.21999979019165,5.150000095367432,9582800,0.0019230566162939944,0.0019212099100873736,-0.1718362153499484,0.016285929445093564,16.075480487170598,-0.29019450987363526,0.003080422583225273,-0.0009588401846427619,0.0014242591779274338,-0.00391278739402634,0.010055780135247442,0.014189810875101475,40.34140895496023,-0.05266393696879046,-0.04445407548335508,-0.008209861485435378,2.0794415416798357,4.29817008972168,2023-03-24,-0.003838620195706244
2023-03-24,10,-0.2028912886045873,0.7752587228306541,0.3,0.6,0.1,1,2023-03-24,2023-03-24,2023-03-24,4.281671047210693,5.190000057220459,5.25,5.170000076293945,5.230000019073486,11183500,2023-03-24,4.281671047210693,-0.0038386201957062,-0.0057805077558811,0.0096899324664152,5.230000019073486,5.25,5.170000076293945,11183500,-0.003838620195706244,-0.003846006606686325,-0.1813248505553147,0.018684276027737083,16.2299501251499,0.16703886129315015,0.0003855900508185073,-0.0026901652861720526,-0.0016145210931099996,-0.006338688005761095,0.007999362355970709,0.013778087153111655,39.00135734150602,-0.05221457102826843,-0.04600617459233775,-0.006208396435930678,2.3978952727983707,4.281671047210693,2023-03-27,-0.005780507755881126
2023-03-27,6,-0.3089873812471826,0.7787994790812772,0.3333333333333333,0.6666666666666666,0.0,1,2023-03-27,2023-03-27,2023-03-27,4.25692081451416,5.159999847412109,5.190000057220459,5.139999866485596,5.179999828338623,7911100,2023-03-27,4.25692081451416,-0.0057805077558811,0.0096899324664152,0.0191938775555484,5.179999828338623,5.190000057220459,5.139999866485596,7911100,-0.005780507755881126,-0.005797279555080026,-0.17820058772483033,0.011745623870753107,15.883777520955281,-0.2926096481423526,-0.005780419177223939,-0.0052053994930915115,-0.004935949205120527,-0.00990749181511319,0.00536399069648446,0.013543503629922361,37.0150170770767,-0.05324184338652049,-0.047453308351174305,-0.005788535035346189,1.9459101490553132,4.25692081451416,2023-03-28,0.009689932466415252
2023-03-28,5,0.3222391758114099,0.6037847618534755,0.6,0.2,0.2,1,2023-03-28,2023-03-28,2023-03-28,4.29817008972168,5.210000038146973,5.21999979019165,5.159999847412109,5.199999809265137,5674800,2023-03-28,4.29817008972168,0.0096899324664152,0.0191938775555484,0.0075330948495515,5.199999809265137,5.21999979019165,5.159999847412109,5674800,0.009689932466415252,0.009643286161766351,-0.173428798581226,0.013959415641326144,15.551546054637615,-0.2826787678072582,0.003080444908047264,0.0036601311905357647,0.003132522120466108,-0.00025656557965947346,0.006049382453888659,0.010199874280437962,42.29028556846295,-0.050149401275873196,-0.04799252693611408,-0.002156874339759113,1.791759469228055,4.29817008972168,2023-03-29,0.019193877555548466
2023-03-29,6,0.5948346978984773,0.2472135257494759,0.8333333333333334,0.0,0.1666666666666666,1,2023-03-29,2023-03-29,2023-03-29,4.380668640136719,5.309999942779541,5.340000152587891,5.21999979019165,5.230000019073486,7074500,2023-03-29,4.380668640136719,0.0191938775555484,0.0075330948495515,-0.0074767716197712,5.230000019073486,5.340000152587891,5.21999979019165,7074500,0.019193877555548466,0.019011998709740796,-0.1623960565658334,0.02739316123953513,15.77200746897088,0.24665186438288567,0.01802145917848219,0.02135023381232526,0.01481380673017152,0.015436997178514433,0.010300037552872171,0.011313155188800729,51.10978916575309,-0.04057396367714716,-0.0465088142843207,0.005934850607173539,1.9459101490553132,4.380668640136719,2023-03-30,0.007533094849551558
2023-03-30,4,0.1447266165632754,0.5631046398103732,0.5,0.25,0.25,1,2023-03-30,2023-03-30,2023-03-30,4.413668632507324,5.349999904632568,5.380000114440918,5.230000019073486,5.28000020980835,12464800,2023-03-30,4.413668632507324,0.0075330948495515,-0.0074767716197712,-0.0018831104369164,5.28000020980835,5.380000114440918,5.230000019073486,12464800,0.007533094849551558,0.007504862785108424,-0.16407794372653461,0.03398535500890545,16.338419310111195,0.7619337055622306,0.02021367171017774,0.025100693421407527,0.014861077778339782,0.018809901676142937,0.010290436703391857,0.009721357918251454,54.12960137031832,-0.029976980826051047,-0.04320244759266677,0.01322546676661572,1.6094379124341003,4.413668632507324,2023-03-31,-0.0074767716197712275
2023-03-31,4,-0.1617861371487379,0.6960091222554651,0.5,0.5,0.0,1,2023-03-31,2023-03-31,2023-03-31,4.380668640136719,5.309999942779541,5.389999866485596,5.28000020980835,5.369999885559082,8557300,2023-03-31,4.380668640136719,-0.0074767716197712,-0.0018831104369164,0.0056603168634539,5.369999885559082,5.389999866485596,5.28000020980835,8557300,-0.0074767716197712275,-0.007504862785108424,-0.18423301052256202,0.025110243598295317,15.962295394660933,-0.3134827674732046,0.007972646653434445,0.015684740837389466,0.004837068537878908,0.009138896399395469,0.011192519577620907,0.009660595276248565,50.753549360710096,-0.0239653613930626,-0.03935503035274594,0.015389668959683342,1.6094379124341003,4.380668640136719,2023-04-03,-0.0018831104369164686
2023-04-03,8,0.5830570484395139,0.2838547260509224,0.875,0.0,0.125,1,2023-04-03,2023-04-03,2023-04-03,4.372419357299805,5.300000190734863,5.340000152587891,5.269999980926514,5.309999942779541,3041000,2023-04-03,4.372419357299805,-0.0018831104369164,0.0056603168634539,-0.0037524137803147,5.309999942779541,5.340000152587891,5.269999980926514,3041000,-0.0018831104369164686,-0.0018848857184261547,-0.1765688503922951,0.016009482609327226,14.927697295498644,-0.6446308999333902,0.0007553663072574768,0.010871721513275645,0.0019613076592701617,0.005914687260928364,0.010393254626016287,0.00823249292993876,49.91544844531987,-0.01964035606482728,-0.035412095495162214,0.015771739430334934,2.1972245773362196,4.372419357299805,2023-04-04,0.005660316863453918
2023-04-04,5,-0.2346822323277592,0.6235902882427562,0.2,0.6,0.2,1,2023-04-04,2023-04-04,2023-04-04,4.3971686363220215,5.329999923706055,5.349999904632568,5.28000020980835,5.300000190734863,3720200,2023-04-04,4.3971686363220215,0.0056603168634539,-0.0037524137803147,-0.0094159875858393,5.300000190734863,5.349999904632568,5.28000020980835,3720200,0.005660316863453918,0.0056443574651361406,-0.1703455701739628,0.015919265466873125,15.129288257047705,0.2233475830318974,0.0018797010044229179,0.013886275645456081,0.005075570616844827,0.009477845575902144,0.010131480183270931,0.008120447591120277,52.45227446738013,-0.014053695944753919,-0.031140415585080558,0.01708671964032664,1.791759469228055,4.3971686363220215,2023-04-05,-0.0037524137803147672
2023-04-05,5,-0.5105102878063917,0.3728534712074721,0.0,0.8,0.2,1,2023-04-05,2023-04-05,2023-04-05,4.380668640136719,5.309999942779541,5.340000152587891,5.28000020980835,5.340000152587891,1957300,2023-04-05,4.380668640136719,-0.0037524137803147,-0.0094159875858393,-0.0190116416553778,5.340000152587891,5.340000152587891,5.28000020980835,1957300,-0.0037524137803147672,-0.003759471746709986,-0.17965009083122538,0.013696526194610429,14.487077041398368,-0.4738723724530939,-0.0018797661918437125,0.007972624534858141,0.0008690296931521679,0.004650534647994586,0.006370129845625388,0.008374738894835242,50.61173925104774,-0.010832765962955904,-0.027078885660655628,0.016246119697699724,1.791759469228055,4.380668640136719,2023-04-06,-0.009415987585839392
2023-04-06,7,-0.3646072245069912,0.6654941159966523,0.2857142857142857,0.7142857142857143,0.0,1,2023-04-06,2023-04-06,2023-04-06,4.339420318603516,5.260000228881836,5.340000152587891,5.21999979019165,5.329999923706055,6147000,2023-04-06,4.339420318603516,-0.0094159875858393,-0.0190116416553778,0.0038758161661669,5.329999923706055,5.340000152587891,5.21999979019165,6147000,-0.009415987585839392,-0.009460598253453911,-0.18584983476205558,0.0276535466918904,15.631474878570115,2.1405507586982067,-0.007921411152305824,-0.0024652429593166048,-0.005719738165184007,-0.003938278281666707,0.005859248629137371,0.009138230095704723,46.24321319556462,-0.011476259393393917,-0.023958360407203286,0.01248210101380937,2.0794415416798357,4.339420318603516,2023-04-07,-0.01901164165537783
2023-04-07,10,-0.0162711867596954,0.4359970365090199,0.2,0.4,0.4,1,2023-04-07,2023-04-07,2023-04-07,4.25692081451416,5.159999847412109,5.25,5.159999847412109,5.25,6914500,2023-04-07,4.25692081451416,-0.0190116416553778,0.0038758161661669,0.0077222623359869,5.25,5.25,5.159999847412109,6914500,-0.01901164165537783,-0.019194686618053236,-0.18915794009254092,0.02114207816152725,15.749131358510457,0.12485765414023109,-0.021244412540204927,-0.020872940029976972,-0.016550934697826092,-0.018794113971629,0.009198165801014452,0.01108243727746558,38.993713932886884,-0.018430794351509405,-0.02285284719606451,0.004422052844555106,2.3978952727983707,4.25692081451416,2023-04-10,0.0038758161661669455
2023-04-10,9,0.0690258867107332,0.4745220734529487,0.4444444444444444,0.3333333333333333,0.2222222222222222,1,2023-04-10,2023-04-10,2023-04-10,4.2734198570251465,5.179999828338623,5.210000038146973,5.159999847412109,5.170000076293945,5560300,2023-04-10,4.2734198570251465,0.0038758161661669,0.0077222623359869,0.0038313768973354,5.170000076293945,5.210000038146973,5.159999847412109,5560300,0.0038758161661669455,0.0038683245418897894,-0.17341976905955908,0.011700275752841634,15.531162801452075,-0.1958493021910478,-0.012957510483211032,-0.017450892722938094,-0.008529062609648363,-0.012299001376113505,0.01010811253192383,0.010993902324586694,40.98624607163655,-0.022353303598712237,-0.022752938476594056,0.00039963487788181873,2.302585092994046,4.2734198570251465,2023-04-11,0.00772226233598694
2023-04-11,6,0.3564270945886771,0.3988551966945074,0.8333333333333334,0.1666666666666666,0.0,1,2023-04-11,2023-04-11,2023-04-11,4.30642032623291,5.21999979019165,5.28000020980835,5.179999828338623,5.179999828338623,8097300,2023-04-11,4.30642032623291,0.0077222623359869,0.0038313768973354,-0.0076336172569055,5.179999828338623,5.28000020980835,5.179999828338623,8097300,0.00772226233598694,0.007692598286037855,-0.1686446971149602,0.02322123106761458,15.907041354239379,0.456270345125263,-0.0011480492464263081,-0.010051174438342803,-0.0005819452359482336,-0.003825561842498826,0.01065499628897414,0.010826310938160704,44.86509975859278,-0.022539240039649577,-0.02271019878920516,0.0001709587495555831,1.9459101490553132,4.30642032623291,2023-04-12,0.003831376897335481
2023-04-12,6,-0.511014853293697,0.3686859845493708,0.1666666666666666,0.8333333333333334,0.0,1,2023-04-12,2023-04-12,2023-04-12,4.322919845581055,5.239999771118164,5.269999980926514,5.170000076293945,5.25,9447200,2023-04-12,4.322919845581055,0.0038313768973354,-0.0076336172569055,0.005769281001799,5.25,5.269999980926514,5.170000076293945,9447200,0.003831376897335481,0.0038240558666642332,-0.1765866960797991,0.02313249104879647,16.061229065120674,0.16670989095130473,0.005372227660980666,-0.004937347346060439,0.0021624606910024546,-7.234468888062118e-06,0.011243304357198364,0.008724604864831204,46.74965320412768,-0.021111858328398014,-0.022390530697043734,0.0012786723686457196,1.9459101490553132,4.322919845581055,2023-04-13,-0.007633617256905589
2023-04-13,7,-0.263798906467855,0.5675810409276704,0.1428571428571428,0.7142857142857143,0.1428571428571428,1,2023-04-13,2023-04-13,2023-04-13,4.289920330047607,5.199999809265137,5.260000228881836,5.199999809265137,5.25,12037600,2023-04-13,4.289920330047607,-0.0076336172569055,0.005769281001799,0.0057362978405637,5.25,5.260000228881836,5.199999809265137,12037600,-0.007633617256905589,-0.0076629024429129,-0.18287231808617002,0.013986371540851753,16.30354572549984,0.2741976458633246,2.2230583818227956e-08,-0.009712464969019452,-0.0036651470071511483,-0.006260257746965037,0.010998755800533338,0.008329388328494771,43.54389959555896,-0.02238538833132875,-0.022389502223900737,4.1138925719885755e-06,2.0794415416798357,4.289920330047607,2023-04-14,0.005769281001799076
2023-04-14,5,0.3343707490712404,0.330759790565875,0.6,0.2,0.2,1,2023-04-14,2023-04-14,2023-04-14,4.314670085906982,5.230000019073486,5.25,5.199999809265137,5.21999979019165,6578400,2023-04-14,4.314670085906982,0.005769281001799,0.0057362978405637,-0.0019014498665117,5.21999979019165,5.25,5.199999809265137,6578400,0.005769281001799076,0.005752702433875934,-0.1734348162208315,0.011588415739636508,15.69930226465146,-0.4535123280388117,0.003068717595438919,-0.002479481227361413,0.0013876956363092496,-0.000431300004772428,0.0060018530407605275,0.00855469271477219,46.50667918509525,-0.021153724608872437,-0.02214234670089508,0.000988622092022641,1.791759469228055,4.314670085906982,2023-04-17,0.005736297840563731
2023-04-17,5,-0.7075839577242732,0.2237960364114443,0.0,1.0,0.0,1,2023-04-17,2023-04-17,2023-04-17,4.339420318603516,5.260000228881836,5.269999980926514,5.21999979019165,5.21999979019165,5654700,2023-04-17,4.339420318603516,0.0057362978405637,-0.0019014498665117,-0.0057141158544641,5.21999979019165,5.269999980926514,5.21999979019165,5654700,0.005736297840563731,0.005719907932498325,-0.1686933921420339,0.011522320278703499,15.547997792571284,-0.14041408245165998,0.0057362756107099955,0.004008565669581854,0.004743359335163566,0.004334249909836219,0.006147861030664935,0.00884941493469827,49.36824974055752,-0.0179733002851874,-0.021308537417753542,0.0033352371325661434,1.791759469228055,4.339420318603516,2023-04-18,-0.0019014498665117507
2023-04-18,4,-0.7958050770685077,0.1387522299528147,0.0,1.0,0.0,1,2023-04-18,2023-04-18,2023-04-18,4.331169128417969,5.25,5.269999980926514,5.21999979019165,5.260000228881836,2452700,2023-04-18,4.331169128417969,-0.0019014498665117,-0.0057141158544641,-0.0057470653460031,5.260000228881836,5.269999980926514,5.21999979019165,2452700,-0.0019014498665117507,-0.0019032599171535658,-0.17658385171996788,0.011544271131505473,14.712700424249892,-0.5662546200505774,0.002673658067697371,0.003632065854012101,0.0018868117622623526,0.001982855732685085,0.0058314750886771785,0.008561872595927599,48.43797154613826,-0.015934905513224074,-0.02023381103684765,0.004298905523623577,1.6094379124341003,4.331169128417969,2023-04-19,-0.00571411585446413
2023-04-19,5,-0.4908569864928722,0.5838676538327457,0.2,0.8,0.0,1,2023-04-19,2023-04-19,2023-04-19,4.30642032623291,5.21999979019165,5.239999771118164,5.190000057220459,5.21999979019165,7006500,2023-04-19,4.30642032623291,-0.0057141158544641,-0.0057470653460031,-0.0057805077558811,5.21999979019165,5.239999771118164,5.190000057220459,7006500,-0.00571411585446413,-0.005730503872972026,-0.17501523001501854,0.011610504806771357,15.762348990317012,1.8566477759204143,-0.0022935536573039927,-0.0003829577587929345,-0.0025620014290287374,-0.0030642045115576444,0.006283421556498974,0.008641873660946165,45.658820993583234,-0.016130541629574502,-0.01941315715539302,0.00328261552581852,1.791759469228055,4.30642032623291,2023-04-20,-0.005747065346003111
2023-04-20,9,0.0217171372431847,0.6074001601696375,0.5555555555555556,0.3333333333333333,0.1111111111111111,1,2023-04-20,2023-04-20,2023-04-20,4.281671047210693,5.190000057220459,5.21999979019165,5.179999828338623,5.210000038146973,10528900,2023-04-20,4.281671047210693,-0.0057470653460031,-0.0057805077558811,-0.0213177170086285,5.210000038146973,5.21999979019165,5.179999828338623,10528900,-0.005747065346003111,-0.005763643272847618,-0.17818214666778692,0.009342138013868542,16.169634510192356,0.5027331763362592,-0.007648124347241159,-0.004793757696673229,-0.005544892269331858,-0.007206334288040628,0.0058050706129363985,0.008349614219239724,43.00173761817568,-0.01807429541333505,-0.019145384806981428,0.0010710893936463767,2.302585092994046,4.281671047210693,2023-04-25,-0.005780507755881126
2023-04-25,11,-0.0988635379313068,0.6629110331233123,0.4545454545454545,0.5454545454545454,0.0,2,2023-04-24,2023-04-25,2023-04-25,4.25692081451416,5.159999847412109,5.179999828338623,5.130000114440918,5.150000095367432,9811700,2023-04-25,4.25692081451416,-0.0057805077558811,-0.0213177170086285,0.0039604683385718,5.150000095367432,5.179999828338623,5.130000114440918,9811700,-0.005780507755881126,-0.005797279555080026,-0.17341344938160702,0.011745511856182252,16.099086211005872,-0.06811727720844529,-0.010736281807379289,-0.010546555099008925,-0.0075573477402850475,-0.010616503379191178,0.00499164545743353,0.0059301838128709575,40.46562706151294,-0.021365582092490953,-0.019589424264083333,-0.0017761578284076207,2.4849066497880004,4.25692081451416,2023-04-26,-0.0213177170086285
2023-04-26,8,-0.7495340832974762,0.480857924721587,0.125,0.875,0.0,1,2023-04-26,2023-04-26,2023-04-26,4.166172981262207,5.050000190734863,5.150000095367432,5.03000020980835,5.150000095367432,12020400,2023-04-26,4.166172981262207,-0.0213177170086285,0.0039604683385718,-0.0019725934570729,5.150000095367432,5.150000095367432,5.03000020980835,12020400,-0.0213177170086285,-0.021548221308095306,-0.1910343875508283,0.028803385288799555,16.30211584757976,0.22510879867912803,-0.023965931039928057,-0.029219498675994382,-0.019327630497771975,-0.026093257435790385,0.007578564328697009,0.008776565601636747,32.82215146303609,-0.030939886478396517,-0.021859516706945973,-0.009080369771450544,2.1972245773362196,4.166172981262207,2023-04-27,0.0039604683385718875
2023-04-27,5,0.6942637286614627,0.2271343221710668,1.0,0.0,0.0,1,2023-04-27,2023-04-27,2023-04-27,4.18267297744751,5.070000171661377,5.130000114440918,5.03000020980835,5.059999942779541,11806600,2023-04-27,4.18267297744751,0.0039604683385718,-0.0019725934570729,0.0059290199051951,5.059999942779541,5.130000114440918,5.03000020980835,11806600,0.0039604683385718875,0.003952646329585807,-0.1733847777180213,0.02390813366757485,16.28416933980591,-0.017786429736115217,-0.013234648334854326,-0.0225562963025695,-0.010349081819961858,-0.018267050234937687,0.009080297640370836,0.008360318334579247,35.218169521134584,-0.03677229179754704,-0.024842071725066188,-0.011930220072480853,1.791759469228055,4.18267297744751,2023-04-28,-0.001972593457072902
2023-04-28,9,0.1599024213436576,0.6788880371987762,0.5555555555555556,0.4444444444444444,0.0,1,2023-04-28,2023-04-28,2023-04-28,4.174422264099121,5.059999942779541,5.119999885559082,5.050000190734863,5.090000152587891,4936600,2023-04-28,4.174422264099121,-0.0019725934570729,0.0059290199051951,-0.0039292311427394,5.090000152587891,5.119999885559082,5.050000190734863,4936600,-0.001972593457072902,-0.00197454158187349,-0.17987777230679758,0.016768714422168148,15.412187595664308,-0.5818779326817204,-0.009009117109149534,-0.02108735142455509,-0.008234605841833664,-0.01659117229186924,0.009354524412704845,0.008037895861892394,34.5544863941479,-0.04158095923153837,-0.028189849226360628,-0.013391110005177745,2.302585092994046,4.174422264099121,2023-05-02,0.005929019905195121
2023-05-02,10,0.4125473719555884,0.6037610356458718,0.7,0.1,0.2,1,2023-05-02,2023-05-02,2023-05-02,4.199172496795654,5.090000152587891,5.110000133514404,5.03000020980835,5.059999942779541,12502400,2023-05-02,4.199172496795654,0.0059290199051951,-0.0039292311427394,0.0118343067097248,5.059999942779541,5.110000133514404,5.03000020980835,12502400,0.005929019905195121,0.005911512434023436,-0.17012400310641507,0.019051354467362752,16.341431263827527,1.5325932828262365,0.0007865325087603736,-0.01318335401811832,-0.0015708388514752425,-0.008821321822558237,0.010828254197654843,0.008391879640646202,38.3100969877772,-0.04290019909455456,-0.031131919199999417,-0.011768279894555141,2.3978952727983707,4.199172496795654,2023-05-03,-0.003929231142739464
2023-05-03,8,-0.2158136887010187,0.7745166657191157,0.375,0.625,0.0,1,2023-05-03,2023-05-03,2023-05-03,4.18267297744751,5.070000171661377,5.110000133514404,5.03000020980835,5.090000152587891,14480800,2023-05-03,4.18267297744751,-0.0039292311427394,0.0118343067097248,0.0058477779525407,5.090000152587891,5.110000133514404,5.03000020980835,14480800,-0.003929231142739464,-0.003936970852149946,-0.17825680706101193,0.019126506934059883,16.488334261071437,0.15824161760941902,0.0003946972164381446,-0.014002252270075344,-0.0036693181565085053,-0.010428020977446772,0.010776681740597044,0.007928519088168445,36.79424344742071,-0.044761101395692116,-0.03385775563913796,-0.010903345756554154,2.1972245773362196,4.18267297744751,2023-05-05,0.011834306709724851
2023-05-05,9,-0.4526236938933531,0.5725882179820175,0.2222222222222222,0.7777777777777778,0.0,2,2023-05-04,2023-05-05,2023-05-05,4.232172012329102,5.130000114440918,5.150000095367432,5.059999942779541,5.079999923706055,7619700,2023-05-05,4.232172012329102,0.0118343067097248,0.0058477779525407,-0.0096898204518444,5.079999923706055,5.150000095367432,5.059999942779541,7619700,0.011834306709724851,0.01176482891258912,-0.16689526065158486,0.021265712340071127,15.846247688047821,-0.4738066957626651,0.009048033644499576,0.00019504659188429585,0.005399758315619341,0.0010493821405250792,0.00632756736317929,0.008861067382520177,43.958393727360594,-0.041760334303228674,-0.035438271371956105,-0.006322062931272569,2.302585092994046,4.232172012329102,2023-05-08,0.005847777952540767
2023-05-08,10,0.2726997053483501,0.8203494372438276,0.6,0.4,0.0,1,2023-05-08,2023-05-08,2023-05-08,4.25692081451416,5.159999847412109,5.190000057220459,5.130000114440918,5.130000114440918,7903500,2023-05-08,4.25692081451416,0.0058477779525407,-0.0096898204518444,-0.0176126765302873,5.130000114440918,5.190000057220459,5.130000114440918,7903500,0.005847777952540767,0.005830746065920378,-0.17019089287523506,0.014094681436161216,15.882816383825801,0.03724556084885222,0.011367992800324078,0.007812394342321838,0.007491243709448314,0.005641071440198875,0.006442182515338077,0.009246194688635072,47.18193109224563,-0.03695914128664146,-0.035742445354893175,-0.0012166959317482864,2.3978952727983707,4.25692081451416,2023-05-09,-0.009689820451844411
2023-05-09,6,-0.4037548416915039,0.6667007074443009,0.1666666666666666,0.8333333333333334,0.0,1,2023-05-09,2023-05-09,2023-05-09,4.215672016143799,5.110000133514404,5.150000095367432,5.090000152587891,5.150000095367432,12551800,2023-05-09,4.215672016143799,-0.0096898204518444,-0.0176126765302873,-0.0139443072825209,5.150000095367432,5.150000095367432,5.090000152587891,12551800,-0.009689820451844411,-0.009737072250763257,-0.18142292464500864,0.014232592704027472,16.345374719222164,0.5881318403239071,-0.0003912547529979493,0.00019573093864222457,-0.0015152574994778956,-0.003359842131726354,0.008642393368705233,0.009519922185414077,42.766550388524756,-0.03606683846516656,-0.03580732397694786,-0.00025951448821870393,1.9459101490553132,4.215672016143799,2023-05-10,-0.017612676530287308
2023-05-10,8,-0.0824204126838595,0.5920282373238934,0.5,0.5,0.0,1,2023-05-10,2023-05-10,2023-05-10,4.141422748565674,5.019999980926514,5.119999885559082,5.019999980926514,5.090000152587891,17772400,2023-05-10,4.141422748565674,-0.0176126765302873,-0.0139443072825209,0.0,5.090000152587891,5.119999885559082,5.019999980926514,17772400,-0.017612676530287308,-0.017769625306761627,-0.1863609775217659,0.02414626825218507,16.693157306366547,0.41592440924807605,-0.015300250107044833,-0.01413996088680114,-0.012815763209529263,-0.017176228213013345,0.011801129257531922,0.010693936766996016,36.19962514361053,-0.04087974120710758,-0.0368218074229798,-0.004057933784127776,2.1972245773362196,4.141422748565674,2023-05-11,-0.01394430728252094
2023-05-11,8,0.2500875355908648,0.4096921634426845,0.625,0.125,0.25,1,2023-05-11,2023-05-11,2023-05-11,4.083673477172852,4.949999809265137,5.059999942779541,4.949999809265137,5.019999980926514,20247600,2023-05-11,4.083673477172852,-0.0139443072825209,0.0,0.0060608933775054,5.019999980926514,5.059999942779541,4.949999809265137,20247600,-0.01394430728252094,-0.01404244248834674,-0.18651922456399084,0.0269365643774629,16.823546875362997,0.13927212981927029,-0.024438465271306886,-0.023861374355737985,-0.01787932800713765,-0.025408957575006497,0.012862064577985893,0.011205977593802123,32.07433473079135,-0.04879144744130759,-0.03921573542664536,-0.00957571201466223,2.1972245773362196,4.083673477172852,2023-05-12,0.0
2023-05-12,4,-0.0119093433022499,0.3029569644760675,0.5,0.5,0.0,1,2023-05-12,2023-05-12,2023-05-12,4.083673477172852,4.949999809265137,5.0,4.949999809265137,4.989999771118164,18488900,2023-05-12,4.083673477172852,0.0,0.0060608933775054,0.0020078946238331,4.989999771118164,5.0,4.949999809265137,18488900,0.0,0.0,-0.18162852415165984,0.012243924744315913,16.732681164063024,-0.08685967719630971,-0.017467341090783073,-0.021932603617395352,-0.01199101577280548,-0.020885634781019458,0.009773957677829206,0.009455348161155348,32.07433473079135,-0.05443404979070898,-0.04225939829945809,-0.012174651491250896,1.6094379124341003,4.083673477172852,2023-05-15,0.006060893377505483
2023-05-15,8,-0.4095251400722191,0.5248731657730958,0.25,0.625,0.125,1,2023-05-15,2023-05-15,2023-05-15,4.108424186706543,4.980000019073486,5.010000228881836,4.960000038146973,4.96999979019165,6756100,2023-05-15,4.108424186706543,0.0060608933775054,0.0020078946238331,-0.002003871061901,4.96999979019165,5.010000228881836,4.960000038146973,6756100,0.006060893377505483,0.0060426000419966375,-0.17335525952846847,0.01217016268588984,15.725956506472446,-0.6345861570996651,-0.004398078902052127,-0.01425167657495896,-0.004009889294958047,-0.012266248770406496,0.009844636408734446,0.009623261446914017,35.71571300293287,-0.05626014546016478,-0.045059547731599425,-0.011200597728565354,2.1972245773362196,4.108424186706543,2023-05-16,0.0020078946238331064
2023-05-16,5,0.5099787421524525,0.6242238395470764,0.8,0.2,0.0,1,2023-05-16,2023-05-16,2023-05-16,4.116673469543457,4.989999771118164,5.03000020980835,4.96999979019165,4.980000019073486,12211800,2023-05-16,4.116673469543457,0.0020078946238331,-0.002003871061901,0.0060241481245915,4.980000019073486,5.03000020980835,4.96999979019165,12211800,0.0020078946238331064,0.0020058814977357287,-0.17335874422158107,0.014574976631156837,16.317913337257032,0.8075220911472596,0.002410651032759503,-0.010901916707563686,-0.001340929180681183,-0.008429109465509343,0.010429250704247876,0.009694979453488939,36.92930508981026,-0.05639164348816017,-0.047325966882911574,-0.009065676605248596,1.791759469228055,4.116673469543457,2023-05-17,-0.0020038710619010303
2023-05-17,6,-0.05043935837845,0.3075408903106712,0.3333333333333333,0.3333333333333333,0.3333333333333333,1,2023-05-17,2023-05-17,2023-05-17,4.108424186706543,4.980000019073486,5.019999980926514,4.980000019073486,4.989999771118164,9409900,2023-05-17,4.108424186706543,-0.002003871061901,0.0060241481245915,0.0019957558318086,4.989999771118164,5.019999980926514,4.980000019073486,9409900,-0.0020038710619010303,-0.0020058814977357287,-0.1766684618933513,0.00973608372340265,16.057272990783584,-0.22944201510014905,0.0020122140499674313,-0.010726954064827932,-0.0022305603907043503,-0.008538425556591012,0.00753007828213398,0.009351708695896242,36.19346615357304,-0.056510091645366245,-0.049162791835402515,-0.00734729980996373,1.9459101490553132,4.108424186706543,2023-05-18,0.006024148124591511
2023-05-18,6,0.5171279185451567,0.5881608416361612,0.8333333333333334,0.1666666666666666,0.0,1,2023-05-18,2023-05-18,2023-05-18,4.133173942565918,5.010000228881836,5.010000228881836,4.960000038146973,4.989999771118164,4825400,2023-05-18,4.133173942565918,0.0060241481245915,0.0019957558318086,0.0059762632793536,4.989999771118164,5.010000228881836,4.960000038146973,4825400,0.006024148124591511,0.006006075489445317,-0.171708590752149,0.012097286838071623,15.389404398110168,-0.4871996514309398,0.005620358868390074,-0.003579799450854071,0.0025169288817983304,-0.0021002004162429255,0.0036000982760608677,0.009664901490135557,40.0528633864561,-0.053984563761002136,-0.05012714622052244,-0.0038574175404796976,1.9459101490553132,4.133173942565918,2023-05-19,0.0019957558318086654
2023-05-19,10,-0.0689403486205264,0.7422026910545253,0.5,0.5,0.0,1,2023-05-19,2023-05-19,2023-05-19,4.141422748565674,5.019999980926514,5.019999980926514,4.960000038146973,4.989999771118164,7919700,2023-05-19,4.141422748565674,0.0019957558318086,0.0059762632793536,-0.0079207077681857,4.989999771118164,5.019999980926514,4.960000038146973,7919700,0.0019957558318086654,0.0019937669569047856,-0.17005552334170554,0.014487760951311041,15.884864010552711,0.6412525386496457,0.004803699502042624,0.0005978914777600153,0.0030072765936701717,-8.888581430710474e-05,0.0033681795758348527,0.008643331680307342,41.32665972201271,-0.05073264070904315,-0.050248245118226585,-0.00048439559081656786,2.3978952727983707,4.141422748565674,2023-05-22,0.005976263279353633
2023-05-22,4,-0.813227720092982,0.1479130363711339,0.0,1.0,0.0,1,2023-05-22,2023-05-22,2023-05-22,4.166172981262207,5.050000190734863,5.070000171661377,4.989999771118164,5.010000228881836,13131900,2023-05-22,4.166172981262207,0.0059762632793536,-0.0079207077681857,-0.0059880750733684,5.010000228881836,5.070000171661377,4.989999771118164,13131900,0.005976263279353633,0.005958476249429578,-0.16842858464458788,0.019202371313678752,16.390555018738773,0.6581309898102201,0.007984062562839567,0.008789532990182591,0.005983055916293223,0.0048113608052222645,0.003347954462436308,0.008656596202421355,45.09634983173584,-0.04563231045939098,-0.049325058186459464,0.003692747727068485,1.6094379124341003,4.166172981262207,2023-05-23,-0.007920707768185764
2023-05-23,7,-0.7590184943484408,0.1841532188776675,0.0,1.0,0.0,1,2023-05-23,2023-05-23,2023-05-23,4.133173942565918,5.010000228881836,5.039999961853027,4.980000019073486,5.03000020980835,11277600,2023-05-23,4.133173942565918,-0.0079207077681857,-0.0059880750733684,-0.0040160213742124,5.03000020980835,5.039999961853027,4.980000019073486,11277600,-0.007920707768185764,-0.007952243206334364,-0.17829547312814167,0.014516674984719471,16.238329104110196,-0.1412057661115299,-0.0007976885913102416,0.0028023972684754206,-0.0013242374818686065,-0.00257666609099072,0.005903953529289897,0.008501358850349826,41.28753004190093,-0.04374870083832061,-0.048209786716831696,0.004461085878511087,2.0794415416798357,4.133173942565918,2023-05-24,-0.005988075073368404
2023-05-24,4,-0.3951960760168731,0.6747092551502151,0.25,0.75,0.0,1,2023-05-24,2023-05-24,2023-05-24,4.108424186706543,4.980000019073486,5.0,4.949999809265137,5.0,8313700,2023-05-24,4.108424186706543,-0.0059880750733684,-0.0040160213742124,-0.0120968775680577,5.0,5.0,4.949999809265137,8313700,-0.005988075073368404,-0.006006075489445317,-0.1783151626586914,0.01217016268588984,15.93341543471285,-0.2628130098602539,-0.0067809870455087795,-0.0024037627947277596,-0.004881473999625907,-0.0070057814791967266,0.006606478868848984,0.0067308371436571885,38.65082177773594,-0.0437487171201294,-0.04731757279749124,0.003568855677361843,1.6094379124341003,4.108424186706543,2023-05-25,-0.0040160213742124196
2023-05-25,4,0.0684757772833108,0.6921863149935582,0.5,0.25,0.25,1,2023-05-25,2023-05-25,2023-05-25,4.091924667358398,4.960000038146973,5.0,4.949999809265137,5.0,10317700,2023-05-25,4.091924667358398,-0.0040160213742124,-0.0120968775680577,-0.0020407946607404,5.0,5.0,4.949999809265137,10317700,-0.0040160213742124196,-0.004024107243996156,-0.18161506652832032,0.012219235396418388,16.149371521882646,0.24104790887330552,-0.008792895086286112,-0.0066091595662575164,-0.0059361610440488155,-0.009012834142776538,0.00580108309214942,0.005110309910616661,36.956413544977266,-0.044566369971311026,-0.0467673322322552,0.0022009622609441767,1.6094379124341003,4.091924667358398,2023-05-26,-0.012096877568057773
2023-05-26,6,0.0193208549171686,0.4459856619404689,0.5,0.5,0.0,1,2023-05-26,2023-05-26,2023-05-26,4.042425155639648,4.900000095367432,4.980000019073486,4.900000095367432,4.960000038146973,7661400,2023-05-26,4.042425155639648,-0.0120968775680577,-0.0020407946607404,0.0,4.960000038146973,4.980000019073486,4.900000095367432,7661400,-0.012096877568057773,-0.012170640260580345,-0.1849949345665983,0.019790081603476464,15.851705423165265,-0.2574507884509144,-0.016064317623395552,-0.01764237391122858,-0.01204627503640121,-0.017248237329066107,0.006729354013966098,0.006428295713950027,32.3714509963567,-0.048647781316937255,-0.04714342204919161,-0.0015043592677456419,1.9459101490553132,4.042425155639648,2023-05-29,-0.0020407946607404748
2023-05-29,3,0.4799591266394903,0.7776028643007993,0.6666666666666666,0.0,0.3333333333333333,2,2023-05-27,2023-05-29,2023-05-29,4.034175395965576,4.889999866485596,4.949999809265137,4.880000114440918,4.920000076293945,9323900,2023-05-29,4.034175395965576,-0.0020407946607404,0.0,-0.0143148943433188,4.920000076293945,4.949999809265137,4.880000114440918,9323900,-0.0020407946607404748,-0.002042879919704088,-0.18004566394145835,0.01735167362683902,16.048091661320797,0.21699689351815588,-0.01172194622865319,-0.017875082380846674,-0.009419142668678715,-0.015808475853191784,0.0038607607056011773,0.005931404373529062,31.66632185797117,-0.051949178085181735,-0.048104573256389636,-0.003844604828792099,1.3862943611198906,4.034175395965576,2023-05-30,0.0
2023-05-30,4,-0.0669960504164919,0.7284132735781551,0.25,0.5,0.25,1,2023-05-30,2023-05-30,2023-05-30,4.034175395965576,4.889999866485596,4.929999828338623,4.880000114440918,4.889999866485596,11597000,2023-05-30,4.034175395965576,0.0,-0.0143148943433188,0.0082986666180606,4.889999866485596,4.929999828338623,4.880000114440918,11597000,0.0,0.0,-0.17501523392373705,0.012394035704969069,16.266257088168032,0.24379283347097247,-0.006904975631707222,-0.01589858785522813,-0.00629920615293722,-0.012971491062291118,0.004634645659097185,0.005820898961018882,31.66632185797117,-0.053943729079273695,-0.049272404420966455,-0.00467132465830724,1.6094379124341003,4.034175395965576,2023-05-31,-0.014314894343318896
2023-05-31,9,-0.1960896553678645,0.7481065306660849,0.3333333333333333,0.6666666666666666,0.0,1,2023-05-31,2023-05-31,2023-05-31,3.976426601409912,4.820000171661377,4.920000076293945,4.800000190734863,4.880000114440918,86111100,2023-05-31,3.976426601409912,-0.0143148943433188,0.0082986666180606,-0.010288135341252,4.880000114440918,4.920000076293945,4.800000190734863,86111100,-0.014314894343318896,-0.014418340847266009,-0.18515850242649526,0.030177819833650133,18.27114889256204,6.425291023540571,-0.014717891715805953,-0.02685239498512626,-0.013776870516788775,-0.022283097637930682,0.006338416143578238,0.0070021700010989936,26.907952591081454,-0.059498409576757894,-0.05131760545212475,-0.008180804124633144,2.302585092994046,3.976426601409912,2023-06-01,0.008298666618060668
2023-06-01,5,0.3922103537712246,0.8435595570500743,0.6,0.2,0.2,1,2023-06-01,2023-06-01,2023-06-01,4.009425640106201,4.860000133514404,4.889999866485596,4.809999942779541,4.820000171661377,21148900,2023-06-01,4.009425640106201,0.0082986666180606,-0.010288135341252,0.0145531619491463,4.820000171661377,4.889999866485596,4.809999942779541,21148900,0.008298666618060668,0.008264422010188621,-0.1681689839599702,0.019952963563114157,16.86709849993154,-0.7543998392773986,-0.002463099187095974,-0.01579592310239586,-0.0037353190017425097,-0.011623049208522085,0.009260769686834355,0.007364056516136104,33.094722247854264,-0.06053992073061831,-0.053162068507823464,-0.007377852222794849,1.791759469228055,4.009425640106201,2023-06-02,-0.010288135341251947
2023-06-02,3,-0.3891980648040771,0.2373869274144288,0.0,1.0,0.0,1,2023-06-02,2023-06-02,2023-06-02,3.968176126480103,4.809999942779541,4.880000114440918,4.800000190734863,4.849999904632568,13605800,2023-06-02,3.968176126480103,-0.010288135341252,0.0145531619491463,0.0040983169682544,4.849999904632568,4.880000114440918,4.800000190734863,13605800,-0.010288135341251947,-0.010341424014794098,-0.18181933927672347,0.020160376242426805,16.426006803879847,-0.3566663041576631,-0.009064783264623566,-0.021761363424305347,-0.009367015900500597,-0.017900418465151335,0.008895022160424631,0.007460055078823623,29.70947058937277,-0.06395656536286776,-0.055320967878832325,-0.008635597484035432,1.3862943611198906,3.968176126480103,2023-06-06,0.014553161949146354
2023-06-06,11,0.0235608722591264,0.747292752889423,0.4545454545454545,0.4545454545454545,0.0909090909090909,2,2023-06-05,2023-06-06,2023-06-06,4.025925636291504,4.880000114440918,4.900000095367432,4.809999942779541,4.809999942779541,11372200,2023-06-06,4.025925636291504,0.0145531619491463,0.0040983169682544,0.0,4.809999942779541,4.900000095367432,4.809999942779541,11372200,0.014553161949146354,0.014448281029218357,-0.16300921326725554,0.022355145305365004,16.246682426588034,-0.1641652824530715,0.005770862119176767,-0.00408161869066348,0.003360893589841263,-0.002953744606554065,0.012153301795658301,0.009081790157875755,39.10137866638117,-0.061297775441779834,-0.05651632939142183,-0.004781446050358004,2.4849066497880004,4.025925636291504,2023-06-07,0.004098316968254467
2023-06-07,2,-0.7146116252988578,0.1962666914294879,0.0,1.0,0.0,1,2023-06-07,2023-06-07,2023-06-07,4.042425155639648,4.900000095367432,4.929999828338623,4.829999923706055,4.849999904632568,13221300,2023-06-07,4.042425155639648,0.0040983169682544,0.0,0.0102038553455112,4.849999904632568,4.929999828338623,4.829999923706055,13221300,0.004098316968254467,0.004089941742357217,-0.16651026079846926,0.02473760200434558,16.39733979904345,0.1625982659467824,0.009476726854250828,0.0022499308495451675,0.004969610436187155,0.0009263731496844674,0.012319889717697135,0.009208719252946786,41.50615592401621,-0.05719992680413277,-0.056653048873964024,-0.0005468779301687487,1.0986122886681098,4.042425155639648,2023-06-08,0.0
2023-06-08,6,-0.4014354959751169,0.73888253467183,0.3333333333333333,0.6666666666666666,0.0,1,2023-06-08,2023-06-08,2023-06-08,4.042425155639648,4.900000095367432,4.940000057220459,4.840000152587891,4.900000095367432,13845200,2023-06-08,4.042425155639648,0.0,0.0102038553455112,0.0141415007139116,4.900000095367432,4.940000057220459,4.840000152587891,13845200,0.0,0.0,-0.17501529041571928,0.02473760200434558,16.443449232358304,0.047189005619719726,0.006160182061587083,0.00389263318327826,0.003307594472122366,0.0007578140281840895,0.00932442765516478,0.009127878228488411,41.50615592401621,-0.053337510614475114,-0.05598994122206624,0.0026524306075911275,1.9459101490553132,4.042425155639648,2023-06-09,0.01020385534551127
2023-06-09,3,0.3688615479816994,0.4995602082815948,0.6666666666666666,0.3333333333333333,0.0,1,2023-06-09,2023-06-09,2023-06-09,4.083673477172852,4.949999809265137,4.989999771118164,4.900000095367432,4.909999847412109,7626300,2023-06-09,4.083673477172852,0.0102038553455112,0.0141415007139116,-0.0059760330023753,4.909999847412109,4.989999771118164,4.900000095367432,7626300,0.01020385534551127,0.010152147462579864,-0.16829458165355865,0.022038901066360396,15.847113488854129,-0.4491737208563257,0.012683954973561562,0.014344057024574974,0.008989544960546603,0.008957100900429671,0.009612582148453928,0.00978994219043063,47.515198847670376,-0.04641310178956548,-0.05407457333556609,0.007661471546000609,1.3862943611198906,4.083673477172852,2023-06-12,0.014141500713911626
2023-06-12,3,0.8575521664073071,0.1139132512771558,1.0,0.0,0.0,1,2023-06-12,2023-06-12,2023-06-12,4.141422748565674,5.019999980926514,5.070000171661377,4.949999809265137,4.949999809265137,17010100,2023-06-12,4.141422748565674,0.0141415007139116,-0.0059760330023753,0.0,4.949999809265137,5.070000171661377,4.949999809265137,17010100,0.014141500713911626,0.01404244248834674,-0.16334890744561503,0.028975637041111234,16.64931790203813,1.2304525130141748,0.0182555027074911,0.02616506210095393,0.015386162883136434,0.0189225865330529,0.006382512582032319,0.009750872047996847,54.5542388930171,-0.03585229143911661,-0.0504301169562762,0.014577825517159589,1.3862943611198906,4.141422748565674,2023-06-13,-0.005976033002375369
2023-06-13,4,-0.0805316865444183,0.2664538510411248,0.75,0.25,0.0,1,2023-06-13,2023-06-13,2023-06-13,4.116673469543457,4.989999771118164,5.019999980926514,4.940000057220459,5.010000228881836,18907500,2023-06-13,4.116673469543457,-0.0059760330023753,0.0,0.0020041027232955,5.010000228881836,5.019999980926514,4.940000057220459,18907500,-0.005976033002375369,-0.005993960948614374,-0.17830872625284436,0.019433147733946155,16.755069279601386,0.11154549355970866,0.007673679791647237,0.017951825801172383,0.00619288563128273,0.01047566957700563,0.007994543594072983,0.010028388116214596,51.37424656941332,-0.029143880614308948,-0.046172869687882756,0.017028989073573808,1.6094379124341003,4.116673469543457,2023-06-14,0.0
2023-06-14,3,0.6079416622718176,0.3278654064645608,1.0,0.0,0.0,1,2023-06-14,2023-06-14,2023-06-14,4.116673469543457,4.989999771118164,5.019999980926514,4.960000038146973,5.0,9116500,2023-06-14,4.116673469543457,0.0,0.0020041027232955,-0.0039999574595588,5.0,5.019999980926514,4.960000038146973,9116500,0.0,0.0,-0.1766653060913086,0.014574860800459616,16.02559662615261,-0.517836837233902,0.004024172340536536,0.015879458213547082,0.004120085348403801,0.00855470850852047,0.008251170687913412,0.010028388116214596,51.37424656941331,-0.023555879191859752,-0.04164947158867816,0.01809359239681841,1.3862943611198906,4.116673469543457,2023-06-15,0.0020041027232957642
2023-06-15,7,-0.2724005037120411,0.7514563439259409,0.2857142857142857,0.7142857142857143,0.0,1,2023-06-15,2023-06-15,2023-06-15,4.124923706054688,5.0,5.019999980926514,4.980000019073486,5.0,10264600,2023-06-15,4.124923706054688,0.0020041027232955,-0.0039999574595588,0.0200801068710618,5.0,5.019999980926514,4.980000019073486,10264600,0.0020041027232957642,0.0020020971885177374,-0.17501525878906232,0.009697139802686335,16.144211737733293,0.12593648878407282,0.002004125935862966,0.014198861676617325,0.004079956727035539,0.008636447667385694,0.008074880942144777,0.008232537572004277,52.445910599239,-0.01825123380651661,-0.03696982403224585,0.01871859022572924,2.0794415416798357,4.124923706054688,2023-06-16,-0.003999957459559056
2023-06-16,8,0.567396440252196,0.1985752612003228,0.875,0.0,0.125,1,2023-06-16,2023-06-16,2023-06-16,4.108424186706543,4.980000019073486,5.03000020980835,4.940000057220459,5.0,58887900,2023-06-16,4.108424186706543,-0.0039999574595588,0.0200801068710618,0.0118112413243827,5.0,5.03000020980835,4.940000057220459,58887900,-0.003999957459559056,-0.004007978686253466,-0.1783151626586914,0.02190624640929249,17.891146211561814,4.736989264072638,-0.003202458770122041,0.007689306383640071,4.2452174974894064e-05,0.003762079754035641,0.007875567843621102,0.008386995432154482,50.06932414712209,-0.01520338231236451,-0.03261653568826958,0.01741315337590507,2.1972245773362196,4.108424186706543,2023-06-19,0.020080106871061876
2023-06-19,8,-0.0486518191755749,0.5775863472938817,0.375,0.5,0.125,2,2023-06-17,2023-06-19,2023-06-19,4.190921783447266,5.079999923706055,5.139999866485596,4.960000038146973,4.980000019073486,11548200,2023-06-19,4.190921783447266,0.0200801068710618,0.0118112413243827,0.0214005495901239,4.980000019073486,5.139999866485596,4.960000038146973,11548200,0.020080106871061876,0.0198811603604776,-0.15844944429799948,0.042949937421777225,16.262040225224847,-0.8038951974853917,0.014376890977878753,0.02233840233970219,0.013326218003997026,0.019484320443850622,0.010363613699993763,0.008743089220180272,59.862924899795765,-0.006061201688770446,-0.027305468888369756,0.02124426719959931,2.1972245773362196,4.190921783447266,2023-06-20,0.011811241324382715
2023-06-20,7,-0.0851428423609052,0.6298745893498421,0.4285714285714285,0.5714285714285714,0.0,1,2023-06-20,2023-06-20,2023-06-20,4.240421772003174,5.139999866485596,5.179999828338623,5.0,5.079999923706055,12125500,2023-06-20,4.240421772003174,0.0118112413243827,0.0214005495901239,-0.0019046318886021,5.079999923706055,5.179999828338623,5.0,12125500,0.011811241324382715,0.011742033037723143,-0.1652712921874173,0.0424485671512792,16.31082131352182,0.0499904747060147,0.020246213082051767,0.029029150488973476,0.016722243409797555,0.0256467453660969,0.009797756058739745,0.008466616173864783,64.37778554029173,0.005119265997294065,-0.020820521911236994,0.02593978790853106,2.0794415416798357,4.240421772003174,2023-06-21,0.02140054959012394
2023-06-21,7,-0.047602042688855,0.71521613289334,0.4285714285714285,0.5714285714285714,0.0,1,2023-06-21,2023-06-21,2023-06-21,4.331169128417969,5.25,5.269999980926514,5.110000133514404,5.139999866485596,26409200,2023-06-21,4.331169128417969,0.0214005495901239,-0.0019046318886021,-0.0057252405187837,5.139999866485596,5.269999980926514,5.110000133514404,26409200,0.02140054959012394,0.021174773306573913,-0.15736006985942858,0.036941491469891403,17.08922303012388,1.1779885365551936,0.031434056396565824,0.043737480888813574,0.025328881456218477,0.03860819471028343,0.011118216102819673,0.009861277115088848,70.85119344428065,0.021059657818641497,-0.012444485965261296,0.03350414378390279,2.0794415416798357,4.331169128417969,2023-06-22,-0.0019046318886021263
2023-06-22,7,0.0366438951875481,0.3909834185069915,0.4285714285714285,0.2857142857142857,0.2857142857142857,1,2023-06-22,2023-06-22,2023-06-22,4.322919845581055,5.239999771118164,5.320000171661377,5.210000038146973,5.210000038146973,12601200,2023-06-22,4.322919845581055,-0.0019046318886021,-0.0057252405187837,-0.0038386201957062,5.210000038146973,5.320000171661377,5.210000038146973,12601200,-0.0019046318886021263,-0.0019064480063077927,-0.1702649109540935,0.025445795305885182,16.349302684839603,-0.522848098389955,0.01985209758583184,0.03475517863817479,0.015463513182145672,0.029771743290907704,0.011950057724299839,0.010027768739281533,69.61277362699855,0.0326505102407566,-0.0034254867240577167,0.03607599696481432,2.0794415416798357,4.322919845581055,2023-06-23,-0.0057252405187837585
2023-06-23,7,-0.075634362708245,0.6878998759532947,0.2857142857142857,0.5714285714285714,0.1428571428571428,1,2023-06-23,2023-06-23,2023-06-23,4.29817008972168,5.210000038146973,5.269999980926514,5.179999828338623,5.25,8002000,2023-06-23,4.29817008972168,-0.0057252405187837,-0.0038386201957062,-0.007707269429795,5.25,5.269999980926514,5.179999828338623,8002000,-0.0057252405187837585,-0.005741692532825526,-0.18130093529110863,0.020939178931776155,15.895202193368068,-0.36498111290988156,0.005015423796788321,0.023575616643626285,0.006412533792099495,0.01945051530776576,0.012450918898186496,0.010667525303018894,65.89151686537252,0.03938523733778254,0.005136658088310335,0.03424857924947221,2.0794415416798357,4.29817008972168,2023-06-26,-0.003838620195706244
2023-06-26,10,0.3944994407705963,0.6006904009093997,0.7,0.3,0.0,1,2023-06-26,2023-06-26,2023-06-26,4.281671047210693,5.190000057220459,5.25,5.139999866485596,5.210000038146973,11322700,2023-06-26,4.281671047210693,-0.0038386201957062,-0.007707269429795,0.0,5.210000038146973,5.25,5.139999866485596,11322700,-0.003838620195706244,-0.003846006606686325,-0.17818214666778692,0.02569093522167337,16.24232020651813,0.4149837540614847,-0.0030732777054636173,0.016252313819747677,0.0016980892311104778,0.012676470292873443,0.011769406810946494,0.010503846795317693,63.456244339243156,0.04289673537773453,0.012688673546195175,0.030208061831539353,2.3978952727983707,4.281671047210693,2023-06-27,-0.0077072694297950495
2023-06-27,6,0.2812638313043863,0.6240921671420384,0.6666666666666666,0.1666666666666666,0.1666666666666666,1,2023-06-27,2023-06-27,2023-06-27,4.248671054840088,5.150000095367432,5.199999809265137,5.119999885559082,5.190000057220459,13223900,2023-06-27,4.248671054840088,-0.007707269429795,0.0,-0.017475768253789,5.190000057220459,5.199999809265137,5.119999885559082,13223900,-0.0077072694297950495,-0.007737123927528788,-0.18137360154182858,0.018829399281198467,16.397536432066588,0.16791048071573034,-0.011136728263253293,0.0052703161940377274,-0.004022920922354234,0.003982245454855704,0.01191151329096903,0.010687934459947524,58.77710441558098,0.04252657934667692,0.018656254706291526,0.023870324640385392,1.9459101490553132,4.248671054840088,2023-06-28,0.0
2023-06-28,7,0.7070321761337774,0.2695321445569704,1.0,0.0,0.0,1,2023-06-28,2023-06-28,2023-06-28,4.248671054840088,5.150000095367432,5.210000038146973,5.130000114440918,5.150000095367432,9894100,2023-06-28,4.248671054840088,0.0,-0.017475768253789,0.019762866618584,5.150000095367432,5.210000038146973,5.130000114440918,9894100,0.0,0.0,-0.17501534443428735,0.018829399281198467,16.107449278924683,-0.2518016621420307,-0.007324629106592706,0.002140460358125207,-0.0026855485313611593,0.0032558434507394818,0.0030414239588947944,0.010687934459947524,58.77710441558098,0.04175193767736829,0.02327539130050688,0.01847654637686141,2.0794415416798357,4.248671054840088,2023-06-30,-0.017475768253789048
2023-06-30,7,-0.1165760542665209,0.5734622224259402,0.2857142857142857,0.7142857142857143,0.0,2,2023-06-29,2023-06-30,2023-06-30,4.174422264099121,5.059999942779541,5.130000114440918,5.039999961853027,5.090000152587891,26450600,2023-06-30,4.174422264099121,-0.017475768253789,0.019762866618584,0.0077519683760463,5.090000152587891,5.130000114440918,5.039999961853027,26450600,-0.017475768253789048,-0.017630272187934226,-0.17987777230679758,0.021559906232273197,17.09078943812764,1.6733709988781191,-0.017857200954760066,-0.01652095534095943,-0.013500105278216434,-0.01171143752392223,0.006535450873336604,0.01254621139882892,49.29253291478783,0.0347462386730486,0.025569560775015224,0.009176677898033378,2.0794415416798357,4.174422264099121,2023-07-03,0.019762866618584063
2023-07-03,9,0.5008832712450789,0.4504941643473166,0.6666666666666666,0.2222222222222222,0.1111111111111111,1,2023-07-03,2023-07-03,2023-07-03,4.25692081451416,5.159999847412109,5.179999828338623,5.079999923706055,5.099999904632568,6655400,2023-07-03,4.25692081451416,0.019762866618584,0.0077519683760463,-0.0038463355384219,5.099999904632568,5.179999828338623,5.079999923706055,6655400,0.019762866618584063,0.01957011656038299,-0.16530962860462017,0.02349113572693536,15.710939263443095,-0.7483837795739983,0.003500546442608554,-0.0005810849754100955,0.00398933374434729,0.006389079339918169,0.013720106932824506,0.013641018504893708,57.49890592919547,0.0354425555697464,0.02754415973396146,0.007898395835784944,2.302585092994046,4.25692081451416,2023-07-04,0.007751968376046303
2023-07-04,6,-0.4682036411638061,0.7480763748154728,0.3333333333333333,0.6666666666666666,0.0,1,2023-07-04,2023-07-04,2023-07-04,4.289920330047607,5.199999809265137,5.21999979019165,5.119999885559082,5.119999885559082,8184600,2023-07-04,4.289920330047607,0.0077519683760463,-0.0038463355384219,0.0057916688564654,5.119999885559082,5.21999979019165,5.119999885559082,8184600,0.007751968376046303,0.007722076251678978,-0.16212491680960917,0.023310433979891326,15.91776501988994,0.22976830844126583,0.010886489769429186,0.00483091150753312,0.007817475174699995,0.011580591852995648,0.014268680151566227,0.012499499176214778,60.26876296017696,0.038216639214331494,0.02967865563003547,0.008537983584296024,1.9459101490553132,4.289920330047607,2023-07-05,-0.003846335538421952
2023-07-05,6,0.1008984558284282,0.6397210388434555,0.5,0.5,0.0,1,2023-07-05,2023-07-05,2023-07-05,4.2734198570251465,5.179999828338623,5.21999979019165,5.170000076293945,5.199999809265137,6366300,2023-07-05,4.2734198570251465,-0.0038463355384219,0.0057916688564654,-0.0095969387777742,5.199999809265137,5.21999979019165,5.170000076293945,6366300,-0.003846335538421952,-0.0038537517097891882,-0.17818845888975798,0.011700164170742482,15.666529168144347,-0.22216113188182685,0.005825114185477043,0.00019292918929569858,0.002623933632876385,0.006282799581453391,0.013812953158832032,0.012166902979774514,58.2254103592056,0.03863827226497207,0.03147057895702279,0.00716769330794928,1.9459101490553132,4.2734198570251465,2023-07-06,0.005791668856465426
2023-07-06,5,-0.4268715977668762,0.3992652301774063,0.2,0.8,0.0,1,2023-07-06,2023-07-06,2023-07-06,4.29817008972168,5.210000038146973,5.21999979019165,5.130000114440918,5.179999828338623,5699400,2023-07-06,4.29817008972168,0.0057916688564654,-0.0095969387777742,0.0058141163002483,5.179999828338623,5.21999979019165,5.130000114440918,5699400,0.005791668856465426,0.005774961619876562,-0.1702374069189442,0.02093906799220228,15.55587163956338,-0.10475472409405773,0.00929875812770753,0.006763280729219723,0.00560478203161785,0.009887111293131357,0.013925506660532203,0.010054161946177174,60.39448396223978,0.04050266689565252,0.03327699654474874,0.007225670350903775,1.791759469228055,4.29817008972168,2023-07-07,-0.009596938777774233
2023-07-07,5,-0.3019859321415424,0.4795206982925883,0.4,0.6,0.0,1,2023-07-07,2023-07-07,2023-07-07,4.25692081451416,5.159999847412109,5.210000038146973,5.139999866485596,5.179999828338623,12088700,2023-07-07,4.25692081451416,-0.0095969387777742,0.0058141163002483,0.003853411980758,5.179999828338623,5.210000038146973,5.139999866485596,12088700,-0.009596938777774233,-0.009643286161766351,-0.17820058772483033,0.01644385101614018,16.3077817726497,1.121047829596098,-0.004245442772206842,-0.0013547594032696786,-0.0027009396156089105,0.00015977420170898426,0.011315843895810097,0.010441734487963466,55.245942628832346,0.038211265613727896,0.034263850358544574,0.003947415255183322,1.791759469228055,4.25692081451416,2023-07-10,0.0058141163002483065
2023-07-10,6,0.1956655877487113,0.4851147194077339,0.6666666666666666,0.1666666666666666,0.1666666666666666,1,2023-07-10,2023-07-10,2023-07-10,4.281671047210693,5.190000057220459,5.199999809265137,5.150000095367432,5.159999847412109,11885300,2023-07-10,4.281671047210693,0.0058141163002483,0.003853411980758,0.0019194765072139,5.159999847412109,5.199999809265137,5.150000095367432,11885300,0.0058141163002483065,0.005797279555080026,-0.1702187647625462,0.011677616833800796,16.29081298449696,-0.016825630547536163,0.00038565692260528195,0.0048404102174415264,0.002062852195329423,0.0048831838859666465,0.007538894287241793,0.010558450322882636,57.58251629827314,0.03795492971776948,0.03500206623038955,0.002952863487379928,1.9459101490553132,4.281671047210693,2023-07-11,0.003853411980758059
2023-07-11,4,0.7472152279224247,0.2965890662250754,1.0,0.0,0.0,1,2023-07-11,2023-07-11,2023-07-11,4.29817008972168,5.210000038146973,5.230000019073486,5.159999847412109,5.210000038146973,14832100,2023-07-11,4.29817008972168,0.003853411980758,0.0019194765072139,-0.0038314876243713,5.210000038146973,5.230000019073486,5.159999847412109,14832100,0.003853411980758059,0.003846006606686325,-0.17501534390575574,0.016286040384667442,16.512304376365453,0.24793652663374077,0.003853568495480575,0.008322045536019784,0.0039416916563930204,0.007152134118283859,0.006860737977860339,0.01055498730534291,59.114929733879606,0.03863772487460082,0.03572919795923181,0.0029085269153690113,1.6094379124341003,4.29817008972168,2023-07-12,0.001919476507213913
2023-07-12,5,0.7583192825317384,0.1246185845540356,1.0,0.0,0.0,1,2023-07-12,2023-07-12,2023-07-12,4.30642032623291,5.21999979019165,5.25,5.159999847412109,5.210000038146973,10335400,2023-07-12,4.30642032623291,0.0019194765072139,-0.0038314876243713,0.019230899621691,5.210000038146973,5.25,5.159999847412109,10335400,0.001919476507213913,0.0019176366661612931,-0.17343180523957086,0.02089906367003875,16.151085550538816,-0.30317352229286476,0.004232441228912531,0.008890691862460054,0.003904850588762221,0.007421200233702185,0.006439540062138095,0.010161550067585678,59.89515539151424,0.03939050091717888,0.036461458550821224,0.0029290423663576592,1.791759469228055,4.30642032623291,2023-07-13,-0.0038314876243713547
2023-07-13,7,0.2892147333228163,0.8036431630786453,0.7142857142857143,0.2857142857142857,0.0,1,2023-07-13,2023-07-13,2023-07-13,4.289920330047607,5.199999809265137,5.269999980926514,5.199999809265137,5.21999979019165,6786000,2023-07-13,4.289920330047607,-0.0038314876243713,0.019230899621691,-0.0018869903991742,5.21999979019165,5.269999980926514,5.199999809265137,6786000,-0.0038314876243713547,-0.0038388465762486668,-0.17817614895151088,0.01631735936238241,15.730372371688517,-0.34342163825299454,0.0007697925406766615,0.004054849878392108,3.893362719487037e-05,0.002911887751504638,0.006293657261799774,0.010291500076486864,57.53056329201382,0.038215149107639235,0.036812196662184826,0.0014029524454544084,2.0794415416798357,4.289920330047607,2023-07-14,0.019230899621691
2023-07-14,6,0.8431357798011353,0.1681801182772153,1.0,0.0,0.0,1,2023-07-14,2023-07-14,2023-07-14,4.372419357299805,5.300000190734863,5.340000152587891,5.199999809265137,5.230000019073486,28525200,2023-07-14,4.372419357299805,0.019230899621691,-0.0018869903991742,-0.0132323753800264,5.230000019073486,5.340000152587891,5.199999809265137,28525200,0.019230899621691,0.019048322901402015,-0.16397335729371665,0.03201896521865445,17.16629850013807,3.2035366931918654,0.014548305655509797,0.018643215726480866,0.012765057953129988,0.018089630426695313,0.008532168273638016,0.009477803623653414,64.97585541891391,0.04343990813615051,0.03813773895697796,0.005302169179172547,1.9459101490553132,4.372419357299805,2023-07-17,-0.001886990399174282
2023-07-17,5,0.0105376335792243,0.8345439937044213,0.4,0.4,0.2,1,2023-07-17,2023-07-17,2023-07-17,4.364168643951416,5.289999961853027,5.320000171661377,5.260000228881836,5.309999942779541,5336700,2023-07-17,4.364168643951416,-0.0018869903991742,-0.0132323753800264,0.0,5.309999942779541,5.320000171661377,5.260000228881836,5336700,-0.001886990399174282,-0.001888773008421607,-0.1781226570659859,0.013748309855692406,15.49011822976317,-0.8129127928989104,0.008771837007482297,0.014187044311452013,0.007209901299902732,0.01319000185396102,0.009113411372443056,0.008009956911276438,63.77175974111937,0.04638016205792095,0.03978622357716656,0.006593938480754388,1.791759469228055,4.364168643951416,2023-07-18,-0.013232375380026418
2023-07-18,8,-0.4101139730773867,0.6068344188822477,0.125,0.625,0.25,1,2023-07-18,2023-07-18,2023-07-18,4.30642032623291,5.21999979019165,5.300000190734863,5.210000038146973,5.300000190734863,5570500,2023-07-18,4.30642032623291,-0.0132323753800264,0.0,0.0153257290434136,5.300000190734863,5.300000190734863,5.210000038146973,5570500,-0.013232375380026418,-0.013320703316731741,-0.1874678922160925,0.02089906367003875,15.53299555399859,0.04380984503532148,-0.004956126576662001,0.0003833510276507468,-0.004086919893091845,-0.0001774776572359693,0.01189412773869595,0.009154011700727866,55.95573195683245,0.04354852753979266,0.04053868436969178,0.003009843170100876,2.1972245773362196,4.30642032623291,2023-07-20,0.0
2023-07-20,7,0.343329345541341,0.461100261617302,0.8571428571428571,0.1428571428571428,0.0,2,2023-07-19,2023-07-20,2023-07-20,4.30642032623291,5.21999979019165,5.28000020980835,5.170000076293945,5.21999979019165,9271600,2023-07-20,4.30642032623291,0.0,0.0153257290434136,0.0094339704947681,5.21999979019165,5.28000020980835,5.170000076293945,9271600,0.0,0.0,-0.17501523001501854,0.025543287738154476,16.042466630288903,0.6644107351225204,-0.004956126576662001,-0.0003829577587929345,-0.0027283300842266822,-0.00014521367813535857,0.011865376136715119,0.009034789806131404,55.95573195683245,0.040833730951061575,0.04059769368596574,0.0002360372650958356,2.0794415416798357,4.30642032623291,2023-07-21,0.015325729043413672
2023-07-21,9,0.1642797839206954,0.4700852055006746,0.7777777777777778,0.2222222222222222,0.0,1,2023-07-21,2023-07-21,2023-07-21,4.372419357299805,5.300000190734863,5.309999942779541,5.210000038146973,5.269999980926514,13850800,2023-07-21,4.372419357299805,0.0153257290434136,0.0094339704947681,0.0149531110936811,5.269999980926514,5.309999942779541,5.210000038146973,13850800,0.015325729043413672,0.015209476325153348,-0.17031890453041448,0.022870611544983068,16.44385362286032,0.49389533629578497,0.006456576595649022,0.013190675602509083,0.008335504495115442,0.01238442363588721,0.01330226037405904,0.010063792374190831,62.110895827225164,0.043506291874615854,0.04117941332369576,0.0023268785509200918,2.302585092994046,4.372419357299805,2023-07-24,0.009433970494768129
2023-07-24,8,0.1142674291913863,0.4867299798879324,0.375,0.375,0.25,1,2023-07-24,2023-07-24,2023-07-24,4.413668632507324,5.349999904632568,5.360000133514404,5.25,5.300000190734863,10772000,2023-07-24,4.413668632507324,0.0094339704947681,0.0149531110936811,0.0092081125402387,5.300000190734863,5.360000133514404,5.25,10772000,0.009433970494768129,0.009389748503534578,-0.16723236345858436,0.02492260807805937,16.192460825746895,-0.22228318941866176,0.014025847162180805,0.019047691919567455,0.011828369905702019,0.017875712734233273,0.010999398324179873,0.009458842396938037,65.36840853097958,0.04839492091247877,0.042622514841452366,0.005772406071026401,2.1972245773362196,4.413668632507324,2023-07-25,0.014953111093681137
2023-07-25,5,0.8803767045028508,0.0600373133574642,1.0,0.0,0.0,1,2023-07-25,2023-07-25,2023-07-25,4.479666709899902,5.429999828338623,5.449999809265137,5.360000133514404,5.380000114440918,21182900,2023-07-25,4.479666709899902,0.0149531110936811,0.0092081125402387,0.0036495965424918,5.380000114440918,5.449999809265137,5.360000133514404,21182900,0.014953111093681137,0.014842415459867642,-0.16734821289768262,0.020090707987680506,16.868704857596686,0.9664779056813961,0.023755556010822465,0.029578994433558492,0.017812172348829147,0.026916674280032193,0.012065719719113804,0.01010896422515615,69.8367787278167,0.056938338202377814,0.04548567951363746,0.011452658688740354,1.791759469228055,4.479666709899902,2023-07-26,0.009208112540238789
2023-07-26,8,0.2797724102274515,0.5764948655146105,0.875,0.125,0.0,1,2023-07-26,2023-07-26,2023-07-26,4.520915985107422,5.480000019073486,5.489999771118164,5.429999828338623,5.429999828338623,17159800,2023-07-26,4.520915985107422,0.0092081125402387,0.0036495965424918,0.0,5.429999828338623,5.489999771118164,5.429999828338623,17159800,0.009208112540238789,0.009165976337710768,-0.1674187609522166,0.013271634106271796,16.65808005522025,-0.1899220597746295,0.023151532496470617,0.033767149887758086,0.017960123117895188,0.029563919252357795,0.006197001152570204,0.010207738446711374,72.24699713273088,0.06627356927851213,0.0496432574666124,0.016630311811899737,2.1972245773362196,4.520915985107422,2023-07-27,0.003649596542491862
2023-07-27,7,0.7837652417032848,0.180136134063959,1.0,0.0,0.0,1,2023-07-27,2023-07-27,2023-07-27,4.537415504455566,5.5,5.559999942779541,5.420000076293945,5.449999809265137,18961500,2023-07-27,4.537415504455566,0.0036495965424918,0.0,0.0090911288246204,5.449999809265137,5.559999942779541,5.420000076293945,18961500,0.003649596542491862,0.003642952924474141,-0.16744666729311697,0.030854539626825283,16.757921218324302,0.10499539621673915,0.016260075773326887,0.032088481392970714,0.014346523004186817,0.02709879719722319,0.004817942617249493,0.010162175235012446,73.17048491903903,0.0741484433827031,0.054544294649830544,0.019604148732872556,2.0794415416798357,4.537415504455566,2023-07-28,0.0
2023-07-28,7,0.1347116061951965,0.9039358956493077,0.5714285714285714,0.4285714285714285,0.0,1,2023-07-28,2023-07-28,2023-07-28,4.537415504455566,5.5,5.53000020980835,5.420000076293945,5.460000038146973,11370000,2023-07-28,4.537415504455566,0.0,0.0090911288246204,-0.0054055557094561,5.460000038146973,5.53000020980835,5.420000076293945,11370000,0.0,0.0,-0.16897152513656669,0.024242905108952096,16.246488953677463,-0.4003638952614509,0.008804058026474326,0.026310794366269707,0.009518827974621002,0.0220630373839783,0.005772116936722495,0.0098476204939974,73.17048491903903,0.07947322003547086,0.05953007972695861,0.01994314030851225,2.0794415416798357,4.537415504455566,2023-07-31,0.009091128824620487
2023-07-31,9,0.8180687999766735,0.1905971953118499,1.0,0.0,0.0,1,2023-07-31,2023-07-31,2023-07-31,4.578665733337402,5.550000190734863,5.599999904632568,5.5,5.5,13113800,2023-07-31,4.578665733337402,0.0090911288246204,-0.0054055557094561,-0.0090579799299558,5.5,5.599999904632568,5.5,13113800,0.009091128824620487,0.00905005327402253,-0.16751532121138138,0.02184040295941808,16.389175745068027,0.15336851363236592,0.010560977774170643,0.030832230027124874,0.012387130491386289,0.02550846132344553,0.005744612218146872,0.008757656324509413,75.53127291889099,0.08602999242310894,0.06483006226618868,0.02119993015692026,2.302585092994046,4.578665733337402,2023-08-01,-0.005405555709456111
2023-08-01,7,0.0359777695100222,0.7561138386701902,0.4285714285714285,0.5714285714285714,0.0,1,2023-08-01,2023-08-01,2023-08-01,4.553915500640869,5.519999980926514,5.559999942779541,5.46999979019165,5.550000190734863,10927800,2023-08-01,4.553915500640869,-0.0054055557094561,-0.0090579799299558,-0.0018280285810683,5.550000190734863,5.559999942779541,5.46999979019165,10927800,-0.005405555709456111,-0.0054202185902711975,-0.1794747127679116,0.01976324606269593,16.206820650524413,-0.16669462703411675,0.0018148838222384889,0.02089880564310964,0.004599143203090517,0.016275933203794946,0.006229797551580471,0.009113132042261904,71.46784589002874,0.08821228849548834,0.06950650751204862,0.018705780983439724,2.0794415416798357,4.553915500640869,2023-08-02,-0.009057979929955828
2023-08-02,6,-0.2216634154319764,0.7121498712860603,0.5,0.5,0.0,1,2023-08-02,2023-08-02,2023-08-02,4.51266622543335,5.46999979019165,5.510000228881836,5.449999809265137,5.5,9699900,2023-08-02,4.51266622543335,-0.0090579799299558,-0.0018280285810683,0.0073258231375246,5.5,5.510000228881836,5.449999809265137,9699900,-0.009057979929955828,-0.009099252852071249,-0.179515231739391,0.013296002101493204,16.08762623723596,-0.11236479437764235,-0.006899066892508632,0.006995550160934005,-0.0030048382029067566,0.005777548650877762,0.007187516889049056,0.008278027562838637,65.17471822220588,0.08562625590321371,0.07273045719028164,0.012895798712932074,1.9459101490553132,4.51266622543335,2023-08-03,-0.0018280285810681196
2023-08-03,5,-0.2443283721804618,0.6251331143231419,0.4,0.6,0.0,1,2023-08-03,2023-08-03,2023-08-03,4.504416942596436,5.460000038146973,5.480000019073486,5.420000076293945,5.480000019073486,4492800,2023-08-03,4.504416942596436,-0.0018280285810683,0.0073258231375246,0.003636430511841,5.480000019073486,5.480000019073486,5.420000076293945,4492800,-0.0018280285810681196,-0.0018297014643446907,-0.17802610822654585,0.013320246225909061,15.317986895951897,-0.5368199672161569,-0.007272650079326981,0.0007332253992382576,-0.0032234361463632233,0.0032204778412998625,0.0068353509558868614,0.008412920502910263,63.961718971562064,0.08196630175528785,0.07457762610328289,0.007388675652004961,1.791759469228055,4.504416942596436,2023-08-04,0.00732582313752439
2023-08-04,6,0.4964989057431618,0.4716213511195459,0.6666666666666666,0.3333333333333333,0.0,1,2023-08-04,2023-08-04,2023-08-04,4.537415504455566,5.5,5.510000228881836,5.440000057220459,5.460000038146973,3418100,2023-08-04,4.537415504455566,0.0073258231375246,0.003636430511841,0.0144928097716363,5.460000038146973,5.510000228881836,5.440000057220459,3418100,0.00732582313752439,0.007299119632664608,-0.16897152513656669,0.015427322358430586,15.044595691665217,-0.23920495014245013,-1.0509002479341945e-07,0.004382683075241145,0.00271548982348091,0.008631506768395969,0.007920257018615288,0.007615599692392101,66.63666103622354,0.08079709131185453,0.07582151914499723,0.004975572166857303,1.9459101490553132,4.537415504455566,2023-08-07,0.003636430511841038
2023-08-07,11,0.1241533840498463,0.4817962442211775,0.4545454545454545,0.2727272727272727,0.2727272727272727,1,2023-08-07,2023-08-07,2023-08-07,4.553915500640869,5.519999980926514,5.53000020980835,5.460000038146973,5.510000228881836,4206400,2023-08-07,4.553915500640869,0.003636430511841,0.0144928097716363,0.0089285797225067,5.510000228881836,5.53000020980835,5.460000038146973,4206400,0.003636430511841038,0.0036298346837513318,-0.1735180922914387,0.015371425238682158,15.252117970690703,0.23062520113513352,0.0047324273797588745,0.004915347437172812,0.00423222184096228,0.010040630947613538,0.006629851482306656,0.007349753808139202,67.91891166309047,0.08027651768221666,0.07671251885244113,0.0035639988297755387,2.4849066497880004,4.553915500640869,2023-08-08,0.014492809771636361
2023-08-08,6,0.5362865081988275,0.4366381986850887,0.8333333333333334,0.1666666666666666,0.0,1,2023-08-08,2023-08-08,2023-08-08,4.619914531707764,5.599999904632568,5.619999885559082,5.460000038146973,5.519999980926514,9501700,2023-08-08,4.619914531707764,0.0144928097716363,0.0089285797225067,0.001769688073935,5.519999980926514,5.619999885559082,5.460000038146973,9501700,0.014492809771636361,0.01438879279842542,-0.16305895875522697,0.034632642295433336,16.066981393174338,1.2588674400912896,0.016333975037323256,0.016333985698595566,0.01244630530686841,0.020101676564711957,0.008942455804996592,0.007268664333748883,72.47569314249681,0.08421870871068826,0.07821375682409056,0.006004951886597706,1.9459101490553132,4.619914531707764,2023-08-09,0.008928579722506713
2023-08-09,8,0.0239727249136194,0.6821461071030261,0.375,0.5,0.125,1,2023-08-09,2023-08-09,2023-08-09,4.661163806915283,5.650000095367432,5.650000095367432,5.550000190734863,5.599999904632568,18468100,2023-08-09,4.661163806915283,0.0089285797225067,0.001769688073935,-0.0088338302458583,5.599999904632568,5.650000095367432,5.550000190734863,18468100,0.008928579722506713,0.00888895563778358,-0.16764930601885158,0.021453849033198302,16.731555531513273,0.943662712988202,0.01875228420635877,0.022254434154566738,0.014222149476859958,0.023772621581258813,0.006083183028507739,0.007243104767599879,74.87748651951819,0.08963810302350161,0.08049862606397278,0.009139476959528839,2.1972245773362196,4.661163806915283,2023-08-10,0.0017696880739350718
2023-08-10,8,0.1609427246730775,0.3405805349194097,0.5,0.25,0.25,1,2023-08-10,2023-08-10,2023-08-10,4.669412612915039,5.659999847412109,5.670000076293945,5.599999904632568,5.650000095367432,7221500,2023-08-10,4.669412612915039,0.001769688073935,-0.0088338302458583,0.0071302559055705,5.650000095367432,5.670000076293945,5.599999904632568,7221500,0.0017696880739350718,0.0017681240209808102,-0.17355530369926886,0.014991215697615759,15.792573383998734,-0.6089743936842447,0.013247264409695925,0.02110753214546679,0.01062129708522952,0.020835752582426093,0.00495912055467309,0.007251164698935346,75.34088665867259,0.09352057479536136,0.0831030158102505,0.010417558985110861,2.1972245773362196,4.669412612915039,2023-08-11,-0.008833830245858376
2023-08-11,8,0.3166562860133126,0.444898705821723,0.5,0.5,0.0,1,2023-08-11,2023-08-11,2023-08-11,4.628163814544678,5.610000133514404,5.650000095367432,5.579999923706055,5.650000095367432,10889400,2023-08-11,4.628163814544678,-0.0088338302458583,0.0071302559055705,0.005309678021935,5.650000095367432,5.650000095367432,5.579999923706055,10889400,-0.008833830245858376,-0.008873079844761378,-0.18085597585397947,0.015124825841598613,16.203300488804967,0.5079138683099078,0.0003565883905094491,0.01008274769696671,0.0011284563363171962,0.009648428899841965,0.008720716997911814,0.008128143152131858,68.5332082736639,0.09220613343840967,0.08492363933588233,0.007282494102527334,2.1972245773362196,4.628163814544678,2023-08-14,0.007130255905570593
2023-08-14,6,0.2152192538293699,0.4146937820349414,0.5,0.5,0.0,1,2023-08-14,2023-08-14,2023-08-14,4.661163806915283,5.650000095367432,5.659999847412109,5.550000190734863,5.610000133514404,6496600,2023-08-14,4.661163806915283,0.0071302559055705,0.005309678021935,0.008802927260531,5.610000133514404,5.659999847412109,5.550000190734863,6496600,0.007130255905570593,0.007104955823780568,-0.16913303101914887,0.023599182786507324,15.686789675016987,-0.40340147299208406,0.002839973185292166,0.015456571195177071,0.005496027505668355,0.013742207455158972,0.008823794695785628,0.007960304361820391,70.80594896402368,0.09275799634285864,0.08649051073727759,0.006267485605581047,1.9459101490553132,4.661163806915283,2023-08-15,0.005309678021935049
2023-08-15,7,0.6420492269098759,0.2949793604760871,1.0,0.0,0.0,1,2023-08-15,2023-08-15,2023-08-15,4.6859130859375,5.679999828338623,5.699999809265137,5.619999885559082,5.650000095367432,5094900,2023-08-15,4.6859130859375,0.005309678021935,0.008802927260531,-0.0157069409544222,5.650000095367432,5.699999809265137,5.619999885559082,5094900,0.005309678021935049,0.005295631381739163,-0.17063486604547304,0.01707243011957173,15.443750793635658,-0.21575901240648954,0.005309760296503319,0.017921154230229108,0.007197264591592534,0.015593384293356216,0.007053334492488978,0.007592943938515261,72.41511898379295,0.09410759784136058,0.0880139281580942,0.006093669683266384,2.0794415416798357,4.6859130859375,2023-08-16,0.008802927260531002
2023-08-16,4,0.2590227676555515,0.6274783634598576,0.5,0.5,0.0,1,2023-08-16,2023-08-16,2023-08-16,4.727162837982178,5.730000019073486,5.75,5.639999866485596,5.650000095367432,12325400,2023-08-16,4.727162837982178,0.008802927260531,-0.0157069409544222,-0.0159572783683155,5.650000095367432,5.75,5.639999866485596,12325400,0.008802927260531002,0.008764407389710627,-0.16333402509885087,0.023269799938044573,16.327172812860717,1.4191642623015173,0.011295571975587393,0.022119264072158362,0.01065199627834712,0.019983787561194344,0.007026483765615549,0.006491681758298216,74.8985383036903,0.09738310518601434,0.08988776356367822,0.007495341622336116,1.6094379124341003,4.727162837982178,2023-08-17,-0.015706940954422266
2023-08-17,8,0.0093275704421103,0.7363284770393398,0.5,0.5,0.0,1,2023-08-17,2023-08-17,2023-08-17,4.652913570404053,5.639999866485596,5.699999809265137,5.639999866485596,5.699999809265137,13523100,2023-08-17,4.652913570404053,-0.0157069409544222,-0.0159572783683155,0.009008912371573,5.699999809265137,5.699999809265137,5.639999866485596,13523100,-0.015706940954422266,-0.0158316020374063,-0.18369934629806206,0.012895133741831079,16.419909966184537,0.09717331689032394,-0.0038855933025245815,0.002844930404357182,-0.0034875743025019057,0.0032400892014488036,0.010944108771370122,0.009025307734721093,63.769721884811744,0.09291658839640782,0.09049352853022415,0.0024230598661836716,2.1972245773362196,4.652913570404053,2023-08-18,-0.01595727836831551
2023-08-18,9,0.0893330604303628,0.6655431892834459,0.3333333333333333,0.6666666666666666,0.0,1,2023-08-18,2023-08-18,2023-08-18,4.578665733337402,5.550000190734863,5.639999866485596,5.510000228881836,5.639999866485596,18008100,2023-08-18,4.578665733337402,-0.0159572783683155,0.009008912371573,-0.0035713906036364,5.639999866485596,5.639999866485596,5.510000228881836,18008100,-0.01595727836831551,-0.016085966579981292,-0.18817981529661512,0.02839247177561544,16.70633227017137,0.331654724138696,-0.017699029039804803,-0.014034336197525699,-0.013010219569723258,-0.010471586424143031,0.012610972844362772,0.010712700694107607,54.9733399873351,0.08243539777363473,0.08888190237890627,-0.006446504605271533,2.302585092994046,4.578665733337402,2023-08-21,0.009008912371573086
2023-08-21,8,0.0714803789742291,0.6863471438422697,0.375,0.375,0.25,1,2023-08-21,2023-08-21,2023-08-21,4.619914531707764,5.599999904632568,5.619999885559082,5.53000020980835,5.550000190734863,9754400,2023-08-21,4.619914531707764,0.009008912371573,-0.0035713906036364,0.0,5.550000190734863,5.619999885559082,5.53000020980835,9754400,0.009008912371573086,0.008968574208154223,-0.1675829958672396,0.019480809684473493,16.093229125746024,-0.45833263920124834,-0.007092205122926631,-0.006563746481466071,-0.002749451303052708,-0.0012742793681060904,0.012976824417774967,0.010993041747616982,58.40601188689492,0.07657470644033815,0.08642046319119265,-0.0098457567508545,2.1972245773362196,4.619914531707764,2023-08-22,-0.0035713906036364262
2023-08-22,5,0.3103179908357561,0.6651566110471344,0.6,0.4,0.0,1,2023-08-22,2023-08-22,2023-08-22,4.603415012359619,5.579999923706055,5.630000114440918,5.53000020980835,5.599999904632568,7474300,2023-08-22,4.603415012359619,-0.0035713906036364,0.0,0.0,5.599999904632568,5.630000114440918,5.53000020980835,7474300,-0.0035713906036364262,-0.003577783244007371,-0.17796159093655162,0.02172298269091111,15.826981161162847,-0.23375092266054298,-0.007117423594805383,-0.009760363419548113,-0.004216217910184783,-0.003964405046799624,0.012369640598383852,0.01006477709648398,56.54892762309738,0.06979414950539287,0.0830952004540327,-0.013301050948639828,1.791759469228055,4.603415012359619,2023-08-23,0.0
2023-08-23,4,-0.3947878656908869,0.6057623752430663,0.25,0.75,0.0,1,2023-08-23,2023-08-23,2023-08-23,4.603415012359619,5.579999923706055,5.590000152587891,5.539999961853027,5.579999923706055,6284900,2023-08-23,4.603415012359619,0.0,0.0,0.0053761831419958,5.579999923706055,5.590000152587891,5.539999961853027,6284900,0.0,0.0,-0.17501521948011417,0.010861543137131618,15.653660648092448,-0.15913195884564446,-0.0017888897137755544,-0.008528724977126423,-0.002814767831638143,-0.0032459438084752046,0.010696846814667395,0.00953610561303483,56.54892762309738,0.063686372425245,0.07921343484827517,-0.015527062423030175,1.6094379124341003,4.603415012359619,2023-08-24,0.0
2023-08-24,6,0.4138549750981232,0.4761706280435158,0.8333333333333334,0.1666666666666666,0.0,1,2023-08-24,2023-08-24,2023-08-24,4.603415012359619,5.579999923706055,5.630000114440918,5.539999961853027,5.539999961853027,3664300,2023-08-24,4.603415012359619,0.0,0.0053761831419958,-0.0017824094322221,5.539999961853027,5.630000114440918,5.539999961853027,3664300,0.0,0.0,-0.1690586563073076,0.01955073621349606,15.114148152057,-0.4169676526277267,0.0003585476253455955,-0.007117403171983838,-0.0018782741896814503,-0.0026573404938293743,0.009033507210658714,0.009491086953983431,56.54892762309738,0.0581753063661532,0.07500580915185079,-0.016830502785697588,1.9459101490553132,4.603415012359619,2023-08-25,0.005376183141995838
2023-08-25,5,-0.2647645344957709,0.7845385587858948,0.2,0.6,0.2,1,2023-08-25,2023-08-25,2023-08-25,4.628163814544678,5.610000133514404,5.610000133514404,5.559999942779541,5.599999904632568,4321300,2023-08-25,4.628163814544678,0.0053761831419958,-0.0017824094322221,0.0053570859054545,5.599999904632568,5.610000133514404,5.559999942779541,4321300,0.005376183141995838,0.005361783058010383,-0.1735421618996716,0.010803461748205716,15.27906707228891,0.17929754659825892,0.003577696783094053,-0.0017794844929359677,0.002322507182149103,0.002211731198901834,0.004985765622321347,0.009313495405049266,58.991698751415726,0.05516881653557437,0.0710384106285955,-0.015869594093021133,1.791759469228055,4.628163814544678,2023-08-28,-0.0017824094322221873
2023-08-28,8,0.0690859069873113,0.6370427494709041,0.5,0.5,0.0,1,2023-08-28,2023-08-28,2023-08-28,4.619914531707764,5.599999904632568,5.630000114440918,5.579999923706055,5.610000133514404,5802500,2023-08-28,4.619914531707764,-0.0017824094322221,0.0053570859054545,0.0,5.610000133514404,5.630000114440918,5.579999923706055,5802500,-0.0017824094322221873,-0.0017839998140030122,-0.17648584282410668,0.010822752324030674,15.573799589470223,0.3427672228264642,0.0017889104303800973,-0.0026714183253051527,0.00035724157197569717,0.00034801090288327785,0.003347949342635317,0.00897999637962353,57.824773830057325,0.051526537649576376,0.06713603603279168,-0.015609498383215306,2.1972245773362196,4.619914531707764,2023-08-29,0.005357085905454584
2023-08-29,6,0.0301939556375146,0.718977172036249,0.5,0.5,0.0,1,2023-08-29,2023-08-29,2023-08-29,4.6446638107299805,5.630000114440918,5.659999847412109,5.579999923706055,5.599999904632568,7190300,2023-08-29,4.6446638107299805,0.0053570859054545,0.0,0.0195381870006321,5.599999904632568,5.659999847412109,5.579999923706055,7190300,0.005357085905454584,0.005342787762278256,-0.1705957339592616,0.01722405042992368,15.788243592520551,0.23917277035760454,0.005357106658722799,0.003565003876688566,0.0038035801069769004,0.00466449182242723,0.003344963392492882,0.008983622535898409,60.35835444571835,0.050060004795942525,0.06372082978542185,-0.01366082498947932,1.9459101490553132,4.6446638107299805,2023-08-30,0.0
2023-08-30,12,0.4884590592118911,0.6609124326339787,0.75,0.1666666666666666,0.0833333333333333,1,2023-08-30,2023-08-30,2023-08-30,4.6446638107299805,5.630000114440918,5.699999809265137,5.619999885559082,5.619999885559082,16601400,2023-08-30,4.6446638107299805,0.0,0.0195381870006321,-0.0052265262722464,5.619999885559082,5.699999809265137,5.619999885559082,16601400,0.0,0.0,-0.17354734780961198,0.01722405042992368,16.62499764735586,1.308860548238599,0.0035650452353839235,0.00535709628208858,0.002532509204107969,0.0038131684923041753,0.003344963392492882,0.00834127155467438,60.35835444571835,0.048340527434310054,0.06064476931519949,-0.012304241880889438,2.5649493574615367,4.6446638107299805,2023-09-01,0.019538187000632146
2023-09-01,7,0.281601667803313,0.6180907652546843,0.7142857142857143,0.1428571428571428,0.1428571428571428,2,2023-08-31,2023-09-01,2023-09-01,4.735412120819092,5.739999771118164,5.78000020980835,5.659999847412109,5.760000228881836,22632400,2023-09-01,4.735412120819092,0.0195381870006321,-0.0052265262722464,-0.0105077702899338,5.760000228881836,5.78000020980835,5.659999847412109,22632400,0.019538187000632146,0.019349766927882817,-0.1778798728036931,0.025341059940414138,16.934893110081582,0.3632826147192405,0.017369727809764868,0.023172855131413428,0.014638846603550526,0.019085321904592556,0.008369502581012694,0.009181987056494747,68.42460134293691,0.05368165079131515,0.05925214561042263,-0.0055704948191074785,2.0794415416798357,4.735412120819092,2023-09-04,-0.005226526272246401
2023-09-04,9,0.6193628812777914,0.5815404957550458,0.7777777777777778,0.2222222222222222,0.0,1,2023-09-04,2023-09-04,2023-09-04,4.710662364959717,5.710000038146973,5.760000228881836,5.710000038146973,5.739999771118164,10575100,2023-09-04,4.710662364959717,-0.0052265262722464,-0.0105077702899338,0.0123893510178698,5.739999771118164,5.760000228881836,5.710000038146973,10575100,-0.005226526272246401,-0.005240232338284745,-0.17932708139427855,0.01061425907039951,16.17401283367843,-0.5327450911083226,0.00847752093935994,0.014930602878522548,0.006204565129531936,0.011229309282261735,0.009707580404388232,0.007313473998547519,64.56590891902883,0.055280195395157605,0.058457755567369624,-0.0031775601722120184,2.302585092994046,4.710662364959717,2023-09-05,-0.010507770289933882
2023-09-05,5,-0.516077971458435,0.282338669031341,0.0,0.8,0.2,1,2023-09-05,2023-09-05,2023-09-05,4.661163806915283,5.650000095367432,5.710000038146973,5.610000133514404,5.710000038146973,13505800,2023-09-05,4.661163806915283,-0.0105077702899338,0.0123893510178698,0.0034964663984242,5.710000038146973,5.710000038146973,5.610000133514404,13505800,-0.010507770289933882,-0.010563366714092748,-0.18368410231605903,0.021453849033198302,16.418629854816164,0.27713213113823976,-0.003878640989904314,0.003374214728264713,-0.002916514372084955,0.0004937545367009744,0.01152588647887731,0.008059298868979565,57.5730691078759,0.05195403972345325,0.05715701239858635,-0.005202972675133102,1.791759469228055,4.661163806915283,2023-09-06,0.012389351017869865
2023-09-06,8,0.4349366942769848,0.4795878595241528,0.75,0.125,0.125,1,2023-09-06,2023-09-06,2023-09-06,4.718912601470947,5.71999979019165,5.739999771118164,5.619999885559082,5.619999885559082,12523600,2023-09-06,4.718912601470947,0.0123893510178698,0.0034964663984242,-0.00871080998973,5.619999885559082,5.739999771118164,5.619999885559082,12523600,0.012389351017869865,0.012313231081427345,-0.1603358189389881,0.025429563056895033,16.343125502089887,-0.07272431103673982,0.00527243319056625,0.01328610667589003,0.006271408145123614,0.010521071709069574,0.012455143209570248,0.00863148435377592,62.65488751014422,0.05336274991988077,0.05639815990284524,-0.0030354099829644696,2.1972245773362196,4.718912601470947,2023-09-07,0.0034964663984242694
2023-09-07,6,-0.3497718224922816,0.4216076945487823,0.1666666666666666,0.8333333333333334,0.0,1,2023-09-07,2023-09-07,2023-09-07,4.735412120819092,5.739999771118164,5.75,5.699999809265137,5.71999979019165,4663100,2023-09-07,4.735412120819092,0.0034964663984242,-0.00871080998973,0.0035149013553223,5.71999979019165,5.75,5.699999809265137,4663100,0.0034964663984242694,0.003490367970950148,-0.1721307177424861,0.010558783366507637,15.355191235431503,-0.6276549873838193,0.0049019493756792265,0.01395511657828341,0.0065053063199829175,0.011469684072990649,0.012325329016403817,0.008589026254406997,63.982301929900494,0.055174518712148846,0.05615343166470596,-0.000978912952557115,1.9459101490553132,4.735412120819092,2023-09-08,-0.008710809989730062
2023-09-08,7,-0.3341067438679082,0.3941251541044648,0.0,0.8571428571428571,0.1428571428571428,1,2023-09-08,2023-09-08,2023-09-08,4.694162845611572,5.690000057220459,5.75,5.670000076293945,5.739999771118164,7476900,2023-09-08,4.694162845611572,-0.00871080998973,0.0035149013553223,-0.0017512950483222,5.739999771118164,5.75,5.670000076293945,7476900,-0.008710809989730062,-0.00874897086477322,-0.1822015622315714,0.017042426165688764,15.827328959289874,0.6034183268641033,-0.002104543003397019,0.0031734705929169493,-0.001509251499250741,0.0021744646323864636,0.00954825944656364,0.009322191241246131,58.39410763449749,0.0526746857697411,0.05545768248571299,-0.002782996715971889,2.0794415416798357,4.694162845611572,2023-09-11,0.0035149013553223973
2023-09-11,11,0.1349061799066311,0.6955897567266403,0.4545454545454545,0.4545454545454545,0.0909090909090909,1,2023-09-11,2023-09-11,2023-09-11,4.710662364959717,5.710000038146973,5.71999979019165,5.659999847412109,5.659999847412109,5188200,2023-09-11,4.710662364959717,0.0035149013553223,-0.0017512950483222,0.0,5.659999847412109,5.71999979019165,5.659999847412109,5188200,0.0035149013553223973,0.003508738526488475,-0.16772747491971277,0.01273705014943352,15.461897566921634,-0.30610279661356976,0.0014029610908705692,0.004927790175998981,0.0013326747208890488,0.004656366038992443,0.00954411650853679,0.009265545340668663,59.90268163898321,0.051432046850957036,0.054652555358761803,-0.0032205085078047674,2.4849066497880004,4.710662364959717,2023-09-12,-0.0017512950483222767
2023-09-12,7,0.2796083001552948,0.583249897166538,0.5714285714285714,0.4285714285714285,0.0,1,2023-09-12,2023-09-12,2023-09-12,4.7024126052856445,5.699999809265137,5.730000019073486,5.670000076293945,5.699999809265137,8339300,2023-09-12,4.7024126052856445,-0.0017512950483222,0.0,-0.0017543674633738,5.699999809265137,5.730000019073486,5.670000076293945,8339300,-0.0017512950483222767,-0.0017528303582776683,-0.17501530480017763,0.012759395615795047,15.936489957872787,0.6073590069773718,-0.0021008586182944544,0.0014054563657164287,-0.0002806755399011873,0.0023689565037665616,0.007762752562474805,0.009264211247793861,58.755544548898364,0.049214248671630045,0.053564894021335456,-0.004350645349705411,2.0794415416798357,4.7024126052856445,2023-09-13,0.0
2023-09-13,4,0.3561768343206495,0.606957009446915,0.75,0.25,0.0,1,2023-09-13,2023-09-13,2023-09-13,4.7024126052856445,5.699999809265137,5.730000019073486,5.679999828338623,5.699999809265137,7232300,2023-09-13,4.7024126052856445,0.0,-0.0017543674633738,0.015817360841569,5.699999809265137,5.730000019073486,5.679999828338623,7232300,0.0,0.0,-0.17501530480017763,0.010632880381160439,15.794067800763258,-0.13274495461249747,-0.0014015471598189944,0.0001754472421400255,-0.00018713453462970708,0.0019374026626020058,0.005028507141174122,0.009190904294979148,58.755544548898364,0.0469158113667838,0.05223507749042513,-0.005319266123641329,1.6094379124341003,4.7024126052856445,2023-09-14,-0.0017543674633738737
2023-09-14,6,-0.0862176980978499,0.8423255594745994,0.3333333333333333,0.6666666666666666,0.0,1,2023-09-14,2023-09-14,2023-09-14,4.694162845611572,5.690000057220459,5.75,5.679999828338623,5.699999809265137,13128300,2023-09-14,4.694162845611572,-0.0017543674633738,0.015817360841569,-0.0034602705877,5.699999809265137,5.75,5.679999828338623,13128300,-0.0017543674633738737,-0.0017559081682108069,-0.1764626311072176,0.014912173685413992,16.390280839581845,0.8152316690402777,-0.0014039865923785033,-0.0026292751784623425,-0.0012949537068673855,0.00014697034044464097,0.004450677298892541,0.009234569877827697,57.47896649335536,0.04392228779078966,0.05057251955049804,-0.006650231759708379,1.9459101490553132,4.694162845611572,2023-09-15,0.01581736084156904
2023-09-15,4,0.234210536815226,0.6260524344678192,0.75,0.25,0.0,1,2023-09-15,2023-09-15,2023-09-15,4.768412113189697,5.78000020980835,5.78000020980835,5.690000057220459,5.699999809265137,21882000,2023-09-15,4.768412113189697,0.015817360841569,-0.0034602705877,-0.0017360926445906,5.699999809265137,5.78000020980835,5.690000057220459,21882000,0.01581736084156904,0.015693570045782534,-0.16343644337692406,0.018874239568963665,16.901174984718534,0.6667809236534814,0.01119676526567015,0.01243662529636036,0.00962143979231822,0.013025813220925109,0.007392428957281004,0.008450747598404489,64.87572511204554,0.0469994141657919,0.049857898473556816,-0.002858484307764919,1.6094379124341003,4.768412113189697,2023-09-18,-0.003460270587700043
2023-09-18,10,-0.0044203328201547,0.6895594829558178,0.4,0.4,0.2,1,2023-09-18,2023-09-18,2023-09-18,4.7519121170043945,5.760000228881836,5.769999980926514,5.739999771118164,5.75,7805000,2023-09-18,4.7519121170043945,-0.0034602705877,-0.0017360926445906,0.0080717268815273,5.75,5.769999980926514,5.739999771118164,7805000,-0.003460270587700043,-0.0034662711703954407,-0.17358050139054007,0.006313292222092218,15.87027524005466,-0.6433141394753679,0.005937865461303593,0.00805044876002703,0.004076923318905523,0.007776015047358031,0.007947289812576752,0.008330092428357713,62.28284503692316,0.04755842329192905,0.04939800343723127,-0.001839580145302215,2.3978952727983707,4.7519121170043945,2023-09-19,-0.0017360926445906255
2023-09-19,4,-0.5541251935064794,0.3496023980082144,0.0,1.0,0.0,1,2023-09-19,2023-09-19,2023-09-19,4.743662357330322,5.75,5.789999961853027,5.730000019073486,5.78000020980835,8423100,2023-09-19,4.743662357330322,-0.0017360926445906,0.0080717268815273,-0.0053380970994607,5.78000020980835,5.789999961853027,5.730000019073486,8423100,-0.0017360926445906255,-0.0017376013999046425,-0.17929719980276432,0.01264844296660867,15.946488608202696,0.07919282511210768,0.0024407597814541937,0.004542341088165536,0.0015546258010687986,0.004925312604777687,0.007945608431246743,0.007405497964495512,60.97075417976675,0.046796316584367226,0.048877666066658464,-0.002081349482291238,1.6094379124341003,4.743662357330322,2023-09-20,0.008071726881527352
2023-09-20,9,-0.167495405818853,0.7691592545329002,0.3333333333333333,0.5555555555555556,0.1111111111111111,1,2023-09-20,2023-09-20,2023-09-20,4.781951904296875,5.619999885559082,5.639999866485596,5.550000190734863,5.579999923706055,10520600,2023-09-20,4.781951904296875,0.0080717268815273,-0.0053380970994607,0.0,5.579999923706055,5.639999866485596,5.550000190734863,10520600,0.008071726881527352,0.008039324738156273,-0.14301936027252526,0.018820698650244105,16.168845892919588,0.24901758260023032,0.007146481038141195,0.011300693911882043,0.006405353940388103,0.010641245627173834,0.008307005875943978,0.006821049442331044,64.6889302809708,0.04872036987253381,0.04884620682783354,-0.00012583695529973238,2.302585092994046,4.781951904296875,2023-09-21,-0.005338097099460759
2023-09-21,6,-0.1067367525150378,0.6917764952343014,0.3333333333333333,0.5,0.1666666666666666,1,2023-09-21,2023-09-21,2023-09-21,4.756425380706787,5.590000152587891,5.639999866485596,5.570000171661377,5.630000114440918,13143300,2023-09-21,4.756425380706787,-0.0053380970994607,0.0,-0.0089446089287491,5.630000114440918,5.639999866485596,5.570000171661377,13143300,-0.005338097099460759,-0.005352395647173269,-0.15516424795328454,0.01471687017484905,16.39142275712688,0.24929186548295723,-0.0008502083701651397,0.005455453883449479,0.0006884725475893028,0.0042883731056486685,0.008988259497032997,0.00707921008000706,60.54766256957517,0.047636297263511374,0.04860422491496911,-0.0009679276514577353,1.9459101490553132,4.756425380706787,2023-09-22,0.0
2023-09-22,9,-0.2307699067104194,0.5067523566624408,0.3333333333333333,0.6666666666666666,0.0,1,2023-09-22,2023-09-22,2023-09-22,4.756425380706787,5.590000152587891,5.619999885559082,5.559999942779541,5.579999923706055,8715000,2023-09-22,4.756425380706787,0.0,-0.0089446089287491,0.0018052292573382,5.579999923706055,5.619999885559082,5.559999942779541,8715000,0.0,0.0,-0.1475940061397485,0.01261450311465314,15.980556351680946,-0.33692451667389467,-0.0003467888071998493,0.004133852287229622,0.0004588763904602722,0.0035059353121302816,0.005182242142513591,0.006319849934067514,60.54766256957517,0.04624408884033482,0.048132197700042255,-0.0018881088597074366,2.302585092994046,4.756425380706787,2023-09-25,-0.008944608928749154
2023-09-25,6,-0.1109872261683145,0.7701028458459525,0.3333333333333333,0.6666666666666666,0.0,1,2023-09-25,2023-09-25,2023-09-25,4.713881015777588,5.539999961853027,5.599999904632568,5.539999961853027,5.590000152587891,7969300,2023-09-25,4.713881015777588,-0.0089446089287491,0.0018052292573382,0.0,5.590000152587891,5.599999904632568,5.539999961853027,7969300,-0.008944608928749154,-0.008984852095851537,-0.15672971608143935,0.012728353256842568,15.891107343030601,-0.08556511761331043,-0.00770201645056201,-0.004915347607655773,-0.005675953980151416,-0.004479936939688511,0.0064038447834284095,0.007030833142972127,53.88031354975384,0.041232476618818126,0.04675225348379743,-0.0055197768649793075,1.9459101490553132,4.713881015777588,2023-09-26,0.001805229257338281
2023-09-26,9,0.1624760700182782,0.5224548334046859,0.7777777777777778,0.2222222222222222,0.0,1,2023-09-26,2023-09-26,2023-09-26,4.722390651702881,5.550000190734863,5.579999923706055,5.53000020980835,5.539999961853027,12927500,2023-09-26,4.722390651702881,0.0018052292573382,0.0,-0.021621897798279,5.539999961853027,5.579999923706055,5.53000020980835,12927500,0.001805229257338281,0.0018036017893432454,-0.14758290898555734,0.010587797068350396,16.37486746060699,0.6221625487809468,-0.0050196241857414226,-0.0035392290164559803,-0.0025906655133480783,-0.0021960852957768617,0.0065770588152220455,0.007017258020895229,54.94891240792499,0.03751494538951761,0.044904791864941465,-0.0073898464754238585,2.302585092994046,4.722390651702881,2023-09-27,0.0
2023-09-27,4,-0.4845880065113306,0.2509494124190726,0.0,1.0,0.0,1,2023-09-27,2023-09-27,2023-09-27,4.722390651702881,5.550000190734863,5.550000190734863,5.53000020980835,5.550000190734863,8701800,2023-09-27,4.722390651702881,0.0,-0.021621897798279,-0.0055246759951068,5.550000190734863,5.550000190734863,5.53000020980835,8701800,0.0,0.0,-0.149118830736905,0.004235139022075976,15.979040573695142,-0.32687681299555216,-0.0025160969592322724,-0.00395911219866818,-0.0017286030863661317,-0.0017975147866885477,0.004489506567807646,0.007017258020895229,54.94891240792499,0.03417482895186552,0.04275879928232628,-0.00858397033046076,1.6094379124341003,4.722390651702881,2023-09-29,-0.021621897798279055
2023-09-29,8,0.2735936695244164,0.5049554105484391,0.625,0.25,0.125,2,2023-09-28,2023-09-29,2023-09-29,4.620283603668213,5.429999828338623,5.559999942779541,5.380000114440918,5.550000190734863,36339100,2023-09-29,4.620283603668213,-0.021621897798279,-0.0055246759951068,0.0018517200147032,5.550000190734863,5.559999942779541,5.380000114440918,36339100,-0.021621897798279055,-0.02185907609254789,-0.16751649641719177,0.03895861028870924,17.40840488204622,3.176044036865936,-0.01843834455042881,-0.023974512831733685,-0.015663807572629973,-0.019211205373843576,0.009814901038998493,0.009921129578338938,41.55130760674613,0.023023180287671252,0.03881167548339528,-0.015788495195724027,2.1972245773362196,4.620283603668213,2023-10-02,-0.005524675995106865
2023-10-02,9,-0.0639096802721421,0.600261649448862,0.4444444444444444,0.5555555555555556,0.0,2,2023-09-30,2023-10-02,2023-10-02,4.594758033752441,5.400000095367432,5.480000019073486,5.380000114440918,5.429999828338623,9387700,2023-10-02,4.594758033752441,-0.0055246759951068,0.0018517200147032,-0.0018482974852567,5.429999828338623,5.480000019073486,5.380000114440918,9387700,-0.005524675995106865,-0.005539993459601211,-0.15381985653611602,0.021763910938940253,16.054910986276703,-0.7416639377419914,-0.01710955989620999,-0.025792949440314183,-0.014167618847153451,-0.020242257679224496,0.00930306494941185,0.007851980199754768,38.99185899951788,0.01198753338896541,0.0334468470645093,-0.021459313675543892,2.302585092994046,4.594758033752441,2023-10-03,0.0018517200147032398
2023-10-03,7,0.0715046011443648,0.6033804341883027,0.4285714285714285,0.5714285714285714,0.0,1,2023-10-03,2023-10-03,2023-10-03,4.60326623916626,5.409999847412109,5.460000038146973,5.389999866485596,5.409999847412109,14460800,2023-10-03,4.60326623916626,0.0018517200147032,-0.0018482974852567,0.0018517200147032,5.409999847412109,5.460000038146973,5.389999866485596,14460800,0.0018517200147032398,0.0018500076946958988,-0.14911897060990736,0.01520663112330764,16.486952167351564,0.540398606687474,-0.010607274994827498,-0.02090319535647367,-0.008262079425744528,-0.015128159089118798,0.009929296763917727,0.008045411000353397,40.311630173345826,0.0038834784627175267,0.02753417334415095,-0.023650694881433423,2.0794415416798357,4.60326623916626,2023-10-04,-0.0018482974852567224
2023-10-04,4,-0.4663182692602277,0.4877114950581305,0.25,0.75,0.0,1,2023-10-04,2023-10-04,2023-10-04,4.594758033752441,5.400000095367432,5.420000076293945,5.380000114440918,5.400000095367432,19660000,2023-10-04,4.594758033752441,-0.0018482974852567,0.0018517200147032,0.0018486082453563,5.400000095367432,5.420000076293945,5.380000114440918,19660000,-0.0018482974852567224,-0.0018500076946958988,-0.14911889766553776,0.0087055643755761,16.794096723547995,0.3595375082982961,-0.006987819447024535,-0.01960782119254767,-0.006752794144773255,-0.0139098143607842,0.009454145225105943,0.00804330778081367,39.39388038718641,-0.0031888257257612906,0.021389573530168505,-0.024578399255929795,1.6094379124341003,4.594758033752441,2023-10-05,0.0018517200147032398
2023-10-05,5,-0.0265442639589309,0.3221433798581582,0.4,0.6,0.0,1,2023-10-05,2023-10-05,2023-10-05,4.60326623916626,5.409999847412109,5.440000057220459,5.389999866485596,5.400000095367432,24914600,2023-10-05,4.60326623916626,0.0018517200147032,0.0018486082453563,0.0,5.400000095367432,5.440000057220459,5.389999866485596,24914600,0.0018517200147032398,0.0018500076946958988,-0.1475433040982122,0.010861894171891148,17.030964575120283,0.2672736520854526,-4.143467824402336e-08,-0.014033263587361011,-0.0032810929118642918,-0.009908557265210227,0.00975155305506356,0.0072832652000611115,40.84423985280321,-0.008014747655510135,0.015508709293032778,-0.023523456948542912,1.791759469228055,4.60326623916626,2023-10-06,0.0018486082453563757
2023-10-06,5,0.2536103089340031,0.4965013480931206,0.8,0.2,0.0,1,2023-10-06,2023-10-06,2023-10-06,4.611775875091553,5.420000076293945,5.440000057220459,5.389999866485596,5.409999847412109,20448400,2023-10-06,4.611775875091553,0.0018486082453563,0.0,0.0239852888794454,5.409999847412109,5.440000057220459,5.389999866485596,20448400,0.0018486082453563757,0.0018469016720004117,-0.14754602492315957,0.010841851835193678,16.833415246686986,-0.179260353367102,0.002219025736408531,-0.009140691070938733,-0.0009594935077800182,-0.006619212551347897,0.0032996280545897244,0.007464416095547372,42.33072763298259,-0.011025573108930153,0.010201852812640192,-0.021227425921570345,1.791759469228055,4.611775875091553,2023-10-09,0.0
2023-10-09,7,0.6231194220350257,0.4033037396108235,0.8571428571428571,0.1428571428571428,0.0,1,2023-10-09,2023-10-09,2023-10-09,4.611775875091553,5.420000076293945,5.46999979019165,5.400000095367432,5.420000076293945,8085200,2023-10-09,4.611775875091553,0.0,0.0239852888794454,0.0090089726220976,5.420000076293945,5.46999979019165,5.400000095367432,8085200,0.0,0.0,-0.14911885421135182,0.015178468494596807,15.90554591153775,-0.6046047612527141,0.001478277801080674,-0.0060516436577993105,-0.0006398669879270624,-0.005422244995126002,0.0016543681635565,0.007464416095547372,42.33072763298259,-0.013258834383160334,0.005509715373480087,-0.01876854975664042,2.0794415416798357,4.611775875091553,2023-10-10,0.0239852888794454
2023-10-10,6,0.0284517037992675,0.9109654131584372,0.5,0.5,0.0,1,2023-10-10,2023-10-10,2023-10-10,4.722390651702881,5.550000190734863,5.579999923706055,5.420000076293945,5.420000076293945,15660600,2023-10-10,4.722390651702881,0.0239852888794454,0.0090089726220976,0.0107141227396707,5.420000076293945,5.579999923706055,5.420000076293945,15660600,0.0239852888794454,0.023702160185452792,-0.12871022412753758,0.03388111217660781,16.56665862582372,0.9369465195666156,0.020220673071534634,0.017601863492208603,0.015433362499031933,0.015031160861526338,0.010630652476435114,0.011003643676189657,58.17498644915449,-0.006033471898156506,0.0032010779191527687,-0.009234549817309274,1.9459101490553132,4.722390651702881,2023-10-11,0.009008972622097655
2023-10-11,9,0.305696637266212,0.4533724626008104,0.6666666666666666,0.1111111111111111,0.2222222222222222,1,2023-10-11,2023-10-11,2023-10-11,4.764934539794922,5.599999904632568,5.639999866485596,5.53000020980835,5.590000152587891,24099200,2023-10-11,4.764934539794922,0.0090089726220976,0.0107141227396707,0.0,5.590000152587891,5.639999866485596,5.53000020980835,24099200,0.009008972622097655,0.00896863392073155,-0.14759670666753105,0.023085239840877306,16.997689244384322,0.538842700790519,0.021897846048524183,0.025828977250626828,0.01625439743416024,0.0196934309274428,0.009924758262035163,0.011348286566278211,62.44830895169539,0.0030899965848805167,0.0031788616522983185,-8.886506741780185e-05,2.302585092994046,4.764934539794922,2023-10-12,0.010714122739670762
2023-10-12,8,0.4446683817077428,0.619227320641371,0.75,0.125,0.125,1,2023-10-12,2023-10-12,2023-10-12,4.815986633300781,5.659999847412109,5.670000076293945,5.619999885559082,5.619999885559082,11273900,2023-10-12,4.815986633300781,0.0107141227396707,0.0,-0.0088338883247444,5.619999885559082,5.670000076293945,5.619999885559082,11273900,0.010714122739670762,0.010657133227006232,-0.14306285918692985,0.010382128220441956,16.23800096631847,-0.5321877904660736,0.02350800351094584,0.034734843264532245,0.017932865890997185,0.02491285205831284,0.009481264894219006,0.011746860566433698,66.82816767948859,0.014275331242030731,0.005398155570244801,0.00887717567178593,2.1972245773362196,4.815986633300781,2023-10-13,0.0
2023-10-13,7,0.1724636309913227,0.5769160801100608,0.4285714285714285,0.5714285714285714,0.0,1,2023-10-13,2023-10-13,2023-10-13,4.815986633300781,5.659999847412109,5.670000076293945,5.599999904632568,5.670000076293945,9192600,2023-10-13,4.815986633300781,0.0,-0.0088338883247444,0.0,5.670000076293945,5.670000076293945,5.599999904632568,9192600,0.0,0.0,-0.15061965282218634,0.01453495970635621,16.033909479315046,-0.1846122459840871,0.014700507377580774,0.03040224773722744,0.011884204644627028,0.02029133078916212,0.00986361401593458,0.008432776720012664,66.82816767948857,0.022876088238463765,0.008893742103888595,0.01398234613457517,2.0794415416798357,4.815986633300781,2023-10-16,-0.00883388832474441
2023-10-16,7,0.2866352413381849,0.6319015724229515,0.5714285714285714,0.4285714285714285,0.0,2,2023-10-15,2023-10-16,2023-10-16,4.77344274520874,5.610000133514404,5.659999847412109,5.579999923706055,5.659999847412109,21005500,2023-10-16,4.77344274520874,-0.0088338883247444,0.0,-0.0071300172266793,5.659999847412109,5.659999847412109,5.579999923706055,21005500,-0.00883388832474441,-0.008873138441281014,-0.15663553464735955,0.016759376403195202,16.860294913765117,1.2850444923090314,-0.001068419778508689,0.017410188807156946,0.0019616291720432333,0.009208727677006312,0.012308935639052724,0.008907854571012275,60.058069596797495,0.02596006246777538,0.012307006176665953,0.013653056291109427,2.0794415416798357,4.77344274520874,2023-10-17,0.0
2023-10-17,4,0.5616205697879195,0.2443055003240261,1.0,0.0,0.0,1,2023-10-17,2023-10-17,2023-10-17,4.77344274520874,5.610000133514404,5.650000095367432,5.550000190734863,5.610000133514404,11328500,2023-10-17,4.77344274520874,0.0,-0.0071300172266793,0.0017954054723798,5.610000133514404,5.650000095367432,5.550000190734863,11328500,0.0,0.0,-0.14911896049841977,0.020949220503994004,16.242832320632584,-0.4606888672014472,-0.003198305707912019,0.013733239399336794,0.0013068982314634603,0.00752181966501797,0.007910066857199369,0.008973196668858525,60.058069596797495,0.028080440425580555,0.015461693026448873,0.012618747399131682,1.6094379124341003,4.77344274520874,2023-10-18,-0.007130017226679386
2023-10-18,4,-0.3233135184273124,0.4676058846688257,0.25,0.75,0.0,1,2023-10-18,2023-10-18,2023-10-18,4.739408016204834,5.570000171661377,5.610000133514404,5.539999961853027,5.610000133514404,25811200,2023-10-18,4.739408016204834,-0.0071300172266793,0.0017954054723798,0.0071683493513776,5.610000133514404,5.610000133514404,5.539999961853027,25811200,-0.007130017226679386,-0.007155557272558566,-0.15518575696792092,0.014769813323105877,17.066319102964002,1.2784305071280397,-0.009249277729746042,0.003422865954426202,-0.003895865598563697,0.00027666895342903786,0.007716137485060358,0.009475649822630192,54.89809930141498,0.02670667907112101,0.0177106902353833,0.008995988835737708,1.6094379124341003,4.739408016204834,2023-10-19,0.0017954054723798851
2023-10-19,4,-0.6487136911600828,0.1481782406607043,0.0,1.0,0.0,1,2023-10-19,2023-10-19,2023-10-19,4.747917175292969,5.579999923706055,5.599999904632568,5.539999961853027,5.539999961853027,22416900,2023-10-19,4.747917175292969,0.0017954054723798,0.0071683493513776,0.0071173298446025,5.539999961853027,5.599999904632568,5.539999961853027,22416900,0.0017954054723798851,0.0017937956585323267,-0.1429752332155471,0.012637108139073368,16.925325741255072,-0.1315049280932309,-0.004637757805075027,0.002155280652984981,-0.001405957520367318,0.0016951012720765046,0.004794500247655585,0.009476520181169417,55.91783535569882,0.0260048140161544,0.019369514991537523,0.006635299024616875,1.6094379124341003,4.747917175292969,2023-10-20,0.0071683493513776675
2023-10-20,10,-0.1921332337893546,0.7919449918550476,0.3,0.7,0.0,1,2023-10-20,2023-10-20,2023-10-20,4.781951904296875,5.619999885559082,5.650000095367432,5.559999942779541,5.590000152587891,23342100,2023-10-20,4.781951904296875,0.0071683493513776,0.0071173298446025,0.0035336147366853,5.590000152587891,5.650000095367432,5.559999942779541,23342100,0.0071683493513776675,0.007142778861251031,-0.1445524554980432,0.018820798366252913,16.965769197909346,0.041272432851999996,0.00392997549178653,0.005726560389349489,0.00382753656089152,0.007250156029059207,0.006589442688468403,0.009545109844364274,59.82998337827709,0.02787358970256193,0.021070329933742405,0.006803259768819524,2.3978952727983707,4.781951904296875,2023-10-23,0.00711732984460256
2023-10-23,10,0.0336028008721769,0.6093578978942369,0.4,0.6,0.0,1,2023-10-23,2023-10-23,2023-10-23,4.815986633300781,5.659999847412109,5.699999809265137,5.590000152587891,5.639999866485596,14288600,2023-10-23,4.815986633300781,0.0071173298446025,0.0035336147366853,0.0017605368038915,5.639999866485596,5.699999809265137,5.590000152587891,14288600,0.00711732984460256,0.007092121194056222,-0.14610164054813615,0.022840523666872083,16.47497264448366,-0.3878614177816049,0.009272367403403203,0.008553010961110274,0.0072880836163460305,0.01176658742904757,0.005917725942753675,0.009506254794655984,63.33425354029384,0.03173510356883291,0.023203284660760506,0.008531818908072406,2.3978952727983707,4.815986633300781,2023-10-24,0.003533614736685342
2023-10-24,11,0.0567969639616256,0.6575623962820245,0.5454545454545454,0.4545454545454545,0.0,1,2023-10-24,2023-10-24,2023-10-24,4.833004474639893,5.679999828338623,5.699999809265137,5.610000133514404,5.659999847412109,17871600,2023-10-24,4.833004474639893,0.0035336147366853,0.0017605368038915,-0.0017574427612297,5.659999847412109,5.699999809265137,5.610000133514404,17871600,0.003533614736685342,0.0035273861886784275,-0.1461122606125757,0.018621889597451344,16.698723474616656,0.2507593466119844,0.01031655667384701,0.00977774945703569,0.0072055803603188195,0.012517449712193374,0.00586121186896576,0.0065654516906957896,64.97933285373853,0.03575640116554002,0.02571390796171641,0.01004249320382361,2.4849066497880004,4.833004474639893,2023-10-25,0.0017605368038915437
2023-10-25,6,0.6730835777319347,0.2436280371493768,1.0,0.0,0.0,1,2023-10-25,2023-10-25,2023-10-25,4.841513156890869,5.690000057220459,5.710000038146973,5.670000076293945,5.699999809265137,15502800,2023-10-25,4.841513156890869,0.0017605368038915,-0.0017574427612297,0.0,5.699999809265137,5.710000038146973,5.670000076293945,15502800,0.0017605368038915437,0.0017589888754963035,-0.15061169843880162,0.008261871972008557,16.556531275240868,-0.13254549117034853,0.007793069547623377,0.009939611346798216,0.005968006717171237,0.011669678378401604,0.0027143542371125904,0.006132927072022796,65.80542044207974,0.039178265374826715,0.02840677944433847,0.010771485930488246,1.9459101490553132,4.841513156890869,2023-10-26,-0.0017574427612297994
2023-10-26,10,0.1850234336685389,0.7210650155953716,0.6,0.4,0.0,1,2023-10-26,2023-10-26,2023-10-26,4.833004474639893,5.679999828338623,5.71999979019165,5.659999847412109,5.690000057220459,30106600,2023-10-26,4.833004474639893,-0.0017574427612297,0.0,0.0035210736077833,5.690000057220459,5.71999979019165,5.659999847412109,30106600,-0.0017574427612297994,-0.0017589888754963035,-0.1506143363729956,0.01241462595252648,17.220255008001445,0.9420104755270016,0.002470881196230179,0.007806936727565272,0.00279613569013204,0.008078701528288823,0.0037811586159477496,0.005286032583512836,64.17517341755158,0.04073398187917743,0.03087221993130626,0.009861761947871167,2.3978952727983707,4.833004474639893,2023-10-27,0.0
2023-10-27,10,0.2357647359371185,0.7430684298950575,0.6,0.4,0.0,1,2023-10-27,2023-10-27,2023-10-27,4.833004474639893,5.679999828338623,5.699999809265137,5.639999866485596,5.659999847412109,7021200,2023-10-27,4.833004474639893,0.0,0.0035210736077833,0.0017543595746947,5.659999847412109,5.699999809265137,5.639999866485596,7021200,0.0,0.0,-0.1461122606125757,0.01241462595252648,15.764444843990114,-0.7667886775657164,0.00035225113048031886,0.007449426993876962,0.00186235466130924,0.006600152039805129,0.0034142789985926415,0.005286032583512836,64.17517341755158,0.04148864316459022,0.032995504577963054,0.008493138586627168,2.3978952727983707,4.833004474639893,2023-10-30,0.0035210736077833094
2023-10-30,5,0.4395135680679232,0.6454412059940574,0.6,0.2,0.2,2,2023-10-29,2023-10-30,2023-10-30,4.850021839141846,5.699999809265137,5.699999809265137,5.679999828338623,5.679999828338623,7730200,2023-10-30,4.850021839141846,0.0035210736077833,0.0017543595746947,-0.0017512871872495,5.679999828338623,5.699999809265137,5.679999828338623,7730200,0.0035210736077833094,0.003514889141164046,-0.14612288983810454,0.004123688838904782,15.860645422812865,0.10097988947758219,0.0024621507012925203,0.009385442045965364,0.003586879428282286,0.008284736270906201,0.0022972825746295066,0.0042366968668570235,66.12192202898676,0.04296460751468967,0.03498932516530838,0.007975282349381288,1.791759469228055,4.850021839141846,2023-10-31,0.0017543595746947194
2023-10-31,8,0.4245781824574806,0.4046397804289016,0.625,0.125,0.25,1,2023-10-31,2023-10-31,2023-10-31,4.858530521392822,5.710000038146973,5.710000038146973,5.670000076293945,5.679999828338623,12901300,2023-10-31,4.858530521392822,0.0017543595746947,-0.0017512871872495,0.0,5.679999828338623,5.710000038146973,5.670000076293945,12901300,0.0017543595746947194,0.0017528224834137962,-0.14462488235427945,0.008232934150954007,16.372838716959787,0.668947763317896,0.003162285463074399,0.009368831451072923,0.003558677738848548,0.008210688891595819,0.0020056957541148878,0.004199197635592766,67.08502773955999,0.044310119962684524,0.03685348412478361,0.0074566358379009115,2.1972245773362196,4.858530521392822,2023-11-01,-0.001751287187249595
2023-11-01,7,0.2064114535293941,0.7490350509496208,0.5714285714285714,0.2857142857142857,0.1428571428571428,1,2023-11-01,2023-11-01,2023-11-01,4.850021839141846,5.699999809265137,5.71999979019165,5.679999828338623,5.710000038146973,10703100,2023-11-01,4.850021839141846,-0.0017512871872495,0.0,0.005263275357078,5.710000038146973,5.71999979019165,5.679999828338623,10703100,-0.001751287187249595,-0.0017528224834137962,-0.15060914067597972,0.008247377677809564,16.186044070528546,-0.17038593010006742,0.001053724912250198,0.005290955088244509,0.0012000516955628093,0.005267028149245734,0.0022916751884031247,0.003143378100027996,65.09220414761037,0.04418058247071954,0.0383189037939708,0.0058616786767487425,2.0794415416798357,4.850021839141846,2023-11-02,0.0
2023-11-02,6,0.2719187185478707,0.3952105807473767,0.6666666666666666,0.0,0.3333333333333333,1,2023-11-02,2023-11-02,2023-11-02,4.850021839141846,5.699999809265137,5.730000019073486,5.670000076293945,5.679999828338623,6236300,2023-11-02,4.850021839141846,0.0,0.005263275357078,0.0139615895403777,5.679999828338623,5.730000019073486,5.670000076293945,6236300,0.0,0.0,-0.14612288983810454,0.012371066516714345,15.645897776115525,-0.4173370331959899,0.00035099506925106994,0.0031678706114901534,0.0007997145641023273,0.004305263768390466,0.0020036730448003675,0.00322647790373841,65.09220414761037,0.04357561056139403,0.03937024514745545,0.00420536541393858,1.9459101490553132,4.850021839141846,2023-11-03,0.0052632753570780455
2023-11-03,3,0.1576868183910846,0.8463145615836781,0.6666666666666666,0.3333333333333333,0.0,1,2023-11-03,2023-11-03,2023-11-03,4.875548839569092,5.730000019073486,5.75,5.699999809265137,5.710000038146973,15867100,2023-11-03,4.875548839569092,0.005263275357078,0.0139615895403777,0.0,5.710000038146973,5.75,5.699999809265137,15867100,0.0052632753570780455,0.005249472733491967,-0.14613856269757217,0.010255294815030992,16.57975840410846,1.5443131343905843,0.0038543387023404208,0.00649929863857257,0.004036635668742017,0.007833683762645594,0.0027749349704455197,0.002939740855653973,68.36226260164682,0.04464138348063251,0.04042447281409086,0.0042169106665416525,1.3862943611198906,4.875548839569092,2023-11-06,0.013961589540377739
2023-11-06,5,0.7032818598672749,0.3179047969037338,1.0,0.0,0.0,1,2023-11-06,2023-11-06,2023-11-06,4.943619251251221,5.809999942779541,5.809999942779541,5.730000019073486,5.730000019073486,17848400,2023-11-06,4.943619251251221,0.0139615895403777,0.0,-0.0068847702358162,5.730000019073486,5.809999942779541,5.730000019073486,17848400,0.013961589540377739,0.013865024313826524,-0.13723922603920333,0.016182460590144936,16.697424482345475,0.12486843846701667,0.013961668874149957,0.017869720951004364,0.011964384713777143,0.0178508873779335,0.006221537588521441,0.0046037595240303415,75.06905792802712,0.050397775349486196,0.04241913332116993,0.007978642028316267,1.791759469228055,4.943619251251221,2023-11-07,0.0
2023-11-07,8,0.0333817140199244,0.5545980533066345,0.375,0.375,0.25,1,2023-11-07,2023-11-07,2023-11-07,4.943619251251221,5.809999942779541,5.809999942779541,5.75,5.760000228881836,13595500,2023-11-07,4.943619251251221,0.0,-0.0068847702358162,0.0017332704100943,5.760000228881836,5.809999942779541,5.75,13595500,0.0,0.0,-0.14173280298447066,0.0121368454426087,16.42524948715344,-0.23827906142847544,0.010434819898337944,0.015556780044139629,0.007944572501918268,0.014558021744381255,0.006415408661802288,0.004661819633497237,75.06905792802712,0.05433343535671398,0.04480199372827874,0.009531441628435236,2.1972245773362196,4.943619251251221,2023-11-08,-0.00688477023581624
2023-11-08,2,-0.2892171796411276,0.8278701962741948,0.5,0.5,0.0,1,2023-11-08,2023-11-08,2023-11-08,4.909583568572998,5.769999980926514,5.809999942779541,5.760000228881836,5.800000190734863,12994200,2023-11-08,4.909583568572998,-0.0068847702358162,0.0017332704100943,-0.0051905232786266,5.800000190734863,5.809999942779541,5.760000228881836,12994200,-0.00688477023581624,-0.006908579610729548,-0.15352010222072923,0.01018410486334543,16.380013738980825,-0.04422786951564861,0.0010408891717483826,0.007156542135289712,0.0006698460511727067,0.006187589849543151,0.007739065252450483,0.005495041049604317,66.8511044520422,0.05408264802215701,0.0466581245870544,0.007424523435102609,1.0986122886681098,4.909583568572998,2023-11-09,0.0017332704100943008
2023-11-09,5,-0.1173211677931249,0.717352734450378,0.4,0.6,0.0,1,2023-11-09,2023-11-09,2023-11-09,4.918093204498291,5.78000020980835,5.78000020980835,5.739999771118164,5.760000228881836,10540800,2023-11-09,4.918093204498291,0.0017332704100943,-0.0051905232786266,-0.0034781112024867,5.760000228881836,5.78000020980835,5.739999771118164,10540800,0.0017332704100943008,0.0017317700303962624,-0.1461644081474248,0.008133322616496876,16.17076409439486,-0.18880731403241446,7.756456432694847e-08,0.007144228265488994,0.0016015681190144626,0.006480133615708539,0.007639051259882337,0.005381117620373942,67.80021517308666,0.05394866710140622,0.04811623308992476,0.005832434011481459,1.791759469228055,4.918093204498291,2023-11-10,-0.00519052327862668
2023-11-10,5,0.0822052602656185,0.6150766558435001,0.6,0.4,0.0,1,2023-11-10,2023-11-10,2023-11-10,4.892565727233887,5.75,5.769999980926514,5.710000038146973,5.739999771118164,5426200,2023-11-10,4.892565727233887,-0.0051905232786266,-0.0034781112024867,0.0122163174965257,5.739999771118164,5.769999980926514,5.710000038146973,5426200,-0.00519052327862668,-0.005204040840347535,-0.14763659889819045,0.012263492434155449,15.50674981537779,-0.48521933819064966,-0.005878389853137711,0.0006960576689860609,-0.002401057840431875,0.0010273813403309795,0.008210535148172042,0.005803478635763313,62.05984251882916,0.05119251671674707,0.04873148981528923,0.002461026901457844,1.791759469228055,4.892565727233887,2023-11-14,-0.0034781112024867555
2023-11-14,10,0.6065410373266786,0.5909614770289502,0.9,0.1,0.0,2,2023-11-13,2023-11-14,2023-11-14,4.875548839569092,5.730000019073486,5.800000190734863,5.71999979019165,5.75,12272300,2023-11-14,4.875548839569092,-0.0034781112024867,0.0122163174965257,-0.0034481272650467,5.75,5.800000190734863,5.71999979019165,12272300,-0.0034781112024867555,-0.0034841738931457034,-0.1520784626836362,0.016408491264397515,16.322855329667785,1.2616748369024364,-0.0065880308200432225,-0.0033048629449595746,-0.003921552838693554,-0.002008962735065123,0.0035792406494089208,0.005918816303961083,58.50393073593322,0.047092276610586126,0.04840364717434861,-0.0013113705637624873,2.3978952727983707,4.875548839569092,2023-11-15,0.012216317496525742
2023-11-15,3,0.3767453928788504,0.2168554956222464,1.0,0.0,0.0,1,2023-11-15,2023-11-15,2023-11-15,4.935110092163086,5.800000190734863,5.800000190734863,5.730000019073486,5.75,11783600,2023-11-15,4.935110092163086,0.0122163174965257,-0.0034481272650467,0.0034600579853245,5.75,5.800000190734863,5.730000019073486,11783600,0.012216317496525742,0.01214230049039311,-0.14171998397163724,0.01418411552207045,16.28221937708089,-0.0398213863741923,0.0058966047040229785,0.007294167056685064,0.005482833100683093,0.008315995750949767,0.007716330806494643,0.006985633000999557,65.87431401944619,0.04809449865330695,0.04834181747014028,-0.00024731881683333345,1.3862943611198906,4.935110092163086,2023-11-16,-0.00344812726504673
2023-11-16,3,-0.1299572040637333,0.4732006294762881,0.3333333333333333,0.6666666666666666,0.0,1,2023-11-16,2023-11-16,2023-11-16,4.918093204498291,5.78000020980835,5.800000190734863,5.75,5.769999980926514,9787500,2023-11-16,4.918093204498291,-0.0034481272650467,0.0034600579853245,-0.0051724324510254,5.769999980926514,5.800000190734863,5.75,9787500,-0.00344812726504673,-0.0034540857568998717,-0.14764415584823423,0.010166580553847789,16.096616721452328,-0.16939644930242026,0.002080528924977454,0.0024281257101026466,0.0013429645034586102,0.0039558598656641575,0.007115109981973639,0.007095475501133407,62.46087484191538,0.04697415737843791,0.04806828545179981,-0.0010941280733618997,1.3862943611198906,4.918093204498291,2023-11-17,0.0034600579853245605
2023-11-17,7,-0.1782510155545814,0.7770298987360942,0.2857142857142857,0.7142857142857143,0.0,1,2023-11-17,2023-11-17,2023-11-17,4.935110092163086,5.800000190734863,5.800000190734863,5.739999771118164,5.769999980926514,4892100,2023-11-17,4.935110092163086,0.0034600579853245,-0.0051724324510254,0.0034662494489441,5.769999980926514,5.800000190734863,5.739999771118164,4892100,0.0034600579853245605,0.0034540857568998717,-0.14469495520333883,0.01215786851685019,15.403132421528651,-0.5001685823754789,0.004850970401853116,0.004155071506180663,0.0031999846599692905,0.0060705676686754195,0.007238864129251459,0.007103042609779678,64.44496696478585,0.04691855160781522,0.04783833868300289,-0.0009197870751876738,2.0794415416798357,4.935110092163086,2023-11-20,-0.005172432451025499
2023-11-20,10,0.0616059974301606,0.581236237658399,0.3,0.3,0.4,1,2023-11-20,2023-11-20,2023-11-20,4.909583568572998,5.769999980926514,5.78000020980835,5.699999809265137,5.769999980926514,9029500,2023-11-20,4.909583568572998,-0.0051724324510254,0.0034662494489441,-0.0034542760664323,5.769999980926514,5.78000020980835,5.699999809265137,9029500,-0.005172432451025499,-0.005185855787296134,-0.14911896277257092,0.016294742604099417,16.01600766362263,0.8457308722225629,-0.0010388430793336623,-0.0017301649151634235,-0.0013268793845115923,0.0007090355868368814,0.007235179974999477,0.007295683975258921,59.3752968120397,0.044303997608171386,0.0471314704680366,-0.0028274728598652113,2.3978952727983707,4.909583568572998,2023-11-21,0.0034662494489441364
2023-11-21,6,0.5104861659929156,0.5071160252584107,0.6666666666666666,0.3333333333333333,0.0,1,2023-11-21,2023-11-21,2023-11-21,4.926601409912109,5.789999961853027,5.789999961853027,5.730000019073486,5.78000020980835,11162400,2023-11-21,4.926601409912109,0.0034662494489441,-0.0034542760664323,-0.0051993256115421,5.78000020980835,5.789999961853027,5.730000019073486,11162400,0.0034662494489441364,0.0034602558525298477,-0.14764684583368498,0.012178769457343093,16.2280616351466,0.23621462982446428,0.00034553728258979177,0.002076831213164043,0.001422168511741928,0.003415558719883638,0.006887056110919983,0.005775660517879216,61.54708490648084,0.0431082176000821,0.0463268198944457,-0.003218602294363604,1.9459101490553132,4.926601409912109,2023-11-22,-0.003454276066432338
2023-11-22,9,-0.6459717062405415,0.3602581675345406,0.0,0.8888888888888888,0.1111111111111111,1,2023-11-22,2023-11-22,2023-11-22,4.909583568572998,5.769999980926514,5.800000190734863,5.739999771118164,5.800000190734863,7707800,2023-11-22,4.909583568572998,-0.0034542760664323,-0.0051993256115421,0.0017421340849645,5.800000190734863,5.800000190734863,5.739999771118164,7707800,-0.003454276066432338,-0.0034602558525298477,-0.15352010222072923,0.01222108123401161,15.85774349085048,-0.30948541532286966,-0.002075452631876029,-0.0006928084230098941,-0.0013589361383127274,-4.133134903205882e-05,0.004161162094688908,0.005856474312557841,58.19658630496141,0.0403225425854945,0.045125964432655465,-0.004803421847160962,2.302585092994046,4.909583568572998,2023-11-23,-0.005199325611542127
2023-11-23,7,0.4437804043159953,0.4868000916210377,0.7142857142857143,0.2857142857142857,0.0,1,2023-11-23,2023-11-23,2023-11-23,4.88405704498291,5.739999771118164,5.769999980926514,5.71999979019165,5.760000228881836,7093600,2023-11-23,4.88405704498291,-0.0051993256115421,0.0017421340849645,0.0,5.760000228881836,5.769999980926514,5.71999979019165,7093600,-0.005199325611542127,-0.005212889139508459,-0.15207346338404032,0.010237429717620802,15.774703668020068,-0.07968551337606067,-0.005888493303996989,-0.005371750563528455,-0.0043770223763751614,-0.004291723604246234,0.004477295730407547,0.005679491530344543,53.492585089315554,0.03564421363997816,0.043229614274120004,-0.007585400634141842,2.0794415416798357,4.88405704498291,2023-11-24,0.0017421340849645972
2023-11-24,6,0.1995491913209358,0.5460027176080581,0.8333333333333334,0.1666666666666666,0.0,1,2023-11-24,2023-11-24,2023-11-24,4.892565727233887,5.75,5.769999980926514,5.71999979019165,5.739999771118164,6179900,2023-11-24,4.892565727233887,0.0017421340849645,0.0,-0.012173827785788,5.739999771118164,5.769999980926514,5.71999979019165,6179900,0.0017421340849645972,0.0017406183295571864,-0.14763659889819045,0.010219625759250029,15.636812809888086,-0.12880624788541783,-0.0024289100654980578,-0.003120735274937614,-0.001763228886322965,-0.0020931182708718854,0.004059439723498552,0.005679880629223933,54.803956316007785,0.032251409618470284,0.04103397334299007,-0.008782563724519785,1.9459101490553132,4.892565727233887,2023-11-27,0.0
2023-11-27,6,-0.3651158184899638,0.4636090506349657,0.1666666666666666,0.6666666666666666,0.1666666666666666,1,2023-11-27,2023-11-27,2023-11-27,4.892565727233887,5.75,5.760000228881836,5.71999979019165,5.730000019073486,9060300,2023-11-27,4.892565727233887,0.0,-0.012173827785788,-0.0070422458782433,5.730000019073486,5.760000228881836,5.71999979019165,9060300,0.0,0.0,-0.14614909058499598,0.00817575908434461,16.019412900425348,0.46609168433146175,-0.0017361433729897735,-0.003120735274937614,-0.001176177214095242,-0.0017132033011009185,0.003593084356031238,0.005436139175065252,54.803956316007785,0.02922569239798989,0.038672317153990034,-0.009446624756000145,1.9459101490553132,4.892565727233887,2023-11-28,-0.012173827785788016
2023-11-28,4,0.1216772048501298,0.6509941858440905,0.75,0.25,0.0,1,2023-11-28,2023-11-28,2023-11-28,4.833004474639893,5.679999828338623,5.760000228881836,5.650000095367432,5.75,10264500,2023-11-28,4.833004474639893,-0.012173827785788,-0.0070422458782433,0.0017730228668679,5.75,5.760000228881836,5.650000095367432,10264500,-0.012173827785788016,-0.012248535767801716,-0.15947748267132303,0.022760196910970254,16.144201995465952,0.13290950630773812,-0.010107997221458498,-0.01440219847186186,-0.00893015419269072,-0.011373726706431997,0.005416466194549532,0.0066226729395489625,44.595398686422094,0.021770734911219947,0.03529200070543602,-0.013521265794216072,1.6094379124341003,4.833004474639893,2023-11-29,-0.007042245878243314
2023-11-29,4,-0.5487776119261981,0.4953478681075973,0.25,0.75,0.0,1,2023-11-29,2023-11-29,2023-11-29,4.798969268798828,5.639999866485596,5.710000038146973,5.619999885559082,5.679999828338623,7639800,2023-11-29,4.798969268798828,-0.0070422458782433,0.0017730228668679,0.0212389154069643,5.679999828338623,5.710000038146973,5.619999885559082,7639800,-0.007042245878243314,-0.007067159526004119,-0.15511101869126162,0.01875405895450076,15.848882113683052,-0.25570656144965653,-0.012604989664018684,-0.01861838245694969,-0.010662888268243242,-0.015052261531269484,0.00559124174651206,0.005000229518335513,40.00911740741309,0.012966797554934573,0.03082696007533573,-0.01786016252040116,1.6094379124341003,4.798969268798828,2023-11-30,0.0017730228668679793
2023-11-30,5,0.1249286479316651,0.8898121930749545,0.4,0.4,0.2,1,2023-11-30,2023-11-30,2023-11-30,4.807477951049805,5.650000095367432,5.670000076293945,5.599999904632568,5.659999847412109,28171400,2023-11-30,4.807477951049805,0.0017730228668679,0.0212389154069643,0.0017332704100943,5.659999847412109,5.670000076293945,5.599999904632568,28171400,0.0017730228668679793,0.0017714529172550009,-0.15062224723417592,0.014560684910908657,17.153817872375193,2.6874525511139034,-0.007727414443263192,-0.014649443973949738,-0.005956870094477096,-0.010913068818317884,0.006218323610576456,0.005191884660012644,41.625385027102986,0.006600111343622039,0.025981590328992995,-0.019381478985370956,1.791759469228055,4.807477951049805,2023-12-01,0.02123891540696432
2023-12-01,7,0.1686021658325834,0.6399436298274631,0.4285714285714285,0.4285714285714285,0.1428571428571428,1,2023-12-01,2023-12-01,2023-12-01,4.909583568572998,5.769999980926514,5.829999923706055,5.690000057220459,5.690000057220459,32963000,2023-12-01,4.909583568572998,0.0212389154069643,0.0017332704100943,-0.0051905232786266,5.690000057220459,5.829999923706055,5.690000057220459,32963000,0.02123891540696432,0.021016513186502106,-0.13715579627404978,0.02851562959061466,17.310896308618048,0.17008739359776226,0.012635999276293886,0.00680509040467836,0.010052899568504081,0.008243650881415654,0.012739198660935213,0.009009097066238576,56.701073746460985,0.009681929398220213,0.02272165814283844,-0.013039728744618229,2.0794415416798357,4.909583568572998,2023-12-04,0.0017332704100943008
2023-12-04,11,-0.2601313850080425,0.5465172846504212,0.1818181818181818,0.6363636363636364,0.1818181818181818,1,2023-12-04,2023-12-04,2023-12-04,4.918093204498291,5.78000020980835,5.920000076293945,5.760000228881836,5.820000171661377,14243700,2023-12-04,4.918093204498291,0.0017332704100943,-0.0051905232786266,0.0,5.820000171661377,5.920000076293945,5.760000228881836,14243700,0.0017332704100943008,0.0017317700303962624,-0.15496682827513175,0.03253290264319653,16.471825331864906,-0.5678882383278221,0.013324096230169058,0.008374187978786418,0.007838223178970205,0.008159803208894534,0.012736958106423448,0.008873276542821778,57.68197336794185,0.012664955191182159,0.020710317552507188,-0.00804536236132503,2.4849066497880004,4.918093204498291,2023-12-05,-0.00519052327862668
2023-12-05,4,-0.8038427848368883,0.1322420316366017,0.0,1.0,0.0,1,2023-12-05,2023-12-05,2023-12-05,4.892565727233887,5.75,5.829999923706055,5.71999979019165,5.769999980926514,11372600,2023-12-05,4.892565727233887,-0.0051905232786266,0.0,0.0017392992551792,5.769999980926514,5.829999923706055,5.71999979019165,11372600,-0.00519052327862668,-0.005204040840347535,-0.1520683286989775,0.022483118193405476,16.246717599459622,-0.20156981683130082,0.005596277898132662,0.0038407242548847975,0.0017365012517995826,0.002393484130241319,0.01120783090518725,0.008942134990295105,53.74833815611786,0.012821373735047104,0.019132528789015172,-0.0063111550539680684,1.6094379124341003,4.892565727233887,2023-12-06,0.0
2023-12-06,7,-0.1451301904661315,0.5923142954270849,0.4285714285714285,0.5714285714285714,0.0,1,2023-12-06,2023-12-06,2023-12-06,4.892565727233887,5.75,5.829999923706055,5.71999979019165,5.760000228881836,12405000,2023-12-06,4.892565727233887,0.0,0.0017392992551792,0.0,5.760000228881836,5.829999923706055,5.71999979019165,12405000,0.0,0.0,-0.15059626166305562,0.022483118193405476,16.333610255720693,0.09077959305699657,0.0017420949643851547,0.004191354269561742,0.001156997791828429,0.0019574533550081874,0.010095837653595745,0.008888642378125372,53.74833815611786,0.0127978113550542,0.01786558530222298,-0.0050677739471687785,2.0794415416798357,4.892565727233887,2023-12-07,0.0017392992551792386
2023-12-07,4,0.4363533081486821,0.7935005885868652,0.75,0.25,0.0,1,2023-12-07,2023-12-07,2023-12-07,4.90107536315918,5.760000228881836,5.789999961853027,5.699999809265137,5.75,10562500,2023-12-07,4.90107536315918,0.0017392992551792,0.0,0.003472266814551,5.75,5.789999961853027,5.699999809265137,10562500,0.0017392992551792386,0.0017377884258320542,-0.1476390672766644,0.018363348024478757,16.17282064532212,-0.1485288190245868,-0.00034701865458686143,0.005586693840652135,0.0019303413660864965,0.0030253660187629094,0.010097634103023853,0.008734205583448057,54.93643533412145,0.013312338152746683,0.01695493587232772,-0.003642597719581038,1.6094379124341003,4.90107536315918,2023-12-08,0.0
2023-12-08,4,0.3012155033648014,0.4987342438100812,0.75,0.25,0.0,1,2023-12-08,2023-12-08,2023-12-08,4.90107536315918,5.760000228881836,5.789999961853027,5.71999979019165,5.75,8878100,2023-12-08,4.90107536315918,0.0,0.003472266814551,0.0017299805148134,5.75,5.789999961853027,5.71999979019165,8878100,0.0,0.0,-0.1476390672766644,0.014282614829300565,15.999098240747541,-0.15946982248520714,5.837541561248827e-08,0.005411151124115721,0.0012860667281227034,0.0024739386390078,0.0028451997819139902,0.008721426975666234,54.93643533412145,0.013563749881392084,0.016276698674140593,-0.002712948792748509,1.6094379124341003,4.90107536315918,2023-12-11,0.0034722668145510394
2023-12-11,8,0.3459686154383234,0.5048188179441487,0.875,0.125,0.0,1,2023-12-11,2023-12-11,2023-12-11,4.918093204498291,5.78000020980835,5.800000190734863,5.710000038146973,5.739999771118164,12856700,2023-12-11,4.918093204498291,0.003472266814551,0.0017299805148134,0.0,5.739999771118164,5.800000190734863,5.710000038146973,12856700,0.0034722668145510394,0.0034662524145154805,-0.14318930303019226,0.018299806214646924,16.369375711982013,0.44813642558655564,0.0034723253926616238,0.008374148544249005,0.003170166451013534,0.004866836238822447,0.0032412668077718,0.008781151261498725,57.47028008771475,0.014963700831097881,0.016014099105532052,-0.0010503982744341708,2.1972245773362196,4.918093204498291,2023-12-12,0.001729980514813434
2023-12-12,7,0.2516401943617633,0.5634775647850286,0.4285714285714285,0.2857142857142857,0.2857142857142857,1,2023-12-12,2023-12-12,2023-12-12,4.926601409912109,5.789999961853027,5.820000171661377,5.760000228881836,5.789999961853027,25020600,2023-12-12,4.926601409912109,0.0017299805148134,0.0,0.0034542760664324,5.789999961853027,5.820000171661377,5.760000228881836,25020600,0.001729980514813434,0.0017284858221335853,-0.14911892187035464,0.012178769457343093,17.03521008349792,0.9461136994718706,0.003814108714291553,0.008183859660476411,0.0032650817655837105,0.005397801732522689,0.0014523788688781336,0.0075572113958187305,58.719998989767376,0.01656871923403802,0.01612502313123325,0.000443696102804772,2.0794415416798357,4.926601409912109,2023-12-13,0.0
2023-12-13,9,0.0437046540901064,0.5899046719906373,0.4444444444444444,0.4444444444444444,0.1111111111111111,1,2023-12-13,2023-12-13,2023-12-13,4.926601409912109,5.789999961853027,5.809999942779541,5.760000228881836,5.769999980926514,24409400,2023-12-13,4.926601409912109,0.0,0.0034542760664324,0.0034423851179081,5.769999980926514,5.809999942779541,5.760000228881836,24409400,0.0,0.0,-0.14616959684616432,0.010148926153657938,17.010478902944744,-0.02442787143393843,0.0024237665771540406,0.0055574693662281405,0.0021743546951003,0.00441205316511506,0.0014523788688781336,0.006928608135976438,58.719998989767376,0.017637394971566245,0.01642749749929985,0.001209897472266394,2.302585092994046,4.926601409912109,2023-12-14,0.003454276066432449
2023-12-14,7,0.6199460907706192,0.436911626750585,0.8571428571428571,0.1428571428571428,0.0,1,2023-12-14,2023-12-14,2023-12-14,4.943619251251221,5.809999942779541,5.860000133514404,5.75,5.800000190734863,17904000,2023-12-14,4.943619251251221,0.0034542760664324,0.0034423851179081,0.0188678302177884,5.800000190734863,5.860000133514404,5.75,17904000,0.003454276066432449,0.0034483237581997006,-0.14765188126228987,0.02225093153898603,16.70053476538728,-0.2665120814112596,0.004147938590882028,0.006234868048930364,0.0037503818276203305,0.006439329371319635,0.0017316475605473312,0.006925371014369244,61.35425154082338,0.019631229175066878,0.017068243834453257,0.002562985340613621,2.0794415416798357,4.943619251251221,2023-12-15,0.0034423851179081755
2023-12-15,7,0.4932335999661258,0.4149830166479494,0.7142857142857143,0.2857142857142857,0.0,1,2023-12-15,2023-12-15,2023-12-15,4.960637092590332,5.829999923706055,5.869999885559082,5.800000190734863,5.809999942779541,40625500,2023-12-15,4.960637092590332,0.0034423851179081,0.0188678302177884,0.0033670468860029,5.809999942779541,5.869999885559082,5.800000190734863,40625500,0.0034423851179081755,0.0034364736726875122,-0.14618982074944192,0.01411102919195133,17.519906530845827,1.2690739499553172,0.0051724513754862755,0.00865057232323152,0.0047922742755774905,0.008088610272541485,0.0015455412006469247,0.0026039714435927316,63.83932334593978,0.02232718087523189,0.018120031242608983,0.004207149632622906,2.0794415416798357,4.960637092590332,2023-12-18,0.018867830217788484
2023-12-18,8,0.4516507717780769,0.4155448968278487,0.875,0.0,0.125,1,2023-12-18,2023-12-18,2023-12-18,5.054233551025391,5.940000057220459,5.960000038146973,5.829999923706055,5.849999904632568,24331700,2023-12-18,5.054233551025391,0.0188678302177884,0.0033670468860029,-0.0100671497486879,5.849999904632568,5.960000038146973,5.829999923706055,24331700,0.018867830217788484,0.01869204044812589,-0.1360284387316001,0.0257210342831395,17.007290626002664,-0.40107321756039926,0.01851848826757929,0.02484469287173474,0.01570931472011461,0.02207134803315025,0.007608887746473547,0.006227919786677886,73.81312160867563,0.03165133708670087,0.02082629241142736,0.01082504467527351,2.1972245773362196,5.054233551025391,2023-12-19,0.003367046886002978
2023-12-19,4,0.0451602286193519,0.2137882525537375,0.5,0.25,0.25,1,2023-12-19,2023-12-19,2023-12-19,5.071251392364502,5.960000038146973,5.989999771118164,5.909999847412109,5.940000057220459,19559800,2023-12-19,5.071251392364502,0.0033670468860029,-0.0100671497486879,-0.0169491815204596,5.940000057220459,5.989999771118164,5.909999847412109,19559800,0.003367046886002978,0.0033613910756664644,-0.14625398257360891,0.01577518397658339,16.78898704869506,-0.1961186435801855,0.016024554139686842,0.024583122106054622,0.012672034872181603,0.020777654824882807,0.00743950192715172,0.005568382434104235,75.15494023026147,0.03995343727844691,0.024651721384831272,0.01530171589361564,1.6094379124341003,5.071251392364502,2023-12-20,-0.010067149748687942
2023-12-20,5,0.2073440011590719,0.4725916781696251,0.4,0.4,0.2,1,2023-12-20,2023-12-20,2023-12-20,5.020198345184326,5.900000095367432,5.989999771118164,5.900000095367432,5.980000019073486,34643900,2023-12-20,5.020198345184326,-0.0100671497486879,-0.0169491815204596,0.0,5.980000019073486,5.989999771118164,5.900000095367432,34643900,-0.010067149748687942,-0.010118166182903954,-0.16050195164344955,0.017927513927226697,17.360632250791305,0.7711786419084039,0.002038012636158104,0.011659765907958475,0.0016501798960388836,0.008575626254860413,0.0102441615358321,0.007015105364776892,64.48060013113283,0.0419300141518697,0.02810737993823896,0.013822634213630738,1.791759469228055,5.020198345184326,2023-12-21,-0.016949181520459655
2023-12-21,4,-0.5206358060240746,0.455343294234838,0.25,0.75,0.0,1,2023-12-21,2023-12-21,2023-12-21,4.935110092163086,5.800000190734863,5.900000095367432,5.789999961853027,5.889999866485596,17551400,2023-12-21,4.935110092163086,-0.0169491815204596,0.0,-0.0034481272650467,5.889999866485596,5.900000095367432,5.789999961853027,17551400,-0.016949181520459655,-0.017094462837009328,-0.1621205086532993,0.022289296785715805,16.680644333749807,-0.49337690040670945,-0.014610986896372191,-0.00616866892339063,-0.010270452189027002,-0.006980825817297975,0.013851404931026507,0.009365606548418452,51.38194606073783,0.03621311243958747,0.029728526438508665,0.006484586001078804,1.6094379124341003,4.935110092163086,2023-12-22,0.0
2023-12-22,5,-0.1847116976976394,0.5529450133168,0.4,0.6,0.0,1,2023-12-22,2023-12-22,2023-12-22,4.935110092163086,5.800000190734863,5.829999923706055,5.760000228881836,5.800000190734863,15422600,2023-12-22,4.935110092163086,0.0,-0.0034481272650467,0.0034600579853245,5.800000190734863,5.829999923706055,5.760000228881836,15422600,0.0,0.0,-0.14911897760854992,0.014184018900688293,16.551344588917885,-0.12128946978588606,-0.013605465517312454,-0.006849365020058951,-0.006870489136080571,-0.005718843350390301,0.013705672359909531,0.009365606548418452,51.38194606073783,0.031321373349456394,0.03004709582069821,0.0012742775287581838,1.791759469228055,4.935110092163086,2023-12-26,-0.00344812726504673
2023-12-26,7,0.1490179445328457,0.6889530634031308,0.5714285714285714,0.2857142857142857,0.1428571428571428,2,2023-12-25,2023-12-26,2023-12-26,4.918093204498291,5.78000020980835,5.860000133514404,5.78000020980835,5.800000190734863,23001900,2023-12-26,4.918093204498291,-0.0034481272650467,0.0034600579853245,0.0068965443942399,5.800000190734863,5.860000133514404,5.78000020980835,23001900,-0.00344812726504673,-0.0034540857568998717,-0.15205292366116874,0.016266451321598267,16.951087422651835,0.49144113184547344,-0.011627807805580481,-0.010273874802831817,-0.006886917488965083,-0.007496582553732645,0.008139331990989675,0.009396234275914583,49.06991939827675,0.025774402985359046,0.029192557253630378,-0.003418154268271332,2.0794415416798357,4.918093204498291,2023-12-27,0.0034600579853245605
2023-12-27,5,0.3087703390978277,0.4779862789763563,0.4,0.2,0.4,1,2023-12-27,2023-12-27,2023-12-27,4.935110092163086,5.800000190734863,5.829999923706055,5.769999980926514,5.769999980926514,41519500,2023-12-27,4.935110092163086,0.0034600579853245,0.0068965443942399,0.0017123989293597,5.769999980926514,5.829999923706055,5.769999980926514,41519500,0.0034600579853245605,0.0034540857568998717,-0.14469495520333883,0.012157771895468033,17.541673778445254,0.8050465396336823,-0.0027510671572115175,-0.007019393374434135,-0.002303108194754544,-0.0033262904066562182,0.008164501077423614,0.009446606856906318,51.423831434172556,0.022492233163553088,0.02785249243561492,-0.0053602592720618306,1.791759469228055,4.935110092163086,2023-12-28,0.006896544394239923
2023-12-28,5,0.0402532678097486,0.6941258712023717,0.6,0.4,0.0,1,2023-12-28,2023-12-28,2023-12-28,4.96914529800415,5.840000152587891,5.909999847412109,5.789999961853027,5.800000190734863,33168100,2023-12-28,4.96914529800415,0.0068965443942399,0.0017123989293597,-0.0017094716319673,5.800000190734863,5.909999847412109,5.789999961853027,33168100,0.006896544394239923,0.006872872008068853,-0.143250838863411,0.024148999146247505,17.317099158756776,-0.20114404075193582,0.006202583149605756,-0.0010263943857373725,0.003047052459966837,0.002900477172374627,0.009199667176954215,0.009678254790645067,55.821843240598945,0.022379470000872814,0.0267578879486665,-0.004378417947793686,1.791759469228055,4.96914529800415,2023-12-29,0.0017123989293597042
2023-12-29,9,0.1646448625769052,0.7840580494074709,0.6666666666666666,0.3333333333333333,0.0,1,2023-12-29,2023-12-29,2023-12-29,4.977654457092285,5.849999904632568,5.920000076293945,5.789999961853027,5.840000152587891,101708800,2023-12-29,4.977654457092285,0.0017123989293597,-0.0017094716319673,0.0102740097377875,5.840000152587891,5.920000076293945,5.789999961853027,101708800,0.0017123989293597042,0.0017109344459278475,-0.14766193030208613,0.02611674144148166,18.437624396114245,2.066464464349782,0.006191972547259894,1.915911074235055e-08,0.003171409200594999,0.003775065505722708,0.0038565633573390415,0.0096428329436253,56.87313667377292,0.022714879416049882,0.025949286242143176,-0.003234406826093293,2.302585092994046,4.977654457092285,2024-01-02,-0.0017094716319673298
2024-01-02,4,0.2140500880777835,0.7133034759077796,0.75,0.25,0.0,2,2023-12-31,2024-01-02,2024-01-02,4.96914529800415,5.840000152587891,5.900000095367432,5.809999942779541,5.820000171661377,6863600,2024-01-02,4.96914529800415,-0.0017094716319673,0.0102740097377875,0.0084746382520941,5.820000171661377,5.900000095367432,5.809999942779541,6863600,-0.0017094716319673298,-0.0017109344459278475,-0.14619499116171703,0.018111797339481914,15.741742789089729,-0.9325171469921973,0.0030916743352431553,-0.001880059158203773,0.0009705395542041195,0.001684120806776157,0.00411476044786906,0.009619304219558804,55.452056117913195,0.022040012228134565,0.025167431439341456,-0.0031274192112068916,1.6094379124341003,4.96914529800415,2024-01-03,0.010274009737787582
2024-01-03,6,0.0386178536961476,0.6350236068689177,0.6666666666666666,0.3333333333333333,0.0,1,2024-01-03,2024-01-03,2024-01-03,5.020198345184326,5.900000095367432,5.920000076293945,5.829999923706055,5.849999904632568,14459300,2024-01-03,5.020198345184326,0.0102740097377875,0.0084746382520941,0.0084033281025823,5.849999904632568,5.920000076293945,5.829999923706055,14459300,0.010274009737787582,0.010221590828940474,-0.14184642273090106,0.01792760891095551,16.4868484332775,1.1066641412669735,0.009237099190109621,0.009064474772350506,0.007474971343496284,0.009776794206452388,0.004631296134277498,0.008018138364628353,61.64446063858039,0.02533270965108514,0.025200487081690197,0.0001322225693949422,1.9459101490553132,5.020198345184326,2024-01-04,0.008474638252094158
2024-01-04,5,0.3841043965891003,0.6934062304206763,0.6,0.4,0.0,1,2024-01-04,2024-01-04,2024-01-04,5.062742710113525,5.949999809265137,5.96999979019165,5.889999866485596,5.900000095367432,14955600,2024-01-04,5.062742710113525,0.0084746382520941,0.0084033281025823,0.0050000177461262,5.900000095367432,5.96999979019165,5.889999866485596,14955600,0.008474638252094158,0.00843893010592267,-0.14190802910516984,0.01580169648879131,16.520596436467052,0.03432392992745159,0.012593658805598595,0.017789999003044565,0.01061862631263133,0.014950941415018182,0.00498062468200659,0.008453083519745637,65.89857571054327,0.031017618969388927,0.026363913459229945,0.004653705510158982,1.791759469228055,5.062742710113525,2024-01-05,0.008403328102582375
2024-01-05,4,0.5132975950837135,0.4746297801919671,0.75,0.25,0.0,1,2024-01-05,2024-01-05,2024-01-05,5.105286598205566,6.0,6.039999961853027,5.949999809265137,5.949999809265137,12481500,2024-01-05,5.105286598205566,0.0084033281025823,0.0050000177461262,0.0033167922773915,5.949999809265137,6.039999961853027,5.949999809265137,12481500,0.008403328102582375,0.00836821670557697,-0.1419686114517536,0.017628814926771076,16.339758186109304,-0.16542967182861268,0.015572116794034585,0.02459018472115737,0.012660140708543821,0.019129169310360128,0.005156732020547201,0.00805022003841436,69.53715179860967,0.038511945046975526,0.028793519776779065,0.009718425270196462,1.6094379124341003,5.105286598205566,2024-01-08,0.00500001774612624
2024-01-08,13,0.246521014935122,0.6156811049353317,0.5384615384615384,0.3076923076923077,0.1538461538461538,1,2024-01-08,2024-01-08,2024-01-08,5.130813121795654,6.03000020980835,6.050000190734863,6.010000228881836,6.019999980926514,10981800,2024-01-08,5.130813121795654,0.0050000177461262,0.0033167922773915,-0.0165289524132754,6.019999980926514,6.050000190734863,6.010000228881836,10981800,0.00500001774612624,0.0049875591688757215,-0.14770545879536834,0.007796027823174423,16.21175000609586,-0.12015382766494409,0.01446839779707676,0.025684671359901712,0.011746244890514568,0.019733402039557424,0.004758248938884793,0.004686558657220799,71.50193016702046,0.04598098935372974,0.0322310136921692,0.01374997566156054,2.6390573296152584,5.130813121795654,2024-01-09,0.003316792277391567
2024-01-09,10,0.520896518509835,0.3847245515039684,0.8,0.2,0.0,1,2024-01-09,2024-01-09,2024-01-09,5.147830963134766,6.050000190734863,6.079999923706055,6.03000020980835,6.050000190734863,16803300,2024-01-09,5.147830963134766,0.0033167922773915,-0.0165289524132754,0.0,6.050000190734863,6.079999923706055,6.03000020980835,16803300,0.003316792277391567,0.0033113038545100615,-0.1491188758938726,0.009712773060298354,16.637085913167468,0.530104354477408,0.010691657775504071,0.024729059765699057,0.010017569579511498,0.018833646310296936,0.0028453920450593963,0.004492740491750114,72.76316840154696,0.05266635341195691,0.036318081636126744,0.01634827177583017,2.3978952727983707,5.147830963134766,2024-01-10,-0.016528952413275455
2024-01-10,7,-0.5642519218048879,0.4844835391732891,0.1428571428571428,0.8571428571428571,0.0,1,2024-01-10,2024-01-10,2024-01-10,5.062742710113525,5.949999809265137,6.070000171661377,5.940000057220459,6.059999942779541,14398100,2024-01-10,5.062742710113525,-0.0165289524132754,0.0,-0.0050420345357655,6.059999942779541,6.070000171661377,5.940000057220459,14398100,-0.016528952413275455,-0.016667079728962753,-0.16456390133373558,0.02567780388705609,16.482606880849957,-0.14313855016574129,-0.007671777041169059,0.004897860812761667,-0.00446123768239004,0.001630367377563502,0.010447770959139818,0.007722563685582349,58.76033908820342,0.050516320983951424,0.039157729505691685,0.011358591478259739,2.0794415416798357,5.062742710113525,2024-01-11,0.0
2024-01-11,2,0.1619953438639641,0.6371138365025819,0.5,0.5,0.0,1,2024-01-11,2024-01-11,2024-01-11,5.062742710113525,5.949999809265137,6.0,5.920000076293945,5.949999809265137,18183600,2024-01-11,5.062742710113525,0.0,-0.0050420345357655,0.0135134981627837,5.949999809265137,6.0,5.920000076293945,18183600,0.0,0.0,-0.1491188449737435,0.01580169648879131,16.716030701906863,0.2629166348337628,-0.007671777041169059,0.0023585209590759604,-0.0029785878510472097,0.0013335416429536284,0.009744436478801105,0.007773517770526588,58.76033908820342,0.0482561380733042,0.040977411219214194,0.007278726854090006,1.0986122886681098,5.062742710113525,2024-01-12,-0.005042034535765572
2024-01-12,4,0.5924928358290344,0.4263830889463103,1.0,0.0,0.0,1,2024-01-12,2024-01-12,2024-01-12,5.0372161865234375,5.920000076293945,5.989999771118164,5.880000114440918,5.949999809265137,14772600,2024-01-12,5.0372161865234375,-0.0050420345357655,0.0135134981627837,0.0016667348491514,5.949999809265137,5.989999771118164,5.880000114440918,14772600,-0.005042034535765572,-0.0050547884805103305,-0.153409017143218,0.021837390456168837,16.508284739206857,-0.18758661651158182,-0.010033461364710394,-0.004037680492460005,-0.005351349758780044,-0.0030417774206134007,0.008652962316722867,0.00795230186898341,55.07283063175951,0.043899108121041586,0.04156175059957967,0.0023373575214619136,1.6094379124341003,5.0372161865234375,2024-01-15,0.013513498162783799
2024-01-15,8,0.2591128530912101,0.5539376453627993,0.75,0.25,0.0,1,2024-01-15,2024-01-15,2024-01-15,5.105286598205566,6.0,6.0,5.920000076293945,5.920000076293945,11051300,2024-01-15,5.105286598205566,0.0135134981627837,0.0016667348491514,0.0033277364426769,5.920000076293945,6.0,5.920000076293945,11051300,0.013513498162783799,0.0134230051860873,-0.13762051817377816,0.01567001620127918,16.218058716554076,-0.25190555487862665,0.004352164382562584,0.0068803389199876275,0.005378717656805643,0.00851798595648745,0.011042523297114522,0.008832382985639037,61.93318648627308,0.0454153242399693,0.042332465327657595,0.003082858912311706,2.1972245773362196,5.105286598205566,2024-01-16,0.0016667348491514744
2024-01-16,4,-0.184222565498203,0.5651859735904363,0.25,0.75,0.0,1,2024-01-16,2024-01-16,2024-01-16,5.113795757293701,6.010000228881836,6.03000020980835,5.980000019073486,6.0,8227800,2024-01-16,5.113795757293701,0.0016667348491514,0.0033277364426769,-0.0149254258442885,6.0,6.03000020980835,5.980000019073486,8227800,0.0016667348491514744,0.0016653473880952063,-0.14770070711771646,0.009777510308961604,15.923029343755164,-0.2554903043080905,0.007375164192444661,0.005689469431726435,0.004691912032781742,0.008329124196111426,0.010907023776175003,0.00871435471903267,62.69994742492374,0.0467644826166449,0.043218868785455056,0.003545613831189842,1.6094379124341003,5.113795757293701,2024-01-17,0.0033277364426769207
2024-01-17,4,-0.2220049034804105,0.4974656306848086,0.5,0.5,0.0,1,2024-01-17,2024-01-17,2024-01-17,5.130813121795654,6.03000020980835,6.050000190734863,5.960000038146973,6.03000020980835,24124500,2024-01-17,5.130813121795654,0.0033277364426769,-0.0149254258442885,0.0117846169289559,6.03000020980835,6.050000190734863,5.960000038146973,24124500,0.0033277364426769207,0.003322211780780515,-0.14911891487998372,0.017541109070133676,16.998738521037584,1.932071756727193,0.008024063008217341,0.006845873918408296,0.005342531734140232,0.00953984198808877,0.006812163736599901,0.008330333311142486,64.25079866248703,0.048646097514574826,0.04430431453127901,0.004341782983295815,1.6094379124341003,5.130813121795654,2024-01-18,-0.014925425844288576
2024-01-18,7,-0.6459426435508898,0.5878988063008734,0.1428571428571428,0.8571428571428571,0.0,1,2024-01-18,2024-01-18,2024-01-18,5.054233551025391,5.940000057220459,6.010000228881836,5.909999847412109,5.949999809265137,17104300,2024-01-18,5.054233551025391,-0.0149254258442885,0.0117846169289559,-0.0066556593758517,5.949999809265137,6.010000228881836,5.909999847412109,17104300,-0.014925425844288576,-0.015037930873137872,-0.15054895579070263,0.019785469044943268,16.654840510314756,-0.29099877717672906,-0.0066890118537248355,-0.008016088423136725,-0.0064625709327440495,-0.004527435054008211,0.010538392828436617,0.009570321811144129,53.4756746089893,0.043457014110884984,0.04413485444720021,-0.0006778403363152247,2.0794415416798357,5.054233551025391,2024-01-19,0.011784616928955938
2024-01-19,6,0.0470778650293748,0.8307291344483954,0.5,0.5,0.0,1,2024-01-19,2024-01-19,2024-01-19,5.113795757293701,6.010000228881836,6.019999980926514,5.929999828338623,5.940000057220459,9533100,2024-01-19,5.113795757293701,0.0117846169289559,-0.0066556593758517,0.0083751766751034,5.940000057220459,6.019999980926514,5.929999828338623,9533100,0.011784616928955938,0.011715719092357357,-0.1390916316444227,0.01759948125803133,16.07028061619563,-0.44264892453944327,0.002000711315023329,0.0035064688714825376,0.0034911533169099673,0.005886331077611384,0.011301350313927655,0.009957103544250698,59.20603804174953,0.04364765736745202,0.044037415031250575,-0.0003897576637985553,1.9459101490553132,5.113795757293701,2024-01-22,-0.0066556593758515525
2024-01-22,5,0.3242780271917582,0.7618130388025927,0.6,0.4,0.0,1,2024-01-22,2024-01-22,2024-01-22,5.079760074615479,5.96999979019165,6.019999980926514,5.940000057220459,6.010000228881836,14926400,2024-01-22,5.079760074615479,-0.0066556593758517,0.0083751766751034,0.0166113244432033,6.010000228881836,6.019999980926514,5.940000057220459,14926400,-0.0066556593758515525,-0.006677907046942266,-0.15478204972371995,0.01574876028216951,16.518642082184222,0.5657446161269681,-0.003671599979903184,-0.0021728650018398854,-0.002127421881516711,-0.0006616019303339327,0.01018802402794433,0.010016281152981584,55.03459578342927,0.04058451534778129,0.04334683509455672,-0.0027623197467754254,1.791759469228055,5.079760074615479,2024-01-23,0.008375176675103457
2024-01-23,7,0.6102841448571,0.3328436897126201,0.8571428571428571,0.1428571428571428,0.0,1,2024-01-23,2024-01-23,2024-01-23,5.12230396270752,6.019999980926514,6.039999961853027,5.980000019073486,5.980000019073486,9741100,2024-01-23,5.12230396270752,0.0083751766751034,0.0166113244432033,0.0098038650111307,5.980000019073486,6.039999961853027,5.980000019073486,9741100,0.008375176675103457,0.008340299482724634,-0.14342743371744227,0.011713467848914331,16.091864708244664,-0.34739119948547537,0.004337624085680947,0.006688899398077597,0.004144684464918669,0.006297746992107722,0.011027622616850587,0.010377169725825613,58.92983455113902,0.04111593058931007,0.04290065419350739,-0.0017847236041973191,2.0794415416798357,5.12230396270752,2024-01-24,0.016611324443203124
2024-01-24,7,0.3498934504709073,0.5990002345089369,0.7142857142857143,0.2857142857142857,0.0,1,2024-01-24,2024-01-24,2024-01-24,5.20739221572876,6.119999885559082,6.150000095367432,6.03000020980835,6.039999961853027,11231800,2024-01-24,5.20739221572876,0.0166113244432033,0.0098038650111307,0.0064724851597215,6.039999961853027,6.150000095367432,6.03000020980835,11231800,0.016611324443203124,0.016474865495675006,-0.13784896546072653,0.023044141978901887,16.23425968785431,0.15303199843960136,0.01796406125107497,0.020510224975705427,0.013787530617040522,0.018750919333585747,0.013284159732193225,0.009954313133391063,65.38787747575763,0.04785139085614265,0.043890801526034445,0.003960589330108205,2.0794415416798357,5.20739221572876,2024-01-26,0.00980386501113073
2024-01-26,7,0.5639930820491698,0.3609623772712872,0.8571428571428571,0.1428571428571428,0.0,2,2024-01-25,2024-01-26,2024-01-26,5.258444786071777,6.179999828338623,6.199999809265137,6.119999885559082,6.139999866485596,19998200,2024-01-26,5.258444786071777,0.0098038650111307,0.0064724851597215,0.0,6.139999866485596,6.199999809265137,6.119999885559082,19998200,0.00980386501113073,0.009756118936968372,-0.143575749117793,0.015213609148840589,16.811152877472523,0.780498228244805,0.01980192141630477,0.02657799685456963,0.015693592786028443,0.023391189239790444,0.008755854762504862,0.010122096258243278,68.58022547391114,0.056655715584230215,0.0464437843376736,0.010211931246556616,2.0794415416798357,5.258444786071777,2024-01-29,0.006472485159721542
2024-01-29,8,0.1880026590661145,0.6505079577530797,0.75,0.25,0.0,1,2024-01-29,2024-01-29,2024-01-29,5.292479991912842,6.21999979019165,6.25,6.170000076293945,6.190000057220459,20812800,2024-01-29,5.292479991912842,0.0064724851597215,0.0,0.0016076928517403,6.190000057220459,6.25,6.170000076293945,20812800,0.006472485159721542,0.006451628575231183,-0.1449951626835101,0.01511577253542731,16.851078788062818,0.04073366602994266,0.019337887526675868,0.028099100767418284,0.014735726307405272,0.024424495967100057,0.008497864036013806,0.009642237690368793,70.53157207232331,0.06562310077350908,0.0502796476248407,0.015343453148668383,2.1972245773362196,5.292479991912842,2024-01-30,0.0
2024-01-30,6,0.3409188527148217,0.5240744769446714,0.5,0.3333333333333333,0.1666666666666666,1,2024-01-30,2024-01-30,2024-01-30,5.292479991912842,6.21999979019165,6.230000019073486,6.190000057220459,6.21999979019165,18078800,2024-01-30,5.292479991912842,0.0,0.0016076928517403,0.0,6.21999979019165,6.230000019073486,6.190000057220459,18078800,0.0,0.0,-0.1491189436600013,0.007557886267713655,16.710250594357596,-0.13136146986469865,0.011053295205698088,0.024374112860953367,0.009775799701988719,0.019895327003235597,0.00599090848898553,0.009255294564337322,70.53157207232331,0.07190098830615188,0.054603915761102934,0.017297072545048947,1.9459101490553132,5.292479991912842,2024-01-31,0.0016076928517403388
2024-01-31,9,-0.1431090556499031,0.5130758245150175,0.3333333333333333,0.6666666666666666,0.0,1,2024-01-31,2024-01-31,2024-01-31,5.300988674163818,6.230000019073486,6.269999980926514,6.210000038146973,6.21999979019165,20186400,2024-01-31,5.300988674163818,0.0016076928517403,0.0,0.0,6.21999979019165,6.269999980926514,6.210000038146973,20186400,0.0016076928517403388,0.0016064018970414207,-0.14775098826804228,0.011318632516981456,16.820519717836778,0.11657853397349371,0.005812042986625965,0.02231696305316344,0.007570706004585093,0.017550830401259265,0.006681009168571156,0.009256716265856798,71.05281594748837,0.07667893195652198,0.05901891900018674,0.017660012956335236,2.302585092994046,5.300988674163818,2024-02-02,0.0
2024-02-02,10,0.2177989377873018,0.6288242597208432,0.5,0.5,0.0,1,2024-02-02,2024-02-02,2024-02-02,5.300988674163818,6.230000019073486,6.260000228881836,6.019999980926514,6.070000171661377,27813700,2024-02-02,5.300988674163818,0.0,0.0,-0.0032101346957658,6.070000171661377,6.260000228881836,6.019999980926514,27813700,0.0,0.0,-0.12669052318775764,0.045274620020421014,17.14103929898089,0.3778434985931123,0.0022522364141961404,0.018972792275143258,0.005034432600018457,0.014314093197021593,0.004376805645617499,0.009328731477972672,71.05281594748837,0.07954850111898804,0.063124835423947,0.01642366569504103,2.3978952727983707,5.300988674163818,2024-02-05,0.0
2024-02-05,8,0.1577969786012545,0.6591185171485697,0.5,0.375,0.125,1,2024-02-05,2024-02-05,2024-02-05,5.300988674163818,6.230000019073486,6.269999980926514,6.230000019073486,6.25,8309500,2024-02-05,5.300988674163818,0.0,-0.0032101346957658,-0.001610371786972,6.25,6.269999980926514,6.230000019073486,8309500,0.0,0.0,-0.15184181213378906,0.007545755011320971,15.932910116893892,-0.7012443508055383,0.0006424574161787433,0.014162412108799094,0.0033506655001371843,0.011681129928029277,0.0028026721672793696,0.0069877112395317995,71.05281594748837,0.08089020344150111,0.06667790902745784,0.014212294414043272,2.1972245773362196,5.300988674163818,2024-02-06,-0.0032101346957658095
2024-02-06,5,0.38677908629179,0.2932518233628383,1.0,0.0,0.0,1,2024-02-06,2024-02-06,2024-02-06,5.283971786499023,6.210000038146973,6.25,6.179999828338623,6.21999979019165,10469400,2024-02-06,5.283971786499023,-0.0032101346957658,-0.001610371786972,0.0048386366382917,6.21999979019165,6.25,6.179999828338623,10469400,-0.0032101346957658095,-0.003215298231539876,-0.15048682239003516,0.013247642964376355,16.16396737013083,0.25993140381491076,-0.002249251432037691,0.0076262503281563365,8.651273547499727e-05,0.00688956988627587,0.001758982454275713,0.006930966001937531,68.04632070408397,0.07966209651930978,0.06927474652582823,0.010387349993481551,1.791759469228055,5.283971786499023,2024-02-07,-0.001610371786972098
2024-02-07,5,-0.0695737926289439,0.9277234614252324,0.4,0.6,0.0,1,2024-02-07,2024-02-07,2024-02-07,5.275462627410889,6.199999809265137,6.239999771118164,6.179999828338623,6.239999771118164,11350400,2024-02-07,5.275462627410889,-0.001610371786972,0.0048386366382917,-0.0064204492965219,6.239999771118164,6.239999771118164,6.179999828338623,11350400,-0.001610371786972098,-0.0016116698293593412,-0.15457326587921286,0.011373399266973484,16.244763631664057,0.08414999904483533,-0.003215403664962979,0.002263204229841831,-0.0010165153019979778,0.0043061417793921475,0.0018315638179754303,0.006278631478451928,66.53035197640085,0.07711328100891812,0.07084245342244622,0.006270827586471905,1.791759469228055,5.275462627410889,2024-02-08,0.00483863663829176
2024-02-08,10,0.4193214921280742,0.4133535882643248,0.8,0.1,0.1,1,2024-02-08,2024-02-08,2024-02-08,5.300988674163818,6.230000019073486,6.28000020980835,6.199999809265137,6.199999809265137,6590200,2024-02-08,5.300988674163818,0.0048386366382917,-0.0064204492965219,0.0242326290379981,6.199999809265137,6.28000020980835,6.199999809265137,6590200,0.00483863663829176,0.004826968060899217,-0.1450018004448737,0.01509159997513713,15.701094406772276,-0.41938610093036366,0.0016076748033486687,0.003705456050962175,0.0025415679652989187,0.007486662612201211,0.0030129139065921727,0.00608935431836166,68.77751538984583,0.07627382778865766,0.0719287282956885,0.004345099492969157,2.3978952727983707,5.300988674163818,2024-02-09,-0.006420449296521968
2024-02-09,5,-0.0155772536993026,0.4957253145021443,0.2,0.4,0.4,1,2024-02-09,2024-02-09,2024-02-09,5.266953945159912,6.190000057220459,6.230000019073486,6.150000095367432,6.210000038146973,3262700,2024-02-09,5.266953945159912,-0.0064204492965219,0.0242326290379981,0.0047319664602629,6.210000038146973,6.230000019073486,6.150000095367432,3262700,-0.006420449296521968,-0.006441149029732918,-0.15185927330017537,0.015189030422331854,14.99806593791072,-0.5049163910048253,-0.003541497141145711,-0.003862188371759001,-0.0026001756271137877,0.0008328740207086405,0.004163378966275536,0.004771947506222682,62.72993350646204,0.07203189799140386,0.07194936223483157,8.253575657228562e-05,1.791759469228055,5.266953945159912,2024-02-13,0.024232629037998166
2024-02-13,16,0.5960683472221717,0.3924035377267315,0.8125,0.0625,0.125,2,2024-02-12,2024-02-13,2024-02-13,5.394586086273193,6.340000152587891,6.380000114440918,6.199999809265137,6.199999809265137,12502800,2024-02-13,5.394586086273193,0.0242326290379981,0.0047319664602629,-0.0015699227953405,6.199999809265137,6.380000114440918,6.199999809265137,12502800,0.024232629037998166,0.023943677611495406,-0.1299054431886194,0.03336684266357366,16.341463257170357,2.832040947681368,0.017003541925878274,0.01765654960504337,0.014276980699569286,0.02043146341185298,0.012259375551310412,0.008446534778764066,72.49656254544287,0.07806905373203499,0.07317330053427226,0.0048957531977627256,2.833213344056216,5.394586086273193,2024-02-14,0.004731966460263193
2024-02-14,12,-0.1864396302650372,0.6391291712497819,0.25,0.6666666666666666,0.0833333333333333,1,2024-02-14,2024-02-14,2024-02-14,5.42011308670044,6.369999885559082,6.400000095367432,6.28000020980835,6.300000190734863,10686300,2024-02-14,5.42011308670044,0.0047319664602629,-0.0015699227953405,0.0078615160724915,6.300000190734863,6.400000095367432,6.28000020980835,10686300,0.004731966460263193,0.004720805900719771,-0.139664615459605,0.022139738348546788,16.184473198799203,-0.14528745560994338,0.016597617250941443,0.020016150583330505,0.012637311654625893,0.020572877410613755,0.011661863630608357,0.008375298253840981,73.96599594571487,0.08394568514431011,0.07532777745627983,0.00861790768803028,2.5649493574615367,5.42011308670044,2024-02-15,-0.001569922795340739
2024-02-15,7,-0.0833590932722602,0.689183619191785,0.4285714285714285,0.5714285714285714,0.0,1,2024-02-15,2024-02-15,2024-02-15,5.411603927612305,6.360000133514404,6.400000095367432,6.329999923706055,6.369999885559082,7225800,2024-02-15,5.411603927612305,-0.0015699227953405,0.0078615160724915,-0.001560038943272,6.369999885559082,6.400000095367432,6.329999923706055,7225800,-0.001569922795340739,-0.001571156415426822,-0.15045462718444944,0.012935198620912795,15.793168650869598,-0.32382583307599455,0.00984442409423214,0.016136823886537144,0.007338010492977887,0.015468093752646572,0.011656010243720745,0.008440101213959415,72.57407056372448,0.08691444424211792,0.07764511081344745,0.009269333428670465,2.0794415416798357,5.411603927612305,2024-02-16,0.007861516072491748
2024-02-16,9,0.3435586645371384,0.5288064572142649,0.8888888888888888,0.1111111111111111,0.0,1,2024-02-16,2024-02-16,2024-02-16,5.454147338867188,6.409999847412109,6.409999847412109,6.349999904632568,6.389999866485596,10558100,2024-02-16,5.454147338867188,0.0078615160724915,-0.001560038943272,0.0078125574633032,6.389999866485596,6.409999847412109,6.349999904632568,10558100,0.007861516072491748,0.007830775362295483,-0.14645579767955647,0.011000792434038432,16.172403990525662,0.46116692961333006,0.011998643917910279,0.021188404852814813,0.010120008588168528,0.019105890892790134,0.011713262826023176,0.008616251864105919,75.09732051692663,0.0916436935015632,0.0804448273510706,0.011198866150492606,2.302585092994046,5.454147338867188,2024-02-19,-0.0015600389432722794
2024-02-19,3,-0.0859549343585968,0.1074515265358328,0.3333333333333333,0.6666666666666666,0.0,1,2024-02-19,2024-02-19,2024-02-19,5.445638656616211,6.400000095367432,6.440000057220459,6.380000114440918,6.409999847412109,5655500,2024-02-19,5.445638656616211,-0.001560038943272,0.0078125574633032,-0.0046510924749995,6.409999847412109,6.440000057220459,6.380000114440918,5655500,-0.0015600389432722794,-0.001561257071073907,-0.15044636720003,0.011017980913339472,15.548139257772583,-0.4643449105426166,0.0037640585286771167,0.016841395659898062,0.005679944531581604,0.014285813836006023,0.010597494137981193,0.008688121821609976,73.63811566387349,0.09362581791556313,0.08308102546396912,0.01054479245159401,1.3862943611198906,5.445638656616211,2024-02-20,0.007812557463303227
2024-02-20,6,-0.0371289060761531,0.7570379858912278,0.5,0.5,0.0,1,2024-02-20,2024-02-20,2024-02-20,5.48818302154541,6.449999809265137,6.460000038146973,6.360000133514404,6.380000114440918,13891700,2024-02-20,5.48818302154541,0.0078125574633032,-0.0046510924749995,-0.0046730008025472,6.380000114440918,6.460000038146973,6.360000133514404,13891700,0.007812557463303227,0.007782197459904605,-0.13978324089319522,0.018220949308722128,16.446802169435667,1.4563168596941032,0.008127539609779744,0.021215967180413964,0.008984045950620967,0.0180987160113244,0.004754913215635466,0.008766328711205813,76.1351002480773,0.09750565597882677,0.08596595156694065,0.01153970441188612,1.9459101490553132,5.48818302154541,2024-02-22,-0.00930235871867846
2024-02-22,2,-0.7028273344039918,0.2304485573859865,0.0,1.0,0.0,1,2024-02-22,2024-02-22,2024-02-22,5.437129974365234,6.389999866485596,6.440000057220459,6.389999866485596,6.409999847412109,7593700,2024-02-22,5.437129974365234,-0.0046730008025472,0.0031298432412294,0.0031200778865441,6.409999847412109,6.440000057220459,6.389999866485596,7593700,-0.00930235871867846,-0.009345895866669451,-0.15177377475908194,0.009196063174984266,15.842829645809381,-0.4533642390780106,-0.0018744209727583616,0.008841156105134695,-0.00026795962052650335,0.007048213179794205,0.007283027414645179,0.009468833446406977,67.8320330685382,0.09536163182622648,0.0878450876187978,0.0075165442074286715,1.0986122886681098,5.437129974365234,2024-02-23,0.0031298432412296684
2024-02-23,3,0.3739294397334258,0.660876524814845,0.6666666666666666,0.3333333333333333,0.0,1,2024-02-23,2024-02-23,2024-02-23,5.454147338867188,6.409999847412109,6.440000057220459,6.349999904632568,6.389999866485596,17587300,2024-02-23,5.454147338867188,0.0031298432412294,0.0031200778865441,0.0031105475888506,6.389999866485596,6.440000057220459,6.349999904632568,17587300,0.0031298432412296684,0.0031249554778387534,-0.14645579767955647,0.016501232364321022,16.68268766548647,1.3160382949023535,-0.00031194541895573913,0.008654542563420353,0.001905546015129822,0.008330100910526106,0.0072282339104136305,0.009335584512580321,69.04390067078148,0.09395260913900305,0.08906659192283886,0.00488601721616419,1.3862943611198906,5.454147338867188,2024-02-26,0.0031200778865438927
2024-02-26,5,-0.007192981056869,0.4662226600962218,0.4,0.2,0.4,2,2024-02-24,2024-02-26,2024-02-26,5.471164703369141,6.429999828338623,6.449999809265137,6.400000095367432,6.420000076293945,16012900,2024-02-26,5.471164703369141,0.0031200778865441,0.0031105475888506,-0.0031009020853457,6.420000076293945,6.449999809265137,6.400000095367432,16012900,0.0031200778865438927,0.003115220544436248,-0.14779367003879168,0.009138769642031664,16.588905267808766,-0.08951914165335217,0.0021819770921227555,0.008627347133500995,0.0033487630579134287,0.00937004180664025,0.006470825961480764,0.009321463628214257,70.2508547240673,0.0931354995393221,0.0898803734461355,0.0032551260931865944,1.791759469228055,5.471164703369141,2024-02-27,0.003110547588850654
2024-02-27,3,-0.2873545785744985,0.4475479091233356,0.3333333333333333,0.6666666666666666,0.0,1,2024-02-27,2024-02-27,2024-02-27,5.48818302154541,6.449999809265137,6.480000019073486,6.380000114440918,6.380000114440918,11683400,2024-02-27,5.48818302154541,0.0031105475888506,-0.0031009020853457,0.0046658213832759,6.380000114440918,6.480000019073486,6.380000114440918,11683400,0.003110547588850654,0.00310571984439445,-0.13978324089319522,0.018220949308722128,16.273679674486097,-0.2703757595438677,0.003734875632168233,0.007655078435198526,0.004303869801335125,0.010212010827467477,0.006410670043500735,0.008694249974767207,71.44970282651016,0.09279152737654695,0.09046260423221779,0.0023289231443291564,1.3862943611198906,5.48818302154541,2024-02-28,-0.003100902085345747
2024-02-28,3,-0.4638449574510256,0.5710042740230966,0.3333333333333333,0.6666666666666666,0.0,1,2024-02-28,2024-02-28,2024-02-28,5.471164703369141,6.429999828338623,6.449999809265137,6.400000095367432,6.440000057220459,19355600,2024-02-28,5.471164703369141,-0.0031009020853457,0.0046658213832759,-0.0185759163884238,6.440000057220459,6.449999809265137,6.400000095367432,19355600,-0.003100902085345747,-0.00310571984439445,-0.1504402710004747,0.009138769642031664,16.778492392919706,0.6566752828799836,0.0012456641988527473,0.0031200340368937596,0.0007927668605085536,0.0057848249090712844,0.005556619155829411,0.005325270089485134,68.47786856580005,0.09010699357824326,0.0903914821014229,-0.0002844885231796379,1.3862943611198906,5.471164703369141,2024-02-29,0.004665821383275981
2024-02-29,11,0.5554617592133582,0.4893721844270543,0.8181818181818182,0.1818181818181818,0.0,1,2024-02-29,2024-02-29,2024-02-29,5.496692180633545,6.460000038146973,6.480000019073486,6.420000076293945,6.420000076293945,22246900,2024-02-29,5.496692180633545,0.0046658213832759,-0.0185759163884238,0.0173501606565105,6.420000076293945,6.480000019073486,6.420000076293945,22246900,0.004665821383275981,0.004654970178782136,-0.14381742752149554,0.010915645411423687,16.91771327597716,0.14937795780032648,0.003729142212481662,0.006387392234958433,0.0036349064672707154,0.008556312308708014,0.0030298091237361165,0.005320742963764485,70.46247417764629,0.08901324598438798,0.09011583487801592,-0.001102588893627937,2.4849066497880004,5.496692180633545,2024-03-01,-0.01857591638842382
2024-03-01,8,0.0859829151595477,0.8718933788134846,0.5,0.5,0.0,1,2024-03-01,2024-03-01,2024-03-01,5.394586086273193,6.340000152587891,6.559999942779541,6.28000020980835,6.460000038146973,46004400,2024-03-01,5.394586086273193,-0.0185759163884238,0.0173501606565105,0.0124031739196843,6.460000038146973,6.559999942779541,6.28000020980835,46004400,-0.01857591638842382,-0.018750615570806817,-0.16492475937808035,0.05190383997831926,17.644247623789955,1.0679015952784434,-0.012768572445212123,-0.011999335514714438,-0.010055996339589979,-0.008343341359435708,0.009651648336967206,0.008277530788477904,55.42995911996657,0.07899670976120454,0.08789200985465365,-0.008895300093449104,2.1972245773362196,5.394586086273193,2024-03-04,0.017350160656510516
2024-03-04,8,0.3486629732651636,0.559731063549488,0.75,0.25,0.0,1,2024-03-04,2024-03-04,2024-03-04,5.48818302154541,6.449999809265137,6.550000190734863,6.349999904632568,6.380000114440918,42300900,2024-03-04,5.48818302154541,0.0173501606565105,0.0124031739196843,-0.0030628264320831,6.380000114440918,6.550000190734863,6.349999904632568,42300900,0.017350160656510516,0.01720136523641913,-0.13978324089319522,0.036441985501784,17.560318944026065,-0.08050316926207057,0.0037348406183470573,0.004516467080449393,0.004735223001455902,0.00723911290333179,0.01308408988325206,0.009731199642342446,63.183659638293285,0.07771517097830305,0.08585664207938352,-0.008141471101080475,2.1972245773362196,5.48818302154541,2024-03-05,0.012403173919684374
2024-03-05,7,0.0448387561898146,0.5682485623506562,0.2857142857142857,0.4285714285714285,0.2857142857142857,1,2024-03-05,2024-03-05,2024-03-05,5.556253910064697,6.53000020980835,6.53000020980835,6.349999904632568,6.429999828338623,39363200,2024-03-05,5.556253910064697,0.0124031739196843,-0.0030628264320831,0.0015361611208768,6.429999828338623,6.53000020980835,6.349999904632568,39363200,0.012403173919684374,0.012326884729042531,-0.13588583850704136,0.03239598263314164,17.488341953061042,-0.06944769496630099,0.013660425768193152,0.014920830653217587,0.01139940678844309,0.01608671134648132,0.014131909971426469,0.010358054280345636,67.59850515472917,0.08125562975132006,0.08493643961377083,-0.0036808098624507707,2.0794415416798357,5.556253910064697,2024-03-06,-0.00306282643208311
2024-03-06,14,-0.2521382238316748,0.7022872209656025,0.2142857142857142,0.6428571428571429,0.1428571428571428,1,2024-03-06,2024-03-06,2024-03-06,5.539236068725586,6.510000228881836,6.519999980926514,6.380000114440918,6.420000076293945,22251500,2024-03-06,5.539236068725586,-0.0030628264320831,0.0015361611208768,0.0199386048262639,6.420000076293945,6.519999980926514,6.380000114440918,22251500,-0.00306282643208311,-0.0030675264843760264,-0.13719065375413445,0.025274219179072743,16.917920024975313,-0.4347131330786115,0.008052027981183763,0.010869618658564173,0.005519171196091577,0.010590609894000735,0.014128114441527204,0.01025754962523184,65.48433446604258,0.08174595478288449,0.08429834264759356,-0.0025523878647090714,2.70805020110221,5.539236068725586,2024-03-07,0.0015361611208768444
2024-03-07,6,0.2355571414033572,0.3443759793257512,0.6666666666666666,0.1666666666666666,0.1666666666666666,1,2024-03-07,2024-03-07,2024-03-07,5.547745227813721,6.519999980926514,6.599999904632568,6.5,6.53000020980835,17967800,2024-03-07,5.547745227813721,0.0015361611208768,0.0199386048262639,0.0030075574477266,6.53000020980835,6.599999904632568,6.5,17967800,0.0015361611208768444,0.001534982432331411,-0.15042189133765085,0.018025323897575007,16.70409188065415,-0.192512864301283,0.007728031363220422,0.010382871344373656,0.004698144833610973,0.00991332756528096,0.014080525188037483,0.009602813251348286,66.05598811804357,0.08187732805643577,0.083814139729362,-0.0019368116729262252,1.9459101490553132,5.547745227813721,2024-03-08,0.019938604826263973
2024-03-08,8,0.6216811332851649,0.3789138551054841,0.875,0.125,0.0,1,2024-03-08,2024-03-08,2024-03-08,5.658359527587891,6.650000095367432,6.670000076293945,6.570000171661377,6.599999904632568,14781600,2024-03-08,5.658359527587891,0.0199386048262639,0.0030075574477266,0.0074961378758371,6.599999904632568,6.670000076293945,6.570000171661377,14781600,0.019938604826263973,0.019742434137808074,-0.142672786462275,0.017672949932751526,16.508893789674755,-0.1773283317935418,0.018064911731743072,0.02670994250983605,0.016352150866720594,0.02445243106727424,0.010002208900935877,0.011156726465568482,72.44491359145984,0.08987111361677069,0.08502553450684373,0.004845579109926959,2.1972245773362196,5.658359527587891,2024-03-11,0.0030075574477266276
2024-03-11,7,0.4536980369261333,0.6028675219210913,0.8571428571428571,0.1428571428571428,0.0,1,2024-03-11,2024-03-11,2024-03-11,5.675377368927002,6.670000076293945,6.739999771118164,6.650000095367432,6.699999809265137,15748800,2024-03-11,5.675377368927002,0.0030075574477266,0.0074961378758371,-0.0029761455529315,6.699999809265137,6.739999771118164,6.650000095367432,15748800,0.0030075574477266276,0.003003043794608473,-0.15292872679208575,0.015857919200842136,16.572274793353984,0.06543270011365476,0.014294425431104152,0.025996063759024857,0.012856084793599676,0.022415221371653526,0.009265233012704434,0.011157476176549157,73.27822594124297,0.09646742738349534,0.08731391308217405,0.009153514301321289,2.0794415416798357,5.675377368927002,2024-03-12,0.007496137875837139
2024-03-12,5,0.0797390073537826,0.4893429907803945,0.6,0.4,0.0,1,2024-03-12,2024-03-12,2024-03-12,5.717920780181885,6.71999979019165,6.760000228881836,6.639999866485596,6.670000076293945,26293400,2024-03-12,5.717920780181885,0.0074961378758371,-0.0029761455529315,0.0,6.670000076293945,6.760000228881836,6.639999866485596,26293400,0.007496137875837139,0.007468181457494838,-0.14274052252201244,0.02098671300451684,17.084828553116644,0.6695494259880117,0.016026536610469044,0.029411714208119166,0.013540103742575527,0.024476545687665885,0.008765035031178044,0.011216577161008533,75.2900518553302,0.10392991197452606,0.09063711286064446,0.013292799113881593,1.791759469228055,5.717920780181885,2024-03-13,-0.002976145552931575
2024-03-13,10,-0.2809706040658056,0.6764649951207368,0.3,0.7,0.0,1,2024-03-13,2024-03-13,2024-03-13,5.700903415679932,6.699999809265137,6.769999980926514,6.670000076293945,6.71999979019165,24032000,2024-03-13,5.700903415679932,-0.0029761455529315,0.0,0.0256012611933376,6.71999979019165,6.769999980926514,6.670000076293945,24032000,-0.002976145552931575,-0.002980583080780752,-0.1516512509418776,0.017541062765162044,16.99489687515718,-0.08600637422318913,0.007215849747306047,0.022120499711406838,0.006991249400818633,0.017463598630077737,0.008743223336042948,0.011207662558540036,72.92497069645643,0.10723469091635085,0.09395662847178575,0.0132780624445651,2.3978952727983707,5.700903415679932,2024-03-14,0.0
2024-03-14,5,0.1724706374108791,0.5176535691095455,0.6,0.4,0.0,1,2024-03-14,2024-03-14,2024-03-14,5.700903415679932,6.699999809265137,6.739999771118164,6.670000076293945,6.699999809265137,29328200,2024-03-14,5.700903415679932,0.0,0.0256012611933376,0.0060514245081511,6.699999809265137,6.739999771118164,6.670000076293945,29328200,0.0,0.0,-0.1491188689593093,0.012278702114420942,17.19406010255696,0.22038115845539274,0.0017942479492634167,0.01839183822170587,0.004649996505451615,0.014243173956754784,0.008954956169029625,0.011281984518526673,72.92497069645643,0.10860185742728135,0.09688567426288489,0.01171618316439646,1.791759469228055,5.700903415679932,2024-03-15,0.02560126119333761
2024-03-15,4,-0.1138965263962745,0.3265140667724348,0.25,0.75,0.0,1,2024-03-15,2024-03-15,2024-03-15,5.846853733062744,6.610000133514404,6.650000095367432,6.440000057220459,6.440000057220459,35612300,2024-03-15,5.846853733062744,0.0256012611933376,0.0060514245081511,-0.0060150250382176,6.440000057220459,6.650000095367432,6.440000057220459,35612300,0.02560126119333761,0.025279036896205254,-0.09210346566576277,0.035916759292175554,17.3882016698471,0.2142681787494629,0.020679799091477546,0.036093180695721205,0.020043955314014372,0.032659571162584555,0.011291765569646043,0.010180603194577826,79.37073381312166,0.12007813163672765,0.10152416573765344,0.01855396589907421,1.6094379124341003,5.846853733062744,2024-03-18,0.006051424508151104
2024-03-18,4,0.1517370245419442,0.7630615347677411,0.75,0.25,0.0,1,2024-03-18,2024-03-18,2024-03-18,5.882235527038574,6.650000095367432,6.699999809265137,6.53000020980835,6.53000020980835,20556300,2024-03-18,5.882235527038574,0.0060514245081511,-0.0060150250382176,-0.0196671908173562,6.53000020980835,6.699999809265137,6.53000020980835,20556300,0.006051424508151104,0.006033188172420045,-0.09919826369941062,0.028900508773468617,16.83867806991369,-0.4227752770812332,0.019493373542905257,0.03513486273829858,0.017326369606774472,0.03161071220238476,0.011128806220590788,0.00965707418342398,80.57788434636744,0.13052358209933157,0.10732404900998907,0.0231995330893425,1.6094379124341003,5.882235527038574,2024-03-19,-0.006015025038217603
2024-03-19,5,-0.6516445800662041,0.3355881817837882,0.0,1.0,0.0,1,2024-03-19,2024-03-19,2024-03-19,5.846853733062744,6.610000133514404,6.71999979019165,6.550000190734863,6.630000114440918,28848300,2024-03-19,5.846853733062744,-0.0060150250382176,-0.0196671908173562,0.0108024674668549,6.630000114440918,6.71999979019165,6.550000190734863,28848300,-0.006015025038217603,-0.006033188172420045,-0.11812162411164807,0.02907539802055842,17.177561658369694,0.4033799856978153,0.008852269149369985,0.023673564826641513,0.007443610188554217,0.02069078273670244,0.012593385450413398,0.01025013921943079,75.80107716218322,0.1343974120637066,0.11273872162073259,0.021658690442974,1.791759469228055,5.846853733062744,2024-03-20,-0.01966719081735624
2024-03-20,12,-0.1144651388943505,0.7140299155781692,0.4166666666666667,0.5833333333333334,0.0,1,2024-03-20,2024-03-20,2024-03-20,5.731862545013428,6.480000019073486,6.639999866485596,6.449999809265137,6.610000133514404,21258700,2024-03-20,5.731862545013428,-0.0196671908173562,0.0108024674668549,0.0,6.610000133514404,6.639999866485596,6.449999809265137,21258700,-0.01966719081735624,-0.019863163762178004,-0.13284985941960767,0.033148048427252344,16.87227682835284,-0.2630865596932922,-0.012044528742938931,0.0001676904766287901,-0.008280794763366184,0.000504485357243567,0.01664252033262868,0.012765910951218856,62.77588622196842,0.12672778336446822,0.11553653396947973,0.011191249394988487,2.5649493574615367,5.731862545013428,2024-03-21,0.010802467466854981
2024-03-21,8,0.5340514134149998,0.2379533480337785,1.0,0.0,0.0,1,2024-03-21,2024-03-21,2024-03-21,5.79378080368042,6.550000190734863,6.579999923706055,6.46999979019165,6.5,20647800,2024-03-21,5.79378080368042,0.0108024674668549,0.0,-0.0076335513474039,6.5,6.579999923706055,6.46999979019165,20647800,0.010802467466854981,0.010744537631866002,-0.10864910712608924,0.018985898369598003,16.843119382596832,-0.028736470245123158,-0.004559281473428434,0.006650279710251006,0.00162016625821515,0.009236604202515819,0.017142419988706897,0.012942821699143566,66.14891588028974,0.12421397201668327,0.11727202157892044,0.006941950437762828,2.1972245773362196,5.79378080368042,2024-03-22,0.0
2024-03-22,4,0.2476678062230348,0.4116662138080317,0.75,0.25,0.0,1,2024-03-22,2024-03-22,2024-03-22,5.79378080368042,6.550000190734863,6.599999904632568,6.510000228881836,6.570000171661377,7059200,2024-03-22,5.79378080368042,0.0,-0.0076335513474039,0.0,6.570000171661377,6.599999904632568,6.510000228881836,7059200,0.0,0.0,-0.11814601943681106,0.015533842028259226,15.769842430260367,-0.6581136973430584,-0.0027405668903970337,0.004287292193707382,0.0010795278339528203,0.0075445514319743,0.011839595667705014,0.011769830063224296,66.14891588028974,0.1208289178608215,0.11798340083530066,0.002845517025520841,1.6094379124341003,5.79378080368042,2024-03-25,-0.007633551347403955
2024-03-25,6,-0.499468114071836,0.7274047063981309,0.1666666666666666,0.8333333333333334,0.0,1,2024-03-25,2024-03-25,2024-03-25,5.749553680419922,6.5,6.579999923706055,6.460000038146973,6.559999942779541,15572600,2024-03-25,5.749553680419922,-0.0076335513474039,0.0,0.0076922706906996,6.559999942779541,6.579999923706055,6.460000038146973,15572600,-0.007633551347403955,-0.007662836026415487,-0.12354363863244555,0.020871165351102134,16.561023581881667,1.206000679963735,-0.005812150460710597,-0.0046587599956045,-0.004384433366359963,-0.0001199418082308279,0.011141965686099752,0.012185507364413276,61.53017827162254,0.11327175257421374,0.1170410711830833,-0.0037693186088695596,1.9459101490553132,5.749553680419922,2024-03-26,0.0
2024-03-26,12,0.0233407279398913,0.5717612225206816,0.5,0.5,0.0,1,2024-03-26,2024-03-26,2024-03-26,5.749553680419922,6.5,6.519999980926514,6.460000038146973,6.46999979019165,25921200,2024-03-26,5.749553680419922,0.0,0.0076922706906996,0.0137404088856378,6.46999979019165,6.519999980926514,6.460000038146973,25921200,0.0,0.0,-0.11135179801147843,0.010435582675551067,17.070571763251465,0.664538997983638,-0.0024554724824217278,-0.005203527399650243,-0.0029272336645567165,-9.813634685273964e-05,0.011261929126383125,0.011995584987745538,61.53017827162254,0.1060600503972502,0.11484486702591667,-0.00878481662866648,2.5649493574615367,5.749553680419922,2024-03-27,0.007692270690699665
2024-03-27,8,-0.1998746781609952,0.5102502641353912,0.25,0.5,0.25,1,2024-03-27,2024-03-27,2024-03-27,5.79378080368042,6.550000190734863,6.579999923706055,6.489999771118164,6.5,16721000,2024-03-27,5.79378080368042,0.0076922706906996,0.0137404088856378,0.0030120014863537,6.5,6.579999923706055,6.489999771118164,16721000,0.007692270690699665,0.007662836026415487,-0.10864910712608924,0.015533924329812281,16.63217603224984,-0.3549295557304446,0.0030627724713316873,0.0008403872527524836,0.0031566897469106348,0.006204199399276966,0.0072550389754278966,0.012114400088187871,64.41203926742034,0.10272928444579676,0.1124217505098927,-0.009692466064095934,2.1972245773362196,5.79378080368042,2024-03-29,0.013740408885637878
2024-03-29,7,0.4034280485606619,0.4041112318304675,0.8571428571428571,0.1428571428571428,0.0,2,2024-03-28,2024-03-29,2024-03-29,5.873389720916748,6.639999866485596,6.699999809265137,6.590000152587891,6.610000133514404,14151800,2024-03-29,5.873389720916748,0.0137404088856378,0.0030120014863537,0.0,6.610000133514404,6.699999809265137,6.590000152587891,14151800,0.013740408885637878,0.013646865377464845,-0.11143878936746938,0.01872847910730446,16.46535245310616,-0.15365109742240302,0.014050037668577264,0.011578248908268085,0.011230233405597811,0.016328599063666793,0.008187761948805905,0.012668826084548548,68.92463839484478,0.10529957478250473,0.11099731536441511,-0.005697740581910374,2.0794415416798357,5.873389720916748,2024-04-01,0.0030120014863537214
2024-04-01,2,0.2099709541071205,0.9914337455735504,0.5,0.5,0.0,1,2024-04-01,2024-04-01,2024-04-01,5.891080379486084,6.659999847412109,6.690000057220459,6.639999866485596,6.679999828338623,15773600,2024-04-01,5.891080379486084,0.0030120014863537,0.0,-0.0150149447678581,6.679999828338623,6.690000057220459,6.639999866485596,15773600,0.0030120014863537214,0.0030074744977963697,-0.1181017169350363,0.008487439911526909,16.57384827783126,0.11460026286408787,0.01369854853556407,0.013852853321452807,0.009472297882298752,0.015808635348711686,0.008043480393926496,0.009917619381452612,69.83985531367465,0.10752456049021486,0.11030276438957506,-0.0027782038993602043,1.0986122886681098,5.891080379486084,2024-04-02,0.0
2024-04-02,9,0.5921808956449646,0.517294008739597,0.7777777777777778,0.1111111111111111,0.1111111111111111,1,2024-04-02,2024-04-02,2024-04-02,5.891080379486084,6.659999847412109,6.699999809265137,6.650000095367432,6.699999809265137,14514400,2024-04-02,5.891080379486084,0.0,-0.0150149447678581,0.0137195456417948,6.699999809265137,6.699999809265137,6.650000095367432,14514400,0.0,0.0,-0.12073424668765415,0.008487358969301122,16.490651886935183,-0.07982958867981949,0.008785161959353083,0.01369854853556407,0.00629498925041716,0.012897267431161374,0.0058637345443405525,0.009744584391667963,69.83985531367465,0.10804243179408779,0.10985069787047762,-0.0018082660763898278,2.302585092994046,5.891080379486084,2024-04-03,-0.01501494476785814
2024-04-03,10,-0.2384171766694635,0.6750720119467226,0.3,0.6,0.1,1,2024-04-03,2024-04-03,2024-04-03,5.802626132965088,6.559999942779541,6.659999847412109,6.519999980926514,6.659999847412109,12189600,2024-04-03,5.802626132965088,-0.0150149447678581,0.0137195456417948,-0.0030075530510762,6.659999847412109,6.659999847412109,6.519999980926514,12189600,-0.01501494476785814,-0.015128810278304927,-0.12873479490846731,0.024126983761757037,16.316093769174426,-0.16017196714986492,-0.00816447078423499,-0.0007616192133521604,-0.005893632713858898,-0.0018918824890515884,0.01077852725029169,0.01074583622068353,59.6521173508488,0.10016073942599757,0.10791270618158161,-0.007751966755584039,2.3978952727983707,5.802626132965088,2024-04-04,0.013719545641794895
2024-04-04,7,0.6211165529675782,0.359168449877604,0.8571428571428571,0.0,0.1428571428571428,1,2024-04-04,2024-04-04,2024-04-04,5.882235527038574,6.650000095367432,6.659999847412109,6.559999942779541,6.559999942779541,13388400,2024-04-04,5.882235527038574,0.0137195456417948,-0.0030075530510762,0.0015082722022343,6.559999942779541,6.659999847412109,6.559999942779541,13388400,0.013719545641794895,0.01362628470577576,-0.10331774720317922,0.017000323120844762,16.409899293060793,0.09834613112817481,0.0024118780255331096,0.010331234180688487,0.005150074107602487,0.009635267386249424,0.01187183272462687,0.009288081797721259,64.65008179956155,0.09919479832950007,0.10616912461116532,-0.00697432628166525,2.0794415416798357,5.882235527038574,2024-04-05,-0.0030075530510762505
2024-04-05,4,-0.1499776095151901,0.0937445963380659,0.0,1.0,0.0,1,2024-04-05,2024-04-05,2024-04-05,5.86454439163208,6.630000114440918,6.659999847412109,6.570000171661377,6.619999885559082,17083000,2024-04-05,5.86454439163208,-0.0030075530510762,0.0015082722022343,-0.0105420863882619,6.619999885559082,6.659999847412109,6.570000171661377,17083000,-0.0030075530510762505,-0.003012084827406447,-0.11411714607049439,0.015346405405192245,16.65359443346692,0.2759553045920349,-0.00030154722059760886,0.0060697984240827285,0.0014170166104259252,0.005392495864142699,0.010385792176944792,0.008959089411023026,62.788722838493726,0.09589632315503582,0.10411456431993943,-0.008218241164903606,1.6094379124341003,5.86454439163208,2024-04-08,0.001508272202234373
2024-04-08,5,0.5009908631443978,0.3074850954187938,0.8,0.0,0.2,1,2024-04-08,2024-04-08,2024-04-08,5.873389720916748,6.639999866485596,6.670000076293945,6.590000152587891,6.639999866485596,9286900,2024-04-08,5.873389720916748,0.0015082722022343,-0.0105420863882619,0.006088267197482,6.639999866485596,6.670000076293945,6.590000152587891,9286900,0.001508272202234373,0.001507135902139245,-0.11545333749751976,0.013620741600230114,16.044115470638875,-0.456365977872739,0.0018104890758867676,0.006213039621797423,0.0019497148242875184,0.005645645667562871,0.010288740352416413,0.008948381584947785,63.35678724933509,0.09292482245524347,0.10187661594700025,-0.008951793491756774,1.791759469228055,5.873389720916748,2024-04-09,-0.010542086388261929
2024-04-09,13,-0.160021181576527,0.6689927534535489,0.3846153846153846,0.5384615384615384,0.0769230769230769,1,2024-04-09,2024-04-09,2024-04-09,5.811471939086914,6.570000171661377,6.650000095367432,6.550000190734863,6.639999866485596,8992000,2024-04-09,5.811471939086914,-0.0105420863882619,0.006088267197482,-0.0045385887697351,6.639999866485596,6.650000095367432,6.550000190734863,8992000,-0.010542086388261929,-0.010598047828669799,-0.12477830482806967,0.017207328140051232,16.011845962325566,-0.031754406744984864,-0.006051392083763374,-0.005449531133929986,-0.0057584828789748466,-0.0040585314786627524,0.011186559763871007,0.009314467752360625,56.81802958501309,0.08459844104926262,0.09842098096745273,-0.013822539918190116,2.6390573296152584,5.811471939086914,2024-04-12,0.006088267197482011
2024-04-12,7,-0.4782144089362451,0.3426427483704196,0.0,0.8571428571428571,0.1428571428571428,3,2024-04-10,2024-04-12,2024-04-12,5.846853733062744,6.610000133514404,6.619999885559082,6.460000038146973,6.53000020980835,25296200,2024-04-12,5.846853733062744,0.006088267197482,-0.0045385887697351,-0.0151975776026557,6.53000020980835,6.619999885559082,6.460000038146973,25296200,0.006088267197482011,0.006069808581516956,-0.10461660869772856,0.02736511886851957,17.046164784320126,1.8131895017793593,-0.0015105505235991634,-0.001057832201153186,0.0001964641230867148,0.0016398782413402646,0.009160857498558394,0.009432028724684887,59.3967934221101,0.07993331734693054,0.0947234482433483,-0.014790130896417758,2.0794415416798357,5.846853733062744,2024-04-15,-0.004538588769735119
2024-04-15,4,-0.3607378471642732,0.5522353956563679,0.25,0.75,0.0,1,2024-04-15,2024-04-15,2024-04-15,5.820317268371582,6.579999923706055,6.630000114440918,6.559999942779541,6.579999923706055,26103500,2024-04-15,5.820317268371582,-0.0045385887697351,-0.0151975776026557,0.0077160957281037,6.579999923706055,6.630000114440918,6.559999942779541,26103500,-0.004538588769735119,-0.004548919433352339,-0.11545329242292703,0.012026865277906357,17.07758000122827,0.03191388429882758,-0.003935803670747751,-0.006042259243911774,-0.00289954179678531,-0.0023790188126220357,0.0062870208462130995,0.00936424450832276,56.66365517624625,0.07325051592561582,0.0904288617798018,-0.017178345854185983,1.6094379124341003,5.820317268371582,2024-04-16,-0.01519757760265572
2024-04-16,15,-0.1141607221371184,0.7287134592617036,0.3333333333333333,0.5333333333333333,0.1333333333333333,1,2024-04-16,2024-04-16,2024-04-16,5.731862545013428,6.480000019073486,6.579999923706055,6.480000019073486,6.570000171661377,43155400,2024-04-16,5.731862545013428,-0.0151975776026557,0.0077160957281037,0.0091883005998594,6.570000171661377,6.579999923706055,6.480000019073486,43155400,-0.01519757760265572,-0.015314244328825666,-0.12757041168174074,0.017446319385234683,17.580318135679388,0.6532419024268776,-0.0145985425394497,-0.0187764767931603,-0.012108232447584966,-0.01439718507123322,0.008647985267296626,0.009287780419366693,48.630756748882995,0.06012372188404136,0.08436783380064972,-0.024244111916608357,2.772588722239781,5.731862545013428,2024-04-17,0.007716095728103722
2024-04-17,8,0.4602241520769894,0.3686899481478167,0.75,0.125,0.125,1,2024-04-17,2024-04-17,2024-04-17,5.776090145111084,6.53000020980835,6.539999961853027,6.449999809265137,6.480000019073486,32164700,2024-04-17,5.776090145111084,0.0077160957281037,0.0091883005998594,-0.004552363096173,6.480000019073486,6.539999961853027,6.449999809265137,32164700,0.007716095728103722,0.007686478914677997,-0.10862806664976642,0.01558150069109764,17.286380166965596,-0.2546772825648702,-0.0036618617254284835,-0.009254990827256782,-0.0029948545383292613,-0.0055641090423489414,0.010062654469878918,0.009702077957944552,52.27393442498384,0.052682153661151254,0.07803069777275003,-0.025348544111598773,2.1972245773362196,5.776090145111084,2024-04-18,0.009188300599859422
2024-04-18,12,0.6057401469442995,0.3084734173266501,1.0,0.0,0.0,1,2024-04-18,2024-04-18,2024-04-18,5.82916259765625,6.590000152587891,6.599999904632568,6.53000020980835,6.53000020980835,28598200,2024-04-18,5.82916259765625,0.0091883005998594,-0.004552363096173,0.0091463637611965,6.53000020980835,6.599999904632568,6.53000020980835,28598200,0.009188300599859422,0.009146344970699882,-0.1073258177081542,0.012008533584629078,17.16885437171376,-0.11088242700849071,0.004879509795722381,0.0009112859448265898,0.004102187693267645,0.0029215203713039983,0.010373936053091315,0.01032022993794777,56.280842972474,0.05048519866207801,0.07252159795061563,-0.022036399288537623,2.5649493574615367,5.82916259765625,2024-04-19,-0.004552363096173018
2024-04-19,9,0.0934503785748448,0.7253606077002765,0.5555555555555556,0.4444444444444444,0.0,1,2024-04-19,2024-04-19,2024-04-19,5.802626132965088,6.559999942779541,6.599999904632568,6.550000190734863,6.590000152587891,32899200,2024-04-19,5.802626132965088,-0.004552363096173,0.0091463637611965,0.007552915480586,6.590000152587891,6.599999904632568,6.550000190734863,32899200,-0.004552363096173018,-0.004562756656555589,-0.11948012160722049,0.008616738826865568,17.308958929726412,0.15039408074634064,0.0018325921324169325,-0.0036452256558515694,-0.00031261555712247535,-0.0013456097878302709,0.010066616605393297,0.009213434174433642,53.846563814791274,0.046071738745422586,0.06723162610957703,-0.021159887364154445,2.302585092994046,5.802626132965088,2024-04-22,0.009146363761196596
2024-04-22,4,0.4254519529640674,0.3473682265004662,1.0,0.0,0.0,1,2024-04-22,2024-04-22,2024-04-22,5.855699062347412,6.619999885559082,6.639999866485596,6.53000020980835,6.550000190734863,14881900,2024-04-22,5.855699062347412,0.0091463637611965,0.007552915480586,0.0,6.550000190734863,6.639999866485596,6.53000020980835,14881900,0.009146363761196596,0.009104789088606235,-0.10600016918618678,0.01878505973514797,16.51565633458554,-0.5476516146289272,0.009762046167529181,0.005926148962222211,0.005869980224561422,0.006363354321912373,0.010855520266217026,0.00854838931318206,57.7797563090851,0.04632260367603003,0.06304982162286762,-0.016727217946837597,1.6094379124341003,5.855699062347412,2024-04-23,0.007552915480586009
2024-04-23,9,0.7801959820919566,0.1946853174400284,1.0,0.0,0.0,1,2024-04-23,2024-04-23,2024-04-23,5.899926662445068,6.670000076293945,6.699999809265137,6.630000114440918,6.630000114440918,19915000,2024-04-23,5.899926662445068,0.007552915480586,0.0,0.001499226988866,6.630000114440918,6.699999809265137,6.630000114440918,19915000,0.007552915480586009,0.007524535028311519,-0.11011665752548994,0.011864502531834731,16.806983824811287,0.3382027832467629,0.011525662512261503,0.012908161050380729,0.008938030604984437,0.011396427103881335,0.005843666699504879,0.008840405690241748,60.77934047140634,0.04951938499781594,0.06034373429785729,-0.01082434930004135,2.302585092994046,5.899926662445068,2024-04-24,0.0
2024-04-24,5,0.7245204765349628,0.2794601461578836,1.0,0.0,0.0,1,2024-04-24,2024-04-24,2024-04-24,5.899926662445068,6.670000076293945,6.800000190734863,6.659999847412109,6.710000038146973,27025900,2024-04-24,5.899926662445068,0.0,0.001499226988866,-0.0104790401040447,6.710000038146973,6.800000190734863,6.659999847412109,27025900,0.0,0.0,-0.12072628481319851,0.02372916670539333,17.11230626043426,0.3570625156916898,0.007248599096522534,0.012446900216753543,0.005940986829288342,0.009305068623854051,0.006221195328603514,0.008836754049794811,60.77934047140634,0.051459662272745454,0.058566919892834926,-0.007107257620089472,1.791759469228055,5.899926662445068,2024-04-25,0.0014992269888660648
2024-04-25,4,-0.140247967094183,0.2814913262398675,0.5,0.5,0.0,1,2024-04-25,2024-04-25,2024-04-25,5.908771991729736,6.679999828338623,6.699999809265137,6.659999847412109,6.670000076293945,23375000,2024-04-25,5.908771991729736,0.001499226988866,-0.0104790401040447,0.0,6.670000076293945,6.699999809265137,6.659999847412109,23375000,0.0014992269888660648,0.0014981042700841218,-0.11412714780464747,0.0067695896726111,16.96717767591977,-0.13508893320851478,0.006024100004677901,0.012274591997951667,0.004953780035487743,0.008833916294996413,0.005622071440830972,0.007942147907347572,61.41517894711519,0.053098997946492865,0.057473335503566515,-0.00437433755707365,1.6094379124341003,5.908771991729736,2024-04-26,-0.010479040104044768
2024-04-26,4,0.0586305949836969,0.7800570396486253,0.5,0.5,0.0,1,2024-04-26,2024-04-26,2024-04-26,5.846853733062744,6.610000133514404,6.699999809265137,6.559999942779541,6.690000057220459,21526700,2024-04-26,5.846853733062744,-0.0104790401040447,0.0,0.0,6.690000057220459,6.699999809265137,6.559999942779541,21526700,-0.010479040104044768,-0.010534331853646162,-0.12603083960331427,0.02394447900995462,16.88480462954605,-0.0790716577540107,-0.0060150411534839465,0.0016669259520996071,-0.003725039011904907,-0.0014221996042952378,0.007759549502377248,0.008621687025697496,54.726793029900776,0.0488389126924158,0.05574645094133638,-0.006907538248920576,1.6094379124341003,5.846853733062744,2024-04-29,0.0
2024-04-29,6,0.5541729138543209,0.4116315995328994,0.8333333333333334,0.0,0.1666666666666666,2,2024-04-27,2024-04-29,2024-04-29,5.846853733062744,6.610000133514404,6.639999866485596,6.570000171661377,6.610000133514404,21992600,2024-04-29,5.846853733062744,0.0,0.0,0.0045385072152477,6.610000133514404,6.639999866485596,6.570000171661377,21992600,0.0,0.0,-0.11545331089818156,0.011972198727733687,16.906216636573127,0.021642889992427916,-0.005716013034525846,0.0012117596413596665,-0.002486446711603918,-0.0011639188262223543,0.006494176005300391,0.00847242802660491,54.726793029900776,0.04494467025469184,0.05358609480400747,-0.00864142454931563,1.9459101490553132,5.846853733062744,2024-04-30,0.0
2024-04-30,10,0.3951957226498053,0.7358025423226142,0.7,0.2,0.1,1,2024-04-30,2024-04-30,2024-04-30,5.846853733062744,6.610000133514404,6.71999979019165,6.559999942779541,6.639999866485596,36176000,2024-04-30,5.846853733062744,0.0,0.0045385072152477,0.0015060819292007,6.639999866485596,6.71999979019165,6.559999942779541,36176000,0.0,0.0,-0.11944972129082981,0.02736511886851957,17.403906501142522,0.6449169266025845,-0.003918026847145262,-0.0007558542768107968,-0.0016590061511990717,-0.0009524987907771898,0.004897207223245096,0.006473544175110512,54.726793029900776,0.041381435635338804,0.05114516297027374,-0.009763727334934934,2.3978952727983707,5.846853733062744,2024-05-02,0.0045385072152477335
2024-05-02,7,0.2400738530725772,0.61715806599189,0.5714285714285714,0.4285714285714285,0.0,2,2024-05-01,2024-05-02,2024-05-02,5.873389720916748,6.639999866485596,6.639999866485596,6.570000171661377,6.570000171661377,15069400,2024-05-02,5.873389720916748,0.0045385072152477,0.0015060819292007,0.0150376031275114,6.570000171661377,6.639999866485596,6.570000171661377,15069400,0.0045385072152477335,0.004528239247152843,-0.10602898516644556,0.011918108307189404,16.528176821969314,-0.5834420610349402,0.001508239629791408,0.002112831328952902,0.0019128165834394473,0.0029285628304056566,0.005672542886347935,0.006235801369023719,57.220535066507004,0.040234975228069736,0.04896312542183294,-0.008728150193763204,2.0794415416798357,5.873389720916748,2024-05-03,0.0015060819292007643
2024-05-03,5,0.7323658153414727,0.2690026129011336,1.0,0.0,0.0,1,2024-05-03,2024-05-03,2024-05-03,5.882235527038574,6.650000095367432,6.679999828338623,6.630000114440918,6.659999847412109,24861900,2024-05-03,5.882235527038574,0.0015060819292007,0.0150376031275114,0.0088887504597112,6.659999847412109,6.679999828338623,6.630000114440918,24861900,0.0015060819292007643,0.0015049489252672021,-0.11678143216110624,0.008500121028454901,17.02884710934534,0.6498268013325017,0.003925124802737878,0.002714111784047457,0.002278587306406621,0.003629025440582412,0.005673264954148678,0.0056555310034865315,58.050058139489565,0.03958388137764324,0.047087276612995006,-0.007503395235351769,1.791759469228055,5.882235527038574,2024-05-06,0.015037603127511456
2024-05-06,5,0.7252071097493171,0.1455606890274635,1.0,0.0,0.0,1,2024-05-06,2024-05-06,2024-05-06,5.9706902503967285,6.75,6.75,6.650000095367432,6.659999847412109,21563800,2024-05-06,5.9706902503967285,0.0150376031275114,0.0088887504597112,-0.0102789219603498,6.659999847412109,6.75,6.650000095367432,21563800,0.015037603127511456,0.014925659223779641,-0.1034999418630959,0.016748466331162257,16.88652658716758,-0.13265679614188775,0.01473242519319018,0.014884982992628526,0.011500457228758698,0.015265384641925062,0.006326611892286531,0.0068215569342541475,65.29663641689976,0.04567888399772979,0.04680559808994196,-0.0011267140922121693,1.791759469228055,5.9706902503967285,2024-05-07,0.00888875045971127
2024-05-07,9,0.5450004572048783,0.2937127576387622,1.0,0.0,0.0,1,2024-05-07,2024-05-07,2024-05-07,6.023762226104736,6.809999942779541,6.920000076293945,6.75,6.75,26947000,2024-05-07,6.023762226104736,0.0088887504597112,-0.0102789219603498,0.0014837364853288,6.75,6.920000076293945,6.75,26947000,0.00888875045971127,0.008849478067435745,-0.10759078131781684,0.02822157812890231,17.109382568978763,0.24964060137823574,0.017632897983130613,0.02098938074446921,0.01356827711097508,0.019786111389963335,0.0060900377960825735,0.006795700988686202,68.78118806646323,0.05416727574803559,0.04827793362156069,0.005889342126474906,2.302585092994046,6.023762226104736,2024-05-08,-0.010278921960349852
2024-05-08,10,0.3155482481699437,0.6380693471073112,0.7,0.2,0.1,1,2024-05-08,2024-05-08,2024-05-08,5.961844444274902,6.739999771118164,6.849999904632568,6.690000057220459,6.78000020980835,22702700,2024-05-08,5.961844444274902,-0.0102789219603498,0.0014837364853288,0.0029629966828907,6.78000020980835,6.849999904632568,6.690000057220459,22702700,-0.010278921960349852,-0.010332114903377931,-0.12067193808487715,0.02683730662676977,16.937994462157405,-0.15750547370764834,0.003274781486376499,0.0094353414810735,0.0020977227289038503,0.007599352722908348,0.009435396432201622,0.007704578606418505,61.07603944011774,0.055261124001900086,0.049674571697628574,0.005586552304271512,2.3978952727983707,5.961844444274902,2024-05-09,0.001483736485328846
2024-05-09,6,0.0851308453517655,0.486223834659142,0.5,0.3333333333333333,0.1666666666666666,1,2024-05-09,2024-05-09,2024-05-09,5.9706902503967285,6.75,6.769999980926514,6.730000019073486,6.739999771118164,19644200,2024-05-09,5.9706902503967285,0.0014837364853288,0.0029629966828907,0.0044312454642441,6.739999771118164,6.769999980926514,6.730000019073486,19644200,0.001483736485328846,0.001482636835942186,-0.11414088232139617,0.006699386532464903,16.793292738220874,-0.13471965889519744,0.0014837204652984326,0.009723287268653902,0.00238686249475184,0.007428560520900351,0.00948559128586423,0.007695938982612657,61.735537727399915,0.056194019572315845,0.050978461272566035,0.00521555829974981,1.9459101490553132,5.9706902503967285,2024-05-10,0.002962996682890795
2024-05-10,8,0.4983818434993737,0.4019170462661418,0.875,0.0,0.125,1,2024-05-10,2024-05-10,2024-05-10,5.988381385803223,6.769999980926514,6.800000190734863,6.739999771118164,6.75,17093600,2024-05-10,5.988381385803223,0.0029629966828907,0.0044312454642441,-0.0014705653852215,6.75,6.800000190734863,6.739999771118164,17093600,0.002962996682890795,0.0029586156600567293,-0.11283238728841145,0.010019471999385916,16.65421474091234,-0.12983985094837158,0.0008871149953995072,0.01135350783923128,0.003564921948039368,0.008504090562272193,0.009437911482378486,0.007715743546937552,63.08272885198542,0.05769579163772054,0.052321927345596944,0.005373864292123595,2.1972245773362196,5.988381385803223,2024-05-13,0.004431245464244116
2024-05-13,6,0.6725370634812862,0.2517984789414988,1.0,0.0,0.0,1,2024-05-13,2024-05-13,2024-05-13,6.014917373657227,6.800000190734863,6.809999942779541,6.769999980926514,6.769999980926514,8630400,2024-05-13,6.014917373657227,0.0044312454642441,-0.0014705653852215,-0.0014726517401331,6.769999980926514,6.809999942779541,6.769999980926514,8630400,0.004431245464244116,0.004421456403894464,-0.11153362029492202,0.00665012657168162,15.970801527797025,-0.4951092806664482,0.00383820894235809,0.012959919740515469,0.005327082838211705,0.010589311541629343,0.007142643592158283,0.00652051661905812,65.06930432841325,0.060331722724180636,0.05392388642131368,0.006407836302866954,1.9459101490553132,6.014917373657227,2024-05-14,-0.0014705653852215006
2024-05-14,6,0.623932527533422,0.3373483472397218,0.8333333333333334,0.0,0.1666666666666666,1,2024-05-14,2024-05-14,2024-05-14,6.006072044372559,6.789999961853027,6.829999923706055,6.78000020980835,6.800000190734863,12745100,2024-05-14,6.006072044372559,-0.0014705653852215,-0.0014726517401331,0.0014748236417354,6.800000190734863,6.829999923706055,6.78000020980835,12745100,-0.0014705653852215006,-0.001471647727731451,-0.11675413589606184,0.008324860828892777,16.360657520437297,0.4767681683351872,0.0029542115602019248,0.008765429665461566,0.00256250166683758,0.0074357442896544335,0.005847786898186042,0.006608104027526519,63.83618297543313,0.06100375958432025,0.055339861053915,0.005663898530405248,1.9459101490553132,6.006072044372559,2024-05-15,-0.001472651740133113
2024-05-15,6,-0.0390487927167365,0.5659273073707795,0.5,0.3333333333333333,0.1666666666666666,1,2024-05-15,2024-05-15,2024-05-15,5.997227191925049,6.78000020980835,6.820000171661377,6.78000020980835,6.809999942779541,20638600,2024-05-15,5.997227191925049,-0.0014726517401331,0.0014748236417354,0.0029453828727799,6.809999942779541,6.820000171661377,6.78000020980835,20638600,-0.001472651740133113,-0.001473737157465571,-0.11934989099614504,0.006669742628207447,16.84267371527265,0.6193360585636833,0.00029514722605350485,0.0047422558012832905,0.0007237888061653042,0.004864670015777506,0.002641199847407312,0.0066910951446536365,62.55949675299465,0.06012951237540509,0.056297791318213025,0.003831721057192067,1.9459101490553132,5.997227191925049,2024-05-16,0.0014748236417354565
2024-05-16,3,0.1401661336421966,0.6875285714513186,0.3333333333333333,0.3333333333333333,0.3333333333333333,1,2024-05-16,2024-05-16,2024-05-16,6.006072044372559,6.789999961853027,6.820000171661377,6.739999771118164,6.739999771118164,19024500,2024-05-16,6.006072044372559,0.0014748236417354,0.0029453828727799,0.0044054558213595,6.739999771118164,6.820000171661377,6.739999771118164,19024500,0.0014748236417354565,0.001473737157465571,-0.10889135781437083,0.013319920232753446,16.761238232721528,-0.07820782417412031,0.0005894237903034671,0.0039923127545951065,0.00146537881771458,0.005186743328453813,0.0026409524657203727,0.006660644778785418,63.3488822943916,0.05946489652519649,0.05693121235960972,0.002533684165586768,1.3862943611198906,6.006072044372559,2024-05-17,0.0029453828727799003
2024-05-17,3,0.8383058027829975,0.1841342556834624,1.0,0.0,0.0,1,2024-05-17,2024-05-17,2024-05-17,6.023762226104736,6.809999942779541,6.820000171661377,6.789999961853027,6.800000190734863,19341700,2024-05-17,6.023762226104736,0.0029453828727799,0.0044054558213595,0.0,6.800000190734863,6.820000171661377,6.789999961853027,19341700,0.0029453828727799003,0.0029410537312160034,-0.11415263865547633,0.004980311088365988,16.777773996552032,0.016673237141580532,0.0023549031640395235,0.004572835008602727,0.0029390598022231984,0.006656196988656049,0.002637998260480951,0.006658182273967896,64.94099378536794,0.05967770605110445,0.057480511097908665,0.0021971949531957857,1.3862943611198906,6.023762226104736,2024-05-20,0.0044054558213595385
2024-05-20,6,0.6502075533693036,0.3042326512051722,1.0,0.0,0.0,1,2024-05-20,2024-05-20,2024-05-20,6.050299644470215,6.840000152587891,6.849999904632568,6.809999942779541,6.829999923706055,22020700,2024-05-20,6.050299644470215,0.0044054558213595,0.0,0.0058479407723497,6.829999923706055,6.849999904632568,6.809999942779541,22020700,0.0044054558213595385,0.004395780207447686,-0.11415816807399955,0.0066112365012509855,16.907493523447826,0.1385090245428271,0.005586632026371552,0.007660633085502244,0.004892975717679882,0.009056173083849206,0.002630069362412885,0.005077140577930875,67.24000525054826,0.06128129439769481,0.0582406677578659,0.0030406266398289097,1.9459101490553132,6.050299644470215,2024-05-21,0.0
2024-05-21,6,-0.490389815531671,0.4070677339917382,0.0,1.0,0.0,1,2024-05-21,2024-05-21,2024-05-21,6.050299644470215,6.840000152587891,6.849999904632568,6.809999942779541,6.849999904632568,16574700,2024-05-21,6.050299644470215,0.0,0.0058479407723497,0.0,6.849999904632568,6.849999904632568,6.809999942779541,16574700,0.0,0.0,-0.11674456515269822,0.0066112365012509855,16.623388054657806,-0.24731275572529487,0.004110424371490007,0.0072154706936282675,0.0032566722057787434,0.007397415745446834,0.002324530932195592,0.004331465009478473,67.24000525054826,0.06183930470459309,0.05896039514721134,0.002878909557381751,1.9459101490553132,6.050299644470215,2024-05-23,0.005847940772349736
2024-05-23,8,0.1103436797857284,0.4852449061811016,0.375,0.25,0.375,2,2024-05-22,2024-05-23,2024-05-23,6.085681438446045,6.880000114440918,6.900000095367432,6.849999904632568,6.880000114440918,23580200,2024-05-23,6.085681438446045,0.0058479407723497,0.0,0.0029070097712855,6.880000114440918,6.900000095367432,6.849999904632568,23580200,0.005847940772349736,0.005830907939117447,-0.11545329400905409,0.008216038128284059,16.975917977210198,0.42266225029713955,0.007025793831585192,0.011021326336251303,0.006063996592921672,0.010846298264868492,0.0023126776513820533,0.002515162761809226,70.25600549739728,0.06439425013736333,0.06004716614524174,0.004347083992121588,2.1972245773362196,6.085681438446045,2024-05-24,0.0
2024-05-24,5,-0.3579387842677534,0.7215755610323265,0.2,0.8,0.0,1,2024-05-24,2024-05-24,2024-05-24,6.085681438446045,6.880000114440918,6.900000095367432,6.809999942779541,6.869999885559082,18823300,2024-05-24,6.085681438446045,0.0,0.0029070097712855,0.0014490964631983,6.869999885559082,6.900000095367432,6.809999942779541,18823300,0.0,0.0,-0.11416571472754967,0.014788837289332682,16.75060607525321,-0.20173280973019736,0.004379588306800075,0.00909359231923057,0.00403450931170779,0.00885677798839657,0.0026191686017285553,0.0025954714538207776,70.25600549739728,0.06566215040363765,0.06117016299692093,0.004491987406716726,1.791759469228055,6.085681438446045,2024-05-27,0.0029070097712855514
2024-05-27,7,0.1381653371666159,0.7225452052170307,0.7142857142857143,0.2857142857142857,0.0,1,2024-05-27,2024-05-27,2024-05-27,6.103372573852539,6.900000095367432,6.929999828338623,6.849999904632568,6.849999904632568,8019300,2024-05-27,6.103372573852539,0.0029070097712855,0.0014490964631983,-0.005788622594913,6.849999904632568,6.929999828338623,6.849999904632568,8019300,0.0029070097712855514,0.0029027925893296835,-0.1089966921423013,0.013107494706907193,15.897361818937064,-0.5739694952532234,0.004659310943913031,0.010101057928885604,0.004624779215907093,0.00962535033625489,0.002618105180414423,0.002593012777862143,71.76346012771839,0.06731849160874503,0.06239982871928575,0.004918662889459281,2.0794415416798357,6.103372573852539,2024-05-28,0.0014490964631983516
2024-05-28,3,0.1636083840082089,0.9309092535124012,0.6666666666666666,0.3333333333333333,0.0,1,2024-05-28,2024-05-28,2024-05-28,6.112216949462891,6.909999847412109,6.929999828338623,6.889999866485596,6.920000076293945,15301900,2024-05-28,6.112216949462891,0.0014490964631983,-0.005788622594913,-0.004366744381377,6.920000076293945,6.929999828338623,6.889999866485596,15301900,0.0014490964631983516,0.0014480475361273726,-0.11673166444004848,0.006544264083515937,16.54348762701049,0.9081341264200118,0.004068458691834254,0.009938491224262824,0.004045518590528374,0.009054069413793941,0.002445632974476129,0.0024372381043664838,72.51345999659873,0.068554566771307,0.06363077632969001,0.00492379044161699,1.3862943611198906,6.112216949462891,2024-05-29,-0.005788622594913084
2024-05-29,6,-0.6593795058627924,0.1437411782978902,0.0,1.0,0.0,1,2024-05-29,2024-05-29,2024-05-29,6.076835632324219,6.869999885559082,6.920000076293945,6.829999923706055,6.920000076293945,19537900,2024-05-29,6.076835632324219,-0.005788622594913,-0.004366744381377,0.0,6.920000076293945,6.920000076293945,6.829999923706055,19537900,-0.005788622594913084,-0.005805441608039308,-0.12184457148464212,0.014810364807163313,16.78786677813336,0.2768283677190415,-0.0026132623699204327,0.0029196783196039355,-0.0011783751983688306,0.0026273129772100834,0.004311552929217483,0.003280153657028409,65.0677363918677,0.06591931185032873,0.06408848343381776,0.0018308284165109712,1.9459101490553132,6.076835632324219,2024-05-30,-0.0043667443813770745
2024-05-30,6,-0.2800068859942257,0.6658319428370962,0.1666666666666666,0.6666666666666666,0.1666666666666666,1,2024-05-30,2024-05-30,2024-05-30,6.050299644470215,6.840000152587891,6.869999885559082,6.800000190734863,6.849999904632568,12277700,2024-05-30,6.050299644470215,-0.004366744381377,0.0,0.0219297187871945,6.849999904632568,6.869999885559082,6.800000190734863,12277700,-0.0043667443813770745,-0.004376306456535195,-0.11674456515269822,0.011569624471111326,16.323295248172645,-0.37159571908956435,-0.005813910029263125,-0.0023336781102748505,-0.0037001488536917426,-0.0014330141832966659,0.0037550269432568323,0.003647048067765662,60.08465690431821,0.06098660526747146,0.0634681078005485,-0.0024815025330770374,1.9459101490553132,6.050299644470215,2024-05-31,0.0
2024-05-31,8,0.365324709971901,0.7640207153269023,0.75,0.25,0.0,1,2024-05-31,2024-05-31,2024-05-31,6.050299644470215,6.840000152587891,6.860000133514404,6.800000190734863,6.840000152587891,76896400,2024-05-31,6.050299644470215,0.0,0.0219297187871945,-0.014306161243948,6.840000152587891,6.860000133514404,6.800000190734863,76896400,0.0,0.0,-0.1154532880849272,0.009916854751876479,18.157969632340357,5.263094879334077,-0.004656536320926885,-0.003060738528579021,-0.00246981212663111,-0.0011727717133334092,0.0037550269432568323,0.003650473929826173,60.08465690431821,0.056426945064179,0.0620598752532746,-0.0056329301890956016,2.1972245773362196,6.050299644470215,2024-06-04,0.02192971878719452
2024-06-04,12,0.3824538933113217,0.4220866597680235,0.5833333333333334,0.1666666666666666,0.25,2,2024-06-03,2024-06-04,2024-06-04,6.182981014251709,6.989999771118164,7.039999961853027,6.849999904632568,6.869999885559082,22668600,2024-06-04,6.182981014251709,0.0219297187871945,-0.014306161243948,0.0087082944348972,6.869999885559082,7.039999961853027,6.849999904632568,22668600,0.02192971878719452,0.021692721106878032,-0.10000274858104503,0.030729522989397955,16.936491309066465,-0.7052059654288108,0.014513750352609156,0.01613599527118481,0.012854015669354624,0.01689821954345483,0.011187237570465492,0.0076596738703653714,72.35961968914793,0.06279578841950606,0.0622070578865209,0.0005887305329851586,2.5649493574615367,6.182981014251709,2024-06-05,-0.014306161243948012
2024-06-05,10,0.2761780327651649,0.686851830577469,0.7,0.3,0.0,1,2024-06-05,2024-06-05,2024-06-05,6.094526290893555,6.889999866485596,7.0,6.869999885559082,6.949999809265137,23052700,2024-06-05,6.094526290893555,-0.014306161243948,0.0087082944348972,0.0014389041648406,6.949999809265137,7.0,6.869999885559082,23052700,-0.014306161243948012,-0.014409480958206267,-0.12308971825166656,0.021330634775530335,16.95329350058527,0.01694414299956759,0.0005808327570071548,0.0008715179093670145,-0.0010912865920794657,0.001922159225010045,0.013572706176927733,0.009291681455114971,59.27286398752056,0.060013784188761576,0.06176840314696904,-0.0017546189582074642,2.3978952727983707,6.094526290893555,2024-06-06,0.00870829443489729
2024-06-06,7,0.3092020502580063,0.5153682391565026,0.8571428571428571,0.1428571428571428,0.0,1,2024-06-06,2024-06-06,2024-06-06,6.147599220275879,6.949999809265137,6.960000038146973,6.880000114440918,6.880000114440918,22532200,2024-06-06,6.147599220275879,0.0087082944348972,0.0014389041648406,-0.0028735184824166,6.880000114440918,6.960000038146973,6.880000114440918,22532200,0.00870829443489729,0.00867059594054953,-0.10645361656720777,0.013013197646684687,16.930455999603144,-0.022578700108880967,0.006954475952459127,0.00797675673595144,0.005058841345641829,0.0086945079361882,0.013709931656649337,0.009614263884602311,63.5343089336528,0.061383971432337425,0.06169151680404272,-0.00030754537170529783,2.0794415416798357,6.147599220275879,2024-06-07,0.0014389041648406042
2024-06-07,5,0.578000291902572,0.3445388722553152,1.0,0.0,0.0,1,2024-06-07,2024-06-07,2024-06-07,6.156445026397705,6.960000038146973,6.96999979019165,6.909999847412109,6.909999847412109,14874600,2024-06-07,6.156445026397705,0.0014389041648406,-0.0028735184824166,-0.0072047314951388,6.909999847412109,6.96999979019165,6.909999847412109,14874600,0.0014389041648406042,0.0014378699342298962,-0.1090527985028279,0.009745874855094504,16.515165685506798,-0.3398514126450147,0.004909071108235352,0.008257299433597876,0.00432730006763693,0.008285924298918168,0.013231814860451375,0.009500170624071968,64.2065508701051,0.062463595870130284,0.061845932617260235,0.0006176632528700488,1.791759469228055,6.156445026397705,2024-06-10,-0.0028735184824166815
2024-06-10,1,-0.7165547236800195,0.0,0.0,1.0,0.0,1,2024-06-10,2024-06-10,2024-06-10,6.138754367828369,6.940000057220459,6.96999979019165,6.909999847412109,6.960000038146973,15190200,2024-06-10,6.138754367828369,-0.0028735184824166,-0.0072047314951388,0.0,6.960000038146973,6.96999979019165,6.909999847412109,15190200,-0.0028735184824166815,-0.0028776549627198555,-0.11799506692779439,0.009773960511270049,16.53616110687414,0.02121737727401074,-0.0008637309984729225,0.004486964012959449,0.000960436564874545,0.004404536000752968,0.013484761985936513,0.009583496446494309,61.754654465315426,0.06118639899540401,0.061714025892889,-0.0005276268974849854,0.6931471805599453,6.138754367828369,2024-06-11,-0.007204731495138894
2024-06-11,2,0.0206475406885147,0.485114082797029,0.5,0.5,0.0,1,2024-06-11,2024-06-11,2024-06-11,6.094526290893555,6.889999866485596,6.940000057220459,6.880000114440918,6.940000057220459,26038400,2024-06-11,6.094526290893555,-0.0072047314951388,0.0,-0.0014512780855052,6.940000057220459,6.940000057220459,6.880000114440918,26038400,-0.007204731495138894,-0.007230810912059571,-0.12182619010892706,0.00984489030249865,17.07508296788929,0.7141578122737027,-0.005197849153843359,-0.002605719935725115,-0.004176178474530445,-0.002318226458921102,0.008691902933717426,0.009878273769308023,55.997232274022636,0.055960299591682805,0.060563280632647765,-0.00460298104096496,1.0986122886681098,6.094526290893555,2024-06-12,0.0
2024-06-12,9,0.6649147188290954,0.3289725678132575,0.8888888888888888,0.1111111111111111,0.0,1,2024-06-12,2024-06-12,2024-06-12,6.094526290893555,6.889999866485596,6.96999979019165,6.889999866485596,6.940000057220459,14555500,2024-06-12,6.094526290893555,0.0,-0.0014512780855052,0.0058139411886246,6.940000057220459,6.96999979019165,6.889999866485596,14555500,0.0,0.0,-0.12182619010892706,0.013126520403331532,16.49347955573058,-0.440998678874278,-0.005197849153843359,-0.00231687580626605,-0.0027880000449451714,-0.0018975305401179865,0.005875141503908542,0.009863619782203174,55.997232274022636,0.05122805305495959,0.058696235117110133,-0.007468182062150545,2.302585092994046,6.094526290893555,2024-06-13,-0.0014512780855052698
2024-06-13,5,0.1191445490345358,0.3239882132374769,0.6,0.4,0.0,1,2024-06-13,2024-06-13,2024-06-13,6.085681438446045,6.880000114440918,6.96999979019165,6.849999904632568,6.96999979019165,11053400,2024-06-13,6.085681438446045,-0.0014512780855052,0.0058139411886246,-0.0130058114171756,6.96999979019165,6.96999979019165,6.849999904632568,11053400,-0.0014512780855052698,-0.001452332209554319,-0.12687494668077887,0.01971839748314587,16.218248721378053,-0.24060320840919236,-0.004629588828677811,-0.003909032581947081,-0.002827479655462928,-0.002739347731395614,0.00331578721919219,0.009686601358059915,54.81202013054158,0.046231084740574246,0.05620320504180296,-0.009972120301228717,1.791759469228055,6.085681438446045,2024-06-18,-0.007267485251240768
2024-06-18,4,0.4243972058175131,0.4352924609267593,0.75,0.25,0.0,1,2024-06-18,2024-06-18,2024-06-18,6.041453838348389,6.829999923706055,6.949999809265137,6.78000020980835,6.900000095367432,15544100,2024-06-18,6.041453838348389,-0.0130058114171756,-0.0058565032395418,-0.0073638144482625,6.900000095367432,6.949999809265137,6.78000020980835,15544100,-0.007267485251240768,-0.007294022070978512,-0.12442699205112469,0.0281388559782924,16.5591917677023,0.40627318291204517,-0.008132441454877903,-0.011004916145513133,-0.006738907680331141,-0.008185984449367467,0.0033325017793205984,0.00987964319390506,49.20390910136497,0.038261103463786306,0.05261478472619963,-0.014353681262413327,1.6094379124341003,6.041453838348389,2024-06-19,-0.005856503239541899
2024-06-19,2,-0.0105373805854468,1.1421439775947864,0.5,0.5,0.0,1,2024-06-19,2024-06-19,2024-06-19,6.006072044372559,6.789999961853027,6.860000133514404,6.75,6.800000190734863,28383200,2024-06-19,6.006072044372559,-0.0058565032395418,-0.0073638144482625,0.0074184424821965,6.800000190734863,6.860000133514404,6.75,28383200,-0.005856503239541899,-0.005873719806802624,-0.11675413589606184,0.018314820851586335,17.16130801403345,0.8259789888124756,-0.009626580671280083,-0.016084602041944285,-0.008405810620643495,-0.011479292088429682,0.0034005761597121096,0.01004508093123459,45.218034476678255,0.02875831287605113,0.047843490356169936,-0.019085177480118808,1.0986122886681098,6.006072044372559,2024-06-20,-0.007363814448262507
2024-06-20,5,-0.0926931205205619,0.7032394441210991,0.2,0.4,0.4,1,2024-06-20,2024-06-20,2024-06-20,5.961844444274902,6.739999771118164,6.800000190734863,6.710000038146973,6.800000190734863,15412400,2024-06-20,5.961844444274902,-0.0073638144482625,0.0074184424821965,-0.0162002806366581,6.800000190734863,6.800000190734863,6.710000038146973,15412400,-0.007363814448262507,-0.007391061172161928,-0.12325819455151854,0.01509602496829934,16.550683003076443,-0.45698864116801485,-0.012598911924213474,-0.019778963182184306,-0.010526935566812834,-0.015400450678262234,0.003434468231812466,0.006283230523185083,40.77189454690591,0.017457248870735853,0.04176624205908312,-0.02430899318834727,1.791759469228055,5.961844444274902,2024-06-24,-0.008902019004560113
2024-06-24,5,-0.3230279618874192,0.7490604638389536,0.4,0.6,0.0,1,2024-06-24,2024-06-24,2024-06-24,5.908771991729736,6.679999828338623,6.829999923706055,6.670000076293945,6.789999961853027,19958900,2024-06-24,5.908771991729736,-0.0162002806366581,0.0,0.011976022776087,6.789999961853027,6.829999923706055,6.670000076293945,19958900,-0.008902019004560113,-0.00894187870661134,-0.1297832069328612,0.0270783586904444,16.80918576721149,0.29498974851418347,-0.015330172655510621,-0.025528783795206622,-0.012973779455956902,-0.019858924354120622,0.002848604725918587,0.005437222095727737,36.17522621872584,0.00417049596985386,0.034247092841237274,-0.030076596871383414,1.791759469228055,5.908771991729736,2024-06-25,0.0
2024-06-25,2,-0.0606946498155594,0.2576878337709103,0.5,0.5,0.0,1,2024-06-25,2024-06-25,2024-06-25,5.908771991729736,6.679999828338623,6.71999979019165,6.639999866485596,6.690000057220459,30028700,2024-06-25,5.908771991729736,0.0,0.011976022776087,0.001479346682355,6.690000057220459,6.71999979019165,6.639999866485596,30028700,0.0,0.0,-0.11677549459025041,0.0135391793452222,17.217664182280657,0.5045268025793004,-0.009489897240473888,-0.0216754326911196,-0.008686752976406087,-0.016307091069368118,0.003458119101563416,0.0037867904166065058,36.17522621872585,-0.006286880188612898,0.026140298235267242,-0.03242717842388014,1.0986122886681098,5.908771991729736,2024-06-26,0.011976022776087003
2024-06-26,6,0.2721286912759146,0.5236233196347533,0.5,0.5,0.0,1,2024-06-26,2024-06-26,2024-06-26,5.9795355796813965,6.760000228881836,6.78000020980835,6.679999828338623,6.690000057220459,13783400,2024-06-26,5.9795355796813965,0.011976022776087,0.001479346682355,0.0044312454642441,6.690000057220459,6.78000020980835,6.679999828338623,13783400,0.011976022776087003,0.011904877675587455,-0.1061979777970651,0.016723770623513007,16.438975600064577,-0.5409924505556352,0.004457647042445334,-0.0070505299992642545,0.0021212391489484617,-0.003706437713324351,0.008523583754744522,0.006169023446406141,45.6504278427351,-0.008763377226155278,0.01915956314298274,-0.02792294036913802,1.9459101490553132,5.9795355796813965,2024-06-27,0.0014793466823550538
2024-06-27,10,-0.0013424588367343,0.6669003844084364,0.5,0.4,0.1,1,2024-06-27,2024-06-27,2024-06-27,5.988381385803223,6.769999980926514,6.800000190734863,6.75,6.789999961853027,23158700,2024-06-27,5.988381385803223,0.001479346682355,0.0044312454642441,0.0044117754314265,6.789999961853027,6.800000190734863,6.75,23158700,0.0014793466823550538,0.0014782535270227992,-0.1180587011124281,0.008349533457137475,16.957881121013173,0.6801877620906307,0.006541820619540228,-0.0030922720553249183,0.0023996000875550205,-0.0018273933470894788,0.008329248948032416,0.006322319786414812,46.7153396267421,-0.009898136784584288,0.013348023157469335,-0.023246159942053625,2.3978952727983707,5.988381385803223,2024-06-28,0.004431245464244116
2024-06-28,8,0.4699808950244915,0.4094701587511224,0.875,0.125,0.0,1,2024-06-28,2024-06-28,2024-06-28,6.014917373657227,6.800000190734863,6.800000190734863,6.760000228881836,6.789999961853027,19456700,2024-06-28,6.014917373657227,0.0044312454642441,0.0044117754314265,0.0073206882450909,6.789999961853027,6.800000190734863,6.760000228881836,19456700,0.004431245464244116,0.004421456403894464,-0.11415060273200305,0.00665012657168162,16.783702093115412,-0.15985353236580635,0.009201512233045994,0.0026540669012955487,0.004550608216036922,0.0021227972615478485,0.007555641503199467,0.0064218424303855515,49.88743792563358,-0.008557563199163454,0.008966905886142778,-0.01752446908530623,2.1972245773362196,6.014917373657227,2024-07-01,0.004411775431426568
2024-07-01,5,0.3423624880611896,0.5084062482117939,0.6,0.2,0.2,1,2024-07-01,2024-07-01,2024-07-01,6.041453838348389,6.829999923706055,6.869999885559082,6.78000020980835,6.800000190734863,19556700,2024-07-01,6.041453838348389,0.0044117754314265,0.0073206882450909,0.0116278823772493,6.800000190734863,6.869999885559082,6.78000020980835,19556700,0.004411775431426568,0.004402072079071173,-0.11155093104556221,0.014897022829083888,16.78882854781446,0.0051396177152343014,0.009160741366629033,0.007969290790607264,0.005970430222621337,0.005347768277449205,0.0046170782017633935,0.006667569804173765,52.90666886730841,-0.005292865193067264,0.00611495167030077,-0.011407816863368034,1.791759469228055,6.041453838348389,2024-07-02,0.007320688245090912
2024-07-02,4,0.6258828935679048,0.5343785626140706,0.75,0.25,0.0,1,2024-07-02,2024-07-02,2024-07-02,6.085681438446045,6.880000114440918,6.900000095367432,6.829999923706055,6.849999904632568,23599300,2024-07-02,6.085681438446045,0.0073206882450909,0.0116278823772493,0.0057471144181617,6.849999904632568,6.900000095367432,6.829999923706055,23599300,0.007320688245090912,0.007294022070978512,-0.11157933968285526,0.01150243770880837,16.97672765091313,0.2067117663000404,0.01057581858619372,0.01534831972911066,0.00885054392923501,0.010373165146691399,0.0039638302161647855,0.007140550750154818,57.502347590339376,0.000853391830247574,0.005062639702290131,-0.004209247872042557,1.6094379124341003,6.085681438446045,2024-07-03,0.011627882377249321
2024-07-03,4,0.6698080867063254,0.2241073237925926,1.0,0.0,0.0,1,2024-07-03,2024-07-03,2024-07-03,6.156445026397705,6.960000038146973,6.960000038146973,6.880000114440918,6.880000114440918,21965700,2024-07-03,6.156445026397705,0.0116278823772493,0.0057471144181617,-0.0071429000488402,6.880000114440918,6.960000038146973,6.880000114440918,21965700,0.011627882377249321,0.011560798084333745,-0.10516788895460802,0.012994499806792672,16.90499274929205,-0.0692223921895988,0.016355137428034183,0.025187808817853208,0.013627402859095028,0.01802703754775381,0.0038317987213365786,0.007488573683379462,63.61962981165409,0.01130406868704803,0.0063109254992417116,0.0049931431878063185,1.6094379124341003,6.156445026397705,2024-07-04,0.005747114418161781
2024-07-04,5,-0.093124021589756,0.4246315036062484,0.4,0.2,0.4,1,2024-07-04,2024-07-04,2024-07-04,6.191826820373535,7.0,7.010000228881836,6.960000038146973,6.960000038146973,25488400,2024-07-04,6.191826820373535,0.0057471144181617,-0.0071429000488402,0.0028776532001286,6.960000038146973,7.010000228881836,6.960000038146973,25488400,0.005747114418161781,0.0057306627590427706,-0.11036971459240906,0.008075192053231055,17.053734043902118,0.16037276298957015,0.015375684331843553,0.027900140100965976,0.012885007039598717,0.019451896677954883,0.0029983407387883004,0.007036349719379695,66.23657574840674,0.02218557892122064,0.009485856183637498,0.01269972273758314,1.791759469228055,6.191826820373535,2024-07-05,-0.007142900048840217
2024-07-05,5,0.2884462356567383,0.7570125698780127,0.6,0.2,0.2,1,2024-07-05,2024-07-05,2024-07-05,6.147599220275879,6.949999809265137,7.0,6.909999847412109,7.0,11458500,2024-07-05,6.147599220275879,-0.0071429000488402,0.0028776532001286,0.0172167631510764,7.0,7.0,6.909999847412109,11458500,-0.007142900048840217,-0.007168532693272667,-0.12177153996058873,0.014639886134908416,16.254242457903114,-0.5504425542599771,0.003755012040513206,0.017420532499572206,0.0037596330514151344,0.009935332365646365,0.006996889482933846,0.007000195804404747,60.38890392029603,0.026930023924007784,0.012974689731711557,0.013955334192296227,1.791759469228055,6.147599220275879,2024-07-09,0.0028776532001286714
2024-07-09,8,0.5812472394900396,0.4412400558106811,0.875,0.125,0.0,2,2024-07-08,2024-07-09,2024-07-09,6.165289878845215,6.96999979019165,7.019999980926514,6.929999828338623,6.989999771118164,32748700,2024-07-09,6.165289878845215,0.0028776532001286,0.0172167631510764,0.0,6.989999771118164,7.019999980926514,6.929999828338623,32748700,0.0028776532001286714,0.002873520682229236,-0.1179842516848929,0.014597878503118824,17.304373855136756,1.858026792337566,0.002589111717314019,0.01603490107840888,0.004422270208602308,0.010482269666860056,0.0070294167112680585,0.005610202672269788,61.84010502459836,0.03175150745680533,0.016730053276730314,0.015021454180075014,2.1972245773362196,6.165289878845215,2024-07-10,0.017216763151076453
2024-07-10,5,0.2194477662444114,0.4281086378118756,0.6,0.2,0.2,1,2024-07-10,2024-07-10,2024-07-10,6.2714362144470215,7.090000152587891,7.099999904632568,6.96999979019165,6.980000019073486,36277600,2024-07-10,6.2714362144470215,0.0172167631510764,0.0,0.0056417370385308,6.980000019073486,7.099999904632568,6.96999979019165,36277600,0.017216763151076453,0.01707023413027131,-0.10151343878083806,0.020728922370516465,17.406711056438333,0.10775694913080525,0.013726099677143777,0.027387370100634856,0.014372744823980765,0.022695459623039094,0.009219765938309775,0.006690907446479316,69.14456484632399,0.043634696455503,0.022110981912484853,0.021523714543018144,1.791759469228055,6.2714362144470215,2024-07-11,0.0
2024-07-11,8,0.5256013439502567,0.3576975751650795,0.875,0.125,0.0,1,2024-07-11,2024-07-11,2024-07-11,6.2714362144470215,7.090000152587891,7.239999771118164,7.070000171661377,7.099999904632568,28820600,2024-07-11,6.2714362144470215,0.0,0.0056417370385308,0.0070125134995611,7.099999904632568,7.239999771118164,7.070000171661377,28820600,0.0,0.0,-0.11669911286124529,0.027106964600097854,17.176601001892124,-0.20555384038635416,0.009971554646127645,0.022497867702696572,0.009536143032516708,0.01849270325520469,0.008927771396310423,0.006572066330963778,69.14456484632399,0.05244762576838102,0.02817831068366409,0.024269315084716934,2.1972245773362196,6.2714362144470215,2024-07-12,0.005641737038530881
2024-07-12,3,-0.1315241456031799,0.1649454884571368,0.3333333333333333,0.6666666666666666,0.0,1,2024-07-12,2024-07-12,2024-07-12,6.306818008422852,7.130000114440918,7.150000095367432,7.059999942779541,7.099999904632568,14666600,2024-07-12,6.306818008422852,0.0056417370385308,0.0070125134995611,-0.0041781332771133,7.099999904632568,7.150000095367432,7.059999942779541,14666600,0.005641737038530881,0.005625882045307673,-0.11171576153010733,0.014270294856723953,16.501083425931675,-0.49110705537011723,0.01192168656134096,0.02295554561055102,0.010103157631961457,0.019744706048779204,0.008921970428391657,0.0064696133266873915,71.27051457746347,0.06157712801707316,0.034858074150345905,0.026719053866727252,1.3862943611198906,6.306818008422852,2024-07-15,0.007012513499561113
2024-07-15,4,0.4138831552118063,0.3114037880637714,0.75,0.0,0.25,1,2024-07-15,2024-07-15,2024-07-15,6.351044654846191,7.179999828338623,7.210000038146973,7.119999885559082,7.130000114440918,11589700,2024-07-15,6.351044654846191,0.0070125134995611,-0.0041781332771133,-0.0013987303611721,7.130000114440918,7.210000038146973,7.119999885559082,11589700,0.007012513499561113,0.00698804017318011,-0.10925041333688765,0.014170921081339844,16.265627416881348,-0.2097895899526816,0.012408276266514306,0.02454329744055217,0.01139241445552841,0.021898469785617047,0.006542310890058334,0.006486420619705952,73.70898510165114,0.07155618985802992,0.042197697291882705,0.029358492566147212,1.6094379124341003,6.351044654846191,2024-07-16,-0.004178133277113361
2024-07-16,5,0.0684439996257424,0.5242419024009114,0.6,0.4,0.0,1,2024-07-16,2024-07-16,2024-07-16,6.324509143829346,7.150000095367432,7.25,7.119999885559082,7.199999809265137,27586800,2024-07-16,6.324509143829346,-0.0041781332771133,-0.0013987303611721,0.0014006895481697,7.199999809265137,7.25,7.119999885559082,27586800,-0.004178133277113361,-0.004186886064670325,-0.12159592897616305,0.020554972960669302,17.132847991663827,1.3802859435533277,0.0030864624688047293,0.01562505563519978,0.004766401673047094,0.014377514381458179,0.008106377931934384,0.007174597005455303,69.8767638394402,0.0764422950955197,0.0490466168526101,0.027395678242909595,1.791759469228055,6.324509143829346,2024-07-17,-0.001398730361172107
2024-07-17,2,0.6950216293334962,0.2961494882885573,1.0,0.0,0.0,1,2024-07-17,2024-07-17,2024-07-17,6.315662860870361,7.139999866485596,7.199999809265137,7.119999885559082,7.170000076293945,16477500,2024-07-17,6.315662860870361,-0.0013987303611721,0.0014006895481697,0.0,7.170000076293945,7.199999809265137,7.119999885559082,16477500,-0.001398730361172107,-0.0013997094976219149,-0.11915442208268104,0.012666908520672666,16.61750643259783,-0.4027034668754622,0.00028012575722202726,0.010472622529877462,0.0022381621098603866,0.01057762906376003,0.0047539432482975085,0.007336881174797756,68.59635333673108,0.07869361656867024,0.05497601679582213,0.02371759977284811,1.0986122886681098,6.315662860870361,2024-07-18,0.0014006895481697423
2024-07-18,5,-0.0670180339366198,0.6829210300310062,0.4,0.6,0.0,1,2024-07-18,2024-07-18,2024-07-18,6.324509143829346,7.150000095367432,7.179999828338623,7.110000133514404,7.159999847412109,6627600,2024-07-18,6.324509143829346,0.0014006895481697,0.0,-0.0041958895030156,7.159999847412109,7.179999828338623,7.110000133514404,6627600,0.0014006895481697423,0.0013997094976219149,-0.11668864823855285,0.011068004367187228,15.706753456561449,-0.5977787892580793,6.031610388923525e-08,0.00917437475059213,0.002425047089179122,0.009791214234316392,0.004690526672369811,0.006809067020767901,69.20406081540347,0.08026636546238386,0.06003408652913449,0.020232278933249373,1.791759469228055,6.324509143829346,2024-07-19,0.0
2024-07-19,4,0.1130054026725701,0.97556155393264,0.5,0.5,0.0,1,2024-07-19,2024-07-19,2024-07-19,6.324509143829346,7.150000095367432,7.170000076293945,7.110000133514404,7.150000095367432,18245000,2024-07-19,6.324509143829346,0.0,-0.0041958895030156,0.0112359320871258,7.150000095367432,7.170000076293945,7.110000133514404,18245000,0.0,0.0,-0.115453278395469,0.009486893198356959,16.71940168266222,1.7528818878628765,-0.0005590738528767902,0.007042311053847339,0.0016153922586876757,0.007996757470699833,0.004151552626649175,0.006767371193307282,69.20406081540348,0.08058385971857174,0.06414404116702194,0.0164398185515498,1.6094379124341003,6.324509143829346,2024-07-22,-0.004195889503015637
2024-07-22,6,0.4749225102132187,0.7249154658801112,0.6666666666666666,0.3333333333333333,0.0,2,2024-07-21,2024-07-22,2024-07-22,6.297972202301025,7.119999885559082,7.170000076293945,7.079999923706055,7.150000095367432,20291100,2024-07-22,6.297972202301025,-0.0041958895030156,0.0112359320871258,0.0,7.150000095367432,7.170000076293945,7.079999923706055,20291100,-0.004195889503015637,-0.004204716948687404,-0.11916473869957639,0.014290338175041196,16.82569297351364,0.11214579336804609,-0.003080412277321365,0.00042149664553514654,-0.0017263390058951389,0.003080238332707985,0.0024981180153751783,0.006370602179321005,64.83881245144477,0.07779736717949604,0.06687470636951676,0.010922660809979279,1.9459101490553132,6.297972202301025,2024-07-23,0.01123593208712581
2024-07-23,3,0.8297412289927403,0.1387644901028057,1.0,0.0,0.0,1,2024-07-23,2024-07-23,2024-07-23,6.3687357902526855,7.199999809265137,7.25,7.099999904632568,7.099999904632568,14225600,2024-07-23,6.3687357902526855,0.0112359320871258,0.0,-0.0013887924917606,7.099999904632568,7.25,7.099999904632568,14225600,0.01123593208712581,0.011173277884282573,-0.10299494707073893,0.02355256997738954,16.470553786644814,-0.29892415886768087,0.006711365385624113,0.008403306146529177,0.006306846299646507,0.011710990384473874,0.005870521242461768,0.006956140842147451,70.23121336181212,0.08037259665437446,0.0695742844264883,0.010798312227886159,1.3862943611198906,6.3687357902526855,2024-07-24,0.0
2024-07-24,3,-0.0757480934262276,0.7933672532037903,0.3333333333333333,0.6666666666666666,0.0,1,2024-07-24,2024-07-24,2024-07-24,6.3687357902526855,7.199999809265137,7.25,7.139999866485596,7.25,17092700,2024-07-24,6.3687357902526855,0.0,-0.0013887924917606,-0.0027816727644388,7.25,7.25,7.139999866485596,17092700,0.0,0.0,-0.12155368410307786,0.01727189463295979,16.654162088244604,0.2015451017883252,0.005025077605680828,0.006852142300287634,0.004195743563175647,0.009561360677667885,0.005735076242139056,0.004968234368543796,70.23121336181212,0.08147429955743579,0.0719542874526778,0.009520012104757988,1.3862943611198906,6.3687357902526855,2024-07-25,-0.0013887924917606043
2024-07-25,4,-0.5026813633739948,0.2855579253264173,0.0,1.0,0.0,1,2024-07-25,2024-07-25,2024-07-25,6.359890937805176,7.190000057220459,7.199999809265137,7.139999866485596,7.199999809265137,14827500,2024-07-25,6.359890937805176,-0.0013887924917606,-0.0027816727644388,0.0097628994033858,7.199999809265137,7.199999809265137,7.139999866485596,14827500,-0.0013887924917606043,-0.0013897577578594333,-0.11668179079378421,0.009434115044785224,16.51199419013727,-0.13252441100586798,0.0025098113636745634,0.0040497636925829195,0.0018656740413598438,0.006665893368468012,0.00590324227971236,0.005035389582558779,68.70382433901611,0.08070340278131471,0.0737041105184052,0.006999292262909518,1.6094379124341003,6.359890937805176,2024-07-26,-0.0027816727644388584
2024-07-26,5,0.0162509896792471,0.7207793880328436,0.4,0.4,0.2,1,2024-07-26,2024-07-26,2024-07-26,6.342199802398682,7.170000076293945,7.199999809265137,7.150000095367432,7.190000057220459,11661700,2024-07-26,6.342199802398682,-0.0027816727644388,0.0097628994033858,-0.0041436563845523,7.190000057220459,7.199999809265137,7.150000095367432,11661700,-0.0027816727644388584,-0.0027855488057106914,-0.1179138036265223,0.007883654797314128,16.2718206116086,-0.2135086831900186,-0.0008360923876304938,0.0006978559539361218,-0.0006143142448873373,0.0031606062414748504,0.006161801922600232,0.004953257952058923,65.62937352331357,0.07776846826296602,0.07451698206731737,0.003251486195648648,1.791759469228055,6.342199802398682,2024-07-29,0.009762899403385816
2024-07-29,4,0.6018895576708019,0.3983944623634605,0.75,0.0,0.25,2,2024-07-27,2024-07-29,2024-07-29,6.404118061065674,7.239999771118164,7.239999771118164,7.170000076293945,7.190000057220459,16056000,2024-07-29,6.404118061065674,0.0097628994033858,-0.0041436563845523,0.0305131502192412,7.190000057220459,7.239999771118164,7.170000076293945,16056000,0.009762899403385816,0.009715550228399428,-0.10930208482621276,0.0109304191704065,16.591593231740323,0.37681470111561777,0.0055555740238719675,0.009622097177730549,0.006076540013613352,0.010574118092433027,0.006606588388826305,0.005406339708375907,70.5899300779324,0.0795221160609092,0.07551800886603574,0.0040041071948734575,1.6094379124341003,6.404118061065674,2024-07-30,-0.0041436563845523855
2024-07-30,4,-0.021480293944478,0.7906787433733622,0.5,0.5,0.0,1,2024-07-30,2024-07-30,2024-07-30,6.377581596374512,7.210000038146973,7.28000020980835,7.199999809265137,7.21999979019165,25100400,2024-07-30,6.377581596374512,-0.0041436563845523,0.0305131502192412,0.0,7.21999979019165,7.28000020980835,7.199999809265137,25100400,-0.0041436563845523855,-0.004152265117987941,-0.1166784235868762,0.012544002665319253,17.038394380070013,0.5633034379671151,0.0011108002475883616,0.0045980250785253585,0.0012709947959794743,0.005219377012249504,0.0055165829447757705,0.005402789851960661,66.18145603700192,0.07787295272426586,0.07598899763768177,0.0018839550865840937,1.6094379124341003,6.377581596374512,2024-07-31,0.03051315021924128
2024-07-31,9,0.4707663143571052,0.3079178273599338,0.7777777777777778,0.0,0.2222222222222222,1,2024-07-31,2024-07-31,2024-07-31,6.572181701660156,7.429999828338623,7.510000228881836,7.210000038146973,7.230000019073486,28408400,2024-07-31,6.572181701660156,0.0305131502192412,0.0,-0.0040376949232031,7.230000019073486,7.510000228881836,7.210000038146973,28408400,0.03051315021924128,0.030056882275438346,-0.09098455265255014,0.04564697148575216,17.16219546924748,0.1317907284346067,0.025110341577008644,0.0310851796452305,0.02099260269207659,0.029175613815574764,0.01456785767696929,0.010727840067464278,77.35175473004794,0.09121708725282573,0.07903461556071056,0.012182471692115171,2.302585092994046,6.572181701660156,2024-08-01,0.0
2024-08-01,3,-0.2903641154989601,0.827501527079416,0.3333333333333333,0.6666666666666666,0.0,1,2024-08-01,2024-08-01,2024-08-01,6.572181701660156,7.429999828338623,7.5,7.320000171661377,7.429999828338623,24529600,2024-08-01,6.572181701660156,0.0,-0.0040376949232031,-0.0527026134146821,7.429999828338623,7.5,7.320000171661377,24529600,0.0,0.0,-0.1154533171598038,0.027388139359134648,17.015391150305398,-0.1365370805817997,0.018366208545369966,0.027094258256177728,0.013897818004168006,0.023744997688631253,0.014394617235638457,0.010775172929957865,77.35175473004794,0.10063238254155138,0.08335416895687872,0.017278213584672658,1.3862943611198906,6.572181701660156,2024-08-02,-0.004037694923203161
2024-08-02,2,-0.5760139599442482,0.0780713997254428,0.0,1.0,0.0,1,2024-08-02,2024-08-02,2024-08-02,6.545645236968994,7.400000095367432,7.420000076293945,7.340000152587891,7.400000095367432,23911600,2024-08-02,6.545645236968994,-0.0040376949232031,-0.0527026134146821,0.0271040214313513,7.400000095367432,7.420000076293945,7.340000152587891,23911600,-0.004037694923203161,-0.004045868422165366,-0.11545335775512801,0.012221854501711309,16.989874296624023,-0.025194051268671358,0.007899734894249999,0.01942414353696975,0.006514715181406672,0.01598870243775008,0.014610146111557146,0.011010638587838002,73.51171434869508,0.10474536163807713,0.0876324074931184,0.017112954144958725,1.0986122886681098,6.545645236968994,2024-08-05,-0.05270261341468219
2024-08-05,7,-0.0919753335682409,0.8838372362428523,0.4285714285714285,0.5714285714285714,0.0,1,2024-08-05,2024-08-05,2024-08-05,6.200672626495361,7.010000228881836,7.340000152587891,6.949999809265137,7.320000171661377,57127600,2024-08-05,6.200672626495361,-0.0527026134146821,0.0271040214313513,0.0180555752093389,7.320000171661377,7.340000152587891,6.949999809265137,57127600,-0.05270261341468219,-0.0541422049080873,-0.15291359548041766,0.06289645766110753,17.86079793787077,1.3891165794007931,-0.0391994987783032,-0.03283658041587778,-0.03150955337058525,-0.03093936074352399,0.029822866188748572,0.020962871139322898,43.3694542469497,0.07925491922135475,0.08595690983876567,-0.006701990617410919,2.0794415416798357,6.200672626495361,2024-08-06,0.027104021431351377
2024-08-06,3,0.3602854534983635,0.6928654181319677,0.6666666666666666,0.3333333333333333,0.0,1,2024-08-06,2024-08-06,2024-08-06,6.3687357902526855,7.199999809265137,7.269999980926514,6.860000133514404,6.989999771118164,25685300,2024-08-06,6.3687357902526855,0.0271040214313513,0.0180555752093389,-0.0040927059302169,6.989999771118164,7.269999980926514,6.860000133514404,25685300,0.027104021431351377,0.026743212507972958,-0.0888789701299371,0.0643769597161829,17.06142944071692,-0.5503872033833033,-0.012887340928661728,-0.006622562363850615,-0.00351253650706429,-0.0038273692106971513,0.033389350761992974,0.02256141848227183,53.39531070007566,0.07178733302113116,0.08312299447523877,-0.01133566145410761,1.3862943611198906,6.3687357902526855,2024-08-07,0.01805557520933898
2024-08-07,5,0.6653001826256515,0.3363352863277393,1.0,0.0,0.0,1,2024-08-07,2024-08-07,2024-08-07,6.483726978302002,7.329999923706055,7.380000114440918,7.179999828338623,7.21999979019165,20602700,2024-08-07,6.483726978302002,0.0180555752093389,-0.0040927059302169,0.0,7.21999979019165,7.380000114440918,7.179999828338623,20602700,0.01805557520933898,0.017894509181767493,-0.10197684671540752,0.030846500287813203,16.840932741669647,-0.19787972108560148,0.007698636903115785,0.009502794356057276,0.009606711386952016,0.01155497179969922,0.03093411400961259,0.023252631140120966,58.77336664630168,0.07429165703319462,0.08135672698682994,-0.007065069953635317,1.791759469228055,6.483726978302002,2024-08-08,-0.004092705930216933
2024-08-08,4,-0.5256990725174546,0.3628500578145551,0.0,1.0,0.0,1,2024-08-08,2024-08-08,2024-08-08,6.457190990447998,7.300000190734863,7.340000152587891,7.25,7.300000190734863,20491800,2024-08-08,6.457190990447998,-0.0040927059302169,0.0,0.0082191977069958,7.300000190734863,7.340000152587891,7.25,20491800,-0.004092705930216933,-0.004101103972777187,-0.1154533120912183,0.013937972830759718,16.835535412887303,-0.005382789634368335,0.007174430164885726,0.0038504215531567354,0.0036431436497592617,0.0060586294311044675,0.03091164526811914,0.023312552379030467,57.13484517890768,0.07329027474052463,0.07974343653756889,-0.006453161797044263,1.6094379124341003,6.457190990447998,2024-08-09,0.0
2024-08-09,6,0.2301862057453642,0.703948315783688,0.6666666666666666,0.3333333333333333,0.0,1,2024-08-09,2024-08-09,2024-08-09,6.457190990447998,7.300000190734863,7.440000057220459,7.28000020980835,7.400000095367432,18460600,2024-08-09,6.457190990447998,0.0,0.0082191977069958,0.0081521932191817,7.400000095367432,7.440000057220459,7.28000020980835,18460600,0.0,0.0,-0.12740663415797163,0.02477855272498431,16.731149343388758,-0.09912257585961215,0.009961285781095786,0.0020590599812040367,0.0024258165670987264,0.00495160590812449,0.030934889154036395,0.023268791492623935,57.13484517890768,0.07167049915805634,0.07812884906166638,-0.006458349903610036,1.9459101490553132,6.457190990447998,2024-08-12,0.008219197706995862
2024-08-12,3,0.7222158430765072,0.3308037581561407,1.0,0.0,0.0,1,2024-08-12,2024-08-12,2024-08-12,6.510263919830322,7.360000133514404,7.400000095367432,7.300000190734863,7.300000190734863,18712000,2024-08-12,6.510263919830322,0.0082191977069958,0.0081521932191817,-0.0013478331468002,7.300000190734863,7.400000095367432,7.300000190734863,18712000,0.008219197706995862,0.008185604051258455,-0.10818304798222769,0.015360345734674097,16.74467564068779,0.013618192258106454,0.008495523334516752,0.008633735504689932,0.007084782071856033,0.010783507629597233,0.01283660317578456,0.023216969688162482,59.73841709842062,0.073818424345788,0.07726676411849072,-0.003448339772702716,1.3862943611198906,6.510263919830322,2024-08-13,0.008152193219181925
2024-08-13,5,0.6807193307671697,0.557217586777704,0.8,0.2,0.0,1,2024-08-13,2024-08-13,2024-08-13,6.563336849212647,7.420000076293945,7.420000076293945,7.340000152587891,7.340000152587891,16005400,2024-08-13,6.563336849212647,0.0081521932191817,-0.0013478331468002,0.0161945175396955,7.340000152587891,7.420000076293945,7.340000152587891,16005400,0.008152193219181925,0.008119143588528166,-0.10581243695225431,0.012188910236361197,16.588436785742655,-0.1446451474989312,0.010623848288537907,0.013938297564956903,0.01014476737022374,0.01551112142971256,0.008554736038597608,0.023187407586299703,62.2102755130149,0.07889377406643927,0.07759216610808044,0.001301607958358833,1.791759469228055,6.563336849212647,2024-08-14,-0.0013478331468004257
2024-08-14,5,-0.1175744927488267,0.966461204247403,0.4,0.6,0.0,1,2024-08-14,2024-08-14,2024-08-14,6.554490566253662,7.409999847412109,7.440000057220459,7.389999866485596,7.420000076293945,6435400,2024-08-14,6.554490566253662,-0.0013478331468002,0.0161945175396955,0.0172640771445828,7.420000076293945,7.440000057220459,7.389999866485596,6435400,-0.0013478331468004257,-0.0013487422909044255,-0.11664548532896751,0.007628387016420987,15.677324712533151,-0.5979232009196895,0.007067057037771329,0.012848491264834339,0.005838413743001203,0.011541362926356546,0.005671940955765255,0.021100390581934608,61.53215432044754,0.08126542692701388,0.07832681827186713,0.0029386086551467516,1.791759469228055,6.554490566253662,2024-08-15,0.016194517539695585
2024-08-15,8,0.4329188170959241,0.6441425303872713,0.75,0.25,0.0,1,2024-08-15,2024-08-15,2024-08-15,6.660637378692627,7.53000020980835,7.610000133514404,7.400000095367432,7.409999847412109,22064800,2024-08-15,6.660637378692627,0.0161945175396955,0.0172640771445828,0.0404700510643567,7.409999847412109,7.610000133514404,7.400000095367432,22064800,0.016194517539695585,0.01606478510261411,-0.10112854037118395,0.03152851990092759,16.909494181837047,2.428660223140753,0.017017912279017944,0.027846138794297648,0.014643645386474224,0.02273051696853079,0.007127041329317879,0.021718346919501485,66.281600378394,0.09066500976815561,0.08079445657112484,0.00987055319703077,2.1972245773362196,6.660637378692627,2024-08-16,0.01726407714458289
2024-08-16,6,0.7994785937480628,0.2319116142240993,0.8333333333333334,0.0,0.1666666666666666,1,2024-08-16,2024-08-16,2024-08-16,6.775627136230469,7.659999847412109,7.699999809265137,7.590000152587891,7.599999904632568,16067200,2024-08-16,6.775627136230469,0.0172640771445828,0.0404700510643567,-0.0150563627779753,7.599999904632568,7.699999809265137,7.590000152587891,16067200,0.01726407714458289,0.017116746235549263,-0.10847010246665983,0.01623460891008282,16.59229054706112,-0.27181755556361265,0.024611997119163842,0.041893274804865044,0.02121294781064731,0.03280304594125805,0.007517264394661103,0.022149297493943558,70.52689529808197,0.10616910792570788,0.08586938684204146,0.020299721083666428,1.9459101490553132,6.775627136230469,2024-08-19,0.04047005106435675
2024-08-19,9,0.4618965803852513,0.6255309495721435,0.7777777777777778,0.1111111111111111,0.1111111111111111,1,2024-08-19,2024-08-19,2024-08-19,7.049837112426758,7.96999979019165,8.0,7.659999847412109,7.659999847412109,40876000,2024-08-19,7.049837112426758,0.0404700510643567,-0.0150563627779753,0.0050953929473043,7.659999847412109,8.0,7.659999847412109,40876000,0.04047005106435675,0.03967258322188871,-0.07965571111486273,0.04822808628990475,17.52605367617847,1.5440649273053175,0.04896024263178678,0.07008592415238435,0.04084286740413434,0.06022007540581664,0.01551488844501053,0.013827715484302169,77.72812255730454,0.13898058910838618,0.0964916272953104,0.04248896181307578,2.302585092994046,7.049837112426758,2024-08-20,-0.015056362777975396
2024-08-20,4,-0.1920124553143978,0.4847530182424842,0.5,0.5,0.0,1,2024-08-20,2024-08-20,2024-08-20,6.943692207336426,7.849999904632568,8.029999732971191,7.75,7.96999979019165,46290200,2024-08-20,6.943692207336426,-0.0150563627779753,0.0050953929473043,0.0,7.96999979019165,8.029999732971191,7.75,46290200,-0.015056362777975396,-0.01517086054162875,-0.12877134377321553,0.04032432956566752,17.650440855188563,0.13245425188374593,0.02160341606963123,0.044855667020628154,0.016641409653459505,0.0359212383813905,0.02100496393674203,0.015389385648863382,70.54298558615697,0.1546363658214167,0.10812057500053167,0.04651579082088504,1.6094379124341003,6.943692207336426,2024-08-21,0.0050953929473043225
2024-08-21,6,-0.3029461260885001,0.7133666601651559,0.3333333333333333,0.6666666666666666,0.0,1,2024-08-21,2024-08-21,2024-08-21,6.97907304763794,7.889999866485596,7.96999979019165,7.860000133514404,7.860000133514404,18663400,2024-08-21,6.97907304763794,0.0050953929473043,0.0,0.0,7.860000133514404,7.96999979019165,7.860000133514404,18663400,0.0050953929473043225,0.005082455362103611,-0.1120772354850558,0.01576135626126959,16.74207499829783,-0.596817468924308,0.01413874968708706,0.04240976012494313,0.014442677319486341,0.03345818593935013,0.020201609886773646,0.015064285562669364,71.48905322357147,0.1679624531753765,0.12008895063550064,0.047873502539875865,1.9459101490553132,6.97907304763794,2024-08-22,0.0
2024-08-22,9,0.4388403991858164,0.4739451405895596,0.8888888888888888,0.1111111111111111,0.0,1,2024-08-22,2024-08-22,2024-08-22,6.97907304763794,7.889999866485596,7.929999828338623,7.760000228881836,7.920000076293945,15528800,2024-08-22,6.97907304763794,0.0,0.0,0.0,7.920000076293945,7.929999828338623,7.760000228881836,15528800,0.0,0.0,-0.11880391661514968,0.024358478310285533,16.55820698673549,-0.1679543920186033,0.004839497299626183,0.03434708085957161,0.009582320093961316,0.02720935654843415,0.020809105878846445,0.014767311874004678,71.48905322357147,0.17648901787519922,0.13136896408344037,0.045120053791758846,2.302585092994046,6.97907304763794,2024-08-23,0.0
2024-08-23,5,-0.3852642609737814,0.7499011393329652,0.2,0.8,0.0,1,2024-08-23,2024-08-23,2024-08-23,6.97907304763794,7.889999866485596,7.920000076293945,7.78000020980835,7.889999866485596,21179600,2024-08-23,6.97907304763794,0.0,0.0,0.0050697665107493,7.889999866485596,7.920000076293945,7.78000020980835,21179600,0.0,0.0,-0.1154533376758351,0.020059951447703863,16.868549059433175,0.36389160785121843,-0.0010129535164443704,0.02640816837664728,0.0063678737278480835,0.02215260840859745,0.02064171331912856,0.014767311874004678,71.48905322357147,0.1811581039747736,0.14132679206170704,0.039831311913066575,1.791759469228055,6.97907304763794,2024-08-26,0.0
2024-08-26,5,0.3871861737221479,0.3908650510462076,0.8,0.0,0.2,2,2024-08-24,2024-08-26,2024-08-26,6.97907304763794,7.889999866485596,7.940000057220459,7.820000171661377,7.900000095367432,34745700,2024-08-26,6.97907304763794,0.0,0.0050697665107493,0.0567466004784784,7.900000095367432,7.940000057220459,7.820000171661377,34745700,0.0,0.0,-0.11657304260914172,0.017194244098031882,17.36356641009187,0.6405267332716387,0.0010149413693847364,0.019379801255798634,0.00423625716832321,0.01805215192475762,0.007629103902096451,0.014974792453361653,71.48905322357147,0.18275174004737682,0.149611781658841,0.03313995838853581,1.791759469228055,6.97907304763794,2024-08-27,0.005069766510749307
2024-08-27,5,0.7252827859483659,0.2077752286252692,1.0,0.0,0.0,1,2024-08-27,2024-08-27,2024-08-27,7.014455318450928,7.929999828338623,7.960000038146973,7.860000133514404,7.900000095367432,26956400,2024-08-27,7.014455318450928,0.0050697665107493,0.0567466004784784,-0.0453461251530461,7.900000095367432,7.960000038146973,7.860000133514404,26956400,0.005069766510749307,0.0050569585153039665,-0.11209427420586847,0.014256260834612079,17.109731341031974,-0.22418025827656374,0.004051704968966785,0.017841118845789428,0.006199059764816273,0.018912988787993523,0.002783858311742079,0.01498192891723606,72.6697369140903,0.18474019173552492,0.1566374636741778,0.028102728061347115,1.791759469228055,7.014455318450928,2024-08-28,0.05674660047847846
2024-08-28,13,0.0750928627900206,0.820679848309732,0.6153846153846154,0.3846153846153846,0.0,1,2024-08-28,2024-08-28,2024-08-28,7.412501811981201,8.380000114440918,8.380000114440918,7.96999979019165,7.989999771118164,46042400,2024-08-28,7.412501811981201,0.0567466004784784,-0.0453461251530461,0.025000015161489,7.989999771118164,8.380000114440918,7.96999979019165,46042400,0.05674660047847846,0.05519494350049503,-0.07227759395243946,0.05531200324114098,17.64507329076226,0.7080322298229733,0.048024101379680495,0.06237330016453768,0.04132634008773661,0.06191757377843787,0.02490796334903854,0.021381480911886862,81.80059927179602,0.21594579078437448,0.16849912909621714,0.04744666168815734,2.6390573296152584,7.412501811981201,2024-08-29,-0.045346125153046146
2024-08-29,15,0.209960516806071,0.7555322285228552,0.6,0.3333333333333333,0.0666666666666666,1,2024-08-29,2024-08-29,2024-08-29,7.07637357711792,8.0,8.4399995803833,7.989999771118164,8.279999732971191,42456200,2024-08-29,7.07637357711792,-0.0453461251530461,0.025000015161489,0.0121950634258081,8.279999732971191,8.4399995803833,7.989999771118164,42456200,-0.045346125153046146,-0.046406438911974046,-0.14536548244807285,0.06359186726945153,17.56398353779183,-0.07788907615589113,-0.002244940831961806,0.008191571678189957,-0.003936917404440243,0.01123311999967469,0.03622118334450446,0.02804353619288941,62.73892875198455,0.21112005289014224,0.1770233138550022,0.034096739035140045,2.772588722239781,7.07637357711792,2024-08-30,0.025000015161488864
2024-08-30,16,0.4721303957048804,0.5775174581738167,0.75,0.1875,0.0625,1,2024-08-30,2024-08-30,2024-08-30,7.253283023834228,8.199999809265137,8.270000457763672,7.96999979019165,8.010000228881836,46343000,2024-08-30,7.253283023834228,0.025000015161489,0.0121950634258081,-0.0060241327725305,8.010000228881836,8.270000457763672,7.96999979019165,46343000,0.025000015161488864,0.02469262738206801,-0.09447155847999807,0.04136067303402084,17.651580835337757,0.09154846641951009,0.014851494066163262,0.02641133644649618,0.01387945707368976,0.029678031353275625,0.03736038871491234,0.02847909688043467,67.08616881343889,0.2190457120798346,0.18542779349996868,0.0336179185798659,2.833213344056216,7.253283023834228,2024-09-02,0.012195063425808339
2024-09-02,5,0.3576689827721566,0.596819426115856,0.6,0.4,0.0,2,2024-08-31,2024-09-02,2024-09-02,7.341737270355225,8.300000190734863,8.390000343322754,8.260000228881836,8.260000228881836,39985700,2024-09-02,7.341737270355225,0.0121950634258081,-0.0060241327725305,-0.0048484097640699,8.260000228881836,8.390000343322754,8.260000228881836,39985700,0.012195063425808339,0.012121302712057247,-0.11116984662007902,0.01770699626719658,17.50403247316879,-0.1371792935286883,0.01690756871434962,0.034654664460145534,0.017344129062228708,0.03429258962268844,0.03708057871560435,0.02611410997501157,69.03165701553704,0.2298152059015841,0.1943052759802918,0.035509929921292316,1.791759469228055,7.341737270355225,2024-09-03,-0.006024132772530555
2024-09-03,6,0.4254764859409382,0.5755431020451625,0.6666666666666666,0.3333333333333333,0.0,1,2024-09-03,2024-09-03,2024-09-03,7.297509670257568,8.25,8.319999694824219,8.130000114440918,8.300000190734863,17666600,2024-09-03,7.297509670257568,-0.0060241327725305,-0.0048484097640699,0.0012180735029321,8.300000190734863,8.319999694824219,8.130000114440918,17666600,-0.006024132772530555,-0.006042351063478835,-0.12078198764336856,0.026036221802854382,16.687186465860247,-0.5581770482947654,0.0029175068062992082,0.023319220823863063,0.007449159919080683,0.022843165417003153,0.037828537700973115,0.025516898771851763,66.90229002255549,0.23210573916266775,0.20186536861676702,0.03024037054590073,1.9459101490553132,7.297509670257568,2024-09-04,-0.004848409764070083
2024-09-04,5,-0.1956177833490074,0.6920238633171802,0.2,0.8,0.0,1,2024-09-04,2024-09-04,2024-09-04,7.262128353118896,8.210000038146973,8.229999542236328,8.0600004196167,8.100000381469727,26933000,2024-09-04,7.262128353118896,-0.0048484097640699,0.0012180735029321,-0.0072992873059345,8.100000381469727,8.229999542236328,8.0600004196167,26933000,-0.004848409764070083,-0.004860201432021594,-0.10344098628286744,0.023408994492175105,17.108862895638175,0.5245151868497617,0.0021972841166117973,0.014331620640742226,0.0017082953330274098,0.014584940854458495,0.02653963668206615,0.025717580808426,65.17040931667151,0.22843279560216878,0.2071788540138474,0.02125394158832139,1.791759469228055,7.262128353118896,2024-09-05,0.0012180735029323486
2024-09-05,6,0.0315439353386561,0.4930261409744992,0.5,0.5,0.0,1,2024-09-05,2024-09-05,2024-09-05,7.270974159240723,8.220000267028809,8.369999885559082,8.1899995803833,8.300000190734863,33754300,2024-09-05,7.270974159240723,0.0012180735029321,-0.0072992873059345,0.014705785201277,8.300000190734863,8.369999885559082,8.1899995803833,33754300,0.0012180735029323486,0.001217332253272918,-0.12397903709000192,0.024756009474606346,17.33461840420044,0.2532692236290053,-0.0019426342328601187,0.01144339118679416,0.0019503958980884306,0.012907146974905359,0.013070044482298301,0.02569793776144911,65.41148698678579,0.22365755887813688,0.2104745949867053,0.013182963891431587,1.9459101490553132,7.270974159240723,2024-09-06,-0.007299287305934543
2024-09-06,4,0.45881169103086,0.3099103583535619,0.75,0.0,0.25,1,2024-09-06,2024-09-06,2024-09-06,7.217901229858398,8.15999984741211,8.300000190734863,8.130000114440918,8.300000190734863,23653200,2024-09-06,7.217901229858398,-0.0072992873059345,0.014705785201277,0.0253623164816774,8.300000190734863,8.300000190734863,8.130000114440918,23653200,-0.007299287305934543,-0.007326057451727763,-0.13037336578430347,0.023552563394841634,16.979009012580597,-0.2992537247106295,-0.008264425990357704,0.0007358633883827181,-0.0035818218615066844,0.0045066476480262185,0.008042870934008217,0.02593936787577594,62.611333145724394,0.21313373449829065,0.21100642288902238,0.0021273116092682676,1.6094379124341003,7.217901229858398,2024-09-09,0.014705785201277077
2024-09-09,7,0.1860127727101956,0.8006054535095051,0.5714285714285714,0.4285714285714285,0.0,1,2024-09-09,2024-09-09,2024-09-09,7.32404613494873,8.279999732971191,8.3100004196167,8.109999656677246,8.15999984741211,26135600,2024-09-09,7.32404613494873,0.014705785201277,0.0253623164816774,-0.0259126911510518,8.15999984741211,8.3100004196167,8.109999656677246,26135600,0.014705785201277077,0.014598703677479286,-0.1024453098155997,0.027307414406511406,17.078808965847156,0.10494985879289054,0.006809285087468364,0.01061875440079385,0.007353721497205479,0.015718390843856733,0.009080335823537572,0.026124311545499657,65.76761517738001,0.21092709831617729,0.21099055797445337,-6.345965827608824e-05,2.0794415416798357,7.32404613494873,2024-09-10,0.025362316481677638
2024-09-10,6,0.5190706362870212,0.7224588680284793,0.8333333333333334,0.1666666666666666,0.0,1,2024-09-10,2024-09-10,2024-09-10,7.509800910949707,8.489999771118164,8.489999771118164,8.25,8.279999732971191,38589600,2024-09-10,7.509800910949707,0.0253623164816774,-0.0259126911510518,-0.008464392034725,8.279999732971191,8.489999771118164,8.25,38589600,0.025362316481677638,0.02504602962553304,-0.09301918440341622,0.031958206877126534,17.468493393994166,0.47651479208436,0.02635390731032472,0.029215600204232972,0.02169706734614074,0.033683628031674795,0.013856112457994636,0.026894867052613118,70.46632694423366,0.22161256949760588,0.2131149602790839,0.008497609218521995,1.9459101490553132,7.509800910949707,2024-09-11,-0.02591269115105188
2024-09-11,9,-0.1085255028317786,0.8354669572143211,0.3333333333333333,0.5555555555555556,0.1111111111111111,1,2024-09-11,2024-09-11,2024-09-11,7.315201759338379,8.270000457763672,8.479999542236328,8.260000228881836,8.479999542236328,50635000,2024-09-11,7.315201759338379,-0.0259126911510518,-0.008464392034725,0.0290037555788527,8.479999542236328,8.479999542236328,8.260000228881836,50635000,-0.02591269115105188,-0.026254339881673694,-0.1373582365301368,0.030074264605709243,17.740153614497707,0.3121410950100545,-0.001689926462963065,0.0038845280563402085,-0.0031903164278186402,0.005636833087273585,0.019828638039855403,0.022269904471736247,61.01742838677678,0.2119352989898715,0.21287902802124142,-0.0009437290313699109,2.302585092994046,7.315201759338379,2024-09-12,-0.008464392034725154
2024-09-12,8,0.3404128590482287,0.5890109788756797,0.75,0.125,0.125,1,2024-09-12,2024-09-12,2024-09-12,7.253283023834228,8.199999809265137,8.380000114440918,8.1899995803833,8.289999961853027,41746800,2024-09-12,7.253283023834228,-0.008464392034725,0.0290037555788527,0.0245098202067155,8.289999961853027,8.380000114440918,8.1899995803833,41746800,-0.008464392034725154,-0.008500418439440605,-0.12505632603007477,0.02619510826108357,17.547133383570973,-0.17553470919324576,-0.009661815619494862,-0.007023467976333575,-0.007781965045387085,-0.0023537251827109307,0.020343199111573687,0.016410203338262437,58.33696899451917,0.19699878850638886,0.2097029801182709,-0.012704191611882049,2.1972245773362196,7.253283023834228,2024-09-13,0.029003755578852708
2024-09-13,6,0.3516983173321932,0.5581514943008792,0.6666666666666666,0.3333333333333333,0.0,1,2024-09-13,2024-09-13,2024-09-13,7.463655471801758,8.15999984741211,8.199999809265137,7.960000038146973,8.09000015258789,38049600,2024-09-13,7.463655471801758,0.0290037555788527,0.0245098202067155,-0.0035885377815421,8.09000015258789,8.199999809265137,7.960000038146973,38049600,0.029003755578852708,0.028591106581746573,-0.0774220851634685,0.03215579443945409,17.454401156014622,-0.08856247664491645,0.012268491670784032,0.018842309846992533,0.01390010694176902,0.0216441085984711,0.023468559174727087,0.01705384210912554,64.10629507303477,0.1998332415152415,0.20772903239766505,-0.007895790882423537,1.9459101490553132,7.463655471801758,2024-09-17,0.02450982020671555
2024-09-17,6,0.3822854325796168,0.2283844979231125,0.8333333333333334,0.0,0.1666666666666666,2,2024-09-16,2024-09-17,2024-09-17,7.646588325500488,8.359999656677246,8.4399995803833,8.170000076293945,8.1899995803833,35035600,2024-09-17,7.646588325500488,0.0245098202067155,-0.0035885377815421,-0.0048018864334801,8.1899995803833,8.4399995803833,8.170000076293945,35035600,0.02450982020671555,0.02421427401614462,-0.06635058397126074,0.035309799952082985,17.371875273913936,-0.07921239645094824,0.028084254751689297,0.039488189396189366,0.0255043082923605,0.03787486056278633,0.024659080045865683,0.0181983425850888,68.22656715013014,0.21436959910765818,0.2090571457396637,0.005312453367994491,1.9459101490553132,7.646588325500488,2024-09-18,-0.0035885377815421116
2024-09-18,7,-0.2590463533997535,0.4685013896772996,0.4285714285714285,0.5714285714285714,0.0,1,2024-09-18,2024-09-18,2024-09-18,7.619148254394531,8.329999923706055,8.430000305175781,8.220000267028809,8.359999656677246,30429500,2024-09-18,7.619148254394531,-0.0035885377815421,-0.0048018864334801,0.0180940064275803,8.359999656677246,8.430000305175781,8.220000267028809,30429500,-0.0035885377815421116,-0.0035949920287463577,-0.08861859242912608,0.02756214095530297,17.23092312344754,-0.1314691342520179,0.021391685125555338,0.031248912908856896,0.014444418702479256,0.02776882123646196,0.023181848734808462,0.018061715450701232,66.98445771945677,0.22112657332565533,0.21147103125686204,0.009655542068793294,2.0794415416798357,7.619148254394531,2024-09-19,-0.004801886433480118
2024-09-19,3,-0.0415568482130765,0.7581333072606279,0.6666666666666666,0.3333333333333333,0.0,1,2024-09-19,2024-09-19,2024-09-19,7.58256196975708,8.289999961853027,8.350000381469727,8.260000228881836,8.34000015258789,41379100,2024-09-19,7.58256196975708,-0.0048018864334801,0.0180940064275803,-0.0118482879533367,8.34000015258789,8.350000381469727,8.260000228881836,41379100,-0.004801886433480118,-0.004813452531052587,-0.09081992433726498,0.01186935932035303,17.538286504574426,0.35983502850851967,0.009252511918886208,0.02186508540663623,0.00636181362889543,0.018604790934487525,0.01789383862778915,0.018059054707936287,65.2780175894213,0.22098197402878306,0.21337321981124624,0.007608754217536817,1.3862943611198906,7.58256196975708,2024-09-20,0.0180940064275803
2024-09-20,11,0.3465966719456694,0.5916025281019934,0.6363636363636364,0.3636363636363636,0.0,1,2024-09-20,2024-09-20,2024-09-20,7.719760894775391,8.4399995803833,8.5,8.350000381469727,8.359999656677246,59439600,2024-09-20,7.719760894775391,0.0180940064275803,-0.0118482879533367,-0.0059951765548209,8.359999656677246,8.5,8.350000381469727,59439600,0.0180940064275803,0.017932258096279963,-0.07658358710463439,0.019430604208452978,17.900471245699833,0.4364643020268686,0.01491096467505626,0.0341003957919801,0.016247548042822135,0.03009903920415624,0.01585872075942956,0.018504091718512906,68.51701090698147,0.22929501447823597,0.2165575787446442,0.012737435733591762,2.4849066497880004,7.719760894775391,2024-09-23,-0.0118482879533367
2024-09-23,3,0.6017274533708891,0.3082801734280055,1.0,0.0,0.0,1,2024-09-23,2024-09-23,2024-09-23,7.628294944763184,8.34000015258789,8.5,8.3100004196167,8.4399995803833,31898400,2024-09-23,7.628294944763184,-0.0118482879533367,-0.0059951765548209,-0.0012063425583983,8.4399995803833,8.5,8.3100004196167,31898400,-0.0118482879533367,-0.011919038319485598,-0.09617353980759959,0.024907214752326177,17.278066441106905,-0.4633476672117578,-0.0014367775734713817,0.016261253380667418,0.002800575862823562,0.014593172570456447,0.01584615355777802,0.01892293570091149,64.2162629483434,0.22589860269859052,0.2184257835354335,0.007472819163157035,1.3862943611198906,7.628294944763184,2024-09-24,-0.005995176554820958
2024-09-24,6,0.264032119885087,0.6093702050491253,0.6666666666666666,0.1666666666666666,0.1666666666666666,1,2024-09-24,2024-09-24,2024-09-24,7.58256196975708,8.289999961853027,8.380000114440918,8.279999732971191,8.350000381469727,35535900,2024-09-24,7.58256196975708,-0.0059951765548209,-0.0012063425583983,0.0,8.350000381469727,8.380000114440918,8.279999732971191,35535900,-0.005995176554820958,-0.006013219776794365,-0.09190878762302113,0.013188204971957551,17.386054039205217,0.11403393273643814,-0.005756747515371141,0.006701492644747065,-0.0021432213328085314,0.0069523845169898735,0.011471718680327791,0.01896126289671481,62.116794710094965,0.21701503873742922,0.21814363457583263,-0.0011285958384034123,1.9459101490553132,7.58256196975708,2024-09-25,-0.0012063425583984655
2024-09-25,11,0.5713241121054373,0.3581978712816909,0.8181818181818182,0.0909090909090909,0.0909090909090909,1,2024-09-25,2024-09-25,2024-09-25,7.573414802551269,8.279999732971191,8.319999694824219,8.25,8.300000190734863,28036100,2024-09-25,7.573414802551269,-0.0012063425583983,0.0,-0.0048308205418734,8.300000190734863,8.319999694824219,8.25,28036100,-0.0012063425583984655,-0.001207070775294028,-0.08754040620320327,0.009242818021883318,17.14900355910692,-0.21104854527393424,-0.005763722676158878,0.004638576121432925,-0.0022338111272889316,0.004689552812645381,0.011419285458746448,0.017373625612292706,61.68241702048808,0.20685218709631226,0.21588534507992857,-0.009033157983616313,2.4849066497880004,7.573414802551269,2024-09-26,0.0
2024-09-26,14,0.2133458228781819,0.6169799583117528,0.7142857142857143,0.2857142857142857,0.0,1,2024-09-26,2024-09-26,2024-09-26,7.573414802551269,8.279999732971191,8.300000190734863,8.239999771118164,8.289999961853027,30798000,2024-09-26,7.573414802551269,0.0,-0.0048308205418734,-0.0230582601052924,8.289999961853027,8.300000190734863,8.239999771118164,30798000,0.0,0.0,-0.08643970598301227,0.007922505393008024,17.242960343240135,0.0985122752451304,-0.005524881942645665,0.0012091528279269959,-0.001490317113843509,0.0038336381106398587,0.011235987822015072,0.014633420828932297,61.68241702048809,0.19653254906300077,0.21201478587654304,-0.015482236813542272,2.70805020110221,7.573414802551269,2024-09-27,-0.004830820541873337
2024-09-27,4,-0.4966635489836335,0.5438672251161771,0.25,0.75,0.0,1,2024-09-27,2024-09-27,2024-09-27,7.536828994750977,8.239999771118164,8.289999961853027,8.180000305175781,8.289999961853027,12242300,2024-09-27,7.536828994750977,-0.0048308205418734,-0.0230582601052924,0.0049689082998842,8.289999961853027,8.289999961853027,8.180000305175781,12242300,-0.004830820541873337,-0.00484252667078211,-0.09085295181758937,0.014594951902697453,16.32040780757659,-0.6024969153841159,-0.005551477245806291,-0.007348454940130589,-0.0042181698887929775,-0.0008311824461947337,0.004665278229381097,0.014343631208034687,59.7444281465557,0.18328914942248709,0.20626965858573187,-0.02298050916324479,1.6094379124341003,7.536828994750977,2024-09-30,-0.02305826010529244
2024-09-30,7,-0.1204472958509411,0.7702246956363785,0.4285714285714285,0.5714285714285714,0.0,1,2024-09-30,2024-09-30,2024-09-30,7.363042831420898,8.050000190734863,8.239999771118164,7.980000019073486,8.239999771118164,33849500,2024-09-30,7.363042831420898,-0.0230582601052924,0.0049689082998842,-0.0135969842275627,8.239999771118164,8.239999771118164,7.980000019073486,33849500,-0.02305826010529244,-0.023328260350238716,-0.10642681602626586,0.03531145451648877,17.337434815707255,1.764962466203246,-0.021633408957579703,-0.02895049905279179,-0.01828510216817858,-0.01961535822179261,0.009302520520994213,0.013665308030867733,51.471751107304044,0.15696121759321802,0.19640797038722912,-0.03944675279401111,2.0794415416798357,7.363042831420898,2024-10-01,0.004968908299884278
2024-10-01,7,0.3303681857152177,0.6437003579522533,0.7142857142857143,0.2857142857142857,0.0,1,2024-10-01,2024-10-01,2024-10-01,7.39962911605835,8.09000015258789,8.119999885559082,8.020000457763672,8.029999732971191,23449200,2024-10-01,7.39962911605835,0.0049689082998842,-0.0135969842275627,0.0012531401181421,8.029999732971191,8.119999885559082,8.020000457763672,23449200,0.004968908299884278,0.004956604017439359,-0.07850194743152221,0.013514113508526502,16.97034697978141,-0.30725121493670515,-0.011968728590762812,-0.020936696283187728,-0.008978157447335766,-0.012095629587009826,0.010779004522138945,0.010628610832697795,52.948840530469006,0.1374637527682232,0.18461912686342796,-0.04715537409520476,2.0794415416798357,7.39962911605835,2024-10-02,-0.013596984227562725
2024-10-02,10,0.0277818416245281,0.7414152670281252,0.4,0.6,0.0,1,2024-10-02,2024-10-02,2024-10-02,7.29901647567749,7.980000019073486,8.029999732971191,7.920000076293945,8.029999732971191,48018900,2024-10-02,7.29901647567749,-0.0135969842275627,0.0012531401181421,-0.0087609368166375,8.029999732971191,8.029999732971191,7.920000076293945,48018900,-0.013596984227562725,-0.013690269784245812,-0.09103154191802558,0.015070476555820625,17.68710526219811,1.0477841461542399,-0.018208626822444396,-0.03014093075797364,-0.015081586491129673,-0.020984065116469774,0.011156698336716998,0.01112605794753025,48.57055431403182,0.11259534317104158,0.1702143701249507,-0.05761902695390911,2.3978952727983707,7.29901647567749,2024-10-03,0.0012531401181421487
2024-10-03,6,0.508573351505523,0.5123204705680535,0.8333333333333334,0.1666666666666666,0.0,1,2024-10-03,2024-10-03,2024-10-03,7.308163166046143,7.989999771118164,8.020000457763672,7.860000133514404,8.0,42530600,2024-10-03,7.308163166046143,0.0012531401181421,-0.0087609368166375,0.0050504026578102,8.0,8.020000457763672,7.860000133514404,42530600,0.0012531401181421487,0.0012523555934087494,-0.08647960424423218,0.021893370552074146,17.565734398331475,-0.11429457984252034,-0.009913239227540172,-0.025371987228183013,-0.009274372289166277,-0.016223276588217428,0.011373746137402788,0.011255336815128079,48.983558045382765,0.09255805917791626,0.15468310793554382,-0.06212504875762756,1.9459101490553132,7.308163166046143,2024-10-04,-0.008760936816637588
2024-10-04,6,-0.0710895118924478,0.6689239660225902,0.1666666666666666,0.5,0.3333333333333333,1,2024-10-04,2024-10-04,2024-10-04,7.244136810302734,7.920000076293945,8.0,7.840000152587891,7.980000019073486,29253500,2024-10-04,7.244136810302734,-0.0087609368166375,0.0050504026578102,0.0,7.980000019073486,8.0,7.840000152587891,29253500,-0.008760936816637588,-0.008799539452471805,-0.09221343446264665,0.02208680642040814,17.191509816787278,-0.3121775850799189,-0.010741914912423378,-0.027743622570134407,-0.012041435483450491,-0.020417560926483058,0.011317461672201733,0.008318983528669723,46.18750064563961,0.07069702414761281,0.13788589117795763,-0.06718886703034482,1.9459101490553132,7.244136810302734,2024-10-07,0.005050402657810205
2024-10-07,4,0.541573042050004,0.2348116656409887,1.0,0.0,0.0,1,2024-10-07,2024-10-07,2024-10-07,7.280722618103027,7.960000038146973,7.96999979019165,7.840000152587891,7.920000076293945,16339000,2024-10-07,7.280722618103027,0.0050504026578102,0.0,0.0087938906980269,7.920000076293945,7.96999979019165,7.840000152587891,16339000,0.005050402657810205,0.005037692151793172,-0.08071685000413018,0.01785532074529586,16.609065507216215,-0.44146854222571663,-0.003505317496588445,-0.018253619219937844,-0.0047123081074165185,-0.01269320101626037,0.00849737374075334,0.008772391158676542,48.01359855559935,0.05568229448517581,0.12144517183940126,-0.06576287735422545,1.6094379124341003,7.280722618103027,2024-10-08,0.0
2024-10-08,2,-0.2942219711840153,0.6983196321557159,0.5,0.5,0.0,1,2024-10-08,2024-10-08,2024-10-08,7.280722618103027,7.960000038146973,7.989999771118164,7.909999847412109,7.920000076293945,37340200,2024-10-08,7.280722618103027,0.0,0.0087938906980269,0.0062268170974404,7.920000076293945,7.989999771118164,7.909999847412109,37340200,0.0,0.0,-0.08071685000413018,0.010987909841138606,17.43558107903069,1.2853418201848337,-0.00025124701596690446,-0.014241524268672423,-0.003146481134464363,-0.010409369598898599,0.007700005013560364,0.008872078560028957,48.01359855559936,0.04328406133671159,0.10581294973886333,-0.06252888840215175,1.0986122886681098,7.280722618103027,2024-10-09,0.00879389069802694
2024-10-09,7,0.2245627223913158,0.532734930368981,0.5714285714285714,0.4285714285714285,0.0,1,2024-10-09,2024-10-09,2024-10-09,7.344748497009277,8.029999732971191,8.0600004196167,7.929999828338623,7.929999828338623,13281700,2024-10-09,7.344748497009277,0.0087938906980269,0.0062268170974404,0.0173267042459477,7.929999828338623,8.0600004196167,7.929999828338623,13281700,0.00879389069802694,0.008755449641141944,-0.07380218713724221,0.017699801610771473,16.401897781159477,-0.6443056009341139,0.007275362981125966,-0.002484583752160874,0.0037394881847865324,-0.001397084502759438,0.006579004801221307,0.00974488154730151,51.36338055156314,0.03818455777033147,0.09228727134515696,-0.05410271357482549,2.0794415416798357,7.344748497009277,2024-10-10,0.00622681709744044
2024-10-10,8,0.5140331703587435,0.366081577267497,0.75,0.125,0.125,1,2024-10-10,2024-10-10,2024-10-10,7.390482902526855,8.079999923706055,8.180000305175781,8.039999961853027,8.0600004196167,19240600,2024-10-10,7.390482902526855,0.0062268170974404,0.0173267042459477,0.0036495294882286,8.0600004196167,8.180000305175781,8.039999961853027,19240600,0.00622681709744044,0.006207510575860331,-0.08306668514065464,0.018943328219443802,16.772533239720207,0.4486549161628406,0.011264146245597573,0.006226692977203241,0.006637624544005849,0.0039410271999209545,0.006942304015000397,0.0101496921859411,53.66033231824679,0.03740239720809857,0.08131029651774528,-0.04390789930964671,2.1972245773362196,7.390482902526855,2024-10-11,0.017326704245947955
2024-10-11,5,0.0519578782841562,0.7992836504688416,0.4,0.6,0.0,1,2024-10-11,2024-10-11,2024-10-11,7.518535614013672,8.220000267028809,8.220000267028809,8.079999923706055,8.09000015258789,22289100,2024-10-11,7.518535614013672,0.0173267042459477,0.0036495294882286,0.0,8.09000015258789,8.220000267028809,8.079999923706055,22289100,0.017326704245947955,0.01717830859192837,-0.07063838415273878,0.018620692979336245,16.919608372561257,0.1584410049582654,0.02111805888930207,0.023916309524648405,0.015925069592671814,0.01738928291584485,0.006366076164932065,0.011837229869640946,59.436669364007436,0.04657838631973554,0.07436391447814333,-0.02778552815840779,1.791759469228055,7.518535614013672,2024-10-14,0.003649529488228609
2024-10-14,1,0.9045796310529114,0.0,1.0,0.0,0.0,1,2024-10-14,2024-10-14,2024-10-14,7.545974731445312,8.25,8.3100004196167,8.210000038146973,8.25,21507400,2024-10-14,7.545974731445312,0.0036495294882286,0.0,-0.0121211577387151,8.25,8.3100004196167,8.210000038146973,21507400,0.003649529488228609,0.003642886114039623,-0.08533639618844707,0.013252148997134672,16.883907666421596,-0.03507095396404525,0.01751351568225501,0.02509932399975212,0.01300338148699498,0.017199507134658232,0.0065284674769064185,0.00869853333483458,60.57085213343636,0.05542561922146483,0.07057625542680764,-0.015150636205342807,0.6931471805599453,7.545974731445312,2024-10-15,0.0
2024-10-15,1,-0.5807351022958755,0.0,0.0,1.0,0.0,1,2024-10-15,2024-10-15,2024-10-15,7.545974731445312,8.25,8.279999732971191,8.229999542236328,8.270000457763672,24370800,2024-10-15,7.545974731445312,0.0,-0.0121211577387151,0.0012270010857635,8.270000457763672,8.279999732971191,8.229999542236328,24370800,0.0,0.0,-0.0875484505733809,0.006626074498567336,17.008896293341913,0.1331355719426801,0.010286512538284942,0.02306540471160501,0.008631508060623183,0.01402845447330181,0.0065284674769064185,0.008683175612731183,60.57085213343636,0.06172558096246128,0.06880612053393836,-0.007080539571477085,0.6931471805599453,7.545974731445312,2024-10-16,-0.012121157738715027
2024-10-16,1,-0.9607353871688246,0.0,0.0,1.0,0.0,1,2024-10-16,2024-10-16,2024-10-16,7.4545087814331055,8.149999618530273,8.260000228881836,8.149999618530273,8.260000228881836,17499700,2024-10-16,7.4545087814331055,-0.0121211577387151,0.0012270010857635,-0.0012254973991242,8.260000228881836,8.260000228881836,8.149999618530273,17499700,-0.012121157738715027,-0.012195218044052769,-0.09751712168629935,0.014756252031728808,16.677694353033495,-0.2819398624583518,-0.004884008148305363,0.008538539330059214,-0.002399056654503684,0.0014209421405744216,0.010650548832696864,0.008396548062746655,54.662116504075136,0.058661593938478696,0.06677721521484643,-0.008115621276367738,0.6931471805599453,7.4545087814331055,2024-10-17,0.0012270010857635683
2024-10-17,2,0.3635244199540466,0.8202599607802652,0.5,0.5,0.0,1,2024-10-17,2024-10-17,2024-10-17,7.463655471801758,8.15999984741211,8.1899995803833,8.140000343322754,8.170000076293945,14661800,2024-10-17,7.463655471801758,0.0012270010857635,-0.0012254973991242,0.0061350054288178,8.170000076293945,8.1899995803833,8.140000343322754,14661800,0.0012270010857635683,0.001226248935128016,-0.08645588713538883,0.006699028009726292,16.50075609817322,-0.1621684943170454,-0.005605636623895793,0.007656217833617696,-0.0007836397345973856,0.002166881581842528,0.010507522144265535,0.008396859523460962,55.133465528613584,0.05632217662501304,0.06468620749687976,-0.008364030871866712,1.0986122886681098,7.463655471801758,2024-10-18,-0.0012254973991242535
2024-10-18,6,0.3864414098983009,0.6898392795287509,0.6666666666666666,0.1666666666666666,0.1666666666666666,1,2024-10-18,2024-10-18,2024-10-18,7.4545087814331055,8.149999618530273,8.229999542236328,8.149999618530273,8.15999984741211,11196200,2024-10-18,7.4545087814331055,-0.0012254973991242,0.0061350054288178,-0.0048780773122613,8.15999984741211,8.229999542236328,8.149999618530273,11196200,-0.0012254973991242535,-0.001226248935128016,-0.08645724009452596,0.010731749878048296,16.23108508229663,-0.23636934073578963,-0.005126932492262037,0.003570996999642473,-0.0013396812958026416,0.0007679196671235289,0.006101235611057969,0.00761135695378609,54.52302133433665,0.053117801132062326,0.06237252622391627,-0.009254725091853946,1.9459101490553132,7.4545087814331055,2024-10-21,0.006135005428817841
2024-10-21,10,0.0643493446055799,0.626765114844678,0.4,0.5,0.1,3,2024-10-19,2024-10-21,2024-10-21,7.500242233276367,8.199999809265137,8.239999771118164,8.15999984741211,8.1899995803833,16870700,2024-10-21,7.500242233276367,0.0061350054288178,-0.0048780773122613,0.0024510586861328,8.1899995803833,8.239999771118164,8.15999984741211,16870700,0.006135005428817841,0.006116262900955238,-0.08421946061621803,0.010666311996047085,16.641089006711603,0.5068237437702077,0.0021999895505593337,0.006752648725358412,0.003186319039201191,0.005644613156007727,0.0067157450861648,0.007653132037234564,57.08176742666398,0.05365017203383271,0.06062805538589956,-0.006977883352066852,2.3978952727983707,7.500242233276367,2024-10-22,-0.004878077312261309
2024-10-22,5,-0.3547873474657536,0.4193794444468036,0.2,0.6,0.2,1,2024-10-22,2024-10-22,2024-10-22,7.463655471801758,8.15999984741211,8.210000038146973,8.140000343322754,8.199999809265137,18019400,2024-10-22,7.463655471801758,-0.0048780773122613,0.0024510586861328,-0.0061125048874227,8.199999809265137,8.210000038146973,8.140000343322754,18019400,-0.004878077312261309,-0.004890013965827222,-0.08979809202329338,0.009378741434231895,16.70695956874847,0.068088461059707,-0.0004899587823643525,-0.0006123607065831038,-0.0011388490419650399,0.0006045559385905452,0.006851350366761967,0.00801270103769419,54.44270331674147,0.050537271716347476,0.05860989865198915,-0.008072626935641675,1.791759469228055,7.463655471801758,2024-10-23,0.002451058686132823
2024-10-23,8,0.3043210993928369,0.7520682289173996,0.75,0.25,0.0,1,2024-10-23,2024-10-23,2024-10-23,7.481949329376221,8.180000305175781,8.210000038146973,8.140000343322754,8.15999984741211,12456100,2024-10-23,7.481949329376221,0.0024510586861328,-0.0061125048874227,-0.001230083601183,8.15999984741211,8.210000038146973,8.140000343322754,12456100,0.002451058686132823,0.0024480597411851157,-0.08309442778371227,0.009355809795367154,16.337721101005165,-0.3087394696826753,0.0012240484256293982,7.010484659453198e-08,0.0008725646548572996,0.00249987119515227,0.004113907210928849,0.007705458714508494,55.54931933500322,0.04898180544259034,0.056684280010109396,-0.007702474567519053,2.1972245773362196,7.481949329376221,2024-10-24,-0.006112504887422765
2024-10-24,7,-0.2934926961149488,0.7203409677034727,0.2857142857142857,0.7142857142857143,0.0,1,2024-10-24,2024-10-24,2024-10-24,7.436215877532959,8.130000114440918,8.199999809265137,8.130000114440918,8.149999618530273,13537100,2024-10-24,7.436215877532959,-0.0061125048874227,-0.001230083601183,-0.0123151510700134,8.149999618530273,8.199999809265137,8.130000114440918,13537100,-0.006112504887422765,-0.006131262722725239,-0.08758083121555217,0.009413348936750054,16.420944696172814,0.08678478817607438,-0.004164611229772186,-0.006719572070343238,-0.0035029738778761255,-0.002970252649804994,0.005090942347697194,0.007916964981401053,52.139589378725915,0.04355668550337377,0.054058761108762274,-0.010502075605388503,2.0794415416798357,7.436215877532959,2024-10-25,-0.0012300836011830407
2024-10-25,5,-0.4164104327559471,0.450842592978728,0.2,0.8,0.0,1,2024-10-25,2024-10-25,2024-10-25,7.427068710327148,8.119999885559082,8.149999618530273,8.100000381469727,8.140000343322754,11578900,2024-10-25,7.427068710327148,-0.001230083601183,-0.0123151510700134,0.0087281000398145,8.140000343322754,8.149999618530273,8.100000381469727,11578900,-0.0012300836011830407,-0.0012308407750043493,-0.0875837350032084,0.006732028342625163,16.264695120596723,-0.1446543203492624,-0.004658057240194968,-0.006727855549355954,-0.00315747598886984,-0.0034362713825266678,0.005091055252609756,0.005322007833488061,51.459224634734525,0.038080174372146836,0.05086304376143919,-0.012782869389292358,1.791759469228055,7.427068710327148,2024-10-28,-0.012315151070013464
2024-10-28,4,0.2642919991631061,0.6366079562531352,0.75,0.25,0.0,1,2024-10-28,2024-10-28,2024-10-28,7.3356032371521,8.020000457763672,8.220000267028809,8.020000457763672,8.140000343322754,30489600,2024-10-28,7.3356032371521,-0.0123151510700134,0.0087281000398145,-0.0123608830358418,8.140000343322754,8.220000267028809,8.020000457763672,30489600,-0.012315151070013464,-0.01239161093463581,-0.09882027914538132,0.027264262092613206,17.232896232621023,1.6332034994688613,-0.012558428112725895,-0.016192267726392484,-0.010342368660827606,-0.012889719104042907,0.005540640433953185,0.006047231384067132,45.119201403643864,0.02605910739927708,0.045902256489006775,-0.019843149089729693,1.6094379124341003,7.3356032371521,2024-10-29,0.008728100039814501
2024-10-29,6,0.2512840266184261,0.8445419026050485,0.6666666666666666,0.3333333333333333,0.0,1,2024-10-29,2024-10-29,2024-10-29,7.39962911605835,8.09000015258789,8.119999885559082,8.0,8.050000190734863,21313200,2024-10-29,7.39962911605835,0.0087281000398145,-0.0123608830358418,-0.0050062868936194,8.050000190734863,8.119999885559082,8.0,21313200,0.008728100039814501,0.008690230368650464,-0.08079143593376027,0.016217013539052052,16.8748372039627,-0.3009681989924433,-0.002220055420949274,-0.005653891454341919,-0.001137004588674495,-0.0034997284481769197,0.008036618068916881,0.0070449457227010305,49.78321259035824,0.02145140016918745,0.04101208522504291,-0.01956068505585546,1.9459101490553132,7.39962911605835,2024-10-30,-0.012360883035841819
2024-10-30,8,0.0545666996622457,0.9625551036512086,0.5,0.5,0.0,1,2024-10-30,2024-10-30,2024-10-30,7.308163166046143,7.989999771118164,8.119999885559082,7.980000019073486,8.09000015258789,30956300,2024-10-30,7.308163166046143,-0.0123608830358418,-0.0050062868936194,0.0113207552118903,8.09000015258789,8.119999885559082,7.980000019073486,30956300,-0.012360883035841819,-0.012437914190837063,-0.09664239453588244,0.019156642141767936,17.2480871228037,0.4524473096484807,-0.0099132264355426,-0.016009811030621934,-0.009029807635985376,-0.012978795098623208,0.00881788295310998,0.007083762651279878,44.02688262267237,0.010300483675475647,0.034869764915129456,-0.02456928123965381,2.1972245773362196,7.308163166046143,2024-11-01,-0.005006286893619483
2024-11-01,8,0.0922262173262424,0.7745288191484568,0.5,0.5,0.0,2,2024-10-31,2024-11-01,2024-11-01,7.271576404571533,7.949999809265137,7.960000038146973,7.760000228881836,7.800000190734863,23665700,2024-11-01,7.271576404571533,-0.0050062868936194,0.0113207552118903,0.0099501771403087,7.800000190734863,7.960000038146973,7.760000228881836,23665700,-0.005006286893619483,-0.005018860329555785,-0.06774663759508774,0.027504326178763628,16.979537342688122,-0.23551264201471112,-0.010455560025169008,-0.018397324666853065,-0.009370961842776748,-0.014709832847647597,0.008786089089656146,0.007046499416424573,41.9379741450075,-0.0014719758452139686,0.027601416763060774,-0.029073392608274743,2.1972245773362196,7.271576404571533,2024-11-04,0.011320755211890354
2024-11-04,4,0.5813209749758244,0.3675102282081618,1.0,0.0,0.0,1,2024-11-04,2024-11-04,2024-11-04,7.353896141052246,8.039999961853027,8.119999885559082,7.949999809265137,8.0,19934200,2024-11-04,7.353896141052246,0.0113207552118903,0.0099501771403087,0.0098522749422627,8.0,8.119999885559082,7.949999809265137,19934200,0.011320755211890354,0.011257155014003928,-0.08076298236846924,0.023117008050323178,16.80794745773351,-0.1576754543495439,0.002743816367683838,-0.005934714084305792,0.0012283830765005277,-0.002911012480840469,0.011350063658126566,0.008317116163656922,47.92480597800206,-0.004111821552760908,0.021258769099896442,-0.02537059065265735,1.6094379124341003,7.353896141052246,2024-11-05,0.009950177140308769
2024-11-05,6,0.0619926349803184,0.8105378516075523,0.5,0.5,0.0,1,2024-11-05,2024-11-05,2024-11-05,7.427068710327148,8.119999885559082,8.149999618530273,7.989999771118164,8.0,18522300,2024-11-05,7.427068710327148,0.0099501771403087,0.0098522749422627,-0.0024389750798962,8.0,8.149999618530273,7.989999771118164,18522300,0.009950177140308769,0.009901000072374266,-0.07161641120910645,0.021542798868904187,16.73448602352513,-0.07082802419961676,0.010201485609266925,0.004950433659268505,0.007432795630065936,0.0057283166219272985,0.010598193266171532,0.008772469325609161,52.603063874039904,-0.0002960903381366009,0.016947797212289836,-0.017243887550426436,1.9459101490553132,7.427068710327148,2024-11-06,0.009852274942262707
2024-11-06,7,0.6867138471986566,0.3364747333570766,0.8571428571428571,0.0,0.1428571428571428,1,2024-11-06,2024-11-06,2024-11-06,7.500242233276367,8.199999809265137,8.199999809265137,8.119999885559082,8.130000114440918,18270200,2024-11-06,7.500242233276367,0.0098522749422627,-0.0024389750798962,0.0048899401782638,8.130000114440918,8.199999809265137,8.119999885559082,18270200,0.009852274942262707,0.009804057722371695,-0.07746099290280979,0.010666311996047085,16.720781929935708,-0.013610620711250743,0.017369725121175073,0.014349325568194349,0.011505627631615889,0.01275766116433985,0.010773131744280904,0.009261798570836434,56.78412851075769,0.008534021023550054,0.01526504197454188,-0.006731020950991826,2.0794415416798357,7.500242233276367,2024-11-07,-0.0024389750798962107
2024-11-07,10,0.5423685130896047,0.574691720273875,0.9,0.1,0.0,1,2024-11-07,2024-11-07,2024-11-07,7.481949329376221,8.180000305175781,8.279999732971191,8.15999984741211,8.25,22242700,2024-11-07,7.481949329376221,-0.0024389750798962,0.0048899401782638,-0.0072993126626446,8.25,8.279999732971191,8.15999984741211,22242700,-0.0024389750798962107,-0.0024419542246421067,-0.09309705098470052,0.01603858570492171,16.91752446781419,0.21743056999923382,0.01012600334163083,0.011875352840823972,0.006007626915018882,0.008401388586079861,0.007796078087831077,0.009278046194965923,55.466832578292504,0.013895682650801433,0.014991170109793792,-0.001095487458992359,2.3978952727983707,7.481949329376221,2024-11-08,0.00488994017826383
2024-11-08,7,0.2028748624558959,0.6439608140669348,0.7142857142857143,0.2857142857142857,0.0,1,2024-11-08,2024-11-08,2024-11-08,7.518535614013672,8.220000267028809,8.279999732971191,8.149999618530273,8.210000038146973,8419600,2024-11-08,7.518535614013672,0.0048899401782638,-0.0072993126626446,0.0049019895964967,8.210000038146973,8.279999732971191,8.149999618530273,8419600,0.00488994017826383,0.0048780232537000145,-0.08422221935694009,0.01729061630014932,15.946072997922306,-0.6214668183269118,0.008341521672051933,0.01569258177288524,0.0072581927310975125,0.010881957636634132,0.005671153966426694,0.00911854136988355,57.58609614880698,0.02085662335376348,0.01616426075858773,0.004692362595175751,2.0794415416798357,7.518535614013672,2024-11-11,-0.007299312662644608
2024-11-11,3,0.3634430666764577,0.1681738377536236,0.6666666666666666,0.0,0.3333333333333333,1,2024-11-11,2024-11-11,2024-11-11,7.463655471801758,8.15999984741211,8.300000190734863,8.130000114440918,8.25,12616100,2024-11-11,7.463655471801758,-0.0072993126626446,0.0049019895964967,0.0,8.25,8.300000190734863,8.130000114440918,12616100,-0.007299312662644608,-0.00732608299488513,-0.0953144882664536,0.022777053005222196,16.350484413300006,0.4984203525108082,-0.0019569713698520674,0.0077806212399056385,-6.27351342248339e-05,0.0028644416327610056,0.00765650667744503,0.0094882325911861,53.4752096516674,0.021694766424892542,0.017270361891848694,0.0044244045330438485,1.3862943611198906,7.463655471801758,2024-11-12,0.004901989596496792
2024-11-12,3,-0.1214019780357679,0.7684767251032952,0.3333333333333333,0.6666666666666666,0.0,1,2024-11-12,2024-11-12,2024-11-12,7.500242233276367,8.199999809265137,8.300000190734863,8.15999984741211,8.199999809265137,12086400,2024-11-12,7.500242233276367,0.0049019895964967,0.0,0.0,8.199999809265137,8.300000190734863,8.15999984741211,12086400,0.004901989596496792,0.004890013965827222,-0.08533629173967994,0.01866610956931679,16.307591494237894,-0.04198603371881959,0.0009765554774119334,0.010474427059516955,0.0032207695791697244,0.006356848695972417,0.0067935900865342905,0.008397362978699667,55.743448789400475,0.025022799473752855,0.018820849408229527,0.0062019500655233276,1.3862943611198906,7.500242233276367,2024-11-13,0.0
2024-11-13,6,0.0785662535733233,0.7711784631321289,0.5,0.5,0.0,1,2024-11-13,2024-11-13,2024-11-13,7.500242233276367,8.199999809265137,8.25,8.170000076293945,8.199999809265137,12830900,2024-11-13,7.500242233276367,0.0,0.0,-0.001219646480534,8.199999809265137,8.25,8.170000076293945,12830900,0.0,0.0,-0.08533629173967994,0.010666311996047085,16.367366960158822,0.06159815991527662,0.0009765554774119334,0.009106566982922448,0.002144877001247547,0.005195053629452051,0.005176123217356654,0.00809791496037477,55.743448789400475,0.02734507266617836,0.020525694059819292,0.006819378606359068,1.9459101490553132,7.500242233276367,2024-11-14,0.0
2024-11-14,5,0.7363668408244848,0.2861144217385843,1.0,0.0,0.0,1,2024-11-14,2024-11-14,2024-11-14,7.500242233276367,8.199999809265137,8.300000190734863,8.149999618530273,8.279999732971191,25970500,2024-11-14,7.500242233276367,0.0,-0.001219646480534,0.0024421443613746,8.279999732971191,8.300000190734863,8.149999618530273,25970500,0.0,0.0,-0.09417361411133963,0.01999943035693987,17.072471874943034,1.0240591073112566,0.0004880458037423985,0.006505461787706945,0.0014288963984907532,0.004246487382335795,0.004999458827830296,0.006565697911811663,55.743448789400475,0.028852892715330647,0.022191133790921563,0.006661758924409084,1.791759469228055,7.500242233276367,2024-11-15,-0.0012196464805340756
2024-11-15,9,-0.1055745813840379,0.8078066343277652,0.3333333333333333,0.5555555555555556,0.1111111111111111,1,2024-11-15,2024-11-15,2024-11-15,7.491094589233398,8.1899995803833,8.25,8.15999984741211,8.199999809265137,19903100,2024-11-15,7.491094589233398,-0.001219646480534,0.0024421443613746,0.0036541017365014,8.199999809265137,8.25,8.15999984741211,19903100,-0.0012196464805340756,-0.0012203908546131181,-0.0864518581123319,0.012014285965263828,16.806386106700348,-0.23362661481296088,-1.0184618093322939e-07,0.0023251764314873302,0.00013832854494055802,0.002470911152778976,0.004364072385638192,0.006174738539390622,54.90750805794253,0.028975698725166588,0.02354804677777057,0.005427651947396018,2.302585092994046,7.491094589233398,2024-11-18,0.0024421443613746874
2024-11-18,7,0.1821444146335125,0.5451692197151943,0.5714285714285714,0.2857142857142857,0.1428571428571428,1,2024-11-18,2024-11-18,2024-11-18,7.5093889236450195,8.210000038146973,8.25,8.180000305175781,8.1899995803833,20439400,2024-11-18,7.5093889236450195,0.0024421443613746,0.0036541017365014,-0.0036407978906072,8.1899995803833,8.25,8.180000305175781,20439400,0.0024421443613746874,0.002439167172997969,-0.08310264854817342,0.009321623308630185,16.832975017586612,0.026945551195542317,0.0012195447895726463,0.0026868809403359784,0.0017190616255009505,0.004021113462392201,0.002448430071056848,0.0054391975609915265,56.3183322673049,0.030201083971120646,0.024878654216440584,0.0053224297546800615,2.0794415416798357,7.5093889236450195,2024-11-19,0.0036541017365014916
2024-11-19,6,-0.1386071619732926,0.6033477201414399,0.3333333333333333,0.6666666666666666,0.0,1,2024-11-19,2024-11-19,2024-11-19,7.536828994750977,8.239999771118164,8.270000457763672,8.140000343322754,8.180000305175781,12672100,2024-11-19,7.536828994750977,0.0036541017365014,-0.0036407978906072,0.0,8.180000305175781,8.270000457763672,8.140000343322754,12672100,0.0036541017365014916,0.0036474417260574654,-0.07862729662954254,0.01724864854058073,16.354913363332866,-0.3800160474377917,0.0038986837632855043,0.004878083700897706,0.003579877407522858,0.006282958913425674,0.002002986604698251,0.004751475673908759,58.41973467551773,0.033005923280862604,0.026504108029324992,0.006501815251537611,1.9459101490553132,7.536828994750977,2024-11-20,-0.003640797890607228
2024-11-20,5,-0.2213225832208991,0.6308385023208202,0.4,0.6,0.0,1,2024-11-20,2024-11-20,2024-11-20,7.5093889236450195,8.210000038146973,8.229999542236328,8.15999984741211,8.220000267028809,17167700,2024-11-20,7.5093889236450195,-0.0036407978906072,0.0,0.0012180339121672,8.220000267028809,8.229999542236328,8.15999984741211,17167700,-0.003640797890607228,-0.0036474417260574654,-0.08644906572985378,0.009321623308630185,16.658540327577935,0.3547636145548094,2.539951915458971e-08,0.0010974399249392697,-4.9303944208545225e-05,0.00214203210579611,0.002904911109598047,0.003958995251576381,55.542217574439675,0.03263835953752636,0.02773095833096527,0.004907401206561093,1.791759469228055,7.5093889236450195,2024-11-21,0.0
2024-11-21,6,-0.038327919319272,0.7382755551807069,0.3333333333333333,0.5,0.1666666666666666,1,2024-11-21,2024-11-21,2024-11-21,7.5093889236450195,8.210000038146973,8.270000457763672,8.210000038146973,8.25,17262800,2024-11-21,7.5093889236450195,0.0,0.0012180339121672,0.0194647703455053,8.25,8.270000457763672,8.210000038146973,17262800,0.0,0.0,-0.08977103955817944,0.007990053548534987,16.664064513187785,0.005539472381274058,-0.0002435220654734005,0.000731367554638096,-3.286983634331886e-05,0.0017518894313954814,0.002904911109598047,0.003857033215001815,55.542217574439675,0.031978435128501737,0.028580453690472567,0.00339798143802917,1.9459101490553132,7.5093889236450195,2024-11-22,0.0012180339121672379
2024-11-22,4,0.5783295789733529,0.3959806214108529,1.0,0.0,0.0,1,2024-11-22,2024-11-22,2024-11-22,7.518535614013672,8.220000267028809,8.289999961853027,8.199999809265137,8.270000457763672,12048600,2024-11-22,7.518535614013672,0.0012180339121672,0.0194647703455053,-0.0035799729794344,8.270000457763672,8.289999961853027,8.199999809265137,12048600,0.0012180339121672379,0.0012172927106730569,-0.09086636059911501,0.011970436426495189,16.3044591115758,-0.30204833514841156,0.00024336963645721355,0.0019502922972891579,0.0007897707007513688,0.0024303698583829636,0.0027998504557195363,0.0035410643408685535,56.372952121742735,0.031826624237693224,0.0292296877999167,0.0025969364377765244,1.6094379124341003,7.518535614013672,2024-11-25,0.01946477034550531
2024-11-25,3,-0.2881168766568105,0.5777488557447915,0.3333333333333333,0.3333333333333333,0.3333333333333333,1,2024-11-25,2024-11-25,2024-11-25,7.664882183074951,8.380000114440918,8.470000267028809,8.210000038146973,8.210000038146973,81997900,2024-11-25,7.664882183074951,0.0194647703455053,-0.0035799729794344,0.0023951610541805,8.210000038146973,8.470000267028809,8.210000038146973,81997900,0.01946477034550531,0.01927775461922554,-0.06639681516920633,0.03392096873399437,18.222204207339928,5.8055956708663246,0.01551143098802199,0.018721193277587922,0.013422584292404727,0.017881571843432198,0.008962463136165456,0.006381530936899099,66.9985013701513,0.04301935769009457,0.03198762177795227,0.0110317359121423,1.3862943611198906,7.664882183074951,2024-11-26,-0.003579972979434465
2024-11-26,8,0.5589621545514092,0.6391501108552161,0.75,0.125,0.125,1,2024-11-26,2024-11-26,2024-11-26,7.637442111968994,8.350000381469727,8.399999618530273,8.3100004196167,8.380000114440918,23168900,2024-11-26,7.637442111968994,-0.0035799729794344,0.0023951610541805,-0.0143370015023133,8.380000114440918,8.399999618530273,8.3100004196167,23168900,-0.003579972979434465,-0.0035863964177740293,-0.08861073894167416,0.01178394514735925,16.958321463259455,-0.7174452028649514,0.00918541572029219,0.013226589532057131,0.006508456728499423,0.01161885464160295,0.009620125238818928,0.006613168908398305,63.85800511495287,0.04910939266924874,0.03541197595621157,0.013697416713037175,2.1972245773362196,7.637442111968994,2024-11-27,0.0023951610541805834
2024-11-27,3,0.5083356282363335,0.4431820588132192,1.0,0.0,0.0,1,2024-11-27,2024-11-27,2024-11-27,7.655735015869141,8.369999885559082,8.399999618530273,8.34000015258789,8.390000343322754,26275700,2024-11-27,7.655735015869141,0.0023951610541805,-0.0143370015023133,0.0,8.390000343322754,8.399999618530273,8.34000015258789,26275700,0.0023951610541805834,0.002392297227914675,-0.08751672197939586,0.007837192094294449,17.0841551537244,0.1340935478162537,0.007705242858542682,0.013562596860698495,0.00592851184919807,0.011459525160854689,0.00898442476211448,0.006582673789872648,65.03467035007839,0.054780399386610945,0.03928566064229144,0.015494738744319503,1.3862943611198906,7.655735015869141,2024-11-28,-0.014337001502313429
2024-11-28,13,0.2337215880576808,0.7070411133573765,0.4615384615384615,0.5384615384615384,0.0,1,2024-11-28,2024-11-28,2024-11-28,7.545974731445312,8.25,8.399999618530273,8.25,8.399999618530273,21374600,2024-11-28,7.545974731445312,-0.0143370015023133,0.0,-0.0048483872663704,8.399999618530273,8.399999618530273,8.25,21374600,-0.014337001502313429,-0.014440769315326563,-0.10166963403200587,0.01987809711384276,16.87771390594621,-0.1865259536377718,-0.007697954183284894,-0.0015733633914735146,-0.00567840096536365,-0.002490099342266072,0.01223863085715725,0.008395971826480171,53.73113985553925,0.049843411597041865,0.04139721083324153,0.008446200763800336,2.6390573296152584,7.545974731445312,2024-11-29,0.0
2024-11-29,7,0.5898236883138972,0.6836749400030131,0.8571428571428571,0.1428571428571428,0.0,1,2024-11-29,2024-11-29,2024-11-29,7.545974731445312,8.25,8.289999961853027,8.229999542236328,8.229999542236328,28884900,2024-11-29,7.545974731445312,0.0,-0.0048483872663704,0.0,8.229999542236328,8.289999961853027,8.229999542236328,28884900,0.0,0.0,-0.08311359038121492,0.007951314674652652,17.178829559807173,0.3513656395909164,-0.008413535946345307,-0.0022978276396630193,-0.0037927796180573514,-0.0020382768276335783,0.012246127120830896,0.008374793064126557,53.73113985553925,0.045407385134023315,0.04219924569339789,0.0032081394406254238,2.0794415416798357,7.545974731445312,2024-12-02,-0.00484838726637038
2024-12-02,7,0.5375224165951035,0.3679097266497621,1.0,0.0,0.0,3,2024-11-30,2024-12-02,2024-12-02,7.5093889236450195,8.210000038146973,8.34000015258789,8.210000038146973,8.260000228881836,17949700,2024-12-02,7.5093889236450195,-0.0048483872663704,0.0,-0.0012180339121672,8.260000228881836,8.34000015258789,8.210000038146973,17949700,-0.00484838726637038,-0.00486017882471268,-0.0908730368568558,0.017311676857165174,16.70308401537821,-0.3785784267904684,-0.009172063329767277,-0.00713507414776493,-0.005765089041037896,-0.00563350148796371,0.006415225228094546,0.008528173000918958,50.34823189226526,0.038495876768569914,0.0414585719084323,-0.002962695139862387,2.0794415416798357,7.5093889236450195,2024-12-03,0.0
2024-12-03,2,0.905290842987597,0.0644641487551758,1.0,0.0,0.0,1,2024-12-03,2024-12-03,2024-12-03,7.5093889236450195,8.210000038146973,8.25,8.199999809265137,8.220000267028809,22450800,2024-12-03,7.5093889236450195,0.0,-0.0012180339121672,-0.001219646480534,8.220000267028809,8.25,8.199999809265137,22450800,0.0,0.0,-0.08644906572985378,0.006658356790847029,16.92683685080335,0.2507618511730001,-0.005812503854068729,-0.006774729094464971,-0.0038507927483830695,-0.00461395443909729,0.006678527500439888,0.008433518357113588,50.34823189226526,0.03264217788659263,0.03969529310406437,-0.007053115217471741,1.0986122886681098,7.5093889236450195,2024-12-04,-0.0012180339121672379
2024-12-04,6,0.6021782374785593,0.2835181810654639,1.0,0.0,0.0,1,2024-12-04,2024-12-04,2024-12-04,7.500242233276367,8.199999809265137,8.220000267028809,8.149999618530273,8.180000305175781,24621900,2024-12-04,7.500242233276367,-0.0012180339121672,-0.001219646480534,-0.0024418260920267,8.180000305175781,8.220000267028809,8.149999618530273,24621900,-0.0012180339121672379,-0.001218776318384851,-0.08310000568940158,0.009333118360892784,17.0191468893872,0.09670479448393832,-0.002918254392468622,-0.007864484381824521,-0.0033817994740479307,-0.0047720839475278165,0.00606795159742014,0.008362429149907756,49.44559632285417,0.026954305423879,0.0371470955680273,-0.010192790144148298,1.9459101490553132,7.500242233276367,2024-12-05,-0.0012196464805340756
2024-12-05,8,0.4888193120714277,0.596654243344214,0.75,0.125,0.125,1,2024-12-05,2024-12-05,2024-12-05,7.491094589233398,8.1899995803833,8.25,8.170000076293945,8.25,17131800,2024-12-05,7.491094589233398,-0.001219646480534,-0.0024418260920267,0.0012239973153991,8.25,8.25,8.170000076293945,17131800,-0.0012196464805340756,-0.0012203908546131181,-0.09198853463837595,0.010679337011848021,16.65644700196,-0.30420479329377503,-0.002679098294903648,-0.008834678646179261,-0.003069584859178298,-0.00490289892537632,0.0019912713807298675,0.008369852742506597,48.50894063980552,0.02146109692773912,0.03400989583996966,-0.012548798912230541,2.1972245773362196,7.491094589233398,2024-12-06,-0.0024418260920267
2024-12-06,7,0.1839306618619177,0.6575169168870386,0.5714285714285714,0.4285714285714285,0.0,1,2024-12-06,2024-12-06,2024-12-06,7.472802639007568,8.170000076293945,8.199999809265137,8.149999618530273,8.149999618530273,16707900,2024-12-06,7.472802639007568,-0.0024418260920267,0.0012239973153991,-0.0085575705740662,8.149999618530273,8.199999809265137,8.149999618530273,16707900,-0.0024418260920267,-0.002444812211404912,-0.08309165781836284,0.006690955609327265,16.631392279276405,-0.024743459531397782,-0.0031722214359657386,-0.010656275802887083,-0.003676021209312208,-0.006007534586576213,0.0018380787884731706,0.008380359765349878,46.607664777067676,0.01545354327966919,0.03029862532790957,-0.01484508204824038,2.0794415416798357,7.472802639007568,2024-12-09,0.001223997315399128
2024-12-09,6,-0.2320143807058533,0.5440082068321518,0.1666666666666666,0.6666666666666666,0.1666666666666666,1,2024-12-09,2024-12-09,2024-12-09,7.481949329376221,8.180000305175781,8.180000305175781,8.0,8.149999618530273,26749800,2024-12-09,7.481949329376221,0.0012239973153991,-0.0085575705740662,0.0,8.149999618530273,8.180000305175781,8.0,26749800,0.001223997315399128,0.0012232488413759235,-0.0819693644690655,0.02405794228905692,17.10203759202628,0.6010270590558957,-0.00122094471751244,-0.0070404775424263155,-0.0016390243231682033,-0.003923236899368354,0.0013927741007665323,0.004717789371306059,47.711285780494975,0.011300312236889098,0.026498962709705476,-0.015198650472816377,1.9459101490553132,7.481949329376221,2024-12-10,-0.008557570574066253
2024-12-10,8,0.2882471941411495,0.5163667941391189,0.625,0.125,0.25,1,2024-12-10,2024-12-10,2024-12-10,7.417922019958496,8.109999656677246,8.220000267028809,8.109999656677246,8.199999809265137,11778700,2024-12-10,7.417922019958496,-0.0085575705740662,0.0,0.0024661701114196,8.199999809265137,8.220000267028809,8.109999656677246,11778700,-0.008557570574066253,-0.008594396827150685,-0.09537534237781019,0.014829032990047253,16.28180345846049,-0.5596714741792461,-0.007343984361011691,-0.012661346289987052,-0.006811498738860888,-0.010207200882620282,0.0036685139704958386,0.005102700000526602,41.279117438494275,0.002809986170198897,0.02176116740180416,-0.018951181231605264,2.1972245773362196,7.417922019958496,2024-12-11,0.0
2024-12-11,7,-0.1391581673441188,0.8198961915459255,0.2857142857142857,0.4285714285714285,0.2857142857142857,1,2024-12-11,2024-12-11,2024-12-11,7.417922019958496,8.109999656677246,8.130000114440918,7.960000038146973,7.980000019073486,16240900,2024-12-11,7.417922019958496,0.0,0.0024661701114196,0.0,7.980000019073486,8.130000114440918,7.960000038146973,16240900,0.0,0.0,-0.070435839319741,0.022917479563218227,16.603043371454397,0.3788363741329688,-0.005152140223877222,-0.00952616638350312,-0.0045513329588103835,-0.008366873878951409,0.0038079531638811046,0.004877771930368769,41.279117438494275,-0.003874001331284127,0.016634133655186505,-0.02050813498647063,2.0794415416798357,7.417922019958496,2024-12-12,0.0024661701114196966
2024-12-12,6,-0.4376346956317624,0.7097529326777917,0.1666666666666666,0.8333333333333334,0.0,1,2024-12-12,2024-12-12,2024-12-12,7.436215877532959,8.130000114440918,8.15999984741211,8.079999923706055,8.079999923706055,9344400,2024-12-12,7.436215877532959,0.0024661701114196,0.0,-0.0036899943090278,8.079999923706055,8.15999984741211,8.079999923706055,9344400,0.0024661701114196966,0.0024631341044254462,-0.079676244090583,0.010758149712645982,16.05028789836904,-0.42463779716641314,-0.0012284828018364058,-0.0056261859931604485,-0.001398568786372012,-0.004849952502865129,0.0043614712777323645,0.003196359514591536,43.79018194473329,-0.007607256446662269,0.01178585563481675,-0.019393112081479022,1.9459101490553132,7.436215877532959,2024-12-13,0.0
2024-12-13,5,0.3961668721400201,0.7932595402183472,0.8,0.2,0.0,1,2024-12-13,2024-12-13,2024-12-13,7.436215877532959,8.130000114440918,8.180000305175781,8.100000381469727,8.170000076293945,13755500,2024-12-13,7.436215877532959,0.0,-0.0036899943090278,-0.0074074503148224,8.170000076293945,8.180000305175781,8.100000381469727,13755500,0.0,0.0,-0.08981446657389061,0.010758149712645982,16.436949374796374,0.4720581310731562,-0.00024591775564020146,-0.004164598511643525,-0.0009328140591235989,-0.003971645191532702,0.004361016392342508,0.003196359514591536,43.7901819447333,-0.010445479041940153,0.00733958869946537,-0.017785067741405522,1.791759469228055,7.436215877532959,2024-12-16,-0.003689994309027833
2024-12-16,4,0.3899607192724942,0.612097326438453,0.75,0.25,0.0,1,2024-12-16,2024-12-16,2024-12-16,7.40877628326416,8.100000381469727,8.140000343322754,8.09000015258789,8.130000114440918,16362000,2024-12-16,7.40877628326416,-0.0036899943090278,-0.0074074503148224,-0.002487511864361,8.130000114440918,8.140000343322754,8.09000015258789,16362000,-0.003689994309027833,-0.003696819132239959,-0.08871141710018965,0.006748778586797088,16.610472192173003,0.18948784122714546,-0.0019713489576709264,-0.0065006103653860725,-0.0030843267380412653,-0.0062653344725907,0.004295198785078895,0.003078723700889078,40.758229637631906,-0.014739034418179031,0.00292386407593649,-0.017662898494115523,1.6094379124341003,7.40877628326416,2024-12-17,-0.0074074503148224835
2024-12-17,3,0.7256501615047456,0.299171755553698,1.0,0.0,0.0,1,2024-12-17,2024-12-17,2024-12-17,7.353896141052246,8.039999961853027,8.130000114440918,8.039999961853027,8.109999656677246,22150200,2024-12-17,7.353896141052246,-0.0074074503148224,-0.002487511864361,0.0024937150100348,8.109999656677246,8.130000114440918,8.039999961853027,22150200,-0.0074074503148224835,-0.007435021715138657,-0.09323101697081744,0.012238431283449263,16.913357128906345,0.3537587092042538,-0.00765242473190042,-0.011799389426780604,-0.007003727213975686,-0.01117654210929031,0.003862272428373381,0.003571235471281422,35.46874178085582,-0.02231286795871057,-0.0021234823309929213,-0.02018938562771765,1.3862943611198906,7.353896141052246,2024-12-18,-0.002487511864361025
2024-12-18,8,0.3618655263853725,0.5460439730536142,0.625,0.375,0.0,1,2024-12-18,2024-12-18,2024-12-18,7.3356032371521,8.020000457763672,8.069999694824219,8.010000228881836,8.039999961853027,9534600,2024-12-18,7.3356032371521,-0.002487511864361,0.0024937150100348,-0.0111940303346375,8.039999961853027,8.069999694824219,8.010000228881836,9534600,-0.002487511864361025,-0.002490610862261544,-0.08761153333868688,0.008179213624655686,16.070437950309948,-0.569547904759325,-0.007916841500388072,-0.012071874666967242,-0.006335886492725873,-0.011184663957253371,0.00374267973390962,0.0035595593785995965,33.88996218488296,-0.029451768417444235,-0.007589139548283184,-0.02186262886916105,2.1972245773362196,7.3356032371521,2024-12-19,0.0024937150100348138
2024-12-19,7,-0.0990806059645754,0.5543327500964632,0.2857142857142857,0.7142857142857143,0.0,1,2024-12-19,2024-12-19,2024-12-19,7.353896141052246,8.039999961853027,8.0600004196167,7.960000038146973,7.960000038146973,18783100,2024-12-19,7.353896141052246,0.0024937150100348,-0.0111940303346375,0.0,7.960000038146973,8.0600004196167,7.960000038146973,18783100,0.0024937150100348138,0.002490610862261544,-0.07614370530026064,0.013598285800024614,16.74846814058389,0.9699934973674826,-0.0032234256434247044,-0.007774898519334439,-0.0025752927204951703,-0.007144923062813224,0.0037513191176033345,0.0038558709777263213,36.91404106213552,-0.03325002836980229,-0.012721317312587004,-0.020528711057215283,2.0794415416798357,7.353896141052246,2024-12-20,-0.011194030334637506
2024-12-20,7,0.0619235887591327,0.6759824781336473,0.4285714285714285,0.5714285714285714,0.0,1,2024-12-20,2024-12-20,2024-12-20,7.271576404571533,7.949999809265137,8.050000190734863,7.949999809265137,8.020000457763672,24596600,2024-12-20,7.271576404571533,-0.0111940303346375,0.0,0.0025156723772641,8.020000457763672,8.050000190734863,7.949999809265137,24596600,-0.011194030334637506,-0.011257155014003928,-0.09331970205408593,0.013752228664868018,17.01811882062443,0.30950695039689924,-0.00996265909926819,-0.01621086286841822,-0.009202478972764605,-0.014988920070784228,0.0051689543229848185,0.004868086847059605,30.21573643340828,-0.042413771944957546,-0.01865980823906111,-0.023753963705896435,2.0794415416798357,7.271576404571533,2024-12-23,0.0
2024-12-23,4,0.2634854800999164,0.4382762958482985,0.75,0.25,0.0,1,2024-12-23,2024-12-23,2024-12-23,7.271576404571533,7.949999809265137,8.020000457763672,7.940000057220459,7.980000019073486,13712400,2024-12-23,7.271576404571533,0.0,0.0025156723772641,0.0087829877150418,7.980000019073486,8.020000457763672,7.940000057220459,13712400,0.0,0.0,-0.08877488882314617,0.011001796046991657,16.433811163849498,-0.44250831415724123,-0.006250010345045132,-0.013402823681355924,-0.006153862913196528,-0.012297174852634707,0.005554864895688131,0.004772484553636767,30.21573643340828,-0.04910999529364091,-0.02474984564997707,-0.024360149643663835,1.6094379124341003,7.271576404571533,2024-12-24,0.002515672377264133
2024-12-24,7,0.3454434100006308,0.7445899265823488,0.5714285714285714,0.2857142857142857,0.1428571428571428,1,2024-12-24,2024-12-24,2024-12-24,7.28986930847168,7.96999979019165,8.050000190734863,7.949999809265137,7.989999771118164,7247800,2024-12-24,7.28986930847168,0.0025156723772641,0.0087829877150418,0.0136815421989986,7.989999771118164,8.050000190734863,7.949999809265137,7247800,0.002515672377264133,0.0025125133704178015,-0.0876258426411074,0.013717719377151856,15.796208670478144,-0.47144190659549023,-0.0020035569961693867,-0.00919945051917892,-0.002438751224645763,-0.008042707307457375,0.005678908316162223,0.004578558227910366,33.333402816523616,-0.05233740307286894,-0.03026735713455545,-0.02207004593831349,2.0794415416798357,7.28986930847168,2024-12-26,0.008782987715041823
2024-12-26,7,0.3755589031747409,0.5859526657062583,0.8571428571428571,0.1428571428571428,0.0,2,2024-12-25,2024-12-26,2024-12-26,7.353896141052246,8.039999961853027,8.0600004196167,7.980000019073486,7.980000019073486,10085400,2024-12-26,7.353896141052246,0.0087829877150418,0.0136815421989986,0.0,7.980000019073486,8.0600004196167,7.980000019073486,10085400,0.008782987715041823,0.008744641643586126,-0.07845913239658535,0.010878641608306136,16.126599490602768,0.3915119070614532,0.006257832763129301,0.0003732692997076015,0.00420634599362546,0.0005478217258856333,0.007308285217648376,0.005661671389812527,42.941862644949,-0.04916200767326906,-0.034046287242298176,-0.015115720430970883,2.0794415416798357,7.353896141052246,2024-12-27,0.013681542198998642
2024-12-27,6,0.4982644205447287,0.6700189346762838,0.8333333333333334,0.1666666666666666,0.0,1,2024-12-27,2024-12-27,2024-12-27,7.4545087814331055,8.149999618530273,8.149999618530273,8.039999961853027,8.039999961853027,7739400,2024-12-27,7.4545087814331055,0.0136815421989986,0.0,0.0061350054288178,8.039999961853027,8.149999618530273,8.039999961853027,7739400,0.013681542198998642,0.013588794893790723,-0.07282228646739697,0.014756124099178942,15.861834852390256,-0.23261348087334166,0.017224134485120945,0.01380763841227206,0.01189248637162077,0.011618265048775278,0.00945976592395803,0.007273443596426011,54.12982713469229,-0.03808783190048626,-0.0348545961739358,-0.0032332357265504597,1.9459101490553132,7.4545087814331055,2024-12-30,0.0
2024-12-30,5,0.0643666319549083,0.8267660544268816,0.6,0.4,0.0,1,2024-12-30,2024-12-30,2024-12-30,7.4545087814331055,8.149999618530273,8.180000305175781,8.079999923706055,8.140000343322754,5334500,2024-12-30,7.4545087814331055,0.0,0.0061350054288178,-0.0085365717202228,8.140000343322754,8.180000305175781,8.079999923706055,5334500,0.0,0.0,-0.08421271903900562,0.013414751313835304,15.48970590507263,-0.3107346822751118,0.012170869970311582,0.013555483920446143,0.007897019183408682,0.009485815273352793,0.006038459579072799,0.007273443596426011,54.129827134692285,-0.028977433994167967,-0.033679163737982236,0.004701729743814269,1.791759469228055,7.4545087814331055,2024-12-31,0.006135005428817841
2024-12-31,7,0.1345369278320244,0.5049163569299766,0.5714285714285714,0.4285714285714285,0.0,1,2024-12-31,2024-12-31,2024-12-31,7.500242233276367,8.199999809265137,8.25,8.119999885559082,8.170000076293945,8521000,2024-12-31,7.500242233276367,0.0061350054288178,-0.0085365717202228,-0.0024601030787357,8.170000076293945,8.25,8.119999885559082,8521000,0.006135005428817841,0.006116262900955238,-0.08197770339818553,0.017332788781693708,15.958044380167204,0.597338082294498,0.012095798325340468,0.01850701589583159,0.009343130015630363,0.012791819978835939,0.005353997081004877,0.0073424221641595925,58.42711507583989,-0.017861178120021748,-0.030515566614390137,0.012654388494368389,2.0794415416798357,7.500242233276367,2025-01-02,-0.008536571720222819
2025-01-02,8,0.2596599514363333,0.6868573460774284,0.625,0.375,0.0,2,2025-01-01,2025-01-02,2025-01-02,7.436215877532959,8.130000114440918,8.220000267028809,8.109999656677246,8.199999809265137,4875900,2025-01-02,7.436215877532959,-0.0085365717202228,-0.0024601030787357,-0.0036990301809338,8.199999809265137,8.220000267028809,8.109999656677246,4875900,-0.008536571720222819,-0.008573216947367346,-0.09314438408512916,0.014792552040333763,15.399815465849699,-0.42777842976176506,-0.0004917402141653149,0.008684875496694833,0.00048441597278281456,0.0033896674788989056,0.008578058006143462,0.007497429325546531,51.19593697296895,-0.014055830208183906,-0.02722361933314889,0.013167789124964985,2.1972245773362196,7.436215877532959,2025-01-03,-0.002460103078735787
2025-01-03,6,0.0436254297383129,0.7452206713224998,0.3333333333333333,0.6666666666666666,0.0,1,2025-01-03,2025-01-03,2025-01-03,7.417922019958496,8.109999656677246,8.199999809265137,8.069999694824219,8.149999618530273,8178300,2025-01-03,7.417922019958496,-0.0024601030787357,-0.0036990301809338,0.0086632876025407,8.149999618530273,8.199999809265137,8.069999694824219,8178300,-0.002460103078735787,-0.0024631341044254462,-0.08982547642177635,0.017525138993257486,15.916994985294451,0.6772903463975881,-0.004663761347539319,0.0050811206514520535,-0.0013187882409663176,0.0007536037037281229,0.008488080187882172,0.007495961086813811,49.317790660865576,-0.012373590936095802,-0.024253613653738276,0.011880022717642474,1.9459101490553132,7.417922019958496,2025-01-06,-0.003699030180933982
2025-01-06,3,-0.4222976018985112,0.6866197134360728,0.3333333333333333,0.6666666666666666,0.0,1,2025-01-06,2025-01-06,2025-01-06,7.390482902526855,8.079999923706055,8.119999885559082,8.069999694824219,8.100000381469727,6994300,2025-01-06,7.390482902526855,-0.0036990301809338,0.0086632876025407,-0.0073619425483063,8.100000381469727,8.119999885559082,8.069999694824219,6994300,-0.003699030180933982,-0.0037058885110776707,-0.08759474636149729,0.006765483581291811,15.76060623256816,-0.14477336365748383,-0.006638749259624266,0.0008671381056770677,-0.003347553818615401,-0.002413468869659985,0.005375620067090918,0.00762653348066626,46.55882997397325,-0.013103463085717415,-0.022023583540134103,0.008920120454416688,1.3862943611198906,7.390482902526855,2025-01-07,0.008663287602540759
2025-01-07,3,0.1410225302291413,0.6918836527846796,0.3333333333333333,0.6666666666666666,0.0,1,2025-01-07,2025-01-07,2025-01-07,7.4545087814331055,8.149999618530273,8.15999984741211,8.020000457763672,8.039999961853027,16600600,2025-01-07,7.4545087814331055,0.0086632876025407,-0.0073619425483063,0.0024721379427581,8.039999961853027,8.15999984741211,8.020000457763672,16600600,0.008663287602540759,0.008625976661915224,-0.07282228646739697,0.018780498320309588,16.62494945749067,1.3734469496590083,0.0019670249487593328,0.007043100556628046,0.0035182885575901768,0.005090615767723516,0.007164089736426258,0.0067744476805229464,53.145465347196726,-0.008418495505741141,-0.019302565933255512,0.01088407042751437,1.3862943611198906,7.4545087814331055,2025-01-08,-0.007361942548306355
2025-01-08,6,0.3433300063479692,0.7358312705531029,0.5,0.3333333333333333,0.1666666666666666,1,2025-01-08,2025-01-08,2025-01-08,7.39962911605835,8.09000015258789,8.229999542236328,8.0600004196167,8.15999984741211,13399900,2025-01-08,7.39962911605835,-0.0073619425483063,0.0024721379427581,0.0086314346855431,8.15999984741211,8.229999542236328,8.0600004196167,13399900,-0.007361942548306355,-0.007389175387401803,-0.0931826894083713,0.02297400585263176,16.410757876834147,-0.19280628411021283,-0.002712034600358959,-0.002096952687098197,-0.002583035352120344,-0.001889814439397286,0.0068186685426345605,0.007444224181294514,47.716727112326076,-0.00902986463388089,-0.017248025673380588,0.008218161039499697,1.9459101490553132,7.39962911605835,2025-01-09,0.0024721379427581347
2025-01-09,6,-0.0878176616194347,0.8626391094354356,0.5,0.5,0.0,1,2025-01-09,2025-01-09,2025-01-09,7.417922019958496,8.109999656677246,8.149999618530273,8.09000015258789,8.130000114440918,14844700,2025-01-09,7.417922019958496,0.0024721379427581,0.0086314346855431,-0.009779944088202,8.130000114440918,8.149999618530273,8.09000015258789,14844700,0.0024721379427581347,0.002469087236564249,-0.08758648025325273,0.008088446573170975,16.513153524515385,0.10782170016194148,0.00024663282665571273,-0.0013545594552921703,-7.819174289713793e-05,0.00047257442051495957,0.006204008425591193,0.0074437537225923375,49.56604510194673,-0.007946690111085175,-0.015387758560921505,0.00744106844983633,1.9459101490553132,7.417922019958496,2025-01-10,0.008631434685543171
2025-01-10,6,0.200459466005365,0.6844997927316048,0.6666666666666666,0.3333333333333333,0.0,1,2025-01-10,2025-01-10,2025-01-10,7.481949329376221,8.180000305175781,8.1899995803833,8.109999656677246,8.109999656677246,13151100,2025-01-10,7.481949329376221,0.0086314346855431,-0.009779944088202,-0.0160494756821152,8.109999656677246,8.1899995803833,8.109999656677246,13151100,0.008631434685543171,0.008594396827150685,-0.07744147396898218,0.010692390469947808,16.392016039318943,-0.1140878562719354,0.00714115289183459,0.005531717827823135,0.005685503472062203,0.007439751734838351,0.0072178287896893165,0.007428021496096404,55.4991788146571,-0.0018998968976671193,-0.012690186228270629,0.01079028933060351,1.9459101490553132,7.481949329376221,2025-01-13,-0.009779944088202042
2025-01-13,10,0.0509358501993119,0.7557190794912557,0.4,0.6,0.0,1,2025-01-13,2025-01-13,2025-01-13,7.40877628326416,8.100000381469727,8.15999984741211,7.940000057220459,8.149999618530273,12180100,2025-01-13,7.40877628326416,-0.009779944088202,-0.0160494756821152,-0.0150564195467755,8.149999618530273,8.15999984741211,7.940000057220459,12180100,-0.009779944088202042,-0.009828081854965198,-0.09094765275581466,0.02969448418743761,16.315314112494075,-0.07383412794367006,-0.003199547936826641,-0.0036899751429230188,-0.0027705289543101808,-0.0019751005484257567,0.00871970598704292,0.006930080830026669,48.479887322142375,-0.0029778956721893124,-0.010747728117054366,0.007769832444865054,2.3978952727983707,7.40877628326416,2025-01-14,-0.016049475682115233
2025-01-14,8,0.400359204330016,0.5578620652921213,0.75,0.125,0.125,1,2025-01-14,2025-01-14,2025-01-14,7.28986930847168,7.96999979019165,8.15999984741211,7.96999979019165,8.119999885559082,9745300,2025-01-14,7.28986930847168,-0.0160494756821152,-0.0150564195467755,0.0178344327205692,8.119999885559082,8.15999984741211,7.96999979019165,9745300,-0.016049475682115233,-0.016179663358724783,-0.10223283113140658,0.026063575241281313,16.09229577808147,-0.199899836618747,-0.014833162556932011,-0.01750496275876834,-0.012595857403957078,-0.014769763016047488,0.009880159591091743,0.008465670726333975,39.69421805212592,-0.013274002152229514,-0.011252982924089397,-0.002021019228140117,2.1972245773362196,7.28986930847168,2025-01-15,-0.015056419546775501
2025-01-15,10,0.2053223065799102,0.7188822620106929,0.6,0.3,0.1,1,2025-01-15,2025-01-15,2025-01-15,7.180109977722168,7.849999904632568,8.010000228881836,7.829999923706055,7.980000019073486,23378600,2025-01-15,7.180109977722168,-0.0150564195467755,0.0178344327205692,-0.0012515717234048,7.980000019073486,8.010000228881836,7.829999923706055,23378600,-0.015056419546775501,-0.015170918178228021,-0.1002368470475504,0.025069296394382653,16.967331674749943,1.398961550696233,-0.023874655030506675,-0.028104484501717875,-0.018477566472221096,-0.024352370077444174,0.01099028200868898,0.008793801517148493,33.63491839391065,-0.029945211651911663,-0.01499142866965385,-0.014953782982257812,2.3978952727983707,7.180109977722168,2025-01-16,0.017834432720569282
2025-01-16,11,0.2423988370309499,0.7870078567740864,0.6363636363636364,0.3636363636363636,0.0,1,2025-01-16,2025-01-16,2025-01-16,7.308163166046143,7.989999771118164,8.0600004196167,7.880000114440918,7.96999979019165,13743600,2025-01-16,7.308163166046143,0.0178344327205692,-0.0012515717234048,0.002506214907324,7.96999979019165,8.0600004196167,7.880000114440918,13743600,0.017834432720569282,0.017677265137366005,-0.08304098388559593,0.024630033715183852,16.436083891934945,-0.41212904108885906,-0.003492124011657216,-0.009053658088216343,-0.0006486574218429464,-0.005695402205578626,0.015255411194231261,0.011052157430178355,44.314844455958436,-0.032450375448874524,-0.018483218025497985,-0.01396715742337654,2.4849066497880004,7.308163166046143,2025-01-17,-0.001251571723404843
2025-01-17,9,0.1637620898481044,0.7991000579760636,0.4444444444444444,0.3333333333333333,0.2222222222222222,1,2025-01-17,2025-01-17,2025-01-17,7.29901647567749,7.980000019073486,8.0600004196167,7.96999979019165,8.029999732971191,12004800,2025-01-17,7.29901647567749,-0.0012515717234048,0.002506214907324,-0.0074999788211665,8.029999732971191,8.0600004196167,7.96999979019165,12004800,-0.001251571723404843,-0.0012523555934087494,-0.09103154191802558,0.012330514628232158,16.30081721107361,-0.12651706976338073,0.0002507039261256949,-0.008695625255910722,-0.0012670804408119185,-0.005685229158928218,0.01397708139068423,0.011049293335064471,43.77297713103617,-0.03477295628275279,-0.021741165676948948,-0.013031790605803839,2.302585092994046,7.29901647567749,2025-01-20,0.002506214907324056
2025-01-20,6,0.4647802862649162,0.6789842115014699,0.6666666666666666,0.1666666666666666,0.1666666666666666,1,2025-01-20,2025-01-20,2025-01-20,7.317309379577637,8.0,8.050000190734863,7.960000038146973,7.980000019073486,7777500,2025-01-20,7.317309379577637,0.002506214907324,-0.0074999788211665,0.0151134384418445,7.980000019073486,8.050000190734863,7.960000038146973,7777500,0.002506214907324056,0.002503079588172863,-0.08304393958795891,0.01229962379875286,15.866745636329942,-0.35213414634146345,0.005277686399213222,-0.005222599020040963,0.0008236332681281766,-0.002614187226542275,0.013976007882343376,0.011089967865391305,45.21576568689833,-0.03473710612600467,-0.02434035376676009,-0.010396752359244577,1.9459101490553132,7.317309379577637,2025-01-21,-0.007499978821166597
2025-01-21,6,0.9106027636056144,0.055558498848894,1.0,0.0,0.0,1,2025-01-21,2025-01-21,2025-01-21,7.262429714202881,7.940000057220459,8.029999732971191,7.920000076293945,8.0,11351800,2025-01-21,7.262429714202881,-0.0074999788211665,0.0151134384418445,-0.0111663820615535,8.0,8.029999732971191,7.920000076293945,11351800,-0.007499978821166597,-0.00752824508191674,-0.09219628572463989,0.015146398795725843,16.244886967717694,0.4595692703310832,-0.001509063130911148,-0.01009849197041357,-0.004464960924441264,-0.00827437177906043,0.01231315883799104,0.01070616601379707,41.754209752686826,-0.038691018983222136,-0.0272104868100525,-0.011480532173169637,1.9459101490553132,7.262429714202881,2025-01-22,0.01511343844184454
2025-01-22,8,0.7598821686115116,0.2647243984912429,1.0,0.0,0.0,1,2025-01-22,2025-01-22,2025-01-22,7.372189998626709,8.0600004196167,8.119999885559082,7.949999809265137,7.949999809265137,11135200,2025-01-22,7.372189998626709,0.0151134384418445,-0.0111663820615535,0.0050189155338147,7.949999809265137,8.119999885559082,7.949999809265137,11135200,0.01511343844184454,0.015000368260511765,-0.07268048106932444,0.02305964392203849,16.225621909700624,-0.019080674430486777,0.008256253214425247,0.00523829008249721,0.0070292057362066895,0.005486585280409129,0.010816366748634301,0.011879831841313141,49.9989836259159,-0.03259208449870599,-0.0282868063477832,-0.004305278150922787,2.1972245773362196,7.372189998626709,2025-01-23,-0.011166382061553515
2025-01-23,12,0.3102254705736413,0.7792696870201877,0.6666666666666666,0.3333333333333333,0.0,1,2025-01-23,2025-01-23,2025-01-23,7.28986930847168,7.96999979019165,8.069999694824219,7.960000038146973,8.0600004196167,9459300,2025-01-23,7.28986930847168,-0.0111663820615535,0.0050189155338147,0.0024966981117031,8.0600004196167,8.069999694824219,7.960000038146973,9459300,-0.011166382061553515,-0.011229194132497122,-0.09554976067627101,0.015089386657373081,16.06250904823463,-0.15050470579783026,-0.0025031826604579033,-0.0042479333911163986,-0.0028143996054196263,-0.004702140851139958,0.01019981518986843,0.012300626658517383,44.86907334357548,-0.03400918992065449,-0.029431283062357462,-0.00457790685829703,2.5649493574615367,7.28986930847168,2025-01-24,0.005018915533814727
2025-01-24,6,-0.3520408651481072,0.5938581275985568,0.3333333333333333,0.6666666666666666,0.0,1,2025-01-24,2025-01-24,2025-01-24,7.326456546783447,8.010000228881836,8.029999732971191,7.989999771118164,8.0,15321300,2025-01-24,7.326456546783447,0.0050189155338147,0.0024966981117031,-0.0112078422889382,8.0,8.029999732971191,7.989999771118164,15321300,0.005018915533814727,0.005006362760599403,-0.08419293165206909,0.005459660014033473,16.544754640342095,0.6197075893565063,0.0017509117223810655,0.002879715845635289,0.0014591950605704618,0.00023985769760503928,0.01046026686102873,0.012014123929623415,47.44972222600462,-0.03181324849223266,-0.029907676148332504,-0.001905572343900156,1.9459101490553132,7.326456546783447,2025-01-27,0.002496698111703166
2025-01-27,6,-0.3851287006788577,0.7306266023290673,0.1666666666666666,0.6666666666666666,0.1666666666666666,1,2025-01-27,2025-01-27,2025-01-27,7.344748497009277,8.029999732971191,8.069999694824219,7.960000038146973,8.010000228881836,3520600,2025-01-27,7.344748497009277,0.0024966981117031,-0.0112078422889382,0.0100756256278964,8.010000228881836,8.069999694824219,7.960000038146973,3520600,0.002496698111703166,0.0024935865390018908,-0.08305264829754257,0.014976640346777982,15.074142271636461,-0.7702153211542102,0.003499002361442516,0.006265537472970539,0.0026362115028006894,0.0022383762173023847,0.010459878374984018,0.011759090495167844,48.741577691890726,-0.028271050506169182,-0.02958035101989984,0.001309300513730658,1.9459101490553132,7.344748497009277,2025-01-28,-0.01120784228893823
2025-01-28,8,-0.181996944360435,0.7050267281426038,0.25,0.5,0.25,1,2025-01-28,2025-01-28,2025-01-28,7.262429714202881,7.940000057220459,8.029999732971191,7.929999828338623,8.029999732971191,7948700,2025-01-28,7.262429714202881,-0.0112078422889382,0.0100756256278964,-0.0024938450162914,8.029999732971191,8.029999732971191,7.929999828338623,7948700,-0.01120784228893823,-0.011271123427615937,-0.09558780128181908,0.013769483295239613,15.888519077053482,1.2577685621769015,-0.007748056194131436,-0.004638336172290702,-0.0057506053441302996,-0.007371234807649563,0.011293027337866187,0.011145356922179363,43.552655444341056,-0.03174038745883756,-0.030012358307687385,-0.0017280291511501747,2.1972245773362196,7.262429714202881,2025-01-31,0.010075625627896434
2025-01-31,10,0.4580156654119491,0.6519519619095289,0.8,0.2,0.0,2,2025-01-29,2025-01-31,2025-01-31,7.3356032371521,8.020000457763672,8.100000381469727,7.929999828338623,7.980000019073486,20591800,2025-01-31,7.3356032371521,0.0100756256278964,-0.0024938450162914,0.0237498786289931,7.980000019073486,8.100000381469727,7.929999828338623,20591800,0.010075625627896434,0.010025204909339225,-0.08075147623824243,0.02317472028341364,16.840403544824184,1.5905871400354776,0.003252510548290788,0.003252490920292228,0.002840679090439835,0.0021508886333077015,0.009729718318878224,0.010251171388795544,48.77318592020982,-0.028259611018868647,-0.02966180884992364,0.001402197831054993,2.3978952727983707,7.3356032371521,2025-02-03,-0.0024938450162914627
2025-02-03,2,-0.0292887333780527,1.114361823788534,0.5,0.5,0.0,1,2025-02-03,2025-02-03,2025-02-03,7.317309379577637,8.0,8.09000015258789,7.989999771118164,8.0,10617900,2025-02-03,7.317309379577637,-0.0024938450162914,0.0237498786289931,-0.0024418260920267,8.0,8.09000015258789,7.989999771118164,10617900,-0.0024938450162914627,-0.0024969598274224847,-0.08533632755279541,0.013666277627788194,16.178051908292495,-0.4843627074855039,-1.3033128021255891e-08,0.0006253684405774784,0.00022647425897104334,-0.00028500744006654255,0.008089352805175807,0.0087032839292827,47.58821805163957,-0.026669799187010845,-0.029063406917341085,0.0023936077303302397,1.0986122886681098,7.317309379577637,2025-02-04,0.023749878628993137
2025-02-04,7,0.5965594222236958,0.3744920361778385,0.8571428571428571,0.1428571428571428,0.0,1,2025-02-04,2025-02-04,2025-02-04,7.491094589233398,8.1899995803833,8.1899995803833,8.050000190734863,8.09000015258789,20643800,2025-02-04,7.491094589233398,0.0237498786289931,-0.0024418260920267,0.0061199227673136,8.09000015258789,8.1899995803833,8.050000190734863,20643800,0.023749878628993137,0.023472237629816872,-0.07403035254120603,0.018688776116864432,16.842925638599567,0.9442450955462003,0.019163668355104413,0.021706460381816894,0.015861029432375107,0.019111480232244293,0.013241090585173068,0.011420014528044616,58.02195454926326,-0.01125708317313645,-0.02550214216850016,0.01424505899536371,2.0794415416798357,7.491094589233398,2025-02-05,-0.0024418260920267
2025-02-05,3,-0.2007112979578474,0.98337353008283,0.3333333333333333,0.6666666666666666,0.0,1,2025-02-05,2025-02-05,2025-02-05,7.472802639007568,8.170000076293945,8.1899995803833,8.100000381469727,8.1899995803833,7907300,2025-02-05,7.472802639007568,-0.0024418260920267,0.0061199227673136,0.0206813224559461,8.1899995803833,8.1899995803833,8.100000381469727,7907300,-0.0024418260920267,-0.002444812211404912,-0.08756983859847363,0.012043566953552869,15.883297067863609,-0.6169648998730854,0.013144892401765196,0.01705469748657551,0.008880706291594764,0.013559643771968943,0.013609205643020577,0.011534007946148138,56.74155920375357,-0.0005124944831509382,-0.020504212631430315,0.019991718148279377,1.3862943611198906,7.472802639007568,2025-02-06,0.006119922767313657
2025-02-06,3,0.5585014770428339,0.526377966642937,0.6666666666666666,0.0,0.3333333333333333,1,2025-02-06,2025-02-06,2025-02-06,7.518535614013672,8.220000267028809,8.220000267028809,8.15999984741211,8.170000076293945,13088800,2025-02-06,7.518535614013672,0.0061199227673136,0.0206813224559461,0.0011917777278613,8.170000076293945,8.220000267028809,8.15999984741211,13088800,0.006119922767313657,0.006101272095075938,-0.07973861152958386,0.007980333232027983,16.3872675370522,0.6552805635299028,0.01231529168320522,0.019724618362167767,0.009986536500268262,0.016111467928161094,0.010840590356783211,0.011060409708215795,59.16766678696624,0.011559685482232851,-0.014091433008697682,0.025651118490930533,1.3862943611198906,7.518535614013672,2025-02-07,0.020681322455946116
2025-02-07,8,0.543012069480028,0.5780483118778529,0.875,0.125,0.0,1,2025-02-07,2025-02-07,2025-02-07,7.6740288734436035,8.390000343322754,8.390000343322754,8.25,8.25,21550500,2025-02-07,7.6740288734436035,0.0206813224559461,0.0011917777278613,0.0,8.25,8.390000343322754,8.25,21550500,0.020681322455946116,0.020470367500163622,-0.06981468200683594,0.01824339543564043,16.885909622503654,0.6464840168693846,0.023920017808272798,0.03657037783878958,0.020373258490411272,0.030172148134099297,0.012502551338814442,0.011822413213221883,66.12423571530081,0.033290232526648644,-0.004615099901628416,0.03790533242827706,2.1972245773362196,7.6740288734436035,2025-02-10,0.0011917777278613872
2025-02-10,5,0.0488200068473816,0.5328031411792747,0.4,0.6,0.0,1,2025-02-10,2025-02-10,2025-02-10,7.6831746101379395,8.399999618530273,8.399999618530273,8.270000457763672,8.3100004196167,11215000,2025-02-10,7.6831746101379395,0.0011917777278613,0.0,-0.014285736450899,8.3100004196167,8.399999618530273,8.270000457763672,11215000,0.0011917777278613872,0.0011910681245224097,-0.07543029817412118,0.016919980003456882,16.23276281510274,-0.47959444096424675,0.015228389614835525,0.03232145303185452,0.01429004034087522,0.025544976417653853,0.01173127154293722,0.010637784283303099,66.48590382596961,0.050665788465534156,0.0064410777718041,0.04422471069373006,1.791759469228055,7.6831746101379395,2025-02-12,0.0
2025-02-12,7,0.2496761740850551,0.6038390588375597,0.5714285714285714,0.2857142857142857,0.1428571428571428,2,2025-02-11,2025-02-12,2025-02-12,7.6831746101379395,8.399999618530273,8.40999984741211,8.3100004196167,8.399999618530273,32896600,2025-02-12,7.6831746101379395,0.0,-0.014285736450899,0.0084542192771688,8.399999618530273,8.40999984741211,8.3100004196167,32896600,0.0,0.0,-0.0853363143982803,0.013015378781507976,17.308879897328527,1.933267944716897,0.010100956276770656,0.027397229702739168,0.009481529746393713,0.020803811093755398,0.00924635968685234,0.010771079998219602,66.48590382596961,0.06370172786533868,0.017893207790511016,0.04580852007482766,2.0794415416798357,7.6831746101379395,2025-02-13,-0.014285736450899145
2025-02-13,7,-0.0042054054460355,0.6990410642202509,0.4285714285714285,0.5714285714285714,0.0,1,2025-02-13,2025-02-13,2025-02-13,7.573414802551269,8.279999732971191,8.399999618530273,8.279999732971191,8.359999656677246,23693000,2025-02-13,7.573414802551269,-0.014285736450899,0.0084542192771688,-0.0059880587208105,8.359999656677246,8.399999618530273,8.279999732971191,23693000,-0.014285736450899145,-0.014388759938519513,-0.0940891012474769,0.015844884862064795,16.980690246035174,-0.27977359362365717,-0.006956157882059166,0.009632913624543882,-0.0032985361057709106,0.0050840579387809726,0.012580691680726905,0.01236265412474475,57.88436078575533,0.0644333569566724,0.027201237623743296,0.03723211933292911,2.0794415416798357,7.573414802551269,2025-02-14,0.008454219277168828
2025-02-14,4,-0.0742284394800663,0.6397774250814104,0.5,0.5,0.0,1,2025-02-14,2025-02-14,2025-02-14,7.637442111968994,8.350000381469727,8.359999656677246,8.270000457763672,8.270000457763672,15492200,2025-02-14,7.637442111968994,0.0084542192771688,-0.0059880587208105,0.0120481375283296,8.270000457763672,8.359999656677246,8.270000457763672,15492200,0.008454219277168828,0.008418682515284992,-0.0764883084378608,0.01178394514735925,16.555847293971034,-0.34612754822099356,-0.0016737877451795669,0.013103667076334702,0.003412697875695647,0.011084567803429035,0.012779153386635283,0.011349399399622682,61.04999617846353,0.06937987899651876,0.035636965898298394,0.03374291309822037,1.6094379124341003,7.637442111968994,2025-02-17,-0.005988058720810541
2025-02-17,9,-0.3954593057019843,0.5548872986024986,0.1111111111111111,0.7777777777777778,0.1111111111111111,2,2025-02-15,2025-02-17,2025-02-17,7.591708660125732,8.300000190734863,8.359999656677246,8.279999732971191,8.350000381469727,17264100,2025-02-17,7.591708660125732,-0.0059880587208105,0.0120481375283296,-0.0130951911789303,8.350000381469727,8.359999656677246,8.279999732971191,17264100,-0.005988058720810541,-0.006006059038377032,-0.09081337565286714,0.010537802132244856,16.664139816787316,0.11437368482203958,-0.005511592232148033,0.00362759079520103,-0.0017320295188549828,0.004111803682737447,0.008518263498993891,0.011699139281594688,57.71308098725958,0.06881645276677695,0.0422728632719941,0.026543589494782846,2.302585092994046,7.591708660125732,2025-02-18,0.012048137528329672
2025-02-18,8,-0.0041773859411478,0.5565148070921562,0.5,0.5,0.0,1,2025-02-18,2025-02-18,2025-02-18,7.6831746101379395,8.399999618530273,8.399999618530273,8.279999732971191,8.300000190734863,11981500,2025-02-18,7.6831746101379395,0.0120481375283296,-0.0130951911789303,0.0072376780342584,8.300000190734863,8.399999618530273,8.279999732971191,11981500,0.012048137528329672,0.011976136461611553,-0.0743163333038805,0.015618529012830494,16.298874434956762,-0.3059875695808064,0.006470140874968777,0.01083029433508731,0.006840020302242511,0.013223330948004097,0.010683633588254663,0.011775031003718977,62.16698296512147,0.07488721794083819,0.04879573420576292,0.02609148373507527,2.1972245773362196,7.6831746101379395,2025-02-19,-0.013095191178930321
2025-02-19,7,-0.630250573025218,0.3279882773137097,0.1428571428571428,0.8571428571428571,0.0,1,2025-02-19,2025-02-19,2025-02-19,7.58256196975708,8.289999961853027,8.420000076293945,8.289999961853027,8.420000076293945,15211900,2025-02-19,7.58256196975708,-0.0130951911789303,0.0072376780342584,0.0011975493100184,8.420000076293945,8.420000076293945,8.289999961853027,15211900,-0.013095191178930321,-0.013181689163225485,-0.0994582065259865,0.017144616154727284,16.537588639989124,0.26961565747193594,-0.004084561090336503,-0.0036057652693778364,-0.004238792849502904,-3.683671057796989e-05,0.012195742653881044,0.010977341126743118,55.270808946691794,0.07076402027827378,0.053189391420265096,0.01757462885800868,2.0794415416798357,7.58256196975708,2025-02-20,0.007237678034258455
2025-02-20,11,0.1155537978153336,0.8899148176687782,0.5454545454545454,0.4545454545454545,0.0,1,2025-02-20,2025-02-20,2025-02-20,7.637442111968994,8.350000381469727,8.359999656677246,8.300000190734863,8.3100004196167,15628000,2025-02-20,7.637442111968994,0.0072376780342584,0.0011975493100184,0.0023924208804932,8.3100004196167,8.359999656677246,8.300000190734863,15628000,0.007237678034258455,0.007211611739990964,-0.08093360694183058,0.007855963431572834,16.56457479914481,0.02735358502225238,0.0014392274654531079,0.0014392399882505735,0.0019768482135518184,0.005883676427225648,0.010739743001727932,0.011040402006749125,58.007155385407756,0.07110507026008239,0.05677252718822856,0.014332543071853832,2.4849066497880004,7.637442111968994,2025-02-21,0.0011975493100184753
2025-02-21,7,0.5772629958976593,0.4091007375633221,0.8571428571428571,0.1428571428571428,0.0,1,2025-02-21,2025-02-21,2025-02-21,7.646588325500488,8.359999656677246,8.359999656677246,8.3100004196167,8.359999656677246,22204100,2025-02-21,7.646588325500488,0.0011975493100184,0.0023924208804932,-0.0178998648971723,8.359999656677246,8.359999656677246,8.3100004196167,22204100,0.0011975493100184753,0.0011968328198079803,-0.08533628713811565,0.006538764077805156,16.915787559511802,0.4207896083951881,0.0023980705619679465,0.0009578475304525824,0.002115603006733746,0.005792030418006133,0.010073784547629286,0.010957437069524466,58.4632171723961,0.07129157294623312,0.059676336339829474,0.011615236606403644,2.0794415416798357,7.646588325500488,2025-02-24,0.0023924208804932956
2025-02-24,4,-0.5954640954732895,0.213029892164673,0.0,1.0,0.0,1,2025-02-24,2025-02-24,2025-02-24,7.664882183074951,8.380000114440918,8.399999618530273,8.359999656677246,8.359999656677246,15342600,2025-02-24,7.664882183074951,0.0023924208804932,-0.0178998648971723,0.00607530658891,8.359999656677246,8.399999618530273,8.359999656677246,15342600,0.0023924208804932956,0.002389563597966049,-0.08314802657283546,0.005218601003594343,16.54614389624474,-0.3090195054066591,0.0028722418557238782,0.003472708283215109,0.00300420412353386,0.006697723132651712,0.00944790227003271,0.0087492534970197,59.41270016527288,0.07208459277241985,0.062157987626347555,0.009926605146072298,1.6094379124341003,7.664882183074951,2025-02-25,-0.017899864897172324
2025-02-25,3,-0.0533962470168868,0.920086607299254,0.3333333333333333,0.6666666666666666,0.0,1,2025-02-25,2025-02-25,2025-02-25,7.527681827545166,8.229999542236328,8.399999618530273,8.15999984741211,8.399999618530273,23569700,2025-02-25,7.527681827545166,-0.0178998648971723,0.00607530658891,-0.0072462937747858,8.399999618530273,8.399999618530273,8.15999984741211,23569700,-0.017899864897172324,-0.018062005253172142,-0.10384736078568235,0.031882294790935635,16.97547258921454,0.5362259330230861,-0.011055086862712282,-0.01247903721270538,-0.010016202606394575,-0.009282587855609647,0.010840734670771759,0.010372215966623041,50.15319882686187,0.06093967005526313,0.06191432411213067,-0.0009746540568675438,1.3862943611198906,7.527681827545166,2025-02-26,0.006075306588909868
2025-02-26,6,0.3837974810351929,0.4252036156537436,0.8333333333333334,0.1666666666666666,0.0,1,2025-02-26,2025-02-26,2025-02-26,7.573414802551269,8.279999732971191,8.319999694824219,8.180000305175781,8.1899995803833,26784300,2025-02-26,7.573414802551269,0.00607530658891,-0.0072462937747858,-0.0498783828418839,8.1899995803833,8.319999694824219,8.180000305175781,26784300,0.006075306588909868,0.006056926320113121,-0.07528508051561772,0.018485636043766636,17.103326490260763,0.13638697140820621,-0.004807758039676258,-0.005046924617445603,-0.002671395095682483,-0.002671865701071696,0.010206095395525798,0.01067547091034654,52.79416531262029,0.05516163835364285,0.06056378696043311,-0.005402148606790259,1.9459101490553132,7.573414802551269,2025-02-27,-0.007246293774785695
2025-02-27,4,0.1694751693867147,0.5591913286716439,0.5,0.5,0.0,1,2025-02-27,2025-02-27,2025-02-27,7.518535614013672,8.220000267028809,8.300000190734863,8.1899995803833,8.229999542236328,22621400,2025-02-27,7.518535614013672,-0.0072462937747858,-0.0498783828418839,0.0243277942927113,8.229999542236328,8.300000190734863,8.1899995803833,22621400,-0.007246293774785695,-0.007272675686166519,-0.08644762670659044,0.014630589784869039,16.934406963073794,-0.15542313967510812,-0.008922089210634088,-0.011543997567801445,-0.006620732171054189,-0.0081136195760656,0.009605331177814534,0.00993691525534166,49.41108070018593,0.04562824077411953,0.05757667772317039,-0.011948436949050859,1.6094379124341003,7.518535614013672,2025-02-28,-0.04987838284188395
2025-02-28,8,0.3079854731913656,0.764098869231483,0.625,0.375,0.0,1,2025-02-28,2025-02-28,2025-02-28,7.143523216247559,7.809999942779541,8.239999771118164,7.809999942779541,8.220000267028809,107968000,2025-02-28,7.143523216247559,-0.0498783828418839,0.0243277942927113,0.0,8.220000267028809,8.239999771118164,7.809999942779541,107968000,-0.04987838284188395,-0.051165284519988585,-0.13095827442963723,0.060194362826540775,18.49734545414978,3.772825731387093,-0.04569893774526934,-0.05470832054839514,-0.03816039805142546,-0.047615442185308776,0.02245795037619491,0.017904614864432927,33.57703477743847,0.007723555774357571,0.04760605333340783,-0.03988249755905026,2.1972245773362196,7.143523216247559,2025-03-03,0.02432779429271137
2025-03-03,6,0.542671803307409,0.488681545849329,0.8333333333333334,0.1666666666666666,0.0,2,2025-03-01,2025-03-03,2025-03-03,7.317309379577637,8.0,8.09000015258789,7.900000095367432,7.900000095367432,37967700,2025-03-03,7.317309379577637,0.0243277942927113,0.0,-0.0250000162914103,7.900000095367432,8.09000015258789,7.900000095367432,37967700,0.02432779429271137,0.024036587006500687,-0.07375831756400679,0.02596583626089977,17.452246382573996,-0.6483430275637225,-0.013320165865751799,-0.028182708421963798,-0.009889299908717342,-0.020090591768884614,0.027799745251565856,0.02039693037058907,42.735219535588705,-0.008198581048405984,0.03644512645704507,-0.044643707505451054,1.9459101490553132,7.317309379577637,2025-03-04,0.0
2025-03-04,5,0.0909894395619631,0.660811923782124,0.4,0.6,0.0,1,2025-03-04,2025-03-04,2025-03-04,7.317309379577637,8.0,8.010000228881836,7.960000038146973,8.0,21282800,2025-03-04,7.317309379577637,0.0,-0.0250000162914103,-0.0384615641679062,8.0,8.010000228881836,7.960000038146973,21282800,0.0,0.0,-0.08533632755279541,0.006833138813894097,16.873409839715634,-0.43944984816041,-0.007690392827476633,-0.0234375099434877,-0.006614671428997965,-0.016498021449804057,0.02750592777810351,0.019722198649716957,42.735219535588705,-0.020579758547169646,0.02504014945620213,-0.045619908003371776,1.791759469228055,7.317309379577637,2025-03-05,-0.025000016291410354
2025-03-05,6,0.6387820212791363,0.3360558628804805,0.8333333333333334,0.0,0.1666666666666666,1,2025-03-05,2025-03-05,2025-03-05,7.134376525878906,7.800000190734863,8.0,7.800000190734863,7.980000019073486,38134500,2025-03-05,7.134376525878906,-0.0250000162914103,-0.0384615641679062,0.0026667519322916,7.980000019073486,8.0,7.800000190734863,38134500,-0.025000016291410354,-0.025317824693428914,-0.10596785603676737,0.02803325680102062,17.45662996840243,0.7917990114082734,-0.02083858137890504,-0.042122090708254456,-0.021188333450100738,-0.03386848139080878,0.02778987198693196,0.020624659843155094,36.57833565347019,-0.044638518323624865,0.01110441590023673,-0.0557429342238616,1.9459101490553132,7.134376525878906,2025-03-06,-0.03846156416790625
2025-03-06,11,0.1308001988482746,0.7561865253524215,0.5454545454545454,0.4545454545454545,0.0,1,2025-03-06,2025-03-06,2025-03-06,6.8599772453308105,7.5,7.820000171661377,7.480000019073486,7.809999942779541,68056000,2025-03-06,6.8599772453308105,-0.0384615641679062,0.0026667519322916,0.0,7.809999942779541,7.820000171661377,7.480000019073486,68056000,-0.03846156416790625,-0.03922073988790409,-0.12164183155046503,0.04956286885926758,18.03584146833164,0.7846307149693847,-0.04116597092887886,-0.06924798992058168,-0.040007929099305284,-0.05887363461423656,0.029997308781637422,0.022383249449330195,29.672643620177226,-0.08486867422270539,-0.008090202124351692,-0.0767784720983537,2.4849066497880004,6.8599772453308105,2025-03-07,0.0026667519322916
2025-03-07,11,-0.2576582804957236,0.6741090600258081,0.2727272727272727,0.6363636363636364,0.0909090909090909,1,2025-03-07,2025-03-07,2025-03-07,6.878271102905273,7.519999980926514,7.579999923706055,7.480000019073486,7.5,33122400,2025-03-07,6.878271102905273,0.0026667519322916,0.0,-0.0345744614475922,7.5,7.579999923706055,7.480000019073486,33122400,0.0026667519322916,0.0026632024583348457,-0.08289718627929688,0.014538523291169779,17.315720378815126,-0.5133066886093804,-0.03142705556841119,-0.056935000111894674,-0.025280816489049007,-0.04659339325253564,0.024684392622972784,0.022472834420351983,30.613162180020566,-0.11396152369071544,-0.02926446643762444,-0.084697057253091,2.4849066497880004,6.878271102905273,2025-03-10,0.0
2025-03-10,3,-0.1915564741939306,0.6535668395314936,0.3333333333333333,0.6666666666666666,0.0,2,2025-03-08,2025-03-10,2025-03-10,6.878271102905273,7.519999980926514,7.670000076293945,7.420000076293945,7.489999771118164,29814400,2025-03-10,6.878271102905273,0.0,-0.0345744614475922,-0.035812736862733,7.489999771118164,7.670000076293945,7.420000076293945,29814400,0.0,0.0,-0.08167272188335022,0.03634634289049816,17.21050208977908,-0.09987198995241886,-0.019300954673581172,-0.04665310058122474,-0.016997111276373378,-0.038447576855352605,0.018521622928047224,0.022334983161355935,30.613162180020552,-0.13545635989852123,-0.0505028451298038,-0.08495351476871743,1.3862943611198906,6.878271102905273,2025-03-11,-0.03457446144759224
2025-03-11,4,-0.8018559264019132,0.0682754688581992,0.0,1.0,0.0,1,2025-03-11,2025-03-11,2025-03-11,6.640458583831787,7.260000228881836,7.510000228881836,7.230000019073486,7.5,52377600,2025-03-11,6.640458583831787,-0.0345744614475922,-0.035812736862733,0.0357142724151751,7.5,7.510000228881836,7.230000019073486,52377600,-0.03457446144759224,-0.03518630224982244,-0.11460552215576172,0.04216579416519443,17.773989596071356,0.756788665879575,-0.034574434676284405,-0.06815552198536667,-0.034576892864173314,-0.059432395288206874,0.01928559947875389,0.023535534617982776,25.476493866040713,-0.16972418055838023,-0.0743471122155191,-0.09537706834286114,1.6094379124341003,6.640458583831787,2025-03-12,-0.03581273686273301
2025-03-12,7,-0.4186498427630535,0.7066616417474526,0.2857142857142857,0.7142857142857143,0.0,1,2025-03-12,2025-03-12,2025-03-12,6.402645587921143,7.0,7.329999923706055,6.920000076293945,7.230000019073486,70276200,2025-03-12,6.402645587921143,-0.035812736862733,0.0357142724151751,0.0028369435878732,7.230000019073486,7.329999923706055,6.920000076293945,70276200,-0.03581273686273301,-0.0364697468704569,-0.11443353097782813,0.06403600539526835,18.067943764614395,0.34172241568914963,-0.048913074659835076,-0.08651966359392349,-0.04718860951359771,-0.07749845997655957,0.020672597305280302,0.023647045770945656,21.57744328676047,-0.21360884678266956,-0.10219945912894919,-0.11140938765372037,2.0794415416798357,6.402645587921143,2025-03-13,0.03571427241517511
2025-03-13,8,0.5514684825902805,0.6322823076873264,0.875,0.125,0.0,1,2025-03-13,2025-03-13,2025-03-13,6.631311416625977,7.25,7.320000171661377,6.949999809265137,7.010000228881836,43566200,2025-03-13,6.631311416625977,0.0357142724151751,0.0028369435878732,0.0254596893331222,7.010000228881836,7.320000171661377,6.949999809265137,43566200,0.03571427241517511,0.03509130697074947,-0.054021226803335494,0.05579595635767881,17.589792201269372,-0.38007177394338343,-0.008207982336278286,-0.04176582564391973,-0.008811749129373103,-0.03674930979290403,0.029814792015273067,0.028829016585019226,32.305540571482,-0.22731598245450346,-0.12722276379406006,-0.1000932186604434,2.1972245773362196,6.631311416625977,2025-03-14,0.0028369435878732308
2025-03-14,8,-0.2046843768330291,0.5653384386440897,0.5,0.5,0.0,1,2025-03-14,2025-03-14,2025-03-14,6.6501240730285645,7.070000171661377,7.190000057220459,7.0,7.070000171661377,26656000,2025-03-14,6.6501240730285645,0.0028369435878732,0.0254596893331222,-0.0441380173535579,7.070000171661377,7.190000057220459,7.0,26656000,0.0028369435878732308,0.002832927058065149,-0.059388414206239824,0.02857090411155745,17.098524861463712,-0.3881495287631237,0.0014399263113431537,-0.032146876998762286,-0.004007884825565133,-0.02800498795351347,0.02982782700416953,0.025816055891243018,33.11619584111915,-0.23396397106038336,-0.14857100524732472,-0.08539296581305864,2.1972245773362196,6.6501240730285645,2025-03-17,0.02545968933312226
2025-03-17,7,0.3030204747670463,0.624359980212165,0.5714285714285714,0.2857142857142857,0.1428571428571428,1,2025-03-17,2025-03-17,2025-03-17,6.81943416595459,7.25,7.340000152587891,7.139999866485596,7.150000095367432,27372100,2025-03-17,6.81943416595459,0.0254596893331222,-0.0441380173535579,-0.0187588948333066,7.150000095367432,7.340000152587891,7.139999866485596,27372100,0.02545968933312226,0.02514098945260912,-0.046232996504016736,0.02932798839833051,17.12503484094981,0.026864495798319288,0.02875928539455863,-0.00026150057991780606,0.014132600768239634,-0.0026674595428709535,0.03317215461639912,0.025969869576329595,40.07175506202323,-0.22300003482233954,-0.1634568111623277,-0.05954322366001186,2.0794415416798357,6.81943416595459,2025-03-19,-0.044138017353557935
2025-03-19,10,-0.190206908620894,0.726565815522533,0.3,0.7,0.0,2,2025-03-18,2025-03-19,2025-03-19,6.51843786239624,6.929999828338623,7.110000133514404,6.840000152587891,6.889999866485596,59515800,2025-03-19,6.51843786239624,-0.0441380173535579,-0.0187588948333066,0.0073528457956251,6.889999866485596,7.110000133514404,6.840000152587891,59515800,-0.044138017353557935,-0.045141745969724534,-0.053927722973800184,0.04142096413683678,17.90175239828545,1.1743234899770205,-0.013014487440120015,-0.03306363565238002,-0.02063009549322925,-0.03852609613149616,0.03574791681008606,0.028343714226382235,33.41815678784867,-0.23587984648867177,-0.17794141822759652,-0.05793842826107526,2.3978952727983707,6.51843786239624,2025-03-20,-0.018758894833306616
2025-03-20,9,0.4021316853662331,0.5766065195908937,0.6666666666666666,0.1111111111111111,0.2222222222222222,1,2025-03-20,2025-03-20,2025-03-20,6.3961591720581055,6.800000190734863,7.019999980926514,6.800000190734863,6.980000019073486,38746500,2025-03-20,6.3961591720581055,-0.0187588948333066,0.0073528457956251,0.0102190241266006,6.980000019073486,7.019999980926514,6.800000190734863,38746500,-0.018758894833306616,-0.01893707472487849,-0.08364482026074248,0.03439560903248451,17.472551012912437,-0.34897119756434425,-0.03133897332077851,-0.040697336586124844,-0.02634381545441511,-0.04675910540079875,0.032525243270142924,0.02807180110876407,31.154972672988663,-0.2530372030463752,-0.19296057519135226,-0.06007662785502296,2.302585092994046,6.3961591720581055,2025-03-21,0.007352845795625118
2025-03-21,7,0.1158210831760827,0.5032796273688276,0.7142857142857143,0.2857142857142857,0.0,1,2025-03-21,2025-03-21,2025-03-21,6.4431891441345215,6.849999904632568,6.929999828338623,6.789999961853027,6.800000190734863,33669100,2025-03-21,6.4431891441345215,0.0073528457956251,0.0102190241266006,0.0115607347167818,6.800000190734863,6.929999828338623,6.789999961853027,33669100,0.007352845795625118,0.007325945407433254,-0.052472211263538494,0.021728349634597157,17.332091090454096,-0.1310415134270192,-0.01862467731541939,-0.027565010111171406,-0.012872096764379282,-0.03275954888459831,0.026748292264559062,0.02670796054663323,33.0334415325557,-0.25984428288410566,-0.20633731672990294,-0.05350696615420272,2.0794415416798357,6.4431891441345215,2025-03-24,0.010219024126600695
2025-03-24,8,-0.1348780140979215,0.8248336519729591,0.375,0.625,0.0,1,2025-03-24,2025-03-24,2025-03-24,6.509032249450684,6.920000076293945,6.940000057220459,6.829999923706055,6.849999904632568,16773100,2025-03-24,6.509032249450684,0.0102190241266006,0.0115607347167818,0.0057142695748531,6.849999904632568,6.940000057220459,6.829999923706055,16773100,0.010219024126600695,0.01016716291428943,-0.04977630071955076,0.01689961415134908,16.635287030241066,-0.5018251156104558,-0.004316534798077365,-0.01212251052130564,-0.0018581333308000936,-0.01879431905504303,0.027512828090659296,0.027082075847961243,35.67950975186321,-0.2569638352344965,-0.21646262043082165,-0.040501214803674856,2.1972245773362196,6.509032249450684,2025-03-25,0.011560734716781873
2025-03-25,7,0.539608898971762,0.6509415404674147,0.7142857142857143,0.1428571428571428,0.1428571428571428,1,2025-03-25,2025-03-25,2025-03-25,6.5842814445495605,7.0,7.059999942779541,6.940000057220459,6.980000019073486,29800400,2025-03-25,6.5842814445495605,0.0115607347167818,0.0057142695748531,0.0127841270159023,6.980000019073486,7.059999942779541,6.940000057220459,29800400,0.011560734716781873,0.011494420031467056,-0.056693205364267724,0.01822520598028467,17.210032407760934,0.7766781334398531,0.014492801538475764,0.003776819379419649,0.006433319420548811,-0.006104428251064498,0.024311511681808683,0.027569661471393146,38.66245762793753,-0.24577592666655068,-0.22232528167796747,-0.023450644988583208,2.0794415416798357,6.5842814445495605,2025-03-26,0.005714269574853104
2025-03-26,8,0.4299946974497288,0.6485000211221257,0.75,0.125,0.125,1,2025-03-26,2025-03-26,2025-03-26,6.62190580368042,7.039999961853027,7.099999904632568,7.0,7.050000190734863,22716500,2025-03-26,6.62190580368042,0.0057142695748531,0.0127841270159023,-0.0182328383202231,7.050000190734863,7.099999904632568,7.0,22716500,0.005714269574853104,0.005698005066906431,-0.06072260645000359,0.015101378303658283,16.938602134675502,-0.23771157434128398,0.017047107112640125,0.009798280054994501,0.00809004317012163,-0.0003477877156036202,0.012499277765309241,0.025471465913340673,40.156843480179816,-0.23120823259670686,-0.22410187186171537,-0.00710636073499149,2.1972245773362196,6.62190580368042,2025-03-27,0.012784127015902369
2025-03-27,8,0.4770285665872507,0.465968038457397,0.625,0.125,0.25,1,2025-03-27,2025-03-27,2025-03-27,6.706561088562012,7.130000114440918,7.159999847412109,7.03000020980835,7.059999942779541,23248700,2025-03-27,6.706561088562012,0.0127841270159023,-0.0182328383202231,0.0199999435119857,7.059999942779541,7.159999847412109,7.03000020980835,23248700,0.012784127015902369,0.012703099907298121,-0.05006216105978883,0.01938394892510159,16.96175981746906,0.023427904826887946,0.020320594174032536,0.01798977859854789,0.01388795094996964,0.010148609580192147,0.0029363117719756185,0.02231700077044558,43.49272333944184,-0.21040681727967314,-0.22136286094530694,0.010956043665633797,2.1972245773362196,6.706561088562012,2025-03-28,-0.018232838320223155
2025-03-28,4,-0.7559466571547092,0.2864026958233484,0.0,1.0,0.0,1,2025-03-28,2025-03-28,2025-03-28,6.5842814445495605,7.0,7.139999866485596,7.0,7.130000114440918,19426100,2025-03-28,6.5842814445495605,-0.0182328383202231,0.0199999435119857,-0.0014004853453852,7.130000114440918,7.139999866485596,7.0,19426100,-0.018232838320223155,-0.018401104974204552,-0.07653838164547472,0.021262740310332113,16.78212813214844,-0.16442209671938646,-0.0025648260602993966,0.0001429061268267695,-0.00307010831559551,-0.0067759513251283154,0.01293641192048101,0.02047834926019225,40.022298018788305,-0.20146611514590074,-0.2173835117854257,0.01591739663952496,1.6094379124341003,6.5842814445495605,2025-04-02,0.01999994351198575
2025-04-02,9,-0.0271863629006676,0.6397103992352182,0.5555555555555556,0.4444444444444444,0.0,3,2025-03-31,2025-04-02,2025-04-02,6.715966701507568,7.139999866485596,7.159999847412109,6.96999979019165,6.989999771118164,23591600,2025-04-02,6.715966701507568,0.0199999435119857,-0.0014004853453852,-0.016830317764829,6.989999771118164,7.159999847412109,6.96999979019165,23591600,0.01999994351198575,0.01980257191577217,-0.03920358778019812,0.02829079798412471,16.976401316821516,0.21442801179855975,0.011044984299388716,0.0191264385541432,0.011182743680731688,0.010683327725768521,0.014659379550962975,0.02148543308913653,45.10255741116572,-0.18166057456984674,-0.21023892434230992,0.02857834977246318,2.302585092994046,6.715966701507568,2025-04-03,-0.0014004853453852828
2025-04-03,11,-0.3562537087974223,0.5976837413304277,0.3636363636363636,0.6363636363636364,0.0,1,2025-04-03,2025-04-03,2025-04-03,6.706561088562012,7.130000114440918,7.139999866485596,7.03000020980835,7.110000133514404,25251000,2025-04-03,6.706561088562012,-0.0014004853453852,-0.016830317764829,-0.0556348674588054,7.110000133514404,7.139999866485596,7.03000020980835,25251000,-0.0014004853453852828,-0.0014014669415676195,-0.056742480643664425,0.01640179746738603,17.044376356464213,0.07033859509316875,0.005925534115774678,0.01944528584733285,0.006489936512830363,0.007570055281106658,0.014656948046871962,0.019721639213833117,44.810605375738874,-0.16482351247805394,-0.20115584196945874,0.0363323294914048,2.4849066497880004,6.706561088562012,2025-04-04,-0.016830317764829017
2025-04-04,7,-0.5604187352582813,0.4012157506001481,0.1428571428571428,0.8571428571428571,0.0,1,2025-04-04,2025-04-04,2025-04-04,6.593687534332275,7.010000228881836,7.110000133514404,6.929999828338623,7.079999923706055,26053900,2025-04-04,6.593687534332275,-0.016830317764829,-0.0556348674588054,0.0090634191227148,7.079999923706055,7.110000133514404,6.929999828338623,26053900,-0.016830317764829017,-0.016973557012121443,-0.0686881913296995,0.027298883096681253,17.07567806543201,0.031796760524335665,-0.010166619558552914,0.001142541975982958,-0.006990756186650793,-0.007693952439343121,0.017163778314484863,0.014307668989244302,41.351297161966585,-0.1587579096098981,-0.19267625549754663,0.03391834588764853,2.0794415416798357,6.593687534332275,2025-04-07,-0.055634867458805415
2025-04-07,5,-0.6991985235363245,0.2944553772068505,0.0,1.0,0.0,1,2025-04-07,2025-04-07,2025-04-07,6.226848602294922,6.619999885559082,6.829999923706055,6.510000228881836,6.809999942779541,58350200,2025-04-07,6.226848602294922,-0.0556348674588054,0.0090634191227148,-0.0494012144186948,6.809999942779541,6.829999923706055,6.510000228881836,58350200,-0.055634867458805415,-0.05724239467556358,-0.08563162193604991,0.051390312381496155,17.881973361420982,1.2395956075673893,-0.051575975474846825,-0.05211917213418016,-0.042370121324151855,-0.05205964492248183,0.02771846379324122,0.022462951125769452,32.555093165894846,-0.18145995425338413,-0.19043299524871415,0.008973040995330028,1.791759469228055,6.226848602294922,2025-04-08,0.0090634191227148
2025-04-08,2,0.7491242103278637,0.1616252878469631,1.0,0.0,0.0,1,2025-04-08,2025-04-08,2025-04-08,6.283285140991211,6.679999828338623,6.710000038146973,6.570000171661377,6.639999866485596,33213700,2025-04-08,6.283285140991211,0.0090634191227148,-0.0494012144186948,0.0881889765036749,6.639999866485596,6.710000038146973,6.570000171661377,33213700,0.0090634191227148,0.009022592838016097,-0.05372209829323173,0.022281316754552097,17.318473029480337,-0.4307868696251256,-0.034123822517619806,-0.04119426774197721,-0.02271558168302168,-0.03584809749409079,0.02941578394270202,0.022552203368134544,34.851149531804026,-0.1926764766934106,-0.19088169153765344,-0.0017947851557571504,1.0986122886681098,6.283285140991211,2025-04-09,-0.04940121441869483
2025-04-09,11,-0.6123031249100511,0.4020838409480508,0.0909090909090909,0.8181818181818182,0.0909090909090909,1,2025-04-09,2025-04-09,2025-04-09,5.972883224487305,6.349999904632568,6.630000114440918,6.210000038146973,6.599999904632568,39898800,2025-04-09,5.972883224487305,-0.0494012144186948,0.0881889765036749,-0.0376265993030586,6.599999904632568,6.630000114440918,6.210000038146973,39898800,-0.04940121441869483,-0.05066319233165206,-0.09501768018285693,0.07031781143352203,17.501856831283266,0.20127537732923462,-0.06037294886383926,-0.08104204242831448,-0.04847694663557478,-0.06935312022241658,0.02869929729778599,0.02642947784846851,29.00292662738947,-0.22403001352059881,-0.19751135593424254,-0.02651865758635627,2.4849066497880004,5.972883224487305,2025-04-10,0.08818897650367497
2025-04-10,12,0.3912839063753684,0.5165423233866163,0.8333333333333334,0.1666666666666666,0.0,1,2025-04-10,2025-04-10,2025-04-10,6.4996256828308105,6.909999847412109,6.929999828338623,6.699999809265137,6.900000095367432,43621700,2025-04-10,6.4996256828308105,0.0881889765036749,-0.0376265993030586,0.0120301184052906,6.900000095367432,6.929999828338623,6.699999809265137,43621700,0.08818897650367497,0.08451482499051166,-0.058025276377231816,0.03538665613945224,17.59106531385089,0.09330857068383014,0.029192696675602647,0.0013040890731219612,0.023348795416414436,0.010382994879136742,0.05821780089346861,0.04028453851408738,45.66547139010532,-0.20402236035756793,-0.19881355681890764,-0.005208803538660295,2.5649493574615367,6.4996256828308105,2025-04-11,-0.03762659930305867
2025-04-11,11,-0.2420483126135712,0.714599082900083,0.3636363636363636,0.6363636363636364,0.0,1,2025-04-11,2025-04-11,2025-04-11,6.255066871643066,6.650000095367432,6.760000228881836,6.570000171661377,6.699999809265137,27630500,2025-04-11,6.255066871643066,-0.0376265993030586,0.0120301184052906,-0.0044576398793729,6.699999809265137,6.760000228881836,6.570000171661377,27630500,-0.03762659930305867,-0.03835275321469367,-0.06640790302811532,0.030375383847902847,17.13443082919992,-0.36658818890598033,0.0012044684627476876,-0.03089481524656279,-0.01015553334156205,-0.022724041455449373,0.05999687861558119,0.041834366750980324,40.869566267627626,-0.20553077247150853,-0.20015699994942784,-0.005373772522080683,2.4849066497880004,6.255066871643066,2025-04-14,0.012030118405290668
2025-04-14,10,0.2211009157821536,0.7073600479087244,0.6,0.2,0.2,1,2025-04-14,2025-04-14,2025-04-14,6.330316066741943,6.730000019073486,6.809999942779541,6.710000038146973,6.800000190734863,19729600,2025-04-14,6.330316066741943,0.0120301184052906,-0.0044576398793729,0.0014925331350148,6.800000190734863,6.809999942779541,6.710000038146973,19729600,0.012030118405290668,0.011958331692466073,-0.06907119276744639,0.015796984475695514,16.797630654783667,-0.2859484989413872,0.009904010533719143,-0.01348576620939057,0.0011675931617083357,-0.008991171027544764,0.054224882470557054,0.041799599055221466,42.85813353888709,-0.19836756101475395,-0.19979911216249308,0.0014315511477391296,2.3978952727983707,6.330316066741943,2025-04-15,-0.0044576398793729766
2025-04-15,7,0.6334740315963117,0.5307623574907435,0.8571428571428571,0.1428571428571428,0.0,1,2025-04-15,2025-04-15,2025-04-15,6.302097797393799,6.699999809265137,6.769999980926514,6.699999809265137,6.730000019073486,10391600,2025-04-15,6.302097797393799,-0.0044576398793729,0.0014925331350148,0.0074515439987494,6.730000019073486,6.769999980926514,6.699999809265137,10391600,-0.0044576398793729766,-0.004467604780340029,-0.06358131061916349,0.011107439762411363,16.1565084416763,-0.47329900251398915,0.0047990878053494335,-0.013545317423251269,-0.0021992499788809905,-0.010997591913980531,0.05427447729357055,0.041540661081700056,42.283862292881054,-0.19274578935401632,-0.19838844760079774,0.0056426582467814235,2.0794415416798357,6.302097797393799,2025-04-16,0.0014925331350148507
2025-04-16,8,-0.6229390418156981,0.1626621969623821,0.0,1.0,0.0,1,2025-04-16,2025-04-16,2025-04-16,6.311503887176514,6.710000038146973,6.730000019073486,6.610000133514404,6.699999809265137,9882400,2025-04-16,6.311503887176514,0.0014925331350148,0.0074515439987494,0.0177515050267296,6.699999809265137,6.730000019073486,6.610000133514404,9882400,0.0014925331350148507,0.0014914204144791388,-0.05798446763407202,0.019012883094771355,16.10626605639473,-0.04900111628623116,-0.004451011212873612,-0.005778610343636914,-0.00047344491340650663,-0.007803805899894489,0.04649944464369442,0.04077732032464871,42.56014935504358,-0.18539439084109688,-0.1957896362488576,0.010395245407760711,2.1972245773362196,6.311503887176514,2025-04-17,0.007451543998749477
2025-04-17,5,-0.2826523512601852,0.7267023315452192,0.4,0.6,0.0,1,2025-04-17,2025-04-17,2025-04-17,6.358534336090088,6.760000228881836,6.760000228881836,6.639999866485596,6.639999866485596,12574300,2025-04-17,6.358534336090088,0.0074515439987494,0.0177515050267296,-0.002906894921028,6.639999866485596,6.760000228881836,6.639999866485596,12574300,0.007451543998749477,0.00742391839548473,-0.042389387960105676,0.01887233064310688,16.34716568592398,0.2723933457459726,0.007451559221439474,0.007151381121864864,0.004638929278993009,-0.0003358169440275116,0.0196785521053493,0.0409708009700774,44.00352270351196,-0.1737702748183132,-0.1913857639627487,0.017615489144435503,1.791759469228055,6.358534336090088,2025-04-18,0.01775150502672962
2025-04-18,12,0.5040079717097493,0.4574457214914281,0.75,0.1666666666666666,0.0833333333333333,1,2025-04-18,2025-04-18,2025-04-18,6.471407890319824,6.880000114440918,6.880000114440918,6.730000019073486,6.739999771118164,7322300,2025-04-18,6.471407890319824,0.0177515050267296,-0.002906894921028,-0.0160350870062425,6.739999771118164,6.880000114440918,6.730000019073486,7322300,0.01775150502672962,0.017595787178270594,-0.03985042877142124,0.023178896757814853,15.806435180803984,-0.4176773259744081,0.018354064450647245,0.027018996935627593,0.014870461308286176,0.014199375177535778,0.008697749699439435,0.04127949324052497,47.41856121216156,-0.1536786152058589,-0.18384433421137075,0.03016571900551185,2.5649493574615367,6.471407890319824,2025-04-21,-0.002906894921028025
2025-04-21,11,0.0674376687542959,0.7176238950557735,0.5454545454545454,0.3636363636363636,0.0909090909090909,1,2025-04-21,2025-04-21,2025-04-21,6.452596187591553,6.860000133514404,6.889999866485596,6.820000171661377,6.880000114440918,4564200,2025-04-21,6.452596187591553,-0.002906894921028,-0.0160350870062425,0.0148147736473671,6.880000114440918,6.889999866485596,6.820000171661377,4564200,-0.002906894921028025,-0.0029111281457523397,-0.06212266275290562,0.010848299318471115,15.333754029309869,-0.37667126449339683,0.01150110446757191,0.02037791687006374,0.007915441429444892,0.0091867376148429,0.009033988692804352,0.03664947793662867,46.90513752393126,-0.13768661185014164,-0.17461278973912492,0.03692617788898328,2.4849066497880004,6.452596187591553,2025-04-22,-0.016035087006242565
2025-04-22,4,-0.5237721027806401,0.2415701793366561,0.0,1.0,0.0,1,2025-04-22,2025-04-22,2025-04-22,6.349128246307373,6.75,6.809999942779541,6.690000057220459,6.800000190734863,17803000,2025-04-22,6.349128246307373,-0.0160350870062425,0.0148147736473671,0.0189781982360282,6.800000190734863,6.809999942779541,6.690000057220459,17803000,-0.016035087006242565,-0.01616504009229769,-0.06630469585012841,0.0189002144709982,16.694877596557305,2.90057403268919,-0.006183773011976035,0.0029717674745635136,-0.005512867662913146,-0.005731010923414548,0.012514186788429,0.037132482147507674,44.07821495883107,-0.13184203915992487,-0.16605863962328493,0.03421660046336006,1.6094379124341003,6.349128246307373,2025-04-23,0.014814773647367163
2025-04-23,6,0.5775787389526764,0.3172457019335458,1.0,0.0,0.0,1,2025-04-23,2025-04-23,2025-04-23,6.4431891441345215,6.849999904632568,6.849999904632568,6.78000020980835,6.800000190734863,31820400,2025-04-23,6.4431891441345215,0.0148147736473671,0.0189781982360282,0.0014325880703942,6.800000190734863,6.849999904632568,6.78000020980835,31820400,0.014814773647367163,0.01470610682323148,-0.052472211263538494,0.01086413781410439,17.27561818293153,0.7873616806156265,0.004398770086121662,0.010324440104567456,0.006127988901180714,0.007350676041207205,0.013846071623886009,0.0325990292843837,47.19398155640326,-0.11825705116673646,-0.15649832193197524,0.03824127076523878,1.9459101490553132,6.4431891441345215,2025-04-24,0.0189781982360282
2025-04-24,8,0.2410035878419876,0.7861607161777908,0.625,0.375,0.0,1,2025-04-24,2025-04-24,2025-04-24,6.565469264984131,6.980000019073486,7.050000190734863,6.860000133514404,6.869999885559082,32205900,2025-04-24,6.565469264984131,0.0189781982360282,0.0014325880703942,0.0,6.869999885559082,7.050000190734863,6.860000133514404,32205900,0.0189781982360282,0.01880035875756292,-0.04432760198658554,0.028939295814511476,17.28766025459398,0.012114869706226106,0.01689979332589675,0.028436757324070916,0.016674796943174863,0.021552226081314352,0.015392814677479992,0.017591791985027194,51.01499422644212,-0.09651134379755444,-0.1445009263050911,0.047989582507536654,2.1972245773362196,6.565469264984131,2025-04-25,0.0014325880703944804
2025-04-25,5,0.8616513284854591,0.1041124903591606,1.0,0.0,0.0,1,2025-04-25,2025-04-25,2025-04-25,6.574874877929688,6.989999771118164,7.059999942779541,6.949999809265137,7.050000190734863,16490300,2025-04-25,6.574874877929688,0.0014325880703942,0.0,0.0042918336655906,7.050000190734863,7.059999942779541,6.949999809265137,16490300,0.0014325880703944804,0.001431562895090499,-0.06739365956749709,0.016730376707798488,16.61828294785615,-0.48797270065422793,0.015103065503314195,0.02477638623544265,0.012014900273009443,0.01875254554433825,0.014091175481473013,0.011201153049720976,51.30685705638001,-0.07762395899929064,-0.131125532843931,0.053501573844640354,1.791759469228055,6.574874877929688,2025-04-28,0.0
2025-04-28,6,0.3789768284186721,0.6760787775858457,0.8333333333333334,0.1666666666666666,0.0,1,2025-04-28,2025-04-28,2025-04-28,6.574874877929688,6.989999771118164,7.039999961853027,6.980000019073486,7.0,6775500,2025-04-28,6.574874877929688,0.0,0.0042918336655906,0.0142451195831219,7.0,7.039999961853027,6.980000019073486,6775500,0.0,0.0,-0.0607321602957588,0.00912564024312413,15.728823870335479,-0.5891220899559135,0.011284705605549616,0.02088502306594009,0.007977981962785208,0.01529085681104747,0.01383086222904962,0.011013248501081796,51.30685705638001,-0.06194154687530151,-0.1172887356502051,0.05534718877490359,1.9459101490553132,6.574874877929688,2025-04-29,0.004291833665590383
2025-04-29,13,0.017773663947502,0.7386978701226549,0.4615384615384615,0.4615384615384615,0.0769230769230769,1,2025-04-29,2025-04-29,2025-04-29,6.603093147277832,7.019999980926514,7.019999980926514,6.949999809265137,7.0,12442500,2025-04-29,6.603093147277832,0.0042918336655906,0.0142451195831219,0.0042134711460743,7.0,7.019999980926514,6.949999809265137,12442500,0.004291833665590383,0.0042826500145760615,-0.05670097896030971,0.010601118309263134,16.336628670084544,0.8363958379455392,0.007751916547191096,0.02049712292664152,0.008169199106083935,0.0160186697125404,0.008482287303661575,0.010620264343529766,52.2958304408855,-0.04669784014212208,-0.1031705565485885,0.05647271640646642,2.6390573296152584,6.603093147277832,2025-04-30,0.014245119583121912
2025-04-30,16,0.5852493544080062,0.4497486284080794,0.875,0.125,0.0,1,2025-04-30,2025-04-30,2025-04-30,6.697154998779297,7.119999885559082,7.139999866485596,7.03000020980835,7.03000020980835,24000100,2025-04-30,6.697154998779297,0.0142451195831219,0.0042134711460743,-0.0097903238271342,7.03000020980835,7.139999866485596,7.03000020980835,24000100,0.014245119583121912,0.014144611244798933,-0.047346401293795505,0.01642483363417689,16.9935685966367,0.9288808519188265,0.014245075637377536,0.028901792625567246,0.01490849372190195,0.02481043237968672,0.008369323475123806,0.010949264694165422,55.53756792764958,-0.026719086426356675,-0.08788026252414215,0.06116117609778547,2.833213344056216,6.697154998779297,2025-05-02,0.004213471146074399
2025-05-02,10,0.4059328970964998,0.4108756295666292,0.5,0.1,0.4,2,2025-05-01,2025-05-02,2025-05-02,6.725373268127441,7.150000095367432,7.170000076293945,7.050000190734863,7.079999923706055,23847700,2025-05-02,6.725373268127441,0.0042134711460743,-0.0097903238271342,-0.0254236596385262,7.079999923706055,7.170000076293945,7.050000190734863,23847700,0.004213471146074399,0.00420461933238836,-0.05008851121469822,0.017842858793842654,16.987198376522432,-0.00634997354177691,0.013609347979230524,0.027446511972897714,0.01270858378357409,0.02370680812274162,0.0055719228604350565,0.010949525818338102,56.49274679042,-0.008510695659150969,-0.07200634915114391,0.06349565349199295,2.3978952727983707,6.725373268127441,2025-05-05,-0.009790323827134295
2025-05-05,4,0.1442362373345531,0.6366244693796868,0.5,0.25,0.25,1,2025-05-05,2025-05-05,2025-05-05,6.659529685974121,7.079999923706055,7.190000057220459,7.050000190734863,7.119999885559082,10871000,2025-05-05,6.659529685974121,-0.0097903238271342,-0.0254236596385262,0.0072464300508017,7.119999885559082,7.190000057220459,7.050000190734863,10871000,-0.009790323827134295,-0.009838564164702746,-0.06467278188008055,0.02102248553384401,16.201609343173992,-0.5441489116350844,0.0011311612266031723,0.014471917968411852,0.0018608262543426957,0.011168528524748256,0.00867977831722621,0.011038838820704274,53.59928188772472,0.0005996460597250675,-0.057485150108970116,0.058084796168695184,1.6094379124341003,6.659529685974121,2025-05-06,-0.02542365963852622
2025-05-06,6,-0.1810512603260576,0.7560909829573154,0.5,0.5,0.0,1,2025-05-06,2025-05-06,2025-05-06,6.490220069885254,6.900000095367432,7.079999923706055,6.849999904632568,7.059999942779541,18437600,2025-05-06,6.490220069885254,-0.0254236596385262,0.0072464300508017,-0.0115108315634676,7.059999942779541,7.079999923706055,6.849999904632568,18437600,-0.02542365963852622,-0.025752425122817835,-0.08070536508672595,0.03543793840530783,16.72990267001541,0.6960353233373195,-0.021831581533944155,-0.011885997609197285,-0.015864952863761328,-0.01192713662966316,0.015412993352708041,0.014203326021513495,46.94142232706787,-0.005775635598499029,-0.0471432472068759,0.04136761160837687,1.9459101490553132,6.490220069885254,2025-05-07,0.007246430050801722
2025-05-07,9,0.3302450126243962,0.521768088204763,0.6666666666666666,0.2222222222222222,0.1111111111111111,1,2025-05-07,2025-05-07,2025-05-07,6.537250995635986,6.949999809265137,6.949999809265137,6.849999904632568,6.860000133514404,17879100,2025-05-07,6.537250995635986,0.0072464300508017,-0.0115108315634676,0.0,6.860000133514404,6.949999809265137,6.849999904632568,17879100,0.007246430050801722,0.007220300829677173,-0.047047978366885596,0.015296935164234079,16.69914304680352,-0.03029136113160069,-0.012784055006850537,-0.007568127776287015,-0.005839323942842478,-0.003903767385403656,0.015790157973415944,0.01301909498546083,48.8423805464042,-0.0069529404207129275,-0.03910518584964331,0.03215224542893038,2.302585092994046,6.537250995635986,2025-05-08,-0.01151083156346766
2025-05-08,8,-0.2704484877176583,0.6328957458475676,0.25,0.625,0.125,1,2025-05-08,2025-05-08,2025-05-08,6.462001800537109,6.869999885559082,6.960000038146973,6.849999904632568,6.949999809265137,9515600,2025-05-08,6.462001800537109,-0.0115108315634676,0.0,0.064046547322127,6.949999809265137,6.960000038146973,6.849999904632568,9515600,-0.01151083156346766,-0.011577594007087022,-0.07021554275116249,0.01702260954264378,16.06844322014383,-0.46778081670777616,-0.017167377429817887,-0.019271938194462268,-0.011588722419514252,-0.012610418712790894,0.013193307123301539,0.013026415493159013,46.00249172243923,-0.013798879244628637,-0.03404392452864038,0.02024504528401174,2.1972245773362196,6.462001800537109,2025-05-09,0.0
2025-05-09,6,0.579401876234139,0.7209828043589694,0.8333333333333334,0.1666666666666666,0.0,1,2025-05-09,2025-05-09,2025-05-09,6.462001800537109,6.869999885559082,6.920000076293945,6.860000133514404,6.909999847412109,8531700,2025-05-09,6.462001800537109,0.0,0.064046547322127,-0.0095758968292506,6.909999847412109,6.920000076293945,6.860000133514404,8531700,0.0,0.0,-0.06483329330937417,0.009285039625732376,15.959299313421095,-0.10339862961873136,-0.009229870586930145,-0.01772946917924534,-0.007755774786726732,-0.010341325937759827,0.012404780587741939,0.011279169471082815,46.00249172243923,-0.019005254343198885,-0.031036190491552082,0.012030936148353197,1.9459101490553132,6.462001800537109,2025-05-13,0.064046547322127
2025-05-13,12,0.4781885819975286,0.5984918501039872,0.75,0.25,0.0,1,2025-05-13,2025-05-13,2025-05-13,6.875870704650879,7.309999942779541,7.340000152587891,7.010000228881836,7.010000228881836,60867000,2025-05-13,6.875870704650879,0.064046547322127,-0.0095758968292506,-0.0110497628287572,7.010000228881836,7.340000152587891,7.010000228881836,60867000,0.064046547322127,0.062079137445761434,-0.019134025656423127,0.04799391057234989,17.92420173032256,6.134217096241078,0.04727790610103577,0.04042127327252154,0.036516886395333126,0.042984185921352225,0.03426817609194098,0.023674587566184742,60.61109581074142,0.010147444176605624,-0.022799463557920542,0.03294690773452617,2.5649493574615367,6.875870704650879,2025-05-14,-0.00957589682925064
2025-05-14,11,0.0753648182885213,0.6249554093555727,0.5454545454545454,0.4545454545454545,0.0,1,2025-05-14,2025-05-14,2025-05-14,6.810028076171875,7.239999771118164,7.309999942779541,7.199999809265137,7.300000190734863,26919100,2025-05-14,6.810028076171875,-0.0095758968292506,-0.0110497628287572,0.0027932883762966,7.300000190734863,7.309999942779541,7.199999809265137,26919100,-0.00957589682925064,-0.009622040543872279,-0.06711946599465289,0.01615266960488638,17.108346666937997,-0.5577390047151987,0.027241766224741726,0.026804712671432807,0.017571786162475123,0.026836279687131537,0.03112287955990341,0.02407748249316841,57.92613117930019,0.027619833688934392,-0.012715604108549557,0.04033543779748395,2.4849066497880004,6.810028076171875,2025-05-15,-0.011049762828757248
2025-05-15,7,-0.2067242855472224,0.4322285878627674,0.4285714285714285,0.4285714285714285,0.1428571428571428,1,2025-05-15,2025-05-15,2025-05-15,6.734778881072998,7.159999847412109,7.28000020980835,7.150000095367432,7.25,15534200,2025-05-15,6.734778881072998,-0.0110497628287572,0.0027932883762966,-0.0111420306006216,7.25,7.28000020980835,7.150000095367432,15534200,-0.011049762828757248,-0.011111264933479692,-0.07106498192096579,0.01930280366089853,16.558554667236844,-0.4229301871162112,0.009873033117297147,0.013446529957611864,0.00420969339364996,0.012638028664741396,0.03257531346646901,0.024525438169783136,54.9312127189385,0.03499148701761445,-0.0031741858833167543,0.03816567290093121,2.0794415416798357,6.734778881072998,2025-05-16,0.0027932883762966654
2025-05-16,8,-0.1165868957759812,0.6538987177294667,0.5,0.5,0.0,1,2025-05-16,2025-05-16,2025-05-16,6.753591060638428,7.179999828338623,7.239999771118164,7.110000133514404,7.199999809265137,19970300,2025-05-16,6.753591060638428,0.0027932883762966,-0.0111420306006216,-0.0084506806933476,7.199999809265137,7.239999771118164,7.110000133514404,19970300,0.0027932883762966654,0.002789394395974698,-0.062001216729514246,0.019248964948652175,16.80975677788732,0.2855699038251085,0.003914963760043744,0.015415039839819844,0.0046655844833249915,0.012619020104710499,0.031210606086216654,0.02416734562062988,55.549947735819934,0.04186892218897764,0.005834435731142126,0.03603448645783552,2.1972245773362196,6.753591060638428,2025-05-19,-0.011142030600621688
2025-05-19,4,-0.0115520229446701,1.0331292366859304,0.5,0.5,0.0,1,2025-05-19,2025-05-19,2025-05-19,6.678342342376709,7.099999904632568,7.159999847412109,7.079999923706055,7.150000095367432,12869200,2025-05-19,6.678342342376709,-0.0111420306006216,-0.0084506806933476,-0.0056818022252669,7.150000095367432,7.159999847412109,7.079999923706055,12869200,-0.011142030600621688,-0.011204567986450087,-0.06596611841953894,0.011979009102067695,16.37034749528304,-0.3555830408156112,-0.013614883417518042,0.004811775650147787,-0.004361778657427595,0.0010931427488813927,0.032410227981495364,0.02443354705575561,52.448216103100876,0.040777340627840886,0.012823016710481878,0.027954323917359008,1.6094379124341003,6.678342342376709,2025-05-20,-0.008450680693347645
2025-05-20,6,0.2726004742629205,0.7447771028110582,0.6666666666666666,0.3333333333333333,0.0,1,2025-05-20,2025-05-20,2025-05-20,6.62190580368042,7.039999961853027,7.130000114440918,7.019999980926514,7.130000114440918,11539200,2025-05-20,6.62190580368042,-0.0084506806933476,-0.0056818022252669,-0.021428655746761,7.130000114440918,7.130000114440918,7.019999980926514,11539200,-0.008450680693347645,-0.0084865901447575,-0.07126147301616685,0.016611552138550024,16.2612605792122,-0.10334752742983244,-0.014557644470308162,-0.0031152489198893463,-0.008553491561809179,-0.006035445932410122,0.005852969492834364,0.02438020292598373,50.18492811916204,0.03495535380356607,0.017249484129098717,0.017705869674467353,1.9459101490553132,6.62190580368042,2025-05-21,-0.00568180222526693
2025-05-21,11,-0.2163380105048418,0.720331351696535,0.3636363636363636,0.5454545454545454,0.0909090909090909,1,2025-05-21,2025-05-21,2025-05-21,6.5842814445495605,7.0,7.039999961853027,6.980000019073486,7.039999961853027,12587900,2025-05-21,6.5842814445495605,-0.0056818022252669,-0.021428655746761,0.013138724160947,7.039999961853027,7.039999961853027,6.980000019073486,12587900,-0.00568180222526693,-0.005698005066906431,-0.06473274428591265,0.009112602990142335,16.348246672502523,0.09088151691625068,-0.013528710897088514,-0.010180967012658138,-0.009502733820458631,-0.009579129875694314,0.005763592939011236,0.022873087115894003,48.67684613298927,0.026994243126774897,0.019198435928633954,0.007795807198140943,2.4849066497880004,6.5842814445495605,2025-05-22,-0.021428655746761005
2025-05-22,13,-0.3609239260594432,0.7304569634132717,0.3076923076923077,0.6923076923076923,0.0,1,2025-05-22,2025-05-22,2025-05-22,6.4431891441345215,6.849999904632568,7.0,6.849999904632568,6.989999771118164,14279800,2025-05-22,6.4431891441345215,-0.021428655746761,0.013138724160947,0.0028819094277072,6.989999771118164,7.0,6.849999904632568,14279800,-0.021428655746761005,-0.021661582945756486,-0.078227560069887,0.023280411611691143,16.474356579204382,0.13440685102360206,-0.02615870048857294,-0.03001987001221773,-0.020697165001380635,-0.02534399796436937,0.008792268560075462,0.0238716159207423,43.40881359336588,0.009194052755704618,0.01719755929404809,-0.008003506538343471,2.6390573296152584,6.4431891441345215,2025-05-23,0.01313872416094708
2025-05-23,12,0.2130799484827245,0.6037810419773418,0.6666666666666666,0.3333333333333333,0.0,1,2025-05-23,2025-05-23,2025-05-23,6.527844429016113,6.940000057220459,6.96999979019165,6.929999828338623,6.960000038146973,7221800,2025-05-23,6.527844429016113,0.013138724160947,0.0028819094277072,-0.0086207380036978,6.960000038146973,6.96999979019165,6.929999828338623,7221800,0.01313872416094708,0.01305315978096,-0.06209132281067003,0.0061275911655045675,15.792614925745912,-0.49426462555497974,-0.006584608445105,-0.018248698063922375,-0.005233911284543313,-0.010282017424074752,0.012593060502334405,0.023961105658789204,47.1075640396734,0.0018963872674335747,0.014137324888725187,-0.012240937621291612,2.5649493574615367,6.527844429016113,2025-05-26,0.0028819094277072743
2025-05-26,6,-0.5325718550011516,0.3722711150170567,0.1666666666666666,0.8333333333333334,0.0,1,2025-05-26,2025-05-26,2025-05-26,6.546657085418701,6.960000038146973,6.980000019073486,6.900000095367432,6.96999979019165,6409700,2025-05-26,6.546657085418701,0.0028819094277072,-0.0086207380036978,-0.0043478139484172,6.96999979019165,6.980000019073486,6.900000095367432,6409700,0.0028819094277072743,0.0028777646879993846,-0.06073783608554582,0.012219965497236392,15.673323181943067,-0.11245118945415267,0.00028748182965920854,-0.016671322484350548,-0.0015793031252577805,-0.0060871008823384365,0.012917520801390732,0.0239615317760952,47.9221557045261,-0.002342043442172148,0.010841451222545722,-0.01318349466471787,1.9459101490553132,6.546657085418701,2025-05-27,-0.008620738003697892
2025-05-27,12,0.0646075259428471,0.6792057951394396,0.4166666666666667,0.5833333333333334,0.0,1,2025-05-27,2025-05-27,2025-05-27,6.490220069885254,6.900000095367432,6.980000019073486,6.849999904632568,6.96999979019165,19562900,2025-05-27,6.490220069885254,-0.0086207380036978,-0.0043478139484172,0.0014555999940968,6.96999979019165,6.980000019073486,6.849999904632568,19562900,-0.008620738003697892,-0.008658111512063194,-0.06883496911743871,0.020030155070414484,16.789145524457112,2.052077320311403,-0.00432900686240878,-0.019468519669326945,-0.006814087982160433,-0.012022788083496883,0.012932686379603018,0.009646109970461586,45.650758981421774,-0.010138159414563752,0.006645529095123828,-0.016783688509687582,2.5649493574615367,6.490220069885254,2025-05-28,-0.004347813948417212
2025-05-28,12,-0.0759305806908135,0.7867810272510868,0.4166666666666667,0.5833333333333334,0.0,1,2025-05-28,2025-05-28,2025-05-28,6.462001800537109,6.869999885559082,6.940000057220459,6.869999885559082,6.929999828338623,8595600,2025-05-28,6.462001800537109,-0.0043478139484172,0.0014555999940968,0.0072673478280924,6.929999828338623,6.940000057220459,6.869999885559082,8595600,-0.004347813948417212,-0.004357293177409849,-0.06753218461676501,0.010832583125488866,15.966761118729128,-0.5606172908924546,-0.004924667603073418,-0.018571413001013837,-0.0074491590596091894,-0.013391091194930316,0.012901547158121324,0.00955476214314032,44.514673883022446,-0.018381722937348854,0.0016400786886292917,-0.020021801625978147,2.5649493574615367,6.462001800537109,2025-05-29,0.0014555999940968345
2025-05-29,9,0.0374581912118527,0.8024289010702895,0.4444444444444444,0.5555555555555556,0.0,1,2025-05-29,2025-05-29,2025-05-29,6.471407890319824,6.880000114440918,6.920000076293945,6.840000152587891,6.889999866485596,8015100,2025-05-29,6.471407890319824,0.0014555999940968,0.0072673478280924,-0.0115439802986871,6.889999866485596,6.920000076293945,6.840000152587891,8015100,0.0014555999940968345,0.0014545416353322072,-0.060753553596116984,0.01236205862185284,15.89683794531882,-0.06753455256177576,-0.004341536514305688,-0.013195631942446107,-0.004010962518134598,-0.009802657333344067,0.008249348716589604,0.009521023513856275,45.0059683228793,-0.023880533658433123,-0.0034640437807831916,-0.02041648987764993,2.302585092994046,6.471407890319824,2025-05-30,0.007267347828092463
2025-05-30,13,0.2620967992653067,0.8106730014436035,0.6153846153846154,0.3846153846153846,0.0,1,2025-05-30,2025-05-30,2025-05-30,6.51843786239624,6.929999828338623,7.0,6.860000133514404,6.880000114440918,32968300,2025-05-30,6.51843786239624,0.0072673478280924,-0.0115439802986871,0.0029197740407347,6.880000114440918,7.0,6.860000133514404,32968300,0.007267347828092463,0.0072410679026266855,-0.05255265203931744,0.021477517994492382,17.31105708202463,3.1132736958989904,0.003184631109783842,-0.002447180213586919,0.0021491788641623266,-0.002133642028712912,0.006246743050524068,0.009967261514408361,47.50862865230744,-0.024164897178446054,-0.0076042144603157644,-0.01656068271813029,2.6390573296152584,6.51843786239624,2025-06-03,-0.011543980298687195
2025-06-03,14,0.1920583184941538,0.6770435218514125,0.5,0.3571428571428571,0.1428571428571428,4,2025-05-31,2025-06-03,2025-06-03,6.4431891441345215,6.849999904632568,6.980000019073486,6.840000152587891,6.960000038146973,14994500,2025-06-03,6.4431891441345215,-0.0115439802986871,0.0029197740407347,0.0,6.960000038146973,6.980000019073486,6.840000152587891,14994500,-0.011543980298687195,-0.011611129317445235,-0.07425443838791224,0.021728349634597157,16.523194091852275,-0.5451843134162211,-0.005228028538326712,-0.01040166231846329,-0.006299520687859994,-0.01119842804918314,0.007608465868796504,0.010002284887269291,44.054151974360344,-0.03011505242237167,-0.012106382052726947,-0.018008670369644722,2.70805020110221,6.4431891441345215,2025-06-04,0.002919774040734735
2025-06-04,7,0.3035873676583703,0.7098495985384695,0.5714285714285714,0.4285714285714285,0.0,1,2025-06-04,2025-06-04,2025-06-04,6.462001800537109,6.869999885559082,6.889999866485596,6.840000152587891,6.869999885559082,18434000,2025-06-04,6.462001800537109,0.0029197740407347,0.0,-0.0043667999822901,6.869999885559082,6.889999866485596,6.840000152587891,18434000,0.002919774040734735,0.002915519779486342,-0.05938836853252286,0.007737496125975885,16.729707397783333,0.22938410750608562,-0.0014534548717205498,-0.005068769285749508,-0.0022679955380521255,-0.006810487881879879,0.007280354391916153,0.010027393122903133,45.128372174235565,-0.03293293875604064,-0.016271693393389686,-0.016661245362650956,2.0794415416798357,6.462001800537109,2025-06-05,0.0
2025-06-05,5,0.0016694582998752,0.8575760289464818,0.4,0.6,0.0,1,2025-06-05,2025-06-05,2025-06-05,6.462001800537109,6.869999885559082,6.949999809265137,6.829999923706055,6.900000095367432,15947100,2025-06-05,6.462001800537109,0.0,-0.0043667999822901,0.0073099209330846,6.900000095367432,6.949999809265137,6.829999923706055,15947100,0.0,0.0,-0.06347801286617206,0.01857007925146475,16.584787615189704,-0.13490832157968968,-0.0014534548717205498,-0.003192083204090368,-0.0015131409576816246,-0.005579125824960229,0.007012840498033219,0.009981388973837641,45.128372174235565,-0.03476538031368914,-0.019970430777449578,-0.014794949536239565,1.791759469228055,6.462001800537109,2025-06-06,-0.00436679998229017
2025-06-06,7,-0.0936116518984948,0.9425346141577782,0.4285714285714285,0.5714285714285714,0.0,1,2025-06-06,2025-06-06,2025-06-06,6.433783531188965,6.840000152587891,6.860000133514404,6.809999942779541,6.860000133514404,13677900,2025-06-06,6.433783531188965,-0.0043667999822901,0.0073099209330846,-0.0058055725844829,6.860000133514404,6.860000133514404,6.809999942779541,13677900,-0.00436679998229017,-0.0043763623013097774,-0.06213069883820645,0.007771506531495509,16.431292022713706,-0.14229546437910345,-0.004656534991718142,-0.007400929779391219,-0.003923236395772078,-0.008132312402181596,0.007195828565937354,0.007377103044030173,43.66970786133573,-0.03805589726197045,-0.023587524074353754,-0.014468373187616696,2.0794415416798357,6.433783531188965,2025-06-09,0.00730992093308469
2025-06-09,11,0.3116457735780965,0.5953031027965231,0.6363636363636364,0.2727272727272727,0.0909090909090909,2,2025-06-07,2025-06-09,2025-06-09,6.480813980102539,6.889999866485596,6.889999866485596,6.829999923706055,6.829999923706055,13550300,2025-06-09,6.480813980102539,0.0073099209330846,-0.0058055725844829,0.0072993240922543,6.829999923706055,6.889999866485596,6.829999923706055,13550300,0.00730992093308469,0.007283332953125221,-0.05112532174290895,0.009258087481565348,16.421919319065395,-0.00932891745077824,0.003787882984210622,0.0005808945009673216,0.0022361676381976725,-0.0007216195428136896,0.007208285192493149,0.006375200936144118,46.75850485156947,-0.036448535444732144,-0.026159726348429436,-0.010288809096302708,2.4849066497880004,6.480813980102539,2025-06-10,-0.005805572584482999
2025-06-10,4,-0.2817420214414596,0.4740372062430958,0.25,0.75,0.0,1,2025-06-10,2025-06-10,2025-06-10,6.4431891441345215,6.849999904632568,6.909999847412109,6.840000152587891,6.889999866485596,12924400,2025-06-10,6.4431891441345215,-0.0058055725844829,0.0072993240922543,-0.001449271316139,6.889999866485596,6.909999847412109,6.840000152587891,12924400,-0.005805572584482999,-0.0058224904313017856,-0.06484916270092475,0.01086413781410439,16.374627632990833,-0.04619085924296884,-0.0020396804298787874,-0.0036364051437438594,-0.0023911134178979943,-0.005343339422641646,0.0053556741509416346,0.006423917458102579,44.64919134334714,-0.03777524987659753,-0.028482831054063056,-0.009292418822534471,1.6094379124341003,6.4431891441345215,2025-06-11,0.007299324092254311
2025-06-11,7,0.7912688223711614,0.2138152765470327,1.0,0.0,0.0,1,2025-06-11,2025-06-11,2025-06-11,6.490220069885254,6.900000095367432,7.019999980926514,6.880000114440918,6.880000114440918,26573700,2025-06-11,6.490220069885254,0.0072993240922543,-0.001449271316139,-0.0101596232635521,6.880000114440918,7.019999980926514,6.880000114440918,26573700,0.007299324092254311,0.007272812956896191,-0.05665407530118018,0.02157089666885069,17.095432600470783,1.0560877100677786,0.004366814804923402,0.003636375648835566,0.0032551979807717846,0.001567893262260478,0.006236014831766102,0.006455921726056614,47.81799187218458,-0.03463245656672953,-0.029712756156596354,-0.0049197004101331765,2.0794415416798357,6.490220069885254,2025-06-12,-0.0014492713161390336
2025-06-12,5,-0.0989250674843788,0.3206847046367984,0.4,0.6,0.0,1,2025-06-12,2025-06-12,2025-06-12,6.480813980102539,6.889999866485596,6.909999847412109,6.849999904632568,6.900000095367432,12939600,2025-06-12,6.480813980102539,-0.001449271316139,-0.0101596232635521,-0.0102639749590617,6.900000095367432,6.909999847412109,6.849999904632568,12939600,-0.0014492713161390336,-0.0014503225255944052,-0.06075161006828515,0.009258087481565348,16.375803011940302,-0.5130674313324829,0.002327619549892024,0.001890376029517915,0.0012000854648006598,9.519314901185183e-05,0.0063206788915685435,0.006301306786611425,47.235553186275986,-0.03252582559076167,-0.03027537004342942,-0.002250455547332251,1.791759469228055,6.480813980102539,2025-06-13,-0.010159623263552131
2025-06-13,5,-0.6394076205790042,0.13211547048812,0.0,1.0,0.0,1,2025-06-13,2025-06-13,2025-06-13,6.414971351623535,6.820000171661377,6.880000114440918,6.820000171661377,6.880000114440918,12623100,2025-06-13,6.414971351623535,-0.0101596232635521,-0.0102639749590617,-0.0133332962826303,6.880000114440918,6.880000114440918,6.820000171661377,12623100,-0.010159623263552131,-0.01021158447311099,-0.06759138882008171,0.009353111571473489,16.351039105970518,-0.024459797829917473,-0.00727798531970647,-0.007422457584004172,-0.005999094228288815,-0.00825042388702757,0.007812877626727312,0.007087827980029893,43.26309622705434,-0.03575706996870487,-0.03137171002848451,-0.004385359940220358,1.791759469228055,6.414971351623535,2025-06-16,-0.010263974959061728
2025-06-16,9,0.2068393076252606,0.5378231600072189,0.5555555555555556,0.2222222222222222,0.2222222222222222,1,2025-06-16,2025-06-16,2025-06-16,6.349128246307373,6.75,6.820000171661377,6.710000038146973,6.809999942779541,11469000,2025-06-16,6.349128246307373,-0.0102639749590617,-0.0133332962826303,-0.0015015733904175,6.809999942779541,6.820000171661377,6.710000038146973,11469000,-0.010263974959061728,-0.010317012781422275,-0.06767572692284936,0.01732523414980315,16.255158388538216,-0.09142762079045563,-0.013446367708860651,-0.015029923772395204,-0.010859643910458683,-0.015129556107543185,0.007324456107088567,0.007024017110512864,39.67021714876371,-0.04313362516218611,-0.033724093055224835,-0.009409532106961271,2.302585092994046,6.349128246307373,2025-06-17,-0.013333296282630247
2025-06-17,8,-0.2132089755032211,0.7143903434127412,0.375,0.625,0.0,1,2025-06-17,2025-06-17,2025-06-17,6.26447343826294,6.659999847412109,6.769999980926514,6.659999847412109,6.75,10266200,2025-06-17,6.26447343826294,-0.0133332962826303,-0.0015015733904175,-0.0105262869015033,6.75,6.769999980926514,6.659999847412109,10266200,-0.013333296282630247,-0.013422982780753046,-0.0719298609980829,0.017559358276233023,16.144367601104168,-0.10487400819600667,-0.021164006578049177,-0.025460911363321626,-0.01616164946061005,-0.023242166307562928,0.008455265712421101,0.007294583249830227,35.5790657543817,-0.05517451633826287,-0.03801417771183244,-0.017160338626430426,2.1972245773362196,6.26447343826294,2025-06-18,-0.0015015733904176765
2025-06-18,7,-0.0841177751842354,0.6407895521737337,0.4285714285714285,0.4285714285714285,0.1428571428571428,1,2025-06-18,2025-06-18,2025-06-18,6.255066871643066,6.650000095367432,6.659999847412109,6.610000133514404,6.650000095367432,10388000,2025-06-18,6.255066871643066,-0.0015015733904175,-0.0105262869015033,0.0106382683664638,6.650000095367432,6.659999847412109,6.610000133514404,10388000,-0.0015015733904176765,-0.0015027018815574333,-0.059388453843705405,0.007993473918620356,16.15616194802969,0.011864175644347386,-0.015398329574613956,-0.02378160721063305,-0.011828852832904801,-0.020307555563014446,0.0055047116855525555,0.007039940292066844,35.14534226799131,-0.06472987495200844,-0.043357317159867646,-0.02137255779214079,2.0794415416798357,6.255066871643066,2025-06-19,-0.010526286901503257
2025-06-19,7,-0.4413527434558741,0.6508226909490438,0.1428571428571428,0.8571428571428571,0.0,1,2025-06-19,2025-06-19,2025-06-19,6.189224243164063,6.579999923706055,6.690000057220459,6.579999923706055,6.690000057220459,12968700,2025-06-19,6.189224243164063,-0.0105262869015033,0.0106382683664638,0.0225564815389378,6.690000057220459,6.690000057220459,6.579999923706055,12968700,-0.010526286901503257,-0.010582080135248084,-0.07485438113201698,0.01777284667555847,16.378049397074854,0.24843088178667694,-0.016736415619927225,-0.02992777430676552,-0.014931059489462828,-0.025193049099859532,0.004476399244655845,0.007286447067301899,32.18755399610086,-0.07673100804711908,-0.05003205533731793,-0.026698952709801146,2.0794415416798357,6.189224243164063,2025-06-20,0.010638268366463866
2025-06-20,8,0.182117799995467,0.6584785192632112,0.75,0.25,0.0,1,2025-06-20,2025-06-20,2025-06-20,6.255066871643066,6.650000095367432,6.710000038146973,6.579999923706055,6.590000152587891,24765600,2025-06-20,6.255066871643066,0.0106382683664638,0.0225564815389378,-0.0044118267582485,6.590000152587891,6.710000038146973,6.579999923706055,24765600,0.010638268366463866,0.010582080135248084,-0.05082447241117226,0.020783169406272044,17.02496619183034,0.9096439889888732,-0.001201589156709315,-0.01685396816319873,-0.0029721648216487484,-0.01216051143625596,0.00980417637986941,0.008678544713270548,37.82282700533607,-0.08000677434784542,-0.05602699913942343,-0.02397977520842199,2.1972245773362196,6.255066871643066,2025-06-23,0.022556481538937856
2025-06-23,9,-0.0046728482055995,0.6202966697547903,0.6666666666666666,0.3333333333333333,0.0,1,2025-06-23,2025-06-23,2025-06-23,6.3961591720581055,6.800000190734863,6.800000190734863,6.570000171661377,6.619999885559082,7677700,2025-06-23,6.3961591720581055,0.0225564815389378,-0.0044118267582485,0.0,6.619999885559082,6.800000190734863,6.570000171661377,7677700,0.022556481538937856,0.022305846078108704,-0.033812797185882794,0.035959083081961316,15.853830711351678,-0.6899853021933651,0.019796092144976685,0.006661781044868587,0.012927414124813907,0.008266155557482113,0.015004406058710647,0.011521550541851614,47.827985937463836,-0.07040627356062856,-0.058902854023664464,-0.011503419536964099,2.302585092994046,6.3961591720581055,2025-06-24,-0.004411826758248583
2025-06-24,10,0.1268190775066613,0.6949936785273748,0.7,0.3,0.0,1,2025-06-24,2025-06-24,2025-06-24,6.367940425872803,6.769999980926514,6.820000171661377,6.739999771118164,6.800000190734863,6979800,2025-06-24,6.367940425872803,-0.0044118267582485,0.0,0.004431377226874,6.800000190734863,6.820000171661377,6.739999771118164,6979800,-0.004411826758248583,-0.0044215875852191555,-0.06353819893281042,0.012562994499473176,15.758530964303484,-0.0908996183752947,0.011958143632939011,0.003408905467901624,0.00562318124288308,0.0031215367632924096,0.013213088595415158,0.011468689192279606,46.22585839502727,-0.06433323106051958,-0.059988929431035495,-0.004344301629484085,2.3978952727983707,6.367940425872803,2025-06-25,0.0
2025-06-25,13,0.5821326981800107,0.4821034458487785,0.8461538461538461,0.1538461538461538,0.0,1,2025-06-25,2025-06-25,2025-06-25,6.367940425872803,6.769999980926514,6.880000114440918,6.75,6.769999980926514,16755500,2025-06-25,6.367940425872803,0.0,0.004431377226874,-0.0014706586197801,6.769999980926514,6.880000114440918,6.75,16755500,0.0,0.0,-0.059388413026064256,0.020414781820622934,16.63423718022844,1.4005702169116594,0.008340772384133333,0.005345990455214444,0.0037417739375817938,0.002552535927287103,0.01309173012945301,0.011099996251434369,46.22585839502727,-0.058842007095356585,-0.059759544963899715,0.0009175378685431293,2.6390573296152584,6.367940425872803,2025-06-26,0.004431377226874034
2025-06-26,9,0.467687992999951,0.4225644548945128,0.8888888888888888,0.1111111111111111,0.0,1,2025-06-26,2025-06-26,2025-06-26,6.3961591720581055,6.800000190734863,6.820000171661377,6.769999980926514,6.800000190734863,7031900,2025-06-26,6.3961591720581055,0.004431377226874,-0.0014706586197801,-0.0058909999267582,6.800000190734863,6.820000171661377,6.769999980926514,7031900,0.004431377226874034,0.0044215875852191555,-0.059388383433723914,0.007817221146292177,15.765967639749753,-0.5803228790546388,0.0062148991348500715,0.011152460633274908,0.005444957336385281,0.005716095354021178,0.01049322379988372,0.011277650737641927,48.236826821355095,-0.05161813384182423,-0.05813126273948462,0.0065131288976603904,2.302585092994046,6.3961591720581055,2025-06-30,-0.0014706586197801297
2025-06-30,10,0.6360622591804713,0.4138780167060683,0.8,0.1,0.1,2,2025-06-27,2025-06-30,2025-06-30,6.386752605438232,6.789999961853027,6.849999904632568,6.75,6.840000152587891,16658700,2025-06-30,6.386752605438232,-0.0014706586197801,-0.0058909999267582,0.0044445071969863,6.840000152587891,6.849999904632568,6.75,16658700,-0.0014706586197801297,-0.001471741099603907,-0.06626425980095535,0.01565739442411153,16.628443220474583,1.3690183307498685,0.0005894173366838285,0.01011601628407055,0.002640702763536451,0.003463992609153088,0.010735125272865747,0.010841835553439535,47.59783242909172,-0.04612054462606352,-0.05572911911680041,0.00960857449073689,2.3978952727983707,6.386752605438232,2025-07-01,-0.005890999926758234
2025-07-01,12,0.4420514188629265,0.4920491231242915,0.6666666666666666,0.1666666666666666,0.1666666666666666,1,2025-07-01,2025-07-01,2025-07-01,6.349128246307373,6.75,6.789999961853027,6.730000019073486,6.78000020980835,9162500,2025-07-01,6.349128246307373,-0.0058909999267582,0.0044445071969863,0.0014748472925543,6.78000020980835,6.789999961853027,6.730000019073486,9162500,-0.005890999926758234,-0.005908420316194318,-0.06355043512795938,0.0094501072354991,16.030629734317557,-0.4499870938308511,-0.0038370763028432453,0.004165422906123872,-0.0021796084560051776,-0.0020033208354559573,0.004036914854784025,0.010481442448455672,45.028454349715716,-0.04428909973382833,-0.053441115240206,0.009152015506377668,2.5649493574615367,6.349128246307373,2025-07-02,0.004444507196986303
2025-07-02,10,0.3172902434132993,0.6738799179090366,0.6,0.4,0.0,1,2025-07-02,2025-07-02,2025-07-02,6.377346992492676,6.78000020980835,6.809999942779541,6.71999979019165,6.739999771118164,14486700,2025-07-02,6.377346992492676,0.0044445071969863,0.0014748472925543,-0.0029454999633791,6.739999771118164,6.809999942779541,6.71999979019165,14486700,0.004444507196986303,0.004434659542739583,-0.05380605206835553,0.014112475406126961,16.48874161411704,0.5810859481582538,0.00029511634283818644,0.006831063085105393,0.0015023449351718732,0.0019891697130201003,0.004353127877239793,0.009412580478406428,47.32511951507792,-0.04009841985494411,-0.05077257616315362,0.01067415630820951,2.3978952727983707,6.377346992492676,2025-07-03,0.0014748472925543155
2025-07-03,14,-0.0720046037874583,0.756260747041847,0.4285714285714285,0.5714285714285714,0.0,1,2025-07-03,2025-07-03,2025-07-03,6.386752605438232,6.789999961853027,6.849999904632568,6.769999980926514,6.789999961853027,9315200,2025-07-03,6.386752605438232,0.0014748472925543,-0.0029454999633791,-0.0029542015639776,6.789999961853027,6.849999904632568,6.769999980926514,9315200,0.0014748472925543155,0.0014737607734547353,-0.059388418067788405,0.012525915539289223,16.04715813988486,-0.3569826116368807,0.0011795598433770316,0.006224041530201063,0.0019843012903728585,0.002834809114292902,0.004377377300316341,0.00934243108662057,48.103393949749254,-0.03560785629771157,-0.04773963219006522,0.012131775892353647,2.70805020110221,6.386752605438232,2025-07-04,-0.002945499963379117
2025-07-04,11,-0.1716618291949007,0.6880813553553297,0.3636363636363636,0.6363636363636364,0.0,1,2025-07-04,2025-07-04,2025-07-04,6.367940425872803,6.769999980926514,6.820000171661377,6.75,6.800000190734863,17961900,2025-07-04,6.367940425872803,-0.0029454999633791,-0.0029542015639776,-0.0207407582090901,6.800000190734863,6.820000171661377,6.75,17961900,-0.002945499963379117,-0.0029498464856152484,-0.06353819893281042,0.010992592106698704,16.70376346156217,0.9282355719683957,-0.0008854906567486998,0.0004433116965920636,-0.0006449035048224916,-9.73991092716453e-05,0.003988136810699816,0.008468528333581103,46.619729631220856,-0.03318450764928382,-0.04482860728190894,0.011644099632625117,2.4849066497880004,6.367940425872803,2025-07-07,-0.002954201563977632
2025-07-07,4,-0.5583515367470682,0.7472284236544853,0.25,0.75,0.0,1,2025-07-07,2025-07-07,2025-07-07,6.349128246307373,6.75,6.78000020980835,6.730000019073486,6.769999980926514,9146900,2025-07-07,6.349128246307373,-0.0029542015639776,-0.0207407582090901,-0.0060513438150792,6.769999980926514,6.78000020980835,6.730000019073486,9146900,-0.002954201563977632,-0.00295857383057907,-0.062167169247398124,0.007875126914304052,16.028925691359202,-0.490760999671527,-0.0026595820380725943,-0.00398407506986187,-0.0024010122362254638,-0.002497914569810744,0.004096993799625332,0.008171001811080277,45.120999870524145,-0.0324083883299604,-0.04234456349151923,0.009936175161558827,1.6094379124341003,6.349128246307373,2025-07-08,-0.02074075820909016
2025-07-08,7,-0.6272993611970119,0.6863272446649121,0.1428571428571428,0.8571428571428571,0.0,1,2025-07-08,2025-07-08,2025-07-08,6.217442512512207,6.610000133514404,6.739999771118164,6.610000133514404,6.71999979019165,16122100,2025-07-08,6.217442512512207,-0.0207407582090901,-0.0060513438150792,0.0197868537075447,6.71999979019165,6.739999771118164,6.610000133514404,16122100,-0.02074075820909016,-0.020958868859173307,-0.07478531151339675,0.020908860410392822,16.595701621537483,0.7625752987350907,-0.019287855365491713,-0.02189999197276571,-0.015514064533407423,-0.019051387372023387,0.009793343482087196,0.007201271407316149,36.31915659150516,-0.041935836136602234,-0.04226281802053583,0.00032698188393359695,2.0794415416798357,6.217442512512207,2025-07-09,-0.006051343815079213
2025-07-09,7,-0.0321727183514407,0.5693190224202143,0.5714285714285714,0.4285714285714285,0.0,1,2025-07-09,2025-07-09,2025-07-09,6.179818630218506,6.570000171661377,6.699999809265137,6.53000020980835,6.599999904632568,16697100,2025-07-09,6.179818630218506,-0.0060513438150792,0.0197868537075447,-0.002985141933273,6.599999904632568,6.699999809265137,6.53000020980835,16697100,-0.006051343815079213,-0.00606972739716749,-0.0636638303765937,0.0275088331274823,16.630745669503636,0.035665328958386366,-0.019110113780335225,-0.024933152531928515,-0.014417540478540714,-0.020537578677295665,0.008536342789692715,0.007260306930754786,34.26267089339608,-0.051923794844588755,-0.04419501338534642,-0.007728781459242336,2.0794415416798357,6.179818630218506,2025-07-10,0.019786853707544738
2025-07-10,11,0.00219988361509,0.5954020436467726,0.3636363636363636,0.5454545454545454,0.0909090909090909,1,2025-07-10,2025-07-10,2025-07-10,6.302097797393799,6.699999809265137,6.699999809265137,6.579999923706055,6.579999923706055,16020800,2025-07-10,6.302097797393799,0.0197868537075447,-0.002985141933273,0.0014970777879401,6.579999923706055,6.699999809265137,6.579999923706055,16020800,0.019786853707544738,0.019593638506156363,-0.0422343661906508,0.019041260452782465,16.58939849835453,-0.04050403962364724,0.002994018792495279,-0.004605551043656675,0.0033836228236767685,-0.0009469166057719525,0.01451217698623947,0.010243267970252263,45.135758071522304,-0.049402930982508586,-0.04523659690477885,-0.004166334077729733,2.4849066497880004,6.302097797393799,2025-07-11,-0.002985141933273039
2025-07-11,9,0.1541787493560049,0.5380432953407636,0.6666666666666666,0.3333333333333333,0.0,1,2025-07-11,2025-07-11,2025-07-11,6.283285140991211,6.679999828338623,6.769999980926514,6.579999923706055,6.699999809265137,15325000,2025-07-11,6.283285140991211,-0.002985141933273,0.0014970777879401,-0.0089685847199583,6.699999809265137,6.769999980926514,6.579999923706055,15325000,-0.002985141933273039,-0.002989606356291974,-0.06219622091595724,0.030238967826070325,16.544996105039402,-0.04343103964845696,0.002701838142072255,-0.005804486928158936,0.0002588866818553637,-0.0032171243984143727,0.014512436739714304,0.010074092642431191,43.93182486368064,-0.04836562355592999,-0.04586240223500908,-0.0025032213209209148,2.302585092994046,6.283285140991211,2025-07-14,0.0014970777879401709
2025-07-14,9,-0.1244453378021717,0.6420212722465759,0.3333333333333333,0.5555555555555556,0.1111111111111111,1,2025-07-14,2025-07-14,2025-07-14,6.292691707611084,6.690000057220459,6.710000038146973,6.650000095367432,6.679999828338623,6542600,2025-07-14,6.292691707611084,0.0014970777879401,-0.0089685847199583,-0.0196079405889493,6.679999828338623,6.710000038146973,6.650000095367432,6542600,0.0014970777879401709,0.0014959582841722607,-0.057980259083908706,0.009534861322853364,15.693845350791163,-0.5730766721044045,0.0060150513043066844,-0.0028320012415097295,0.0011702162582920561,-0.0014116941837640784,0.014620554329860883,0.010126265839847062,44.72573315748173,-0.046251361727184026,-0.04594019413344407,-0.0003111675937399541,2.302585092994046,6.292691707611084,2025-07-15,-0.008968584719958317
2025-07-15,3,0.4691003954503686,0.5104661245428209,0.6666666666666666,0.3333333333333333,0.0,1,2025-07-15,2025-07-15,2025-07-15,6.236255168914795,6.630000114440918,6.690000057220459,6.630000114440918,6.679999828338623,8077100,2025-07-15,6.236255168914795,-0.0089685847199583,-0.0196079405889493,0.0,6.679999828338623,6.690000057220459,6.630000114440918,8077100,-0.008968584719958317,-0.009009044569292524,-0.06642884293818783,0.009621149416498609,15.904543578989063,0.2345397854064133,-0.003606827671100432,-0.01000444410326895,-0.005219495205665781,-0.008498616624089461,0.0113751481510019,0.010321574633193404,40.97681440495323,-0.04856986780605155,-0.04646612886796557,-0.002103738938085978,1.3862943611198906,6.236255168914795,2025-07-16,-0.019607940588949324
2025-07-16,9,-0.5298591234928204,0.6071041684395828,0.1111111111111111,0.8888888888888888,0.0,1,2025-07-16,2025-07-16,2025-07-16,6.1139750480651855,6.5,6.630000114440918,6.480000019073486,6.619999885559082,18446900,2025-07-16,6.1139750480651855,-0.0196079405889493,0.0,0.0015386133216241,6.619999885559082,6.630000114440918,6.480000019073486,18446900,-0.019607940588949324,-0.019802726696912964,-0.07643879852592489,0.024533972446436517,16.73040694686302,1.2838518775303016,-0.021084385641142345,-0.025341181725457407,-0.01662037492955959,-0.02297665301251617,0.014546927248664578,0.011458980262806465,34.27353098912086,-0.059587397960619626,-0.04909038268649638,-0.010497015274123243,2.302585092994046,6.1139750480651855,2025-07-17,0.0
2025-07-17,9,0.420180689310655,0.769090690723237,0.7777777777777778,0.2222222222222222,0.0,1,2025-07-17,2025-07-17,2025-07-17,6.1139750480651855,6.5,6.53000020980835,6.449999809265137,6.449999809265137,18023000,2025-07-17,6.1139750480651855,0.0,0.0015386133216241,0.0015360160128792,6.449999809265137,6.53000020980835,6.449999809265137,18023000,0.0,0.0,-0.05209686374211463,0.01308484249842165,16.7071593334596,-0.022979470805392754,-0.015151550064996355,-0.021084385641142345,-0.011141977903108669,-0.018877943730729707,0.00859190392860277,0.011387818536335297,34.27353098912086,-0.06754030736421957,-0.05278036762204102,-0.014759939742178547,2.302585092994046,6.1139750480651855,2025-07-18,0.0015386133216241937
2025-07-18,10,0.8478909804485738,0.1431514307308563,1.0,0.0,0.0,1,2025-07-18,2025-07-18,2025-07-18,6.123382091522217,6.510000228881836,6.590000152587891,6.489999771118164,6.519999980926514,19048700,2025-07-18,6.123382091522217,0.0015386133216241,0.0015360160128792,0.0046012918667877,6.519999980926514,6.590000152587891,6.489999771118164,19048700,0.0015386133216241937,0.0015374308688838045,-0.06083096481051464,0.016330906674626177,16.76250946823563,0.05691061421516941,-0.008528699045109889,-0.015724131490566062,-0.006434305613809643,-0.014255506945479945,0.009206635875223242,0.01153428892609616,35.219035181373485,-0.07225110975663096,-0.056674516048959005,-0.015576593707671955,2.3978952727983707,6.123382091522217,2025-07-21,0.0015360160128792266
2025-07-21,5,0.2254339406732469,0.5974078629932863,0.4,0.6,0.0,1,2025-07-21,2025-07-21,2025-07-21,6.132787704467773,6.519999980926514,6.539999961853027,6.5,6.519999980926514,9853900,2025-07-21,6.132787704467773,0.0015360160128792,0.0046012918667877,0.0183205582231802,6.519999980926514,6.539999961853027,6.5,9853900,0.0015360160128792266,0.001534837546890877,-0.05938838613366316,0.006522313143806874,16.103377975354025,-0.4826996067973143,-0.0018371044814445847,-0.010772258208356256,-0.0032774773399648627,-0.010448977957512096,0.009213633682026188,0.01165969224610971,36.20716430786336,-0.07436822957546507,-0.06021325875426022,-0.01415497082120485,1.791759469228055,6.132787704467773,2025-07-22,0.0046012918667877045
2025-07-22,9,0.2060138128387431,0.5693046468555851,0.6666666666666666,0.3333333333333333,0.0,1,2025-07-22,2025-07-22,2025-07-22,6.161006450653076,6.550000190734863,6.590000152587891,6.53000020980835,6.550000190734863,14928300,2025-07-22,6.161006450653076,0.0046012918667877,0.0183205582231802,0.0044977384761697,6.550000190734863,6.590000152587891,6.53000020980835,14928300,0.0046012918667877045,0.0045907382843914935,-0.059388355535016375,0.009738659301871195,16.518769365317215,0.5149636184657851,0.005217988292929743,-0.0053150490137215955,0.0008721088118752718,-0.004828984100177625,0.009771070563082419,0.010124822906123954,39.20343223072862,-0.07292837242073347,-0.06275628148755488,-0.010172090933178585,2.302585092994046,6.161006450653076,2025-07-23,0.01832055822318024
2025-07-23,9,0.3946074160436789,0.5115298594363666,0.7777777777777778,0.1111111111111111,0.1111111111111111,1,2025-07-23,2025-07-23,2025-07-23,6.273879528045654,6.670000076293945,6.690000057220459,6.559999942779541,6.559999942779541,7198100,2025-07-23,6.273879528045654,0.0183205582231802,0.0044977384761697,0.0074626656750746,6.559999942779541,6.690000057220459,6.559999942779541,7198100,0.01832055822318024,0.018154758760404954,-0.04361591726061121,0.020720849652880357,15.789327799198135,-0.5178218551342082,0.01832060551153547,0.011372266007111387,0.012724290909778668,0.010939517541408872,0.007522932076394998,0.011568214431720465,49.43409672899879,-0.061965066511255884,-0.06259803849229509,0.0006329719810392043,2.302585092994046,6.273879528045654,2025-07-24,0.004497738476169744
2025-07-24,7,0.2269679202831218,0.5491862236148071,0.7142857142857143,0.2857142857142857,0.0,1,2025-07-24,2025-07-24,2025-07-24,6.302097797393799,6.699999809265137,6.71999979019165,6.659999847412109,6.679999828338623,12984600,2025-07-24,6.302097797393799,0.0044977384761697,0.0074626656750746,0.0,6.679999828338623,6.71999979019165,6.659999847412109,12984600,0.004497738476169744,0.004487653877754072,-0.056572161774862184,0.009520630226391233,16.379274674844076,0.8038926939053361,0.01669192564361932,0.015921153961662604,0.011453537064527897,0.012635162192148552,0.006996277633914787,0.009762807942055723,51.62571074786009,-0.05041839718675778,-0.06016211023118763,0.00974371304442985,2.0794415416798357,6.302097797393799,2025-07-25,0.007462665675074698
2025-07-25,14,-0.2277209931053221,0.7169987406167032,0.2857142857142857,0.7142857142857143,0.0,1,2025-07-25,2025-07-25,2025-07-25,6.349128246307373,6.75,6.760000228881836,6.679999828338623,6.699999809265137,11508600,2025-07-25,6.349128246307373,0.0074626656750746,0.0,-0.01629632611488,6.699999809265137,6.760000228881836,6.679999828338623,11508600,0.007462665675074698,0.007434957750184434,-0.05236889148452791,0.012600218083441738,16.258605226829374,-0.1136731204657826,0.01687251982861726,0.02241742482153919,0.012588053066965976,0.01646039438301128,0.006516076932519848,0.009959800719698896,55.11726688078237,-0.03704557603985048,-0.05553880339292021,0.018493227353069727,2.70805020110221,6.349128246307373,2025-07-28,0.0
2025-07-28,11,0.1069478400644254,0.7458146663524235,0.5454545454545454,0.3636363636363636,0.0909090909090909,1,2025-07-28,2025-07-28,2025-07-28,6.349128246307373,6.75,6.840000152587891,6.71999979019165,6.760000228881836,16766400,2025-07-28,6.349128246307373,0.0,-0.01629632611488,-0.0135541032668859,6.760000228881836,6.840000152587891,6.71999979019165,16766400,0.0,0.0,-0.06077987702116169,0.01890028957377447,16.634887501345908,0.4568583494082685,0.009874299040703693,0.021489082301662243,0.008356969386604574,0.013427409865748752,0.006880796440829771,0.00996421475343438,55.11726688078237,-0.0261461227077735,-0.04966026725589087,0.02351414454811737,2.4849066497880004,6.349128246307373,2025-07-29,-0.016296326114880078
2025-07-29,8,0.3692691928590648,0.6197337446647956,0.875,0.125,0.0,1,2025-07-29,2025-07-29,2025-07-29,6.245660781860352,6.639999866485596,6.75,6.639999866485596,6.730000019073486,13005300,2025-07-29,6.245660781860352,-0.01629632611488,-0.0135541032668859,0.0,6.730000019073486,6.75,6.639999866485596,13005300,-0.016296326114880078,-0.0164305717086628,-0.0719671970045274,0.017612249104831997,16.3808676015413,-0.2243236472945892,-0.009251004621493308,0.004690529682027211,-0.005398227627190777,-0.002527746664522823,0.012629530064169654,0.010990312412684076,46.54540284421868,-0.025562518284310443,-0.04484071746157479,0.019278199177264345,2.1972245773362196,6.245660781860352,2025-07-30,-0.013554103266885997
2025-07-30,12,-0.1003424659138545,0.793521288601368,0.3333333333333333,0.5,0.1666666666666666,1,2025-07-30,2025-07-30,2025-07-30,6.161006450653076,6.550000190734863,6.679999828338623,6.53000020980835,6.650000095367432,15642400,2025-07-30,6.161006450653076,-0.0135541032668859,0.0,0.0366411164463602,6.650000095367432,6.679999828338623,6.53000020980835,15642400,-0.013554103266885997,-0.01364679867968066,-0.07353287784988177,0.024346609556685862,16.56549579792301,0.2027711779043928,-0.01916734666561437,-0.009676386102874357,-0.012665815168253602,-0.01316826683509531,0.010737718449933249,0.009889247512254224,40.93592691913594,-0.03156701966383846,-0.04218597790202752,0.010618958238189063,2.5649493574615367,6.161006450653076,2025-07-31,0.0
2025-07-31,15,0.2716877004131675,0.6993632949633324,0.6666666666666666,0.2666666666666666,0.0666666666666666,1,2025-07-31,2025-07-31,2025-07-31,6.161006450653076,6.550000190734863,6.579999923706055,6.53000020980835,6.550000190734863,24760700,2025-07-31,6.161006450653076,0.0,0.0366411164463602,-0.0058909999267582,6.550000190734863,6.579999923706055,6.53000020980835,24760700,0.0,0.0,-0.059388355535016375,0.008115510720233872,17.024768317173113,0.5829220579962153,-0.014741218953814528,-0.01042449072911833,-0.008479677454611312,-0.010799893935101168,0.010058987852072153,0.009889247512254224,40.93592691913593,-0.035911662970718794,-0.04093111491576578,0.005019451945046986,2.772588722239781,6.161006450653076,2025-08-01,0.036641116446360256
2025-08-01,11,0.5405297352593731,0.3577140425667535,0.9090909090909092,0.0909090909090909,0.0,1,2025-08-01,2025-08-01,2025-08-01,6.386752605438232,6.789999961853027,6.800000190734863,6.570000171661377,6.570000171661377,16987600,2025-08-01,6.386752605438232,0.0366411164463602,-0.0058909999267582,0.0,6.570000171661377,6.800000190734863,6.570000171661377,16987600,0.036641116446360256,0.03598579070453778,-0.027891561862289287,0.03601204450562943,16.647994282972057,-0.3139289276959052,0.020132170344303812,0.021513419594354932,0.01839637194043675,0.020723172544439228,0.02111061752108293,0.015056372188888254,56.97305376210708,-0.020898095801273442,-0.03692451109286731,0.01602641529159387,2.4849066497880004,6.386752605438232,2025-08-04,-0.005890999926758234
2025-08-04,6,0.0016559123372038,0.8895901962172271,0.5,0.5,0.0,1,2025-08-04,2025-08-04,2025-08-04,6.349128246307373,6.75,6.800000190734863,6.679999828338623,6.789999961853027,8724400,2025-08-04,6.349128246307373,-0.0058909999267582,0.0,0.0088889392911966,6.789999961853027,6.800000190734863,6.679999828338623,8724400,-0.005890999926758234,-0.005908420316194318,-0.06492956082805898,0.01890028957377447,15.98163437040089,-0.48642539263933693,0.014122571803521833,0.011993976961300001,0.008230654188069897,0.012003426242648274,0.021368185272710522,0.015388524919308576,54.32552587451221,-0.011898547940479176,-0.031919318462389684,0.020020770521910508,1.9459101490553132,6.349128246307373,2025-08-05,0.0
2025-08-05,8,0.1941974128130823,0.6236150961611121,0.625,0.25,0.125,1,2025-08-05,2025-08-05,2025-08-05,6.349128246307373,6.75,6.769999980926514,6.730000019073486,6.75,40537500,2025-08-05,6.349128246307373,0.0,0.0088889392911966,-0.0044052738821109,6.75,6.769999980926514,6.730000019073486,40537500,0.0,0.0,-0.059388407954463256,0.006300071490332733,17.51773805426623,3.646451331896749,0.010781640875872966,0.00896859236555314,0.005472089832347704,0.00979959806170494,0.01937684465789444,0.015423286320694087,54.32552587451221,-0.004712024141389826,-0.026477859598189712,0.021765835456799887,2.1972245773362196,6.349128246307373,2025-08-06,0.008888939291196607
2025-08-06,8,0.3515265113674104,0.5192944363642809,0.625,0.375,0.0,1,2025-08-06,2025-08-06,2025-08-06,6.40556526184082,6.809999942779541,6.820000171661377,6.690000057220459,6.739999771118164,23516900,2025-08-06,6.40556526184082,0.0088889392911966,-0.0044052738821109,0.0117994512745596,6.739999771118164,6.820000171661377,6.690000057220459,23516900,0.008888939291196607,0.008849665235215687,-0.049619365079275245,0.02029487002737347,16.97322991210948,-0.4198729571384521,0.011887099760017561,0.015811487226961463,0.00956052545897923,0.015309628378139983,0.01689702331167426,0.014659814663702976,57.74175358789032,0.005474239608614262,-0.020087439756828918,0.02556167936544318,2.1972245773362196,6.40556526184082,2025-08-07,-0.004405273882110983
2025-08-07,8,0.2551908286404796,0.5262059700431376,0.75,0.25,0.0,1,2025-08-07,2025-08-07,2025-08-07,6.377346992492676,6.78000020980835,6.809999942779541,6.730000019073486,6.809999942779541,24540200,2025-08-07,6.377346992492676,-0.0044052738821109,0.0117994512745596,0.0116617000718663,6.809999942779541,6.809999942779541,6.730000019073486,24540200,-0.004405273882110983,-0.004415005692476104,-0.06353200498123285,0.012544389351909107,17.015823187922543,0.043513388244198925,0.0005903620091460837,0.01013114804937354,0.0034029566371251985,0.008849128007066165,0.01751721365166362,0.014772979444639516,55.506295571047524,0.011141516050405365,-0.013841648595382063,0.024983164645787426,2.1972245773362196,6.377346992492676,2025-08-08,0.011799451274559614
2025-08-08,8,0.3920972135383636,0.593261064416977,0.875,0.125,0.0,1,2025-08-08,2025-08-08,2025-08-08,6.452596187591553,6.860000133514404,6.869999885559082,6.769999980926514,6.789999961853027,22644300,2025-08-08,6.452596187591553,0.0117994512745596,0.0116617000718663,0.0100865003803538,6.789999961853027,6.869999885559082,6.769999980926514,22644300,0.011799451274559614,0.011730380549558106,-0.04969127778454292,0.015497623239599249,16.93541876675481,-0.07725690907164573,0.01030933884848273,0.020377878399575833,0.010110338140092434,0.016915894210960403,0.007917565788785797,0.015035813210641373,59.95820439254853,0.02145750585114481,-0.00678181770607669,0.0282393235572215,2.1972245773362196,6.452596187591553,2025-08-11,0.011661700071866399
2025-08-11,5,0.2319125071167946,0.5898654807765866,0.6,0.4,0.0,1,2025-08-11,2025-08-11,2025-08-11,6.527844429016113,6.940000057220459,6.96999979019165,6.849999904632568,6.860000133514404,12408000,2025-08-11,6.527844429016113,0.0116617000718663,0.0100865003803538,0.0256776033205174,6.860000133514404,6.96999979019165,6.849999904632568,12408000,0.011661700071866399,0.01159422651189379,-0.0484191979640861,0.018382773496513703,16.333852064431674,-0.4520475351412938,0.016403000002049195,0.029368102544534258,0.014487583838939555,0.02342053780040909,0.007373252707354427,0.01533695860384778,63.85311708644874,0.03529801277902589,0.0016341483909438253,0.03366386438808206,1.791759469228055,6.527844429016113,2025-08-12,0.010086500380353858
2025-08-12,4,0.5987179991789162,0.264160978873721,1.0,0.0,0.0,1,2025-08-12,2025-08-12,2025-08-12,6.593687534332275,7.010000228881836,7.03000020980835,6.940000057220459,6.940000057220459,18637600,2025-08-12,6.593687534332275,0.0100865003803538,0.0256776033205174,0.0013907461548776,6.940000057220459,7.03000020980835,6.940000057220459,18637600,0.010086500380353858,0.010035971126879595,-0.049900939485998407,0.013649441548340626,16.740691657222204,0.5020631850419084,0.018895339583909987,0.034075823539943206,0.016345454452940666,0.02743978263995772,0.006820983285989371,0.013869882144520514,66.88816829105257,0.05099189968188522,0.011505698649132106,0.03948620103275312,1.6094379124341003,6.593687534332275,2025-08-13,0.025677603320517495
2025-08-13,7,-0.017297303037984,0.5485027588901037,0.4285714285714285,0.5714285714285714,0.0,1,2025-08-13,2025-08-13,2025-08-13,6.762997627258301,7.190000057220459,7.25,7.010000228881836,7.010000228881836,24538200,2025-08-13,6.762997627258301,0.0256776033205174,0.0013907461548776,0.0069444957842346,7.010000228881836,7.25,7.010000228881836,24538200,0.025677603320517495,0.025353470585876448,-0.0352357480112286,0.03548718842526923,17.015741685676357,0.31659655749667337,0.0336400153324965,0.05070875888368298,0.027900455705743177,0.04360940687445791,0.010661372708775999,0.013415344070563155,73.1347600095078,0.07621279398811787,0.02444711771692926,0.05176567627118861,2.0794415416798357,6.762997627258301,2025-08-14,0.0013907461548776645
2025-08-14,13,-0.0262511945687807,0.7032156364047648,0.5384615384615384,0.4615384615384615,0.0,1,2025-08-14,2025-08-14,2025-08-14,6.772403240203857,7.199999809265137,7.289999961853027,7.139999866485596,7.179999828338623,30962800,2025-08-14,6.772403240203857,0.0013907461548776,0.0069444957842346,0.0110344518959346,7.179999828338623,7.289999961853027,7.139999866485596,30962800,0.0013907461548776645,0.0013897799631585883,-0.0567683283955007,0.022148724765378332,17.24829707416972,0.2618203454206094,0.02272720890106772,0.04226977229141582,0.019364020605455945,0.036568329747166395,0.008708808122735475,0.013313360697982904,73.43458338167997,0.09585453735204119,0.03872860164395165,0.05712593570808954,2.6390573296152584,6.772403240203857,2025-08-15,0.006944495784234617
2025-08-15,15,0.2435040701180696,0.6843216537783902,0.6666666666666666,0.3333333333333333,0.0,1,2025-08-15,2025-08-15,2025-08-15,6.81943416595459,7.25,7.269999980926514,7.139999866485596,7.199999809265137,11771100,2025-08-15,6.81943416595459,0.0069444957842346,0.0110344518959346,0.0081855853969217,7.199999809265137,7.269999980926514,7.139999866485596,11771100,0.006944495784234617,0.006920493830295138,-0.052856340748901914,0.019063181970423854,16.281158017767286,-0.6198308938468098,0.018544540184656233,0.04256541985215678,0.01747463265537519,0.035526473545541615,0.009019054877918898,0.009321175218553076,74.94058944090962,0.11390276298364022,0.05376343391188937,0.06013932907175085,2.772588722239781,6.81943416595459,2025-08-18,0.01103445189593466
2025-08-18,10,0.5128918445901945,0.3451091142350876,0.9,0.0,0.1,1,2025-08-18,2025-08-18,2025-08-18,6.894682884216309,7.329999923706055,7.360000133514404,7.199999809265137,7.260000228881836,23695100,2025-08-18,6.894682884216309,0.0110344518959346,0.0081855853969217,-0.0040595285011787,7.260000228881836,7.360000133514404,7.199999809265137,23695100,0.01103445189593466,0.010974016506126949,-0.050319191893716024,0.02320633551044809,16.98077887587738,1.01298944023923,0.01862143259481397,0.04535078669540216,0.018953273330231557,0.03809086447716847,0.009014557688409587,0.008276019512922297,77.17059031161202,0.1327478202716268,0.06956031118383686,0.06318750908778993,2.3978952727983707,6.894682884216309,2025-08-19,0.008185585396921713
2025-08-19,5,0.4345974814146757,0.459834825830304,0.8,0.2,0.0,1,2025-08-19,2025-08-19,2025-08-19,6.951119899749756,7.389999866485596,7.409999847412109,7.28000020980835,7.329999923706055,13882100,2025-08-19,6.951119899749756,0.0081855853969217,-0.0040595285011787,0.0122282263368693,7.329999923706055,7.409999847412109,7.28000020980835,13882100,0.008185585396921713,0.00815226519949741,-0.05168895332876576,0.018701970254957023,16.4461108704639,-0.4141362560191769,0.016226647126560412,0.04437535764034406,0.018031946909173646,0.03779748869884836,0.009103769669964281,0.007751175537208819,78.70144489632759,0.15050176872760002,0.08574860269258949,0.06475316603501052,1.791759469228055,6.951119899749756,2025-08-20,-0.004059528501178744
2025-08-20,9,-0.0194903768392072,0.7306579148324646,0.4444444444444444,0.5555555555555556,0.0,1,2025-08-20,2025-08-20,2025-08-20,6.922901630401611,7.360000133514404,7.389999866485596,7.340000152587891,7.389999866485596,18028500,2025-08-20,6.922901630401611,-0.0040595285011787,0.0122282263368693,0.0013422781343734,7.389999866485596,7.389999866485596,7.340000152587891,18028500,-0.004059528501178744,-0.004067790755155842,-0.06320679898822767,0.007222363766969269,16.70746445251082,0.29868679810691456,0.007391220220229977,0.032113324550526734,0.00922341206782118,0.027311472412774096,0.0060206487331049335,0.008805131446064164,75.95880737646138,0.1604454074989219,0.10068796365385599,0.0597574438450659,2.302585092994046,6.922901630401611,2025-08-21,0.012228226336869374
2025-08-21,9,-0.102248882357445,0.8120018876311706,0.4444444444444444,0.4444444444444444,0.1111111111111111,1,2025-08-21,2025-08-21,2025-08-21,7.007556438446045,7.449999809265137,7.46999979019165,7.360000133514404,7.360000133514404,32198900,2025-08-21,7.007556438446045,0.0122282263368693,0.0013422781343734,0.0053619153557538,7.360000133514404,7.46999979019165,7.360000133514404,32198900,0.012228226336869374,0.012154065535160408,-0.04788637074386401,0.015697291579950368,17.287442879497398,0.7859999445322683,0.012778675879241197,0.035009711303646496,0.014273681673700578,0.03238909837523263,0.006466144536096394,0.007743785018608012,78.39164614796228,0.17316066008399833,0.11518250293988447,0.05797815714411386,2.302585092994046,7.007556438446045,2025-08-22,0.0013422781343734869
2025-08-22,9,0.4787513916122002,0.6597581092974476,0.7777777777777778,0.2222222222222222,0.0,1,2025-08-22,2025-08-22,2025-08-22,7.01696252822876,7.460000038146973,7.480000019073486,7.429999828338623,7.440000057220459,17389800,2025-08-22,7.01696252822876,0.0013422781343734,0.0053619153557538,-0.0133332963827671,7.440000057220459,7.480000019073486,7.429999828338623,17389800,0.0013422781343734869,0.0013413780844000467,-0.056859882491686914,0.007125617463926298,16.671394442906738,-0.45992564963399374,0.008380633691450257,0.02783135059057895,0.010369370591333915,0.027465308341971806,0.0069188097585274,0.008096057908235019,78.65016605774117,0.18189975505401623,0.12852595336271083,0.0533738016913054,2.302585092994046,7.01696252822876,2025-08-25,0.00536191535575381
2025-08-25,7,0.1633813700505665,0.4412621190866811,0.4285714285714285,0.2857142857142857,0.2857142857142857,1,2025-08-25,2025-08-25,2025-08-25,7.054586887359619,7.5,7.510000228881836,7.449999809265137,7.480000019073486,26314200,2025-08-25,7.054586887359619,0.0053619153557538,-0.0133332963827671,0.0081080853345223,7.480000019073486,7.510000228881836,7.449999809265137,26314200,0.00536191535575381,0.005347591467118384,-0.05687341318570761,0.008505164168323979,17.085619313398166,0.5131973915743713,0.009149597662525544,0.025430658369710812,0.010469496839906611,0.026818342803109907,0.006269495123324245,0.008063345722761907,79.6965402876846,0.18967506602895412,0.1407557758959595,0.04891929013299462,2.0794415416798357,7.054586887359619,2025-08-26,-0.013333296382767146
2025-08-26,8,-0.5923120023799129,0.3417331865350983,0.0,0.875,0.125,1,2025-08-26,2025-08-26,2025-08-26,6.960525989532471,7.400000095367432,7.5,7.300000190734863,7.5,38975200,2025-08-26,6.960525989532471,-0.0133332963827671,0.0081080853345223,-0.0013404788389385,7.5,7.5,7.300000190734863,38975200,-0.013333296382767146,-0.013422982882243195,-0.07192986806233724,0.028733433301722424,17.478436130046838,0.4811470612825015,-0.004573568057509636,0.006391965488555806,-0.0020042681660945583,0.01071508197649651,0.009667779731960842,0.010395500880376008,70.40626596896075,0.18610186122790395,0.1498249929623484,0.03627686826555554,2.1972245773362196,6.960525989532471,2025-08-27,0.008108085334522341
2025-08-27,11,0.2112142173150046,0.7553606398793716,0.5454545454545454,0.4545454545454545,0.0,1,2025-08-27,2025-08-27,2025-08-27,7.01696252822876,7.460000038146973,7.46999979019165,7.349999904632568,7.400000095367432,10442600,2025-08-27,7.01696252822876,0.0081080853345223,-0.0013404788389385,-0.0026846243148859,7.400000095367432,7.46999979019165,7.349999904632568,10442600,0.008108085334522341,0.00807539141512481,-0.05176183273003768,0.01710140036751382,16.1614042473201,-0.7320706500543936,0.0008049347021239495,0.010840105645975262,0.004050159056685043,0.015418842993320192,0.009823717370982078,0.007750240798869698,72.47920255599284,0.1856835829324508,0.1569967109563689,0.028686871976081885,2.4849066497880004,7.01696252822876,2025-08-28,-0.001340478838938508
2025-08-28,11,0.3315855917436155,0.767255755392303,0.7272727272727273,0.2727272727272727,0.0,1,2025-08-28,2025-08-28,2025-08-28,7.007556438446045,7.449999809265137,7.5,7.400000095367432,7.440000057220459,17848700,2025-08-28,7.007556438446045,-0.0013404788389385,-0.0026846243148859,-0.0255719355931699,7.440000057220459,7.5,7.400000095367432,17848700,-0.001340478838938508,-0.0013413780844000467,-0.05812414186136075,0.014270296002745254,16.697441290432586,0.7092199260720511,-0.0005366231347493366,0.006076971734884973,0.0018012104017752772,0.011472427990498746,0.008304557994904503,0.007888351272527728,71.57927616944073,0.18248947644556957,0.16209526405420904,0.020394212391360522,2.4849066497880004,7.007556438446045,2025-08-29,-0.0026846243148859195
2025-08-29,10,0.0560303318779915,0.7199577991170595,0.4,0.6,0.0,1,2025-08-29,2025-08-29,2025-08-29,6.988743782043457,7.429999828338623,7.46999979019165,7.389999866485596,7.460000038146973,33133100,2025-08-29,6.988743782043457,-0.0026846243148859,-0.0255719355931699,-0.0013812816209651,7.460000038146973,7.46999979019165,7.389999866485596,33133100,-0.0026846243148859195,-0.0026882343813041665,-0.06317107958360994,0.011446967609773111,17.316043370861674,0.856331273426076,-0.0024168039162846267,0.0009429576910071624,-0.0005923417066400205,0.007153432306388874,0.008340385761716737,0.008000905901146362,69.7148526189499,0.17640659448275642,0.1649575301399185,0.011449064342837906,2.3978952727983707,6.988743782043457,2025-09-02,-0.025571935593169948
2025-09-02,14,-0.1343636276266936,0.7630361658538729,0.4285714285714285,0.5714285714285714,0.0,3,2025-08-30,2025-09-02,2025-09-02,6.810028076171875,7.239999771118164,7.349999904632568,7.070000171661377,7.349999904632568,55731100,2025-09-02,6.810028076171875,-0.0255719355931699,-0.0013812816209651,0.0096819948089799,7.349999904632568,7.349999904632568,7.070000171661377,55731100,-0.025571935593169948,-0.02590458071011903,-0.07346555584583873,0.041115797150808195,17.836048915316837,0.6820369962363919,-0.0210924648516152,-0.023469101717856766,-0.017586039864619263,-0.015270999859533507,0.012883400223477027,0.011334177085766397,55.046421931176035,0.15537394866478316,0.16304081384489144,-0.007666865180108284,2.70805020110221,6.810028076171875,2025-09-03,-0.0013812816209651801
2025-09-03,5,0.4777867246419191,0.3388245102644986,1.0,0.0,0.0,1,2025-09-03,2025-09-03,2025-09-03,6.800621509552002,7.230000019073486,7.28000020980835,7.179999828338623,7.230000019073486,16151700,2025-09-03,6.800621509552002,-0.0013812816209651,0.0096819948089799,-0.0041095773401996,7.230000019073486,7.28000020980835,7.179999828338623,16151700,-0.0013812816209651801,-0.0013822364698015122,-0.05938845205930007,0.014704594474088617,16.597535927164042,-0.7101851569410975,-0.017929943349139776,-0.02270888668809734,-0.012708935390309373,-0.013648606950532605,0.012509670637374223,0.010849553383297975,54.397650702673694,0.1363743553315686,0.15770752214222689,-0.021333166810658277,1.791759469228055,6.800621509552002,2025-09-04,0.00968199480897991
2025-09-04,5,0.0990994459483772,0.5878027327740706,0.6,0.4,0.0,1,2025-09-04,2025-09-04,2025-09-04,6.866465091705322,7.300000190734863,7.320000171661377,7.210000038146973,7.230000019073486,18489000,2025-09-04,6.866465091705322,0.0096819948089799,-0.0041095773401996,-0.0151307702064655,7.230000019073486,7.320000171661377,7.210000038146973,18489000,0.00968199480897991,0.009635424650642044,-0.050281455934871565,0.016019907193190897,16.7326865726987,0.14470922565426547,-0.004092702733682674,-0.01244582536015948,-0.0021021995866610244,-0.0033560301871953246,0.012921592850203016,0.011432977062955945,58.118575791327565,0.12518698983963805,0.15120341568170914,-0.02601642584207109,1.791759469228055,6.866465091705322,2025-09-08,-0.004109577340199677
2025-09-08,9,0.1666052024811506,0.6511494974132433,0.5555555555555556,0.4444444444444444,0.0,1,2025-09-08,2025-09-08,2025-09-08,6.838246822357178,7.269999980926514,7.300000190734863,7.21999979019165,7.269999980926514,13755600,2025-09-08,6.838246822357178,-0.0041095773401996,-0.0151307702064655,0.0069832917429413,7.269999980926514,7.300000190734863,7.21999979019165,13755600,-0.004109577340199677,-0.004118044859737102,-0.05938833008281684,0.011698963582545322,16.436956644588765,-0.2560116826220996,-0.0032903108568679285,-0.01410354040456363,-0.004143993771484555,-0.0061052118893829554,0.012824193531817877,0.010500187852084043,56.009337002126045,0.11274429749950343,0.143511592045268,-0.030767294545764573,2.302585092994046,6.838246822357178,2025-09-09,-0.015130770206465582
2025-09-09,5,0.5207284392789007,0.30061909677925,0.6,0.0,0.4,1,2025-09-09,2025-09-09,2025-09-09,6.734778881072998,7.159999847412109,7.28000020980835,7.130000114440918,7.28000020980835,24252800,2025-09-09,6.734778881072998,-0.0151307702064655,0.0069832917429413,0.0041608759537536,7.28000020980835,7.28000020980835,7.130000114440918,24252800,-0.015130770206465582,-0.015246408254583121,-0.0748930375030449,0.022272460316252185,17.0040426738322,0.7631219285236559,-0.011049762828757248,-0.025054493000076228,-0.012890593065390421,-0.01736607387917055,0.013497988158105038,0.011122839391591593,48.988837162188645,0.09345706120465458,0.1335006858771453,-0.04004362467249073,1.791759469228055,6.734778881072998,2025-09-10,0.006983291742941322
2025-09-10,9,0.3257954144436452,0.566520764968091,0.7777777777777778,0.1111111111111111,0.1111111111111111,1,2025-09-10,2025-09-10,2025-09-10,6.7818098068237305,7.210000038146973,7.21999979019165,7.150000095367432,7.159999847412109,15698000,2025-09-10,6.7818098068237305,0.0069832917429413,0.0041608759537536,0.0179557508144709,7.159999847412109,7.21999979019165,7.150000095367432,15698000,0.006983291742941322,0.0069590214865018485,-0.052819839196654575,0.01032168356502513,16.569043937371276,-0.3527345296213221,-0.0033176572747013466,-0.014354047687209381,-0.004006222262134873,-0.008610671308214357,0.00983760170902868,0.011285743501410322,51.93782783912799,0.08103269566368088,0.12300708783445242,-0.04197439217077155,2.302585092994046,6.7818098068237305,2025-09-11,0.0041608759537536955
2025-09-11,7,-0.047832578420639,0.3902804586813882,0.5714285714285714,0.4285714285714285,0.0,1,2025-09-11,2025-09-11,2025-09-11,6.810028076171875,7.239999771118164,7.25,7.179999828338623,7.210000038146973,15424100,2025-09-11,6.810028076171875,0.0041608759537536,0.0179557508144709,0.0203527943331254,7.210000038146973,7.25,7.179999828338623,15424100,0.0041608759537536955,0.0041522434469778435,-0.05547461301787921,0.010278984297628064,16.551441844047538,-0.01744808255828767,0.000552776028999391,-0.008083290403901655,9.19853009864191e-05,-0.0036730510412238404,0.010064121259327326,0.011009709971129118,53.668504838185626,0.07262608664751546,0.11293088759706504,-0.04030480094954958,2.0794415416798357,6.810028076171875,2025-09-12,0.017955750814470983
2025-09-12,4,0.1132727861404419,0.3169368046593552,0.5,0.5,0.0,1,2025-09-12,2025-09-12,2025-09-12,6.932307243347168,7.369999885559082,7.369999885559082,7.239999771118164,7.25,8974200,2025-09-12,6.932307243347168,0.0179557508144709,0.0203527943331254,-0.0003413106639594,7.25,7.369999885559082,7.239999771118164,8974200,0.017955750814470983,0.017796450400195507,-0.043819690572804416,0.018752791801845935,16.009864463306013,-0.41817026601227947,0.01655167784390188,0.010973899344659532,0.011960962503581252,0.011601894912536714,0.012398335015396994,0.012381949588816483,60.33407093038269,0.07496652782948843,0.10533801564354973,-0.030371487814061307,1.6094379124341003,6.932307243347168,2025-09-17,0.020352794333125424
2025-09-17,9,0.3307823778854477,0.2198759373907418,0.8888888888888888,0.0,0.1111111111111111,3,2025-09-14,2025-09-17,2025-09-17,7.073399066925049,7.519999980926514,7.550000190734863,7.449999809265137,7.5,30594200,2025-09-17,7.073399066925049,0.0203527943331254,-0.0003413106639594,-0.0122951554832344,7.5,7.550000190734863,7.449999809265137,30594200,0.020352794333125424,0.020148444291771206,-0.05688012440999349,0.014137528580470545,17.236321039159435,2.409128390274342,0.03013697203198329,0.03056048170506598,0.021471776948615462,0.02618468807881369,0.014107316669918662,0.01412174742280302,66.34973140342277,0.08720107561839274,0.10171062763851835,-0.014509552020125605,2.302585092994046,7.073399066925049,2025-09-18,-0.00034131066395948206
2025-09-18,7,-0.1670003083002354,0.658641527175834,0.2857142857142857,0.7142857142857143,0.0,1,2025-09-18,2025-09-18,2025-09-18,7.070984840393066,7.320000171661377,7.389999866485596,7.28000020980835,7.349999904632568,20760900,2025-09-18,7.070984840393066,-0.0003413106639594,-0.0122951554832344,0.0110650207973095,7.349999904632568,7.389999866485596,7.28000020980835,20760900,-0.00034131066395948206,-0.00034136892370106864,-0.037961233722417324,0.01555648317174604,16.848582016090887,-0.321410594164907,0.019798796990723178,0.028975808268337344,0.013983632427523762,0.021038448149881095,0.008950628537889175,0.01407269648737828,66.1648242537841,0.09560021520978612,0.10048854515277192,-0.004888329942985797,2.0794415416798357,7.070984840393066,2025-09-19,-0.012295155483234455
2025-09-19,11,0.1366315748627213,0.6813116331053244,0.5454545454545454,0.4545454545454545,0.0,1,2025-09-19,2025-09-19,2025-09-19,6.98404598236084,7.230000019073486,7.329999923706055,7.230000019073486,7.320000171661377,28169200,2025-09-19,6.98404598236084,-0.0122951554832344,0.0110650207973095,-0.0027359646250497,7.320000171661377,7.329999923706055,7.230000019073486,28169200,-0.012295155483234455,-0.012371366233708159,-0.04589537997569303,0.014318334227055743,17.153739775943027,0.3568390580369829,0.0014185149740606473,0.01375722939195434,0.0010105198396381798,0.006931270605638584,0.013483734777939892,0.01168346270406612,59.71137092703254,0.09415598302144357,0.09922203272650625,-0.005066049705062678,2.4849066497880004,6.98404598236084,2025-09-22,0.011065020797309533
2025-09-22,6,0.7848138599656522,0.2022907084955228,1.0,0.0,0.0,1,2025-09-22,2025-09-22,2025-09-22,7.061324596405029,7.309999942779541,7.320000171661377,7.199999809265137,7.230000019073486,5781400,2025-09-22,7.061324596405029,0.0110650207973095,-0.0027359646250497,0.0,7.230000019073486,7.320000171661377,7.199999809265137,5781400,0.011065020797309533,0.011004251320774205,-0.023329933917492926,0.016994030051717672,15.570156598820699,-0.7947616545730798,0.005254852463269177,0.021110397449557228,0.008025480788098394,0.014738557728230406,0.013605553560399533,0.011875052188004824,63.15179098481004,0.09811613518485451,0.09900085321817591,-0.0008847180333213939,1.9459101490553132,7.061324596405029,2025-09-23,-0.0027359646250496583
2025-09-23,8,0.3994665207574144,0.4702553147523354,0.625,0.25,0.125,1,2025-09-23,2025-09-23,2025-09-23,7.042005062103272,7.289999961853027,7.320000171661377,7.260000228881836,7.309999942779541,14964600,2025-09-23,7.042005062103272,-0.0027359646250497,0.0,-0.0068587443726044,7.309999942779541,7.320000171661377,7.260000228881836,14964600,-0.0027359646250496583,-0.002739714216993372,-0.03666140667223682,0.008520292480678865,16.521198036701666,1.5884041927560797,-0.0006168933357179052,0.01573831064642217,0.0035055505898029526,0.009766070150947881,0.012688113476072217,0.01184461512754486,61.73252103780123,0.09855952647758848,0.09891258787005842,-0.00035306139246994717,2.1972245773362196,7.042005062103272,2025-09-24,0.0
2025-09-24,9,-0.0561841677149964,0.7200093554470617,0.5555555555555556,0.4444444444444444,0.0,1,2025-09-24,2025-09-24,2025-09-24,7.042005062103272,7.289999961853027,7.289999961853027,7.230000019073486,7.28000020980835,12896300,2025-09-24,7.042005062103272,0.0,-0.0068587443726044,0.0013812086891922,7.28000020980835,7.289999961853027,7.230000019073486,12896300,0.0,0.0,-0.03269164022611239,0.008520292480678865,16.372451084026878,-0.13821284899028374,0.00027442235334129705,0.012761796228032862,0.0023343060505511826,0.007976257997113434,0.008329117193049719,0.011656114254815345,61.73252103780123,0.09778372733112572,0.09868681576227188,-0.0009030884311461568,2.302585092994046,7.042005062103272,2025-09-25,-0.006858744372604586
2025-09-25,11,0.0806706477887928,0.5529842355923487,0.4545454545454545,0.4545454545454545,0.0909090909090909,1,2025-09-25,2025-09-25,2025-09-25,6.993705749511719,7.239999771118164,7.289999961853027,7.230000019073486,7.289999961853027,14802500,2025-09-25,6.993705749511719,-0.0068587443726044,0.0013812086891922,0.0165517110840367,7.289999961853027,7.289999961853027,7.230000019073486,14802500,-0.006858744372604586,-0.006882373666628361,-0.040643925088031725,0.008579134571643944,16.51030671094422,0.14780983692997207,-0.004400459086493669,0.0020839467314099913,-0.0030315540255700935,0.0008694009617007392,0.008727799869458453,0.010458321110029015,57.95600413528746,0.09220862639902982,0.09739117788962347,-0.005182551490593643,2.4849066497880004,6.993705749511719,2025-09-26,0.001381208689192226
2025-09-26,13,0.3585048999923926,0.4870419673522127,0.7692307692307693,0.2307692307692307,0.0,1,2025-09-26,2025-09-26,2025-09-26,7.003365516662598,7.25,7.28000020980835,7.199999809265137,7.239999771118164,8029900,2025-09-26,7.003365516662598,0.0013812086891922,0.0165517110840367,-0.0040705364067332,7.239999771118164,7.28000020980835,7.199999809265137,8029900,0.001381208689192226,0.0013802556978896874,-0.03268429032270812,0.011423136540977872,15.898682757079822,-0.4575308224961999,-0.0035734150792100516,0.00029257310149199967,-0.001103630360876462,0.0018416363857538531,0.0066566520426297425,0.01042053667041125,58.50277686648162,0.08756043898678634,0.09542503010905605,-0.007864591122269712,2.6390573296152584,7.003365516662598,2025-09-29,0.016551711084036747
2025-09-29,6,-0.1079520862549543,0.515771791762765,0.3333333333333333,0.5,0.1666666666666666,2,2025-09-27,2025-09-29,2025-09-29,7.119283199310303,7.369999885559082,7.369999885559082,7.25,7.260000228881836,10254000,2025-09-29,7.119283199310303,0.0165517110840367,-0.0040705364067332,0.0149863696997434,7.260000228881836,7.369999885559082,7.25,10254000,0.016551711084036747,0.016416224493313925,-0.01938251034920505,0.016855613437418433,16.143178528848697,0.2769772973511502,0.01125134388455562,0.012377355554127556,0.010233906743187138,0.015023716231799877,0.008895077322081025,0.011242694629412447,64.47345373300897,0.09216785157887131,0.0947735944030191,-0.0026057428241478,1.9459101490553132,7.119283199310303,2025-09-30,-0.004070536406733272
2025-09-30,2,0.5579573325812817,0.2284398543910253,1.0,0.0,0.0,1,2025-09-30,2025-09-30,2025-09-30,7.090303897857666,7.340000152587891,7.360000133514404,7.309999942779541,7.349999904632568,21167500,2025-09-30,7.090303897857666,-0.0040705364067332,0.0149863696997434,0.0201341957254448,7.349999904632568,7.360000133514404,7.309999942779541,21167500,-0.004070536406733272,-0.004078843590846315,-0.035332790495850315,0.007051910814425152,16.867977591740804,1.064316364345621,0.005755000165377444,0.005996218341395965,0.00407283099703637,0.008894043534298346,0.009078385407500198,0.010444544225354539,62.06907589228542,0.0924155627350931,0.0943019880694339,-0.0018864253343408022,1.0986122886681098,7.090303897857666,2025-10-01,0.01498636969974343
2025-10-01,9,-0.0101959225204255,0.6483385095183791,0.5555555555555556,0.3333333333333333,0.1111111111111111,1,2025-10-01,2025-10-01,2025-10-01,7.196561813354492,7.449999809265137,7.46999979019165,7.340000152587891,7.349999904632568,13253600,2025-10-01,7.196561813354492,0.0149863696997434,0.0201341957254448,0.0105263294634276,7.349999904632568,7.46999979019165,7.340000152587891,13253600,0.01498636969974343,0.014875183536334546,-0.020875931057001373,0.018064131313722958,16.39977984705766,-0.3738703200661392,0.016371078313864196,0.019291264028473254,0.012666098825346639,0.019562163995279214,0.01080922867932726,0.009510286210748588,66.93776509105129,0.10003288453261927,0.09544816736207098,0.004584717170548286,2.302585092994046,7.196561813354492,2025-10-02,0.020134195725444837
2025-10-02,4,0.4010481673758477,0.790417192171106,0.75,0.25,0.0,1,2025-10-02,2025-10-02,2025-10-02,7.341458797454834,7.599999904632568,7.619999885559082,7.420000076293945,7.449999809265137,22272600,2025-10-02,7.341458797454834,0.0201341957254448,0.0105263294634276,-0.0013020126981106,7.449999809265137,7.619999885559082,7.420000076293945,22272600,0.020134195725444837,0.01993418307904893,-0.014569263703244194,0.027242516069758974,16.918867826306805,0.6804943562503774,0.02674950291913092,0.035845672013117724,0.021796711775332378,0.03256373439558913,0.010518405341510034,0.011080225479228616,72.18144255976048,0.11641962957819985,0.09964245980529676,0.016777169772903083,1.6094379124341003,7.341458797454834,2025-10-03,0.010526329463427686
2025-10-03,6,-0.194698912401994,0.5646287131558477,0.5,0.5,0.0,1,2025-10-03,2025-10-03,2025-10-03,7.418737411499023,7.679999828338623,7.679999828338623,7.53000020980835,7.599999904632568,11666900,2025-10-03,7.418737411499023,0.0105263294634276,-0.0013020126981106,0.0,7.599999904632568,7.679999828338623,7.53000020980835,11666900,0.010526329463427686,0.010471313398812354,-0.023850328343169667,0.020219022484577284,16.272266416298148,-0.4761770067257527,0.025641018879715594,0.04036843955433156,0.021468700585586475,0.0352575358403977,0.009427813087037018,0.009651300383713486,74.50397065325703,0.1340962038302207,0.10653320861028155,0.027562995219939143,1.9459101490553132,7.418737411499023,2025-10-06,-0.0013020126981106994
2025-10-06,10,0.2139414590783417,0.6549752624206366,0.6,0.4,0.0,1,2025-10-06,2025-10-06,2025-10-06,7.409078121185303,7.670000076293945,7.690000057220459,7.619999885559082,7.679999828338623,7918600,2025-10-06,7.409078121185303,-0.0013020126981106,0.0,-0.0013038388622755,7.679999828338623,7.690000057220459,7.619999885559082,7918600,-0.0013020126981106994,-0.001302861053102955,-0.03527626474074121,0.009447892236582106,15.884725106773535,-0.3212764316142248,0.01616327356398184,0.0339714669776956,0.013336298184497775,0.02757422668122622,0.010424018470615712,0.00973608362109356,73.67598483501557,0.1456466681470312,0.11435590051763149,0.03129076762939971,2.3978952727983707,7.409078121185303,2025-10-07,0.0
2025-10-07,4,-0.4255638888571411,0.896205255021622,0.25,0.75,0.0,1,2025-10-07,2025-10-07,2025-10-07,7.409078121185303,7.670000076293945,7.679999828338623,7.579999923706055,7.650000095367432,7154300,2025-10-07,7.409078121185303,0.0,-0.0013038388622755,-0.0117492897145092,7.650000095367432,7.679999828338623,7.579999923706055,7154300,0.0,0.0,-0.031493068127936716,0.013496942939045485,15.783224272279991,-0.09651958679564565,0.007354914257606815,0.02870176111803957,0.008851516634590384,0.022448187030501332,0.009343209406149171,0.009535241177419114,73.67598483501557,0.15303638613715886,0.12209199764153697,0.030944388495621894,1.6094379124341003,7.409078121185303,2025-10-08,-0.0013038388622755859
2025-10-08,11,-0.0669915535995228,0.7213189266093485,0.3636363636363636,0.6363636363636364,0.0,1,2025-10-08,2025-10-08,2025-10-08,7.399417877197266,7.659999847412109,7.670000076293945,7.590000152587891,7.670000076293945,9284500,2025-10-08,7.399417877197266,-0.0013038388622755,-0.0117492897145092,-0.0092470471227908,7.670000076293945,7.670000076293945,7.590000152587891,9284500,-0.0013038388622755859,-0.0013046895997286256,-0.03527799170862875,0.010811651001978128,16.043857008729173,0.29775100289336476,0.0005224505775487387,0.022287457735713723,0.00501150209214285,0.01720990338139039,0.009515405139138736,0.00962177769722278,72.73838104737787,0.15631142907468387,0.12893588392816635,0.02737554514651752,2.4849066497880004,7.399417877197266,2025-10-09,-0.011749289714509281
2025-10-09,11,0.7844377945346589,0.2092878704599472,1.0,0.0,0.0,1,2025-10-09,2025-10-09,2025-10-09,7.3124799728393555,7.570000171661377,7.659999847412109,7.550000190734863,7.659999847412109,16613000,2025-10-09,7.3124799728393555,-0.0117492897145092,-0.0092470471227908,-0.0093334188958161,7.659999847412109,7.659999847412109,7.550000190734863,16613000,-0.011749289714509281,-0.011818858075025362,-0.04536813074352236,0.015042729290995163,16.62569613956244,0.7893262965156982,-0.010457490596644359,0.005846442577007727,-0.004541401609735374,0.004298225643047049,0.00789481940318133,0.01038571830902144,64.75196205343728,0.15016080163735968,0.13318086747000502,0.01697993416735466,2.4849066497880004,7.3124799728393555,2025-10-10,-0.009247047122790897
2025-10-10,9,0.3101827882799423,0.6790683376367977,0.6666666666666666,0.3333333333333333,0.0,1,2025-10-10,2025-10-10,2025-10-10,7.244861125946045,7.5,7.570000171661377,7.46999979019165,7.570000171661377,12222500,2025-10-10,7.244861125946045,-0.0092470471227908,-0.0093334188958161,-0.010767107941546,7.570000171661377,7.570000171661377,7.46999979019165,12222500,-0.009247047122790897,-0.009290066469696434,-0.04295099581800594,0.013802939729458012,16.318789155251256,-0.2642809847709625,-0.014972423059408047,-0.0067540521796226605,-0.009206488308448724,-0.004085260506167532,0.005374389795582231,0.01124996003842592,59.298463787852796,0.13823660373187074,0.13419201472237818,0.004044589009492561,2.302585092994046,7.244861125946045,2025-10-13,-0.009333418895816181
2025-10-13,5,-0.1247820481657981,0.5944995824190724,0.2,0.6,0.2,1,2025-10-13,2025-10-13,2025-10-13,7.177241802215576,7.429999828338623,7.460000038146973,7.349999904632568,7.389999866485596,15518000,2025-10-13,7.177241802215576,-0.0093334188958161,-0.010767107941546,-0.0013605375473237,7.389999866485596,7.460000038146973,7.349999904632568,15518000,-0.009333418895816181,-0.009377248181190456,-0.028789995685236623,0.015326240434096541,16.557511262877323,0.2696256903252199,-0.017975220153569005,-0.016805671846641168,-0.012378798826874204,-0.010974421561935288,0.005296922029467346,0.010872725127100382,54.367317380164046,0.12192480343731393,0.13173857246536533,-0.009813769028051395,1.791759469228055,7.177241802215576,2025-10-14,-0.010767107941546006
2025-10-14,5,0.0885005414485931,0.7499353954319427,0.6,0.4,0.0,1,2025-10-14,2025-10-14,2025-10-14,7.099963665008545,7.349999904632568,7.449999809265137,7.300000190734863,7.420000076293945,22132200,2025-10-14,7.099963665008545,-0.010767107941546,-0.0013605375473237,0.0,7.420000076293945,7.449999809265137,7.300000190734863,22132200,-0.010767107941546006,-0.010825492716581842,-0.04313159137395163,0.021126814953931587,16.9125441648313,0.42622760665034143,-0.02026126948694129,-0.02752051659140564,-0.015460342950948447,-0.017761675905523022,0.004145271150656853,0.011403678678630647,49.31960554034023,0.10159080874628934,0.12570901972155013,-0.02411821097526079,1.791759469228055,7.099963665008545,2025-10-15,-0.0013605375473237924
2025-10-15,8,0.4328805975383147,0.5760398579660301,0.625,0.25,0.125,1,2025-10-15,2025-10-15,2025-10-15,7.090303897857666,7.340000152587891,7.400000095367432,7.320000171661377,7.349999904632568,18067100,2025-10-15,7.090303897857666,-0.0013605375473237,0.0,0.0,7.349999904632568,7.400000095367432,7.320000171661377,18067100,-0.0013605375473237924,-0.0013614639188701538,-0.035332790495850315,0.011283003501475677,16.7096032180432,-0.1836735615980336,-0.01317558649422712,-0.02742811975863846,-0.011262969465424266,-0.015680122882964276,0.004120736879157861,0.01015047289280797,48.710802751707305,0.08373130659460415,0.11731347709616094,-0.03358217050155679,2.1972245773362196,7.090303897857666,2025-10-16,0.0
2025-10-16,9,0.4759832510414223,0.6542843401424758,0.7777777777777778,0.2222222222222222,0.0,1,2025-10-16,2025-10-16,2025-10-16,7.090303897857666,7.340000152587891,7.380000114440918,7.320000171661377,7.329999923706055,8139700,2025-10-16,7.090303897857666,0.0,0.0,0.0013623911316125,7.329999923706055,7.380000114440918,7.320000171661377,8139700,0.0,0.0,-0.03270068599498677,0.008462252626106758,15.912264005117347,-0.54947390560743,-0.007034624265440326,-0.024065955073709788,-0.007536942427758375,-0.012865871166222065,0.005044914324033373,0.006858628069791062,48.710802751707305,0.0687846162296708,0.10760770492286292,-0.03882308869319212,2.302585092994046,7.090303897857666,2025-10-17,0.0
2025-10-17,10,0.2408787769032642,0.7141708164252771,0.6,0.3,0.1,1,2025-10-17,2025-10-17,2025-10-17,7.090303897857666,7.340000152587891,7.349999904632568,7.300000190734863,7.340000152587891,8097200,2025-10-17,7.090303897857666,0.0,0.0013623911316125,-0.0204081975308708,7.340000152587891,7.349999904632568,7.300000190734863,8097200,0.0,0.0,-0.034018562607548215,0.007051843562419445,15.907029004369033,-0.005221322653168992,-0.0027173779998485026,-0.01963404124331336,-0.005037283523809388,-0.010551303993785344,0.005309871166578155,0.005041754887668625,48.710802751707305,0.0562903760152107,0.09734423914133249,-0.04105386312612179,2.3978952727983707,7.090303897857666,2025-10-21,0.001362391131612517
2025-10-21,4,0.2781480762641877,0.4560265850069767,0.75,0.25,0.0,1,2025-10-21,2025-10-21,2025-10-21,7.099963665008545,7.349999904632568,7.349999904632568,7.309999942779541,7.340000152587891,6717400,2025-10-21,7.099963665008545,0.0013623911316125,-0.0204081975308708,0.0180556047852193,7.340000152587891,7.349999904632568,7.309999942779541,6717400,0.001362391131612517,0.0013614639188701538,-0.032702518063942435,0.005633826275782666,15.720211881737578,-0.1704045843007459,0.000816989455292072,-0.014084517300850918,-0.0024575194233232844,-0.007542583993629948,0.004910693565138938,0.005294000163049073,49.48954258557802,0.04663053532343664,0.08720149837775332,-0.04057096305431668,1.6094379124341003,7.099963665008545,2025-10-22,-0.020408197530870864
2025-10-22,15,-0.0105113306548446,0.6595265971045667,0.4,0.4666666666666667,0.1333333333333333,1,2025-10-22,2025-10-22,2025-10-22,6.955066204071045,7.199999809265137,7.360000133514404,7.199999809265137,7.349999904632568,6326400,2025-10-22,6.955066204071045,-0.0204081975308708,0.0180556047852193,0.0054569990936204,7.349999904632568,7.360000133514404,7.199999809265137,6326400,-0.020408197530870864,-0.020619322182166888,-0.053732476964061464,0.023004859990493513,15.660242070026202,-0.0582070443921755,-0.015586577963416115,-0.02807778932778937,-0.015326939864375722,-0.022858403828539653,0.009177662063660006,0.007102630157976435,39.742002396737966,0.02697211014457146,0.07515562073111695,-0.04818351058654549,2.772588722239781,6.955066204071045,2025-10-23,0.018055604785219392
2025-10-23,14,0.1842297708249784,0.5600724320966178,0.5714285714285714,0.4285714285714285,0.0,1,2025-10-23,2025-10-23,2025-10-23,7.080644130706787,7.329999923706055,7.349999904632568,7.210000038146973,7.21999979019165,11247500,2025-10-23,7.080644130706787,0.0180556047852193,0.0054569990936204,0.0108548307295426,7.21999979019165,7.349999904632568,7.210000038146973,11247500,0.018055604785219392,0.01789453823310838,-0.019301338439673858,0.019772193588780317,16.235656528606107,0.7778673495194739,0.0024617217218858567,-0.006101685059109463,0.0016332836035921616,-0.004271295109225748,0.013639642593991311,0.010456439559795104,49.09915665215159,0.021280447982277018,0.06438058618134897,-0.04310013819907195,2.70805020110221,7.080644130706787,2025-10-24,0.005456999093620407
2025-10-24,7,0.0913520357238927,0.8436650939411598,0.5714285714285714,0.4285714285714285,0.0,1,2025-10-24,2025-10-24,2025-10-24,7.119283199310303,7.369999885559082,7.369999885559082,7.300000190734863,7.329999923706055,11775100,2025-10-24,7.119283199310303,0.0054569990936204,0.0108548307295426,-0.008053718045592,7.329999923706055,7.369999885559082,7.300000190734863,11775100,0.005456999093620407,0.005442163621034668,-0.02874716597394088,0.009832407682700434,16.28149777532466,0.04690820182262723,0.007105758786396743,0.00203941896794535,0.0047216237727860655,0.000950849931842912,0.01387573316421183,0.010518111088074957,51.59008610400899,0.019660975145635362,0.055436663974206254,-0.03577568882857089,2.0794415416798357,7.119283199310303,2025-10-27,0.01085483072954263
2025-10-27,5,0.8922126026824116,0.0770449379651138,1.0,0.0,0.0,2,2025-10-26,2025-10-27,2025-10-27,7.196561813354492,7.449999809265137,7.5,7.400000095367432,7.400000095367432,11463500,2025-10-27,7.196561813354492,0.0108548307295426,-0.008053718045592,-0.0013531065775995,7.400000095367432,7.5,7.400000095367432,11463500,0.01085483072954263,0.010796339945488231,-0.0274916593771798,0.01389551111018054,16.254678719978244,-0.026462620274987025,0.014986383351717203,0.013605449441170592,0.010364480266076725,0.009646912900382665,0.014534538445489494,0.01102062110551225,56.20610310810534,0.02433277646352039,0.049215886472069086,-0.024883110008548696,1.791759469228055,7.196561813354492,2025-10-28,-0.008053718045592073
2025-10-28,6,0.1190249215190609,0.5960427628367663,0.5,0.5,0.0,1,2025-10-28,2025-10-28,2025-10-28,7.1386027336120605,7.389999866485596,7.46999979019165,7.380000114440918,7.449999809265137,15992000,2025-10-28,7.1386027336120605,-0.008053718045592,-0.0013531065775995,-0.0094851147903096,7.449999809265137,7.46999979019165,7.380000114440918,15992000,-0.008053718045592073,-0.008086324419133373,-0.04179826625845138,0.012607463828596259,16.587599217693636,0.3950364199415537,0.005715826526957679,0.005989631611983182,0.0014837581594400184,0.0012396140700874358,0.015394746857650018,0.010915045869230344,52.186887317542855,0.02309220673068957,0.04399115052379318,-0.020898943793103614,1.9459101490553132,7.1386027336120605,2025-10-29,-0.001353106577599572
2025-10-29,9,0.2096647674010859,0.5939390620691214,0.5555555555555556,0.3333333333333333,0.1111111111111111,1,2025-10-29,2025-10-29,2025-10-29,7.12894344329834,7.380000114440918,7.440000057220459,7.369999885559082,7.389999866485596,5128400,2025-10-29,7.12894344329834,-0.0013531065775995,-0.0094851147903096,-0.0013679823125248,7.389999866485596,7.440000057220459,7.369999885559082,5128400,-0.001353106577599572,-0.001354022852943615,-0.035325633004565184,0.00981915093283305,15.450304472653254,-0.6793146573286644,-0.0005416690404435043,0.004218307473781158,8.575892182283162e-05,-9.423184022805398e-05,0.010194335621271637,0.010319517052439211,51.525601302671625,0.02108654965879353,0.03941023035079325,-0.018323680691999723,2.302585092994046,7.12894344329834,2025-10-30,-0.009485114790309668
2025-10-30,9,0.6287045081973904,0.5097798517334512,0.8888888888888888,0.1111111111111111,0.0,1,2025-10-30,2025-10-30,2025-10-30,7.061324596405029,7.309999942779541,7.400000095367432,7.309999942779541,7.380000114440918,11351500,2025-10-30,7.061324596405029,-0.0094851147903096,-0.0013679823125248,0.0164383426402818,7.380000114440918,7.400000095367432,7.309999942779541,11351500,-0.009485114790309668,-0.009530384980993123,-0.04318096383390509,0.012745505656787162,16.2448605398439,1.213458388581234,-0.0094850750384734,-0.004900602151658551,-0.006286477518799294,-0.007850588040993922,0.00870252076310013,0.010787583663295288,47.032622553365655,0.013880767304323527,0.03430433774149931,-0.020423570437175784,2.302585092994046,7.061324596405029,2025-10-31,-0.0013679823125248847
2025-10-31,13,0.0863701968740385,0.7992955453276825,0.4615384615384615,0.5384615384615384,0.0,1,2025-10-31,2025-10-31,2025-10-31,7.05166482925415,7.300000190734863,7.369999885559082,7.300000190734863,7.309999942779541,12221800,2025-10-31,7.05166482925415,-0.0013679823125248,0.0164383426402818,0.0175201959084616,7.309999942779541,7.369999885559082,7.300000190734863,12221800,-0.0013679823125248847,-0.0013689188545413788,-0.03533996108721743,0.009926690578630716,16.31873188219022,0.07666828172488227,-0.00896006961800766,-0.005720484045426133,-0.005110264148999288,-0.007546313486203493,0.008041583376387489,0.010791226195203634,46.41002603373127,0.0073064462304728295,0.028904759439294016,-0.021598313208821187,2.6390573296152584,7.05166482925415,2025-11-03,0.0164383426402821
2025-11-03,11,0.4522476260423321,0.6131795429853849,0.8181818181818182,0.1818181818181818,0.0,1,2025-11-03,2025-11-03,2025-11-03,7.167582511901856,7.420000076293945,7.449999809265137,7.300000190734863,7.300000190734863,9279300,2025-11-03,7.167582511901856,0.0164383426402818,0.0175201959084616,-0.0066224840820758,7.300000190734863,7.449999809265137,7.300000190734863,9279300,0.0164383426402821,0.016304695719560724,-0.018139407585368424,0.02092750495459205,16.04329677864958,-0.2407583171055,0.008152174022395542,0.009523823211760485,0.007468059008892025,0.0071623839203756035,0.010317827598125584,0.012053066623273611,54.238474581934355,0.011319355158978084,0.02538767858323083,-0.014068323424252745,2.4849066497880004,7.167582511901856,2025-11-04,0.017520195908461433
2025-11-04,5,0.4798388881608844,0.6387609716392981,0.6,0.4,0.0,1,2025-11-04,2025-11-04,2025-11-04,7.293159961700439,7.550000190734863,7.570000171661377,7.400000095367432,7.420000076293945,10563900,2025-11-04,7.293159961700439,0.0175201959084616,-0.0066224840820758,0.0,7.420000076293945,7.570000171661377,7.400000095367432,10563900,0.017520195908461433,0.017368486696317298,-0.01709435489074272,0.023309522509678906,16.17295318090504,0.1384371665966182,0.021374433669755888,0.024423331812681193,0.016607013456779285,0.020206366728888092,0.012002220988098892,0.013120460336810672,60.90185961946681,0.024351950968275027,0.025180533060239672,-0.0008285820919646456,1.791759469228055,7.293159961700439,2025-11-05,-0.006622484082075775
2025-11-05,13,0.1363485453005593,0.789473886573811,0.5384615384615384,0.4615384615384615,0.0,1,2025-11-05,2025-11-05,2025-11-05,7.244861125946045,7.5,7.519999980926514,7.460000038146973,7.519999980926514,11934600,2025-11-05,7.244861125946045,-0.0066224840820758,0.0,0.0040000460721061,7.519999980926514,7.519999980926514,7.460000038146973,11934600,-0.006622484082075775,-0.006644510027958628,-0.03658761378701092,0.008281724347298118,16.29495238611119,0.12975321614176583,0.011326871612103329,0.013513533795961763,0.006561436052837433,0.010977753973228088,0.012830967133742054,0.010961649535144656,57.43767556000558,0.030432260491239482,0.026230878546439636,0.0042013819447998466,2.6390573296152584,7.244861125946045,2025-11-06,0.0
2025-11-06,9,0.2941459860756166,0.6053961918184781,0.7777777777777778,0.2222222222222222,0.0,1,2025-11-06,2025-11-06,2025-11-06,7.244861125946045,7.5,7.519999980926514,7.480000019073486,7.489999771118164,10760900,2025-11-06,7.244861125946045,0.0,0.0040000460721061,0.0066400731594593,7.489999771118164,7.519999980926514,7.480000019073486,10760900,0.0,0.0,-0.0327287920778565,0.005521149564865412,16.191429845251722,-0.09834430982186249,0.006171192585811447,0.011190526462383055,0.004364744371531337,0.008963907147676364,0.011045778494229802,0.00984588029355263,57.43767556000558,0.03484922937115531,0.02795454871138277,0.006894680659772539,2.302585092994046,7.244861125946045,2025-11-07,0.004000046072106134
2025-11-07,11,0.2233523310331459,0.6283031812557778,0.7272727272727273,0.2727272727272727,0.0,1,2025-11-07,2025-11-07,2025-11-07,7.27384090423584,7.53000020980835,7.539999961853027,7.460000038146973,7.480000019073486,11620200,2025-11-07,7.27384090423584,0.0040000460721061,0.0066400731594593,0.0092348479125585,7.480000019073486,7.539999961853027,7.460000038146973,11620200,0.004000046072106134,0.003992067158088419,-0.02756137891871055,0.010998305401410089,16.268255607000913,0.07985391556468335,0.004000046072106134,0.01304996778556422,0.005572596117577211,0.010611127099595219,0.010495758643748365,0.009805307630734712,59.058234154148,0.040224452495388974,0.030408529468184013,0.009815923027204961,2.4849066497880004,7.27384090423584,2025-11-10,0.006640073159459359
2025-11-10,5,0.6554293957538903,0.5636478271579043,0.8,0.0,0.2,1,2025-11-10,2025-11-10,2025-11-10,7.322139739990234,7.579999923706055,7.639999866485596,7.519999980926514,7.519999980926514,8299100,2025-11-10,7.322139739990234,0.0066400731594593,0.0092348479125585,-0.0078431628125587,7.519999980926514,7.639999866485596,7.519999980926514,8299100,0.006640073159459359,0.006618124978457596,-0.026311202318899687,0.016388636357716122,15.93165775364751,-0.28580403091168827,0.0063728171778942855,0.01799625689991058,0.00813323798351595,0.014127772487370294,0.008918097707667121,0.009476697154108416,61.67716096928355,0.04783030990366832,0.033892885555280874,0.013937424348387448,1.791759469228055,7.322139739990234,2025-11-11,0.009234847912558575
2025-11-11,8,0.4614099387836177,0.5714062176305016,0.625,0.375,0.0,1,2025-11-11,2025-11-11,2025-11-11,7.389758586883545,7.650000095367432,7.710000038146973,7.579999923706055,7.579999923706055,14729600,2025-11-11,7.389758586883545,0.0092348479125585,-0.0078431628125587,-0.002635033088799,7.579999923706055,7.710000038146973,7.579999923706055,14729600,0.009234847912558575,0.009192467423012607,-0.02509780194423748,0.017591929819150212,16.505369700495564,0.7748430552710535,0.01297670905785786,0.023822297428228945,0.011561573149178717,0.01913986228409348,0.006206951547768896,0.00905258080283613,65.04804666222086,0.05863833628735726,0.03884197570169615,0.01979636058566111,2.1972245773362196,7.389758586883545,2025-11-12,-0.007843162812558702
2025-11-12,6,-0.297635057553028,0.7375901674218944,0.3333333333333333,0.6666666666666666,0.0,1,2025-11-12,2025-11-12,2025-11-12,7.331799507141113,7.590000152587891,7.679999828338623,7.519999980926514,7.650000095367432,16022600,2025-11-12,7.331799507141113,-0.0078431628125587,-0.002635033088799,-0.0052839896652069,7.650000095367432,7.679999828338623,7.519999980926514,16022600,-0.007843162812558702,-0.007874082190599596,-0.041594847615624125,0.02182272541089958,16.589510845976164,0.08778242450575702,0.0026419948326035225,0.012945417638005274,0.0024155663490230683,0.009101485529251496,0.006669626974571364,0.009652010974115806,60.16315061429758,0.06181440374484204,0.04343646131032533,0.01837794243451671,1.9459101490553132,7.331799507141113,2025-11-13,-0.002635033088799088
2025-11-13,11,0.6317724140614949,0.2347534954190911,1.0,0.0,0.0,1,2025-11-13,2025-11-13,2025-11-13,7.3124799728393555,7.570000171661377,7.619999885559082,7.570000171661377,7.610000133514404,9483300,2025-11-13,7.3124799728393555,-0.002635033088799,-0.0052839896652069,0.0106241826102062,7.610000133514404,7.619999885559082,7.570000171661377,9483300,-0.002635033088799088,-0.0026385108992625916,-0.03909594684036489,0.006837586438994477,16.065043020372357,-0.40812976670452983,-0.0018459954232248332,0.006782829288647596,-0.00015056589221340566,0.00526494445761716,0.00700307247634253,0.008892379933900515,58.58387114990857,0.06205717860347271,0.04716060476895481,0.014896573834517896,2.4849066497880004,7.3124799728393555,2025-11-14,-0.005283989665206934
2025-11-14,9,0.0176197218243032,0.8339459516842891,0.4444444444444444,0.5555555555555556,0.0,1,2025-11-14,2025-11-14,2025-11-14,7.27384090423584,7.53000020980835,7.619999885559082,7.53000020980835,7.570000171661377,12516500,2025-11-14,7.27384090423584,-0.0052839896652069,0.0106241826102062,-0.0210250567333585,7.570000171661377,7.619999885559082,7.53000020980835,12516500,-0.005283989665206934,-0.005297999311608015,-0.03912275570801466,0.012373060799050763,16.342558411732963,0.3198464669471597,-0.007120230867693422,-0.0015910558434342192,-0.0036290798287671455,-3.834451556961049e-05,0.00751248285751131,0.009212812606903523,55.44888303898514,0.05845786364851868,0.04942005654486759,0.00903780710365109,2.302585092994046,7.27384090423584,2025-11-17,0.010624182610206256
2025-11-17,10,0.5479005535133183,0.4290961548582482,0.9,0.1,0.0,2,2025-11-15,2025-11-17,2025-11-17,7.351119518280029,7.610000133514404,7.610000133514404,7.53000020980835,7.539999961853027,10951800,2025-11-17,7.351119518280029,0.0106241826102062,-0.0210250567333585,0.0161074360911841,7.539999961853027,7.610000133514404,7.53000020980835,10951800,0.010624182610206256,0.010568142552574322,-0.02505045683403145,0.010882685760599984,16.209014475588116,-0.12501098549914114,0.0026350720423593543,0.006480663957994848,0.004626968608570703,0.008644170173689014,0.008531969196050978,0.008430939449192772,60.05312369885442,0.06113637682809436,0.051763320601512945,0.009373056226581418,2.3978952727983707,7.351119518280029,2025-11-18,-0.021025056733358527
2025-11-18,4,0.2205826926510781,0.843248391152887,0.5,0.5,0.0,1,2025-11-18,2025-11-18,2025-11-18,7.196561813354492,7.449999809265137,7.630000114440918,7.449999809265137,7.610000133514404,10461100,2025-11-18,7.196561813354492,-0.0210250567333585,0.0161074360911841,-0.0052839896652069,7.610000133514404,7.630000114440918,7.449999809265137,10461100,-0.021025056733358527,-0.021249230990970647,-0.054328293417385334,0.02501198625734846,16.163174269187998,-0.04480542011358868,-0.013245085157922776,-0.013375763217149284,-0.01105771396407118,-0.01030204710717797,0.011340241150167383,0.009567698948271672,49.11939184262695,0.05020882662625947,0.051452421806462256,-0.0012435951802027834,1.6094379124341003,7.196561813354492,2025-11-19,0.016107436091184146
2025-11-19,10,0.5886030500289053,0.2522085949438036,1.0,0.0,0.0,1,2025-11-19,2025-11-19,2025-11-19,7.3124799728393555,7.570000171661377,7.570000171661377,7.460000038146973,7.480000019073486,11656500,2025-11-19,7.3124799728393555,0.0161074360911841,-0.0052839896652069,-0.0092962335333856,7.480000019073486,7.570000171661377,7.460000038146973,11656500,0.016107436091184146,0.01597908775000434,-0.02239572804905966,0.015042794499674023,16.271374608088585,0.11427096576841822,0.0031804902890295583,0.001587720280048499,0.0032424751119248807,0.004609368742165776,0.01456245784391083,0.010783146925829937,55.64237951077795,0.050322207975451505,0.05122637904026011,-0.0009041710648086052,2.3978952727983707,7.3124799728393555,2025-11-20,-0.005283989665206934
2025-11-20,10,0.2339561899658292,0.6073850751483987,0.7,0.3,0.0,1,2025-11-20,2025-11-20,2025-11-20,7.27384090423584,7.53000020980835,7.599999904632568,7.519999980926514,7.579999923706055,10465500,2025-11-20,7.27384090423584,-0.0052839896652069,-0.0092962335333856,0.001340476009926,7.579999923706055,7.599999904632568,7.519999980926514,10465500,-0.005283989665206934,-0.005297999311608015,-0.040390372368305505,0.010998305401410089,16.163594786581584,-0.10217475228413331,-0.001061271101572503,-0.004099966431091562,-0.0013733742701296237,-0.0005719627814496642,0.014709607251872061,0.010964548289236223,53.194333957155045,0.04675524819832155,0.0503321528718724,-0.003576904673550846,2.3978952727983707,7.27384090423584,2025-11-21,-0.0092962335333856
2025-11-21,6,-0.4996309319976716,0.7423878663658017,0.1666666666666666,0.8333333333333334,0.0,1,2025-11-21,2025-11-21,2025-11-21,7.206221580505371,7.460000038146973,7.539999961853027,7.460000038146973,7.519999980926514,8280700,2025-11-21,7.206221580505371,-0.0092962335333856,0.001340476009926,0.0,7.519999980926514,7.539999961853027,7.460000038146973,8280700,-0.0092962335333856,-0.00933971318680582,-0.0417258512256649,0.011101507608713345,15.92943818461358,-0.20876212316659504,-0.008506163541567635,-0.012443794403556585,-0.007129887756141429,-0.008084125312750712,0.01510767930697697,0.011288110872049577,49.12134781192138,0.038033664164256464,0.04787245513034921,-0.009838790966092748,1.9459101490553132,7.206221580505371,2025-11-24,0.0013404760099260393
2025-11-24,5,0.7317099582403899,0.2867087040351175,1.0,0.0,0.0,1,2025-11-24,2025-11-24,2025-11-24,7.21588134765625,7.46999979019165,7.539999961853027,7.420000076293945,7.46999979019165,24312500,2025-11-24,7.21588134765625,0.001340476009926,0.0,0.0174029260943116,7.46999979019165,7.539999961853027,7.420000076293945,24312500,0.0013404760099260393,0.0013395783740428602,-0.03401853409274068,0.016629969338126455,17.006501220474043,1.9360440542466217,-0.00346855213900632,-0.009677903837426172,-0.003873466831408323,-0.005533192786808638,0.013708591169282122,0.01101718294056367,49.71369698096176,0.03153766192550833,0.044605496489381044,-0.013067834563872713,1.791759469228055,7.21588134765625,2025-11-25,0.0
2025-11-25,7,0.5977514179290405,0.653136646025078,0.8571428571428571,0.1428571428571428,0.0,1,2025-11-25,2025-11-25,2025-11-25,7.21588134765625,7.46999979019165,7.53000020980835,7.449999809265137,7.480000019073486,4803900,2025-11-25,7.21588134765625,0.0,0.0174029260943116,-0.0157893967682191,7.480000019073486,7.53000020980835,7.449999809265137,4803900,0.0,0.0,-0.03530998271975292,0.011086712307041658,15.384938854142856,-0.8024102827763496,-0.004000032961301581,-0.007309019274668982,-0.002585649697051995,-0.0045317168006093755,0.009668791937539306,0.010395644728464451,49.71369698096176,0.026088797927338092,0.04090215677697246,-0.014813358849634368,2.0794415416798357,7.21588134765625,2025-11-26,0.0174029260943116
2025-11-26,8,0.7693802388384938,0.2326872326285693,1.0,0.0,0.0,1,2025-11-26,2025-11-26,2025-11-26,7.341458797454834,7.599999904632568,7.599999904632568,7.460000038146973,7.5,7312300,2025-11-26,7.341458797454834,0.0174029260943116,-0.0157893967682191,0.0227272922252859,7.5,7.599999904632568,7.460000038146973,7312300,0.0174029260943116,0.017253229453415564,-0.021138827006022137,0.019069761248831283,15.805068556476737,0.5221590790815795,0.012523279547510535,0.009832518772161958,0.009799929919678929,0.010442176148010684,0.010192310895307713,0.0118689997590216,57.22251826954474,0.03154001104173787,0.03902972762992554,-0.007489716588187673,2.1972245773362196,7.341458797454834,2025-11-27,-0.01578939676821911
2025-11-27,14,0.2060800744054307,0.8282264507569452,0.5714285714285714,0.4285714285714285,0.0,1,2025-11-27,2025-11-27,2025-11-27,7.225541591644287,7.480000019073486,7.599999904632568,7.480000019073486,7.599999904632568,8862200,2025-11-27,7.225541591644287,-0.0157893967682191,0.0227272922252859,0.039215620482522,7.599999904632568,7.599999904632568,7.480000019073486,8862200,-0.01578939676821911,-0.015915377155964583,-0.04927083127462025,0.016607735771371313,15.997305711594718,0.21195793389220907,-0.0021344217491254813,-0.0049221586923052785,-0.004104540929525724,-0.004514421308420058,0.012573175305857049,0.012901543452787465,49.826420003619646,0.026204517593297005,0.036464685622599836,-0.010260168029302831,2.70805020110221,7.225541591644287,2025-11-28,0.02272729222528591
2025-11-28,14,-0.2676394734631425,0.7802641011693039,0.2857142857142857,0.6428571428571429,0.0714285714285714,1,2025-11-28,2025-11-28,2025-11-28,7.389758586883545,7.650000095367432,7.679999828338623,7.489999771118164,7.5,21372700,2025-11-28,7.389758586883545,0.0227272922252859,0.039215620482522,0.0062893394172525,7.5,7.679999828338623,7.489999771118164,21372700,0.02272729222528591,0.022472874916782182,-0.01469885508219401,0.02571126715258326,16.87762501144703,1.4116697885400917,0.015396922913868405,0.016071230170742412,0.012277147798039456,0.01476886335318528,0.015318189888891857,0.014798499097202733,58.090635962913474,0.03482559194658741,0.036136866887397354,-0.001311274940809945,2.70805020110221,7.389758586883545,2025-12-01,0.03921562048252203
2025-12-01,15,0.2578925382345914,0.6405872066029454,0.6666666666666666,0.2666666666666666,0.0666666666666666,2,2025-11-29,2025-12-01,2025-12-01,7.679552555084228,7.949999809265137,8.0,7.659999847412109,7.670000076293945,22154900,2025-12-01,7.679552555084228,0.039215620482522,0.0062893394172525,-0.0062500308518568,7.670000076293945,8.0,7.659999847412109,22154900,0.03921562048252203,0.03846621751852286,0.0012454339889521827,0.044273432618518176,16.91356929408848,0.036598090086886526,0.041939699539300435,0.051170153712755795,0.03405941232154586,0.0442044520843512,0.02120540805943941,0.018909415301838237,68.08188399052138,0.06430058963601137,0.04176961143712016,0.022530978198891216,2.772588722239781,7.679552555084228,2025-12-02,0.006289339417252515
2025-12-02,8,0.5747620186884888,0.6014051090477118,0.875,0.125,0.0,1,2025-12-02,2025-12-02,2025-12-02,7.727851867675781,8.0,8.050000190734863,7.900000095367432,7.949999809265137,12175100,2025-12-02,7.727851867675781,0.0062893394172525,-0.0062500308518568,-0.0037735663952779,7.949999809265137,8.050000190734863,7.900000095367432,12175100,0.006289339417252515,0.006269644059489821,-0.027943137977243532,0.01941032229083675,16.314903522586402,-0.45045565540805876,0.03412617394985329,0.05014440710276258,0.02668121886479602,0.04116060707602909,0.020435451681281858,0.01664324814699838,69.39162444635934,0.09051370290840755,0.051518429731377643,0.0389952731770299,2.1972245773362196,7.727851867675781,2025-12-03,-0.006250030851856936
2025-12-03,11,0.2314097702249207,0.6683522465413336,0.6363636363636364,0.3636363636363636,0.0,1,2025-12-03,2025-12-03,2025-12-03,7.679552555084228,7.949999809265137,8.029999732971191,7.909999847412109,8.0,10666700,2025-12-03,7.679552555084228,-0.0062500308518568,-0.0037735663952779,-0.001262620045667,8.0,8.029999732971191,7.909999847412109,10666700,-0.006250030851856936,-0.006269644059489821,-0.04005593061447155,0.015625895480022,16.18263739084071,-0.12389220622417885,0.018447320439315407,0.03840123908796067,0.013418977075951855,0.02817519656093137,0.022110874139390675,0.016825063768407957,66.45492274808788,0.10616661056000787,0.062448065897103694,0.043718544662904174,2.4849066497880004,7.679552555084228,2025-12-04,-0.0037735663952778165
2025-12-04,8,0.3662178028898779,0.651545484179931,0.625,0.25,0.125,1,2025-12-04,2025-12-04,2025-12-04,7.650573253631592,7.920000076293945,7.980000019073486,7.880000114440918,7.940000057220459,6232200,2025-12-04,7.650573253631592,-0.0037735663952779,-0.001262620045667,-0.0012642162704721,7.940000057220459,7.980000019073486,7.880000114440918,6232200,-0.0037735663952778165,-0.0037807042594084628,-0.03645173822456952,0.01307090348884643,15.645240118900926,-0.415733075834138,0.0032936370167007123,0.029239776360782788,0.006376123034839587,0.01979055883859071,0.01916770513440112,0.016728632407889642,64.68605607694921,0.1149086695949828,0.07294018663667952,0.041968482958303285,2.1972245773362196,7.650573253631592,2025-12-05,-0.0012626200456670178
2025-12-05,6,-0.175711412448436,0.5877501255153172,0.5,0.5,0.0,1,2025-12-05,2025-12-05,2025-12-05,7.640913486480713,7.909999847412109,7.96999979019165,7.809999942779541,7.929999828338623,10852000,2025-12-05,7.640913486480713,-0.001262620045667,-0.0012642162704721,-0.0063291451664372,7.929999828338623,7.96999979019165,7.809999942779541,10852000,-0.0012626200456670178,-0.0012634178219532721,-0.03645477277626565,0.020939884700330882,16.19986004490987,0.7412791630563846,-0.004530571558106877,0.021963837464928027,0.0033978523877700173,0.015088019252062601,0.01869580908507712,0.016138324544945768,64.0738296774187,0.11967778092265657,0.08228770549387493,0.037390075428781644,1.9459101490553132,7.640913486480713,2025-12-08,-0.0012642162704721294
2025-12-08,4,-0.6660720966756345,0.2925990321415321,0.0,1.0,0.0,1,2025-12-08,2025-12-08,2025-12-08,7.631253719329834,7.900000095367432,7.929999828338623,7.809999942779541,7.929999828338623,8047100,2025-12-08,7.631253719329834,-0.0012642162704721,-0.0063291451664372,-0.0038216373062833,7.929999828338623,7.929999828338623,7.809999942779541,8047100,-0.0012642162704721294,-0.0012650160660085952,-0.03767290232985767,0.015724793064490098,15.900822460310843,-0.25846848507187614,-0.004536280415514793,0.015032778522623191,0.0014185534702324532,0.01126649947522873,0.004696026817196558,0.01624238909343951,63.427338575435456,0.12127983508560636,0.09008613141222122,0.031193703673385142,1.6094379124341003,7.631253719329834,2025-12-09,-0.006329145166437233
2025-12-09,5,0.3785366855561733,0.4211933144135139,0.8,0.2,0.0,1,2025-12-09,2025-12-09,2025-12-09,7.582954406738281,7.849999904632568,7.949999809265137,7.809999942779541,7.900000095367432,8699300,2025-12-09,7.582954406738281,-0.0063291451664372,-0.0038216373062833,0.0166240221933899,7.900000095367432,7.949999809265137,7.809999942779541,8699300,-0.006329145166437233,-0.006349259120042028,-0.04013236516478858,0.018462443392932782,15.978753235569407,0.08104783089560219,-0.0070832430281077,0.0037079474788082045,-0.0032851003783725963,0.003977791885302784,0.002513240989367274,0.016609619758431084,60.15889711807061,0.11729996272636267,0.0955288976750495,0.021771065051313168,1.791759469228055,7.582954406738281,2025-12-10,-0.0038216373062833764
2025-12-10,6,-0.2690959970156352,0.3526559637828846,0.3333333333333333,0.6666666666666666,0.0,1,2025-12-10,2025-12-10,2025-12-10,7.5539751052856445,7.820000171661377,7.849999904632568,7.800000190734863,7.840000152587891,6257100,2025-12-10,7.5539751052856445,-0.0038216373062833,0.0166240221933899,0.0025381260660772,7.840000152587891,7.849999904632568,7.800000190734863,6257100,-0.0038216373062833764,-0.003828958420514894,-0.03648278593563964,0.006618993735195053,15.649227536771269,-0.2807352315703562,-0.007614213293365535,-0.0029325557493646848,-0.004740665865746063,0.00011532214549125896,0.0021193717786098278,0.01621370189674585,58.22037454288755,0.11053333825237033,0.09852978579051366,0.012003552461856665,1.9459101490553132,7.5539751052856445,2025-12-11,0.016624022193389765
2025-12-11,7,0.2332156257969992,0.5619437923812406,0.8571428571428571,0.1428571428571428,0.0,1,2025-12-11,2025-12-11,2025-12-11,7.679552555084228,7.949999809265137,7.960000038146973,7.809999942779541,7.820000171661377,13127200,2025-12-11,7.679552555084228,0.0166240221933899,0.0025381260660772,0.0037973956008849,7.820000171661377,7.960000038146973,7.809999942779541,13127200,0.016624022193389765,0.016487355687927252,-0.017960052876483622,0.019532400395922085,16.39019704762078,1.0979687075482252,0.00811563309288088,0.007604544063606111,0.007838853555950376,0.013655829226917326,0.009098059357864684,0.015257572292291513,63.68177521564217,0.11398978700166573,0.10162178603274409,0.012368000968921641,2.0794415416798357,7.679552555084228,2025-12-12,0.002538126066077284
2025-12-12,11,0.5369665091857314,0.5515392858951672,0.8181818181818182,0.0909090909090909,0.0909090909090909,1,2025-12-12,2025-12-12,2025-12-12,7.699044227600098,7.900000095367432,7.96999979019165,7.829999923706055,7.880000114440918,8357900,2025-12-12,7.699044227600098,0.0025381260660772,0.0037973956008849,0.0063052144334996,7.880000114440918,7.96999979019165,7.829999923706055,8357900,0.002538126066077284,0.002534910464033313,-0.022963944697056524,0.018184057961858943,15.938717876980865,-0.3633143396916326,0.0091342211278167,0.006079283683450898,0.006907312258237042,0.013238894701657067,0.009042369237446187,0.014123524108395341,64.45837787354435,0.11695369323669169,0.10468816747353363,0.012265525763158064,2.4849066497880004,7.699044227600098,2025-12-15,0.0037973956008849896
2025-12-15,9,0.5094838655139837,0.4718835463109122,0.7777777777777778,0.2222222222222222,0.0,1,2025-12-15,2025-12-15,2025-12-15,7.728280544281006,7.929999828338623,7.929999828338623,7.860000133514404,7.900000095367432,8213100,2025-12-15,7.728280544281006,0.0037973956008849,0.0063052144334996,-0.0075187757862408,7.900000095367432,7.929999828338623,7.860000133514404,8213100,0.0037973956008849896,0.0037902036954671203,-0.021736651773855333,0.009057602712937114,15.921241120223726,-0.017324926117804673,0.01039634689322888,0.009257112969689896,0.007128460083954735,0.013936619521372817,0.008931272694090034,0.00702097760068239,65.64502642603338,0.12027527816190631,0.10780558961120817,0.012469688550698133,2.302585092994046,7.728280544281006,2025-12-16,0.0063052144334996285
2025-12-16,5,0.3217809164896607,0.6328807220581926,0.6,0.4,0.0,1,2025-12-16,2025-12-16,2025-12-16,7.777009010314941,7.980000019073486,7.980000019073486,7.860000133514404,7.949999809265137,6546300,2025-12-16,7.777009010314941,0.0063052144334996,-0.0075187757862408,-0.0050504906979959,7.949999809265137,7.980000019073486,7.860000133514404,6546300,0.0063052144334996285,0.006285419731958619,-0.02175984944661097,0.01543008184765141,15.694410715265365,-0.2029440771450488,0.011633935714060906,0.014969129500568723,0.00894555607130898,0.016572141127908502,0.007451687238451721,0.007022394834497371,67.58744533366476,0.1253941721526095,0.11132330611948844,0.014070866033121063,1.791759469228055,7.777009010314941,2025-12-17,-0.007518775786240828
2025-12-17,12,0.0572628296019198,0.6788333797291897,0.5,0.5,0.0,1,2025-12-17,2025-12-17,2025-12-17,7.718535423278809,7.920000076293945,7.960000038146973,7.880000114440918,7.949999809265137,19521900,2025-12-17,7.718535423278809,-0.0075187757862408,-0.0050504906979959,0.034263861525384,7.949999809265137,7.960000038146973,7.880000114440918,19521900,-0.007518775786240828,-0.007547184268489104,-0.029115017803720385,0.010364650716608486,16.78704752150247,1.9821273085559783,-0.0002524360835566286,0.00682557035610265,0.0009059365566361777,0.007293511280442644,0.008644804487308344,0.0071709280927783345,62.98536092517174,0.12331114856805492,0.11372087460920174,0.009590273958853174,2.5649493574615367,7.718535423278809,2025-12-18,-0.005050490697995902
2025-12-18,8,0.1698416708095465,0.7871892624918522,0.5,0.5,0.0,1,2025-12-18,2025-12-18,2025-12-18,7.679553031921387,7.880000114440918,7.920000076293945,7.849999904632568,7.920000076293945,14881800,2025-12-18,7.679553031921387,-0.0050504906979959,0.034263861525384,0.0,7.920000076293945,7.920000076293945,7.849999904632568,14881800,-0.005050490697995902,-0.005063287531182681,-0.030359475007110413,0.009115136176598973,16.515649614991318,-0.23768690547538918,-0.005301664142491225,0.0013620726225591628,-0.0027699172922518445,0.0018043365040625314,0.005971943786624849,0.007266794325069232,60.04978427565634,0.11716418834573972,0.11440953735650934,0.0027546509892303755,2.1972245773362196,7.679553031921387,2025-12-19,0.034263861525384076
2025-12-19,11,0.5350416517096825,0.6523264349721044,0.8181818181818182,0.1818181818181818,0.0,1,2025-12-19,2025-12-19,2025-12-19,7.942684173583984,8.149999618530273,8.170000076293945,7.869999885559082,7.869999885559082,22905300,2025-12-19,7.942684173583984,0.034263861525384,0.0,0.0036810914992218,7.869999885559082,8.170000076293945,7.869999885559082,22905300,0.034263861525384076,0.033689928759669474,0.009235614876980252,0.037770630706004005,16.94687892645217,0.5391484901020038,0.022328098030767407,0.03161332234210268,0.020715871316142165,0.02936800552221741,0.016643430719986366,0.012879412630971877,70.15966362538879,0.13200350786720172,0.11792833145864783,0.014075176408553894,2.4849066497880004,7.942684173583984,2025-12-22,0.0
2025-12-22,5,0.1875179554335772,0.7396557597287824,0.6,0.4,0.0,2,2025-12-20,2025-12-22,2025-12-22,7.942684173583984,8.149999618530273,8.15999984741211,8.079999923706055,8.140000343322754,8212600,2025-12-22,7.942684173583984,0.0,0.0036810914992218,-0.0085575522725592,8.140000343322754,8.15999984741211,8.079999923706055,8212600,0.0,0.0,-0.0242403146703339,0.010072152178997727,15.921180240025102,-0.6414541612639869,0.016716519930102702,0.027457332064058537,0.01371586881960929,0.023900746833633413,0.016874607515243906,0.012828600153637211,70.15966362538879,0.14212544187555842,0.12276775354202996,0.019357688333528467,1.791759469228055,7.942684173583984,2025-12-23,0.0036810914992218002
2025-12-23,3,0.7161438602488488,0.2057726923023047,1.0,0.0,0.0,1,2025-12-23,2025-12-23,2025-12-23,7.971921920776367,8.180000305175781,8.199999809265137,8.119999885559082,8.140000343322754,8046700,2025-12-23,7.971921920776367,0.0036810914992218,-0.0085575522725592,0.0049321688028618,8.140000343322754,8.199999809265137,8.119999885559082,8046700,0.0036810914992218002,0.0036743328629369465,-0.020648453987383616,0.010035211646712124,15.90077275173358,-0.020200667267369687,0.015392308019717582,0.026076644991662734,0.011564376830328849,0.022525619353752413,0.01688799124667901,0.0123059516717676,71.10206240747225,0.1507684247991561,0.1283678877934552,0.022400537005700882,1.3862943611198906,7.971921920776367,2025-12-24,-0.008557552272559388
2025-12-24,6,0.1164997027566035,0.5661335181245472,0.6666666666666666,0.3333333333333333,0.0,1,2025-12-24,2025-12-24,2025-12-24,7.903701782226562,8.109999656677246,8.180000305175781,8.109999656677246,8.180000305175781,7753200,2025-12-24,7.903701782226562,-0.0085575522725592,0.0049321688028618,0.0098159238125243,8.180000305175781,8.180000305175781,8.109999656677246,7753200,-0.008557552272559388,-0.008594378367676292,-0.03377732428376507,0.008856691513329743,15.86361634831325,-0.03647457964134371,0.0019767431935397983,0.012737226938315027,0.0019366973163157386,0.011242544303478041,0.01708687186298795,0.012769088670600488,65.8744723287339,0.15037977159516203,0.13277026455379656,0.017609507041365463,1.9459101490553132,7.903701782226562,2025-12-26,0.004932168802862069
2025-12-26,8,-0.1823420758883003,0.8055074269098951,0.5,0.5,0.0,2,2025-12-25,2025-12-26,2025-12-26,7.942684173583984,8.149999618530273,8.199999809265137,8.100000381469727,8.109999656677246,6547300,2025-12-26,7.942684173583984,0.0049321688028618,0.0098159238125243,0.0,8.109999656677246,8.199999809265137,8.100000381469727,6547300,0.004932168802862069,0.004920045504739345,-0.02063076327697561,0.01259013018898463,15.694563461622241,-0.1555357787752154,0.00024543430462520277,0.014312337055647495,0.004575122289975475,0.013240153580535763,0.016198410881680708,0.012062355333250853,67.35161223210541,0.15147124806390444,0.13651046125581814,0.014960786808086296,2.1972245773362196,7.942684173583984,2025-12-29,0.009815923812524385
2025-12-29,9,0.2889891115741598,0.7024377998715944,0.7777777777777778,0.2222222222222222,0.0,1,2025-12-29,2025-12-29,2025-12-29,8.020648956298828,8.229999542236328,8.229999542236328,8.100000381469727,8.149999618530273,12274300,2025-12-29,8.020648956298828,0.0098159238125243,0.0,0.0024302459139193,8.149999618530273,8.229999542236328,8.100000381469727,12274300,0.009815923812524385,0.009768060591987648,-0.01587124764243507,0.016208060155096276,16.323018285013248,0.8747117132252991,0.008084225961722202,0.02007926353039191,0.009577881480379302,0.018890761058034444,0.0068551251241579635,0.012220470906352544,70.13585452621257,0.1568196382424354,0.1405722966531416,0.01624734158929378,2.302585092994046,8.020648956298828,2025-12-30,0.0
2025-12-30,7,-0.2909448029739516,0.7237620197074639,0.4285714285714285,0.5714285714285714,0.0,1,2025-12-30,2025-12-30,2025-12-30,8.020648956298828,8.229999542236328,8.229999542236328,8.149999618530273,8.199999809265137,14193400,2025-12-30,8.020648956298828,0.0,0.0024302459139193,,8.199999809265137,8.229999542236328,8.149999618530273,14193400,0.0,0.0,-0.021872055748545383,0.009974245742699988,16.46828769624661,0.15635107501038759,0.006112428547290882,0.016300263481896726,0.006364933460813349,0.015403172202824944,0.0068551251241579635,0.012292018907827327,70.13585452621257,0.15922285404336467,0.14430240813118622,0.014920445912178448,2.0794415416798357,8.020648956298828,2025-12-31,0.002430245913919382
2025-12-31,10,-0.1989877876359969,0.7303314624416753,0.4,0.6,0.0,1,2025-12-31,2025-12-31,2025-12-31,8.040141105651855,8.25,8.25,8.119999885559082,8.229999542236328,14888600,2025-12-31,8.040141105651855,0.0024302459139193,,,8.229999542236328,8.25,8.119999885559082,14888600,0.002430245913919382,0.002427297642035864,-0.023069070126932552,0.016168884691530324,16.516106444571133,0.0489805120689899,0.006834345581721468,0.015384668748341657,0.005856565108157019,0.014574250543617495,0.0067998686449815835,0.012264866335726174,70.85649344947204,0.16084613925979507,0.147611154356908,0.013234984902887076,2.3978952727983707,8.040141105651855,,
