market_date,article_count,sentiment_score_mean,sentiment_score_std,positive_ratio,negative_ratio,neutral_ratio,source_day_count,first_calendar_date,last_calendar_date,Date,Adj Close 1023.KL,Close 1023.KL,High 1023.KL,Low 1023.KL,Open 1023.KL,Volume 1023.KL,date,close,return_tplus0_1d,return_tplus1_1d,return_tplus2_1d
2023-01-03,9,-0.40845373629902804,0.6108441204700171,0.2222222222222222,0.7777777777777778,0.0,2,2023-01-02,2023-01-03,2023-01-03,4.589832782745361,5.699999809265137,5.800000190734863,5.679999828338623,5.800000190734863,5720400,2023-01-03,4.589832782745361,,-0.008772045561528441,0.01415920800248105
2023-01-04,7,-0.2569266990093248,0.6600583470668617,0.2857142857142857,0.7142857142857143,0.0,1,2023-01-04,2023-01-04,2023-01-04,4.549570560455322,5.650000095367432,5.78000020980835,5.639999866485596,5.699999809265137,9812200,2023-01-04,4.549570560455322,-0.008772045561528441,0.01415920800248105,-0.01047111707486259
2023-01-05,6,0.6368752618630728,0.3136365190130811,0.8333333333333334,0.0,0.16666666666666666,1,2023-01-05,2023-01-05,2023-01-05,4.613988876342773,5.730000019073486,5.769999980926514,5.659999847412109,5.659999847412109,15203100,2023-01-05,4.613988876342773,0.01415920800248105,-0.01047111707486259,0.007054684036359671
2023-01-06,5,-0.2610561799257994,0.6843118127837622,0.4,0.6,0.0,1,2023-01-06,2023-01-06,2023-01-06,4.565675258636475,5.670000076293945,5.78000020980835,5.650000095367432,5.699999809265137,7522100,2023-01-06,4.565675258636475,-0.01047111707486259,0.007054684036359671,0.0017512123199228125
2023-01-09,7,-0.12268797960132358,0.7722312990824902,0.42857142857142855,0.5714285714285714,0.0,1,2023-01-09,2023-01-09,2023-01-09,4.597884654998779,5.710000038146973,5.71999979019165,5.670000076293945,5.679999828338623,14187700,2023-01-09,4.597884654998779,0.007054684036359671,0.0017512123199228125,0.008741272315556659
2023-01-10,8,0.11142568470677361,0.8914906045956653,0.5,0.5,0.0,1,2023-01-10,2023-01-10,2023-01-10,4.605936527252197,5.71999979019165,5.75,5.690000057220459,5.699999809265137,11432100,2023-01-10,4.605936527252197,0.0017512123199228125,0.008741272315556659,-0.0034662098420901177
2023-01-11,6,0.24405288261671856,0.6101247204767292,0.6666666666666666,0.3333333333333333,0.0,1,2023-01-11,2023-01-11,2023-01-11,4.646198272705078,5.769999980926514,5.78000020980835,5.71999979019165,5.71999979019165,10322100,2023-01-11,4.646198272705078,0.008741272315556659,-0.0034662098420901177,0.005217605337172637
2023-01-12,5,0.26754112206399444,0.6765792866183485,0.6,0.4,0.0,1,2023-01-12,2023-01-12,2023-01-12,4.630093574523926,5.75,5.800000190734863,5.75,5.769999980926514,9168700,2023-01-12,4.630093574523926,-0.0034662098420901177,0.005217605337172637,-0.0034603146729739187
2023-01-13,4,0.5837176616769285,0.35317891991705674,1.0,0.0,0.0,1,2023-01-13,2023-01-13,2023-01-13,4.654251575469971,5.78000020980835,5.800000190734863,5.739999771118164,5.769999980926514,10371500,2023-01-13,4.654251575469971,0.005217605337172637,-0.0034603146729739187,0.0017360108022104193
2023-01-16,8,-0.10771252214908603,0.5727451060956571,0.625,0.375,0.0,1,2023-01-16,2023-01-16,2023-01-16,4.63814640045166,5.760000228881836,5.78000020980835,5.71999979019165,5.78000020980835,9620600,2023-01-16,4.63814640045166,-0.0034603146729739187,0.0017360108022104193,-0.008665524605225294
2023-01-17,10,-0.14909628862515092,0.6540766925491655,0.4,0.6,0.0,1,2023-01-17,2023-01-17,2023-01-17,4.646198272705078,5.769999980926514,5.769999980926514,5.739999771118164,5.760000228881836,6571500,2023-01-17,4.646198272705078,0.0017360108022104193,-0.008665524605225294,-0.005244659862688517
2023-01-18,6,-0.5095586832612753,0.7229558221932885,0.16666666666666666,0.8333333333333334,0.0,1,2023-01-18,2023-01-18,2023-01-18,4.605936527252197,5.71999979019165,5.78000020980835,5.690000057220459,5.75,17261800,2023-01-18,4.605936527252197,-0.008665524605225294,-0.005244659862688517,0.014059670367102095
2023-01-19,6,0.14100117050111297,0.5848099456705905,0.6666666666666666,0.3333333333333333,0.0,1,2023-01-19,2023-01-19,2023-01-19,4.581779956817627,5.690000057220459,5.75,5.639999866485596,5.739999771118164,18884300,2023-01-19,4.581779956817627,-0.005244659862688517,0.014059670367102095,0.001733310180110692
2023-01-20,11,0.3536177465522831,0.5211265500792849,0.6363636363636364,0.18181818181818182,0.18181818181818182,1,2023-01-20,2023-01-20,2023-01-20,4.646198272705078,5.769999980926514,5.78000020980835,5.730000019073486,5.75,10153400,2023-01-20,4.646198272705078,0.014059670367102095,0.001733310180110692,-0.010380841566969834
2023-01-25,5,0.24414724074304103,0.24232518590220856,0.8,0.2,0.0,1,2023-01-25,2023-01-25,2023-01-25,4.654251575469971,5.78000020980835,5.789999961853027,5.730000019073486,5.78000020980835,7642700,2023-01-25,4.654251575469971,0.001733310180110692,-0.010380841566969834,0.003496612452868142
2023-01-26,7,-0.41229223726051195,0.5301097264764271,0.14285714285714285,0.8571428571428571,0.0,1,2023-01-26,2023-01-26,2023-01-26,4.605936527252197,5.71999979019165,5.78000020980835,5.659999847412109,5.78000020980835,18411800,2023-01-26,4.605936527252197,-0.010380841566969834,0.003496612452868142,0.006968754345864081
2023-01-27,6,0.10680263241132099,0.8784789818913347,0.5,0.5,0.0,1,2023-01-27,2023-01-27,2023-01-27,4.622041702270508,5.739999771118164,5.769999980926514,5.679999828338623,5.71999979019165,10004800,2023-01-27,4.622041702270508,0.003496612452868142,0.006968754345864081,-0.005190523235436784
2023-01-30,8,0.20279962266795337,0.6370628966246209,0.625,0.25,0.125,1,2023-01-30,2023-01-30,2023-01-30,4.654251575469971,5.78000020980835,5.800000190734863,5.690000057220459,5.739999771118164,14508500,2023-01-30,4.654251575469971,0.006968754345864081,-0.005190523235436784,-0.008695459633924152
2023-01-31,7,-0.11372329494250673,0.8063679984871989,0.42857142857142855,0.5714285714285714,0.0,1,2023-01-31,2023-01-31,2023-01-31,4.630093574523926,5.75,5.769999980926514,5.730000019073486,5.769999980926514,17045300,2023-01-31,4.630093574523926,-0.005190523235436784,-0.008695459633924152,-0.007017553337322013
2023-02-02,7,0.385784993746451,0.6311130043439349,0.7142857142857143,0.2857142857142857,0.0,1,2023-02-02,2023-02-02,2023-02-02,4.589832782745361,5.699999809265137,5.75,5.670000076293945,5.75,16386800,2023-02-02,4.589832782745361,-0.008695459633924152,-0.007017553337322013,-0.014134504090749234
2023-02-03,2,0.5019752085208893,0.27372679589830684,1.0,0.0,0.0,1,2023-02-03,2023-02-03,2023-02-03,4.557623386383057,5.659999847412109,5.699999809265137,5.599999904632568,5.699999809265137,19969200,2023-02-03,4.557623386383057,-0.007017553337322013,-0.014134504090749234,-0.0322577974942192
2023-02-07,12,0.03157026177116983,0.7162342513930807,0.4166666666666667,0.5833333333333334,0.0,3,2023-02-04,2023-02-07,2023-02-07,4.493203639984131,5.579999923706055,5.670000076293945,5.550000190734863,5.610000133514404,17304400,2023-02-07,4.493203639984131,-0.014134504090749234,-0.0322577974942192,-0.005555891850919981
2023-02-08,12,-0.21800686869149408,0.6837373040225007,0.3333333333333333,0.6666666666666666,0.0,1,2023-02-08,2023-02-08,2023-02-08,4.348262786865234,5.400000095367432,5.570000171661377,5.380000114440918,5.559999942779541,27002600,2023-02-08,4.348262786865234,-0.0322577974942192,-0.005555891850919981,0.0
2023-02-09,8,-0.17350875184638426,0.7102887201069061,0.375,0.625,0.0,1,2023-02-09,2023-02-09,2023-02-09,4.324104309082031,5.369999885559082,5.440000057220459,5.349999904632568,5.389999866485596,20468400,2023-02-09,4.324104309082031,-0.005555891850919981,0.0,0.013035734135070864
2023-02-10,7,0.2229667957206922,0.6144080798752576,0.5714285714285714,0.2857142857142857,0.14285714285714285,1,2023-02-10,2023-02-10,2023-02-10,4.324104309082031,5.369999885559082,5.440000057220459,5.360000133514404,5.369999885559082,9083200,2023-02-10,4.324104309082031,0.0,0.013035734135070864,-0.005514821941201675
2023-02-13,7,-0.20654035998242246,0.5003258616585087,0.2857142857142857,0.5714285714285714,0.14285714285714285,1,2023-02-13,2023-02-13,2023-02-13,4.380472183227539,5.440000057220459,5.480000019073486,5.389999866485596,5.400000095367432,11967400,2023-02-13,4.380472183227539,0.013035734135070864,-0.005514821941201675,0.0036968629314786394
2023-02-14,3,0.8688164219881097,0.1072131348150594,1.0,0.0,0.0,1,2023-02-14,2023-02-14,2023-02-14,4.356314659118652,5.409999847412109,5.510000228881836,5.389999866485596,5.46999979019165,8493300,2023-02-14,4.356314659118652,-0.005514821941201675,0.0036968629314786394,0.0
2023-02-15,4,-0.44318541325628763,0.3324481293276279,0.0,1.0,0.0,1,2023-02-15,2023-02-15,2023-02-15,4.372419357299805,5.429999828338623,5.460000038146973,5.389999866485596,5.409999847412109,7518100,2023-02-15,4.372419357299805,0.0036968629314786394,0.0,-0.005524760655503114
2023-02-16,8,0.20171619957545772,0.5286900749447708,0.5,0.375,0.125,1,2023-02-16,2023-02-16,2023-02-16,4.372419357299805,5.429999828338623,5.46999979019165,5.409999847412109,5.440000057220459,13476200,2023-02-16,4.372419357299805,0.0,-0.005524760655503114,0.0037035989160176808
2023-02-17,7,-0.3909110481451665,0.6301789210680503,0.14285714285714285,0.8571428571428571,0.0,1,2023-02-17,2023-02-17,2023-02-17,4.348262786865234,5.400000095367432,5.440000057220459,5.400000095367432,5.440000057220459,19114100,2023-02-17,4.348262786865234,-0.005524760655503114,0.0037035989160176808,0.0036901513983624845
2023-02-20,9,-0.3705782615062263,0.5589972418047082,0.1111111111111111,0.7777777777777778,0.1111111111111111,2,2023-02-18,2023-02-20,2023-02-20,4.3643670082092285,5.420000076293945,5.429999828338623,5.400000095367432,5.400000095367432,12595400,2023-02-20,4.3643670082092285,0.0037035989160176808,0.0036901513983624845,0.005514604230809628
2023-02-21,8,0.0882236324250698,0.35863747436049703,0.5,0.25,0.25,1,2023-02-21,2023-02-21,2023-02-21,4.380472183227539,5.440000057220459,5.460000038146973,5.420000076293945,5.420000076293945,7625200,2023-02-21,4.380472183227539,0.0036901513983624845,0.005514604230809628,0.0
2023-02-22,4,-0.7989185797050596,0.08390796920168678,0.0,1.0,0.0,1,2023-02-22,2023-02-22,2023-02-22,4.404628753662109,5.46999979019165,5.519999980926514,5.440000057220459,5.449999809265137,16480500,2023-02-22,4.404628753662109,0.005514604230809628,0.0,0.0
2023-02-23,10,0.17345229054335506,0.7771292440945038,0.6,0.4,0.0,1,2023-02-23,2023-02-23,2023-02-23,4.404628753662109,5.46999979019165,5.46999979019165,5.449999809265137,5.460000038146973,11705000,2023-02-23,4.404628753662109,0.0,0.0,0.012797092964343282
2023-02-24,7,0.0764353651819485,0.562023827803601,0.7142857142857143,0.2857142857142857,0.0,1,2023-02-24,2023-02-24,2023-02-24,4.404628753662109,5.46999979019165,5.489999771118164,5.440000057220459,5.460000038146973,9789700,2023-02-24,4.404628753662109,0.0,0.012797092964343282,0.012635289728856636
2023-02-27,9,0.0043933539547854,0.6462221933220248,0.3333333333333333,0.5555555555555556,0.1111111111111111,1,2023-02-27,2023-02-27,2023-02-27,4.460995197296143,5.539999961853027,5.570000171661377,5.480000019073486,5.480000019073486,14955800,2023-02-27,4.460995197296143,0.012797092964343282,0.012635289728856636,0.0017825338285062386
2023-02-28,10,-0.23342942697927355,0.7343061171417629,0.3,0.6,0.1,1,2023-02-28,2023-02-28,2023-02-28,4.517361164093018,5.610000133514404,5.619999885559082,5.5,5.519999980926514,24358600,2023-02-28,4.517361164093018,0.012635289728856636,0.0017825338285062386,-0.0071175535905454446
2023-03-01,4,-0.14583069435320792,0.6701342575996658,0.25,0.5,0.25,1,2023-03-01,2023-03-01,2023-03-01,4.525413513183594,5.619999885559082,5.639999866485596,5.550000190734863,5.610000133514404,11177300,2023-03-01,4.525413513183594,0.0017825338285062386,-0.0071175535905454446,0.0017922236722309748
2023-03-02,1,0.45616684854030615,0.0,1.0,0.0,0.0,1,2023-03-02,2023-03-02,2023-03-02,4.493203639984131,5.579999923706055,5.599999904632568,5.550000190734863,5.579999923706055,8771800,2023-03-02,4.493203639984131,-0.0071175535905454446,0.0017922236722309748,0.0
2023-03-03,1,-0.3543674498796463,0.0,0.0,1.0,0.0,1,2023-03-03,2023-03-03,2023-03-03,4.501256465911865,5.590000152587891,5.630000114440918,5.579999923706055,5.610000133514404,6808500,2023-03-03,4.501256465911865,0.0017922236722309748,0.0,-0.007155539740751338
2023-03-06,4,0.46094612171873456,0.34800760877555453,0.75,0.0,0.25,1,2023-03-06,2023-03-06,2023-03-06,4.501256465911865,5.590000152587891,5.639999866485596,5.559999942779541,5.590000152587891,6502600,2023-03-06,4.501256465911865,0.0,-0.007155539740751338,0.0036036086020549973
2023-03-07,5,0.07645308841019864,0.9398768726841764,0.6,0.4,0.0,1,2023-03-07,2023-03-07,2023-03-07,4.469047546386719,5.550000190734863,5.599999904632568,5.519999980926514,5.559999942779541,7418800,2023-03-07,4.469047546386719,-0.007155539740751338,0.0036036086020549973,-0.012567554953484161
2023-03-08,3,-0.2572466085354488,0.9947704264224573,0.3333333333333333,0.6666666666666666,0.0,1,2023-03-08,2023-03-08,2023-03-08,4.485152244567871,5.570000171661377,5.599999904632568,5.539999961853027,5.550000190734863,8212000,2023-03-08,4.485152244567871,0.0036036086020549973,-0.012567554953484161,-0.012727077946582788
2023-03-09,4,0.0017544855363667289,0.8120484189021131,0.25,0.5,0.25,1,2023-03-09,2023-03-09,2023-03-09,4.4287848472595215,5.5,5.599999904632568,5.480000019073486,5.570000171661377,7843500,2023-03-09,4.4287848472595215,-0.012567554953484161,-0.012727077946582788,0.005660316863453918
2023-03-10,10,-0.6141550347208977,0.41737548592662904,0.1,0.8,0.1,1,2023-03-10,2023-03-10,2023-03-10,4.372419357299805,5.429999828338623,5.53000020980835,5.420000076293945,5.5,11699000,2023-03-10,4.372419357299805,-0.012727077946582788,0.005660316863453918,-0.0300186595913412
2023-03-13,5,-0.6121018808335066,0.659138236102558,0.2,0.8,0.0,1,2023-03-13,2023-03-13,2023-03-13,4.3971686363220215,5.329999923706055,5.380000114440918,5.110000133514404,5.28000020980835,10023600,2023-03-13,4.3971686363220215,0.005660316863453918,-0.0300186595913412,0.011605291304483512
2023-03-14,13,-0.4927557402182944,0.6966385189183602,0.23076923076923078,0.7692307692307693,0.0,1,2023-03-14,2023-03-14,2023-03-14,4.265171527862549,5.170000076293945,5.329999923706055,5.170000076293945,5.309999942779541,18779400,2023-03-14,4.265171527862549,-0.0300186595913412,0.011605291304483512,-0.015296425857093343
2023-03-15,12,0.5379510507530844,0.44397422635180933,0.75,0.08333333333333333,0.16666666666666666,1,2023-03-15,2023-03-15,2023-03-15,4.314670085906982,5.230000019073486,5.25,5.179999828338623,5.199999809265137,19090100,2023-03-15,4.314670085906982,0.011605291304483512,-0.015296425857093343,0.013592201846239993
2023-03-16,8,-0.7170376018621027,0.4260769313819623,0.125,0.875,0.0,1,2023-03-16,2023-03-16,2023-03-16,4.248671054840088,5.150000095367432,5.179999828338623,5.110000133514404,5.170000076293945,10812500,2023-03-16,4.248671054840088,-0.015296425857093343,0.013592201846239993,-0.013409931352551974
2023-03-17,7,0.6353213098565382,0.22322623579411646,1.0,0.0,0.0,1,2023-03-17,2023-03-17,2023-03-17,4.306419849395752,5.21999979019165,5.25,5.170000076293945,5.179999828338623,16934900,2023-03-17,4.306419849395752,0.013592201846239993,-0.013409931352551974,0.007767020583025364
2023-03-20,6,-0.6226312558477124,0.19392869464890183,0.0,1.0,0.0,1,2023-03-20,2023-03-20,2023-03-20,4.248671054840088,5.150000095367432,5.21999979019165,5.130000114440918,5.210000038146973,8224100,2023-03-20,4.248671054840088,-0.013409931352551974,0.007767020583025364,0.0019267618884917237
2023-03-21,10,0.5488028297200799,0.5473242570226091,0.9,0.1,0.0,1,2023-03-21,2023-03-21,2023-03-21,4.281670570373535,5.190000057220459,5.25,5.179999828338623,5.179999828338623,3416300,2023-03-21,4.281670570373535,0.007767020583025364,0.0019267618884917237,0.0019232789221279578
2023-03-22,7,0.4858707921313388,0.5500931386714372,0.8571428571428571,0.14285714285714285,0.0,1,2023-03-22,2023-03-22,2023-03-22,4.289920330047607,5.199999809265137,5.25,5.179999828338623,5.210000038146973,13500600,2023-03-22,4.289920330047607,0.0019267618884917237,0.0019232789221279578,-0.0038389521626445156
2023-03-23,7,-0.5477552674710751,0.31376527498459117,0.0,0.8571428571428571,0.14285714285714285,1,2023-03-23,2023-03-23,2023-03-23,4.298171043395996,5.210000038146973,5.21999979019165,5.150000095367432,5.190000057220459,9582800,2023-03-23,4.298171043395996,0.0019232789221279578,-0.0038389521626445156,-0.005780397032557283
2023-03-24,10,-0.20289128860458733,0.7752587228306541,0.3,0.6,0.1,1,2023-03-24,2023-03-24,2023-03-24,4.281670570373535,5.190000057220459,5.25,5.170000076293945,5.230000019073486,11183500,2023-03-24,4.281670570373535,-0.0038389521626445156,-0.005780397032557283,0.009690156495556934
2023-03-27,6,-0.30898738124718267,0.7787994790812772,0.3333333333333333,0.6666666666666666,0.0,1,2023-03-27,2023-03-27,2023-03-27,4.25692081451416,5.159999847412109,5.190000057220459,5.139999866485596,5.179999828338623,7911100,2023-03-27,4.25692081451416,-0.005780397032557283,0.009690156495556934,0.019193651417729773
2023-03-28,5,0.32223917581140993,0.6037847618534755,0.6,0.2,0.2,1,2023-03-28,2023-03-28,2023-03-28,4.298171043395996,5.210000038146973,5.21999979019165,5.159999847412109,5.199999809265137,5674800,2023-03-28,4.298171043395996,0.009690156495556934,0.019193651417729773,0.007533094849551558
2023-03-29,6,0.5948346978984773,0.2472135257494759,0.8333333333333334,0.0,0.16666666666666666,1,2023-03-29,2023-03-29,2023-03-29,4.380668640136719,5.309999942779541,5.340000152587891,5.21999979019165,5.230000019073486,7074500,2023-03-29,4.380668640136719,0.019193651417729773,0.007533094849551558,-0.0074767716197712275
2023-03-30,4,0.14472661656327546,0.5631046398103732,0.5,0.25,0.25,1,2023-03-30,2023-03-30,2023-03-30,4.413668632507324,5.349999904632568,5.380000114440918,5.230000019073486,5.28000020980835,12464800,2023-03-30,4.413668632507324,0.007533094849551558,-0.0074767716197712275,-0.0018831104369164686
2023-03-31,4,-0.1617861371487379,0.6960091222554651,0.5,0.5,0.0,1,2023-03-31,2023-03-31,2023-03-31,4.380668640136719,5.309999942779541,5.389999866485596,5.28000020980835,5.369999885559082,8557300,2023-03-31,4.380668640136719,-0.0074767716197712275,-0.0018831104369164686,0.005660316863453918
2023-04-03,8,0.5830570484395139,0.2838547260509224,0.875,0.0,0.125,1,2023-04-03,2023-04-03,2023-04-03,4.372419357299805,5.300000190734863,5.340000152587891,5.269999980926514,5.309999942779541,3041000,2023-04-03,4.372419357299805,-0.0018831104369164686,0.005660316863453918,-0.0037524137803147672
2023-04-04,5,-0.23468223232775925,0.6235902882427562,0.2,0.6,0.2,1,2023-04-04,2023-04-04,2023-04-04,4.3971686363220215,5.329999923706055,5.349999904632568,5.28000020980835,5.300000190734863,3720200,2023-04-04,4.3971686363220215,0.005660316863453918,-0.0037524137803147672,-0.009416205286467916
2023-04-05,5,-0.5105102878063917,0.37285347120747214,0.0,0.8,0.2,1,2023-04-05,2023-04-05,2023-04-05,4.380668640136719,5.309999942779541,5.340000152587891,5.28000020980835,5.340000152587891,1957300,2023-04-05,4.380668640136719,-0.0037524137803147672,-0.009416205286467916,-0.01901142606353856
2023-04-06,7,-0.3646072245069912,0.6654941159966523,0.2857142857142857,0.7142857142857143,0.0,1,2023-04-06,2023-04-06,2023-04-06,4.339419364929199,5.260000228881836,5.340000152587891,5.21999979019165,5.329999923706055,6147000,2023-04-06,4.339419364929199,-0.009416205286467916,-0.01901142606353856,0.0038760401953086276
2023-04-07,10,-0.01627118675969543,0.4359970365090199,0.2,0.4,0.4,1,2023-04-07,2023-04-07,2023-04-07,4.25692081451416,5.159999847412109,5.25,5.159999847412109,5.25,6914500,2023-04-07,4.25692081451416,-0.01901142606353856,0.0038760401953086276,0.007721925866432056
2023-04-10,9,0.0690258867107332,0.4745220734529487,0.4444444444444444,0.3333333333333333,0.2222222222222222,1,2023-04-10,2023-04-10,2023-04-10,4.273420810699463,5.179999828338623,5.210000038146973,5.159999847412109,5.170000076293945,5560300,2023-04-10,4.273420810699463,0.0038760401953086276,0.007721925866432056,0.003831598775668965
2023-04-11,6,0.3564270945886771,0.3988551966945074,0.8333333333333334,0.16666666666666666,0.0,1,2023-04-11,2023-04-11,2023-04-11,4.306419849395752,5.21999979019165,5.28000020980835,5.179999828338623,5.179999828338623,8097300,2023-04-11,4.306419849395752,0.007721925866432056,0.003831598775668965,-0.007633726719289968
2023-04-12,6,-0.511014853293697,0.3686859845493708,0.16666666666666666,0.8333333333333334,0.0,1,2023-04-12,2023-04-12,2023-04-12,4.322920322418213,5.239999771118164,5.269999980926514,5.170000076293945,5.25,9447200,2023-04-12,4.322920322418213,0.003831598775668965,-0.007633726719289968,0.005769281001799076
2023-04-13,7,-0.263798906467855,0.5675810409276704,0.14285714285714285,0.7142857142857143,0.14285714285714285,1,2023-04-13,2023-04-13,2023-04-13,4.289920330047607,5.199999809265137,5.260000228881836,5.199999809265137,5.25,12037600,2023-04-13,4.289920330047607,-0.007633726719289968,0.005769281001799076,0.005736076809917723
2023-04-14,5,0.3343707490712404,0.330759790565875,0.6,0.2,0.2,1,2023-04-14,2023-04-14,2023-04-14,4.314670085906982,5.230000019073486,5.25,5.199999809265137,5.21999979019165,6578400,2023-04-14,4.314670085906982,0.005769281001799076,0.005736076809917723,-0.0019011206293509941
2023-04-17,5,-0.7075839577242732,0.2237960364114443,0.0,1.0,0.0,1,2023-04-17,2023-04-17,2023-04-17,4.339419364929199,5.260000228881836,5.269999980926514,5.21999979019165,5.21999979019165,5654700,2023-04-17,4.339419364929199,0.005736076809917723,-0.0019011206293509941,-0.005714335414005789
2023-04-18,4,-0.7958050770685077,0.13875222995281478,0.0,1.0,0.0,1,2023-04-18,2023-04-18,2023-04-18,4.331169605255127,5.25,5.269999980926514,5.21999979019165,5.260000228881836,2452700,2023-04-18,4.331169605255127,-0.0019011206293509941,-0.005714335414005789,-0.0057470659823587456
2023-04-19,5,-0.49085698649287224,0.5838676538327457,0.2,0.8,0.0,1,2023-04-19,2023-04-19,2023-04-19,4.306419849395752,5.21999979019165,5.239999771118164,5.190000057220459,5.21999979019165,7006500,2023-04-19,4.306419849395752,-0.005714335414005789,-0.0057470659823587456,-0.005780397032557283
2023-04-20,9,0.021717137243184765,0.6074001601696375,0.5555555555555556,0.3333333333333333,0.1111111111111111,1,2023-04-20,2023-04-20,2023-04-20,4.281670570373535,5.190000057220459,5.21999979019165,5.179999828338623,5.210000038146973,10528900,2023-04-20,4.281670570373535,-0.0057470659823587456,-0.005780397032557283,-0.0213177170086285
2023-04-25,11,-0.0988635379313068,0.6629110331233123,0.45454545454545453,0.5454545454545454,0.0,2,2023-04-24,2023-04-25,2023-04-25,4.25692081451416,5.159999847412109,5.179999828338623,5.130000114440918,5.150000095367432,9811700,2023-04-25,4.25692081451416,-0.005780397032557283,-0.0213177170086285,0.003960353884092882
2023-04-26,8,-0.7495340832974762,0.480857924721587,0.125,0.875,0.0,1,2023-04-26,2023-04-26,2023-04-26,4.166172981262207,5.050000190734863,5.150000095367432,5.03000020980835,5.150000095367432,12020400,2023-04-26,4.166172981262207,-0.0213177170086285,0.003960353884092882,-0.0019722516729938633
2023-04-27,5,0.6942637286614627,0.22713432217106685,1.0,0.0,0.0,1,2023-04-27,2023-04-27,2023-04-27,4.182672500610352,5.070000171661377,5.130000114440918,5.03000020980835,5.059999942779541,11806600,2023-04-27,4.182672500610352,0.003960353884092882,-0.0019722516729938633,0.00592867586585033
2023-04-28,9,0.15990242134365767,0.6788880371987762,0.5555555555555556,0.4444444444444444,0.0,1,2023-04-28,2023-04-28,2023-04-28,4.1744232177734375,5.059999942779541,5.119999885559082,5.050000190734863,5.090000152587891,4936600,2023-04-28,4.1744232177734375,-0.0019722516729938633,0.00592867586585033,-0.003929231588923443
2023-05-02,10,0.41254737195558844,0.6037610356458718,0.7,0.1,0.2,1,2023-05-02,2023-05-02,2023-05-02,4.199172019958496,5.090000152587891,5.110000133514404,5.03000020980835,5.059999942779541,12502400,2023-05-02,4.199172019958496,0.00592867586585033,-0.003929231588923443,0.01183442206185803
2023-05-03,8,-0.2158136887010187,0.7745166657191157,0.375,0.625,0.0,1,2023-05-03,2023-05-03,2023-05-03,4.182672500610352,5.070000171661377,5.110000133514404,5.03000020980835,5.090000152587891,14480800,2023-05-03,4.182672500610352,-0.003929231588923443,0.01183442206185803,0.005847777952540767
2023-05-05,9,-0.45262369389335316,0.5725882179820175,0.2222222222222222,0.7777777777777778,0.0,2,2023-05-04,2023-05-05,2023-05-05,4.232172012329102,5.130000114440918,5.150000095367432,5.059999942779541,5.079999923706055,7619700,2023-05-05,4.232172012329102,0.01183442206185803,0.005847777952540767,-0.009689932466415252
2023-05-08,10,0.2726997053483501,0.8203494372438276,0.6,0.4,0.0,1,2023-05-08,2023-05-08,2023-05-08,4.25692081451416,5.159999847412109,5.190000057220459,5.130000114440918,5.130000114440918,7903500,2023-05-08,4.25692081451416,0.005847777952540767,-0.009689932466415252,-0.017612452301257853
2023-05-09,6,-0.40375484169150394,0.6667007074443009,0.16666666666666666,0.8333333333333334,0.0,1,2023-05-09,2023-05-09,2023-05-09,4.215671539306641,5.110000133514404,5.150000095367432,5.090000152587891,5.150000095367432,12551800,2023-05-09,4.215671539306641,-0.009689932466415252,-0.017612452301257853,-0.013944190538518808
2023-05-10,8,-0.0824204126838595,0.5920282373238934,0.5,0.5,0.0,1,2023-05-10,2023-05-10,2023-05-10,4.141423225402832,5.019999980926514,5.119999885559082,5.019999980926514,5.090000152587891,17772400,2023-05-10,4.141423225402832,-0.017612452301257853,-0.013944190538518808,0.0
2023-05-11,8,0.2500875355908648,0.4096921634426845,0.625,0.125,0.25,1,2023-05-11,2023-05-11,2023-05-11,4.083674430847168,4.949999809265137,5.059999942779541,4.949999809265137,5.019999980926514,20247600,2023-05-11,4.083674430847168,-0.013944190538518808,0.0,0.006060541662005647
2023-05-12,4,-0.011909343302249908,0.3029569644760675,0.5,0.5,0.0,1,2023-05-12,2023-05-12,2023-05-12,4.083674430847168,4.949999809265137,5.0,4.949999809265137,4.989999771118164,18488900,2023-05-12,4.083674430847168,0.0,0.006060541662005647,0.002008126983449099
2023-05-15,8,-0.4095251400722191,0.5248731657730958,0.25,0.625,0.125,1,2023-05-15,2023-05-15,2023-05-15,4.108423709869385,4.980000019073486,5.010000228881836,4.960000038146973,4.96999979019165,6756100,2023-05-15,4.108423709869385,0.006060541662005647,0.002008126983449099,-0.002004102491158899
2023-05-16,5,0.5099787421524525,0.6242238395470764,0.8,0.2,0.0,1,2023-05-16,2023-05-16,2023-05-16,4.116673946380615,4.989999771118164,5.03000020980835,4.96999979019165,4.980000019073486,12211800,2023-05-16,4.116673946380615,0.002008126983449099,-0.002004102491158899,0.0060242648870605375
2023-05-17,6,-0.050439358378450094,0.3075408903106712,0.3333333333333333,0.3333333333333333,0.3333333333333333,1,2023-05-17,2023-05-17,2023-05-17,4.108423709869385,4.980000019073486,5.019999980926514,4.980000019073486,4.989999771118164,9409900,2023-05-17,4.108423709869385,-0.002004102491158899,0.0060242648870605375,0.0019958712000862633
2023-05-18,6,0.5171279185451567,0.5881608416361612,0.8333333333333334,0.16666666666666666,0.0,1,2023-05-18,2023-05-18,2023-05-18,4.133173942565918,5.010000228881836,5.010000228881836,4.960000038146973,4.989999771118164,4825400,2023-05-18,4.133173942565918,0.0060242648870605375,0.0019958712000862633,0.005976147452779967
2023-05-19,10,-0.06894034862052645,0.7422026910545253,0.5,0.5,0.0,1,2023-05-19,2023-05-19,2023-05-19,4.141423225402832,5.019999980926514,5.019999980926514,4.960000038146973,4.989999771118164,7919700,2023-05-19,4.141423225402832,0.0019958712000862633,0.005976147452779967,-0.007920707768185764
2023-05-22,4,-0.813227720092982,0.14791303637113395,0.0,1.0,0.0,1,2023-05-22,2023-05-22,2023-05-22,4.166172981262207,5.050000190734863,5.070000171661377,4.989999771118164,5.010000228881836,13131900,2023-05-22,4.166172981262207,0.005976147452779967,-0.007920707768185764,-0.005988190441645891
2023-05-23,7,-0.7590184943484408,0.18415321887766753,0.0,1.0,0.0,1,2023-05-23,2023-05-23,2023-05-23,4.133173942565918,5.010000228881836,5.039999961853027,4.980000019073486,5.03000020980835,11277600,2023-05-23,4.133173942565918,-0.007920707768185764,-0.005988190441645891,-0.0040160218403250125
2023-05-24,4,-0.3951960760168731,0.6747092551502151,0.25,0.75,0.0,1,2023-05-24,2023-05-24,2023-05-24,4.108423709869385,4.980000019073486,5.0,4.949999809265137,5.0,8313700,2023-05-24,4.108423709869385,-0.005988190441645891,-0.0040160218403250125,-0.01209687897772238
2023-05-25,4,0.06847577728331089,0.6921863149935582,0.5,0.25,0.25,1,2023-05-25,2023-05-25,2023-05-25,4.09192419052124,4.960000038146973,5.0,4.949999809265137,5.0,10317700,2023-05-25,4.09192419052124,-0.0040160218403250125,-0.01209687897772238,-0.0020406769432641525
2023-05-26,6,0.019320854917168617,0.4459856619404689,0.5,0.5,0.0,1,2023-05-26,2023-05-26,2023-05-26,4.04242467880249,4.900000095367432,4.980000019073486,4.900000095367432,4.960000038146973,7661400,2023-05-26,4.04242467880249,-0.01209687897772238,-0.0020406769432641525,0.0
2023-05-29,3,0.4799591266394903,0.7776028643007993,0.6666666666666666,0.0,0.3333333333333333,2,2023-05-27,2023-05-29,2023-05-29,4.034175395965576,4.889999866485596,4.949999809265137,4.880000114440918,4.920000076293945,9323900,2023-05-29,4.034175395965576,-0.0020406769432641525,0.0,-0.0143148352436131
2023-05-30,4,-0.06699605041649195,0.7284132735781551,0.25,0.5,0.25,1,2023-05-30,2023-05-30,2023-05-30,4.034175395965576,4.889999866485596,4.929999828338623,4.880000114440918,4.889999866485596,11597000,2023-05-30,4.034175395965576,0.0,-0.0143148352436131,0.00829872607848392
2023-05-31,9,-0.1960896553678645,0.7481065306660849,0.3333333333333333,0.6666666666666666,0.0,1,2023-05-31,2023-05-31,2023-05-31,3.976426839828491,4.820000171661377,4.920000076293945,4.800000190734863,4.880000114440918,86111100,2023-05-31,3.976426839828491,-0.0143148352436131,0.00829872607848392,-0.010288134117694026
2023-06-01,5,0.39221035377122465,0.8435595570500743,0.6,0.2,0.2,1,2023-06-01,2023-06-01,2023-06-01,4.009426116943359,4.860000133514404,4.889999866485596,4.809999942779541,4.820000171661377,21148900,2023-06-01,4.009426116943359,0.00829872607848392,-0.010288134117694026,0.014552919869748049
2023-06-02,3,-0.38919806480407715,0.2373869274144288,0.0,1.0,0.0,1,2023-06-02,2023-06-02,2023-06-02,3.9681766033172607,4.809999942779541,4.880000114440918,4.800000190734863,4.849999904632568,13605800,2023-06-02,3.9681766033172607,-0.010288134117694026,0.014552919869748049,0.004098317453665956
2023-06-06,11,0.023560872259126456,0.747292752889423,0.45454545454545453,0.45454545454545453,0.09090909090909091,2,2023-06-05,2023-06-06,2023-06-06,4.025925159454346,4.880000114440918,4.900000095367432,4.809999942779541,4.809999942779541,11372200,2023-06-06,4.025925159454346,0.014552919869748049,0.004098317453665956,0.0
2023-06-07,2,-0.7146116252988578,0.19626669142948797,0.0,1.0,0.0,1,2023-06-07,2023-06-07,2023-06-07,4.04242467880249,4.900000095367432,4.929999828338623,4.829999923706055,4.849999904632568,13221300,2023-06-07,4.04242467880249,0.004098317453665956,0.0,0.0102042104237543
2023-06-08,6,-0.4014354959751169,0.73888253467183,0.3333333333333333,0.6666666666666666,0.0,1,2023-06-08,2023-06-08,2023-06-08,4.04242467880249,4.900000095367432,4.940000057220459,4.840000152587891,4.900000095367432,13845200,2023-06-08,4.04242467880249,0.0,0.0102042104237543,0.01414138064470638
2023-06-09,3,0.3688615479816994,0.49956020828159486,0.6666666666666666,0.3333333333333333,0.0,1,2023-06-09,2023-06-09,2023-06-09,4.083674430847168,4.949999809265137,4.989999771118164,4.900000095367432,4.909999847412109,7626300,2023-06-09,4.083674430847168,0.0102042104237543,0.01414138064470638,-0.005976032314304103
2023-06-12,3,0.8575521664073071,0.11391325127715589,1.0,0.0,0.0,1,2023-06-12,2023-06-12,2023-06-12,4.141423225402832,5.019999980926514,5.070000171661377,4.949999809265137,4.949999809265137,17010100,2023-06-12,4.141423225402832,0.01414138064470638,-0.005976032314304103,0.0
2023-06-13,4,-0.08053168654441833,0.26645385104112485,0.75,0.25,0.0,1,2023-06-13,2023-06-13,2023-06-13,4.116673946380615,4.989999771118164,5.019999980926514,4.940000057220459,5.010000228881836,18907500,2023-06-13,4.116673946380615,-0.005976032314304103,0.0,0.0020038708297913654
2023-06-14,3,0.6079416622718176,0.32786540646456086,1.0,0.0,0.0,1,2023-06-14,2023-06-14,2023-06-14,4.116673946380615,4.989999771118164,5.019999980926514,4.960000038146973,5.0,9116500,2023-06-14,4.116673946380615,0.0,0.0020038708297913654,-0.00399995792195007
2023-06-15,7,-0.2724005037120411,0.7514563439259409,0.2857142857142857,0.7142857142857143,0.0,1,2023-06-15,2023-06-15,2023-06-15,4.124923229217529,5.0,5.019999980926514,4.980000019073486,5.0,10264600,2023-06-15,4.124923229217529,0.0020038708297913654,-0.00399995792195007,0.020080457391484563
2023-06-16,8,0.567396440252196,0.19857526120032282,0.875,0.0,0.125,1,2023-06-16,2023-06-16,2023-06-16,4.108423709869385,4.980000019073486,5.03000020980835,4.940000057220459,5.0,58887900,2023-06-16,4.108423709869385,-0.00399995792195007,0.020080457391484563,0.011810897300967627
2023-06-19,8,-0.048651819175574935,0.5775863472938817,0.375,0.5,0.125,2,2023-06-17,2023-06-19,2023-06-19,4.190922737121582,5.079999923706055,5.139999866485596,4.960000038146973,4.980000019073486,11548200,2023-06-19,4.190922737121582,0.020080457391484563,0.011810897300967627,0.021400776897466
2023-06-20,7,-0.08514284236090527,0.6298745893498421,0.42857142857142855,0.5714285714285714,0.0,1,2023-06-20,2023-06-20,2023-06-20,4.240421295166016,5.139999866485596,5.179999828338623,5.0,5.079999923706055,12125500,2023-06-20,4.240421295166016,0.011810897300967627,0.021400776897466,-0.0019046316789129714
2023-06-21,7,-0.04760204268885509,0.71521613289334,0.42857142857142855,0.5714285714285714,0.0,1,2023-06-21,2023-06-21,2023-06-21,4.331169605255127,5.25,5.269999980926514,5.110000133514404,5.139999866485596,26409200,2023-06-21,4.331169605255127,0.021400776897466,-0.0019046316789129714,-0.005725129582858535
2023-06-22,7,0.036643895187548195,0.39098341850699153,0.42857142857142855,0.2857142857142857,0.2857142857142857,1,2023-06-22,2023-06-22,2023-06-22,4.322920322418213,5.239999771118164,5.320000171661377,5.210000038146973,5.210000038146973,12601200,2023-06-22,4.322920322418213,-0.0019046316789129714,-0.005725129582858535,-0.0038389521626445156
2023-06-23,7,-0.075634362708245,0.6878998759532947,0.2857142857142857,0.5714285714285714,0.14285714285714285,1,2023-06-23,2023-06-23,2023-06-23,4.298171043395996,5.210000038146973,5.269999980926514,5.179999828338623,5.25,8002000,2023-06-23,4.298171043395996,-0.005725129582858535,-0.0038389521626445156,-0.007707158921049007
2023-06-26,10,0.3944994407705963,0.6006904009093997,0.7,0.3,0.0,1,2023-06-26,2023-06-26,2023-06-26,4.281670570373535,5.190000057220459,5.25,5.139999866485596,5.210000038146973,11322700,2023-06-26,4.281670570373535,-0.0038389521626445156,-0.007707158921049007,0.0
2023-06-27,6,0.2812638313043863,0.6240921671420384,0.6666666666666666,0.16666666666666666,0.16666666666666666,1,2023-06-27,2023-06-27,2023-06-27,4.248671054840088,5.150000095367432,5.199999809265137,5.119999885559082,5.190000057220459,13223900,2023-06-27,4.248671054840088,-0.007707158921049007,0.0,-0.017475543789643888
2023-06-28,7,0.7070321761337774,0.2695321445569704,1.0,0.0,0.0,1,2023-06-28,2023-06-28,2023-06-28,4.248671054840088,5.150000095367432,5.210000038146973,5.130000114440918,5.150000095367432,9894100,2023-06-28,4.248671054840088,0.0,-0.017475543789643888,0.01976263364708042
2023-06-30,7,-0.11657605426652091,0.5734622224259402,0.2857142857142857,0.7142857142857143,0.0,2,2023-06-29,2023-06-30,2023-06-30,4.1744232177734375,5.059999942779541,5.130000114440918,5.039999961853027,5.090000152587891,26450600,2023-06-30,4.1744232177734375,-0.017475543789643888,0.01976263364708042,0.007751968376046303
2023-07-03,9,0.5008832712450789,0.4504941643473166,0.6666666666666666,0.2222222222222222,0.1111111111111111,1,2023-07-03,2023-07-03,2023-07-03,4.25692081451416,5.159999847412109,5.179999828338623,5.079999923706055,5.099999904632568,6655400,2023-07-03,4.25692081451416,0.01976263364708042,0.007751968376046303,-0.0038461132325879888
2023-07-04,6,-0.46820364116380614,0.7480763748154728,0.3333333333333333,0.6666666666666666,0.0,1,2023-07-04,2023-07-04,2023-07-04,4.289920330047607,5.199999809265137,5.21999979019165,5.119999885559082,5.119999885559082,8184600,2023-07-04,4.289920330047607,0.007751968376046303,-0.0038461132325879888,0.005791667563972425
2023-07-05,6,0.10089845582842825,0.6397210388434555,0.5,0.5,0.0,1,2023-07-05,2023-07-05,2023-07-05,4.273420810699463,5.179999828338623,5.21999979019165,5.170000076293945,5.199999809265137,6366300,2023-07-05,4.273420810699463,-0.0038461132325879888,0.005791667563972425,-0.00959715852751264
2023-07-06,5,-0.4268715977668762,0.3992652301774063,0.2,0.8,0.0,1,2023-07-06,2023-07-06,2023-07-06,4.298171043395996,5.210000038146973,5.21999979019165,5.130000114440918,5.179999828338623,5699400,2023-07-06,4.298171043395996,0.005791667563972425,-0.00959715852751264,0.005814004285677576
2023-07-07,5,-0.30198593214154246,0.4795206982925883,0.4,0.6,0.0,1,2023-07-07,2023-07-07,2023-07-07,4.25692081451416,5.159999847412109,5.210000038146973,5.139999866485596,5.179999828338623,12088700,2023-07-07,4.25692081451416,-0.00959715852751264,0.005814004285677576,0.003853746511147671
2023-07-10,6,0.19566558774871132,0.48511471940773393,0.6666666666666666,0.16666666666666666,0.16666666666666666,1,2023-07-10,2023-07-10,2023-07-10,4.281670570373535,5.190000057220459,5.199999809265137,5.150000095367432,5.159999847412109,11885300,2023-07-10,4.281670570373535,0.005814004285677576,0.003853746511147671,0.0019191432626743943
2023-07-11,4,0.7472152279224247,0.2965890662250754,1.0,0.0,0.0,1,2023-07-11,2023-07-11,2023-07-11,4.298171043395996,5.210000038146973,5.230000019073486,5.159999847412109,5.210000038146973,14832100,2023-07-11,4.298171043395996,0.003853746511147671,0.0019191432626743943,-0.00383137732157246
2023-07-12,5,0.7583192825317384,0.12461858455403564,1.0,0.0,0.0,1,2023-07-12,2023-07-12,2023-07-12,4.306419849395752,5.21999979019165,5.25,5.159999847412109,5.210000038146973,10335400,2023-07-12,4.306419849395752,0.0019191432626743943,-0.00383137732157246,0.019230899621691
2023-07-13,7,0.2892147333228163,0.8036431630786453,0.7142857142857143,0.2857142857142857,0.0,1,2023-07-13,2023-07-13,2023-07-13,4.289920330047607,5.199999809265137,5.269999980926514,5.199999809265137,5.21999979019165,6786000,2023-07-13,4.289920330047607,-0.00383137732157246,0.019230899621691,-0.001886990399174282
2023-07-14,6,0.8431357798011353,0.16818011827721532,1.0,0.0,0.0,1,2023-07-14,2023-07-14,2023-07-14,4.372419357299805,5.300000190734863,5.340000152587891,5.199999809265137,5.230000019073486,28525200,2023-07-14,4.372419357299805,0.019230899621691,-0.001886990399174282,-0.013232484641880649
2023-07-17,5,0.010537633579224348,0.8345439937044213,0.4,0.4,0.2,1,2023-07-17,2023-07-17,2023-07-17,4.364168643951416,5.289999961853027,5.320000171661377,5.260000228881836,5.309999942779541,5336700,2023-07-17,4.364168643951416,-0.001886990399174282,-0.013232484641880649,0.0
2023-07-18,8,-0.4101139730773867,0.6068344188822477,0.125,0.625,0.25,1,2023-07-18,2023-07-18,2023-07-18,4.306419849395752,5.21999979019165,5.300000190734863,5.210000038146973,5.300000190734863,5570500,2023-07-18,4.306419849395752,-0.013232484641880649,0.0,0.015325841467434653
2023-07-20,7,0.343329345541341,0.46110026161730205,0.8571428571428571,0.14285714285714285,0.0,2,2023-07-19,2023-07-20,2023-07-20,4.306419849395752,5.21999979019165,5.28000020980835,5.170000076293945,5.21999979019165,9271600,2023-07-20,4.306419849395752,0.0,0.015325841467434653,0.009433970494768129
2023-07-21,9,0.1642797839206954,0.4700852055006746,0.7777777777777778,0.2222222222222222,0.0,1,2023-07-21,2023-07-21,2023-07-21,4.372419357299805,5.300000190734863,5.309999942779541,5.210000038146973,5.269999980926514,13850800,2023-07-21,4.372419357299805,0.015325841467434653,0.009433970494768129,0.014953219130146467
2023-07-24,8,0.11426742919138633,0.48672997988793243,0.375,0.375,0.25,1,2023-07-24,2023-07-24,2023-07-24,4.413668632507324,5.349999904632568,5.360000133514404,5.25,5.300000190734863,10772000,2023-07-24,4.413668632507324,0.009433970494768129,0.014953219130146467,0.009208005115310058
2023-07-25,5,0.8803767045028508,0.06003731335746421,1.0,0.0,0.0,1,2023-07-25,2023-07-25,2023-07-25,4.4796671867370605,5.429999828338623,5.449999809265137,5.360000133514404,5.380000114440918,21182900,2023-07-25,4.4796671867370605,0.014953219130146467,0.009208005115310058,0.0036497020160639604
2023-07-26,8,0.2797724102274515,0.5764948655146105,0.875,0.125,0.0,1,2023-07-26,2023-07-26,2023-07-26,4.520915985107422,5.480000019073486,5.489999771118164,5.429999828338623,5.429999828338623,17159800,2023-07-26,4.520915985107422,0.009208005115310058,0.0036497020160639604,0.0
2023-07-27,7,0.7837652417032848,0.180136134063959,1.0,0.0,0.0,1,2023-07-27,2023-07-27,2023-07-27,4.537415981292725,5.5,5.559999942779541,5.420000076293945,5.449999809265137,18961500,2023-07-27,4.537415981292725,0.0036497020160639604,0.0,0.009091022779208702
2023-07-28,7,0.1347116061951965,0.9039358956493075,0.5714285714285714,0.42857142857142855,0.0,1,2023-07-28,2023-07-28,2023-07-28,4.537415981292725,5.5,5.53000020980835,5.420000076293945,5.460000038146973,11370000,2023-07-28,4.537415981292725,0.0,0.009091022779208702,-0.005405555709456111
2023-07-31,9,0.8180687999766735,0.19059719531184993,1.0,0.0,0.0,1,2023-07-31,2023-07-31,2023-07-31,4.578665733337402,5.550000190734863,5.599999904632568,5.5,5.5,13113800,2023-07-31,4.578665733337402,0.009091022779208702,-0.005405555709456111,-0.009057979929955828
2023-08-01,7,0.035977769510022246,0.7561138386701902,0.42857142857142855,0.5714285714285714,0.0,1,2023-08-01,2023-08-01,2023-08-01,4.553915500640869,5.519999980926514,5.559999942779541,5.46999979019165,5.550000190734863,10927800,2023-08-01,4.553915500640869,-0.005405555709456111,-0.009057979929955828,-0.0018281342474603113
2023-08-02,6,-0.2216634154319764,0.7121498712860603,0.5,0.5,0.0,1,2023-08-02,2023-08-02,2023-08-02,4.51266622543335,5.46999979019165,5.510000228881836,5.449999809265137,5.5,9699900,2023-08-02,4.51266622543335,-0.009057979929955828,-0.0018281342474603113,0.00732603563287193
2023-08-03,5,-0.24432837218046188,0.6251331143231419,0.4,0.6,0.0,1,2023-08-03,2023-08-03,2023-08-03,4.504416465759277,5.460000038146973,5.480000019073486,5.420000076293945,5.480000019073486,4492800,2023-08-03,4.504416465759277,-0.0018281342474603113,0.00732603563287193,0.0036363250396636015
2023-08-04,6,0.49649890574316186,0.47162135111954595,0.6666666666666666,0.3333333333333333,0.0,1,2023-08-04,2023-08-04,2023-08-04,4.537415981292725,5.5,5.510000228881836,5.440000057220459,5.460000038146973,3418100,2023-08-04,4.537415981292725,0.00732603563287193,0.0036363250396636015,0.014492705062368438
2023-08-07,11,0.12415338404984638,0.4817962442211775,0.45454545454545453,0.2727272727272727,0.2727272727272727,1,2023-08-07,2023-08-07,2023-08-07,4.553915500640869,5.519999980926514,5.53000020980835,5.460000038146973,5.510000228881836,4206400,2023-08-07,4.553915500640869,0.0036363250396636015,0.014492705062368438,0.008928580644055994
2023-08-08,6,0.5362865081988275,0.4366381986850887,0.8333333333333334,0.16666666666666666,0.0,1,2023-08-08,2023-08-08,2023-08-08,4.6199140548706055,5.599999904632568,5.619999885559082,5.460000038146973,5.519999980926514,9501700,2023-08-08,4.6199140548706055,0.014492705062368438,0.008928580644055994,0.0017700974551024817
2023-08-09,8,0.02397272491361943,0.6821461071030261,0.375,0.5,0.125,1,2023-08-09,2023-08-09,2023-08-09,4.661163330078125,5.650000095367432,5.650000095367432,5.550000190734863,5.599999904632568,18468100,2023-08-09,4.661163330078125,0.008928580644055994,0.0017700974551024817,-0.008834133897358543
2023-08-10,8,0.1609427246730775,0.3405805349194097,0.5,0.25,0.25,1,2023-08-10,2023-08-10,2023-08-10,4.669414043426514,5.659999847412109,5.670000076293945,5.599999904632568,5.650000095367432,7221500,2023-08-10,4.669414043426514,0.0017700974551024817,-0.008834133897358543,0.007130152876123619
2023-08-11,8,0.31665628601331264,0.44489870582172303,0.5,0.5,0.0,1,2023-08-11,2023-08-11,2023-08-11,4.628163814544678,5.610000133514404,5.650000095367432,5.579999923706055,5.650000095367432,10889400,2023-08-11,4.628163814544678,-0.008834133897358543,0.007130152876123619,0.005309678565115217
2023-08-14,6,0.21521925382936993,0.41469378203494145,0.5,0.5,0.0,1,2023-08-14,2023-08-14,2023-08-14,4.661163330078125,5.650000095367432,5.659999847412109,5.550000190734863,5.610000133514404,6496600,2023-08-14,4.661163330078125,0.007130152876123619,0.005309678565115217,0.008802928156314227
2023-08-15,7,0.6420492269098759,0.2949793604760871,1.0,0.0,0.0,1,2023-08-15,2023-08-15,2023-08-15,4.685912609100342,5.679999828338623,5.699999809265137,5.619999885559082,5.650000095367432,5094900,2023-08-15,4.685912609100342,0.005309678565115217,0.008802928156314227,-0.01570684166705505
2023-08-16,4,0.2590227676555515,0.6274783634598576,0.5,0.5,0.0,1,2023-08-16,2023-08-16,2023-08-16,4.7271623611450195,5.730000019073486,5.75,5.639999866485596,5.650000095367432,12325400,2023-08-16,4.7271623611450195,0.008802928156314227,-0.01570684166705505,-0.01595727836831551
2023-08-17,8,0.009327570442110335,0.7363284770393398,0.5,0.5,0.0,1,2023-08-17,2023-08-17,2023-08-17,4.652913570404053,5.639999866485596,5.699999809265137,5.639999866485596,5.699999809265137,13523100,2023-08-17,4.652913570404053,-0.01570684166705505,-0.01595727836831551,0.009008808228317067
2023-08-18,9,0.08933306043036282,0.6655431892834459,0.3333333333333333,0.6666666666666666,0.0,1,2023-08-18,2023-08-18,2023-08-18,4.578665733337402,5.550000190734863,5.639999866485596,5.510000228881836,5.639999866485596,18008100,2023-08-18,4.578665733337402,-0.01595727836831551,0.009008808228317067,-0.0035713909722518977
2023-08-21,8,0.07148037897422915,0.6863471438422697,0.375,0.375,0.25,1,2023-08-21,2023-08-21,2023-08-21,4.6199140548706055,5.599999904632568,5.619999885559082,5.53000020980835,5.550000190734863,9754400,2023-08-21,4.6199140548706055,0.009008808228317067,-0.0035713909722518977,0.0
2023-08-22,5,0.3103179908357561,0.6651566110471344,0.6,0.4,0.0,1,2023-08-22,2023-08-22,2023-08-22,4.603414535522461,5.579999923706055,5.630000114440918,5.53000020980835,5.599999904632568,7474300,2023-08-22,4.603414535522461,-0.0035713909722518977,0.0,0.0
2023-08-23,4,-0.3947878656908869,0.6057623752430663,0.25,0.75,0.0,1,2023-08-23,2023-08-23,2023-08-23,4.603414535522461,5.579999923706055,5.590000152587891,5.539999961853027,5.579999923706055,6284900,2023-08-23,4.603414535522461,0.0,0.0,0.005376287282241821
2023-08-24,6,0.41385497509812325,0.47617062804351584,0.8333333333333334,0.16666666666666666,0.0,1,2023-08-24,2023-08-24,2023-08-24,4.603414535522461,5.579999923706055,5.630000114440918,5.539999961853027,5.539999961853027,3664300,2023-08-24,4.603414535522461,0.0,0.005376287282241821,-0.0017825124616691612
2023-08-25,5,-0.2647645344957709,0.7845385587858948,0.2,0.6,0.2,1,2023-08-25,2023-08-25,2023-08-25,4.628163814544678,5.610000133514404,5.610000133514404,5.559999942779541,5.599999904632568,4321300,2023-08-25,4.628163814544678,0.005376287282241821,-0.0017825124616691612,0.005357189671804097
2023-08-28,8,0.06908590698731133,0.6370427494709041,0.5,0.5,0.0,1,2023-08-28,2023-08-28,2023-08-28,4.6199140548706055,5.599999904632568,5.630000114440918,5.579999923706055,5.610000133514404,5802500,2023-08-28,4.6199140548706055,-0.0017825124616691612,0.005357189671804097,0.0
2023-08-29,6,0.03019395563751461,0.718977172036249,0.5,0.5,0.0,1,2023-08-29,2023-08-29,2023-08-29,4.6446638107299805,5.630000114440918,5.659999847412109,5.579999923706055,5.599999904632568,7190300,2023-08-29,4.6446638107299805,0.005357189671804097,0.0,0.019538084337193506
2023-08-30,12,0.48845905921189114,0.6609124326339787,0.75,0.16666666666666666,0.08333333333333333,1,2023-08-30,2023-08-30,2023-08-30,4.6446638107299805,5.630000114440918,5.699999809265137,5.619999885559082,5.619999885559082,16601400,2023-08-30,4.6446638107299805,0.0,0.019538084337193506,-0.005226325406474608
2023-09-01,7,0.281601667803313,0.6180907652546843,0.7142857142857143,0.14285714285714285,0.14285714285714285,2,2023-08-31,2023-09-01,2023-09-01,4.735411643981934,5.739999771118164,5.78000020980835,5.659999847412109,5.760000228881836,22632400,2023-09-01,4.735411643981934,0.019538084337193506,-0.005226325406474608,-0.010507971676416705
2023-09-04,9,0.6193628812777914,0.5815404957550458,0.7777777777777778,0.2222222222222222,0.0,1,2023-09-04,2023-09-04,2023-09-04,4.710662841796875,5.710000038146973,5.760000228881836,5.710000038146973,5.739999771118164,10575100,2023-09-04,4.710662841796875,-0.005226325406474608,-0.010507971676416705,0.012389352285300914
2023-09-05,5,-0.516077971458435,0.282338669031341,0.0,0.8,0.2,1,2023-09-05,2023-09-05,2023-09-05,4.661163330078125,5.650000095367432,5.710000038146973,5.610000133514404,5.710000038146973,13505800,2023-09-05,4.661163330078125,-0.010507971676416705,0.012389352285300914,0.0034964667517356496
2023-09-06,8,0.4349366942769848,0.47958785952415284,0.75,0.125,0.125,1,2023-09-06,2023-09-06,2023-09-06,4.718912124633789,5.71999979019165,5.739999771118164,5.619999885559082,5.619999885559082,12523600,2023-09-06,4.718912124633789,0.012389352285300914,0.0034964667517356496,-0.008710508778780657
2023-09-07,6,-0.3497718224922816,0.42160769454878233,0.16666666666666666,0.8333333333333334,0.0,1,2023-09-07,2023-09-07,2023-09-07,4.735411643981934,5.739999771118164,5.75,5.699999809265137,5.71999979019165,4663100,2023-09-07,4.735411643981934,0.0034964667517356496,-0.008710508778780657,0.003514799060377216
2023-09-08,7,-0.33410674386790823,0.3941251541044648,0.0,0.8571428571428571,0.14285714285714285,1,2023-09-08,2023-09-08,2023-09-08,4.694163799285889,5.690000057220459,5.75,5.670000076293945,5.739999771118164,7476900,2023-09-08,4.694163799285889,-0.008710508778780657,0.003514799060377216,-0.0017513960961136332
2023-09-11,11,0.1349061799066311,0.6955897567266403,0.45454545454545453,0.45454545454545453,0.09090909090909091,1,2023-09-11,2023-09-11,2023-09-11,4.710662841796875,5.710000038146973,5.71999979019165,5.659999847412109,5.659999847412109,5188200,2023-09-11,4.710662841796875,0.003514799060377216,-0.0017513960961136332,0.0
2023-09-12,7,0.2796083001552948,0.583249897166538,0.5714285714285714,0.42857142857142855,0.0,1,2023-09-12,2023-09-12,2023-09-12,4.7024126052856445,5.699999809265137,5.730000019073486,5.670000076293945,5.699999809265137,8339300,2023-09-12,4.7024126052856445,-0.0017513960961136332,0.0,-0.0017541646580488957
2023-09-13,4,0.3561768343206495,0.606957009446915,0.75,0.25,0.0,1,2023-09-13,2023-09-13,2023-09-13,4.7024126052856445,5.699999809265137,5.730000019073486,5.679999828338623,5.699999809265137,7232300,2023-09-13,4.7024126052856445,0.0,-0.0017541646580488957,0.015817154466382988
2023-09-14,6,-0.0862176980978499,0.8423255594745994,0.3333333333333333,0.6666666666666666,0.0,1,2023-09-14,2023-09-14,2023-09-14,4.694163799285889,5.690000057220459,5.75,5.679999828338623,5.699999809265137,13128300,2023-09-14,4.694163799285889,-0.0017541646580488957,0.015817154466382988,-0.0034603705868500034
2023-09-15,4,0.23421053681522608,0.6260524344678192,0.75,0.25,0.0,1,2023-09-15,2023-09-15,2023-09-15,4.768412113189697,5.78000020980835,5.78000020980835,5.690000057220459,5.699999809265137,21882000,2023-09-15,4.768412113189697,0.015817154466382988,-0.0034603705868500034,-0.0017360928188012714
2023-09-18,10,-0.004420332820154749,0.6895594829558178,0.4,0.4,0.2,1,2023-09-18,2023-09-18,2023-09-18,4.751911640167236,5.760000228881836,5.769999980926514,5.739999771118164,5.75,7805000,2023-09-18,4.751911640167236,-0.0034603705868500034,-0.0017360928188012714,0.008071828213803922
2023-09-19,4,-0.5541251935064794,0.3496023980082144,0.0,1.0,0.0,1,2023-09-19,2023-09-19,2023-09-19,4.743661880493164,5.75,5.789999961853027,5.730000019073486,5.78000020980835,8423100,2023-09-19,4.743661880493164,-0.0017360928188012714,0.008071828213803922,-0.005337897667443081
2023-09-20,9,-0.16749540581885308,0.7691592545329002,0.3333333333333333,0.5555555555555556,0.1111111111111111,1,2023-09-20,2023-09-20,2023-09-20,4.781951904296875,5.619999885559082,5.639999866485596,5.550000190734863,5.579999923706055,10520600,2023-09-20,4.781951904296875,0.008071828213803922,-0.005337897667443081,0.0
2023-09-21,6,-0.10673675251503789,0.6917764952343014,0.3333333333333333,0.5,0.16666666666666666,1,2023-09-21,2023-09-21,2023-09-21,4.7564263343811035,5.590000152587891,5.639999866485596,5.570000171661377,5.630000114440918,13143300,2023-09-21,4.7564263343811035,-0.005337897667443081,0.0,-0.008944707386473905
2023-09-22,9,-0.2307699067104194,0.5067523566624408,0.3333333333333333,0.6666666666666666,0.0,1,2023-09-22,2023-09-22,2023-09-22,4.7564263343811035,5.590000152587891,5.619999885559082,5.559999942779541,5.579999923706055,8715000,2023-09-22,4.7564263343811035,0.0,-0.008944707386473905,0.0018050267628295646
2023-09-25,6,-0.11098722616831459,0.7701028458459525,0.3333333333333333,0.6666666666666666,0.0,1,2023-09-25,2023-09-25,2023-09-25,4.713881492614746,5.539999961853027,5.599999904632568,5.539999961853027,5.590000152587891,7969300,2023-09-25,4.713881492614746,-0.008944707386473905,0.0018050267628295646,0.0
2023-09-26,9,0.16247607001827824,0.5224548334046859,0.7777777777777778,0.2222222222222222,0.0,1,2023-09-26,2023-09-26,2023-09-26,4.722390174865723,5.550000190734863,5.579999923706055,5.53000020980835,5.539999961853027,12927500,2023-09-26,4.722390174865723,0.0018050267628295646,0.0,-0.021621698034143266
2023-09-27,4,-0.48458800651133066,0.2509494124190726,0.0,1.0,0.0,1,2023-09-27,2023-09-27,2023-09-27,4.722390174865723,5.550000190734863,5.550000190734863,5.53000020980835,5.550000190734863,8701800,2023-09-27,4.722390174865723,0.0,-0.021621698034143266,-0.00552477863009182
2023-09-29,8,0.2735936695244164,0.5049554105484391,0.625,0.25,0.125,2,2023-09-28,2023-09-29,2023-09-29,4.620284080505371,5.429999828338623,5.559999942779541,5.380000114440918,5.550000190734863,36339100,2023-09-29,4.620284080505371,-0.021621698034143266,-0.00552477863009182,0.0018517200147032398
2023-10-02,9,-0.0639096802721421,0.600261649448862,0.4444444444444444,0.5555555555555556,0.0,2,2023-09-30,2023-10-02,2023-10-02,4.594758033752441,5.400000095367432,5.480000019073486,5.380000114440918,5.429999828338623,9387700,2023-10-02,4.594758033752441,-0.00552477863009182,0.0018517200147032398,-0.0018482974852567224
2023-10-03,7,0.07150460114436487,0.6033804341883027,0.42857142857142855,0.5714285714285714,0.0,1,2023-10-03,2023-10-03,2023-10-03,4.60326623916626,5.409999847412109,5.460000038146973,5.389999866485596,5.409999847412109,14460800,2023-10-03,4.60326623916626,0.0018517200147032398,-0.0018482974852567224,0.0018517200147032398
2023-10-04,4,-0.46631826926022774,0.48771149505813055,0.25,0.75,0.0,1,2023-10-04,2023-10-04,2023-10-04,4.594758033752441,5.400000095367432,5.420000076293945,5.380000114440918,5.400000095367432,19660000,2023-10-04,4.594758033752441,-0.0018482974852567224,0.0018517200147032398,0.0018486082453563757
2023-10-05,5,-0.026544263958930968,0.3221433798581582,0.4,0.6,0.0,1,2023-10-05,2023-10-05,2023-10-05,4.60326623916626,5.409999847412109,5.440000057220459,5.389999866485596,5.400000095367432,24914600,2023-10-05,4.60326623916626,0.0018517200147032398,0.0018486082453563757,0.0
2023-10-06,5,0.25361030893400316,0.49650134809312063,0.8,0.2,0.0,1,2023-10-06,2023-10-06,2023-10-06,4.611775875091553,5.420000076293945,5.440000057220459,5.389999866485596,5.409999847412109,20448400,2023-10-06,4.611775875091553,0.0018486082453563757,0.0,0.02398518548388351
2023-10-09,7,0.6231194220350257,0.4033037396108235,0.8571428571428571,0.14285714285714285,0.0,1,2023-10-09,2023-10-09,2023-10-09,4.611775875091553,5.420000076293945,5.46999979019165,5.400000095367432,5.420000076293945,8085200,2023-10-09,4.611775875091553,0.0,0.02398518548388351,0.009008973531766884
2023-10-10,6,0.028451703799267574,0.9109654131584372,0.5,0.5,0.0,1,2023-10-10,2023-10-10,2023-10-10,4.722390174865723,5.550000190734863,5.579999923706055,5.420000076293945,5.420000076293945,15660600,2023-10-10,4.722390174865723,0.02398518548388351,0.009008973531766884,0.010714323956140026
2023-10-11,9,0.30569663726621205,0.4533724626008104,0.6666666666666666,0.1111111111111111,0.2222222222222222,1,2023-10-11,2023-10-11,2023-10-11,4.764934062957764,5.599999904632568,5.639999866485596,5.53000020980835,5.590000152587891,24099200,2023-10-11,4.764934062957764,0.009008973531766884,0.010714323956140026,0.0
2023-10-12,8,0.4446683817077428,0.619227320641371,0.75,0.125,0.125,1,2023-10-12,2023-10-12,2023-10-12,4.8159871101379395,5.659999847412109,5.670000076293945,5.619999885559082,5.619999885559082,11273900,2023-10-12,4.8159871101379395,0.010714323956140026,0.0,-0.008833887450089617
2023-10-13,7,0.1724636309913227,0.5769160801100608,0.42857142857142855,0.5714285714285714,0.0,1,2023-10-13,2023-10-13,2023-10-13,4.8159871101379395,5.659999847412109,5.670000076293945,5.599999904632568,5.670000076293945,9192600,2023-10-13,4.8159871101379395,0.0,-0.008833887450089617,0.0
2023-10-16,7,0.2866352413381849,0.6319015724229515,0.5714285714285714,0.42857142857142855,0.0,2,2023-10-15,2023-10-16,2023-10-16,4.773443222045898,5.610000133514404,5.659999847412109,5.579999923706055,5.659999847412109,21005500,2023-10-16,4.773443222045898,-0.008833887450089617,0.0,-0.007130116408188281
2023-10-17,4,0.5616205697879195,0.24430550032402615,1.0,0.0,0.0,1,2023-10-17,2023-10-17,2023-10-17,4.773443222045898,5.610000133514404,5.650000095367432,5.550000190734863,5.610000133514404,11328500,2023-10-17,4.773443222045898,0.0,-0.007130116408188281,0.0017951036390138064
2023-10-18,4,-0.32331351842731243,0.46760588466882574,0.25,0.75,0.0,1,2023-10-18,2023-10-18,2023-10-18,4.739408016204834,5.570000171661377,5.610000133514404,5.539999961853027,5.610000133514404,25811200,2023-10-18,4.739408016204834,-0.007130116408188281,0.0017951036390138064,0.007168652803662523
2023-10-19,4,-0.6487136911600828,0.14817824066070437,0.0,1.0,0.0,1,2023-10-19,2023-10-19,2023-10-19,4.747915744781494,5.579999923706055,5.599999904632568,5.539999961853027,5.539999961853027,22416900,2023-10-19,4.747915744781494,0.0017951036390138064,0.007168652803662523,0.007117429560611344
2023-10-20,10,-0.1921332337893546,0.7919449918550476,0.3,0.7,0.0,1,2023-10-20,2023-10-20,2023-10-20,4.781951904296875,5.619999885559082,5.650000095367432,5.559999942779541,5.590000152587891,23342100,2023-10-20,4.781951904296875,0.007168652803662523,0.007117429560611344,0.0035335153755147175
2023-10-23,10,0.03360280087217693,0.6093578978942369,0.4,0.6,0.0,1,2023-10-23,2023-10-23,2023-10-23,4.8159871101379395,5.659999847412109,5.699999809265137,5.590000152587891,5.639999866485596,14288600,2023-10-23,4.8159871101379395,0.007117429560611344,0.0035335153755147175,0.001760635466568461
2023-10-24,11,0.05679696396162566,0.6575623962820245,0.5454545454545454,0.45454545454545453,0.0,1,2023-10-24,2023-10-24,2023-10-24,4.833004474639893,5.679999828338623,5.699999809265137,5.610000133514404,5.659999847412109,17871600,2023-10-24,4.833004474639893,0.0035335153755147175,0.001760635466568461,-0.0017575410774135491
2023-10-25,6,0.6730835777319347,0.24362803714937684,1.0,0.0,0.0,1,2023-10-25,2023-10-25,2023-10-25,4.841513633728027,5.690000057220459,5.710000038146973,5.670000076293945,5.699999809265137,15502800,2023-10-25,4.841513633728027,0.001760635466568461,-0.0017575410774135491,0.0
2023-10-26,10,0.18502343366853893,0.7210650155953716,0.6,0.4,0.0,1,2023-10-26,2023-10-26,2023-10-26,4.833004474639893,5.679999828338623,5.71999979019165,5.659999847412109,5.690000057220459,30106600,2023-10-26,4.833004474639893,-0.0017575410774135491,0.0,0.0035210736077833094
2023-10-27,10,0.23576473593711852,0.7430684298950575,0.6,0.4,0.0,1,2023-10-27,2023-10-27,2023-10-27,4.833004474639893,5.679999828338623,5.699999809265137,5.639999866485596,5.659999847412109,7021200,2023-10-27,4.833004474639893,0.0,0.0035210736077833094,0.001754457891191663
2023-10-30,5,0.4395135680679232,0.6454412059940574,0.6,0.2,0.2,2,2023-10-29,2023-10-30,2023-10-30,4.850021839141846,5.699999809265137,5.699999809265137,5.679999828338623,5.679999828338623,7730200,2023-10-30,4.850021839141846,0.0035210736077833094,0.001754457891191663,-0.0017513851596778762
2023-10-31,8,0.42457818245748064,0.4046397804289016,0.625,0.125,0.25,1,2023-10-31,2023-10-31,2023-10-31,4.8585309982299805,5.710000038146973,5.710000038146973,5.670000076293945,5.679999828338623,12901300,2023-10-31,4.8585309982299805,0.001754457891191663,-0.0017513851596778762,0.0
2023-11-01,7,0.2064114535293941,0.7490350509496208,0.5714285714285714,0.2857142857142857,0.14285714285714285,1,2023-11-01,2023-11-01,2023-11-01,4.850021839141846,5.699999809265137,5.71999979019165,5.679999828338623,5.710000038146973,10703100,2023-11-01,4.850021839141846,-0.0017513851596778762,0.0,0.005263177040581102
2023-11-02,6,0.2719187185478707,0.39521058074737675,0.6666666666666666,0.0,0.3333333333333333,1,2023-11-02,2023-11-02,2023-11-02,4.850021839141846,5.699999809265137,5.730000019073486,5.670000076293945,5.679999828338623,6236300,2023-11-02,4.850021839141846,0.0,0.005263177040581102,0.013961786509343987
2023-11-03,3,0.15768681839108464,0.8463145615836781,0.6666666666666666,0.3333333333333333,0.0,1,2023-11-03,2023-11-03,2023-11-03,4.875548362731934,5.730000019073486,5.75,5.699999809265137,5.710000038146973,15867100,2023-11-03,4.875548362731934,0.005263177040581102,0.013961786509343987,0.0
2023-11-06,5,0.7032818598672749,0.31790479690373386,1.0,0.0,0.0,1,2023-11-06,2023-11-06,2023-11-06,4.943619728088379,5.809999942779541,5.809999942779541,5.730000019073486,5.730000019073486,17848400,2023-11-06,4.943619728088379,0.013961786509343987,0.0,-0.0068848660268094886
2023-11-07,8,0.03338171401992441,0.5545980533066345,0.375,0.375,0.25,1,2023-11-07,2023-11-07,2023-11-07,4.943619728088379,5.809999942779541,5.809999942779541,5.75,5.760000228881836,13595500,2023-11-07,4.943619728088379,0.0,-0.0068848660268094886,0.0017332704100943008
2023-11-08,2,-0.2892171796411276,0.8278701962741948,0.5,0.5,0.0,1,2023-11-08,2023-11-08,2023-11-08,4.909583568572998,5.769999980926514,5.809999942779541,5.760000228881836,5.800000190734863,12994200,2023-11-08,4.909583568572998,-0.0068848660268094886,0.0017332704100943008,-0.00519052327862668
2023-11-09,5,-0.11732116779312492,0.717352734450378,0.4,0.6,0.0,1,2023-11-09,2023-11-09,2023-11-09,4.918093204498291,5.78000020980835,5.78000020980835,5.739999771118164,5.760000228881836,10540800,2023-11-09,4.918093204498291,0.0017332704100943008,-0.00519052327862668,-0.003478208664061011
2023-11-10,5,0.08220526026561858,0.6150766558435001,0.6,0.4,0.0,1,2023-11-10,2023-11-10,2023-11-10,4.892565727233887,5.75,5.769999980926514,5.710000038146973,5.739999771118164,5426200,2023-11-10,4.892565727233887,-0.00519052327862668,-0.003478208664061011,0.012216514294801417
2023-11-14,10,0.6065410373266786,0.5909614770289502,0.9,0.1,0.0,2,2023-11-13,2023-11-14,2023-11-14,4.875548362731934,5.730000019073486,5.800000190734863,5.71999979019165,5.75,12272300,2023-11-14,4.875548362731934,-0.003478208664061011,0.012216514294801417,-0.0034482235532568017
2023-11-15,3,0.3767453928788504,0.21685549562224649,1.0,0.0,0.0,1,2023-11-15,2023-11-15,2023-11-15,4.935110569000244,5.800000190734863,5.800000190734863,5.730000019073486,5.75,11783600,2023-11-15,4.935110569000244,0.012216514294801417,-0.0034482235532568017,0.003460154941022253
2023-11-16,3,-0.12995720406373337,0.4732006294762881,0.3333333333333333,0.6666666666666666,0.0,1,2023-11-16,2023-11-16,2023-11-16,4.918093204498291,5.78000020980835,5.800000190734863,5.75,5.769999980926514,9787500,2023-11-16,4.918093204498291,-0.0034482235532568017,0.003460154941022253,-0.005172528572630841
2023-11-17,7,-0.1782510155545814,0.7770298987360942,0.2857142857142857,0.7142857142857143,0.0,1,2023-11-17,2023-11-17,2023-11-17,4.935110569000244,5.800000190734863,5.800000190734863,5.739999771118164,5.769999980926514,4892100,2023-11-17,4.935110569000244,0.003460154941022253,-0.005172528572630841,0.0034662494489441364
2023-11-20,10,0.06160599743016063,0.581236237658399,0.3,0.3,0.4,1,2023-11-20,2023-11-20,2023-11-20,4.909583568572998,5.769999980926514,5.78000020980835,5.699999809265137,5.769999980926514,9029500,2023-11-20,4.909583568572998,-0.005172528572630841,0.0034662494489441364,-0.003454276066432338
2023-11-21,6,0.5104861659929156,0.5071160252584107,0.6666666666666666,0.3333333333333333,0.0,1,2023-11-21,2023-11-21,2023-11-21,4.926601409912109,5.789999961853027,5.789999961853027,5.730000019073486,5.78000020980835,11162400,2023-11-21,4.926601409912109,0.0034662494489441364,-0.003454276066432338,-0.005199325611542127
2023-11-22,9,-0.6459717062405415,0.36025816753454065,0.0,0.8888888888888888,0.1111111111111111,1,2023-11-22,2023-11-22,2023-11-22,4.909583568572998,5.769999980926514,5.800000190734863,5.739999771118164,5.800000190734863,7707800,2023-11-22,4.909583568572998,-0.003454276066432338,-0.005199325611542127,0.0017421340849645972
2023-11-23,7,0.4437804043159953,0.4868000916210377,0.7142857142857143,0.2857142857142857,0.0,1,2023-11-23,2023-11-23,2023-11-23,4.88405704498291,5.739999771118164,5.769999980926514,5.71999979019165,5.760000228881836,7093600,2023-11-23,4.88405704498291,-0.005199325611542127,0.0017421340849645972,0.0
2023-11-24,6,0.19954919132093588,0.5460027176080581,0.8333333333333334,0.16666666666666666,0.0,1,2023-11-24,2023-11-24,2023-11-24,4.892565727233887,5.75,5.769999980926514,5.71999979019165,5.739999771118164,6179900,2023-11-24,4.892565727233887,0.0017421340849645972,0.0,-0.012173827785788016
2023-11-27,6,-0.36511581848996383,0.46360905063496577,0.16666666666666666,0.6666666666666666,0.16666666666666666,1,2023-11-27,2023-11-27,2023-11-27,4.892565727233887,5.75,5.760000228881836,5.71999979019165,5.730000019073486,9060300,2023-11-27,4.892565727233887,0.0,-0.012173827785788016,-0.007042245878243314
2023-11-28,4,0.12167720485012981,0.6509941858440905,0.75,0.25,0.0,1,2023-11-28,2023-11-28,2023-11-28,4.833004474639893,5.679999828338623,5.760000228881836,5.650000095367432,5.75,10264500,2023-11-28,4.833004474639893,-0.012173827785788016,-0.007042245878243314,0.0017729235044565694
2023-11-29,4,-0.5487776119261981,0.4953478681075973,0.25,0.75,0.0,1,2023-11-29,2023-11-29,2023-11-29,4.798969268798828,5.639999866485596,5.710000038146973,5.619999885559082,5.679999828338623,7639800,2023-11-29,4.798969268798828,-0.007042245878243314,0.0017729235044565694,0.02123901670014039
2023-11-30,5,0.12492864793166518,0.8898121930749545,0.4,0.4,0.2,1,2023-11-30,2023-11-30,2023-11-30,4.8074774742126465,5.650000095367432,5.670000076293945,5.599999904632568,5.659999847412109,28171400,2023-11-30,4.8074774742126465,0.0017729235044565694,0.02123901670014039,0.0017332704100943008
2023-12-01,7,0.16860216583258342,0.6399436298274631,0.42857142857142855,0.42857142857142855,0.14285714285714285,1,2023-12-01,2023-12-01,2023-12-01,4.909583568572998,5.769999980926514,5.829999923706055,5.690000057220459,5.690000057220459,32963000,2023-12-01,4.909583568572998,0.02123901670014039,0.0017332704100943008,-0.00519052327862668
2023-12-04,11,-0.2601313850080425,0.5465172846504212,0.18181818181818182,0.6363636363636364,0.18181818181818182,1,2023-12-04,2023-12-04,2023-12-04,4.918093204498291,5.78000020980835,5.920000076293945,5.760000228881836,5.820000171661377,14243700,2023-12-04,4.918093204498291,0.0017332704100943008,-0.00519052327862668,0.0
2023-12-05,4,-0.8038427848368883,0.13224203163660173,0.0,1.0,0.0,1,2023-12-05,2023-12-05,2023-12-05,4.892565727233887,5.75,5.829999923706055,5.71999979019165,5.769999980926514,11372600,2023-12-05,4.892565727233887,-0.00519052327862668,0.0,0.001739396716753383
2023-12-06,7,-0.1451301904661315,0.5923142954270849,0.42857142857142855,0.5714285714285714,0.0,1,2023-12-06,2023-12-06,2023-12-06,4.892565727233887,5.75,5.829999923706055,5.71999979019165,5.760000228881836,12405000,2023-12-06,4.892565727233887,0.0,0.001739396716753383,0.0
2023-12-07,4,0.4363533081486821,0.7935005885868652,0.75,0.25,0.0,1,2023-12-07,2023-12-07,2023-12-07,4.901075839996338,5.760000228881836,5.789999961853027,5.699999809265137,5.75,10562500,2023-12-07,4.901075839996338,0.001739396716753383,0.0,0.003472169184381757
2023-12-08,4,0.30121550336480146,0.49873424381008125,0.75,0.25,0.0,1,2023-12-08,2023-12-08,2023-12-08,4.901075839996338,5.760000228881836,5.789999961853027,5.71999979019165,5.75,8878100,2023-12-08,4.901075839996338,0.0,0.003472169184381757,0.001729980514813434
2023-12-11,8,0.34596861543832347,0.5048188179441487,0.875,0.125,0.0,1,2023-12-11,2023-12-11,2023-12-11,4.918093204498291,5.78000020980835,5.800000190734863,5.710000038146973,5.739999771118164,12856700,2023-12-11,4.918093204498291,0.003472169184381757,0.001729980514813434,0.0
2023-12-12,7,0.2516401943617633,0.5634775647850286,0.42857142857142855,0.2857142857142857,0.2857142857142857,1,2023-12-12,2023-12-12,2023-12-12,4.926601409912109,5.789999961853027,5.820000171661377,5.760000228881836,5.789999961853027,25020600,2023-12-12,4.926601409912109,0.001729980514813434,0.0,0.0034543728546883035
2023-12-13,9,0.04370465409010648,0.5899046719906373,0.4444444444444444,0.4444444444444444,0.1111111111111111,1,2023-12-13,2023-12-13,2023-12-13,4.926601409912109,5.789999961853027,5.809999942779541,5.760000228881836,5.769999980926514,24409400,2023-12-13,4.926601409912109,0.0,0.0034543728546883035,0.0034421918757443493
2023-12-14,7,0.6199460907706192,0.43691162675058504,0.8571428571428571,0.14285714285714285,0.0,1,2023-12-14,2023-12-14,2023-12-14,4.943619728088379,5.809999942779541,5.860000133514404,5.75,5.800000190734863,17904000,2023-12-14,4.943619728088379,0.0034543728546883035,0.0034421918757443493,0.018867928155629654
2023-12-15,7,0.49323359996612587,0.41498301664794945,0.7142857142857143,0.2857142857142857,0.0,1,2023-12-15,2023-12-15,2023-12-15,4.960636615753174,5.829999923706055,5.869999885559082,5.800000190734863,5.809999942779541,40625500,2023-12-15,4.960636615753174,0.0034421918757443493,0.018867928155629654,0.0033669525418944524
2023-12-18,8,0.4516507717780769,0.41554489682784873,0.875,0.0,0.125,1,2023-12-18,2023-12-18,2023-12-18,5.054233551025391,5.940000057220459,5.960000038146973,5.829999923706055,5.849999904632568,24331700,2023-12-18,5.054233551025391,0.018867928155629654,0.0033669525418944524,-0.010066962640232657
2023-12-19,4,0.04516022861935196,0.2137882525537375,0.5,0.25,0.25,1,2023-12-19,2023-12-19,2023-12-19,5.071250915527344,5.960000038146973,5.989999771118164,5.909999847412109,5.940000057220459,19559800,2023-12-19,5.071250915527344,0.0033669525418944524,-0.010066962640232657,-0.016949179910563328
2023-12-20,5,0.20734400115907192,0.47259167816962516,0.4,0.4,0.2,1,2023-12-20,2023-12-20,2023-12-20,5.020198822021484,5.900000095367432,5.989999771118164,5.900000095367432,5.980000019073486,34643900,2023-12-20,5.020198822021484,-0.010066962640232657,-0.016949179910563328,0.0
2023-12-21,4,-0.5206358060240746,0.45534329423483805,0.25,0.75,0.0,1,2023-12-21,2023-12-21,2023-12-21,4.935110569000244,5.800000190734863,5.900000095367432,5.789999961853027,5.889999866485596,17551400,2023-12-21,4.935110569000244,-0.016949179910563328,0.0,-0.0034482235532568017
2023-12-22,5,-0.18471169769763945,0.5529450133168,0.4,0.6,0.0,1,2023-12-22,2023-12-22,2023-12-22,4.935110569000244,5.800000190734863,5.829999923706055,5.760000228881836,5.800000190734863,15422600,2023-12-22,4.935110569000244,0.0,-0.0034482235532568017,0.003460154941022253
2023-12-26,7,0.14901794453284573,0.6889530634031308,0.5714285714285714,0.2857142857142857,0.14285714285714285,2,2023-12-25,2023-12-26,2023-12-26,4.918093204498291,5.78000020980835,5.860000133514404,5.78000020980835,5.800000190734863,23001900,2023-12-26,4.918093204498291,-0.0034482235532568017,0.003460154941022253,0.0068964471065136035
2023-12-27,5,0.3087703390978277,0.4779862789763563,0.4,0.2,0.4,1,2023-12-27,2023-12-27,2023-12-27,4.935110569000244,5.800000190734863,5.829999923706055,5.769999980926514,5.769999980926514,41519500,2023-12-27,4.935110569000244,0.003460154941022253,0.0068964471065136035,0.0017123989293597042
2023-12-28,5,0.04025326780974867,0.6941258712023717,0.6,0.4,0.0,1,2023-12-28,2023-12-28,2023-12-28,4.96914529800415,5.840000152587891,5.909999847412109,5.789999961853027,5.800000190734863,33168100,2023-12-28,4.96914529800415,0.0068964471065136035,0.0017123989293597042,-0.0017094716319673298
2023-12-29,9,0.16464486257690522,0.7840580494074709,0.6666666666666666,0.3333333333333333,0.0,1,2023-12-29,2023-12-29,2023-12-29,4.977654457092285,5.849999904632568,5.920000076293945,5.789999961853027,5.840000152587891,101708800,2023-12-29,4.977654457092285,0.0017123989293597042,-0.0017094716319673298,0.010274105697380076
2024-01-02,4,0.21405008807778358,0.7133034759077796,0.75,0.25,0.0,2,2023-12-31,2024-01-02,2024-01-02,4.96914529800415,5.840000152587891,5.900000095367432,5.809999942779541,5.820000171661377,6863600,2024-01-02,4.96914529800415,-0.0017094716319673298,0.010274105697380076,0.00847454246342183
2024-01-03,6,0.03861785369614762,0.6350236068689177,0.6666666666666666,0.3333333333333333,0.0,1,2024-01-03,2024-01-03,2024-01-03,5.020198822021484,5.900000095367432,5.920000076293945,5.829999923706055,5.849999904632568,14459300,2024-01-03,5.020198822021484,0.010274105697380076,0.00847454246342183,0.008403328102582375
2024-01-04,5,0.38410439658910034,0.6934062304206763,0.6,0.4,0.0,1,2024-01-04,2024-01-04,2024-01-04,5.062742710113525,5.949999809265137,5.96999979019165,5.889999866485596,5.900000095367432,14955600,2024-01-04,5.062742710113525,0.00847454246342183,0.008403328102582375,0.004999924345462148
2024-01-05,4,0.5132975950837135,0.4746297801919671,0.75,0.25,0.0,1,2024-01-05,2024-01-05,2024-01-05,5.105286598205566,6.0,6.039999961853027,5.949999809265137,5.949999809265137,12481500,2024-01-05,5.105286598205566,0.008403328102582375,0.004999924345462148,0.003316885521632118
2024-01-08,13,0.24652101493512207,0.6156811049353317,0.5384615384615384,0.3076923076923077,0.15384615384615385,1,2024-01-08,2024-01-08,2024-01-08,5.130812644958496,6.03000020980835,6.050000190734863,6.010000228881836,6.019999980926514,10981800,2024-01-08,5.130812644958496,0.004999924345462148,0.003316885521632118,-0.016528952413275455
2024-01-09,10,0.520896518509835,0.38472455150396845,0.8,0.2,0.0,1,2024-01-09,2024-01-09,2024-01-09,5.147830963134766,6.050000190734863,6.079999923706055,6.03000020980835,6.050000190734863,16803300,2024-01-09,5.147830963134766,0.003316885521632118,-0.016528952413275455,0.0
2024-01-10,7,-0.5642519218048879,0.4844835391732891,0.14285714285714285,0.8571428571428571,0.0,1,2024-01-10,2024-01-10,2024-01-10,5.062742710113525,5.949999809265137,6.070000171661377,5.940000057220459,6.059999942779541,14398100,2024-01-10,5.062742710113525,-0.016528952413275455,0.0,-0.005042034535765572
2024-01-11,2,0.1619953438639641,0.6371138365025819,0.5,0.5,0.0,1,2024-01-11,2024-01-11,2024-01-11,5.062742710113525,5.949999809265137,6.0,5.920000076293945,5.949999809265137,18183600,2024-01-11,5.062742710113525,0.0,-0.005042034535765572,0.013513498162783799
2024-01-12,4,0.5924928358290344,0.4263830889463103,1.0,0.0,0.0,1,2024-01-12,2024-01-12,2024-01-12,5.0372161865234375,5.920000076293945,5.989999771118164,5.880000114440918,5.949999809265137,14772600,2024-01-12,5.0372161865234375,-0.005042034535765572,0.013513498162783799,0.0016666414484873826
2024-01-15,8,0.2591128530912101,0.5539376453627993,0.75,0.25,0.0,1,2024-01-15,2024-01-15,2024-01-15,5.105286598205566,6.0,6.0,5.920000076293945,5.920000076293945,11051300,2024-01-15,5.105286598205566,0.013513498162783799,0.0016666414484873826,0.0033277367529727098
2024-01-16,4,-0.18422256549820304,0.5651859735904363,0.25,0.75,0.0,1,2024-01-16,2024-01-16,2024-01-16,5.113795280456543,6.010000228881836,6.03000020980835,5.980000019073486,6.0,8227800,2024-01-16,5.113795280456543,0.0016666414484873826,0.0033277367529727098,-0.014925334295406767
2024-01-17,4,-0.22200490348041058,0.4974656306848086,0.5,0.5,0.0,1,2024-01-17,2024-01-17,2024-01-17,5.130812644958496,6.03000020980835,6.050000190734863,5.960000038146973,6.03000020980835,24124500,2024-01-17,5.130812644958496,0.0033277367529727098,-0.014925334295406767,0.011784522584847412
2024-01-18,7,-0.6459426435508898,0.5878988063008734,0.14285714285714285,0.8571428571428571,0.0,1,2024-01-18,2024-01-18,2024-01-18,5.054233551025391,5.940000057220459,6.010000228881836,5.909999847412109,5.949999809265137,17104300,2024-01-18,5.054233551025391,-0.014925334295406767,0.011784522584847412,-0.006655566751202824
2024-01-19,6,0.0470778650293748,0.8307291344483954,0.5,0.5,0.0,1,2024-01-19,2024-01-19,2024-01-19,5.113795280456543,6.010000228881836,6.019999980926514,5.929999828338623,5.940000057220459,9533100,2024-01-19,5.113795280456543,0.011784522584847412,-0.006655566751202824,0.008375176675103457
2024-01-22,5,0.32427802719175824,0.7618130388025927,0.6,0.4,0.0,1,2024-01-22,2024-01-22,2024-01-22,5.0797600746154785,5.96999979019165,6.019999980926514,5.940000057220459,6.010000228881836,14926400,2024-01-22,5.0797600746154785,-0.006655566751202824,0.008375176675103457,0.01661141753357076
2024-01-23,7,0.6102841448571,0.3328436897126201,0.8571428571428571,0.14285714285714285,0.0,1,2024-01-23,2024-01-23,2024-01-23,5.1223039627075195,6.019999980926514,6.039999961853027,5.980000019073486,5.980000019073486,9741100,2024-01-23,5.1223039627075195,0.008375176675103457,0.01661141753357076,0.009803864113397953
2024-01-24,7,0.34989345047090736,0.5990002345089369,0.7142857142857143,0.2857142857142857,0.0,1,2024-01-24,2024-01-24,2024-01-24,5.207392692565918,6.119999885559082,6.150000095367432,6.03000020980835,6.039999961853027,11231800,2024-01-24,5.207392692565918,0.01661141753357076,0.009803864113397953,0.0064723938925397295
2024-01-26,7,0.5639930820491698,0.3609623772712872,0.8571428571428571,0.14285714285714285,0.0,2,2024-01-25,2024-01-26,2024-01-26,5.2584452629089355,6.179999828338623,6.199999809265137,6.119999885559082,6.139999866485596,19998200,2024-01-26,5.2584452629089355,0.009803864113397953,0.0064723938925397295,0.0
2024-01-29,8,0.18800265906611457,0.6505079577530797,0.75,0.25,0.0,1,2024-01-29,2024-01-29,2024-01-29,5.292479991912842,6.21999979019165,6.25,6.170000076293945,6.190000057220459,20812800,2024-01-29,5.292479991912842,0.0064723938925397295,0.0,0.001607782948851444
2024-01-30,6,0.3409188527148217,0.5240744769446714,0.5,0.3333333333333333,0.16666666666666666,1,2024-01-30,2024-01-30,2024-01-30,5.292479991912842,6.21999979019165,6.230000019073486,6.190000057220459,6.21999979019165,18078800,2024-01-30,5.292479991912842,0.0,0.001607782948851444,0.0
2024-01-31,9,-0.1431090556499031,0.5130758245150175,0.3333333333333333,0.6666666666666666,0.0,1,2024-01-31,2024-01-31,2024-01-31,5.300989151000977,6.230000019073486,6.269999980926514,6.210000038146973,6.21999979019165,20186400,2024-01-31,5.300989151000977,0.001607782948851444,0.0,0.0
2024-02-02,10,0.21779893778730183,0.6288242597208432,0.5,0.5,0.0,1,2024-02-02,2024-02-02,2024-02-02,5.300989151000977,6.230000019073486,6.260000228881836,6.019999980926514,6.070000171661377,27813700,2024-02-02,5.300989151000977,0.0,0.0,-0.003210314311980378
2024-02-05,8,0.15779697860125452,0.6591185171485697,0.5,0.375,0.125,1,2024-02-05,2024-02-05,2024-02-05,5.300989151000977,6.230000019073486,6.269999980926514,6.230000019073486,6.25,8309500,2024-02-05,5.300989151000977,0.0,-0.003210314311980378,-0.0016102816901026884
2024-02-06,5,0.38677908629179003,0.29325182336283834,1.0,0.0,0.0,1,2024-02-06,2024-02-06,2024-02-06,5.283971309661865,6.210000038146973,6.25,6.179999828338623,6.21999979019165,10469400,2024-02-06,5.283971309661865,-0.003210314311980378,-0.0016102816901026884,0.004838727026034384
2024-02-07,5,-0.06957379262894392,0.9277234614252324,0.4,0.6,0.0,1,2024-02-07,2024-02-07,2024-02-07,5.275462627410889,6.199999809265137,6.239999771118164,6.179999828338623,6.239999771118164,11350400,2024-02-07,5.275462627410889,-0.0016102816901026884,0.004838727026034384,-0.006420538671473741
2024-02-08,10,0.4193214921280742,0.4133535882643248,0.8,0.1,0.1,1,2024-02-08,2024-02-08,2024-02-08,5.300989151000977,6.230000019073486,6.28000020980835,6.199999809265137,6.199999809265137,6590200,2024-02-08,5.300989151000977,0.004838727026034384,-0.006420538671473741,0.024232719571760875
2024-02-09,5,-0.015577253699302674,0.4957253145021443,0.2,0.4,0.4,1,2024-02-09,2024-02-09,2024-02-09,5.266953945159912,6.190000057220459,6.230000019073486,6.150000095367432,6.210000038146973,3262700,2024-02-09,5.266953945159912,-0.006420538671473741,0.024232719571760875,0.004731789258417551
2024-02-13,16,0.5960683472221717,0.39240353772673153,0.8125,0.0625,0.125,2,2024-02-12,2024-02-13,2024-02-13,5.394586563110352,6.340000152587891,6.380000114440918,6.199999809265137,6.199999809265137,12502800,2024-02-13,5.394586563110352,0.024232719571760875,0.004731789258417551,-0.00156992293345537
2024-02-14,12,-0.18643963026503726,0.6391291712497819,0.25,0.6666666666666666,0.08333333333333333,1,2024-02-14,2024-02-14,2024-02-14,5.420112609863281,6.369999885559082,6.400000095367432,6.28000020980835,6.300000190734863,10686300,2024-02-14,5.420112609863281,0.004731789258417551,-0.00156992293345537,0.007861604879039419
2024-02-15,7,-0.08335909327226029,0.689183619191785,0.42857142857142855,0.5714285714285714,0.0,1,2024-02-15,2024-02-15,2024-02-15,5.4116034507751465,6.360000133514404,6.400000095367432,6.329999923706055,6.369999885559082,7225800,2024-02-15,5.4116034507751465,-0.00156992293345537,0.007861604879039419,-0.0015599515167453726
2024-02-16,9,0.34355866453713846,0.5288064572142649,0.8888888888888888,0.1111111111111111,0.0,1,2024-02-16,2024-02-16,2024-02-16,5.4541473388671875,6.409999847412109,6.409999847412109,6.349999904632568,6.389999866485596,10558100,2024-02-16,5.4541473388671875,0.007861604879039419,-0.0015599515167453726,0.00781238165296938
2024-02-19,3,-0.08595493435859682,0.10745152653583286,0.3333333333333333,0.6666666666666666,0.0,1,2024-02-19,2024-02-19,2024-02-19,5.445639133453369,6.400000095367432,6.440000057220459,6.380000114440918,6.409999847412109,5655500,2024-02-19,5.445639133453369,-0.0015599515167453726,0.00781238165296938,-0.004651092879106589
2024-02-20,6,-0.03712890607615319,0.7570379858912278,0.5,0.5,0.0,1,2024-02-20,2024-02-20,2024-02-20,5.488182544708252,6.449999809265137,6.460000038146973,6.360000133514404,6.380000114440918,13891700,2024-02-20,5.488182544708252,0.00781238165296938,-0.004651092879106589,-0.004672826629769644
2024-02-22,2,-0.7028273344039918,0.23044855738598652,0.0,1.0,0.0,1,2024-02-22,2024-02-22,2024-02-22,5.437130451202393,6.389999866485596,6.440000057220459,6.389999866485596,6.409999847412109,7593700,2024-02-22,5.437130451202393,-0.004672826629769644,0.0031297552665914274,0.0031202527395977064
2024-02-23,3,0.3739294397334258,0.660876524814845,0.6666666666666666,0.3333333333333333,0.0,1,2024-02-23,2024-02-23,2024-02-23,5.4541473388671875,6.409999847412109,6.440000057220459,6.349999904632568,6.389999866485596,17587300,2024-02-23,5.4541473388671875,0.0031297552665914274,0.0031202527395977064,0.0031102855829063802
2024-02-26,5,-0.00719298105686903,0.4662226600962218,0.4,0.2,0.4,2,2024-02-24,2024-02-26,2024-02-26,5.471165657043457,6.429999828338623,6.449999809265137,6.400000095367432,6.420000076293945,16012900,2024-02-26,5.471165657043457,0.0031202527395977064,0.0031102855829063802,-0.0031006417017237498
2024-02-27,3,-0.28735457857449853,0.44754790912333564,0.3333333333333333,0.6666666666666666,0.0,1,2024-02-27,2024-02-27,2024-02-27,5.488182544708252,6.449999809265137,6.480000019073486,6.380000114440918,6.380000114440918,11683400,2024-02-27,5.488182544708252,0.0031102855829063802,-0.0031006417017237498,0.00466555910623323
2024-02-28,3,-0.46384495745102566,0.5710042740230966,0.3333333333333333,0.6666666666666666,0.0,1,2024-02-28,2024-02-28,2024-02-28,5.471165657043457,6.429999828338623,6.449999809265137,6.400000095367432,6.440000057220459,19355600,2024-02-28,5.471165657043457,-0.0031006417017237498,0.00466555910623323,-0.01857574450018995
2024-02-29,11,0.5554617592133582,0.4893721844270543,0.8181818181818182,0.18181818181818182,0.0,1,2024-02-29,2024-02-29,2024-02-29,5.496691703796387,6.460000038146973,6.480000019073486,6.420000076293945,6.420000076293945,22246900,2024-02-29,5.496691703796387,0.00466555910623323,-0.01857574450018995,0.017349982339320613
2024-03-01,8,0.08598291515954773,0.8718933788134846,0.5,0.5,0.0,1,2024-03-01,2024-03-01,2024-03-01,5.394586563110352,6.340000152587891,6.559999942779541,6.28000020980835,6.460000038146973,46004400,2024-03-01,5.394586563110352,-0.01857574450018995,0.017349982339320613,0.012403174997326127
2024-03-04,8,0.3486629732651636,0.559731063549488,0.75,0.25,0.0,1,2024-03-04,2024-03-04,2024-03-04,5.488182544708252,6.449999809265137,6.550000190734863,6.349999904632568,6.380000114440918,42300900,2024-03-04,5.488182544708252,0.017349982339320613,0.012403174997326127,-0.0030626550551187126
2024-03-05,7,0.04483875618981465,0.5682485623506562,0.2857142857142857,0.42857142857142855,0.2857142857142857,1,2024-03-05,2024-03-05,2024-03-05,5.556253433227539,6.53000020980835,6.53000020980835,6.349999904632568,6.429999828338623,39363200,2024-03-05,5.556253433227539,0.012403174997326127,-0.0030626550551187126,0.0015360749050863376
2024-03-06,14,-0.25213822383167483,0.7022872209656025,0.21428571428571427,0.6428571428571429,0.14285714285714285,1,2024-03-06,2024-03-06,2024-03-06,5.539236545562744,6.510000228881836,6.519999980926514,6.380000114440918,6.420000076293945,22251500,2024-03-06,5.539236545562744,-0.0030626550551187126,0.0015360749050863376,0.019938518874739852
2024-03-07,6,0.23555714140335723,0.34437597932575126,0.6666666666666666,0.16666666666666666,0.16666666666666666,1,2024-03-07,2024-03-07,2024-03-07,5.547745227813721,6.519999980926514,6.599999904632568,6.5,6.53000020980835,17967800,2024-03-07,5.547745227813721,0.0015360749050863376,0.019938518874739852,0.0030075577011772214
2024-03-08,8,0.6216811332851649,0.3789138551054841,0.875,0.125,0.0,1,2024-03-08,2024-03-08,2024-03-08,5.658359050750732,6.650000095367432,6.670000076293945,6.570000171661377,6.599999904632568,14781600,2024-03-08,5.658359050750732,0.019938518874739852,0.0030075577011772214,0.007496138505652006
2024-03-11,7,0.4536980369261333,0.6028675219210913,0.8571428571428571,0.14285714285714285,0.0,1,2024-03-11,2024-03-11,2024-03-11,5.675376892089844,6.670000076293945,6.739999771118164,6.650000095367432,6.699999809265137,15748800,2024-03-11,5.675376892089844,0.0030075577011772214,0.007496138505652006,-0.002976062407662572
2024-03-12,5,0.07973900735378266,0.4893429907803945,0.6,0.4,0.0,1,2024-03-12,2024-03-12,2024-03-12,5.717920303344727,6.71999979019165,6.760000228881836,6.639999866485596,6.670000076293945,26293400,2024-03-12,5.717920303344727,0.007496138505652006,-0.002976062407662572,0.0
2024-03-13,10,-0.28097060406580565,0.6764649951207368,0.3,0.7,0.0,1,2024-03-13,2024-03-13,2024-03-13,5.700903415679932,6.699999809265137,6.769999980926514,6.670000076293945,6.71999979019165,24032000,2024-03-13,5.700903415679932,-0.002976062407662572,0.0,0.02560126119333761
2024-03-14,5,0.17247063741087915,0.5176535691095455,0.6,0.4,0.0,1,2024-03-14,2024-03-14,2024-03-14,5.700903415679932,6.699999809265137,6.739999771118164,6.670000076293945,6.699999809265137,29328200,2024-03-14,5.700903415679932,0.0,0.02560126119333761,0.006051424508151104
2024-03-15,4,-0.11389652639627455,0.32651406677243483,0.25,0.75,0.0,1,2024-03-15,2024-03-15,2024-03-15,5.846853733062744,6.610000133514404,6.650000095367432,6.440000057220459,6.440000057220459,35612300,2024-03-15,5.846853733062744,0.02560126119333761,0.006051424508151104,-0.006015025038217603
2024-03-18,4,0.15173702454194427,0.7630615347677411,0.75,0.25,0.0,1,2024-03-18,2024-03-18,2024-03-18,5.882235527038574,6.650000095367432,6.699999809265137,6.53000020980835,6.53000020980835,20556300,2024-03-18,5.882235527038574,0.006051424508151104,-0.006015025038217603,-0.01966719081735624
2024-03-19,5,-0.6516445800662041,0.3355881817837882,0.0,1.0,0.0,1,2024-03-19,2024-03-19,2024-03-19,5.846853733062744,6.610000133514404,6.71999979019165,6.550000190734863,6.630000114440918,28848300,2024-03-19,5.846853733062744,-0.006015025038217603,-0.01966719081735624,0.010802384276242138
2024-03-20,12,-0.11446513889435056,0.7140299155781692,0.4166666666666667,0.5833333333333334,0.0,1,2024-03-20,2024-03-20,2024-03-20,5.731862545013428,6.480000019073486,6.639999866485596,6.449999809265137,6.610000133514404,21258700,2024-03-20,5.731862545013428,-0.01966719081735624,0.010802384276242138,0.0
2024-03-21,8,0.5340514134149998,0.23795334803377857,1.0,0.0,0.0,1,2024-03-21,2024-03-21,2024-03-21,5.793780326843262,6.550000190734863,6.579999923706055,6.46999979019165,6.5,20647800,2024-03-21,5.793780326843262,0.010802384276242138,0.0,-0.007633469674097393
2024-03-22,4,0.24766780622303486,0.4116662138080317,0.75,0.25,0.0,1,2024-03-22,2024-03-22,2024-03-22,5.793780326843262,6.550000190734863,6.599999904632568,6.510000228881836,6.570000171661377,7059200,2024-03-22,5.793780326843262,0.0,-0.007633469674097393,0.0
2024-03-25,6,-0.49946811407183606,0.7274047063981309,0.16666666666666666,0.8333333333333334,0.0,1,2024-03-25,2024-03-25,2024-03-25,5.749553680419922,6.5,6.579999923706055,6.460000038146973,6.559999942779541,15572600,2024-03-25,5.749553680419922,-0.007633469674097393,0.0,0.007692187756060731
2024-03-26,12,0.0233407279398913,0.5717612225206816,0.5,0.5,0.0,1,2024-03-26,2024-03-26,2024-03-26,5.749553680419922,6.5,6.519999980926514,6.460000038146973,6.46999979019165,25921200,2024-03-26,5.749553680419922,0.0,0.007692187756060731,0.013740492318054631
2024-03-27,8,-0.19987467816099524,0.5102502641353912,0.25,0.5,0.25,1,2024-03-27,2024-03-27,2024-03-27,5.793780326843262,6.550000190734863,6.579999923706055,6.489999771118164,6.5,16721000,2024-03-27,5.793780326843262,0.007692187756060731,0.013740492318054631,0.0030120014863537214
2024-03-29,7,0.40342804856066194,0.4041112318304675,0.8571428571428571,0.14285714285714285,0.0,2,2024-03-28,2024-03-29,2024-03-29,5.873389720916748,6.639999866485596,6.699999809265137,6.590000152587891,6.610000133514404,14151800,2024-03-29,5.873389720916748,0.013740492318054631,0.0030120014863537214,0.0
2024-04-01,2,0.20997095410712055,0.9914337455735504,0.5,0.5,0.0,1,2024-04-01,2024-04-01,2024-04-01,5.891080379486084,6.659999847412109,6.690000057220459,6.639999866485596,6.679999828338623,15773600,2024-04-01,5.891080379486084,0.0030120014863537214,0.0,-0.01501486382563233
2024-04-02,9,0.5921808956449646,0.517294008739597,0.7777777777777778,0.1111111111111111,0.1111111111111111,1,2024-04-02,2024-04-02,2024-04-02,5.891080379486084,6.659999847412109,6.699999809265137,6.650000095367432,6.699999809265137,14514400,2024-04-02,5.891080379486084,0.0,-0.01501486382563233,0.013719462338287691
2024-04-03,10,-0.23841717666946355,0.6750720119467226,0.3,0.6,0.1,1,2024-04-03,2024-04-03,2024-04-03,5.802626609802246,6.559999942779541,6.659999847412109,6.519999980926514,6.659999847412109,12189600,2024-04-03,5.802626609802246,-0.01501486382563233,0.013719462338287691,-0.0030073909232063434
2024-04-04,7,0.6211165529675782,0.35916844987760405,0.8571428571428571,0.0,0.14285714285714285,1,2024-04-04,2024-04-04,2024-04-04,5.882235527038574,6.650000095367432,6.659999847412109,6.559999942779541,6.559999942779541,13388400,2024-04-04,5.882235527038574,0.013719462338287691,-0.0030073909232063434,0.001508109340041086
2024-04-05,4,-0.14997760951519012,0.09374459633806596,0.0,1.0,0.0,1,2024-04-05,2024-04-05,2024-04-05,5.8645453453063965,6.630000114440918,6.659999847412109,6.570000171661377,6.619999885559082,17083000,2024-04-05,5.8645453453063965,-0.0030073909232063434,0.001508109340041086,-0.010542086388261929
2024-04-08,5,0.5009908631443978,0.3074850954187938,0.8,0.0,0.2,1,2024-04-08,2024-04-08,2024-04-08,5.873389720916748,6.639999866485596,6.670000076293945,6.590000152587891,6.639999866485596,9286900,2024-04-08,5.873389720916748,0.001508109340041086,-0.010542086388261929,0.006088267197482011
2024-04-09,13,-0.16002118157652706,0.6689927534535489,0.38461538461538464,0.5384615384615384,0.07692307692307693,1,2024-04-09,2024-04-09,2024-04-09,5.811471939086914,6.570000171661377,6.650000095367432,6.550000190734863,6.639999866485596,8992000,2024-04-09,5.811471939086914,-0.010542086388261929,0.006088267197482011,-0.0045385072152478445
2024-04-12,7,-0.4782144089362451,0.3426427483704196,0.0,0.8571428571428571,0.14285714285714285,3,2024-04-10,2024-04-12,2024-04-12,5.846853733062744,6.610000133514404,6.619999885559082,6.460000038146973,6.53000020980835,25296200,2024-04-12,5.846853733062744,0.006088267197482011,-0.0045385072152478445,-0.01519765828388464
2024-04-15,4,-0.36073784716427326,0.5522353956563679,0.25,0.75,0.0,1,2024-04-15,2024-04-15,2024-04-15,5.82031774520874,6.579999923706055,6.630000114440918,6.559999942779541,6.579999923706055,26103500,2024-04-15,5.82031774520874,-0.0045385072152478445,-0.01519765828388464,0.007716178918716787
2024-04-16,15,-0.1141607221371184,0.7287134592617036,0.3333333333333333,0.5333333333333333,0.13333333333333333,1,2024-04-16,2024-04-16,2024-04-16,5.731862545013428,6.480000019073486,6.579999923706055,6.480000019073486,6.570000171661377,43155400,2024-04-16,5.731862545013428,-0.01519765828388464,0.007716178918716787,0.00918821728771757
2024-04-17,8,0.4602241520769894,0.36868994814781675,0.75,0.125,0.125,1,2024-04-17,2024-04-17,2024-04-17,5.776090621948242,6.53000020980835,6.539999961853027,6.449999809265137,6.480000019073486,32164700,2024-04-17,5.776090621948242,0.007716178918716787,0.00918821728771757,-0.004552281294173066
2024-04-18,12,0.6057401469442995,0.3084734173266501,1.0,0.0,0.0,1,2024-04-18,2024-04-18,2024-04-18,5.82916259765625,6.590000152587891,6.599999904632568,6.53000020980835,6.53000020980835,28598200,2024-04-18,5.82916259765625,0.00918821728771757,-0.004552281294173066,0.009146198657407068
2024-04-19,9,0.09345037857484485,0.7253606077002765,0.5555555555555556,0.4444444444444444,0.0,1,2024-04-19,2024-04-19,2024-04-19,5.802626609802246,6.559999942779541,6.599999904632568,6.550000190734863,6.590000152587891,32899200,2024-04-19,5.802626609802246,-0.004552281294173066,0.009146198657407068,0.0075529160956295804
2024-04-22,4,0.42545195296406746,0.3473682265004662,1.0,0.0,0.0,1,2024-04-22,2024-04-22,2024-04-22,5.855698585510254,6.619999885559082,6.639999866485596,6.53000020980835,6.550000190734863,14881900,2024-04-22,5.855698585510254,0.009146198657407068,0.0075529160956295804,0.0
2024-04-23,9,0.7801959820919566,0.1946853174400284,1.0,0.0,0.0,1,2024-04-23,2024-04-23,2024-04-23,5.89992618560791,6.670000076293945,6.699999809265137,6.630000114440918,6.630000114440918,19915000,2024-04-23,5.89992618560791,0.0075529160956295804,0.0,0.0014992271100349175
2024-04-24,5,0.7245204765349628,0.27946014615788367,1.0,0.0,0.0,1,2024-04-24,2024-04-24,2024-04-24,5.89992618560791,6.670000076293945,6.800000190734863,6.659999847412109,6.710000038146973,27025900,2024-04-24,5.89992618560791,0.0,0.0014992271100349175,-0.010478960249820979
2024-04-25,4,-0.140247967094183,0.28149132623986756,0.5,0.5,0.0,1,2024-04-25,2024-04-25,2024-04-25,5.908771514892578,6.679999828338623,6.699999809265137,6.659999847412109,6.670000076293945,23375000,2024-04-25,5.908771514892578,0.0014992271100349175,-0.010478960249820979,0.0
2024-04-26,4,0.058630594983696965,0.7800570396486253,0.5,0.5,0.0,1,2024-04-26,2024-04-26,2024-04-26,5.846853733062744,6.610000133514404,6.699999809265137,6.559999942779541,6.690000057220459,21526700,2024-04-26,5.846853733062744,-0.010478960249820979,0.0,0.0
2024-04-29,6,0.5541729138543209,0.4116315995328994,0.8333333333333334,0.0,0.16666666666666666,2,2024-04-27,2024-04-29,2024-04-29,5.846853733062744,6.610000133514404,6.639999866485596,6.570000171661377,6.610000133514404,21992600,2024-04-29,5.846853733062744,0.0,0.0,0.0045385072152477335
2024-04-30,10,0.39519572264980535,0.7358025423226142,0.7,0.2,0.1,1,2024-04-30,2024-04-30,2024-04-30,5.846853733062744,6.610000133514404,6.71999979019165,6.559999942779541,6.639999866485596,36176000,2024-04-30,5.846853733062744,0.0,0.0045385072152477335,0.0015060819292007643
2024-05-02,7,0.24007385307257728,0.61715806599189,0.5714285714285714,0.42857142857142855,0.0,2,2024-05-01,2024-05-02,2024-05-02,5.873389720916748,6.639999866485596,6.639999866485596,6.570000171661377,6.570000171661377,15069400,2024-05-02,5.873389720916748,0.0045385072152477335,0.0015060819292007643,0.015037603127511456
2024-05-03,5,0.7323658153414727,0.26900261290113364,1.0,0.0,0.0,1,2024-05-03,2024-05-03,2024-05-03,5.882235527038574,6.650000095367432,6.679999828338623,6.630000114440918,6.659999847412109,24861900,2024-05-03,5.882235527038574,0.0015060819292007643,0.015037603127511456,0.00888875045971127
2024-05-06,5,0.7252071097493171,0.14556068902746358,1.0,0.0,0.0,1,2024-05-06,2024-05-06,2024-05-06,5.9706902503967285,6.75,6.75,6.650000095367432,6.659999847412109,21563800,2024-05-06,5.9706902503967285,0.015037603127511456,0.00888875045971127,-0.010278921960349852
2024-05-07,9,0.5450004572048783,0.29371275763876226,1.0,0.0,0.0,1,2024-05-07,2024-05-07,2024-05-07,6.023762226104736,6.809999942779541,6.920000076293945,6.75,6.75,26947000,2024-05-07,6.023762226104736,0.00888875045971127,-0.010278921960349852,0.001483736485328846
2024-05-08,10,0.3155482481699437,0.6380693471073112,0.7,0.2,0.1,1,2024-05-08,2024-05-08,2024-05-08,5.961844444274902,6.739999771118164,6.849999904632568,6.690000057220459,6.78000020980835,22702700,2024-05-08,5.961844444274902,-0.010278921960349852,0.001483736485328846,0.0029629168199036826
2024-05-09,6,0.08513084535176557,0.48622383465914204,0.5,0.3333333333333333,0.16666666666666666,1,2024-05-09,2024-05-09,2024-05-09,5.9706902503967285,6.75,6.769999980926514,6.730000019073486,6.739999771118164,19644200,2024-05-09,5.9706902503967285,0.001483736485328846,0.0029629168199036826,0.004431325444149703
2024-05-10,8,0.4983818434993737,0.40191704626614183,0.875,0.0,0.125,1,2024-05-10,2024-05-10,2024-05-10,5.9883809089660645,6.769999980926514,6.800000190734863,6.739999771118164,6.75,17093600,2024-05-10,5.9883809089660645,0.0029629168199036826,0.004431325444149703,-0.0014705653852215006
2024-05-13,6,0.6725370634812862,0.2517984789414988,1.0,0.0,0.0,1,2024-05-13,2024-05-13,2024-05-13,6.014917373657227,6.800000190734863,6.809999942779541,6.769999980926514,6.769999980926514,8630400,2024-05-13,6.014917373657227,0.004431325444149703,-0.0014705653852215006,-0.0014727311326468984
2024-05-14,6,0.623932527533422,0.3373483472397218,0.8333333333333334,0.0,0.16666666666666666,1,2024-05-14,2024-05-14,2024-05-14,6.006072044372559,6.789999961853027,6.829999923706055,6.78000020980835,6.800000190734863,12745100,2024-05-14,6.006072044372559,-0.0014705653852215006,-0.0014727311326468984,0.0014749032686083297
2024-05-15,6,-0.03904879271673659,0.5659273073707795,0.5,0.3333333333333333,0.16666666666666666,1,2024-05-15,2024-05-15,2024-05-15,5.997226715087891,6.78000020980835,6.820000171661377,6.78000020980835,6.809999942779541,20638600,2024-05-15,5.997226715087891,-0.0014727311326468984,0.0014749032686083297,0.0029453828727799003
2024-05-16,3,0.14016613364219666,0.6875285714513186,0.3333333333333333,0.3333333333333333,0.3333333333333333,1,2024-05-16,2024-05-16,2024-05-16,6.006072044372559,6.789999961853027,6.820000171661377,6.739999771118164,6.739999771118164,19024500,2024-05-16,6.006072044372559,0.0014749032686083297,0.0029453828727799003,0.0044054558213595385
2024-05-17,3,0.8383058027829975,0.18413425568346245,1.0,0.0,0.0,1,2024-05-17,2024-05-17,2024-05-17,6.023762226104736,6.809999942779541,6.820000171661377,6.789999961853027,6.800000190734863,19341700,2024-05-17,6.023762226104736,0.0029453828727799003,0.0044054558213595385,0.0
2024-05-20,6,0.6502075533693036,0.30423265120517223,1.0,0.0,0.0,1,2024-05-20,2024-05-20,2024-05-20,6.050299644470215,6.840000152587891,6.849999904632568,6.809999942779541,6.829999923706055,22020700,2024-05-20,6.050299644470215,0.0044054558213595385,0.0,0.005847940772349736
2024-05-21,6,-0.49038981553167105,0.40706773399173823,0.0,1.0,0.0,1,2024-05-21,2024-05-21,2024-05-21,6.050299644470215,6.840000152587891,6.849999904632568,6.809999942779541,6.849999904632568,16574700,2024-05-21,6.050299644470215,0.0,0.005847940772349736,0.0
2024-05-23,8,0.11034367978572848,0.48524490618110167,0.375,0.25,0.375,2,2024-05-22,2024-05-23,2024-05-23,6.085681438446045,6.880000114440918,6.900000095367432,6.849999904632568,6.880000114440918,23580200,2024-05-23,6.085681438446045,0.005847940772349736,0.0,0.0029070097712855514
2024-05-24,5,-0.35793878426775344,0.7215755610323265,0.2,0.8,0.0,1,2024-05-24,2024-05-24,2024-05-24,6.085681438446045,6.880000114440918,6.900000095367432,6.809999942779541,6.869999885559082,18823300,2024-05-24,6.085681438446045,0.0,0.0029070097712855514,0.0014490964631983516
2024-05-27,7,0.1381653371666159,0.7225452052170307,0.7142857142857143,0.2857142857142857,0.0,1,2024-05-27,2024-05-27,2024-05-27,6.103372573852539,6.900000095367432,6.929999828338623,6.849999904632568,6.849999904632568,8019300,2024-05-27,6.103372573852539,0.0029070097712855514,0.0014490964631983516,-0.005788622594913084
2024-05-28,3,0.16360838400820896,0.9309092535124013,0.6666666666666666,0.3333333333333333,0.0,1,2024-05-28,2024-05-28,2024-05-28,6.112216949462891,6.909999847412109,6.929999828338623,6.889999866485596,6.920000076293945,15301900,2024-05-28,6.112216949462891,0.0014490964631983516,-0.005788622594913084,-0.0043667443813770745
2024-05-29,6,-0.6593795058627924,0.1437411782978902,0.0,1.0,0.0,1,2024-05-29,2024-05-29,2024-05-29,6.076835632324219,6.869999885559082,6.920000076293945,6.829999923706055,6.920000076293945,19537900,2024-05-29,6.076835632324219,-0.005788622594913084,-0.0043667443813770745,0.0
2024-05-30,6,-0.28000688599422574,0.6658319428370962,0.16666666666666666,0.6666666666666666,0.16666666666666666,1,2024-05-30,2024-05-30,2024-05-30,6.050299644470215,6.840000152587891,6.869999885559082,6.800000190734863,6.849999904632568,12277700,2024-05-30,6.050299644470215,-0.0043667443813770745,0.0,0.02192979759935021
2024-05-31,8,0.36532470997190103,0.7640207153269023,0.75,0.25,0.0,1,2024-05-31,2024-05-31,2024-05-31,6.050299644470215,6.840000152587891,6.860000133514404,6.800000190734863,6.840000152587891,76896400,2024-05-31,6.050299644470215,0.0,0.02192979759935021,-0.014306160140643898
2024-06-04,12,0.38245389331132174,0.4220866597680235,0.5833333333333334,0.16666666666666666,0.25,2,2024-06-03,2024-06-04,2024-06-04,6.182981491088867,6.989999771118164,7.039999961853027,6.849999904632568,6.869999885559082,22668600,2024-06-04,6.182981491088867,0.02192979759935021,-0.014306160140643898,0.008708293753558527
2024-06-05,10,0.27617803276516495,0.686851830577469,0.7,0.3,0.0,1,2024-06-05,2024-06-05,2024-06-05,6.094526767730713,6.889999866485596,7.0,6.869999885559082,6.949999809265137,23052700,2024-06-05,6.094526767730713,-0.014306160140643898,0.008708293753558527,0.0014388264884621638
2024-06-06,7,0.30920205025800634,0.5153682391565026,0.8571428571428571,0.14285714285714285,0.0,1,2024-06-06,2024-06-06,2024-06-06,6.147599697113037,6.949999809265137,6.960000038146973,6.880000114440918,6.880000114440918,22532200,2024-06-06,6.147599697113037,0.008708293753558527,0.0014388264884621638,-0.002873595935744988
2024-06-07,5,0.578000291902572,0.34453887225531526,1.0,0.0,0.0,1,2024-06-07,2024-06-07,2024-06-07,6.156445026397705,6.960000038146973,6.96999979019165,6.909999847412109,6.909999847412109,14874600,2024-06-07,6.156445026397705,0.0014388264884621638,-0.002873595935744988,-0.007204576701698828
2024-06-10,1,-0.7165547236800195,0.0,0.0,1.0,0.0,1,2024-06-10,2024-06-10,2024-06-10,6.138753890991211,6.940000057220459,6.96999979019165,6.909999847412109,6.960000038146973,15190200,2024-06-10,6.138753890991211,-0.002873595935744988,-0.007204576701698828,0.0
2024-06-11,2,0.02064754068851471,0.48511408279702906,0.5,0.5,0.0,1,2024-06-11,2024-06-11,2024-06-11,6.094526767730713,6.889999866485596,6.940000057220459,6.880000114440918,6.940000057220459,26038400,2024-06-11,6.094526767730713,-0.007204576701698828,0.0,-0.0014513562121840629
2024-06-12,9,0.6649147188290954,0.32897256781325757,0.8888888888888888,0.1111111111111111,0.0,1,2024-06-12,2024-06-12,2024-06-12,6.094526767730713,6.889999866485596,6.96999979019165,6.889999866485596,6.940000057220459,14555500,2024-06-12,6.094526767730713,0.0,-0.0014513562121840629,0.005813941188624661
2024-06-13,5,0.11914454903453589,0.32398821323747695,0.6,0.4,0.0,1,2024-06-13,2024-06-13,2024-06-13,6.085681438446045,6.880000114440918,6.96999979019165,6.849999904632568,6.96999979019165,11053400,2024-06-13,6.085681438446045,-0.0014513562121840629,0.005813941188624661,-0.013005811417175606
2024-06-18,4,0.42439720581751317,0.4352924609267593,0.75,0.25,0.0,1,2024-06-18,2024-06-18,2024-06-18,6.041453838348389,6.829999923706055,6.949999809265137,6.78000020980835,6.900000095367432,15544100,2024-06-18,6.041453838348389,-0.013005811417175606,-0.005856503239541899,-0.007363814448262507
2024-06-19,2,-0.010537380585446898,1.1421439775947864,0.5,0.5,0.0,1,2024-06-19,2024-06-19,2024-06-19,6.006072044372559,6.789999961853027,6.860000133514404,6.75,6.800000190734863,28383200,2024-06-19,6.006072044372559,-0.005856503239541899,-0.007363814448262507,0.0074184424821965855
2024-06-20,5,-0.09269312052056193,0.7032394441210991,0.2,0.4,0.4,1,2024-06-20,2024-06-20,2024-06-20,5.961844444274902,6.739999771118164,6.800000190734863,6.710000038146973,6.800000190734863,15412400,2024-06-20,5.961844444274902,-0.007363814448262507,0.0074184424821965855,-0.016200360029172023
2024-06-24,5,-0.3230279618874192,0.7490604638389536,0.4,0.6,0.0,1,2024-06-24,2024-06-24,2024-06-24,5.908771514892578,6.679999828338623,6.829999923706055,6.670000076293945,6.789999961853027,19958900,2024-06-24,5.908771514892578,-0.016200360029172023,0.0,0.011976185142312579
2024-06-25,2,-0.06069464981555944,0.25768783377091037,0.5,0.5,0.0,1,2024-06-25,2024-06-25,2024-06-25,5.908771514892578,6.679999828338623,6.71999979019165,6.639999866485596,6.690000057220459,30028700,2024-06-25,5.908771514892578,0.0,0.011976185142312579,0.0014791870747008495
2024-06-26,6,0.2721286912759146,0.5236233196347533,0.5,0.5,0.0,1,2024-06-26,2024-06-26,2024-06-26,5.979536056518555,6.760000228881836,6.78000020980835,6.679999828338623,6.690000057220459,13783400,2024-06-26,5.979536056518555,0.011976185142312579,0.0014791870747008495,0.004431325444149703
2024-06-27,10,-0.0013424588367343005,0.6669003844084364,0.5,0.4,0.1,1,2024-06-27,2024-06-27,2024-06-27,5.9883809089660645,6.769999980926514,6.800000190734863,6.75,6.789999961853027,23158700,2024-06-27,5.9883809089660645,0.0014791870747008495,0.004431325444149703,0.004411775431426568
2024-06-28,8,0.4699808950244915,0.4094701587511224,0.875,0.125,0.0,1,2024-06-28,2024-06-28,2024-06-28,6.014917373657227,6.800000190734863,6.800000190734863,6.760000228881836,6.789999961853027,19456700,2024-06-28,6.014917373657227,0.004431325444149703,0.004411775431426568,0.007320688245090912
2024-07-01,5,0.34236248806118963,0.5084062482117939,0.6,0.2,0.2,1,2024-07-01,2024-07-01,2024-07-01,6.041453838348389,6.829999923706055,6.869999885559082,6.78000020980835,6.800000190734863,19556700,2024-07-01,6.041453838348389,0.004411775431426568,0.007320688245090912,0.011627882377249321
2024-07-02,4,0.6258828935679048,0.5343785626140706,0.75,0.25,0.0,1,2024-07-02,2024-07-02,2024-07-02,6.085681438446045,6.880000114440918,6.900000095367432,6.829999923706055,6.849999904632568,23599300,2024-07-02,6.085681438446045,0.007320688245090912,0.011627882377249321,0.005747114418161781
2024-07-03,4,0.6698080867063254,0.2241073237925926,1.0,0.0,0.0,1,2024-07-03,2024-07-03,2024-07-03,6.156445026397705,6.960000038146973,6.960000038146973,6.880000114440918,6.880000114440918,21965700,2024-07-03,6.156445026397705,0.011627882377249321,0.005747114418161781,-0.00714282303810132
2024-07-04,5,-0.09312402158975601,0.4246315036062484,0.4,0.2,0.4,1,2024-07-04,2024-07-04,2024-07-04,6.191826820373535,7.0,7.010000228881836,6.960000038146973,6.960000038146973,25488400,2024-07-04,6.191826820373535,0.005747114418161781,-0.00714282303810132,0.0028776529769243275
2024-07-05,5,0.2884462356567383,0.7570125698780127,0.6,0.2,0.2,1,2024-07-05,2024-07-05,2024-07-05,6.147599697113037,6.949999809265137,7.0,6.909999847412109,7.0,11458500,2024-07-05,6.147599697113037,-0.00714282303810132,0.0028776529769243275,0.017216761819494053
2024-07-09,8,0.5812472394900396,0.4412400558106811,0.875,0.125,0.0,2,2024-07-08,2024-07-09,2024-07-09,6.165290355682373,6.96999979019165,7.019999980926514,6.929999828338623,6.989999771118164,32748700,2024-07-09,6.165290355682373,0.0028776529769243275,0.017216761819494053,0.0
2024-07-10,5,0.21944776624441148,0.4281086378118756,0.6,0.2,0.2,1,2024-07-10,2024-07-10,2024-07-10,6.27143669128418,7.090000152587891,7.099999904632568,6.96999979019165,6.980000019073486,36277600,2024-07-10,6.27143669128418,0.017216761819494053,0.0,0.005641584543248923
2024-07-11,8,0.5256013439502567,0.35769757516507955,0.875,0.125,0.0,1,2024-07-11,2024-07-11,2024-07-11,6.27143669128418,7.090000152587891,7.239999771118164,7.070000171661377,7.099999904632568,28820600,2024-07-11,6.27143669128418,0.0,0.005641584543248923,0.007012589636373745
2024-07-12,3,-0.1315241456031799,0.16494548845713689,0.3333333333333333,0.6666666666666666,0.0,1,2024-07-12,2024-07-12,2024-07-12,6.306817531585693,7.130000114440918,7.150000095367432,7.059999942779541,7.099999904632568,14666600,2024-07-12,6.306817531585693,0.005641584543248923,0.007012589636373745,-0.004178133277113361
2024-07-15,4,0.4138831552118063,0.31140378806377145,0.75,0.0,0.25,1,2024-07-15,2024-07-15,2024-07-15,6.351044654846191,7.179999828338623,7.210000038146973,7.119999885559082,7.130000114440918,11589700,2024-07-15,6.351044654846191,0.007012589636373745,-0.004178133277113361,-0.0013986549660469638
2024-07-16,5,0.06844399962574246,0.5242419024009114,0.6,0.4,0.0,1,2024-07-16,2024-07-16,2024-07-16,6.324509143829346,7.150000095367432,7.25,7.119999885559082,7.199999809265137,27586800,2024-07-16,6.324509143829346,-0.004178133277113361,-0.0013986549660469638,0.0014006139416919972
2024-07-17,2,0.6950216293334962,0.29614948828855736,1.0,0.0,0.0,1,2024-07-17,2024-07-17,2024-07-17,6.3156633377075195,7.139999866485596,7.199999809265137,7.119999885559082,7.170000076293945,16477500,2024-07-17,6.3156633377075195,-0.0013986549660469638,0.0014006139416919972,0.0
2024-07-18,5,-0.0670180339366198,0.6829210300310062,0.4,0.6,0.0,1,2024-07-18,2024-07-18,2024-07-18,6.324509143829346,7.150000095367432,7.179999828338623,7.110000133514404,7.159999847412109,6627600,2024-07-18,6.324509143829346,0.0014006139416919972,0.0,-0.004195889503015637
2024-07-19,4,0.11300540267257014,0.97556155393264,0.5,0.5,0.0,1,2024-07-19,2024-07-19,2024-07-19,6.324509143829346,7.150000095367432,7.170000076293945,7.110000133514404,7.150000095367432,18245000,2024-07-19,6.324509143829346,0.0,-0.004195889503015637,0.01123593208712581
2024-07-22,6,0.4749225102132187,0.7249154658801112,0.6666666666666666,0.3333333333333333,0.0,2,2024-07-21,2024-07-22,2024-07-22,6.297972202301025,7.119999885559082,7.170000076293945,7.079999923706055,7.150000095367432,20291100,2024-07-22,6.297972202301025,-0.004195889503015637,0.01123593208712581,0.0
2024-07-23,3,0.8297412289927403,0.13876449010280575,1.0,0.0,0.0,1,2024-07-23,2024-07-23,2024-07-23,6.3687357902526855,7.199999809265137,7.25,7.099999904632568,7.099999904632568,14225600,2024-07-23,6.3687357902526855,0.01123593208712581,0.0,-0.0013887924917606043
2024-07-24,3,-0.07574809342622764,0.7933672532037903,0.3333333333333333,0.6666666666666666,0.0,1,2024-07-24,2024-07-24,2024-07-24,6.3687357902526855,7.199999809265137,7.25,7.139999866485596,7.25,17092700,2024-07-24,6.3687357902526855,0.0,-0.0013887924917606043,-0.0027816727644388584
2024-07-25,4,-0.5026813633739948,0.28555792532641733,0.0,1.0,0.0,1,2024-07-25,2024-07-25,2024-07-25,6.359890937805176,7.190000057220459,7.199999809265137,7.139999866485596,7.199999809265137,14827500,2024-07-25,6.359890937805176,-0.0013887924917606043,-0.0027816727644388584,0.009762899403385816
2024-07-26,5,0.016250989679247162,0.7207793880328436,0.4,0.4,0.2,1,2024-07-26,2024-07-26,2024-07-26,6.342199802398682,7.170000076293945,7.199999809265137,7.150000095367432,7.190000057220459,11661700,2024-07-26,6.342199802398682,-0.0027816727644388584,0.009762899403385816,-0.0041435819266560925
2024-07-29,4,0.6018895576708019,0.3983944623634605,0.75,0.0,0.25,2,2024-07-27,2024-07-29,2024-07-29,6.404118061065674,7.239999771118164,7.239999771118164,7.170000076293945,7.190000057220459,16056000,2024-07-29,6.404118061065674,0.009762899403385816,-0.0041435819266560925,0.03051314793784332
2024-07-30,4,-0.021480293944478007,0.7906787433733622,0.5,0.5,0.0,1,2024-07-30,2024-07-30,2024-07-30,6.37758207321167,7.210000038146973,7.28000020980835,7.199999809265137,7.21999979019165,25100400,2024-07-30,6.37758207321167,-0.0041435819266560925,0.03051314793784332,0.0
2024-07-31,9,0.47076631435710525,0.30791782735993384,0.7777777777777778,0.0,0.2222222222222222,1,2024-07-31,2024-07-31,2024-07-31,6.5721821784973145,7.429999828338623,7.510000228881836,7.210000038146973,7.230000019073486,28408400,2024-07-31,6.5721821784973145,0.03051314793784332,0.0,-0.004037767184108643
2024-08-01,3,-0.2903641154989601,0.827501527079416,0.3333333333333333,0.6666666666666666,0.0,1,2024-08-01,2024-08-01,2024-08-01,6.5721821784973145,7.429999828338623,7.5,7.320000171661377,7.429999828338623,24529600,2024-08-01,6.5721821784973145,0.0,-0.004037767184108643,-0.052702686262681264
2024-08-02,2,-0.5760139599442482,0.07807139972544286,0.0,1.0,0.0,1,2024-08-02,2024-08-02,2024-08-02,6.545645236968994,7.400000095367432,7.420000076293945,7.340000152587891,7.400000095367432,23911600,2024-08-02,6.545645236968994,-0.004037767184108643,-0.052702686262681264,0.027104100416556642
2024-08-05,7,-0.09197533356824093,0.8838372362428523,0.42857142857142855,0.5714285714285714,0.0,1,2024-08-05,2024-08-05,2024-08-05,6.200672149658203,7.010000228881836,7.340000152587891,6.949999809265137,7.320000171661377,57127600,2024-08-05,6.200672149658203,-0.052702686262681264,0.027104100416556642,0.01805557520933898
2024-08-06,3,0.3602854534983635,0.6928654181319677,0.6666666666666666,0.3333333333333333,0.0,1,2024-08-06,2024-08-06,2024-08-06,6.3687357902526855,7.199999809265137,7.269999980926514,6.860000133514404,6.989999771118164,25685300,2024-08-06,6.3687357902526855,0.027104100416556642,0.01805557520933898,-0.004092705930216933
2024-08-07,5,0.6653001826256515,0.33633528632773935,1.0,0.0,0.0,1,2024-08-07,2024-08-07,2024-08-07,6.483726978302002,7.329999923706055,7.380000114440918,7.179999828338623,7.21999979019165,20602700,2024-08-07,6.483726978302002,0.01805557520933898,-0.004092705930216933,0.0
2024-08-08,4,-0.5256990725174546,0.36285005781455515,0.0,1.0,0.0,1,2024-08-08,2024-08-08,2024-08-08,6.457190990447998,7.300000190734863,7.340000152587891,7.25,7.300000190734863,20491800,2024-08-08,6.457190990447998,-0.004092705930216933,0.0,0.008219197706995862
2024-08-09,6,0.23018620574536422,0.703948315783688,0.6666666666666666,0.3333333333333333,0.0,1,2024-08-09,2024-08-09,2024-08-09,6.457190990447998,7.300000190734863,7.440000057220459,7.28000020980835,7.400000095367432,18460600,2024-08-09,6.457190990447998,0.0,0.008219197706995862,0.008152119975275873
2024-08-12,3,0.7222158430765072,0.33080375815614077,1.0,0.0,0.0,1,2024-08-12,2024-08-12,2024-08-12,6.510263919830322,7.360000133514404,7.400000095367432,7.300000190734863,7.300000190734863,18712000,2024-08-12,6.510263919830322,0.008219197706995862,0.008152119975275873,-0.0013476879414404674
2024-08-13,5,0.6807193307671697,0.557217586777704,0.8,0.2,0.0,1,2024-08-13,2024-08-13,2024-08-13,6.563336372375488,7.420000076293945,7.420000076293945,7.340000152587891,7.340000152587891,16005400,2024-08-13,6.563336372375488,0.008152119975275873,-0.0013476879414404674,0.016194443611864617
2024-08-14,5,-0.11757449274882677,0.966461204247403,0.4,0.6,0.0,1,2024-08-14,2024-08-14,2024-08-14,6.55449104309082,7.409999847412109,7.440000057220459,7.389999866485596,7.420000076293945,6435400,2024-08-14,6.55449104309082,-0.0013476879414404674,0.016194443611864617,0.01726414873490234
2024-08-15,8,0.43291881709592417,0.6441425303872713,0.75,0.25,0.0,1,2024-08-15,2024-08-15,2024-08-15,6.660637378692627,7.53000020980835,7.610000133514404,7.400000095367432,7.409999847412109,22064800,2024-08-15,6.660637378692627,0.016194443611864617,0.01726414873490234,0.04046990746556478
2024-08-16,6,0.7994785937480628,0.23191161422409937,0.8333333333333334,0.0,0.16666666666666666,1,2024-08-16,2024-08-16,2024-08-16,6.775627613067627,7.659999847412109,7.699999809265137,7.590000152587891,7.599999904632568,16067200,2024-08-16,6.775627613067627,0.01726414873490234,0.04046990746556478,-0.01505636379635833
2024-08-19,9,0.4618965803852513,0.6255309495721435,0.7777777777777778,0.1111111111111111,0.1111111111111111,1,2024-08-19,2024-08-19,2024-08-19,7.0498366355896,7.96999979019165,8.0,7.659999847412109,7.659999847412109,40876000,2024-08-19,7.0498366355896,0.04046990746556478,-0.01505636379635833,0.005095530641203494
2024-08-20,4,-0.1920124553143978,0.4847530182424842,0.5,0.5,0.0,1,2024-08-20,2024-08-20,2024-08-20,6.943691730499268,7.849999904632568,8.029999732971191,7.75,7.96999979019165,46290200,2024-08-20,6.943691730499268,-0.01505636379635833,0.005095530641203494,0.0
2024-08-21,6,-0.3029461260885001,0.7133666601651559,0.3333333333333333,0.6666666666666666,0.0,1,2024-08-21,2024-08-21,2024-08-21,6.979073524475098,7.889999866485596,7.96999979019165,7.860000133514404,7.860000133514404,18663400,2024-08-21,6.979073524475098,0.005095530641203494,0.0,0.0
2024-08-22,9,0.43884039918581647,0.4739451405895596,0.8888888888888888,0.1111111111111111,0.0,1,2024-08-22,2024-08-22,2024-08-22,6.979073524475098,7.889999866485596,7.929999828338623,7.760000228881836,7.920000076293945,15528800,2024-08-22,6.979073524475098,0.0,0.0,0.0
2024-08-23,5,-0.3852642609737814,0.7499011393329652,0.2,0.8,0.0,1,2024-08-23,2024-08-23,2024-08-23,6.979073524475098,7.889999866485596,7.920000076293945,7.78000020980835,7.889999866485596,21179600,2024-08-23,6.979073524475098,0.0,0.0,0.005069697840515364
2024-08-26,5,0.3871861737221479,0.3908650510462076,0.8,0.0,0.2,2,2024-08-24,2024-08-26,2024-08-26,6.979073524475098,7.889999866485596,7.940000057220459,7.820000171661377,7.900000095367432,34745700,2024-08-26,6.979073524475098,0.0,0.005069697840515364,0.05674660047847846
2024-08-27,5,0.7252827859483659,0.2077752286252692,1.0,0.0,0.0,1,2024-08-27,2024-08-27,2024-08-27,7.014455318450928,7.929999828338623,7.960000038146973,7.860000133514404,7.900000095367432,26956400,2024-08-27,7.014455318450928,0.005069697840515364,0.05674660047847846,-0.045346125153046146
2024-08-28,13,0.0750928627900206,0.820679848309732,0.6153846153846154,0.38461538461538464,0.0,1,2024-08-28,2024-08-28,2024-08-28,7.412501811981201,8.380000114440918,8.380000114440918,7.96999979019165,7.989999771118164,46042400,2024-08-28,7.412501811981201,0.05674660047847846,-0.045346125153046146,0.024999947777093245
2024-08-29,15,0.209960516806071,0.7555322285228552,0.6,0.3333333333333333,0.06666666666666667,1,2024-08-29,2024-08-29,2024-08-29,7.07637357711792,8.0,8.4399995803833,7.989999771118164,8.279999732971191,42456200,2024-08-29,7.07637357711792,-0.045346125153046146,0.024999947777093245,0.012195195709276963
2024-08-30,16,0.4721303957048804,0.5775174581738167,0.75,0.1875,0.0625,1,2024-08-30,2024-08-30,2024-08-30,7.25328254699707,8.199999809265137,8.270000457763672,7.96999979019165,8.010000228881836,46343000,2024-08-30,7.25328254699707,0.024999947777093245,0.012195195709276963,-0.0060241323812703085
2024-09-02,5,0.3576689827721566,0.596819426115856,0.6,0.4,0.0,2,2024-08-31,2024-09-02,2024-09-02,7.341737747192383,8.300000190734863,8.390000343322754,8.260000228881836,8.260000228881836,39985700,2024-09-02,7.341737747192383,0.012195195709276963,-0.0060241323812703085,-0.004848474789708401
2024-09-03,6,0.4254764859409382,0.5755431020451625,0.6666666666666666,0.3333333333333333,0.0,1,2024-09-03,2024-09-03,2024-09-03,7.297510147094727,8.25,8.319999694824219,8.130000114440918,8.300000190734863,17666600,2024-09-03,7.297510147094727,-0.0060241323812703085,-0.004848474789708401,0.0012180078421319962
2024-09-04,5,-0.1956177833490074,0.6920238633171802,0.2,0.8,0.0,1,2024-09-04,2024-09-04,2024-09-04,7.2621283531188965,8.210000038146973,8.229999542236328,8.0600004196167,8.100000381469727,26933000,2024-09-04,7.2621283531188965,-0.004848474789708401,0.0012180078421319962,-0.00729922220370649
2024-09-05,6,0.031543935338656126,0.4930261409744992,0.5,0.5,0.0,1,2024-09-05,2024-09-05,2024-09-05,7.2709736824035645,8.220000267028809,8.369999885559082,8.1899995803833,8.300000190734863,33754300,2024-09-05,7.2709736824035645,0.0012180078421319962,-0.00729922220370649,0.01470585126440871
2024-09-06,4,0.45881169103086,0.3099103583535619,0.75,0.0,0.25,1,2024-09-06,2024-09-06,2024-09-06,7.217901229858398,8.15999984741211,8.300000190734863,8.130000114440918,8.300000190734863,23653200,2024-09-06,7.217901229858398,-0.00729922220370649,0.01470585126440871,0.02536224972474943
2024-09-09,7,0.18601277271019562,0.8006054535095051,0.5714285714285714,0.42857142857142855,0.0,1,2024-09-09,2024-09-09,2024-09-09,7.324046611785889,8.279999732971191,8.3100004196167,8.109999656677246,8.15999984741211,26135600,2024-09-09,7.324046611785889,0.01470585126440871,0.02536224972474943,-0.02591269115105188
2024-09-10,6,0.5190706362870212,0.7224588680284793,0.8333333333333334,0.16666666666666666,0.0,1,2024-09-10,2024-09-10,2024-09-10,7.509800910949707,8.489999771118164,8.489999771118164,8.25,8.279999732971191,38589600,2024-09-10,7.509800910949707,0.02536224972474943,-0.02591269115105188,-0.008464457219141575
2024-09-11,9,-0.10852550283177861,0.8354669572143211,0.3333333333333333,0.5555555555555556,0.1111111111111111,1,2024-09-11,2024-09-11,2024-09-11,7.315201759338379,8.270000457763672,8.479999542236328,8.260000228881836,8.479999542236328,50635000,2024-09-11,7.315201759338379,-0.02591269115105188,-0.008464457219141575,0.029003823226462444
2024-09-12,8,0.3404128590482287,0.5890109788756797,0.75,0.125,0.125,1,2024-09-12,2024-09-12,2024-09-12,7.25328254699707,8.199999809265137,8.380000114440918,8.1899995803833,8.289999961853027,41746800,2024-09-12,7.25328254699707,-0.008464457219141575,0.029003823226462444,0.02450982020671555
2024-09-13,6,0.35169831733219326,0.5581514943008792,0.6666666666666666,0.3333333333333333,0.0,1,2024-09-13,2024-09-13,2024-09-13,7.463655471801758,8.15999984741211,8.199999809265137,7.960000038146973,8.09000015258789,38049600,2024-09-13,7.463655471801758,0.029003823226462444,0.02450982020671555,-0.0035885377815421116
2024-09-17,6,0.3822854325796168,0.2283844979231125,0.8333333333333334,0.0,0.16666666666666666,2,2024-09-16,2024-09-17,2024-09-17,7.646588325500488,8.359999656677246,8.4399995803833,8.170000076293945,8.1899995803833,35035600,2024-09-17,7.646588325500488,0.02450982020671555,-0.0035885377815421116,-0.004801949017530505
2024-09-18,7,-0.25904635339975357,0.4685013896772996,0.42857142857142855,0.5714285714285714,0.0,1,2024-09-18,2024-09-18,2024-09-18,7.619148254394531,8.329999923706055,8.430000305175781,8.220000267028809,8.359999656677246,30429500,2024-09-18,7.619148254394531,-0.0035885377815421116,-0.004801949017530505,0.01809407045146627
2024-09-19,3,-0.04155684821307659,0.7581333072606279,0.6666666666666666,0.3333333333333333,0.0,1,2024-09-19,2024-09-19,2024-09-19,7.582561492919922,8.289999961853027,8.350000381469727,8.260000228881836,8.34000015258789,41379100,2024-09-19,7.582561492919922,-0.004801949017530505,0.01809407045146627,-0.0118482879533367
2024-09-20,11,0.34659667194566945,0.5916025281019934,0.6363636363636364,0.36363636363636365,0.0,1,2024-09-20,2024-09-20,2024-09-20,7.719760894775391,8.4399995803833,8.5,8.350000381469727,8.359999656677246,59439600,2024-09-20,7.719760894775391,0.01809407045146627,-0.0118482879533367,-0.005995239063830038
2024-09-23,3,0.6017274533708891,0.30828017342800557,1.0,0.0,0.0,1,2024-09-23,2024-09-23,2024-09-23,7.628294944763184,8.34000015258789,8.5,8.3100004196167,8.4399995803833,31898400,2024-09-23,7.628294944763184,-0.0118482879533367,-0.005995239063830038,-0.0012062168622086755
2024-09-24,6,0.264032119885087,0.6093702050491253,0.6666666666666666,0.16666666666666666,0.16666666666666666,1,2024-09-24,2024-09-24,2024-09-24,7.582561492919922,8.289999961853027,8.380000114440918,8.279999732971191,8.350000381469727,35535900,2024-09-24,7.582561492919922,-0.005995239063830038,-0.0012062168622086755,0.0
2024-09-25,11,0.5713241121054373,0.3581978712816909,0.8181818181818182,0.09090909090909091,0.09090909090909091,1,2024-09-25,2024-09-25,2024-09-25,7.573415279388428,8.279999732971191,8.319999694824219,8.25,8.300000190734863,28036100,2024-09-25,7.573415279388428,-0.0012062168622086755,0.0,-0.004830883199687053
2024-09-26,14,0.21334582287818193,0.6169799583117528,0.7142857142857143,0.2857142857142857,0.0,1,2024-09-26,2024-09-26,2024-09-26,7.573415279388428,8.279999732971191,8.300000190734863,8.239999771118164,8.289999961853027,30798000,2024-09-26,7.573415279388428,0.0,-0.004830883199687053,-0.02305826010529244
2024-09-27,4,-0.4966635489836335,0.5438672251161771,0.25,0.75,0.0,1,2024-09-27,2024-09-27,2024-09-27,7.536828994750977,8.239999771118164,8.289999961853027,8.180000305175781,8.289999961853027,12242300,2024-09-27,7.536828994750977,-0.004830883199687053,-0.02305826010529244,0.004968908299884278
2024-09-30,7,-0.12044729585094112,0.7702246956363785,0.42857142857142855,0.5714285714285714,0.0,1,2024-09-30,2024-09-30,2024-09-30,7.363042831420898,8.050000190734863,8.239999771118164,7.980000019073486,8.239999771118164,33849500,2024-09-30,7.363042831420898,-0.02305826010529244,0.004968908299884278,-0.013596984227562725
2024-10-01,7,0.33036818571521775,0.6437003579522533,0.7142857142857143,0.2857142857142857,0.0,1,2024-10-01,2024-10-01,2024-10-01,7.39962911605835,8.09000015258789,8.119999885559082,8.020000457763672,8.029999732971191,23449200,2024-10-01,7.39962911605835,0.004968908299884278,-0.013596984227562725,0.0012531401181421487
2024-10-02,10,0.02778184162452818,0.7414152670281252,0.4,0.6,0.0,1,2024-10-02,2024-10-02,2024-10-02,7.29901647567749,7.980000019073486,8.029999732971191,7.920000076293945,8.029999732971191,48018900,2024-10-02,7.29901647567749,-0.013596984227562725,0.0012531401181421487,-0.008760936816637588
2024-10-03,6,0.508573351505523,0.5123204705680535,0.8333333333333334,0.16666666666666666,0.0,1,2024-10-03,2024-10-03,2024-10-03,7.308163166046143,7.989999771118164,8.020000457763672,7.860000133514404,8.0,42530600,2024-10-03,7.308163166046143,0.0012531401181421487,-0.008760936816637588,0.005050468481685444
2024-10-04,6,-0.07108951189244785,0.6689239660225902,0.16666666666666666,0.5,0.3333333333333333,1,2024-10-04,2024-10-04,2024-10-04,7.244136810302734,7.920000076293945,8.0,7.840000152587891,7.980000019073486,29253500,2024-10-04,7.244136810302734,-0.008760936816637588,0.005050468481685444,0.0
2024-10-07,4,0.541573042050004,0.23481166564098876,1.0,0.0,0.0,1,2024-10-07,2024-10-07,2024-10-07,7.2807230949401855,7.960000038146973,7.96999979019165,7.840000152587891,7.920000076293945,16339000,2024-10-07,7.2807230949401855,0.005050468481685444,0.0,0.008793824628983149
2024-10-08,2,-0.2942219711840153,0.6983196321557159,0.5,0.5,0.0,1,2024-10-08,2024-10-08,2024-10-08,7.2807230949401855,7.960000038146973,7.989999771118164,7.909999847412109,7.920000076293945,37340200,2024-10-08,7.2807230949401855,0.0,0.008793824628983149,0.006226752175250372
2024-10-09,7,0.22456272239131586,0.532734930368981,0.5714285714285714,0.42857142857142855,0.0,1,2024-10-09,2024-10-09,2024-10-09,7.344748497009277,8.029999732971191,8.0600004196167,7.929999828338623,7.929999828338623,13281700,2024-10-09,7.344748497009277,0.008793824628983149,0.006226752175250372,0.017326705363874373
2024-10-10,8,0.5140331703587435,0.36608157726749707,0.75,0.125,0.125,1,2024-10-10,2024-10-10,2024-10-10,7.390482425689697,8.079999923706055,8.180000305175781,8.039999961853027,8.0600004196167,19240600,2024-10-10,7.390482425689697,0.006226752175250372,0.017326705363874373,0.0036496565627890387
2024-10-11,5,0.05195787828415628,0.7992836504688416,0.4,0.6,0.0,1,2024-10-11,2024-10-11,2024-10-11,7.518535137176514,8.220000267028809,8.220000267028809,8.079999923706055,8.09000015258789,22289100,2024-10-11,7.518535137176514,0.017326705363874373,0.0036496565627890387,0.0
2024-10-14,1,0.9045796310529114,0.0,1.0,0.0,0.0,1,2024-10-14,2024-10-14,2024-10-14,7.545975208282471,8.25,8.3100004196167,8.210000038146973,8.25,21507400,2024-10-14,7.545975208282471,0.0036496565627890387,0.0,-0.01212128335461915
2024-10-15,1,-0.5807351022958755,0.0,0.0,1.0,0.0,1,2024-10-15,2024-10-15,2024-10-15,7.545975208282471,8.25,8.279999732971191,8.229999542236328,8.270000457763672,24370800,2024-10-15,7.545975208282471,0.0,-0.01212128335461915,0.0012270651305292812
2024-10-16,1,-0.9607353871688246,0.0,0.0,1.0,0.0,1,2024-10-16,2024-10-16,2024-10-16,7.454508304595947,8.149999618530273,8.260000228881836,8.149999618530273,8.260000228881836,17499700,2024-10-16,7.454508304595947,-0.01212128335461915,0.0012270651305292812,-0.0012255612870086807
2024-10-17,2,0.3635244199540466,0.8202599607802652,0.5,0.5,0.0,1,2024-10-17,2024-10-17,2024-10-17,7.463655471801758,8.15999984741211,8.1899995803833,8.140000343322754,8.170000076293945,14661800,2024-10-17,7.463655471801758,0.0012270651305292812,-0.0012255612870086807,0.006135069787530201
2024-10-18,6,0.38644140989830095,0.6898392795287509,0.6666666666666666,0.16666666666666666,0.16666666666666666,1,2024-10-18,2024-10-18,2024-10-18,7.454508304595947,8.149999618530273,8.229999542236328,8.149999618530273,8.15999984741211,11196200,2024-10-18,7.454508304595947,-0.0012255612870086807,0.006135069787530201,-0.004878077312261309
2024-10-21,10,0.06434934460557995,0.626765114844678,0.4,0.5,0.1,3,2024-10-19,2024-10-21,2024-10-21,7.500242233276367,8.199999809265137,8.239999771118164,8.15999984741211,8.1899995803833,16870700,2024-10-21,7.500242233276367,0.006135069787530201,-0.004878077312261309,0.0024511225740173614
2024-10-22,5,-0.3547873474657536,0.4193794444468036,0.2,0.6,0.2,1,2024-10-22,2024-10-22,2024-10-22,7.463655471801758,8.15999984741211,8.210000038146973,8.140000343322754,8.199999809265137,18019400,2024-10-22,7.463655471801758,-0.004878077312261309,0.0024511225740173614,-0.006112568229532878
2024-10-23,8,0.3043210993928369,0.7520682289173996,0.75,0.25,0.0,1,2024-10-23,2024-10-23,2024-10-23,7.481949806213379,8.180000305175781,8.210000038146973,8.140000343322754,8.15999984741211,12456100,2024-10-23,7.481949806213379,0.0024511225740173614,-0.006112568229532878,-0.0012300194775527462
2024-10-24,7,-0.2934926961149488,0.7203409677034727,0.2857142857142857,0.7142857142857143,0.0,1,2024-10-24,2024-10-24,2024-10-24,7.436215877532959,8.130000114440918,8.199999809265137,8.130000114440918,8.149999618530273,13537100,2024-10-24,7.436215877532959,-0.006112568229532878,-0.0012300194775527462,-0.012315214481949499
2024-10-25,5,-0.41641043275594714,0.450842592978728,0.2,0.8,0.0,1,2024-10-25,2024-10-25,2024-10-25,7.427069187164307,8.119999885559082,8.149999618530273,8.100000381469727,8.140000343322754,11578900,2024-10-25,7.427069187164307,-0.0012300194775527462,-0.012315214481949499,0.008728100039814501
2024-10-28,4,0.26429199916310614,0.6366079562531352,0.75,0.25,0.0,1,2024-10-28,2024-10-28,2024-10-28,7.3356032371521,8.020000457763672,8.220000267028809,8.020000457763672,8.140000343322754,30489600,2024-10-28,7.3356032371521,-0.012315214481949499,0.008728100039814501,-0.012360883035841819
2024-10-29,6,0.25128402661842614,0.8445419026050485,0.6666666666666666,0.3333333333333333,0.0,1,2024-10-29,2024-10-29,2024-10-29,7.39962911605835,8.09000015258789,8.119999885559082,8.0,8.050000190734863,21313200,2024-10-29,7.39962911605835,0.008728100039814501,-0.012360883035841819,-0.005006286893619483
2024-10-30,8,0.054566699662245796,0.9625551036512086,0.5,0.5,0.0,1,2024-10-30,2024-10-30,2024-10-30,7.308163166046143,7.989999771118164,8.119999885559082,7.980000019073486,8.09000015258789,30956300,2024-10-30,7.308163166046143,-0.012360883035841819,-0.005006286893619483,0.011320755211890354
2024-11-01,8,0.09222621732624248,0.7745288191484568,0.5,0.5,0.0,2,2024-10-31,2024-11-01,2024-11-01,7.271576404571533,7.949999809265137,7.960000038146973,7.760000228881836,7.800000190734863,23665700,2024-11-01,7.271576404571533,-0.005006286893619483,0.011320755211890354,0.009950241981740993
2024-11-04,4,0.5813209749758244,0.36751022820816187,1.0,0.0,0.0,1,2024-11-04,2024-11-04,2024-11-04,7.353896141052246,8.039999961853027,8.119999885559082,7.949999809265137,8.0,19934200,2024-11-04,7.353896141052246,0.011320755211890354,0.009950241981740993,0.009852210107120118
2024-11-05,6,0.06199263498031846,0.8105378516075523,0.5,0.5,0.0,1,2024-11-05,2024-11-05,2024-11-05,7.427069187164307,8.119999885559082,8.149999618530273,7.989999771118164,8.0,18522300,2024-11-05,7.427069187164307,0.009950241981740993,0.009852210107120118,-0.0024389115036618225
2024-11-06,7,0.6867138471986566,0.3364747333570766,0.8571428571428571,0.0,0.14285714285714285,1,2024-11-06,2024-11-06,2024-11-06,7.500242233276367,8.199999809265137,8.199999809265137,8.119999885559082,8.130000114440918,18270200,2024-11-06,7.500242233276367,0.009852210107120118,-0.0024389115036618225,0.004889812403279237
2024-11-07,10,0.5423685130896047,0.574691720273875,0.9,0.1,0.0,1,2024-11-07,2024-11-07,2024-11-07,7.481949806213379,8.180000305175781,8.279999732971191,8.15999984741211,8.25,22242700,2024-11-07,7.481949806213379,-0.0024389115036618225,0.004889812403279237,-0.007299249704027511
2024-11-08,7,0.20287486245589598,0.6439608140669348,0.7142857142857143,0.2857142857142857,0.0,1,2024-11-08,2024-11-08,2024-11-08,7.518535137176514,8.220000267028809,8.279999732971191,8.149999618530273,8.210000038146973,8419600,2024-11-08,7.518535137176514,0.004889812403279237,-0.007299249704027511,0.004901989596496792
2024-11-11,3,0.3634430666764577,0.16817383775362366,0.6666666666666666,0.0,0.3333333333333333,1,2024-11-11,2024-11-11,2024-11-11,7.463655471801758,8.15999984741211,8.300000190734863,8.130000114440918,8.25,12616100,2024-11-11,7.463655471801758,-0.007299249704027511,0.004901989596496792,0.0
2024-11-12,3,-0.12140197803576791,0.7684767251032952,0.3333333333333333,0.6666666666666666,0.0,1,2024-11-12,2024-11-12,2024-11-12,7.500242233276367,8.199999809265137,8.300000190734863,8.15999984741211,8.199999809265137,12086400,2024-11-12,7.500242233276367,0.004901989596496792,0.0,0.0
2024-11-13,6,0.0785662535733233,0.7711784631321289,0.5,0.5,0.0,1,2024-11-13,2024-11-13,2024-11-13,7.500242233276367,8.199999809265137,8.25,8.170000076293945,8.199999809265137,12830900,2024-11-13,7.500242233276367,0.0,0.0,-0.0012195829042996875
2024-11-14,5,0.7363668408244848,0.28611442173858437,1.0,0.0,0.0,1,2024-11-14,2024-11-14,2024-11-14,7.500242233276367,8.199999809265137,8.300000190734863,8.149999618530273,8.279999732971191,25970500,2024-11-14,7.500242233276367,0.0,-0.0012195829042996875,0.002442080552057302
2024-11-15,9,-0.10557458138403791,0.8078066343277652,0.3333333333333333,0.5555555555555556,0.1111111111111111,1,2024-11-15,2024-11-15,2024-11-15,7.491095066070557,8.1899995803833,8.25,8.15999984741211,8.199999809265137,19903100,2024-11-15,7.491095066070557,-0.0012195829042996875,0.002442080552057302,0.0036541017365014916
2024-11-18,7,0.18214441463351252,0.5451692197151943,0.5714285714285714,0.2857142857142857,0.14285714285714285,1,2024-11-18,2024-11-18,2024-11-18,7.5093889236450195,8.210000038146973,8.25,8.180000305175781,8.1899995803833,20439400,2024-11-18,7.5093889236450195,0.002442080552057302,0.0036541017365014916,-0.003640797890607228
2024-11-19,6,-0.1386071619732926,0.6033477201414399,0.3333333333333333,0.6666666666666666,0.0,1,2024-11-19,2024-11-19,2024-11-19,7.536828994750977,8.239999771118164,8.270000457763672,8.140000343322754,8.180000305175781,12672100,2024-11-19,7.536828994750977,0.0036541017365014916,-0.003640797890607228,0.0
2024-11-20,5,-0.2213225832208991,0.6308385023208202,0.4,0.6,0.0,1,2024-11-20,2024-11-20,2024-11-20,7.5093889236450195,8.210000038146973,8.229999542236328,8.15999984741211,8.220000267028809,17167700,2024-11-20,7.5093889236450195,-0.003640797890607228,0.0,0.0012179704133707947
2024-11-21,6,-0.03832791931927204,0.7382755551807069,0.3333333333333333,0.5,0.16666666666666666,1,2024-11-21,2024-11-21,2024-11-21,7.5093889236450195,8.210000038146973,8.270000457763672,8.210000038146973,8.25,17262800,2024-11-21,7.5093889236450195,0.0,0.0012179704133707947,0.019464835001542058
2024-11-22,4,0.5783295789733529,0.3959806214108529,1.0,0.0,0.0,1,2024-11-22,2024-11-22,2024-11-22,7.518535137176514,8.220000267028809,8.289999961853027,8.199999809265137,8.270000457763672,12048600,2024-11-22,7.518535137176514,0.0012179704133707947,0.019464835001542058,-0.0035799107688033738
2024-11-25,3,-0.2881168766568105,0.5777488557447915,0.3333333333333333,0.3333333333333333,0.3333333333333333,1,2024-11-25,2024-11-25,2024-11-25,7.664882183074951,8.380000114440918,8.470000267028809,8.210000038146973,8.210000038146973,81997900,2024-11-25,7.664882183074951,0.019464835001542058,-0.0035799107688033738,0.0023950360363611534
2024-11-26,8,0.5589621545514092,0.6391501108552161,0.75,0.125,0.125,1,2024-11-26,2024-11-26,2024-11-26,7.637442588806152,8.350000381469727,8.399999618530273,8.3100004196167,8.380000114440918,23168900,2024-11-26,7.637442588806152,-0.0035799107688033738,0.0023950360363611534,-0.014336877825362748
2024-11-27,3,0.5083356282363335,0.4431820588132192,1.0,0.0,0.0,1,2024-11-27,2024-11-27,2024-11-27,7.655734539031982,8.369999885559082,8.399999618530273,8.34000015258789,8.390000343322754,26275700,2024-11-27,7.655734539031982,0.0023950360363611534,-0.014336877825362748,0.0
2024-11-28,13,0.2337215880576808,0.7070411133573765,0.46153846153846156,0.5384615384615384,0.0,1,2024-11-28,2024-11-28,2024-11-28,7.545975208282471,8.25,8.399999618530273,8.25,8.399999618530273,21374600,2024-11-28,7.545975208282471,-0.014336877825362748,0.0,-0.004848450150922057
2024-11-29,7,0.5898236883138972,0.6836749400030131,0.8571428571428571,0.14285714285714285,0.0,1,2024-11-29,2024-11-29,2024-11-29,7.545975208282471,8.25,8.289999961853027,8.229999542236328,8.229999542236328,28884900,2024-11-29,7.545975208282471,0.0,-0.004848450150922057,0.0
2024-12-02,7,0.5375224165951035,0.3679097266497621,1.0,0.0,0.0,3,2024-11-30,2024-12-02,2024-12-02,7.5093889236450195,8.210000038146973,8.34000015258789,8.210000038146973,8.260000228881836,17949700,2024-12-02,7.5093889236450195,-0.004848450150922057,0.0,-0.0012180339121672379
2024-12-03,2,0.905290842987597,0.06446414875517589,1.0,0.0,0.0,1,2024-12-03,2024-12-03,2024-12-03,7.5093889236450195,8.210000038146973,8.25,8.199999809265137,8.220000267028809,22450800,2024-12-03,7.5093889236450195,0.0,-0.0012180339121672379,-0.0012195829042996875
2024-12-04,6,0.6021782374785593,0.28351818106546395,1.0,0.0,0.0,1,2024-12-04,2024-12-04,2024-12-04,7.500242233276367,8.199999809265137,8.220000267028809,8.149999618530273,8.180000305175781,24621900,2024-12-04,7.500242233276367,-0.0012180339121672379,-0.0012195829042996875,-0.002441953244326167
2024-12-05,8,0.4888193120714277,0.596654243344214,0.75,0.125,0.125,1,2024-12-05,2024-12-05,2024-12-05,7.491095066070557,8.1899995803833,8.25,8.170000076293945,8.25,17131800,2024-12-05,7.491095066070557,-0.0012195829042996875,-0.002441953244326167,0.0012241250128735004
2024-12-06,7,0.18393066186191778,0.6575169168870386,0.5714285714285714,0.42857142857142855,0.0,1,2024-12-06,2024-12-06,2024-12-06,7.47280216217041,8.170000076293945,8.199999809265137,8.149999618530273,8.149999618530273,16707900,2024-12-06,7.47280216217041,-0.002441953244326167,0.0012241250128735004,-0.008557570028677963
2024-12-09,6,-0.23201438070585334,0.5440082068321518,0.16666666666666666,0.6666666666666666,0.16666666666666666,1,2024-12-09,2024-12-09,2024-12-09,7.481949806213379,8.180000305175781,8.180000305175781,8.0,8.149999618530273,26749800,2024-12-09,7.481949806213379,0.0012241250128735004,-0.008557570028677963,0.0
2024-12-10,8,0.2882471941411495,0.5163667941391189,0.625,0.125,0.25,1,2024-12-10,2024-12-10,2024-12-10,7.417922496795654,8.109999656677246,8.220000267028809,8.109999656677246,8.199999809265137,11778700,2024-12-10,7.417922496795654,-0.008557570028677963,0.0,0.0024661056711237084
2024-12-11,7,-0.13915816734411887,0.8198961915459255,0.2857142857142857,0.42857142857142855,0.2857142857142857,1,2024-12-11,2024-12-11,2024-12-11,7.417922496795654,8.109999656677246,8.130000114440918,7.960000038146973,7.980000019073486,16240900,2024-12-11,7.417922496795654,0.0,0.0024661056711237084,0.0
2024-12-12,6,-0.43763469563176244,0.7097529326777917,0.16666666666666666,0.8333333333333334,0.0,1,2024-12-12,2024-12-12,2024-12-12,7.436215877532959,8.130000114440918,8.15999984741211,8.079999923706055,8.079999923706055,9344400,2024-12-12,7.436215877532959,0.0024661056711237084,0.0,-0.003689994309027833
2024-12-13,5,0.3961668721400201,0.7932595402183472,0.8,0.2,0.0,1,2024-12-13,2024-12-13,2024-12-13,7.436215877532959,8.130000114440918,8.180000305175781,8.100000381469727,8.170000076293945,13755500,2024-12-13,7.436215877532959,0.0,-0.003689994309027833,-0.0074074503148224835
2024-12-16,4,0.38996071927249426,0.612097326438453,0.75,0.25,0.0,1,2024-12-16,2024-12-16,2024-12-16,7.40877628326416,8.100000381469727,8.140000343322754,8.09000015258789,8.130000114440918,16362000,2024-12-16,7.40877628326416,-0.003689994309027833,-0.0074074503148224835,-0.002487511864361025
2024-12-17,3,0.7256501615047456,0.299171755553698,1.0,0.0,0.0,1,2024-12-17,2024-12-17,2024-12-17,7.353896141052246,8.039999961853027,8.130000114440918,8.039999961853027,8.109999656677246,22150200,2024-12-17,7.353896141052246,-0.0074074503148224835,-0.002487511864361025,0.0024937150100348138
2024-12-18,8,0.3618655263853725,0.5460439730536142,0.625,0.375,0.0,1,2024-12-18,2024-12-18,2024-12-18,7.3356032371521,8.020000457763672,8.069999694824219,8.010000228881836,8.039999961853027,9534600,2024-12-18,7.3356032371521,-0.002487511864361025,0.0024937150100348138,-0.011194030334637506
2024-12-19,7,-0.09908060596457548,0.5543327500964632,0.2857142857142857,0.7142857142857143,0.0,1,2024-12-19,2024-12-19,2024-12-19,7.353896141052246,8.039999961853027,8.0600004196167,7.960000038146973,7.960000038146973,18783100,2024-12-19,7.353896141052246,0.0024937150100348138,-0.011194030334637506,0.0
2024-12-20,7,0.061923588759132765,0.6759824781336473,0.42857142857142855,0.5714285714285714,0.0,1,2024-12-20,2024-12-20,2024-12-20,7.271576404571533,7.949999809265137,8.050000190734863,7.949999809265137,8.020000457763672,24596600,2024-12-20,7.271576404571533,-0.011194030334637506,0.0,0.002515672377264133
2024-12-23,4,0.26348548009991646,0.4382762958482985,0.75,0.25,0.0,1,2024-12-23,2024-12-23,2024-12-23,7.271576404571533,7.949999809265137,8.020000457763672,7.940000057220459,7.980000019073486,13712400,2024-12-23,7.271576404571533,0.0,0.002515672377264133,0.008782987715041823
2024-12-24,7,0.3454434100006308,0.7445899265823488,0.5714285714285714,0.2857142857142857,0.14285714285714285,1,2024-12-24,2024-12-24,2024-12-24,7.28986930847168,7.96999979019165,8.050000190734863,7.949999809265137,7.989999771118164,7247800,2024-12-24,7.28986930847168,0.002515672377264133,0.008782987715041823,0.013681477357566418
2024-12-26,7,0.37555890317474094,0.5859526657062583,0.8571428571428571,0.14285714285714285,0.0,2,2024-12-25,2024-12-26,2024-12-26,7.353896141052246,8.039999961853027,8.0600004196167,7.980000019073486,7.980000019073486,10085400,2024-12-26,7.353896141052246,0.008782987715041823,0.013681477357566418,0.0
2024-12-27,6,0.4982644205447287,0.6700189346762838,0.8333333333333334,0.16666666666666666,0.0,1,2024-12-27,2024-12-27,2024-12-27,7.454508304595947,8.149999618530273,8.149999618530273,8.039999961853027,8.039999961853027,7739400,2024-12-27,7.454508304595947,0.013681477357566418,0.0,0.006135069787530201
2024-12-30,5,0.06436663195490835,0.8267660544268816,0.6,0.4,0.0,1,2024-12-30,2024-12-30,2024-12-30,7.454508304595947,8.149999618530273,8.180000305175781,8.079999923706055,8.140000343322754,5334500,2024-12-30,7.454508304595947,0.0,0.006135069787530201,-0.008536571720222819
2024-12-31,7,0.13453692783202448,0.5049163569299766,0.5714285714285714,0.42857142857142855,0.0,1,2024-12-31,2024-12-31,2024-12-31,7.500242233276367,8.199999809265137,8.25,8.119999885559082,8.170000076293945,8521000,2024-12-31,7.500242233276367,0.006135069787530201,-0.008536571720222819,-0.0024600389551054924
2025-01-02,8,0.25965995143633336,0.6868573460774284,0.625,0.375,0.0,2,2025-01-01,2025-01-02,2025-01-02,7.436215877532959,8.130000114440918,8.220000267028809,8.109999656677246,8.199999809265137,4875900,2025-01-02,7.436215877532959,-0.008536571720222819,-0.0024600389551054924,-0.0036991585066856736
2025-01-03,6,0.04362542973831296,0.7452206713224998,0.3333333333333333,0.6666666666666666,0.0,1,2025-01-03,2025-01-03,2025-01-03,7.417922496795654,8.109999656677246,8.199999809265137,8.069999694824219,8.149999618530273,8178300,2025-01-03,7.417922496795654,-0.0024600389551054924,-0.0036991585066856736,0.00866328816149986
2025-01-06,3,-0.42229760189851123,0.6866197134360728,0.3333333333333333,0.6666666666666666,0.0,1,2025-01-06,2025-01-06,2025-01-06,7.390482425689697,8.079999923706055,8.119999885559082,8.069999694824219,8.100000381469727,6994300,2025-01-06,7.390482425689697,-0.0036991585066856736,0.00866328816149986,-0.0073618790529433875
2025-01-07,3,0.14102253022914132,0.6918836527846796,0.3333333333333333,0.6666666666666666,0.0,1,2025-01-07,2025-01-07,2025-01-07,7.454508304595947,8.149999618530273,8.15999984741211,8.020000457763672,8.039999961853027,16600600,2025-01-07,7.454508304595947,0.00866328816149986,-0.0073618790529433875,0.0024722023834418128
2025-01-08,6,0.3433300063479692,0.7358312705531029,0.5,0.3333333333333333,0.16666666666666666,1,2025-01-08,2025-01-08,2025-01-08,7.39962911605835,8.09000015258789,8.229999542236328,8.0600004196167,8.15999984741211,13399900,2025-01-08,7.39962911605835,-0.0073618790529433875,0.0024722023834418128,0.008631434130699445
2025-01-09,6,-0.0878176616194347,0.8626391094354356,0.5,0.5,0.0,1,2025-01-09,2025-01-09,2025-01-09,7.417922496795654,8.109999656677246,8.149999618530273,8.09000015258789,8.130000114440918,14844700,2025-01-09,7.417922496795654,0.0024722023834418128,0.008631434130699445,-0.009780007196580232
2025-01-10,6,0.20045946600536504,0.6844997927316048,0.6666666666666666,0.3333333333333333,0.0,1,2025-01-10,2025-01-10,2025-01-10,7.481949806213379,8.180000305175781,8.1899995803833,8.109999656677246,8.109999656677246,13151100,2025-01-10,7.481949806213379,0.008631434130699445,-0.009780007196580232,-0.016049475682115233
2025-01-13,10,0.050935850199311995,0.7557190794912557,0.4,0.6,0.0,1,2025-01-13,2025-01-13,2025-01-13,7.40877628326416,8.100000381469727,8.15999984741211,7.940000057220459,8.149999618530273,12180100,2025-01-13,7.40877628326416,-0.009780007196580232,-0.016049475682115233,-0.015056419546775501
2025-01-14,8,0.400359204330016,0.5578620652921213,0.75,0.125,0.125,1,2025-01-14,2025-01-14,2025-01-14,7.28986930847168,7.96999979019165,8.15999984741211,7.96999979019165,8.119999885559082,9745300,2025-01-14,7.28986930847168,-0.016049475682115233,-0.015056419546775501,0.017834432720569282
2025-01-15,10,0.2053223065799102,0.7188822620106929,0.6,0.3,0.1,1,2025-01-15,2025-01-15,2025-01-15,7.180109977722168,7.849999904632568,8.010000228881836,7.829999923706055,7.980000019073486,23378600,2025-01-15,7.180109977722168,-0.015056419546775501,0.017834432720569282,-0.001251571723404843
2025-01-16,11,0.24239883703094992,0.7870078567740864,0.6363636363636364,0.36363636363636365,0.0,1,2025-01-16,2025-01-16,2025-01-16,7.308163166046143,7.989999771118164,8.0600004196167,7.880000114440918,7.96999979019165,13743600,2025-01-16,7.308163166046143,0.017834432720569282,-0.001251571723404843,0.002506214907324056
2025-01-17,9,0.16376208984810445,0.7991000579760636,0.4444444444444444,0.3333333333333333,0.2222222222222222,1,2025-01-17,2025-01-17,2025-01-17,7.29901647567749,7.980000019073486,8.0600004196167,7.96999979019165,8.029999732971191,12004800,2025-01-17,7.29901647567749,-0.001251571723404843,0.002506214907324056,-0.007499978821166597
2025-01-20,6,0.46478028626491624,0.6789842115014699,0.6666666666666666,0.16666666666666666,0.16666666666666666,1,2025-01-20,2025-01-20,2025-01-20,7.317309379577637,8.0,8.050000190734863,7.960000038146973,7.980000019073486,7777500,2025-01-20,7.317309379577637,0.002506214907324056,-0.007499978821166597,0.01511343844184454
2025-01-21,6,0.9106027636056145,0.05555849884889406,1.0,0.0,0.0,1,2025-01-21,2025-01-21,2025-01-21,7.262429714202881,7.940000057220459,8.029999732971191,7.920000076293945,8.0,11351800,2025-01-21,7.262429714202881,-0.007499978821166597,0.01511343844184454,-0.011166382061553515
2025-01-22,8,0.7598821686115116,0.2647243984912429,1.0,0.0,0.0,1,2025-01-22,2025-01-22,2025-01-22,7.372189998626709,8.0600004196167,8.119999885559082,7.949999809265137,7.949999809265137,11135200,2025-01-22,7.372189998626709,0.01511343844184454,-0.011166382061553515,0.005018915533814727
2025-01-23,12,0.31022547057364136,0.7792696870201877,0.6666666666666666,0.3333333333333333,0.0,1,2025-01-23,2025-01-23,2025-01-23,7.28986930847168,7.96999979019165,8.069999694824219,7.960000038146973,8.0600004196167,9459300,2025-01-23,7.28986930847168,-0.011166382061553515,0.005018915533814727,0.002496698111703166
2025-01-24,6,-0.35204086514810723,0.5938581275985568,0.3333333333333333,0.6666666666666666,0.0,1,2025-01-24,2025-01-24,2025-01-24,7.326456546783447,8.010000228881836,8.029999732971191,7.989999771118164,8.0,15321300,2025-01-24,7.326456546783447,0.005018915533814727,0.002496698111703166,-0.01120784228893823
2025-01-27,6,-0.3851287006788577,0.7306266023290673,0.16666666666666666,0.6666666666666666,0.16666666666666666,1,2025-01-27,2025-01-27,2025-01-27,7.344748497009277,8.029999732971191,8.069999694824219,7.960000038146973,8.010000228881836,3520600,2025-01-27,7.344748497009277,0.002496698111703166,-0.01120784228893823,0.010075625627896434
2025-01-28,8,-0.18199694436043504,0.7050267281426038,0.25,0.5,0.25,1,2025-01-28,2025-01-28,2025-01-28,7.262429714202881,7.940000057220459,8.029999732971191,7.929999828338623,8.029999732971191,7948700,2025-01-28,7.262429714202881,-0.01120784228893823,0.010075625627896434,-0.0024938450162914627
2025-01-31,10,0.45801566541194916,0.6519519619095289,0.8,0.2,0.0,2,2025-01-29,2025-01-31,2025-01-31,7.3356032371521,8.020000457763672,8.100000381469727,7.929999828338623,7.980000019073486,20591800,2025-01-31,7.3356032371521,0.010075625627896434,-0.0024938450162914627,0.023749943794634465
2025-02-03,2,-0.029288733378052767,1.114361823788534,0.5,0.5,0.0,1,2025-02-03,2025-02-03,2025-02-03,7.317309379577637,8.0,8.09000015258789,7.989999771118164,8.0,10617900,2025-02-03,7.317309379577637,-0.0024938450162914627,0.023749943794634465,-0.002441953244326167
2025-02-04,7,0.5965594222236958,0.3744920361778385,0.8571428571428571,0.14285714285714285,0.0,1,2025-02-04,2025-02-04,2025-02-04,7.491095066070557,8.1899995803833,8.1899995803833,8.050000190734863,8.09000015258789,20643800,2025-02-04,7.491095066070557,0.023749943794634465,-0.002441953244326167,0.006119923157823948
2025-02-05,3,-0.20071129795784748,0.98337353008283,0.3333333333333333,0.6666666666666666,0.0,1,2025-02-05,2025-02-05,2025-02-05,7.47280216217041,8.170000076293945,8.1899995803833,8.100000381469727,8.1899995803833,7907300,2025-02-05,7.47280216217041,-0.002441953244326167,0.006119923157823948,0.020681387189138478
2025-02-06,3,0.5585014770428339,0.526377966642937,0.6666666666666666,0.0,0.3333333333333333,1,2025-02-06,2025-02-06,2025-02-06,7.518535137176514,8.220000267028809,8.220000267028809,8.15999984741211,8.170000076293945,13088800,2025-02-06,7.518535137176514,0.006119923157823948,0.020681387189138478,0.001191839864343569
2025-02-07,8,0.543012069480028,0.5780483118778529,0.875,0.125,0.0,1,2025-02-07,2025-02-07,2025-02-07,7.6740288734436035,8.390000343322754,8.390000343322754,8.25,8.25,21550500,2025-02-07,7.6740288734436035,0.020681387189138478,0.001191839864343569,0.0
2025-02-10,5,0.0488200068473816,0.5328031411792747,0.4,0.6,0.0,1,2025-02-10,2025-02-10,2025-02-10,7.683175086975098,8.399999618530273,8.399999618530273,8.270000457763672,8.3100004196167,11215000,2025-02-10,7.683175086975098,0.001191839864343569,0.0,-0.014285735564290358
2025-02-12,7,0.2496761740850551,0.6038390588375597,0.5714285714285714,0.2857142857142857,0.14285714285714285,2,2025-02-11,2025-02-12,2025-02-12,7.683175086975098,8.399999618530273,8.40999984741211,8.3100004196167,8.399999618530273,32896600,2025-02-12,7.683175086975098,0.0,-0.014285735564290358,0.008454218744874398
2025-02-13,7,-0.004205405446035537,0.6990410642202509,0.42857142857142855,0.5714285714285714,0.0,1,2025-02-13,2025-02-13,2025-02-13,7.573415279388428,8.279999732971191,8.399999618530273,8.279999732971191,8.359999656677246,23693000,2025-02-13,7.573415279388428,-0.014285735564290358,0.008454218744874398,-0.005988120781091011
2025-02-14,4,-0.07422843948006635,0.6397774250814104,0.5,0.5,0.0,1,2025-02-14,2025-02-14,2025-02-14,7.637442588806152,8.350000381469727,8.359999656677246,8.270000457763672,8.270000457763672,15492200,2025-02-14,7.637442588806152,0.008454218744874398,-0.005988120781091011,0.012048200338584891
2025-02-17,9,-0.39545930570198434,0.5548872986024986,0.1111111111111111,0.7777777777777778,0.1111111111111111,2,2025-02-15,2025-02-17,2025-02-17,7.591708660125732,8.300000190734863,8.359999656677246,8.279999732971191,8.350000381469727,17264100,2025-02-17,7.591708660125732,-0.005988120781091011,0.012048200338584891,-0.013095314491236909
2025-02-18,8,-0.004177385941147832,0.5565148070921562,0.5,0.5,0.0,1,2025-02-18,2025-02-18,2025-02-18,7.683175086975098,8.399999618530273,8.399999618530273,8.279999732971191,8.300000190734863,11981500,2025-02-18,7.683175086975098,0.012048200338584891,-0.013095314491236909,0.007237804261458924
2025-02-19,7,-0.630250573025218,0.3279882773137097,0.14285714285714285,0.8571428571428571,0.0,1,2025-02-19,2025-02-19,2025-02-19,7.582561492919922,8.289999961853027,8.420000076293945,8.289999961853027,8.420000076293945,15211900,2025-02-19,7.582561492919922,-0.013095314491236909,0.007237804261458924,0.0011974868011106476
2025-02-20,11,0.11555379781533369,0.8899148176687782,0.5454545454545454,0.45454545454545453,0.0,1,2025-02-20,2025-02-20,2025-02-20,7.637442588806152,8.350000381469727,8.359999656677246,8.300000190734863,8.3100004196167,15628000,2025-02-20,7.637442588806152,0.007237804261458924,0.0011974868011106476,0.0023924208804932956
2025-02-21,7,0.5772629958976593,0.40910073756332216,0.8571428571428571,0.14285714285714285,0.0,1,2025-02-21,2025-02-21,2025-02-21,7.646588325500488,8.359999656677246,8.359999656677246,8.3100004196167,8.359999656677246,22204100,2025-02-21,7.646588325500488,0.0011974868011106476,0.0023924208804932956,-0.017899864897172324
2025-02-24,4,-0.5954640954732895,0.21302989216467305,0.0,1.0,0.0,1,2025-02-24,2025-02-24,2025-02-24,7.664882183074951,8.380000114440918,8.399999618530273,8.359999656677246,8.359999656677246,15342600,2025-02-24,7.664882183074951,0.0023924208804932956,-0.017899864897172324,0.006075369933399077
2025-02-25,3,-0.05339624701688681,0.920086607299254,0.3333333333333333,0.6666666666666666,0.0,1,2025-02-25,2025-02-25,2025-02-25,7.527681827545166,8.229999542236328,8.399999618530273,8.15999984741211,8.399999618530273,23569700,2025-02-25,7.527681827545166,-0.017899864897172324,0.006075369933399077,-0.007246419242488145
2025-02-26,6,0.3837974810351929,0.42520361565374365,0.8333333333333334,0.16666666666666666,0.0,1,2025-02-26,2025-02-26,2025-02-26,7.573415279388428,8.279999732971191,8.319999694824219,8.180000305175781,8.1899995803833,26784300,2025-02-26,7.573415279388428,0.006075369933399077,-0.007246419242488145,-0.04987832258369762
2025-02-27,4,0.16947516938671472,0.5591913286716439,0.5,0.5,0.0,1,2025-02-27,2025-02-27,2025-02-27,7.518535137176514,8.220000267028809,8.300000190734863,8.1899995803833,8.229999542236328,22621400,2025-02-27,7.518535137176514,-0.007246419242488145,-0.04987832258369762,0.02432779429271137
2025-02-28,8,0.30798547319136566,0.764098869231483,0.625,0.375,0.0,1,2025-02-28,2025-02-28,2025-02-28,7.143523216247559,7.809999942779541,8.239999771118164,7.809999942779541,8.220000267028809,107968000,2025-02-28,7.143523216247559,-0.04987832258369762,0.02432779429271137,0.0
2025-03-03,6,0.542671803307409,0.488681545849329,0.8333333333333334,0.16666666666666666,0.0,2,2025-03-01,2025-03-03,2025-03-03,7.317309379577637,8.0,8.09000015258789,7.900000095367432,7.900000095367432,37967700,2025-03-03,7.317309379577637,0.02432779429271137,0.0,-0.024999951125769027
2025-03-04,5,0.09098943956196313,0.660811923782124,0.4,0.6,0.0,1,2025-03-04,2025-03-04,2025-03-04,7.317309379577637,8.0,8.010000228881836,7.960000038146973,8.0,21282800,2025-03-04,7.317309379577637,0.0,-0.024999951125769027,-0.03846156159726799
2025-03-05,6,0.6387820212791363,0.3360558628804805,0.8333333333333334,0.0,0.16666666666666666,1,2025-03-05,2025-03-05,2025-03-05,7.1343770027160645,7.800000190734863,8.0,7.800000190734863,7.980000019073486,38134500,2025-03-05,7.1343770027160645,-0.024999951125769027,-0.03846156159726799,0.0026666127268946127
2025-03-06,11,0.13080019884827465,0.7561865253524215,0.5454545454545454,0.45454545454545453,0.0,1,2025-03-06,2025-03-06,2025-03-06,6.859977722167969,7.5,7.820000171661377,7.480000019073486,7.809999942779541,68056000,2025-03-06,6.859977722167969,-0.03846156159726799,0.0026666127268946127,0.0
2025-03-07,11,-0.2576582804957236,0.6741090600258081,0.2727272727272727,0.6363636363636364,0.09090909090909091,1,2025-03-07,2025-03-07,2025-03-07,6.878270626068115,7.519999980926514,7.579999923706055,7.480000019073486,7.5,33122400,2025-03-07,6.878270626068115,0.0026666127268946127,0.0,-0.03457439451931987
2025-03-10,3,-0.19155647419393063,0.6535668395314936,0.3333333333333333,0.6666666666666666,0.0,2,2025-03-08,2025-03-10,2025-03-10,6.878270626068115,7.519999980926514,7.670000076293945,7.420000076293945,7.489999771118164,29814400,2025-03-10,6.878270626068115,0.0,-0.03457439451931987,-0.03581273686273301
2025-03-11,4,-0.8018559264019132,0.06827546885819923,0.0,1.0,0.0,1,2025-03-11,2025-03-11,2025-03-11,6.640458583831787,7.260000228881836,7.510000228881836,7.230000019073486,7.5,52377600,2025-03-11,6.640458583831787,-0.03457439451931987,-0.03581273686273301,0.03571427241517511
2025-03-12,7,-0.4186498427630535,0.7066616417474526,0.2857142857142857,0.7142857142857143,0.0,1,2025-03-12,2025-03-12,2025-03-12,6.402645587921143,7.0,7.329999923706055,6.920000076293945,7.230000019073486,70276200,2025-03-12,6.402645587921143,-0.03581273686273301,0.03571427241517511,0.002837015494790096
2025-03-13,8,0.5514684825902805,0.6322823076873264,0.875,0.125,0.0,1,2025-03-13,2025-03-13,2025-03-13,6.631311416625977,7.25,7.320000171661377,6.949999809265137,7.010000228881836,43566200,2025-03-13,6.631311416625977,0.03571427241517511,0.002837015494790096,0.025459615804080737
2025-03-14,8,-0.2046843768330291,0.5653384386440897,0.5,0.5,0.0,1,2025-03-14,2025-03-14,2025-03-14,6.650124549865723,7.070000171661377,7.190000057220459,7.0,7.070000171661377,26656000,2025-03-14,6.650124549865723,0.002837015494790096,0.025459615804080737,-0.04413794743028476
2025-03-17,7,0.3030204747670463,0.624359980212165,0.5714285714285714,0.2857142857142857,0.14285714285714285,1,2025-03-17,2025-03-17,2025-03-17,6.81943416595459,7.25,7.340000152587891,7.139999866485596,7.150000095367432,27372100,2025-03-17,6.81943416595459,0.025459615804080737,-0.04413794743028476,-0.018758966613109607
2025-03-19,10,-0.190206908620894,0.726565815522533,0.3,0.7,0.0,2,2025-03-18,2025-03-19,2025-03-19,6.518438339233398,6.929999828338623,7.110000133514404,6.840000152587891,6.889999866485596,59515800,2025-03-19,6.518438339233398,-0.04413794743028476,-0.018758966613109607,0.007352845795625118
2025-03-20,9,0.40213168536623317,0.5766065195908937,0.6666666666666666,0.1111111111111111,0.2222222222222222,1,2025-03-20,2025-03-20,2025-03-20,6.3961591720581055,6.800000190734863,7.019999980926514,6.800000190734863,6.980000019073486,38746500,2025-03-20,6.3961591720581055,-0.018758966613109607,0.007352845795625118,0.010219024126600695
2025-03-21,7,0.11582108317608279,0.5032796273688276,0.7142857142857143,0.2857142857142857,0.0,1,2025-03-21,2025-03-21,2025-03-21,6.4431891441345215,6.849999904632568,6.929999828338623,6.789999961853027,6.800000190734863,33669100,2025-03-21,6.4431891441345215,0.007352845795625118,0.010219024126600695,0.011560661459016242
2025-03-24,8,-0.13487801409792155,0.8248336519729591,0.375,0.625,0.0,1,2025-03-24,2025-03-24,2025-03-24,6.509032249450684,6.920000076293945,6.940000057220459,6.829999923706055,6.849999904632568,16773100,2025-03-24,6.509032249450684,0.010219024126600695,0.011560661459016242,0.005714342409219864
2025-03-25,7,0.539608898971762,0.6509415404674147,0.7142857142857143,0.14285714285714285,0.14285714285714285,1,2025-03-25,2025-03-25,2025-03-25,6.584280967712402,7.0,7.059999942779541,6.940000057220459,6.980000019073486,29800400,2025-03-25,6.584280967712402,0.011560661459016242,0.005714342409219864,0.012784127015902369
2025-03-26,8,0.42999469744972885,0.6485000211221257,0.75,0.125,0.125,1,2025-03-26,2025-03-26,2025-03-26,6.62190580368042,7.039999961853027,7.099999904632568,7.0,7.050000190734863,22716500,2025-03-26,6.62190580368042,0.005714342409219864,0.012784127015902369,-0.018232909420322296
2025-03-27,8,0.4770285665872507,0.46596803845739704,0.625,0.125,0.25,1,2025-03-27,2025-03-27,2025-03-27,6.706561088562012,7.130000114440918,7.159999847412109,7.03000020980835,7.059999942779541,23248700,2025-03-27,6.706561088562012,0.012784127015902369,-0.018232909420322296,0.020000017380928714
2025-03-28,4,-0.7559466571547092,0.28640269582334843,0.0,1.0,0.0,1,2025-03-28,2025-03-28,2025-03-28,6.584280967712402,7.0,7.139999866485596,7.0,7.130000114440918,19426100,2025-03-28,6.584280967712402,-0.018232909420322296,0.020000017380928714,-0.0014004853453852828
2025-04-02,9,-0.027186362900667695,0.6397103992352182,0.5555555555555556,0.4444444444444444,0.0,3,2025-03-31,2025-04-02,2025-04-02,6.715966701507568,7.139999866485596,7.159999847412109,6.96999979019165,6.989999771118164,23591600,2025-04-02,6.715966701507568,0.020000017380928714,-0.0014004853453852828,-0.01683038886492816
2025-04-03,11,-0.3562537087974223,0.5976837413304277,0.36363636363636365,0.6363636363636364,0.0,1,2025-04-03,2025-04-03,2025-04-03,6.706561088562012,7.130000114440918,7.139999866485596,7.03000020980835,7.110000133514404,25251000,2025-04-03,6.706561088562012,-0.0014004853453852828,-0.01683038886492816,-0.05563472684771231
2025-04-04,7,-0.5604187352582813,0.4012157506001481,0.14285714285714285,0.8571428571428571,0.0,1,2025-04-04,2025-04-04,2025-04-04,6.593687057495117,7.010000228881836,7.110000133514404,6.929999828338623,7.079999923706055,26053900,2025-04-04,6.593687057495117,-0.01683038886492816,-0.05563472684771231,0.009063341851059725
2025-04-07,5,-0.6991985235363245,0.29445537720685055,0.0,1.0,0.0,1,2025-04-07,2025-04-07,2025-04-07,6.22684907913208,6.619999885559082,6.829999923706055,6.510000228881836,6.809999942779541,58350200,2025-04-07,6.22684907913208,-0.05563472684771231,0.009063341851059725,-0.04940113852890993
2025-04-08,2,0.7491242103278637,0.16162528784696314,1.0,0.0,0.0,1,2025-04-08,2025-04-08,2025-04-08,6.283285140991211,6.679999828338623,6.710000038146973,6.570000171661377,6.639999866485596,33213700,2025-04-08,6.283285140991211,0.009063341851059725,-0.04940113852890993,0.08818896946322652
2025-04-09,11,-0.6123031249100511,0.4020838409480508,0.09090909090909091,0.8181818181818182,0.09090909090909091,1,2025-04-09,2025-04-09,2025-04-09,5.972883701324463,6.349999904632568,6.630000114440918,6.210000038146973,6.599999904632568,39898800,2025-04-09,5.972883701324463,-0.04940113852890993,0.08818896946322652,-0.03762666990641128
2025-04-10,12,0.3912839063753684,0.5165423233866163,0.8333333333333334,0.16666666666666666,0.0,1,2025-04-10,2025-04-10,2025-04-10,6.499626159667969,6.909999847412109,6.929999828338623,6.699999809265137,6.900000095367432,43621700,2025-04-10,6.499626159667969,0.08818896946322652,-0.03762666990641128,0.012030118405290668
2025-04-11,11,-0.24204831261357124,0.714599082900083,0.36363636363636365,0.6363636363636364,0.0,1,2025-04-11,2025-04-11,2025-04-11,6.255066871643066,6.650000095367432,6.760000228881836,6.570000171661377,6.699999809265137,27630500,2025-04-11,6.255066871643066,-0.03762666990641128,0.012030118405290668,-0.0044576398793729766
2025-04-14,10,0.2211009157821536,0.7073600479087244,0.6,0.2,0.2,1,2025-04-14,2025-04-14,2025-04-14,6.330316066741943,6.730000019073486,6.809999942779541,6.710000038146973,6.800000190734863,19729600,2025-04-14,6.330316066741943,0.012030118405290668,-0.0044576398793729766,0.0014926087982580771
2025-04-15,7,0.6334740315963117,0.5307623574907435,0.8571428571428571,0.14285714285714285,0.0,1,2025-04-15,2025-04-15,2025-04-15,6.302097797393799,6.699999809265137,6.769999980926514,6.699999809265137,6.730000019073486,10391600,2025-04-15,6.302097797393799,-0.0044576398793729766,0.0014926087982580771,0.0074515434357818044
2025-04-16,8,-0.6229390418156981,0.1626621969623821,0.0,1.0,0.0,1,2025-04-16,2025-04-16,2025-04-16,6.311504364013672,6.710000038146973,6.730000019073486,6.610000133514404,6.699999809265137,9882400,2025-04-16,6.311504364013672,0.0014926087982580771,0.0074515434357818044,0.017751428703842498
2025-04-17,5,-0.28265235126018523,0.7267023315452192,0.4,0.6,0.0,1,2025-04-17,2025-04-17,2025-04-17,6.358534812927246,6.760000228881836,6.760000228881836,6.639999866485596,6.639999866485596,12574300,2025-04-17,6.358534812927246,0.0074515434357818044,0.017751428703842498,-0.002906894921028025
2025-04-18,12,0.5040079717097493,0.4574457214914281,0.75,0.16666666666666666,0.08333333333333333,1,2025-04-18,2025-04-18,2025-04-18,6.471407890319824,6.880000114440918,6.880000114440918,6.730000019073486,6.739999771118164,7322300,2025-04-18,6.471407890319824,0.017751428703842498,-0.002906894921028025,-0.016035087006242565
2025-04-21,11,0.0674376687542959,0.7176238950557735,0.5454545454545454,0.36363636363636365,0.09090909090909091,1,2025-04-21,2025-04-21,2025-04-21,6.452596187591553,6.860000133514404,6.889999866485596,6.820000171661377,6.880000114440918,4564200,2025-04-21,6.452596187591553,-0.002906894921028025,-0.016035087006242565,0.014814773647367163
2025-04-22,4,-0.5237721027806401,0.24157017933665617,0.0,1.0,0.0,1,2025-04-22,2025-04-22,2025-04-22,6.349128246307373,6.75,6.809999942779541,6.690000057220459,6.800000190734863,17803000,2025-04-22,6.349128246307373,-0.016035087006242565,0.014814773647367163,0.0189781982360282
2025-04-23,6,0.5775787389526764,0.3172457019335458,1.0,0.0,0.0,1,2025-04-23,2025-04-23,2025-04-23,6.4431891441345215,6.849999904632568,6.849999904632568,6.78000020980835,6.800000190734863,31820400,2025-04-23,6.4431891441345215,0.014814773647367163,0.0189781982360282,0.0014325880703942584
2025-04-24,8,0.2410035878419876,0.7861607161777908,0.625,0.375,0.0,1,2025-04-24,2025-04-24,2025-04-24,6.565469264984131,6.980000019073486,7.050000190734863,6.860000133514404,6.869999885559082,32205900,2025-04-24,6.565469264984131,0.0189781982360282,0.0014325880703942584,0.0
2025-04-25,5,0.8616513284854591,0.10411249035916063,1.0,0.0,0.0,1,2025-04-25,2025-04-25,2025-04-25,6.5748748779296875,6.989999771118164,7.059999942779541,6.949999809265137,7.050000190734863,16490300,2025-04-25,6.5748748779296875,0.0014325880703942584,0.0,0.0042919061897324084
2025-04-28,6,0.3789768284186721,0.6760787775858457,0.8333333333333334,0.16666666666666666,0.0,1,2025-04-28,2025-04-28,2025-04-28,6.5748748779296875,6.989999771118164,7.039999961853027,6.980000019073486,7.0,6775500,2025-04-28,6.5748748779296875,0.0,0.0042919061897324084,0.014245046340216616
2025-04-29,13,0.017773663947502,0.7386978701226549,0.46153846153846156,0.46153846153846156,0.07692307692307693,1,2025-04-29,2025-04-29,2025-04-29,6.60309362411499,7.019999980926514,7.019999980926514,6.949999809265137,7.0,12442500,2025-04-29,6.60309362411499,0.0042919061897324084,0.014245046340216616,0.004213399946115803
2025-04-30,16,0.5852493544080062,0.44974862840807944,0.875,0.125,0.0,1,2025-04-30,2025-04-30,2025-04-30,6.697154998779297,7.119999885559082,7.139999866485596,7.03000020980835,7.03000020980835,24000100,2025-04-30,6.697154998779297,0.014245046340216616,0.004213399946115803,-0.009790182718833584
2025-05-02,10,0.4059328970964998,0.4108756295666292,0.5,0.1,0.4,2,2025-05-01,2025-05-02,2025-05-02,6.725372791290283,7.150000095367432,7.170000076293945,7.050000190734863,7.079999923706055,23847700,2025-05-02,6.725372791290283,0.004213399946115803,-0.009790182718833584,-0.025423729420357866
2025-05-05,4,0.14423623733455315,0.6366244693796868,0.5,0.25,0.25,1,2025-05-05,2025-05-05,2025-05-05,6.659530162811279,7.079999923706055,7.190000057220459,7.050000190734863,7.119999885559082,10871000,2025-05-05,6.659530162811279,-0.009790182718833584,-0.025423729420357866,0.007246356580695279
2025-05-06,6,-0.18105126032605764,0.7560909829573154,0.5,0.5,0.0,1,2025-05-06,2025-05-06,2025-05-06,6.490220069885254,6.900000095367432,7.079999923706055,6.849999904632568,7.059999942779541,18437600,2025-05-06,6.490220069885254,-0.025423729420357866,0.007246356580695279,-0.011510759461539677
2025-05-07,9,0.3302450126243962,0.521768088204763,0.6666666666666666,0.2222222222222222,0.1111111111111111,1,2025-05-07,2025-05-07,2025-05-07,6.537250518798828,6.949999809265137,6.949999809265137,6.849999904632568,6.860000133514404,17879100,2025-05-07,6.537250518798828,0.007246356580695279,-0.011510759461539677,0.0
2025-05-08,8,-0.27044848771765834,0.6328957458475676,0.25,0.625,0.125,1,2025-05-08,2025-05-08,2025-05-08,6.462001800537109,6.869999885559082,6.960000038146973,6.849999904632568,6.949999809265137,9515600,2025-05-08,6.462001800537109,-0.011510759461539677,0.0,0.064046547322127
2025-05-09,6,0.579401876234139,0.7209828043589694,0.8333333333333334,0.16666666666666666,0.0,1,2025-05-09,2025-05-09,2025-05-09,6.462001800537109,6.869999885559082,6.920000076293945,6.860000133514404,6.909999847412109,8531700,2025-05-09,6.462001800537109,0.0,0.064046547322127,-0.009575966178599793
2025-05-13,12,0.47818858199752867,0.5984918501039872,0.75,0.25,0.0,1,2025-05-13,2025-05-13,2025-05-13,6.875870704650879,7.309999942779541,7.340000152587891,7.010000228881836,7.010000228881836,60867000,2025-05-13,6.875870704650879,0.064046547322127,-0.009575966178599793,-0.011049693582603104
2025-05-14,11,0.07536481828852133,0.6249554093555727,0.5454545454545454,0.45454545454545453,0.0,1,2025-05-14,2025-05-14,2025-05-14,6.810027599334717,7.239999771118164,7.309999942779541,7.199999809265137,7.300000190734863,26919100,2025-05-14,6.810027599334717,-0.009575966178599793,-0.011049693582603104,0.0027932883762966654
2025-05-15,7,-0.20672428554722241,0.4322285878627674,0.42857142857142855,0.42857142857142855,0.14285714285714285,1,2025-05-15,2025-05-15,2025-05-15,6.734778881072998,7.159999847412109,7.28000020980835,7.150000095367432,7.25,15534200,2025-05-15,6.734778881072998,-0.011049693582603104,0.0027932883762966654,-0.011142101205601218
2025-05-16,8,-0.11658689577598129,0.6538987177294667,0.5,0.5,0.0,1,2025-05-16,2025-05-16,2025-05-16,6.753591060638428,7.179999828338623,7.239999771118164,7.110000133514404,7.199999809265137,19970300,2025-05-16,6.753591060638428,0.0027932883762966654,-0.011142101205601218,-0.00845060989619939
2025-05-19,4,-0.011552022944670143,1.0331292366859304,0.5,0.5,0.0,1,2025-05-19,2025-05-19,2025-05-19,6.678341865539551,7.099999904632568,7.159999847412109,7.079999923706055,7.150000095367432,12869200,2025-05-19,6.678341865539551,-0.011142101205601218,-0.00845060989619939,-0.005681874234318762
2025-05-20,6,0.2726004742629205,0.7447771028110582,0.6666666666666666,0.3333333333333333,0.0,1,2025-05-20,2025-05-20,2025-05-20,6.62190580368042,7.039999961853027,7.130000114440918,7.019999980926514,7.130000114440918,11539200,2025-05-20,6.62190580368042,-0.00845060989619939,-0.005681874234318762,-0.02142858487809962
2025-05-21,11,-0.21633801050484183,0.720331351696535,0.36363636363636365,0.5454545454545454,0.09090909090909091,1,2025-05-21,2025-05-21,2025-05-21,6.584280967712402,7.0,7.039999961853027,6.980000019073486,7.039999961853027,12587900,2025-05-21,6.584280967712402,-0.005681874234318762,-0.02142858487809962,0.01313879816733543
2025-05-22,13,-0.36092392605944323,0.7304569634132717,0.3076923076923077,0.6923076923076923,0.0,1,2025-05-22,2025-05-22,2025-05-22,6.4431891441345215,6.849999904632568,7.0,6.849999904632568,6.989999771118164,14279800,2025-05-22,6.4431891441345215,-0.02142858487809962,0.01313879816733543,0.0028817631239068664
2025-05-23,12,0.21307994848272452,0.6037810419773418,0.6666666666666666,0.3333333333333333,0.0,1,2025-05-23,2025-05-23,2025-05-23,6.5278449058532715,6.940000057220459,6.96999979019165,6.929999828338623,6.960000038146973,7221800,2025-05-23,6.5278449058532715,0.01313879816733543,0.0028817631239068664,-0.008620665794859428
2025-05-26,6,-0.5325718550011516,0.3722711150170567,0.16666666666666666,0.8333333333333334,0.0,1,2025-05-26,2025-05-26,2025-05-26,6.546656608581543,6.960000038146973,6.980000019073486,6.900000095367432,6.96999979019165,6409700,2025-05-26,6.546656608581543,0.0028817631239068664,-0.008620665794859428,-0.004347813948417212
2025-05-27,12,0.06460752594284713,0.6792057951394396,0.4166666666666667,0.5833333333333334,0.0,1,2025-05-27,2025-05-27,2025-05-27,6.490220069885254,6.900000095367432,6.980000019073486,6.849999904632568,6.96999979019165,19562900,2025-05-27,6.490220069885254,-0.008620665794859428,-0.004347813948417212,0.0014555999940968345
2025-05-28,12,-0.07593058069081356,0.7867810272510868,0.4166666666666667,0.5833333333333334,0.0,1,2025-05-28,2025-05-28,2025-05-28,6.462001800537109,6.869999885559082,6.940000057220459,6.869999885559082,6.929999828338623,8595600,2025-05-28,6.462001800537109,-0.004347813948417212,0.0014555999940968345,0.007267421511774064
2025-05-29,9,0.03745819121185272,0.8024289010702895,0.4444444444444444,0.5555555555555556,0.0,1,2025-05-29,2025-05-29,2025-05-29,6.471407890319824,6.880000114440918,6.920000076293945,6.840000152587891,6.889999866485596,8015100,2025-05-29,6.471407890319824,0.0014555999940968345,0.007267421511774064,-0.011544052606276
2025-05-30,13,0.26209679926530677,0.8106730014436035,0.6153846153846154,0.38461538461538464,0.0,1,2025-05-30,2025-05-30,2025-05-30,6.518438339233398,6.929999828338623,7.0,6.860000133514404,6.880000114440918,32968300,2025-05-30,6.518438339233398,0.007267421511774064,-0.011544052606276,0.002919774040734735
2025-06-03,14,0.19205831849415386,0.6770435218514125,0.5,0.35714285714285715,0.14285714285714285,4,2025-05-31,2025-06-03,2025-06-03,6.4431891441345215,6.849999904632568,6.980000019073486,6.840000152587891,6.960000038146973,14994500,2025-06-03,6.4431891441345215,-0.011544052606276,0.002919774040734735,0.0
2025-06-04,7,0.3035873676583703,0.7098495985384695,0.5714285714285714,0.42857142857142855,0.0,1,2025-06-04,2025-06-04,2025-06-04,6.462001800537109,6.869999885559082,6.889999866485596,6.840000152587891,6.869999885559082,18434000,2025-06-04,6.462001800537109,0.002919774040734735,0.0,-0.00436679998229017
2025-06-05,5,0.0016694582998752594,0.8575760289464818,0.4,0.6,0.0,1,2025-06-05,2025-06-05,2025-06-05,6.462001800537109,6.869999885559082,6.949999809265137,6.829999923706055,6.900000095367432,15947100,2025-06-05,6.462001800537109,0.0,-0.00436679998229017,0.00730992093308469
2025-06-06,7,-0.09361165189849482,0.9425346141577782,0.42857142857142855,0.5714285714285714,0.0,1,2025-06-06,2025-06-06,2025-06-06,6.433783531188965,6.840000152587891,6.860000133514404,6.809999942779541,6.860000133514404,13677900,2025-06-06,6.433783531188965,-0.00436679998229017,0.00730992093308469,-0.005805572584482999
2025-06-09,11,0.31164577357809653,0.5953031027965231,0.6363636363636364,0.2727272727272727,0.09090909090909091,2,2025-06-07,2025-06-09,2025-06-09,6.480813980102539,6.889999866485596,6.889999866485596,6.829999923706055,6.829999923706055,13550300,2025-06-09,6.480813980102539,0.00730992093308469,-0.005805572584482999,0.007299324092254311
2025-06-10,4,-0.28174202144145966,0.4740372062430958,0.25,0.75,0.0,1,2025-06-10,2025-06-10,2025-06-10,6.4431891441345215,6.849999904632568,6.909999847412109,6.840000152587891,6.889999866485596,12924400,2025-06-10,6.4431891441345215,-0.005805572584482999,0.007299324092254311,-0.0014492713161390336
2025-06-11,7,0.7912688223711614,0.21381527654703272,1.0,0.0,0.0,1,2025-06-11,2025-06-11,2025-06-11,6.490220069885254,6.900000095367432,7.019999980926514,6.880000114440918,6.880000114440918,26573700,2025-06-11,6.490220069885254,0.007299324092254311,-0.0014492713161390336,-0.010159623263552131
2025-06-12,5,-0.09892506748437882,0.32068470463679843,0.4,0.6,0.0,1,2025-06-12,2025-06-12,2025-06-12,6.480813980102539,6.889999866485596,6.909999847412109,6.849999904632568,6.900000095367432,12939600,2025-06-12,6.480813980102539,-0.0014492713161390336,-0.010159623263552131,-0.010263974959061728
2025-06-13,5,-0.6394076205790042,0.13211547048812003,0.0,1.0,0.0,1,2025-06-13,2025-06-13,2025-06-13,6.414971351623535,6.820000171661377,6.880000114440918,6.820000171661377,6.880000114440918,12623100,2025-06-13,6.414971351623535,-0.010159623263552131,-0.010263974959061728,-0.013333296282630358
2025-06-16,9,0.2068393076252606,0.5378231600072189,0.5555555555555556,0.2222222222222222,0.2222222222222222,1,2025-06-16,2025-06-16,2025-06-16,6.349128246307373,6.75,6.820000171661377,6.710000038146973,6.809999942779541,11469000,2025-06-16,6.349128246307373,-0.010263974959061728,-0.013333296282630358,-0.0015015733904175654
2025-06-17,8,-0.21320897550322115,0.7143903434127412,0.375,0.625,0.0,1,2025-06-17,2025-06-17,2025-06-17,6.2644734382629395,6.659999847412109,6.769999980926514,6.659999847412109,6.75,10266200,2025-06-17,6.2644734382629395,-0.013333296282630358,-0.0015015733904175654,-0.010526286901503368
2025-06-18,7,-0.0841177751842354,0.6407895521737337,0.42857142857142855,0.42857142857142855,0.14285714285714285,1,2025-06-18,2025-06-18,2025-06-18,6.255066871643066,6.650000095367432,6.659999847412109,6.610000133514404,6.650000095367432,10388000,2025-06-18,6.255066871643066,-0.0015015733904175654,-0.010526286901503368,0.010638268366463866
2025-06-19,7,-0.4413527434558741,0.6508226909490438,0.14285714285714285,0.8571428571428571,0.0,1,2025-06-19,2025-06-19,2025-06-19,6.1892242431640625,6.579999923706055,6.690000057220459,6.579999923706055,6.690000057220459,12968700,2025-06-19,6.1892242431640625,-0.010526286901503368,0.010638268366463866,0.022556481538937856
2025-06-20,8,0.18211779999546707,0.6584785192632112,0.75,0.25,0.0,1,2025-06-20,2025-06-20,2025-06-20,6.255066871643066,6.650000095367432,6.710000038146973,6.579999923706055,6.590000152587891,24765600,2025-06-20,6.255066871643066,0.010638268366463866,0.022556481538937856,-0.004411826758248583
2025-06-23,9,-0.004672848205599507,0.6202966697547903,0.6666666666666666,0.3333333333333333,0.0,1,2025-06-23,2025-06-23,2025-06-23,6.3961591720581055,6.800000190734863,6.800000190734863,6.570000171661377,6.619999885559082,7677700,2025-06-23,6.3961591720581055,0.022556481538937856,-0.004411826758248583,0.0
2025-06-24,10,0.12681907750666138,0.6949936785273748,0.7,0.3,0.0,1,2025-06-24,2025-06-24,2025-06-24,6.367940425872803,6.769999980926514,6.820000171661377,6.739999771118164,6.800000190734863,6979800,2025-06-24,6.367940425872803,-0.004411826758248583,0.0,0.004431377226874034
2025-06-25,13,0.5821326981800107,0.48210344584877857,0.8461538461538461,0.15384615384615385,0.0,1,2025-06-25,2025-06-25,2025-06-25,6.367940425872803,6.769999980926514,6.880000114440918,6.75,6.769999980926514,16755500,2025-06-25,6.367940425872803,0.0,0.004431377226874034,-0.001470584069234171
2025-06-26,9,0.46768799299995106,0.4225644548945128,0.8888888888888888,0.1111111111111111,0.0,1,2025-06-26,2025-06-26,2025-06-26,6.3961591720581055,6.800000190734863,6.820000171661377,6.769999980926514,6.800000190734863,7031900,2025-06-26,6.3961591720581055,0.004431377226874034,-0.001470584069234171,-0.005891074147274411
2025-06-30,10,0.6360622591804713,0.4138780167060683,0.8,0.1,0.1,2,2025-06-27,2025-06-30,2025-06-30,6.386753082275391,6.789999961853027,6.849999904632568,6.75,6.840000152587891,16658700,2025-06-30,6.386753082275391,-0.001470584069234171,-0.005891074147274411,0.004444507196986303
2025-07-01,12,0.4420514188629265,0.4920491231242915,0.6666666666666666,0.16666666666666666,0.16666666666666666,1,2025-07-01,2025-07-01,2025-07-01,6.349128246307373,6.75,6.789999961853027,6.730000019073486,6.78000020980835,9162500,2025-07-01,6.349128246307373,-0.005891074147274411,0.004444507196986303,0.0014749220630125848
2025-07-02,10,0.3172902434132993,0.6738799179090366,0.6,0.4,0.0,1,2025-07-02,2025-07-02,2025-07-02,6.377346992492676,6.78000020980835,6.809999942779541,6.71999979019165,6.739999771118164,14486700,2025-07-02,6.377346992492676,0.004444507196986303,0.0014749220630125848,-0.0029455744038072718
2025-07-03,14,-0.07200460378745834,0.756260747041847,0.42857142857142855,0.5714285714285714,0.0,1,2025-07-03,2025-07-03,2025-07-03,6.386753082275391,6.789999961853027,6.849999904632568,6.769999980926514,6.789999961853027,9315200,2025-07-03,6.386753082275391,0.0014749220630125848,-0.0029455744038072718,-0.002954201563977632
2025-07-04,11,-0.1716618291949007,0.6880813553553297,0.36363636363636365,0.6363636363636364,0.0,1,2025-07-04,2025-07-04,2025-07-04,6.367940425872803,6.769999980926514,6.820000171661377,6.75,6.800000190734863,17961900,2025-07-04,6.367940425872803,-0.0029455744038072718,-0.002954201563977632,-0.02074068310631394
2025-07-07,4,-0.5583515367470682,0.7472284236544853,0.25,0.75,0.0,1,2025-07-07,2025-07-07,2025-07-07,6.349128246307373,6.75,6.78000020980835,6.730000019073486,6.769999980926514,9146900,2025-07-07,6.349128246307373,-0.002954201563977632,-0.02074068310631394,-0.006051420044431599
2025-07-08,7,-0.6272993611970119,0.6863272446649121,0.14285714285714285,0.8571428571428571,0.0,1,2025-07-08,2025-07-08,2025-07-08,6.217442989349365,6.610000133514404,6.739999771118164,6.610000133514404,6.71999979019165,16122100,2025-07-08,6.217442989349365,-0.02074068310631394,-0.006051420044431599,0.019786853707544738
2025-07-09,7,-0.032172718351440754,0.5693190224202143,0.5714285714285714,0.42857142857142855,0.0,1,2025-07-09,2025-07-09,2025-07-09,6.179818630218506,6.570000171661377,6.699999809265137,6.53000020980835,6.599999904632568,16697100,2025-07-09,6.179818630218506,-0.006051420044431599,0.019786853707544738,-0.002985141933273039
2025-07-10,11,0.0021998836150900884,0.5954020436467726,0.36363636363636365,0.5454545454545454,0.09090909090909091,1,2025-07-10,2025-07-10,2025-07-10,6.302097797393799,6.699999809265137,6.699999809265137,6.579999923706055,6.579999923706055,16020800,2025-07-10,6.302097797393799,0.019786853707544738,-0.002985141933273039,0.0014970018981552702
2025-07-11,9,0.15417874935600498,0.5380432953407636,0.6666666666666666,0.3333333333333333,0.0,1,2025-07-11,2025-07-11,2025-07-11,6.283285140991211,6.679999828338623,6.769999980926514,6.579999923706055,6.699999809265137,15325000,2025-07-11,6.283285140991211,-0.002985141933273039,0.0014970018981552702,-0.008968509623217269
2025-07-14,9,-0.12444533780217171,0.6420212722465759,0.3333333333333333,0.5555555555555556,0.1111111111111111,1,2025-07-14,2025-07-14,2025-07-14,6.292691230773926,6.690000057220459,6.710000038146973,6.650000095367432,6.679999828338623,6542600,2025-07-14,6.292691230773926,0.0014970018981552702,-0.008968509623217269,-0.01960786412685067
2025-07-15,3,0.4691003954503686,0.5104661245428209,0.6666666666666666,0.3333333333333333,0.0,1,2025-07-15,2025-07-15,2025-07-15,6.236255168914795,6.630000114440918,6.690000057220459,6.630000114440918,6.679999828338623,8077100,2025-07-15,6.236255168914795,-0.008968509623217269,-0.01960786412685067,0.0
2025-07-16,9,-0.5298591234928204,0.6071041684395828,0.1111111111111111,0.8888888888888888,0.0,1,2025-07-16,2025-07-16,2025-07-16,6.113975524902344,6.5,6.630000114440918,6.480000019073486,6.619999885559082,18446900,2025-07-16,6.113975524902344,-0.01960786412685067,0.0,0.0015384572189409695
2025-07-17,9,0.420180689310655,0.769090690723237,0.7777777777777778,0.2222222222222222,0.0,1,2025-07-17,2025-07-17,2025-07-17,6.113975524902344,6.5,6.53000020980835,6.449999809265137,6.449999809265137,18023000,2025-07-17,6.113975524902344,0.0,0.0015384572189409695,0.0015360940040316517
2025-07-18,10,0.8478909804485738,0.14315143073085632,1.0,0.0,0.0,1,2025-07-18,2025-07-18,2025-07-18,6.123381614685059,6.510000228881836,6.590000152587891,6.489999771118164,6.519999980926514,19048700,2025-07-18,6.123381614685059,0.0015384572189409695,0.0015360940040316517,0.00460121411468184
2025-07-21,5,0.22543394067324699,0.5974078629932863,0.4,0.6,0.0,1,2025-07-21,2025-07-21,2025-07-21,6.132787704467773,6.519999980926514,6.539999961853027,6.5,6.519999980926514,9853900,2025-07-21,6.132787704467773,0.0015360940040316517,0.00460121411468184,0.018320637037108067
2025-07-22,9,0.20601381283874312,0.5693046468555851,0.6666666666666666,0.3333333333333333,0.0,1,2025-07-22,2025-07-22,2025-07-22,6.161005973815918,6.550000190734863,6.590000152587891,6.53000020980835,6.550000190734863,14928300,2025-07-22,6.161005973815918,0.00460121411468184,0.018320637037108067,0.004497738476169744
2025-07-23,9,0.39460741604367894,0.5115298594363666,0.7777777777777778,0.1111111111111111,0.1111111111111111,1,2025-07-23,2025-07-23,2025-07-23,6.273879528045654,6.670000076293945,6.690000057220459,6.559999942779541,6.559999942779541,7198100,2025-07-23,6.273879528045654,0.018320637037108067,0.004497738476169744,0.007462665675074698
2025-07-24,7,0.2269679202831218,0.5491862236148071,0.7142857142857143,0.2857142857142857,0.0,1,2025-07-24,2025-07-24,2025-07-24,6.302097797393799,6.699999809265137,6.71999979019165,6.659999847412109,6.679999828338623,12984600,2025-07-24,6.302097797393799,0.004497738476169744,0.007462665675074698,0.0
2025-07-25,14,-0.22772099310532212,0.7169987406167032,0.2857142857142857,0.7142857142857143,0.0,1,2025-07-25,2025-07-25,2025-07-25,6.349128246307373,6.75,6.760000228881836,6.679999828338623,6.699999809265137,11508600,2025-07-25,6.349128246307373,0.007462665675074698,0.0,-0.016296326114880078
2025-07-28,11,0.1069478400644254,0.7458146663524235,0.5454545454545454,0.36363636363636365,0.09090909090909091,1,2025-07-28,2025-07-28,2025-07-28,6.349128246307373,6.75,6.840000152587891,6.71999979019165,6.760000228881836,16766400,2025-07-28,6.349128246307373,0.0,-0.016296326114880078,-0.013554179613837092
2025-07-29,8,0.3692691928590648,0.6197337446647956,0.875,0.125,0.0,1,2025-07-29,2025-07-29,2025-07-29,6.245660781860352,6.639999866485596,6.75,6.639999866485596,6.730000019073486,13005300,2025-07-29,6.245660781860352,-0.016296326114880078,-0.013554179613837092,0.0
2025-07-30,12,-0.10034246591385458,0.793521288601368,0.3333333333333333,0.5,0.16666666666666666,1,2025-07-30,2025-07-30,2025-07-30,6.161005973815918,6.550000190734863,6.679999828338623,6.53000020980835,6.650000095367432,15642400,2025-07-30,6.161005973815918,-0.013554179613837092,0.0,0.03664127407421636
2025-07-31,15,0.2716877004131675,0.6993632949633324,0.6666666666666666,0.26666666666666666,0.06666666666666667,1,2025-07-31,2025-07-31,2025-07-31,6.161005973815918,6.550000190734863,6.579999923706055,6.53000020980835,6.550000190734863,24760700,2025-07-31,6.161005973815918,0.0,0.03664127407421636,-0.005891074147274411
2025-08-01,11,0.5405297352593731,0.3577140425667535,0.9090909090909091,0.09090909090909091,0.0,1,2025-08-01,2025-08-01,2025-08-01,6.386753082275391,6.789999961853027,6.800000190734863,6.570000171661377,6.570000171661377,16987600,2025-08-01,6.386753082275391,0.03664127407421636,-0.005891074147274411,0.0
2025-08-04,6,0.0016559123372038391,0.8895901962172271,0.5,0.5,0.0,1,2025-08-04,2025-08-04,2025-08-04,6.349128246307373,6.75,6.800000190734863,6.679999828338623,6.789999961853027,8724400,2025-08-04,6.349128246307373,-0.005891074147274411,0.0,0.008888939291196607
2025-08-05,8,0.19419741281308234,0.6236150961611121,0.625,0.25,0.125,1,2025-08-05,2025-08-05,2025-08-05,6.349128246307373,6.75,6.769999980926514,6.730000019073486,6.75,40537500,2025-08-05,6.349128246307373,0.0,0.008888939291196607,-0.004405273882110983
2025-08-06,8,0.3515265113674104,0.5192944363642809,0.625,0.375,0.0,1,2025-08-06,2025-08-06,2025-08-06,6.40556526184082,6.809999942779541,6.820000171661377,6.690000057220459,6.739999771118164,23516900,2025-08-06,6.40556526184082,0.008888939291196607,-0.004405273882110983,0.011799451274559614
2025-08-07,8,0.25519082864047965,0.5262059700431376,0.75,0.25,0.0,1,2025-08-07,2025-08-07,2025-08-07,6.377346992492676,6.78000020980835,6.809999942779541,6.730000019073486,6.809999942779541,24540200,2025-08-07,6.377346992492676,-0.004405273882110983,0.011799451274559614,0.011661773970363054
2025-08-08,8,0.39209721353836363,0.593261064416977,0.875,0.125,0.0,1,2025-08-08,2025-08-08,2025-08-08,6.452596187591553,6.860000133514404,6.869999885559082,6.769999980926514,6.789999961853027,22644300,2025-08-08,6.452596187591553,0.011799451274559614,0.011661773970363054,0.010086353550282423
2025-08-11,5,0.2319125071167946,0.5898654807765866,0.6,0.4,0.0,1,2025-08-11,2025-08-11,2025-08-11,6.5278449058532715,6.940000057220459,6.96999979019165,6.849999904632568,6.860000133514404,12408000,2025-08-11,6.5278449058532715,0.011661773970363054,0.010086353550282423,0.025677677494676754
2025-08-12,4,0.5987179991789162,0.26416097887372103,1.0,0.0,0.0,1,2025-08-12,2025-08-12,2025-08-12,6.593687057495117,7.010000228881836,7.03000020980835,6.940000057220459,6.940000057220459,18637600,2025-08-12,6.593687057495117,0.010086353550282423,0.025677677494676754,0.0013908166616536377
2025-08-13,7,-0.01729730303798404,0.5485027588901037,0.42857142857142855,0.5714285714285714,0.0,1,2025-08-13,2025-08-13,2025-08-13,6.762997627258301,7.190000057220459,7.25,7.010000228881836,7.010000228881836,24538200,2025-08-13,6.762997627258301,0.025677677494676754,0.0013908166616536377,0.006944424886430545
2025-08-14,13,-0.026251194568780743,0.7032156364047648,0.5384615384615384,0.46153846153846156,0.0,1,2025-08-14,2025-08-14,2025-08-14,6.772403717041016,7.199999809265137,7.289999961853027,7.139999866485596,7.179999828338623,30962800,2025-08-14,6.772403717041016,0.0013908166616536377,0.006944424886430545,0.01103445189593466
2025-08-15,15,0.24350407011806965,0.6843216537783902,0.6666666666666666,0.3333333333333333,0.0,1,2025-08-15,2025-08-15,2025-08-15,6.81943416595459,7.25,7.269999980926514,7.139999866485596,7.199999809265137,11771100,2025-08-15,6.81943416595459,0.006944424886430545,0.01103445189593466,0.008185585396921713
2025-08-18,10,0.5128918445901945,0.34510911423508767,0.9,0.0,0.1,1,2025-08-18,2025-08-18,2025-08-18,6.894682884216309,7.329999923706055,7.360000133514404,7.199999809265137,7.260000228881836,23695100,2025-08-18,6.894682884216309,0.01103445189593466,0.008185585396921713,-0.004059528501178744
2025-08-19,5,0.4345974814146757,0.45983482583030405,0.8,0.2,0.0,1,2025-08-19,2025-08-19,2025-08-19,6.951119899749756,7.389999866485596,7.409999847412109,7.28000020980835,7.329999923706055,13882100,2025-08-19,6.951119899749756,0.008185585396921713,-0.004059528501178744,0.012228226336869374
2025-08-20,9,-0.019490376839207253,0.7306579148324646,0.4444444444444444,0.5555555555555556,0.0,1,2025-08-20,2025-08-20,2025-08-20,6.922901630401611,7.360000133514404,7.389999866485596,7.340000152587891,7.389999866485596,18028500,2025-08-20,6.922901630401611,-0.004059528501178744,0.012228226336869374,0.0013422781343734869
2025-08-21,9,-0.10224888235744506,0.8120018876311706,0.4444444444444444,0.4444444444444444,0.1111111111111111,1,2025-08-21,2025-08-21,2025-08-21,7.007556438446045,7.449999809265137,7.46999979019165,7.360000133514404,7.360000133514404,32198900,2025-08-21,7.007556438446045,0.012228226336869374,0.0013422781343734869,0.00536191535575381
2025-08-22,9,0.47875139161220026,0.6597581092974476,0.7777777777777778,0.2222222222222222,0.0,1,2025-08-22,2025-08-22,2025-08-22,7.01696252822876,7.460000038146973,7.480000019073486,7.429999828338623,7.440000057220459,17389800,2025-08-22,7.01696252822876,0.0013422781343734869,0.00536191535575381,-0.013333296382767146
2025-08-25,7,0.16338137005056658,0.44126211908668117,0.42857142857142855,0.2857142857142857,0.2857142857142857,1,2025-08-25,2025-08-25,2025-08-25,7.054586887359619,7.5,7.510000228881836,7.449999809265137,7.480000019073486,26314200,2025-08-25,7.054586887359619,0.00536191535575381,-0.013333296382767146,0.008108085334522341
2025-08-26,8,-0.5923120023799129,0.3417331865350983,0.0,0.875,0.125,1,2025-08-26,2025-08-26,2025-08-26,6.960525989532471,7.400000095367432,7.5,7.300000190734863,7.5,38975200,2025-08-26,6.960525989532471,-0.013333296382767146,0.008108085334522341,-0.001340478838938508
2025-08-27,11,0.21121421731500467,0.7553606398793716,0.5454545454545454,0.45454545454545453,0.0,1,2025-08-27,2025-08-27,2025-08-27,7.01696252822876,7.460000038146973,7.46999979019165,7.349999904632568,7.400000095367432,10442600,2025-08-27,7.01696252822876,0.008108085334522341,-0.001340478838938508,-0.0026845562687470848
2025-08-28,11,0.3315855917436155,0.767255755392303,0.7272727272727273,0.2727272727272727,0.0,1,2025-08-28,2025-08-28,2025-08-28,7.007556438446045,7.449999809265137,7.5,7.400000095367432,7.440000057220459,17848700,2025-08-28,7.007556438446045,-0.001340478838938508,-0.0026845562687470848,-0.02557207030702302
2025-08-29,10,0.05603033187799159,0.7199577991170595,0.4,0.6,0.0,1,2025-08-29,2025-08-29,2025-08-29,6.988744258880615,7.429999828338623,7.46999979019165,7.389999866485596,7.460000038146973,33133100,2025-08-29,6.988744258880615,-0.0026845562687470848,-0.02557207030702302,-0.0013811416779684338
2025-09-02,14,-0.13436362762669365,0.7630361658538729,0.42857142857142855,0.5714285714285714,0.0,3,2025-08-30,2025-09-02,2025-09-02,6.810027599334717,7.239999771118164,7.349999904632568,7.070000171661377,7.349999904632568,55731100,2025-09-02,6.810027599334717,-0.02557207030702302,-0.0013811416779684338,0.009681924013412502
2025-09-03,5,0.4777867246419191,0.33882451026449867,1.0,0.0,0.0,1,2025-09-03,2025-09-03,2025-09-03,6.80062198638916,7.230000019073486,7.28000020980835,7.179999828338623,7.230000019073486,16151700,2025-09-03,6.80062198638916,-0.0013811416779684338,0.009681924013412502,-0.004109577340199677
2025-09-04,5,0.09909944594837727,0.5878027327740706,0.6,0.4,0.0,1,2025-09-04,2025-09-04,2025-09-04,6.866465091705322,7.300000190734863,7.320000171661377,7.210000038146973,7.230000019073486,18489000,2025-09-04,6.866465091705322,0.009681924013412502,-0.004109577340199677,-0.015130770206465582
2025-09-08,9,0.16660520248115063,0.6511494974132433,0.5555555555555556,0.4444444444444444,0.0,1,2025-09-08,2025-09-08,2025-09-08,6.838246822357178,7.269999980926514,7.300000190734863,7.21999979019165,7.269999980926514,13755600,2025-09-08,6.838246822357178,-0.004109577340199677,-0.015130770206465582,0.006983291742941322
2025-09-09,5,0.5207284392789007,0.30061909677925003,0.6,0.0,0.4,1,2025-09-09,2025-09-09,2025-09-09,6.734778881072998,7.159999847412109,7.28000020980835,7.130000114440918,7.28000020980835,24252800,2025-09-09,6.734778881072998,-0.015130770206465582,0.006983291742941322,0.004160805642557941
2025-09-10,9,0.32579541444364524,0.566520764968091,0.7777777777777778,0.1111111111111111,0.1111111111111111,1,2025-09-10,2025-09-10,2025-09-10,6.7818098068237305,7.210000038146973,7.21999979019165,7.150000095367432,7.159999847412109,15698000,2025-09-10,6.7818098068237305,0.006983291742941322,0.004160805642557941,0.01795582209158697
2025-09-11,7,-0.04783257842063903,0.3902804586813882,0.5714285714285714,0.42857142857142855,0.0,1,2025-09-11,2025-09-11,2025-09-11,6.810027599334717,7.239999771118164,7.25,7.179999828338623,7.210000038146973,15424100,2025-09-11,6.810027599334717,0.004160805642557941,0.01795582209158697,0.020352863117895303
2025-09-12,4,0.1132727861404419,0.31693680465935525,0.5,0.5,0.0,1,2025-09-12,2025-09-12,2025-09-12,6.932307243347168,7.369999885559082,7.369999885559082,7.239999771118164,7.25,8974200,2025-09-12,6.932307243347168,0.01795582209158697,0.020352863117895303,-0.0003413780536786204
2025-09-17,9,0.3307823778854477,0.2198759373907418,0.8888888888888888,0.0,0.1111111111111111,3,2025-09-14,2025-09-17,2025-09-17,7.073399543762207,7.519999980926514,7.550000190734863,7.449999809265137,7.5,30594200,2025-09-17,7.073399543762207,0.020352863117895303,-0.0003413780536786204,-0.012295155483234455
2025-09-18,7,-0.16700030830023543,0.658641527175834,0.2857142857142857,0.7142857142857143,0.0,1,2025-09-18,2025-09-18,2025-09-18,7.070984840393066,7.320000171661377,7.389999866485596,7.28000020980835,7.349999904632568,20760900,2025-09-18,7.070984840393066,-0.0003413780536786204,-0.012295155483234455,0.011065020797309533
2025-09-19,11,0.13663157486272134,0.6813116331053244,0.5454545454545454,0.45454545454545453,0.0,1,2025-09-19,2025-09-19,2025-09-19,6.98404598236084,7.230000019073486,7.329999923706055,7.230000019073486,7.320000171661377,28169200,2025-09-19,6.98404598236084,-0.012295155483234455,0.011065020797309533,-0.0027359646250497693
2025-09-22,6,0.7848138599656522,0.2022907084955228,1.0,0.0,0.0,1,2025-09-22,2025-09-22,2025-09-22,7.061324596405029,7.309999942779541,7.320000171661377,7.199999809265137,7.230000019073486,5781400,2025-09-22,7.061324596405029,0.011065020797309533,-0.0027359646250497693,0.0
2025-09-23,8,0.3994665207574144,0.47025531475233545,0.625,0.25,0.125,1,2025-09-23,2025-09-23,2025-09-23,7.0420050621032715,7.289999961853027,7.320000171661377,7.260000228881836,7.309999942779541,14964600,2025-09-23,7.0420050621032715,-0.0027359646250497693,0.0,-0.006858744372604475
2025-09-24,9,-0.05618416771499649,0.7200093554470617,0.5555555555555556,0.4444444444444444,0.0,1,2025-09-24,2025-09-24,2025-09-24,7.0420050621032715,7.289999961853027,7.289999961853027,7.230000019073486,7.28000020980835,12896300,2025-09-24,7.0420050621032715,0.0,-0.006858744372604475,0.001381208689192226
2025-09-25,11,0.08067064778879288,0.5529842355923487,0.45454545454545453,0.45454545454545453,0.09090909090909091,1,2025-09-25,2025-09-25,2025-09-25,6.993705749511719,7.239999771118164,7.289999961853027,7.230000019073486,7.289999961853027,14802500,2025-09-25,6.993705749511719,-0.006858744372604475,0.001381208689192226,0.016551711084036747
2025-09-26,13,0.3585048999923926,0.4870419673522127,0.7692307692307693,0.23076923076923078,0.0,1,2025-09-26,2025-09-26,2025-09-26,7.003365516662598,7.25,7.28000020980835,7.199999809265137,7.239999771118164,8029900,2025-09-26,7.003365516662598,0.001381208689192226,0.016551711084036747,-0.004070536406733272
2025-09-29,6,-0.10795208625495432,0.515771791762765,0.3333333333333333,0.5,0.16666666666666666,2,2025-09-27,2025-09-29,2025-09-29,7.119283199310303,7.369999885559082,7.369999885559082,7.25,7.260000228881836,10254000,2025-09-29,7.119283199310303,0.016551711084036747,-0.004070536406733272,0.01498636969974343
2025-09-30,2,0.5579573325812817,0.22843985439102535,1.0,0.0,0.0,1,2025-09-30,2025-09-30,2025-09-30,7.090303897857666,7.340000152587891,7.360000133514404,7.309999942779541,7.349999904632568,21167500,2025-09-30,7.090303897857666,-0.004070536406733272,0.01498636969974343,0.020134195725444837
2025-10-01,9,-0.010195922520425596,0.6483385095183791,0.5555555555555556,0.3333333333333333,0.1111111111111111,1,2025-10-01,2025-10-01,2025-10-01,7.196561813354492,7.449999809265137,7.46999979019165,7.340000152587891,7.349999904632568,13253600,2025-10-01,7.196561813354492,0.01498636969974343,0.020134195725444837,0.010526329463427686
2025-10-02,4,0.40104816737584775,0.790417192171106,0.75,0.25,0.0,1,2025-10-02,2025-10-02,2025-10-02,7.341458797454834,7.599999904632568,7.619999885559082,7.420000076293945,7.449999809265137,22272600,2025-10-02,7.341458797454834,0.020134195725444837,0.010526329463427686,-0.0013020126981106994
2025-10-03,6,-0.19469891240199408,0.5646287131558477,0.5,0.5,0.0,1,2025-10-03,2025-10-03,2025-10-03,7.418737411499023,7.679999828338623,7.679999828338623,7.53000020980835,7.599999904632568,11666900,2025-10-03,7.418737411499023,0.010526329463427686,-0.0013020126981106994,0.0
2025-10-06,10,0.21394145907834172,0.6549752624206366,0.6,0.4,0.0,1,2025-10-06,2025-10-06,2025-10-06,7.409078121185303,7.670000076293945,7.690000057220459,7.619999885559082,7.679999828338623,7918600,2025-10-06,7.409078121185303,-0.0013020126981106994,0.0,-0.0013038388622755859
2025-10-07,4,-0.42556388885714114,0.896205255021622,0.25,0.75,0.0,1,2025-10-07,2025-10-07,2025-10-07,7.409078121185303,7.670000076293945,7.679999828338623,7.579999923706055,7.650000095367432,7154300,2025-10-07,7.409078121185303,0.0,-0.0013038388622755859,-0.011749289714509281
2025-10-08,11,-0.06699155359952287,0.7213189266093485,0.36363636363636365,0.6363636363636364,0.0,1,2025-10-08,2025-10-08,2025-10-08,7.399417877197266,7.659999847412109,7.670000076293945,7.590000152587891,7.670000076293945,9284500,2025-10-08,7.399417877197266,-0.0013038388622755859,-0.011749289714509281,-0.009247047122790897
2025-10-09,11,0.7844377945346589,0.20928787045994723,1.0,0.0,0.0,1,2025-10-09,2025-10-09,2025-10-09,7.3124799728393555,7.570000171661377,7.659999847412109,7.550000190734863,7.659999847412109,16613000,2025-10-09,7.3124799728393555,-0.011749289714509281,-0.009247047122790897,-0.009333418895816181
2025-10-10,9,0.31018278827994233,0.6790683376367977,0.6666666666666666,0.3333333333333333,0.0,1,2025-10-10,2025-10-10,2025-10-10,7.244861125946045,7.5,7.570000171661377,7.46999979019165,7.570000171661377,12222500,2025-10-10,7.244861125946045,-0.009247047122790897,-0.009333418895816181,-0.010767107941546006
2025-10-13,5,-0.12478204816579819,0.5944995824190724,0.2,0.6,0.2,1,2025-10-13,2025-10-13,2025-10-13,7.177241802215576,7.429999828338623,7.460000038146973,7.349999904632568,7.389999866485596,15518000,2025-10-13,7.177241802215576,-0.009333418895816181,-0.010767107941546006,-0.0013605375473237924
2025-10-14,5,0.08850054144859314,0.7499353954319427,0.6,0.4,0.0,1,2025-10-14,2025-10-14,2025-10-14,7.099963665008545,7.349999904632568,7.449999809265137,7.300000190734863,7.420000076293945,22132200,2025-10-14,7.099963665008545,-0.010767107941546006,-0.0013605375473237924,0.0
2025-10-15,8,0.43288059753831476,0.5760398579660301,0.625,0.25,0.125,1,2025-10-15,2025-10-15,2025-10-15,7.090303897857666,7.340000152587891,7.400000095367432,7.320000171661377,7.349999904632568,18067100,2025-10-15,7.090303897857666,-0.0013605375473237924,0.0,0.0
2025-10-16,9,0.4759832510414223,0.6542843401424758,0.7777777777777778,0.2222222222222222,0.0,1,2025-10-16,2025-10-16,2025-10-16,7.090303897857666,7.340000152587891,7.380000114440918,7.320000171661377,7.329999923706055,8139700,2025-10-16,7.090303897857666,0.0,0.0,0.001362391131612517
2025-10-17,10,0.24087877690326426,0.7141708164252771,0.6,0.3,0.1,1,2025-10-17,2025-10-17,2025-10-17,7.090303897857666,7.340000152587891,7.349999904632568,7.300000190734863,7.340000152587891,8097200,2025-10-17,7.090303897857666,0.0,0.001362391131612517,-0.020408197530870864
2025-10-21,4,0.27814807626418775,0.45602658500697674,0.75,0.25,0.0,1,2025-10-21,2025-10-21,2025-10-21,7.099963665008545,7.349999904632568,7.349999904632568,7.309999942779541,7.340000152587891,6717400,2025-10-21,7.099963665008545,0.001362391131612517,-0.020408197530870864,0.018055604785219392
2025-10-22,15,-0.010511330654844641,0.6595265971045667,0.4,0.4666666666666667,0.13333333333333333,1,2025-10-22,2025-10-22,2025-10-22,6.955066204071045,7.199999809265137,7.360000133514404,7.199999809265137,7.349999904632568,6326400,2025-10-22,6.955066204071045,-0.020408197530870864,0.018055604785219392,0.005456999093620407
2025-10-23,14,0.1842297708249784,0.5600724320966178,0.5714285714285714,0.42857142857142855,0.0,1,2025-10-23,2025-10-23,2025-10-23,7.080644130706787,7.329999923706055,7.349999904632568,7.210000038146973,7.21999979019165,11247500,2025-10-23,7.080644130706787,0.018055604785219392,0.005456999093620407,0.01085483072954263
2025-10-24,7,0.09135203572389272,0.8436650939411598,0.5714285714285714,0.42857142857142855,0.0,1,2025-10-24,2025-10-24,2025-10-24,7.119283199310303,7.369999885559082,7.369999885559082,7.300000190734863,7.329999923706055,11775100,2025-10-24,7.119283199310303,0.005456999093620407,0.01085483072954263,-0.008053718045592073
2025-10-27,5,0.8922126026824116,0.07704493796511383,1.0,0.0,0.0,2,2025-10-26,2025-10-27,2025-10-27,7.196561813354492,7.449999809265137,7.5,7.400000095367432,7.400000095367432,11463500,2025-10-27,7.196561813354492,0.01085483072954263,-0.008053718045592073,-0.001353106577599572
2025-10-28,6,0.11902492151906092,0.5960427628367663,0.5,0.5,0.0,1,2025-10-28,2025-10-28,2025-10-28,7.1386027336120605,7.389999866485596,7.46999979019165,7.380000114440918,7.449999809265137,15992000,2025-10-28,7.1386027336120605,-0.008053718045592073,-0.001353106577599572,-0.009485114790309668
2025-10-29,9,0.20966476740108597,0.5939390620691214,0.5555555555555556,0.3333333333333333,0.1111111111111111,1,2025-10-29,2025-10-29,2025-10-29,7.12894344329834,7.380000114440918,7.440000057220459,7.369999885559082,7.389999866485596,5128400,2025-10-29,7.12894344329834,-0.001353106577599572,-0.009485114790309668,-0.0013679823125248847
2025-10-30,9,0.6287045081973904,0.5097798517334512,0.8888888888888888,0.1111111111111111,0.0,1,2025-10-30,2025-10-30,2025-10-30,7.061324596405029,7.309999942779541,7.400000095367432,7.309999942779541,7.380000114440918,11351500,2025-10-30,7.061324596405029,-0.009485114790309668,-0.0013679823125248847,0.016438342640281878
2025-10-31,13,0.08637019687403853,0.7992955453276825,0.46153846153846156,0.5384615384615384,0.0,1,2025-10-31,2025-10-31,2025-10-31,7.05166482925415,7.300000190734863,7.369999885559082,7.300000190734863,7.309999942779541,12221800,2025-10-31,7.05166482925415,-0.0013679823125248847,0.016438342640281878,0.017520195908461655
2025-11-03,11,0.45224762604233215,0.6131795429853849,0.8181818181818182,0.18181818181818182,0.0,1,2025-11-03,2025-11-03,2025-11-03,7.1675825119018555,7.420000076293945,7.449999809265137,7.300000190734863,7.300000190734863,9279300,2025-11-03,7.1675825119018555,0.016438342640281878,0.017520195908461655,-0.006622484082075886
2025-11-04,5,0.4798388881608844,0.6387609716392981,0.6,0.4,0.0,1,2025-11-04,2025-11-04,2025-11-04,7.2931599617004395,7.550000190734863,7.570000171661377,7.400000095367432,7.420000076293945,10563900,2025-11-04,7.2931599617004395,0.017520195908461655,-0.006622484082075886,0.0
2025-11-05,13,0.13634854530055934,0.789473886573811,0.5384615384615384,0.46153846153846156,0.0,1,2025-11-05,2025-11-05,2025-11-05,7.244861125946045,7.5,7.519999980926514,7.460000038146973,7.519999980926514,11934600,2025-11-05,7.244861125946045,-0.006622484082075886,0.0,0.004000046072106134
2025-11-06,9,0.2941459860756166,0.6053961918184781,0.7777777777777778,0.2222222222222222,0.0,1,2025-11-06,2025-11-06,2025-11-06,7.244861125946045,7.5,7.519999980926514,7.480000019073486,7.489999771118164,10760900,2025-11-06,7.244861125946045,0.0,0.004000046072106134,0.006640073159459359
2025-11-07,11,0.2233523310331459,0.6283031812557778,0.7272727272727273,0.2727272727272727,0.0,1,2025-11-07,2025-11-07,2025-11-07,7.27384090423584,7.53000020980835,7.539999961853027,7.460000038146973,7.480000019073486,11620200,2025-11-07,7.27384090423584,0.004000046072106134,0.006640073159459359,0.009234847912558575
2025-11-10,5,0.6554293957538903,0.5636478271579043,0.8,0.0,0.2,1,2025-11-10,2025-11-10,2025-11-10,7.322139739990234,7.579999923706055,7.639999866485596,7.519999980926514,7.519999980926514,8299100,2025-11-10,7.322139739990234,0.006640073159459359,0.009234847912558575,-0.007843162812558702
2025-11-11,8,0.46140993878361775,0.5714062176305016,0.625,0.375,0.0,1,2025-11-11,2025-11-11,2025-11-11,7.389758586883545,7.650000095367432,7.710000038146973,7.579999923706055,7.579999923706055,14729600,2025-11-11,7.389758586883545,0.009234847912558575,-0.007843162812558702,-0.002635033088799088
2025-11-12,6,-0.29763505755302805,0.7375901674218944,0.3333333333333333,0.6666666666666666,0.0,1,2025-11-12,2025-11-12,2025-11-12,7.331799507141113,7.590000152587891,7.679999828338623,7.519999980926514,7.650000095367432,16022600,2025-11-12,7.331799507141113,-0.007843162812558702,-0.002635033088799088,-0.005283989665206934
2025-11-13,11,0.6317724140614949,0.2347534954190911,1.0,0.0,0.0,1,2025-11-13,2025-11-13,2025-11-13,7.3124799728393555,7.570000171661377,7.619999885559082,7.570000171661377,7.610000133514404,9483300,2025-11-13,7.3124799728393555,-0.002635033088799088,-0.005283989665206934,0.010624182610206256
2025-11-14,9,0.017619721824303256,0.8339459516842891,0.4444444444444444,0.5555555555555556,0.0,1,2025-11-14,2025-11-14,2025-11-14,7.27384090423584,7.53000020980835,7.619999885559082,7.53000020980835,7.570000171661377,12516500,2025-11-14,7.27384090423584,-0.005283989665206934,0.010624182610206256,-0.021025056733358527
2025-11-17,10,0.5479005535133183,0.42909615485824826,0.9,0.1,0.0,2,2025-11-15,2025-11-17,2025-11-17,7.351119518280029,7.610000133514404,7.610000133514404,7.53000020980835,7.539999961853027,10951800,2025-11-17,7.351119518280029,0.010624182610206256,-0.021025056733358527,0.016107436091184146
2025-11-18,4,0.2205826926510781,0.843248391152887,0.5,0.5,0.0,1,2025-11-18,2025-11-18,2025-11-18,7.196561813354492,7.449999809265137,7.630000114440918,7.449999809265137,7.610000133514404,10461100,2025-11-18,7.196561813354492,-0.021025056733358527,0.016107436091184146,-0.005283989665206934
2025-11-19,10,0.5886030500289053,0.2522085949438036,1.0,0.0,0.0,1,2025-11-19,2025-11-19,2025-11-19,7.3124799728393555,7.570000171661377,7.570000171661377,7.460000038146973,7.480000019073486,11656500,2025-11-19,7.3124799728393555,0.016107436091184146,-0.005283989665206934,-0.0092962335333856
2025-11-20,10,0.23395618996582926,0.6073850751483987,0.7,0.3,0.0,1,2025-11-20,2025-11-20,2025-11-20,7.27384090423584,7.53000020980835,7.599999904632568,7.519999980926514,7.579999923706055,10465500,2025-11-20,7.27384090423584,-0.005283989665206934,-0.0092962335333856,0.0013404760099260393
2025-11-21,6,-0.49963093199767167,0.7423878663658017,0.16666666666666666,0.8333333333333334,0.0,1,2025-11-21,2025-11-21,2025-11-21,7.206221580505371,7.460000038146973,7.539999961853027,7.460000038146973,7.519999980926514,8280700,2025-11-21,7.206221580505371,-0.0092962335333856,0.0013404760099260393,0.0
2025-11-24,5,0.7317099582403899,0.28670870403511756,1.0,0.0,0.0,1,2025-11-24,2025-11-24,2025-11-24,7.21588134765625,7.46999979019165,7.539999961853027,7.420000076293945,7.46999979019165,24312500,2025-11-24,7.21588134765625,0.0013404760099260393,0.0,0.0174029260943116
2025-11-25,7,0.5977514179290405,0.653136646025078,0.8571428571428571,0.14285714285714285,0.0,1,2025-11-25,2025-11-25,2025-11-25,7.21588134765625,7.46999979019165,7.53000020980835,7.449999809265137,7.480000019073486,4803900,2025-11-25,7.21588134765625,0.0,0.0174029260943116,-0.01578939676821911
2025-11-26,8,0.7693802388384938,0.23268723262856936,1.0,0.0,0.0,1,2025-11-26,2025-11-26,2025-11-26,7.341458797454834,7.599999904632568,7.599999904632568,7.460000038146973,7.5,7312300,2025-11-26,7.341458797454834,0.0174029260943116,-0.01578939676821911,0.02272729222528591
2025-11-27,14,0.2060800744054307,0.8282264507569452,0.5714285714285714,0.42857142857142855,0.0,1,2025-11-27,2025-11-27,2025-11-27,7.225541591644287,7.480000019073486,7.599999904632568,7.480000019073486,7.599999904632568,8862200,2025-11-27,7.225541591644287,-0.01578939676821911,0.02272729222528591,0.03921562048252203
2025-11-28,14,-0.26763947346314254,0.7802641011693039,0.2857142857142857,0.6428571428571429,0.07142857142857142,1,2025-11-28,2025-11-28,2025-11-28,7.389758586883545,7.650000095367432,7.679999828338623,7.489999771118164,7.5,21372700,2025-11-28,7.389758586883545,0.02272729222528591,0.03921562048252203,0.006289339417252515
2025-12-01,15,0.25789253823459146,0.6405872066029454,0.6666666666666666,0.26666666666666666,0.06666666666666667,2,2025-11-29,2025-12-01,2025-12-01,7.6795525550842285,7.949999809265137,8.0,7.659999847412109,7.670000076293945,22154900,2025-12-01,7.6795525550842285,0.03921562048252203,0.006289339417252515,-0.006250030851856825
2025-12-02,8,0.5747620186884888,0.6014051090477118,0.875,0.125,0.0,1,2025-12-02,2025-12-02,2025-12-02,7.727851867675781,8.0,8.050000190734863,7.900000095367432,7.949999809265137,12175100,2025-12-02,7.727851867675781,0.006289339417252515,-0.006250030851856825,-0.0037735663952779275
2025-12-03,11,0.23140977022492074,0.6683522465413336,0.6363636363636364,0.36363636363636365,0.0,1,2025-12-03,2025-12-03,2025-12-03,7.6795525550842285,7.949999809265137,8.029999732971191,7.909999847412109,8.0,10666700,2025-12-03,7.6795525550842285,-0.006250030851856825,-0.0037735663952779275,-0.0012626200456670178
2025-12-04,8,0.36621780288987793,0.651545484179931,0.625,0.25,0.125,1,2025-12-04,2025-12-04,2025-12-04,7.650573253631592,7.920000076293945,7.980000019073486,7.880000114440918,7.940000057220459,6232200,2025-12-04,7.650573253631592,-0.0037735663952779275,-0.0012626200456670178,-0.0012642162704721294
2025-12-05,6,-0.17571141244843602,0.5877501255153172,0.5,0.5,0.0,1,2025-12-05,2025-12-05,2025-12-05,7.640913486480713,7.909999847412109,7.96999979019165,7.809999942779541,7.929999828338623,10852000,2025-12-05,7.640913486480713,-0.0012626200456670178,-0.0012642162704721294,-0.006329145166437233
2025-12-08,4,-0.6660720966756345,0.29259903214153216,0.0,1.0,0.0,1,2025-12-08,2025-12-08,2025-12-08,7.631253719329834,7.900000095367432,7.929999828338623,7.809999942779541,7.929999828338623,8047100,2025-12-08,7.631253719329834,-0.0012642162704721294,-0.006329145166437233,-0.0038216373062833764
2025-12-09,5,0.37853668555617337,0.4211933144135139,0.8,0.2,0.0,1,2025-12-09,2025-12-09,2025-12-09,7.582954406738281,7.849999904632568,7.949999809265137,7.809999942779541,7.900000095367432,8699300,2025-12-09,7.582954406738281,-0.006329145166437233,-0.0038216373062833764,0.016624022193389987
2025-12-10,6,-0.2690959970156352,0.3526559637828846,0.3333333333333333,0.6666666666666666,0.0,1,2025-12-10,2025-12-10,2025-12-10,7.5539751052856445,7.820000171661377,7.849999904632568,7.800000190734863,7.840000152587891,6257100,2025-12-10,7.5539751052856445,-0.0038216373062833764,0.016624022193389987,0.002538126066077284
2025-12-11,7,0.23321562579699928,0.5619437923812406,0.8571428571428571,0.14285714285714285,0.0,1,2025-12-11,2025-12-11,2025-12-11,7.6795525550842285,7.949999809265137,7.960000038146973,7.809999942779541,7.820000171661377,13127200,2025-12-11,7.6795525550842285,0.016624022193389987,0.002538126066077284,0.0037973956008849896
2025-12-12,11,0.5369665091857314,0.5515392858951672,0.8181818181818182,0.09090909090909091,0.09090909090909091,1,2025-12-12,2025-12-12,2025-12-12,7.699044227600098,7.900000095367432,7.96999979019165,7.829999923706055,7.880000114440918,8357900,2025-12-12,7.699044227600098,0.002538126066077284,0.0037973956008849896,0.0063052144334996285
2025-12-15,9,0.5094838655139837,0.4718835463109122,0.7777777777777778,0.2222222222222222,0.0,1,2025-12-15,2025-12-15,2025-12-15,7.728280544281006,7.929999828338623,7.929999828338623,7.860000133514404,7.900000095367432,8213100,2025-12-15,7.728280544281006,0.0037973956008849896,0.0063052144334996285,-0.007518775786240828
2025-12-16,5,0.32178091648966073,0.6328807220581926,0.6,0.4,0.0,1,2025-12-16,2025-12-16,2025-12-16,7.777009010314941,7.980000019073486,7.980000019073486,7.860000133514404,7.949999809265137,6546300,2025-12-16,7.777009010314941,0.0063052144334996285,-0.007518775786240828,-0.005050490697995902
2025-12-17,12,0.05726282960191989,0.6788333797291897,0.5,0.5,0.0,1,2025-12-17,2025-12-17,2025-12-17,7.718535423278809,7.920000076293945,7.960000038146973,7.880000114440918,7.949999809265137,19521900,2025-12-17,7.718535423278809,-0.007518775786240828,-0.005050490697995902,0.034263861525384076
2025-12-18,8,0.16984167080954654,0.7871892624918522,0.5,0.5,0.0,1,2025-12-18,2025-12-18,2025-12-18,7.679553031921387,7.880000114440918,7.920000076293945,7.849999904632568,7.920000076293945,14881800,2025-12-18,7.679553031921387,-0.005050490697995902,0.034263861525384076,0.0
2025-12-19,11,0.5350416517096825,0.6523264349721044,0.8181818181818182,0.18181818181818182,0.0,1,2025-12-19,2025-12-19,2025-12-19,7.942684173583984,8.149999618530273,8.170000076293945,7.869999885559082,7.869999885559082,22905300,2025-12-19,7.942684173583984,0.034263861525384076,0.0,0.0036810914992218002
2025-12-22,5,0.18751795543357727,0.7396557597287824,0.6,0.4,0.0,2,2025-12-20,2025-12-22,2025-12-22,7.942684173583984,8.149999618530273,8.15999984741211,8.079999923706055,8.140000343322754,8212600,2025-12-22,7.942684173583984,0.0,0.0036810914992218002,-0.008557552272559277
2025-12-23,3,0.7161438602488488,0.20577269230230472,1.0,0.0,0.0,1,2025-12-23,2025-12-23,2025-12-23,7.971921920776367,8.180000305175781,8.199999809265137,8.119999885559082,8.140000343322754,8046700,2025-12-23,7.971921920776367,0.0036810914992218002,-0.008557552272559277,0.004932168802861847
2025-12-24,6,0.11649970275660355,0.5661335181245472,0.6666666666666666,0.3333333333333333,0.0,1,2025-12-24,2025-12-24,2025-12-24,7.9037017822265625,8.109999656677246,8.180000305175781,8.109999656677246,8.180000305175781,7753200,2025-12-24,7.9037017822265625,-0.008557552272559277,0.004932168802861847,0.009815923812524385
2025-12-26,8,-0.1823420758883003,0.8055074269098951,0.5,0.5,0.0,2,2025-12-25,2025-12-26,2025-12-26,7.942684173583984,8.149999618530273,8.199999809265137,8.100000381469727,8.109999656677246,6547300,2025-12-26,7.942684173583984,0.004932168802861847,0.009815923812524385,0.0
2025-12-29,9,0.2889891115741598,0.7024377998715944,0.7777777777777778,0.2222222222222222,0.0,1,2025-12-29,2025-12-29,2025-12-29,8.020648956298828,8.229999542236328,8.229999542236328,8.100000381469727,8.149999618530273,12274300,2025-12-29,8.020648956298828,0.009815923812524385,0.0,0.002430245913919382
2025-12-30,7,-0.2909448029739516,0.7237620197074639,0.42857142857142855,0.5714285714285714,0.0,1,2025-12-30,2025-12-30,2025-12-30,8.020648956298828,8.229999542236328,8.229999542236328,8.149999618530273,8.199999809265137,14193400,2025-12-30,8.020648956298828,0.0,0.002430245913919382,
2025-12-31,10,-0.1989877876359969,0.7303314624416753,0.4,0.6,0.0,1,2025-12-31,2025-12-31,2025-12-31,8.040141105651855,8.25,8.25,8.119999885559082,8.229999542236328,14888600,2025-12-31,8.040141105651855,0.002430245913919382,,
