market_date,article_count,sentiment_score_mean,sentiment_score_std,positive_ratio,negative_ratio,neutral_ratio,source_day_count,first_calendar_date,last_calendar_date,Date,Adj Close 1155.KL,Close 1155.KL,High 1155.KL,Low 1155.KL,Open 1155.KL,Volume 1155.KL,date,close,return_tplus0_1d,return_tplus1_1d,return_tplus2_1d,open,high,low,volume,return_1d,log_return_1d,open_close_pct,high_low_pct,volume_log1p,volume_change_1d,sma_5_gap,sma_10_gap,ema_5_gap,ema_10_gap,volatility_5,volatility_10,rsi_14,macd,macd_signal,macd_hist,article_count_log1p,current_close,target_date,target
2023-01-03,6,-0.4828369034609447,0.703605290919044,0.1666666666666666,0.8333333333333334,0.0,2,2023-01-02,2023-01-03,2023-01-03,7.017922401428223,8.710000038146973,8.720000267028809,8.640000343322754,8.670000076293945,2945000,2023-01-03,7.017922401428223,,0.0,0.008036541159764,8.670000076293945,8.720000267028809,8.640000343322754,2945000,,,-0.1905510565545364,0.011399374220748557,14.89561971462634,,,,0.0,0.0,,,50.0,0.0,0.0,0.0,1.9459101490553132,7.017922401428223,2023-01-04,0.0
2023-01-04,6,-0.4470559529339273,0.4304593256516743,0.1666666666666666,0.8333333333333334,0.0,1,2023-01-04,2023-01-04,2023-01-04,7.017922401428223,8.710000038146973,8.729999542236328,8.670000076293945,8.710000038146973,5769800,2023-01-04,7.017922401428223,0.0,0.008036541159764,-0.0011387894886798,8.710000038146973,8.729999542236328,8.670000076293945,5769800,0.0,0.0,-0.19426838453593562,0.008549462719931511,15.568148149154696,0.9591850594227505,,,0.0,0.0,,,50.0,0.0,0.0,0.0,1.9459101490553132,7.017922401428223,2023-01-05,0.008036541159764043
2023-01-05,11,0.506305898793719,0.4137060081573951,0.9090909090909092,0.0909090909090909,0.0,1,2023-01-05,2023-01-05,2023-01-05,7.07432222366333,8.779999732971191,8.779999732971191,8.710000038146973,8.720000267028809,4995300,2023-01-05,7.07432222366333,0.008036541159764,-0.0011387894886798,0.0034208032723319,8.720000267028809,8.779999732971191,8.710000038146973,4995300,0.008036541159764043,0.008004420142679436,-0.18872454047827858,0.0098948977175612,15.424008228509475,-0.13423342230233282,,,0.00534338000871859,0.006565758042578862,,,50.0,0.004499131118470778,0.0008998262236941557,0.003599304894776623,2.4849066497880004,7.07432222366333,2023-01-06,-0.0011387894886798478
2023-01-06,7,-0.5677906471703734,0.454455124452517,0.1428571428571428,0.8571428571428571,0.0,1,2023-01-06,2023-01-06,2023-01-06,7.066266059875488,8.770000457763672,8.789999961853027,8.729999542236328,8.779999732971191,2335800,2023-01-06,7.066266059875488,-0.0011387894886798,0.0034208032723319,-0.0011364028404825,8.779999732971191,8.789999961853027,8.729999542236328,2335800,-0.0011387894886798478,-0.0011394384021270465,-0.19518607348701683,0.008491106775245944,14.663865430945357,-0.5324004564290433,,,0.002795091953687656,0.004429764517841717,,,50.0,0.007330162306635302,0.002185893440282385,0.005144268866352917,2.0794415416798357,7.066266059875488,2023-01-09,0.0034208032723319626
2023-01-09,6,0.1373437281387548,0.8485288252155694,0.5,0.3333333333333333,0.1666666666666666,1,2023-01-09,2023-01-09,2023-01-09,7.090438365936279,8.800000190734863,8.819999694824219,8.770000457763672,8.789999961853027,8902300,2023-01-09,7.090438365936279,0.0034208032723319,-0.0011364028404825,0.0045507828845265,8.789999961853027,8.819999694824219,8.770000457763672,8902300,0.0034208032723319626,0.0034149656339714785,-0.1933517182357828,0.007051642575549639,16.001820340612678,2.811242400890487,0.005254800602325638,,0.004141709778869851,0.0064263994324009754,,,50.0,0.011392947199002634,0.004027304192026435,0.007365643006976199,1.9459101490553132,7.090438365936279,2023-01-10,-0.0011364028404825532
2023-01-10,11,0.1647297219711948,0.7430447151782039,0.5454545454545454,0.3636363636363636,0.0909090909090909,1,2023-01-10,2023-01-10,2023-01-10,7.082380771636963,8.789999961853027,8.829999923706055,8.760000228881836,8.800000190734863,9589500,2023-01-10,7.082380771636963,-0.0011364028404825,0.0045507828845265,-0.0033976253082939,8.800000190734863,8.829999923706055,8.760000228881836,9589500,-0.0011364028404825532,-0.0011370490357955898,-0.19518402066698898,0.009883639002374564,16.076179412137748,0.07719353425519238,0.002280526548228856,,0.0019984013904910114,0.00431805641654881,0.003937440739480455,,50.0,0.013803435564313737,0.0059825304664838964,0.007820905097829841,2.4849066497880004,7.082380771636963,2023-01-11,0.004550782884526594
2023-01-11,7,0.1451986219201769,0.6468341255889914,0.4285714285714285,0.4285714285714285,0.1428571428571428,1,2023-01-11,2023-01-11,2023-01-11,7.1146111488342285,8.829999923706055,8.850000381469727,8.770000457763672,8.789999961853027,9458400,2023-01-11,7.1146111488342285,0.0045507828845265,-0.0033976253082939,0.006818148039974,8.789999961853027,8.850000381469727,8.770000457763672,9458400,0.004550782884526594,0.004540459380264483,-0.19060168603978114,0.011244454831401875,16.062413899257162,-0.013671202878147937,0.004093855092079268,,0.004362648555736648,0.007260666892455303,0.003932781011704747,,50.0,0.01810577493675325,0.008407179360537767,0.009698595576215482,2.0794415416798357,7.1146111488342285,2023-01-12,-0.0033976253082939056
2023-01-12,4,-0.0689841769635677,0.4271170241812403,0.5,0.5,0.0,1,2023-01-12,2023-01-12,2023-01-12,7.090438365936279,8.800000190734863,8.850000381469727,8.800000190734863,8.84000015258789,8251400,2023-01-12,7.090438365936279,-0.0033976253082939,0.006818148039974,-0.0090295235938068,8.84000015258789,8.850000381469727,8.800000190734863,8251400,-0.0033976253082939056,-0.0034034103444688935,-0.19791422584302004,0.007051777077010223,15.925893562075206,-0.12761143533790065,0.00022731878003456885,,0.0006332664914652231,0.003138296465916568,0.003372193766670373,,50.0,0.019341906864194236,0.010594124861269061,0.008747782002925175,1.6094379124341003,7.090438365936279,2023-01-13,0.006818148039974048
2023-01-13,8,0.3434755849884823,0.6899176827975052,0.75,0.25,0.0,1,2023-01-13,2023-01-13,2023-01-13,7.138782024383545,8.859999656677246,8.859999656677246,8.8100004196167,8.8100004196167,4406700,2023-01-13,7.138782024383545,0.006818148039974,-0.0090295235938068,0.0,8.8100004196167,8.859999656677246,8.8100004196167,4406700,0.006818148039974048,0.006795009583366873,-0.1896956090390135,0.007003889023333004,15.29863689491477,-0.46594517294034954,0.004990882918658235,,0.00495816590496112,0.008148905445645616,0.00420410604135077,,50.0,0.023946439881609827,0.013264587865337215,0.010681852016272612,2.1972245773362196,7.138782024383545,2023-01-16,-0.00902952359380682
2023-01-16,6,-0.1671770165363948,0.4486617595770333,0.5,0.3333333333333333,0.1666666666666666,1,2023-01-16,2023-01-16,2023-01-16,7.07432222366333,8.779999732971191,8.869999885559082,8.770000457763672,8.859999656677246,13282500,2023-01-16,7.07432222366333,-0.0090295235938068,0.0,0.0034171773132642,8.859999656677246,8.869999885559082,8.770000457763672,13282500,-0.00902952359380682,-0.009070536815211305,-0.20154373614091045,0.01413554890967731,16.401958012594264,2.014160255973858,-0.0036315908430215593,-0.00034173571597495567,-0.002747855217445916,-0.0007808436454166401,0.006336423694257667,,50.0,0.022138993728039402,0.015039469037877652,0.00709952469016175,1.9459101490553132,7.07432222366333,2023-01-17,0.0
2023-01-17,8,-0.1751292558619752,0.70826702007047,0.375,0.625,0.0,1,2023-01-17,2023-01-17,2023-01-17,7.07432222366333,8.779999732971191,8.829999923706055,8.760000228881836,8.779999732971191,10039700,2023-01-17,7.07432222366333,0.0,0.0034171773132642,-0.0011351799931025,8.779999732971191,8.829999923706055,8.760000228881836,10039700,0.0,0.0,-0.19426851494113342,0.0098948977175612,16.122057890907904,-0.24414078674948236,-0.0034053659206559894,-0.0011378034753595223,-0.0018335829517909241,-0.0006389627880740711,0.006325522835429341,0.005083188334680233,50.0,0.020470607211960257,0.016125696672694173,0.004344910539266084,2.1972245773362196,7.07432222366333,2023-01-18,0.003417177313264297
2023-01-18,10,-0.4216900018975139,0.658152227976481,0.2,0.8,0.0,1,2023-01-18,2023-01-18,2023-01-18,7.098496437072754,8.8100004196167,8.84000015258789,8.770000457763672,8.789999961853027,12028600,2023-01-18,7.098496437072754,0.0034171773132642,-0.0011351799931025,0.0,8.789999961853027,8.84000015258789,8.770000457763672,12028600,0.003417177313264297,0.003411352029781378,-0.19243498658942954,0.009861200247792884,16.302797788586524,0.19810352898991002,0.0004544127431698186,0.0011365239529428361,0.0010509998648613461,0.002270152332507047,0.006129428592007861,0.0051370813032544016,50.0,0.02085861078658713,0.017072279495472763,0.0037863312911143657,2.3978952727983707,7.098496437072754,2023-01-19,-0.0011351799931025308
2023-01-19,7,0.1451412734708615,0.5104485851656285,0.5714285714285714,0.2857142857142857,0.1428571428571428,1,2023-01-19,2023-01-19,2023-01-19,7.090438365936279,8.800000190734863,8.859999656677246,8.779999732971191,8.850000381469727,8461300,2023-01-19,7.090438365936279,-0.0011351799931025,0.0,0.0011364700912128,8.850000381469727,8.859999656677246,8.779999732971191,8461300,-0.0011351799931025308,-0.0011358247979369462,-0.19882055815699698,0.011282789522632123,15.951013502264999,-0.29656817917297107,-0.0006812830901873346,-0.0002271885912733529,-5.691708790511729e-05,0.0009263145329632128,0.005936837877742,0.004557867470911926,50.0,0.02028208813147181,0.017714241222672573,0.002567846908799236,2.0794415416798357,7.090438365936279,2023-01-20,0.0
2023-01-20,9,0.2331391117639011,0.4726141342348283,0.5555555555555556,0.2222222222222222,0.2222222222222222,1,2023-01-20,2023-01-20,2023-01-20,7.090438365936279,8.800000190734863,8.819999694824219,8.779999732971191,8.800000190734863,9472200,2023-01-20,7.090438365936279,0.0,0.0011364700912128,-0.0034055399793075,8.800000190734863,8.819999694824219,8.779999732971191,9472200,0.0,0.0,-0.19426838497100343,0.0056413947613160615,16.063871856319963,0.11947336697670563,0.0006823473351307285,-0.0005678317286663681,-3.794544518487264e-05,0.0007577660851996182,0.0046203952367583345,0.004533838574072122,50.0,0.019599261685082858,0.01809124531515463,0.0015080163699282279,2.302585092994046,7.090438365936279,2023-01-25,0.0011364700912128711
2023-01-25,7,0.2312434825247951,0.2385590904933324,0.7142857142857143,0.1428571428571428,0.1428571428571428,2,2023-01-23,2023-01-25,2023-01-25,7.098496437072754,8.8100004196167,8.819999694824219,8.789999961853027,8.800000190734863,7311200,2023-01-25,7.098496437072754,0.0011364700912128,-0.0034055399793075,-0.004555629782267,8.800000190734863,8.819999694824219,8.789999961853027,7311200,0.0011364700912128711,0.0011358247979369462,-0.19335269508897834,0.004226209484943062,15.804918113716573,-0.22814129769219404,0.0011364700912128711,0.0004543589548109406,0.0007320529658909614,0.0015500001265327246,0.0017262759619136618,0.004418041945207186,60.13202790100916,0.019483739384011933,0.018369744128926092,0.001113995255085841,2.0794415416798357,7.098496437072754,2023-01-26,-0.0034055399793075924
2023-01-26,6,-0.326287521670262,0.5400228294171319,0.1666666666666666,0.8333333333333334,0.0,1,2023-01-26,2023-01-26,2023-01-26,7.07432222366333,8.779999732971191,8.8100004196167,8.770000457763672,8.8100004196167,3449500,2023-01-26,7.07432222366333,-0.0034055399793075,-0.004555629782267,0.0045764785241295,8.8100004196167,8.8100004196167,8.770000457763672,3449500,-0.0034055399793075924,-0.003411352029781378,-0.19701227165536095,0.005654246525445087,15.053740140865346,-0.5281896268738374,-0.0022729401824256312,-0.0028394745613695704,-0.001785579424344541,-0.001523003093276798,0.0025423890242354838,0.004546288591529354,52.69476753219483,0.017242766262090647,0.018144348555559006,-0.0009015822934683587,1.9459101490553132,7.07432222366333,2023-01-27,-0.004555629782266979
2023-01-27,8,-0.1552019964437932,0.8537304651762138,0.375,0.625,0.0,1,2023-01-27,2023-01-27,2023-01-27,7.042094230651856,8.739999771118164,8.800000190734863,8.729999542236328,8.779999732971191,7677600,2023-01-27,7.042094230651856,-0.004555629782267,0.0045764785241295,-0.004555629782267,8.779999732971191,8.800000190734863,8.729999542236328,7677600,-0.004555629782266979,-0.004566038287183716,-0.1979391292909778,0.009940316929280211,15.853817686534583,1.2257138715755906,-0.005235607736786663,-0.00636651471338423,-0.004230981552709845,-0.004973240339003149,0.002359010719419032,0.004420487063278951,44.748686026472036,0.012719625299418169,0.01705940390433084,-0.004339778604912671,2.1972245773362196,7.042094230651856,2023-01-30,0.004576478524129346
2023-01-30,10,-0.045717662712559,0.6275978867301535,0.3,0.4,0.3,1,2023-01-30,2023-01-30,2023-01-30,7.07432222366333,8.779999732971191,8.779999732971191,8.75,8.75,10107700,2023-01-30,7.07432222366333,0.0045764785241295,-0.004555629782267,-0.0022882731182688,8.75,8.779999732971191,8.75,10107700,0.004576478524129346,0.004566038287183716,-0.1915060315813337,0.004240651192116112,16.128808166522436,0.3165181827654475,-0.0002278812062872504,-0.0015921370630240794,0.00021739901640316361,-0.0003432712456206133,0.0036597911671742106,0.004655918154361151,52.46765731322262,0.011601794924457565,0.015967882108356184,-0.00436608718389862,2.3978952727983707,7.07432222366333,2023-01-31,-0.004555629782266979
2023-01-31,5,-0.2267251191660762,0.928692008528162,0.4,0.6,0.0,1,2023-01-31,2023-01-31,2023-01-31,7.042094230651856,8.739999771118164,8.760000228881836,8.729999542236328,8.75,18926700,2023-01-31,7.042094230651856,-0.004555629782267,-0.0022882731182688,-0.0011468285284353,8.75,8.760000228881836,8.729999542236328,18926700,-0.004555629782266979,-0.004566038287183716,-0.195189230782645,0.004260193866041292,16.756084234358365,0.8725031411696034,-0.003420708891570201,-0.004782472846144081,-0.002897004351054,-0.004010483298070744,0.004064556262232336,0.004102505958523932,45.60607613234102,0.008022893679063614,0.01437888442249767,-0.006355990743434056,1.791759469228055,7.042094230651856,2023-02-02,-0.0022882731182689575
2023-02-02,8,0.4102492295205593,0.6252880441281262,0.75,0.25,0.0,2,2023-02-01,2023-02-02,2023-02-02,7.025979995727539,8.720000267028809,8.850000381469727,8.710000038146973,8.850000381469727,8622200,2023-02-02,7.025979995727539,-0.0022882731182688,-0.0011468285284353,-0.0091848902508212,8.850000381469727,8.850000381469727,8.710000038146973,8622200,-0.0022882731182689575,-0.0022908952160149987,-0.20610398950505707,0.01992609478078323,15.969850946473992,-0.5444425071459895,-0.0036561901862635082,-0.006380969673122405,-0.0034584021709735957,-0.0051519109747785174,0.0038197103919838955,0.003142983253648486,42.60579262175432,0.0038420162002008595,0.01227151077803831,-0.00842949457783745,2.1972245773362196,7.025979995727539,2023-02-03,-0.0011468285284353952
2023-02-03,4,0.6277879285626113,0.2540496359384194,1.0,0.0,0.0,1,2023-02-03,2023-02-03,2023-02-03,7.017922401428223,8.710000038146973,8.739999771118164,8.680000305175781,8.720000267028809,10222500,2023-02-03,7.017922401428223,-0.0011468285284353,-0.0091848902508212,0.0011586514493087,8.720000267028809,8.739999771118164,8.680000305175781,10222500,-0.0011468285284353952,-0.0011474866394807215,-0.1951924098025905,0.008549462719931511,16.140101829044358,0.18560228248010957,-0.0032043563240546913,-0.006728236582956959,-0.003072221704985445,-0.005154577643277203,0.0037516424615141124,0.00313628899919487,41.14808765686471,-0.00012015477378479744,0.00979317766767369,-0.009913332441458488,1.6094379124341003,7.017922401428223,2023-02-07,-0.009184890250821254
2023-02-07,8,0.0519556128419935,0.6088159555653335,0.5,0.5,0.0,2,2023-02-06,2023-02-07,2023-02-07,6.953463554382324,8.630000114440918,8.6899995803833,8.600000381469727,8.649999618530273,14622300,2023-02-07,6.953463554382324,-0.0091848902508212,0.0011586514493087,-0.0023146895556971,8.649999618530273,8.6899995803833,8.600000381469727,14622300,-0.009184890250821254,-0.009227331433578012,-0.1961313455452162,0.012943074801456818,16.498058387042754,0.43040352164343365,-0.009866912938547467,-0.013827008975291655,-0.008185964387836142,-0.011724021391321116,0.005021549940022821,0.003730889945559809,31.78057057691565,-0.008365066785282593,0.006161528777082434,-0.014526595562365028,2.1972245773362196,6.953463554382324,2023-02-08,0.0011586514493087119
2023-02-08,6,0.0091824131086468,0.8253340260876048,0.5,0.5,0.0,1,2023-02-08,2023-02-08,2023-02-08,6.961520195007324,8.640000343322754,8.65999984741211,8.619999885559082,8.630000114440918,10821200,2023-02-08,6.961520195007324,0.0011586514493087,-0.0023146895556971,0.0150811780628197,8.630000114440918,8.65999984741211,8.619999885559082,10821200,0.0011586514493087119,0.0011579807307542378,-0.19333486643200165,0.005745865950617307,16.197017823374342,-0.25995226469160115,-0.005524971017286884,-0.010875885149546072,-0.004702227954175409,-0.008672188302700667,0.003927505164804964,0.0038619988774106764,33.80886414357512,-0.014086732308133953,0.002111876560039157,-0.01619860886817311,1.9459101490553132,6.961520195007324,2023-02-09,-0.002314689555697136
2023-02-09,11,-0.1854533421468328,0.6091421680954062,0.3636363636363636,0.5454545454545454,0.0909090909090909,1,2023-02-09,2023-02-09,2023-02-09,6.945406436920166,8.619999885559082,8.670000076293945,8.600000381469727,8.65999984741211,8488500,2023-02-09,6.945406436920166,-0.0023146895556971,0.0150811780628197,0.0022857256483983,8.65999984741211,8.670000076293945,8.600000381469727,8488500,-0.002314689555697136,-0.0023173725906282527,-0.19799000470009476,0.010078559902861356,15.954222982039262,-0.21556758954644584,-0.005078469888506354,-0.011127652016169609,-0.004681622074695468,-0.00899076726226744,0.0038619321214758426,0.003809369696841389,31.774058418108893,-0.019694414120078108,-0.002249381575984296,-0.01744503254409381,2.4849066497880004,6.945406436920166,2023-02-10,0.015081178062819722
2023-02-10,5,-0.0647537380456924,0.4298929337443388,0.6,0.4,0.0,1,2023-02-10,2023-02-10,2023-02-10,7.050151348114014,8.75,8.760000228881836,8.630000114440918,8.630000114440918,3723000,2023-02-10,7.050151348114014,0.0150811780628197,0.0022857256483983,0.0034208032723319,8.630000114440918,8.760000228881836,8.630000114440918,3723000,0.015081178062819722,0.014968587682664403,-0.18306474453960683,0.018439336692494455,15.130040621455409,-0.5614066089415091,0.00922722525988906,0.004477116866146158,0.006862340812595846,0.004866855677577275,0.008905575249873876,0.0066223748910327045,51.99821879769744,-0.015507739841947199,-0.004901053229176876,-0.010606686612770323,1.791759469228055,7.050151348114014,2023-02-13,0.0022857256483983512
2023-02-13,6,-0.1381779238581657,0.5544646065326155,0.3333333333333333,0.6666666666666666,0.0,1,2023-02-13,2023-02-13,2023-02-13,7.066266059875488,8.770000457763672,8.789999961853027,8.729999542236328,8.760000228881836,10984000,2023-02-13,7.066266059875488,0.0022857256483983,0.0034208032723319,0.0,8.760000228881836,8.789999961853027,8.729999542236328,10984000,0.0022857256483983512,0.002283117351340014,-0.1933486443781227,0.008491106775245944,16.211950317471455,1.9503088906795596,0.010135936623784536,0.006888647632064426,0.00609056378779238,0.005853589438388873,0.008857991835160272,0.006605073284833083,54.24536017134477,-0.010765351479625984,-0.006073912879266698,-0.004691438600359286,1.9459101490553132,7.066266059875488,2023-02-14,0.0034208032723319626
2023-02-14,7,0.1857540445136173,0.6820387256537458,0.4285714285714285,0.4285714285714285,0.1428571428571428,1,2023-02-14,2023-02-14,2023-02-14,7.090438365936279,8.800000190734863,8.819999694824219,8.75,8.75,10805000,2023-02-14,7.090438365936279,0.0034208032723319,0.0,-0.0034091412707173,8.75,8.819999694824219,8.75,10805000,0.0034208032723319626,0.0034149656339714785,-0.18966418675013952,0.009872407206937961,16.195519640472863,-0.0162964311726147,0.009637509850596748,0.009637509850596748,0.00633467332586557,0.007591693588225423,0.006595228291536869,0.006487034286431623,57.462192126385105,-0.004998847846409582,-0.005858899872695276,0.0008600520262856941,2.0794415416798357,7.090438365936279,2023-02-15,0.0
2023-02-15,8,0.1605486052285414,0.6955885967758018,0.5,0.5,0.0,1,2023-02-15,2023-02-15,2023-02-15,7.090438365936279,8.800000190734863,8.819999694824219,8.720000267028809,8.800000190734863,6298100,2023-02-15,7.090438365936279,0.0,-0.0034091412707173,-0.002280513021294,8.800000190734863,8.819999694824219,8.720000267028809,6298100,0.0,0.0,-0.19426838497100343,0.014103419652559863,15.65575871735161,-0.4171124479407682,0.005944245176182195,0.00940586678275257,0.004214216987929342,0.006202823856166884,0.006735645508997632,0.0063432623383399755,57.46219212638511,-0.00042396496743446477,-0.004771912891643114,0.004347947924208649,2.1972245773362196,7.090438365936279,2023-02-16,-0.003409141270717342
2023-02-16,7,0.1896533301499273,0.5729660222239336,0.4285714285714285,0.4285714285714285,0.1428571428571428,1,2023-02-16,2023-02-16,2023-02-16,7.066266059875488,8.770000457763672,8.800000190734863,8.760000228881836,8.800000190734863,11109700,2023-02-16,7.066266059875488,-0.0034091412707173,-0.002280513021294,-0.001142829006687,8.800000190734863,8.800000190734863,8.760000228881836,11109700,-0.003409141270717342,-0.0034149656339714785,-0.19701523787292052,0.005660692862976088,16.22332924856239,0.7639764373382449,-0.0009113873201133105,0.005618612209054463,0.0005270003361588227,0.0022672958385332453,0.006992633686367342,0.006256611309982589,53.130048816299606,0.001236901362724474,-0.0035701500407695967,0.004807051403494071,2.0794415416798357,7.066266059875488,2023-02-17,-0.0022805130212940616
2023-02-17,4,-0.5130670983344316,0.1727694255892779,0.0,1.0,0.0,1,2023-02-17,2023-02-17,2023-02-17,7.050151348114014,8.75,8.779999732971191,8.729999542236328,8.770000457763672,4141800,2023-02-17,7.050151348114014,-0.002280513021294,-0.001142829006687,-0.0045766139489457,8.770000457763672,8.779999732971191,8.729999542236328,4141800,-0.0022805130212940616,-0.002283117351340014,-0.19610593157120718,0.0070920733848130555,15.236641275360512,-0.6271906532129581,-0.003189821910756452,0.0029802719174290004,-0.0011704943052923689,-1.504459793333357e-05,0.0029047101258612806,0.006256246783168146,50.40196783079838,0.0012385500978284725,-0.002608410013049983,0.0038469601108784557,1.6094379124341003,7.050151348114014,2023-02-20,-0.0011428290066868296
2023-02-20,10,-0.1645748435519635,0.5886664209284914,0.3,0.7,0.0,1,2023-02-20,2023-02-20,2023-02-20,7.042094230651856,8.739999771118164,8.770000457763672,8.710000038146973,8.75,1772000,2023-02-20,7.042094230651856,-0.001142829006687,-0.0045766139489457,-0.004597655643898,8.75,8.770000457763672,8.710000038146973,1772000,-0.0011428290066868296,-0.0011434825337166554,-0.195189230782645,0.008520252307266447,14.38761997448109,-0.5721666908107585,-0.003647975338537557,0.001489647445628961,-0.0015425125136823148,-0.0009475365384971068,0.0026221663224355427,0.006256139804500244,49.04596023583153,0.0005829942939019617,-0.0019701291516595943,0.002553123445561556,2.3978952727983707,7.042094230651856,2023-02-21,-0.004576613948945818
2023-02-21,7,0.1942367053457669,0.4726789426970373,0.7142857142857143,0.2857142857142857,0.0,1,2023-02-21,2023-02-21,2023-02-21,7.0098652839660645,8.699999809265137,8.760000228881836,8.699999809265137,8.75,3129300,2023-02-21,7.0098652839660645,-0.0045766139489457,-0.004597655643898,0.0034641858725836,8.75,8.760000228881836,8.699999809265137,3129300,-0.004576613948945818,-0.004587118709641125,-0.1988725389753069,0.008559425493374387,14.956320214892406,0.7659706546275395,-0.005941460794953168,-0.0038927773552708267,-0.004083029902975044,-0.004520748471613212,0.0018056118920583711,0.005611317910659691,43.95211750139123,-0.00250823171879766,-0.002077749665087208,-0.00043048205371045214,2.0794415416798357,7.0098652839660645,2023-02-22,-0.004597655643898024
2023-02-22,4,-0.7989185797050596,0.0839079692016867,0.0,1.0,0.0,1,2023-02-22,2023-02-22,2023-02-22,6.977636337280273,8.65999984741211,8.739999771118164,8.630000114440918,8.699999809265137,6858900,2023-02-22,6.977636337280273,-0.004597655643898,0.0034641858725836,0.0057536657945977,8.699999809265137,8.739999771118164,8.630000114440918,6858900,-0.004597655643898024,-0.004608257370480651,-0.19797281721208984,0.015764601558487284,15.74105778278639,1.1918320391141788,-0.007336011956172395,-0.008699554665653975,-0.005791330120499927,-0.007455839474075687,0.001497468448240188,0.005862600720132118,39.530700429838696,-0.007472518709735532,-0.003156703474016873,-0.004315815235718659,1.6094379124341003,6.977636337280273,2023-02-23,0.0034641858725836805
2023-02-23,6,0.197196723582844,0.8164075072496805,0.6666666666666666,0.3333333333333333,0.0,1,2023-02-23,2023-02-23,2023-02-23,7.001808166503906,8.6899995803833,8.720000267028809,8.65999984741211,8.680000305175781,5099500,2023-02-23,7.001808166503906,0.0034641858725836,0.0057536657945977,0.0011441365591344,8.680000305175781,8.720000267028809,8.65999984741211,5099500,0.0034641858725836805,0.0034581994022171436,-0.1933401013443731,0.008569274991528111,15.444653249770347,-0.25651343509892255,-0.002067027337841365,-0.006061937691236752,-0.0015660295928777712,-0.003289433510666906,0.0033131299784513128,0.005866890086906098,44.07469816224055,-0.009348523351921934,-0.004395067449597886,-0.004953455902324048,1.9459101490553132,7.001808166503906,2023-02-24,0.005753665794598017
2023-02-24,4,0.0005651749670505,0.3580825250711059,0.75,0.25,0.0,1,2023-02-24,2023-02-24,2023-02-24,7.042094230651856,8.739999771118164,8.760000228881836,8.6899995803833,8.710000038146973,5191900,2023-02-24,7.042094230651856,0.0057536657945977,0.0011441365591344,0.0057143479385082,8.710000038146973,8.760000228881836,8.6899995803833,5191900,0.005753665794598017,0.005737176677904632,-0.1914932032365362,0.009940316929280211,15.462610469387661,0.018119423472889418,0.0039053105918518405,-0.0002288020344384245,0.002781875721333593,0.001999815774796021,0.004697166057000685,0.003683709064745446,50.721202271283516,-0.007498088557195359,-0.005015671671117381,-0.0024824168860779787,1.6094379124341003,7.042094230651856,2023-02-27,0.0011441365591342567
2023-02-27,8,0.0172721764538436,0.6931727123794004,0.375,0.625,0.0,1,2023-02-27,2023-02-27,2023-02-27,7.050151348114014,8.75,8.779999732971191,8.699999809265137,8.75,9393300,2023-02-27,7.050151348114014,0.0011441365591344,0.0057143479385082,-0.0022729401824256,8.75,8.779999732971191,8.699999809265137,9393300,0.0011441365591342567,0.0011434825337166554,-0.19426841735839845,0.011347263307681398,16.055507333603217,0.8092220574356208,0.00482308644204088,0.001144116222170588,0.0026160371107004643,0.002572724976720675,0.004696168647120132,0.003618386250834442,51.95112465722827,-0.005320136387055641,-0.005076564614305033,-0.000243571772750608,2.1972245773362196,7.050151348114014,2023-02-28,0.005714347938508224
2023-02-28,10,-0.2126036738045513,0.6335329406472338,0.3,0.5,0.2,1,2023-02-28,2023-02-28,2023-02-28,7.090438365936279,8.800000190734863,8.819999694824219,8.739999771118164,8.75,14539900,2023-02-28,7.090438365936279,0.0057143479385082,-0.0022729401824256,-0.0034167054857164,8.75,8.819999694824219,8.739999771118164,14539900,0.005714347938508224,0.005698082985311492,-0.18966418675013952,0.011282789522632123,16.492407221243166,0.5479011635953286,0.00824931237083737,0.006865002038854318,0.005548122352293516,0.006782123811356788,0.004296931776965563,0.003933904833070543,57.64366464029617,-0.00033935606978996447,-0.004129122905402019,0.0037897668356120543,2.3978952727983707,7.090438365936279,2023-03-01,-0.0022729401824256312
2023-03-01,6,-0.4810309843936314,0.6049551673771444,0.1666666666666666,0.8333333333333334,0.0,1,2023-03-01,2023-03-01,2023-03-01,7.07432222366333,8.779999732971191,8.8100004196167,8.739999771118164,8.800000190734863,11206400,2023-03-01,7.07432222366333,-0.0022729401824256,-0.0034167054857164,-0.0045713836617723,8.800000190734863,8.8100004196167,8.739999771118164,11206400,-0.0022729401824256312,-0.002275527231844432,-0.19609976473505356,0.00989503252543201,16.231995690868334,-0.2292656758299576,0.0031991088065521645,0.00480641247818947,0.0021726848997267734,0.003673717884643546,0.003395864529376948,0.0039994684120388925,54.84444998201188,0.0022812138102228374,-0.0028470555622770477,0.005128269372499885,1.9459101490553132,7.07432222366333,2023-03-02,-0.003416705485716487
2023-03-02,3,0.3283944410116723,0.5753716034576403,0.6666666666666666,0.3333333333333333,0.0,1,2023-03-02,2023-03-02,2023-03-02,7.050151348114014,8.75,8.800000190734863,8.739999771118164,8.779999732971191,6903900,2023-03-02,7.050151348114014,-0.0034167054857164,-0.0045713836617723,-0.0022961546170754,8.779999732971191,8.800000190734863,8.739999771118164,6903900,-0.003416705485716487,-0.0034225557534670603,-0.19702146212614852,0.008510515115785412,15.747597172129263,-0.3839323957738435,-0.001597431792210946,0.0016025381559687801,-0.0008346441770891166,0.00020000415415566408,0.004310551307521042,0.004000139182685162,50.85567091563025,0.0023802090990603375,-0.0018016026300095708,0.004181811729069908,1.3862943611198906,7.050151348114014,2023-03-03,-0.0045713836617723436
2023-03-03,2,-0.2929403036832809,0.1396304228475906,0.0,1.0,0.0,1,2023-03-03,2023-03-03,2023-03-03,7.017922401428223,8.710000038146973,8.779999732971191,8.710000038146973,8.779999732971191,7501900,2023-03-03,7.017922401428223,-0.0045713836617723,-0.0022961546170754,-0.0011507876405216,8.779999732971191,8.779999732971191,8.710000038146973,7501900,-0.0045713836617723436,-0.004581864389212376,-0.20069218509493894,0.009974418470340033,15.830667013055956,0.08661770883124031,-0.005480649563752604,-0.0025194539594680654,-0.003607971916899433,-0.0035801774004526887,0.004164884169856525,0.004192175709090851,46.046779500854115,-0.0001403254854643876,-0.0014693472011005342,0.0013290217156361466,1.0986122886681098,7.017922401428223,2023-03-06,-0.002296154617075441
2023-03-06,5,0.3324578806757927,0.5421676290399059,0.8,0.2,0.0,1,2023-03-06,2023-03-06,2023-03-06,7.001808166503906,8.6899995803833,8.789999961853027,8.65999984741211,8.760000228881836,10924700,2023-03-06,7.001808166503906,-0.0022961546170754,-0.0011507876405216,-0.0011519771175454,8.760000228881836,8.789999961853027,8.65999984741211,10924700,-0.002296154617075441,-0.0022987948224089116,-0.20070685119175538,0.018566648978306517,16.206536930150353,0.4562577480371639,-0.006402837011616369,-0.004239651974141001,-0.003938301249132858,-0.004806310028641625,0.004071206807943582,0.00422905137940337,43.81585371743581,-0.0033989701768701863,-0.0018552717962544648,-0.0015436983806157215,1.791759469228055,7.001808166503906,2023-03-07,-0.0011507876405216777
2023-03-07,6,0.5343293836340308,0.7248837598745479,0.8333333333333334,0.1666666666666666,0.0,1,2023-03-07,2023-03-07,2023-03-07,6.99375057220459,8.680000305175781,8.739999771118164,8.680000305175781,8.720000267028809,7443900,2023-03-07,6.99375057220459,-0.0011507876405216,-0.0011519771175454,0.0046134958336694,8.720000267028809,8.739999771118164,8.680000305175781,7443900,-0.0011507876405216777,-0.0011514503050578107,-0.19796440848188288,0.008579011407818854,15.82290559735439,-0.3186174448726281,-0.004815358556818472,-0.005157567701978616,-0.0033954592959860586,-0.004874738573244275,0.0012992905027762929,0.004000609099029682,42.7017842474851,-0.0065560757318845475,-0.0027954325833804815,-0.003760643148504066,1.9459101490553132,6.99375057220459,2023-03-08,-0.001151977117545444
2023-03-08,6,-0.1531568377589186,0.6303215940478095,0.1666666666666666,0.5,0.3333333333333333,1,2023-03-08,2023-03-08,2023-03-08,6.98569393157959,8.670000076293945,8.710000038146973,8.670000076293945,8.699999809265137,10314400,2023-03-08,6.98569393157959,-0.0011519771175454,0.0046134958336694,-0.0011480773085377,8.699999809265137,8.710000038146973,8.670000076293945,10314400,-0.001151977117545444,-0.0011526411532034597,-0.19704665692749587,0.0057259825931112104,16.149051632030595,0.3856177541342576,-0.003448190715128696,-0.006417485003308854,-0.003033611043873341,-0.004931753645114556,0.0014839607262262552,0.00372053589851666,41.56381716611822,-0.009597573344994004,-0.004155860735703186,-0.005441712609290818,1.9459101490553132,6.98569393157959,2023-03-09,0.004613495833669434
2023-03-09,6,-0.196679700165987,0.4736005631757373,0.3333333333333333,0.5,0.1666666666666666,1,2023-03-09,2023-03-09,2023-03-09,7.017922401428223,8.710000038146973,8.720000267028809,8.6899995803833,8.6899995803833,12475500,2023-03-09,7.017922401428223,0.0046134958336694,-0.0011480773085377,0.0047617288719836,8.6899995803833,8.720000267028809,8.6899995803833,12475500,0.004613495833669434,0.004602886280670182,-0.19241395393500418,0.004274867251225569,16.339277359116092,0.20952260916776555,0.002070832228519226,-0.0020623179778185285,0.0010433815519417244,-0.00027902583895444977,0.0033894204339140707,0.0038507366367916077,47.5816162153901,-0.009300206947453482,-0.005184729978053245,-0.004115476969400237,1.9459101490553132,7.017922401428223,2023-03-10,-0.0011480773085377205
2023-03-10,5,-0.5988616432994605,0.3788463365678415,0.2,0.8,0.0,1,2023-03-10,2023-03-10,2023-03-10,7.0098652839660645,8.699999809265137,8.75,8.699999809265137,8.710000038146973,7520300,2023-03-10,7.0098652839660645,-0.0011480773085377,0.0047617288719836,-0.0118482103215583,8.710000038146973,8.75,8.699999809265137,7520300,-0.0011480773085377205,-0.0011487368541454046,-0.19519342672042134,0.007132831903236521,15.833116721720724,-0.39719450122239586,0.0011507331745930216,-0.0027509977185672385,-7.0598251488585e-05,-0.0011676706602872233,0.0027508703157688103,0.0033361495874625956,46.297978229068896,-0.009603975328726477,-0.006068579048187892,-0.003535396280538585,1.791759469228055,7.0098652839660645,2023-03-13,0.0047617288719836726
2023-03-13,5,-0.6251676850020885,0.5027514208469525,0.0,0.8,0.2,1,2023-03-13,2023-03-13,2023-03-13,7.043244361877441,8.4399995803833,8.479999542236328,8.359999656677246,8.449999809265137,11284800,2023-03-13,7.043244361877441,0.0047617288719836,-0.0118482103215583,0.0011991164275455,8.449999809265137,8.479999542236328,8.359999656677246,11284800,0.0047617288719836726,0.0047504277022629715,-0.16647993835990813,0.017037586571409965,16.238967334050823,0.5005784343709692,0.004728759053813869,0.002096098918946021,0.003122314255713521,0.0029341294990228306,0.003197975480913736,0.0037044609054140572,52.067179365136695,-0.0070698050210813435,-0.006268824242766583,-0.0008009807783147605,1.791759469228055,7.043244361877441,2023-03-14,-0.011848210321558361
2023-03-14,7,-0.887268987018615,0.0900234415694515,0.0,1.0,0.0,1,2023-03-14,2023-03-14,2023-03-14,6.959794521331787,8.34000015258789,8.449999809265137,8.34000015258789,8.4399995803833,12179400,2023-03-14,6.959794521331787,-0.0118482103215583,0.0011991164275455,-0.0107783696835659,8.4399995803833,8.449999809265137,8.34000015258789,12179400,-0.011848210321558361,-0.011918959756877845,-0.17537975505258147,0.015805014981418904,16.315256640054763,0.07927477669076999,-0.0062127216073062375,-0.007932922270414644,-0.005859040643922064,-0.007333714691430737,0.006753281498995373,0.004680493414557321,40.385894607587225,-0.01166074371222603,-0.007347208136658473,-0.004313535575567557,2.0794415416798357,6.959794521331787,2023-03-15,0.0011991164275455546
2023-03-15,9,0.6401120845952796,0.3509617535748837,0.8888888888888888,0.0,0.1111111111111111,1,2023-03-15,2023-03-15,2023-03-15,6.968140125274658,8.350000381469727,8.420000076293945,8.350000381469727,8.390000343322754,8240000,2023-03-15,6.968140125274658,0.0011991164275455,-0.0107783696835659,0.0145277911019718,8.390000343322754,8.420000076293945,8.350000381469727,8240000,0.0011991164275455546,0.0011983980616545598,-0.1694708176239461,0.010045678411419665,15.92451102324487,-0.32344778888943626,-0.004522021146771915,-0.0052376988025439886,-0.0031161475603443956,-0.005032032515804752,0.006817647875694965,0.004773336785083739,41.792342429817346,-0.014459000848452419,-0.008769566679017262,-0.005689434169435157,2.302585092994046,6.968140125274658,2023-03-16,-0.010778369683565936
2023-03-16,8,-0.8579978744965047,0.1030405597025584,0.0,1.0,0.0,1,2023-03-16,2023-03-16,2023-03-16,6.893034934997559,8.260000228881836,8.350000381469727,8.260000228881836,8.350000381469727,10810700,2023-03-16,6.893034934997559,-0.0107783696835659,0.0145277911019718,-0.0047733658662713,8.350000381469727,8.350000381469727,8.260000228881836,10810700,-0.010778369683565936,-0.010836877099586806,-0.17448687184559386,0.013056680175946692,16.196047034876443,0.3119781553398058,-0.011725171288189618,-0.013747477091887506,-0.009283512877176991,-0.012928444659162097,0.007391160002462312,0.00559806003991979,34.014843871053486,-0.0224778898422624,-0.01151123131166629,-0.01096665853059611,2.1972245773362196,6.893034934997559,2023-03-17,0.014527791101971887
2023-03-17,11,0.3148715927011587,0.6827553552240426,0.7272727272727273,0.1818181818181818,0.0909090909090909,1,2023-03-17,2023-03-17,2023-03-17,6.993175506591797,8.380000114440918,8.430000305175781,8.289999961853027,8.289999961853027,14838400,2023-03-17,6.993175506591797,0.0145277911019718,-0.0047733658662713,0.0071942874866219,8.289999961853027,8.430000305175781,8.289999961853027,14838400,0.014527791101971887,0.014423273799085479,-0.15643238374290136,0.020019566674794445,16.512729040571987,0.3725660688022052,0.0031123410157014586,0.0009350021225353888,0.003400481375639197,0.0011545875307379383,0.011077091638249036,0.007609773519406235,47.92917875396329,-0.02051591522485463,-0.013312168094303958,-0.007203747130550673,2.4849066497880004,6.993175506591797,2023-03-20,-0.004773365866271306
2023-03-20,8,-0.5110870394855738,0.4798962309517603,0.125,0.875,0.0,1,2023-03-20,2023-03-20,2023-03-20,6.959794521331787,8.34000015258789,8.399999618530273,8.329999923706055,8.390000343322754,4898200,2023-03-20,6.959794521331787,-0.0047733658662713,0.0071942874866219,0.0178571805131342,8.390000343322754,8.399999618530273,8.329999923706055,4898200,-0.004773365866271306,-0.004784794761153233,-0.17046552603888832,0.010057724349428638,15.404378552810273,-0.6698970239378909,0.0007198780872239574,-0.003243434885939922,-0.0009265064966443859,-0.0029672831841247582,0.010777070476663998,0.007720507348470103,44.55631183361528,-0.021407826639651795,-0.014931299803373526,-0.006476526836278269,2.1972245773362196,6.959794521331787,2023-03-21,0.007194287486621986
2023-03-21,9,0.3181602859662639,0.7389847830247968,0.7777777777777778,0.2222222222222222,0.0,1,2023-03-21,2023-03-21,2023-03-21,7.0098652839660645,8.399999618530273,8.420000076293945,8.369999885559082,8.380000114440918,3105300,2023-03-21,7.0098652839660645,0.0071942874866219,0.0178571805131342,-0.0070176519606313,8.380000114440918,8.420000076293945,8.369999885559082,3105300,0.007194287486621986,0.007168532054614873,-0.1635005741961453,0.007132831903236521,14.948621209069977,-0.3660324200726798,0.00647013498044946,0.0036958763642198633,0.004165383641317133,0.0034383627436858077,0.0099038989180185,0.008093345198803002,50.21560498471914,-0.017868404926690395,-0.015518720828036901,-0.0023496840986534945,2.302585092994046,7.0098652839660645,2023-03-22,0.01785718051313423
2023-03-22,8,0.7321463814005256,0.2668091514648137,1.0,0.0,0.0,1,2023-03-22,2023-03-22,2023-03-22,7.1350417137146,8.550000190734863,8.550000190734863,8.399999618530273,8.399999618530273,5988000,2023-03-22,7.1350417137146,0.0178571805131342,-0.0070176519606313,-0.0070669782329828,8.399999618530273,8.550000190734863,8.399999618530273,5988000,0.01785718051313423,0.017699614094760285,-0.1505902336025344,0.021023082726519548,15.60526819152231,0.9283161047241812,0.019556409639785333,0.019439074746544494,0.01462358524937657,0.017406272269938405,0.012300277230035543,0.00978130879993385,60.94760742599575,-0.004906141041420398,-0.013396204870713602,0.008490063829293204,2.1972245773362196,7.1350417137146,2023-03-23,-0.00701765196063131
2023-03-23,10,-0.1709860717412084,0.5879176528462661,0.4,0.5,0.1,1,2023-03-23,2023-03-23,2023-03-23,7.084970474243164,8.489999771118164,8.529999732971191,8.449999809265137,8.510000228881836,4242000,2023-03-23,7.084970474243164,-0.0070176519606313,-0.0070669782329828,0.0011859754086842,8.510000228881836,8.529999732971191,8.449999809265137,4242000,-0.00701765196063131,-0.007042391490365674,-0.16745355068291373,0.01129149712012039,15.260545649844596,-0.29158316633266534,0.006878490189557773,0.011316197443583365,0.004989726882066892,0.008384188210732724,0.011172383057405587,0.010142103024688208,55.768805112470694,0.001311102341528425,-0.010454743428265198,0.011765845769793623,2.3978952727983707,7.084970474243164,2023-03-24,-0.007066978232982857
2023-03-24,8,-0.6254689750494435,0.5126121300572083,0.125,0.875,0.0,1,2023-03-24,2023-03-24,2023-03-24,7.034901142120361,8.430000305175781,8.5,8.430000305175781,8.5,3945300,2023-03-24,7.034901142120361,-0.0070669782329828,0.0011859754086842,0.0082940248006295,8.5,8.5,8.430000305175781,3945300,-0.007066978232982857,-0.0070920675975265635,-0.1723645715152516,0.009950345201740877,15.188035808464283,-0.06994342291371991,-0.0014213777575601272,0.0038105216506856276,-0.001409334841146137,0.0010290039117997196,0.011010670863577335,0.010449287995991917,51.093534453288036,0.0021730858785833362,-0.007929177566895491,0.010102263445478828,2.1972245773362196,7.034901142120361,2023-03-27,0.0011859754086842589
2023-03-27,6,0.3292225752957165,0.7301972740225636,0.6666666666666666,0.3333333333333333,0.0,1,2023-03-27,2023-03-27,2023-03-27,7.043244361877441,8.4399995803833,8.460000038146973,8.430000305175781,8.4399995803833,4017200,2023-03-27,7.043244361877441,0.0011859754086842,0.0082940248006295,0.0058755425187886,8.4399995803833,8.460000038146973,8.430000305175781,4017200,0.0011859754086842589,0.0011852726953949233,-0.16549233269540353,0.004259362792177028,15.206095949430892,0.018224216155932282,-0.0026000086891589946,0.005001016244341905,-0.0001500318332153805,0.0018125239467581267,0.01050826641944266,0.010344310110953039,51.818376562454446,0.0034892205862018244,-0.005645497936276028,0.009134718522477853,1.9459101490553132,7.043244361877441,2023-03-28,0.008294024800629574
2023-03-28,6,0.1780075437078873,0.7398452386108317,0.6666666666666666,0.3333333333333333,0.0,1,2023-03-28,2023-03-28,2023-03-28,7.101661205291748,8.510000228881836,8.510000228881836,8.4399995803833,8.460000038146973,3961900,2023-03-28,7.101661205291748,0.0082940248006295,0.0058755425187886,0.0081774173275084,8.460000038146973,8.510000228881836,8.4399995803833,3961900,0.008294024800629574,0.008259818386014972,-0.16056014500358642,0.009856940013749841,15.192234518548332,-0.013765807029771926,0.003064623848114234,0.011289369887062639,0.005413804649702314,0.008266082285133258,0.010643541260128956,0.009712247785271416,56.661646068225146,0.00914065015272758,-0.0026882683184753066,0.011828918471202887,1.9459101490553132,7.101661205291748,2023-03-29,0.0058755425187886345
2023-03-29,8,0.4923808491439558,0.297709611540135,0.625,0.0,0.375,1,2023-03-29,2023-03-29,2023-03-29,7.143387317657471,8.5600004196167,8.569999694824219,8.489999771118164,8.5,6333300,2023-03-29,7.143387317657471,0.0058755425187886,0.0081774173275084,-0.0069525327390956,8.5,8.569999694824219,8.489999771118164,6333300,0.0058755425187886345,0.005858348834121063,-0.15960149204029755,0.011199158067252756,15.661332143186415,0.598551200181731,0.008720364115083923,0.014699009799430174,0.007519062644354424,0.011580279990148545,0.007134177626144052,0.0097784319115999,59.77220182448619,0.016792820171029454,0.0012079493794256457,0.01558487079160381,2.1972245773362196,7.143387317657471,2023-03-30,0.00817741732750843
2023-03-30,9,0.3376409234996471,0.350475914097083,0.5555555555555556,0.0,0.4444444444444444,1,2023-03-30,2023-03-30,2023-03-30,7.201801776885986,8.630000114440918,8.630000114440918,8.539999961853027,8.569999694824219,4793800,2023-03-30,7.201801776885986,0.0081774173275084,-0.0069525327390956,0.0116686814549973,8.569999694824219,8.630000114440918,8.539999961853027,4793800,0.00817741732750843,0.008144163414846028,-0.15964970439433554,0.012496893885186343,15.382834182893784,-0.24308022673803542,0.013624578121546271,0.018529407827536648,0.010450418541633644,0.01618444970468147,0.006467341203512858,0.008688523321706382,63.70016453001147,0.02725658180278856,0.006417675864098229,0.02083890593869033,2.302585092994046,7.201801776885986,2023-03-31,-0.006952532739095685
2023-03-31,7,-0.0330469735698508,0.7181365101851956,0.4285714285714285,0.4285714285714285,0.1428571428571428,1,2023-03-31,2023-03-31,2023-03-31,7.151731014251709,8.569999694824219,8.640000343322754,8.5600004196167,8.630000114440918,5979600,2023-03-31,7.151731014251709,-0.0069525327390956,0.0116686814549973,-0.0011534752842118,8.630000114440918,8.640000343322754,8.5600004196167,5979600,-0.006952532739095685,-0.006976814205414961,-0.17129421559514968,0.011186092366538081,15.603864401292748,0.24736117485084907,0.003277873483708227,0.009185048797380135,0.0022808817695889605,0.007448971475459754,0.006421548422894961,0.008567856676452613,58.433323497146375,0.031149820457383015,0.011364104782755187,0.019785715674627828,2.0794415416798357,7.151731014251709,2023-04-03,0.011668681454997332
2023-04-03,5,0.4912986502051353,0.4175433332954852,0.8,0.0,0.2,1,2023-04-03,2023-04-03,2023-04-03,7.235182285308838,8.670000076293945,8.670000076293945,8.569999694824219,8.569999694824219,3422500,2023-04-03,7.235182285308838,0.0116686814549973,-0.0011534752842118,0.0,8.569999694824219,8.670000076293945,8.569999694824219,3422500,0.011668681454997332,0.01160112739490815,-0.15575466243266414,0.013821404565407987,15.045882128328774,-0.4276373001538565,0.009548196806048237,0.01700879800776356,0.009274245900754652,0.015658157908281956,0.00721450279533068,0.008641775920845031,63.804804197588886,0.040502176405484924,0.017191719107301134,0.02331045729818379,1.791759469228055,7.235182285308838,2023-04-04,-0.0011534752842118356
2023-04-04,5,-0.1116269290447235,0.6176550256922082,0.4,0.4,0.2,1,2023-04-04,2023-04-04,2023-04-04,7.226836681365967,8.65999984741211,8.670000076293945,8.609999656677246,8.670000076293945,4197700,2023-04-04,7.226836681365967,-0.0011534752842118,0.0,-0.001154741344471,8.670000076293945,8.670000076293945,8.609999656677246,4197700,-0.0011534752842118356,-0.0011541410488387083,-0.16645483070686076,0.008302445767372503,15.25004755243357,0.22650109569028487,0.00487345666656247,0.012746982525819073,0.00539213845656894,0.011821553019017994,0.0075026060555500994,0.008693547555073842,62.92899597378559,0.046702211361910884,0.023093817558223085,0.0236083938036878,1.791759469228055,7.226836681365967,2023-04-05,0.0
2023-04-05,4,-0.4957925342023372,0.345671204383736,0.0,0.75,0.25,1,2023-04-05,2023-04-05,2023-04-05,7.226836681365967,8.65999984741211,8.65999984741211,8.619999885559082,8.65999984741211,3801300,2023-04-05,7.226836681365967,0.0,-0.001154741344471,0.0011560763135876,8.65999984741211,8.65999984741211,8.619999885559082,3801300,0.0,0.0,-0.16549228536931423,0.005534919857282125,15.150853934522972,-0.09443266550730167,0.0025468613936689977,0.011445871860131795,0.003588309417311475,0.009651435205924486,0.0075021755437852215,0.006989491178704146,62.92899597378559,0.05102756967407451,0.028680567981393373,0.02234700169268114,1.6094379124341003,7.226836681365967,2023-04-06,-0.001154741344471022
2023-04-06,7,-0.3415235198502029,0.7101371075554447,0.2857142857142857,0.7142857142857143,0.0,1,2023-04-06,2023-04-06,2023-04-06,7.218491554260254,8.649999618530273,8.65999984741211,8.59000015258789,8.649999618530273,6289600,2023-04-06,7.218491554260254,-0.001154741344471,0.0011560763135876,-0.001154741344471,8.649999618530273,8.65999984741211,8.59000015258789,6289600,-0.001154741344471022,-0.0011554085719569507,-0.16549226906361966,0.009697274603432332,15.654408192642343,0.6545918501565253,0.0009256907386283597,0.0083935083388198,0.0016183058184631172,0.00693202694942574,0.006819093484528989,0.006438331642159819,61.942961373010576,0.05316916425580942,0.03357828723627659,0.019590877019532833,2.0794415416798357,7.218491554260254,2023-04-07,0.0011560763135876062
2023-04-07,7,0.0840691615428243,0.4057408458678114,0.2857142857142857,0.4285714285714285,0.2857142857142857,1,2023-04-07,2023-04-07,2023-04-07,7.226836681365967,8.65999984741211,8.670000076293945,8.630000114440918,8.649999618530273,1679400,2023-04-07,7.226836681365967,0.0011560763135876,-0.001154741344471,0.0092486105087012,8.649999618530273,8.670000076293945,8.630000114440918,1679400,0.0011560763135876062,0.0011554085719569507,-0.16452751444237834,0.005534919857282125,14.333947740182179,-0.7329877893665734,-1.3196289616601575e-08,0.006859635371889494,0.0018491241325664376,0.006614359425286542,0.005432288758789999,0.0056436911954080345,62.574491031200075,0.05490684349203079,0.03784399848742743,0.01706284500460336,2.0794415416798357,7.226836681365967,2023-04-10,-0.001154741344471022
2023-04-10,12,0.0611358320650955,0.4582967292290427,0.5833333333333334,0.3333333333333333,0.0833333333333333,2,2023-04-08,2023-04-10,2023-04-10,7.218491554260254,8.649999618530273,8.699999809265137,8.640000343322754,8.65999984741211,4621700,2023-04-10,7.218491554260254,-0.001154741344471,0.0092486105087012,-0.0034363811323812,8.65999984741211,8.699999809265137,8.640000343322754,4621700,-0.001154741344471022,-0.0011554085719569507,-0.1664559259296783,0.008311911912811196,15.34627337711381,1.7519947600333454,-0.0006931649771856341,0.003247459476541259,0.00046139188620797356,0.004456293691697866,0.0010331423209242318,0.005761225880333721,61.475869457722716,0.05497684593371943,0.04127056797668583,0.013706277957033601,2.5649493574615367,7.218491554260254,2023-04-11,0.009248610508701294
2023-04-11,8,0.2497179061174392,0.5010593979873024,0.75,0.25,0.0,1,2023-04-11,2023-04-11,2023-04-11,7.285252571105957,8.729999542236328,8.729999542236328,8.649999618530273,8.65999984741211,6301800,2023-04-11,7.285252571105957,0.0092486105087012,-0.0034363811323812,0.0011494977597206,8.65999984741211,8.729999542236328,8.649999618530273,6301800,0.009248610508701294,0.009206103993662618,-0.1587468014467658,0.01098107758450852,15.65634602352373,0.363524244325681,0.006920456729317959,0.009949110755163915,0.006455276985449343,0.011218785364949024,0.004371318392019983,0.0058751259612649775,66.53743328285078,0.059730839550269366,0.04496262229140254,0.014768217258866824,2.1972245773362196,7.285252571105957,2023-04-12,-0.0034363811323812055
2023-04-12,7,-0.3347810611927083,0.575050353462498,0.2857142857142857,0.7142857142857143,0.0,1,2023-04-12,2023-04-12,2023-04-12,7.260217666625977,8.699999809265137,8.729999542236328,8.65999984741211,8.729999542236328,6229000,2023-04-12,7.260217666625977,-0.0034363811323812,0.0011494977597206,0.0,8.729999542236328,8.729999542236328,8.65999984741211,6229000,-0.0034363811323812055,-0.0034422990513978124,-0.1683599029415119,0.009641542173865642,15.644726524775683,-0.01155225491129519,0.0025352141796057825,0.004851073454632093,0.001995815078982499,0.006326970876100013,0.00492463076955725,0.006029123206305784,63.18490179332287,0.060777698698163185,0.048125637572754676,0.01265206112540851,2.0794415416798357,7.260217666625977,2023-04-13,0.001149497759720619
2023-04-13,8,-0.4598016131203621,0.3100032847404249,0.125,0.75,0.125,1,2023-04-13,2023-04-13,2023-04-13,7.268563270568848,8.710000038146973,8.720000267028809,8.680000305175781,8.699999809265137,9680500,2023-04-13,7.268563270568848,0.0011494977597206,0.0,-0.0011481779317603,8.699999809265137,8.720000267028809,8.680000305175781,9680500,0.001149497759720619,0.001148837593029084,-0.16453293908947778,0.005503145582427722,16.0856242141118,0.5541017819874778,0.0023016017079013906,0.005077442840434765,0.002096205338894208,0.006114740999124901,0.004786437870892662,0.005574894266248731,63.83900119952462,0.06157101032573831,0.050814712123351403,0.010756298202386903,2.1972245773362196,7.268563270568848,2023-04-14,0.0
2023-04-14,5,0.3253858536481857,0.338505580665717,0.8,0.2,0.0,1,2023-04-14,2023-04-14,2023-04-14,7.268563270568848,8.710000038146973,8.729999542236328,8.6899995803833,8.710000038146973,5182100,2023-04-14,7.268563270568848,0.0,-0.0011481779317603,0.0,8.710000038146973,8.729999542236328,8.6899995803833,5182100,0.0,0.0,-0.16549216547245693,0.005503145582427722,15.460721130458445,-0.464686741387325,0.001149497759720619,0.0034563339272375426,0.0013964944462245832,0.0049974139280410945,0.004828459058130778,0.004870695858311847,63.83900119952462,0.06149088683935666,0.052949947066552455,0.008540939772804207,1.791759469228055,7.268563270568848,2023-04-17,-0.0011481779317603635
2023-04-17,6,-0.514970147361358,0.5192494205168587,0.1666666666666666,0.8333333333333334,0.0,1,2023-04-17,2023-04-17,2023-04-17,7.260217666625977,8.699999809265137,8.720000267028809,8.670000076293945,8.710000038146973,5435900,2023-04-17,7.260217666625977,-0.0011481779317603,0.0,-0.0011494320816405,8.710000038146973,8.720000267028809,8.670000076293945,5435900,-0.0011481779317603635,-0.001148837593029084,-0.1664503289519426,0.006886872133972775,15.508535842166802,0.04897628374597174,-0.0011481255098803045,0.001957886639573747,0.0001644618686076349,0.003142484219902819,0.004827672793932708,0.0034008066099366903,62.55011297267834,0.06006161499743978,0.05437228065272992,0.005689334344709862,1.9459101490553132,7.260217666625977,2023-04-18,0.0
2023-04-18,6,-0.2451974701446791,0.8619127771071601,0.3333333333333333,0.6666666666666666,0.0,1,2023-04-18,2023-04-18,2023-04-18,7.260217666625977,8.699999809265137,8.710000038146973,8.649999618530273,8.710000038146973,4305200,2023-04-18,7.260217666625977,0.0,-0.0011494320816405,0.0011507547961211,8.710000038146973,8.710000038146973,8.649999618530273,4305200,0.0,0.0,-0.1664503289519426,0.008264272831999412,15.275334384649499,-0.20800603395941797,-0.00045958778583621296,0.0014965176280272718,0.00010963523546636544,0.0025696552524512306,0.0017384219652132682,0.0033634777597125786,62.55011297267835,0.05825735227232087,0.05514929497664811,0.0031080572956727615,1.9459101490553132,7.260217666625977,2023-04-19,-0.0011494320816405335
2023-04-19,5,-0.5640902541577816,0.434742696964122,0.0,0.8,0.2,1,2023-04-19,2023-04-19,2023-04-19,7.251872539520264,8.6899995803833,8.720000267028809,8.680000305175781,8.720000267028809,7339600,2023-04-19,7.251872539520264,-0.0011494320816405,0.0011507547961211,-0.0057472260862826,8.720000267028809,8.720000267028809,8.680000305175781,7339600,-0.0011494320816405335,-0.0011500931853400953,-0.16836326634755763,0.005515811486625147,15.808795039440133,0.7048220756294714,-0.0013790277132328388,1.3150732058875292e-08,-0.0006935223128575752,0.0011592854272550746,0.0009614077469365776,0.0034006081481360436,61.11907712482896,0.055514146524579644,0.05522226528623442,0.0002918812383452263,1.791759469228055,7.251872539520264,2023-04-20,0.001150754796121145
2023-04-20,9,-0.1477544100748168,0.5967784877959699,0.3333333333333333,0.4444444444444444,0.2222222222222222,1,2023-04-20,2023-04-20,2023-04-20,7.260217666625977,8.699999809265137,8.699999809265137,8.65999984741211,8.699999809265137,1970400,2023-04-20,7.260217666625977,0.0011507547961211,-0.0057472260862826,-0.0046242391966218,8.699999809265137,8.699999809265137,8.65999984741211,1970400,0.001150754796121145,0.0011500931853400953,-0.16549220393152794,0.005509471435946139,14.493747633299503,-0.7315385034606791,-1.3135615817283508e-08,0.0005750531046486707,0.0003042433170510339,0.0018903299972288234,0.0009618586039800192,0.003365143446860598,62.05399435773016,0.053397979550883434,0.05485740813916422,-0.001459428588280784,2.302585092994046,7.260217666625977,2023-04-25,-0.005747226086282642
2023-04-25,9,0.0746210356139474,0.6111646249885215,0.5555555555555556,0.4444444444444444,0.0,2,2023-04-24,2023-04-25,2023-04-25,7.218491554260254,8.649999618530273,8.710000038146973,8.619999885559082,8.710000038146973,4366500,2023-04-25,7.218491554260254,-0.0057472260862826,-0.0046242391966218,0.0104530241060836,8.710000038146973,8.710000038146973,8.619999885559082,4366500,-0.005747226086282642,-0.005763804942264805,-0.17124092736560226,0.012467999984674606,15.289472559852273,1.216047503045067,-0.004373927549329748,-0.0050610507031573215,-0.0036364206607333305,-0.003166758064382824,0.002621482383924405,0.003899807083499113,54.94041491554411,0.0478029112254994,0.05344650875643126,-0.005643597530931861,2.302585092994046,7.218491554260254,2023-04-26,-0.004624239196621804
2023-04-26,8,-0.9028466485906392,0.0536451328534378,0.0,1.0,0.0,1,2023-04-26,2023-04-26,2023-04-26,7.1851115226745605,8.609999656677246,8.649999618530273,8.550000190734863,8.649999618530273,6902900,2023-04-26,7.1851115226745605,-0.0046242391966218,0.0104530241060836,-0.0045977940046421,8.649999618530273,8.649999618530273,8.550000190734863,6902900,-0.004624239196621804,-0.004634964066376757,-0.16935123242289957,0.013917588819579897,15.747452315992158,0.5808771327149891,-0.006920443183373592,-0.009206038368969938,-0.005511040171077397,-0.0063714794982574485,0.0029812604367798192,0.004149545377081624,50.002188891107544,0.04021175362213114,0.050799557729571246,-0.010587804107440105,2.1972245773362196,7.1851115226745605,2023-04-27,0.01045302410608362
2023-04-27,5,0.2678596913814545,0.5688630391074606,0.8,0.2,0.0,1,2023-04-27,2023-04-27,2023-04-27,7.260217666625977,8.699999809265137,8.699999809265137,8.619999885559082,8.649999618530273,8021400,2023-04-27,7.260217666625977,0.0104530241060836,-0.0045977940046421,0.0023096146518406,8.649999618530273,8.699999809265137,8.619999885559082,8021400,0.01045302410608362,0.010398769008641562,-0.16066844083172752,0.011018942871892277,15.897623652865779,0.1620333483028873,0.0034602413632893736,0.00149649127810636,0.003250958297629003,0.0032825574406210034,0.006448332451844233,0.004467785948550503,58.944060487156335,0.03979738517547826,0.048599123218752656,-0.008801738043274394,1.791759469228055,7.260217666625977,2023-04-28,-0.004597794004642108
2023-04-28,11,0.4155199222943999,0.5227880822720964,0.7272727272727273,0.2727272727272727,0.0,1,2023-04-28,2023-04-28,2023-04-28,7.226836681365967,8.65999984741211,8.699999809265137,8.619999885559082,8.699999809265137,8180600,2023-04-28,7.226836681365967,-0.0045977940046421,0.0023096146518406,0.0046082561006253,8.699999809265137,8.699999809265137,8.619999885559082,8180600,-0.004597794004642108,-0.0046083963703078545,-0.16932909887311867,0.01106983971456425,15.917276177762643,0.019846909517041933,-0.00046172284019763143,-0.0026489355774627077,-0.0009082675834900522,-0.001088714407214586,0.006780091508635432,0.004571256270660666,54.29617871458694,0.03635633545806627,0.046150565666615385,-0.009794230208549116,2.4849066497880004,7.226836681365967,2023-05-02,0.0023096146518406524
2023-05-02,12,0.561779638674731,0.3828867837181234,0.8333333333333334,0.0833333333333333,0.0833333333333333,2,2023-05-01,2023-05-02,2023-05-02,7.243527889251709,8.680000305175781,8.699999809265137,8.649999618530273,8.65999984741211,3605300,2023-05-02,7.243527889251709,0.0023096146518406,0.0046082561006253,0.003440387261937,8.65999984741211,8.699999809265137,8.649999618530273,3605300,0.0023096146518406524,0.002306951591561024,-0.16356489412452915,0.006902740142556218,15.097915820361292,-0.5592866048945064,0.002309561744770594,6.582941303179268e-08,0.0009323979944011462,0.0009966402745755776,0.006877137913288425,0.00463073190353176,56.157756102063146,0.03457753148849463,0.04383595883099124,-0.009258427342496614,2.5649493574615367,7.243527889251709,2023-05-03,0.004608256100625319
2023-05-03,8,-0.0781734024640172,0.7675933139677318,0.5,0.5,0.0,1,2023-05-03,2023-05-03,2023-05-03,7.276907920837402,8.720000267028809,8.729999542236328,8.630000114440918,8.6899995803833,6173500,2023-05-03,7.276907920837402,0.0046082561006253,0.003440387261937,0.0011427985569392,8.6899995803833,8.729999542236328,8.630000114440918,6173500,0.004608256100625319,0.0045976705964987374,-0.16261124600463667,0.013742021870176771,15.63577665797259,0.7123401658669182,0.005303236421753343,0.004492603205997092,0.0036898139369050398,0.004584905852743404,0.0064241451899473175,0.004889856377524229,59.69354887589951,0.035452630254344086,0.042159293115661814,-0.006706662861317728,2.1972245773362196,7.276907920837402,2023-05-05,0.0034403872619370723
2023-05-05,6,-0.25763088123252,0.6797911068663396,0.3333333333333333,0.6666666666666666,0.0,1,2023-05-05,2023-05-05,2023-05-05,7.301943302154541,8.75,8.75,8.6899995803833,8.720000267028809,8269100,2023-05-05,7.301943302154541,0.003440387261937,0.0011427985569392,-0.0011414940591757,8.720000267028809,8.75,8.6899995803833,8269100,0.0034403872619370723,0.0034344826685308583,-0.1626212065882707,0.008217048138266871,15.928036354924062,0.33945087875597313,0.0055160059370369385,0.007368228928902321,0.004750619332516859,0.00656945017452637,0.005390653762207512,0.004971666265944777,62.158533099343096,0.03773135480269474,0.0412737054530684,-0.0035423506503736643,1.9459101490553132,7.301943302154541,2023-05-08,0.0011427985569392174
2023-05-08,11,-0.0351052485321733,0.7497327665989484,0.4545454545454545,0.5454545454545454,0.0,1,2023-05-08,2023-05-08,2023-05-08,7.310287952423096,8.760000228881836,8.760000228881836,8.699999809265137,8.739999771118164,2841600,2023-05-08,7.310287952423096,0.0011427985569392,-0.0011414940591757,-0.0057143192985698,8.739999771118164,8.760000228881836,8.699999809265137,2841600,0.0011427985569392174,0.001142146059736282,-0.1635825922352577,0.008207668426633079,14.85987818369434,-0.6563592168434291,0.005278840366563342,0.00782327957827933,0.003924847235944773,0.006307311344905031,0.0035819443071797947,0.004969876205199904,62.971392761472835,0.03975236346111455,0.040969437054677635,-0.0012170735935630866,2.4849066497880004,7.310287952423096,2023-05-09,-0.0011414940591757405
2023-05-09,6,-0.7159564783796668,0.1958132923608198,0.0,1.0,0.0,1,2023-05-09,2023-05-09,2023-05-09,7.301943302154541,8.75,8.75,8.720000267028809,8.729999542236328,4385800,2023-05-09,7.301943302154541,-0.0011414940591757,-0.0057143192985698,0.0045975312923212,8.729999542236328,8.75,8.720000267028809,4385800,-0.0011414940591757405,-0.001142146059736282,-0.16358033390182375,0.004108458766358753,15.29388283529362,0.5434262387387387,0.0020613955575552456,0.005978434399536381,0.0018508675493653648,0.004216732066345985,0.0022108538385217304,0.00496954885608286,61.54761078394223,0.04021708630926657,0.04081896690559542,-0.0006018805963288534,1.9459101490553132,7.301943302154541,2023-05-10,-0.005714319298569803
2023-05-10,7,-0.3254936928195613,0.4926594434561288,0.2857142857142857,0.7142857142857143,0.0,1,2023-05-10,2023-05-10,2023-05-10,7.260217666625977,8.699999809265137,8.75,8.6899995803833,8.75,3548400,2023-05-10,7.260217666625977,-0.0057143192985698,0.0045975312923212,-0.0057206624493381,8.75,8.75,8.6899995803833,3548400,-0.005714319298569803,-0.005730708486282765,-0.1702608380998884,0.008264272831999412,15.082007637445686,-0.19093437913265543,-0.004120890351550166,0.000229952417901913,-0.0025860249093799803,-0.0012453579046085572,0.0041001127704074925,0.005359177021340777,54.8673463736784,0.036794330307000855,0.040014039585876515,-0.00321970927887566,2.0794415416798357,7.260217666625977,2023-05-11,0.004597531292321211
2023-05-11,6,0.1762723691451052,0.3316104274215347,0.6666666666666666,0.1666666666666666,0.1666666666666666,1,2023-05-11,2023-05-11,2023-05-11,7.2935967445373535,8.739999771118164,8.75,8.699999809265137,8.699999809265137,9117700,2023-05-11,7.2935967445373535,0.0045975312923212,-0.0057206624493381,0.0,8.699999809265137,8.75,8.699999809265137,9117700,0.004597531292321211,0.004586994927165744,-0.16165552822541704,0.006855354427472517,16.025728246938836,1.5695242926389357,-1.4383049040667117e-07,0.0037899058384205375,0.001332190078332518,0.002736337847123904,0.004097406657823086,0.005116697931836586,58.72664418971051,0.03635609372485771,0.03928245041367276,-0.0029263566888150516,1.9459101490553132,7.2935967445373535,2023-05-12,-0.00572066244933811
2023-05-12,6,0.305092600484689,0.5442970410386491,0.6666666666666666,0.3333333333333333,0.0,1,2023-05-12,2023-05-12,2023-05-12,7.251872539520264,8.6899995803833,8.779999732971191,8.65999984741211,8.739999771118164,8072900,2023-05-12,7.251872539520264,-0.0057206624493381,0.0,0.0046029534308253,8.739999771118164,8.779999732971191,8.65999984741211,8072900,-0.00572066244933811,-0.005737088112505839,-0.17026627809711198,0.01654743445987544,15.90402345520274,-0.11459030237888945,-0.004353777356691624,-0.002868608102956194,-0.002935029808879941,-0.002455867227553199,0.004465958374377512,0.005261435079220802,52.66440553104927,0.03227000490586196,0.037879961312110605,-0.005609956406248645,1.9459101490553132,7.251872539520264,2023-05-15,0.0
2023-05-15,7,-0.4851491862375821,0.5460724884085049,0.1428571428571428,0.7142857142857143,0.1428571428571428,1,2023-05-15,2023-05-15,2023-05-15,7.251872539520264,8.6899995803833,8.739999771118164,8.649999618530273,8.6899995803833,3836700,2023-05-15,7.251872539520264,0.0,0.0046029534308253,-0.0022908334850737,8.6899995803833,8.739999771118164,8.649999618530273,3836700,0.0,0.0,-0.16549218760717177,0.012410608721736365,15.160123440730143,-0.5247432768893459,-0.0027541656806739923,-0.0027541787590668054,-0.0019586027250472204,-0.002010243530035205,0.004332638210788814,0.004062789467333077,52.66440553104927,0.028700903923390975,0.036044149834366684,-0.00734324591097571,2.0794415416798357,7.251872539520264,2023-05-16,0.004602953430825396
2023-05-16,7,0.3073764897084662,0.845475666306258,0.7142857142857143,0.2857142857142857,0.0,1,2023-05-16,2023-05-16,2023-05-16,7.285252571105957,8.729999542236328,8.75,8.6899995803833,8.6899995803833,3238200,2023-05-16,7.285252571105957,0.0046029534308253,-0.0022908334850737,0.0057404304401111,8.6899995803833,8.75,8.6899995803833,3238200,0.004602953430825396,0.004592392236737908,-0.16165098700906758,0.008235873640766677,14.99052848664828,-0.15599343185550085,0.0022962118087943573,0.0010319585445972557,0.001755348255328082,0.0021127450199791564,0.005164912941782298,0.003973772838219703,56.80184004167943,0.02824031844910735,0.03448338355731482,-0.00624306510820747,2.0794415416798357,7.285252571105957,2023-05-17,-0.002290833485073751
2023-05-17,7,0.1824202643973486,0.5032971661209071,0.5714285714285714,0.2857142857142857,0.1428571428571428,1,2023-05-17,2023-05-17,2023-05-17,7.268563270568848,8.710000038146973,8.75,8.6899995803833,8.699999809265137,4054500,2023-05-17,7.268563270568848,-0.0022908334850737,0.0057404304401111,0.0022831838030472,8.699999809265137,8.75,8.6899995803833,4054500,-0.002290833485073751,-0.0022934614583687285,-0.16453293908947778,0.008254783976311663,15.215338180006254,0.25208449138410227,-0.00022946483535024598,-0.0016046862602570044,-0.0003597356534387197,-0.0001496736789383668,0.004472572870224558,0.004046820556038976,54.2487332887883,0.026226293679125767,0.03283196558167701,-0.0066056719025512425,2.0794415416798357,7.268563270568848,2023-05-18,0.005740430440111188
2023-05-18,7,0.553077961517764,0.545591811611205,0.8571428571428571,0.1428571428571428,0.0,1,2023-05-18,2023-05-18,2023-05-18,7.310287952423096,8.760000228881836,8.760000228881836,8.699999809265137,8.729999542236328,3691600,2023-05-18,7.310287952423096,0.0057404304401111,0.0022831838030472,-0.0227791116212198,8.729999542236328,8.760000228881836,8.699999809265137,3691600,0.005740430440111188,0.005724016952989963,-0.16262447471441113,0.008207668426633079,15.121570797258775,-0.08950548772968303,0.005048164647226461,0.003666350125330453,0.003579335858674204,0.004568908969289298,0.004770379402364209,0.004192334919908735,59.187711393114576,0.027677943552224527,0.03180116117578652,-0.004123217623561992,2.0794415416798357,7.310287952423096,2023-05-19,0.0022831838030472618
2023-05-19,9,-0.0439156001019808,0.6455865035539768,0.4444444444444444,0.5555555555555556,0.0,1,2023-05-19,2023-05-19,2023-05-19,7.32697868347168,8.779999732971191,8.779999732971191,8.710000038146973,8.75,4841000,2023-05-19,7.32697868347168,0.0022831838030472,-0.0227791116212198,0.0034964576239817,8.75,8.779999732971191,8.710000038146973,4841000,0.0022831838030472618,0.0022805812994846075,-0.1626310076032366,0.009553691616726718,15.3926320754907,0.3113555098060461,0.005266817692981984,0.005612252424121111,0.003906150693118615,0.005607795691977557,0.0032876696919769007,0.004116384222405785,61.00134923366426,0.029831312242405872,0.03140719138911039,-0.0015758791467045188,2.302585092994046,7.32697868347168,2023-05-22,-0.022779111621219816
2023-05-22,10,-0.4176432186271995,0.4910064398378083,0.1,0.7,0.2,1,2023-05-22,2023-05-22,2023-05-22,7.16007661819458,8.579999923706055,8.739999771118164,8.579999923706055,8.710000038146973,11619300,2023-05-22,7.16007661819458,-0.0227791116212198,0.0034964576239817,-0.0058070365206466,8.710000038146973,8.739999771118164,8.579999923706055,11619300,-0.022779111621219816,-0.023042564081225514,-0.1779475790085225,0.022346108281234213,16.268178152673325,1.4001859120016524,-0.015151539001556524,-0.015264552369011808,-0.012721702431413351,-0.014198431612876261,0.011752882264856818,0.00836395107135524,41.25744659868877,0.017864341624375335,0.02869862143616338,-0.010834279811788045,2.3978952727983707,7.16007661819458,2023-05-23,0.0034964576239817635
2023-05-23,8,-0.6281979090999812,0.4074064095021454,0.125,0.875,0.0,1,2023-05-23,2023-05-23,2023-05-23,7.1851115226745605,8.609999656677246,8.6899995803833,8.550000190734863,8.600000381469727,8260900,2023-05-23,7.1851115226745605,0.0034964576239817,-0.0058070365206466,0.0,8.600000381469727,8.6899995803833,8.550000190734863,8260900,0.0034964576239817635,0.0034903592270802974,-0.16452195302732808,0.01948465089325776,15.927044219451528,-0.2890363447023486,-0.008977966730065567,-0.010231102020453187,-0.006198971388725716,-0.008814008503522208,0.011595330064097516,0.008546056880570635,44.17610077241913,0.010282014100112313,0.02501529996895317,-0.014733285868840856,2.1972245773362196,7.1851115226745605,2023-05-24,-0.005807036520646625
2023-05-24,8,0.1773761941003613,0.7903352245406684,0.5,0.375,0.125,1,2023-05-24,2023-05-24,2023-05-24,7.143387317657471,8.5600004196167,8.600000381469727,8.550000190734863,8.600000381469727,8130600,2023-05-24,7.143387317657471,-0.0058070365206466,0.0,0.0023363286624338,8.600000381469727,8.600000381469727,8.550000190734863,8130600,-0.005807036520646625,-0.005823962917166803,-0.1693736045582969,0.0069995071681567215,15.911145402531005,-0.015773099783316535,-0.011318919710308406,-0.014392518820567357,-0.008011974643637232,-0.011952458830877588,0.011669941016921566,0.008551091325534662,40.559127969096124,0.0008958435415609145,0.02019140868347472,-0.019295565141913804,2.1972245773362196,7.143387317657471,2023-05-25,0.0
2023-05-25,7,-0.2687281171259071,0.5176066192073806,0.1428571428571428,0.4285714285714285,0.4285714285714285,1,2023-05-25,2023-05-25,2023-05-25,7.143387317657471,8.5600004196167,8.619999885559082,8.5600004196167,8.579999923706055,9154400,2023-05-25,7.143387317657471,0.0,0.0023363286624338,0.002330949550436,8.579999923706055,8.619999885559082,8.5600004196167,9154400,0.0,0.0,-0.16743736816119364,0.00839930179819207,16.029745305222725,0.12591936634442713,-0.006730033241938549,-0.012345593549927258,-0.005355619458191407,-0.009800582873137897,0.010793752752079883,0.008301541764615467,40.559127969096124,-0.006468202833845638,0.01485948638001065,-0.021327689213856287,2.0794415416798357,7.143387317657471,2023-05-26,0.0023363286624338286
2023-05-26,8,-0.2665637743193657,0.3962884803801505,0.375,0.625,0.0,1,2023-05-26,2023-05-26,2023-05-26,7.16007661819458,8.579999923706055,8.609999656677246,8.5600004196167,8.569999694824219,5321800,2023-05-26,7.16007661819458,0.0023363286624338,0.002330949550436,-0.0011627312091009,8.569999694824219,8.609999656677246,8.5600004196167,5321800,0.0023363286624338286,0.0023336036900865054,-0.16451845120614766,0.006983058942901958,15.487322337862764,-0.4186620641440182,0.00023311598711384107,-0.008780068922134676,-0.0020232468841838713,-0.006134201794353644,0.010802200606754953,0.008296411992286359,42.73419509294685,-0.010832702910376746,0.009721048521933172,-0.02055375143230992,2.1972245773362196,7.16007661819458,2023-05-29,0.002330949550436001
2023-05-29,7,0.1831063547038606,0.58244383104176,0.5714285714285714,0.2857142857142857,0.1428571428571428,2,2023-05-27,2023-05-29,2023-05-29,7.176766395568848,8.600000381469727,8.619999885559082,8.579999923706055,8.59000015258789,6150800,2023-05-29,7.176766395568848,0.002330949550436,-0.0011627312091009,0.0069847744369655,8.59000015258789,8.619999885559082,8.579999923706055,6150800,0.002330949550436001,0.002328237101768771,-0.16452080697498953,0.005573535440379462,15.632092875204139,0.15577436205795037,0.00209733234963716,-0.00543548945606076,0.00020197065509197643,-0.003125620114215355,0.003732554090720298,0.008367616370157482,44.90536539844717,-0.01279735516942182,0.005217367783662174,-0.018014722953083994,2.0794415416798357,7.176766395568848,2023-05-30,-0.0011627312091009312
2023-05-30,5,-0.6253120094537735,0.1430079771368477,0.0,1.0,0.0,1,2023-05-30,2023-05-30,2023-05-30,7.168421745300293,8.59000015258789,8.649999618530273,8.579999923706055,8.619999885559082,8271900,2023-05-30,7.168421745300293,-0.0011627312091009,0.0069847744369655,-0.0057803155102094,8.619999885559082,8.649999618530273,8.579999923706055,8271900,-0.0011627312091009312,-0.001163407705472963,-0.16839653822856654,0.009765007879190622,15.928374907573623,0.34484945047798665,0.0013988957592248052,-0.004980910048117071,-0.0006408688850770838,-0.0035084107909586493,0.0033505627455422426,0.008133348115343999,44.0069806447325,-0.014856443938879416,0.0012026054391538555,-0.01605904937803327,1.791759469228055,7.168421745300293,2023-05-31,0.006984774436965546
2023-05-31,9,-0.0718984086480405,0.8597934700960844,0.4444444444444444,0.5555555555555556,0.0,1,2023-05-31,2023-05-31,2023-05-31,7.218491554260254,8.649999618530273,8.649999618530273,8.579999923706055,8.609999656677246,59731000,2023-05-31,7.218491554260254,0.0069847744369655,-0.0057803155102094,-0.0023255288599852,8.609999656677246,8.649999618530273,8.579999923706055,59731000,0.006984774436965546,0.006960493897161246,-0.16161534934996735,0.009697274603432332,17.90536172331576,6.220952864517221,0.006281909221374393,0.0026659516238396463,0.004217374236356264,0.0028224761924442454,0.003123523746031157,0.008561578839647619,50.41687028872007,-0.012306213126816345,-0.0014991582740401846,-0.01080705485277616,2.302585092994046,7.218491554260254,2023-06-01,-0.005780315510209411
2023-06-01,7,-0.1831813189866287,0.8443515753939629,0.4285714285714285,0.5714285714285714,0.0,1,2023-06-01,2023-06-01,2023-06-01,7.176766395568848,8.600000381469727,8.649999618530273,8.59000015258789,8.600000381469727,8702900,2023-06-01,7.176766395568848,-0.0057803155102094,-0.0023255288599852,0.0,8.600000381469727,8.649999618530273,8.59000015258789,8702900,-0.005780315510209411,-0.005797086191688283,-0.1654923166012291,0.008360236718785816,15.979166976319153,-0.85429843799702,-0.0004649161011922587,-0.001277496484593743,-0.001058772888493209,-0.0024347154112585034,0.004743624016833433,0.00837813697640176,45.71979338511124,-0.013496429985890401,-0.0038986126164102285,-0.009597817369480174,2.0794415416798357,7.176766395568848,2023-06-06,-0.002325528859985271
2023-06-06,10,0.2544186566025018,0.6085160176125147,0.6,0.3,0.1,3,2023-06-04,2023-06-06,2023-06-06,7.16007661819458,8.579999923706055,8.630000114440918,8.550000190734863,8.569999694824219,7838300,2023-06-06,7.16007661819458,0.0,0.0,0.002330949550436,8.569999694824219,8.630000114440918,8.550000190734863,7838300,-0.002325528859985271,-0.002328237101768771,-0.16451845120614766,0.011173054140617106,15.874532659658088,-0.09934619494651209,-0.0027893637853667608,-0.001280410667893972,-0.0022571040823250454,-0.0038934785600784894,0.004857778064308233,0.008253810631799518,43.95576776544267,-0.015606508854212997,-0.006240191863970783,-0.009366316990242214,2.3978952727983707,7.16007661819458,2023-06-07,0.0
2023-06-07,2,-0.7146116252988578,0.1962666914294879,0.0,1.0,0.0,1,2023-06-07,2023-06-07,2023-06-07,7.16007661819458,8.579999923706055,8.600000381469727,8.5600004196167,8.600000381469727,5694000,2023-06-07,7.16007661819458,0.0,0.002330949550436,0.0023255288599852,8.600000381469727,8.600000381469727,8.5600004196167,5694000,0.0,0.0,-0.16743298830285236,0.005586527070308553,15.554923722443569,-0.2735669724302463,-0.0023255553748929847,-0.001280410667893972,-0.0015058690225895344,-0.003187830048781981,0.004688176621687662,0.004024884605050221,43.95576776544267,-0.01708185259601347,-0.00840852401037932,-0.00867332858563415,1.0986122886681098,7.16007661819458,2023-06-08,0.002330949550436001
2023-06-08,7,-0.0433225543238222,0.7886868109076075,0.4285714285714285,0.4285714285714285,0.1428571428571428,1,2023-06-08,2023-06-08,2023-06-08,7.176766395568848,8.600000381469727,8.600000381469727,8.569999694824219,8.600000381469727,4977100,2023-06-08,7.176766395568848,0.002330949550436,0.0023255288599852,0.0011601660929361,8.600000381469727,8.600000381469727,8.569999694824219,4977100,0.002330949550436001,0.002328237101768771,-0.1654923166012291,0.004180251242959662,15.42035815098419,-0.12590446083596774,-0.0002325187409946139,0.0011640913863988356,0.0005475636613803125,-0.000707274830487048,0.004815282179699611,0.003928337596111386,46.35620042578594,-0.016711705451090353,-0.010069160298521528,-0.006642545152568825,2.0794415416798357,7.176766395568848,2023-06-09,0.002325528859985271
2023-06-09,2,0.4321152595803142,0.6892855803008623,0.5,0.5,0.0,1,2023-06-09,2023-06-09,2023-06-09,7.193456172943115,8.619999885559082,8.649999618530273,8.59000015258789,8.609999656677246,3179100,2023-06-09,7.193456172943115,0.0023255288599852,0.0011601660929361,-0.0011588216673299,8.609999656677246,8.649999618530273,8.59000015258789,3179100,0.002325528859985271,0.002322829002666671,-0.16452305925884328,0.00834083985498653,14.972109010385422,-0.36125454581985494,0.0027919331762176203,0.002791913178731731,0.0019144096929972765,0.0013222916286796949,0.003438092387378697,0.0034276039585432938,48.72146067087819,-0.014899879088873469,-0.011035304056591916,-0.0038645750322815527,1.0986122886681098,7.193456172943115,2023-06-12,0.0011601660929361213
2023-06-12,8,0.3300785943865776,0.7106413868889692,0.5,0.25,0.25,3,2023-06-10,2023-06-12,2023-06-12,7.201801776885986,8.630000114440918,8.65999984741211,8.600000381469727,8.619999885559082,5126600,2023-06-12,7.201801776885986,0.0011601660929361,-0.0011588216673299,-0.0023201333229836,8.619999885559082,8.65999984741211,8.600000381469727,5126600,0.0011601660929361213,0.0011594936203240813,-0.16452414472173896,0.008331174309038842,15.449953424448976,0.6125947595231356,0.0032550630949208514,0.003138445514204724,0.002049096328409661,0.0020314394579861172,0.0019466575482121756,0.003420755331916485,49.910772250523195,-0.012644811634840103,-0.011357205572241555,-0.001287606062598548,2.1972245773362196,7.201801776885986,2023-06-13,-0.0011588216673299456
2023-06-13,4,-0.2743409108370542,0.3668138624199923,0.5,0.5,0.0,1,2023-06-13,2023-06-13,2023-06-13,7.193456172943115,8.619999885559082,8.649999618530273,8.609999656677246,8.619999885559082,4022900,2023-06-13,7.193456172943115,-0.0011588216673299,-0.0023201333229836,0.0,8.619999885559082,8.649999618530273,8.609999656677246,4022900,-0.0011588216673299456,-0.0011594936203240813,-0.16549231224536645,0.005560604095077408,15.207513842128012,-0.21528888542113678,0.0011613940466215222,0.0015103411495678287,0.0005917582751551187,0.0007119213011650416,0.0015158496454802557,0.003427163766588217,48.69451694732717,-0.01139966666048764,-0.011365697789890772,-3.3968870596867706e-05,1.6094379124341003,7.193456172943115,2023-06-14,-0.002320133322983642
2023-06-14,3,0.6079416622718176,0.3278654064645608,1.0,0.0,0.0,1,2023-06-14,2023-06-14,2023-06-14,7.176766395568848,8.600000381469727,8.649999618530273,8.59000015258789,8.630000114440918,4709200,2023-06-14,7.176766395568848,-0.0023201333229836,0.0,-0.0034883929526529,8.630000114440918,8.649999618530273,8.59000015258789,4709200,-0.002320133322983642,-0.002322829002666671,-0.1683932444497095,0.008360236718785816,15.36502881253645,0.17059832459171242,-0.0016252444151749756,-0.0008132963662460524,-0.0011538306160169265,-0.0013175469190441769,0.0021107062496777203,0.0034620504717747178,46.26637863517692,-0.011625593247071464,-0.01141767688132691,-0.0002079163657445534,1.3862943611198906,7.176766395568848,2023-06-15,0.0
2023-06-15,5,-0.4634043879806996,0.6700499797747316,0.2,0.8,0.0,1,2023-06-15,2023-06-15,2023-06-15,7.176766395568848,8.600000381469727,8.630000114440918,8.579999923706055,8.600000381469727,3846900,2023-06-15,7.176766395568848,0.0,-0.0034883929526529,0.0093348784896281,8.600000381469727,8.630000114440918,8.579999923706055,3846900,0.0,0.0,-0.1654923166012291,0.0069669525213660165,15.162778447064852,-0.1831096576913276,-0.0016252444151749756,-0.000929366950138788,-0.0007695163745287115,-0.0010782512331434235,0.0018357523695678815,0.003437901030067839,46.26637863517692,-0.011670115863372743,-0.011468164677736079,-0.0002019511856366646,1.791759469228055,7.176766395568848,2023-06-16,-0.003488392952652908
2023-06-16,6,0.4677200206400205,0.5388735421535826,0.8333333333333334,0.1666666666666666,0.0,1,2023-06-16,2023-06-16,2023-06-16,7.151731014251709,8.569999694824219,8.619999885559082,8.569999694824219,8.619999885559082,22042500,2023-06-16,7.151731014251709,-0.0034883929526529,0.0093348784896281,0.0,8.619999885559082,8.619999885559082,8.569999694824219,22042500,-0.003488392952652908,-0.0034944915824242084,-0.17033281795828503,0.00699134106627119,16.908483011310224,4.729938391951961,-0.003951660784410116,-0.003488392952652908,-0.0028408461142123143,-0.0037363675100360316,0.0018368508949112617,0.0026105327569160455,42.57318142583504,-0.013569129917245348,-0.011888357725637934,-0.0016807721916074145,1.9459101490553132,7.151731014251709,2023-06-19,0.009334878489628107
2023-06-19,10,-0.2638778873719275,0.594540133589405,0.3,0.7,0.0,1,2023-06-19,2023-06-19,2023-06-19,7.218491554260254,8.649999618530273,8.649999618530273,8.5600004196167,8.569999694824219,3264000,2023-06-19,7.218491554260254,0.0093348784896281,0.0,0.0104045547068312,8.569999694824219,8.649999618530273,8.5600004196167,3264000,0.009334878489628107,0.009291577774112492,-0.157702239053777,0.012467867869216795,14.998464301438636,-0.8519224225927187,0.004879171606890109,0.005229489247214003,0.004302400337444556,0.00454746283295826,0.005121369151004869,0.0036544924364169448,53.282601528933775,-0.009576700358575607,-0.011426026252225469,0.0018493258936498613,2.3978952727983707,7.218491554260254,2023-06-20,0.0
2023-06-20,7,-0.0513990432955324,0.6824824893356143,0.4285714285714285,0.5714285714285714,0.0,1,2023-06-20,2023-06-20,2023-06-20,7.218491554260254,8.649999618530273,8.649999618530273,8.609999656677246,8.649999618530273,6681500,2023-06-20,7.218491554260254,0.0,0.0104045547068312,0.0011443678488858,8.649999618530273,8.649999618530273,8.609999656677246,6681500,0.0,0.0,-0.16549226906361966,0.005541318647026735,15.714853220870232,1.0470281862745097,0.004179228353506925,0.004412427739330926,0.0028641593049762992,0.003717577673093775,0.005054820186149911,0.0035201649523360855,53.282601528933775,-0.006339592295701024,-0.01040873946092058,0.0040691471652195554,2.0794415416798357,7.218491554260254,2023-06-21,0.010404554706831215
2023-06-21,7,-0.0567711495927402,0.4908447807928441,0.2857142857142857,0.5714285714285714,0.1428571428571428,1,2023-06-21,2023-06-21,2023-06-21,7.2935967445373535,8.739999771118164,8.75,8.630000114440918,8.649999618530273,4738400,2023-06-21,7.2935967445373535,0.0104045547068312,0.0011443678488858,-0.0011430597680379,8.649999618530273,8.75,8.630000114440918,4738400,0.010404554706831215,0.01035079986943055,-0.15680958772381856,0.016452772172927947,15.371210294986572,-0.29081793010551527,0.011339903592854972,0.012980917771600042,0.00882654954417128,0.011556364914284245,0.006219813876928321,0.004617873428321212,62.42516115061006,0.0022601467761846905,-0.007874962213499526,0.010135108989684217,2.0794415416798357,7.2935967445373535,2023-06-22,0.00114436784888583
2023-06-22,6,0.0351933740700284,0.50051622089628,0.3333333333333333,0.3333333333333333,0.3333333333333333,1,2023-06-22,2023-06-22,2023-06-22,7.301943302154541,8.75,8.789999961853027,8.729999542236328,8.729999542236328,8575800,2023-06-22,7.301943302154541,0.0011443678488858,-0.0011430597680379,-0.0045764907329675,8.729999542236328,8.789999961853027,8.729999542236328,8575800,0.00114436784888583,0.001143713559117021,-0.16358033390182375,0.008217048138266871,15.964454957732451,0.8098514266419043,0.00899458476563697,0.012380081173481772,0.006631947611748901,0.01037833799675636,0.006090015059238085,0.004619639941119802,63.2850730284152,0.009637899684859619,-0.004372389833827697,0.014010289518687316,1.9459101490553132,7.301943302154541,2023-06-23,-0.0011430597680379684
2023-06-23,4,-0.25308857858181,0.7039188718670025,0.25,0.75,0.0,1,2023-06-23,2023-06-23,2023-06-23,7.2935967445373535,8.739999771118164,8.75,8.720000267028809,8.75,5713300,2023-06-23,7.2935967445373535,-0.0011430597680379,-0.0045764907329675,0.0011494977597206,8.75,8.75,8.720000267028809,5713300,-0.0011430597680379684,-0.001143713559117021,-0.16644608633858818,0.004113160354479448,15.558307523173239,-0.3337881014016185,0.0039052842232674134,0.009820833063148182,0.003647540324543952,0.007533796531495662,0.005478857208280751,0.004700321829259257,61.762882343506625,0.014642534550571185,-0.0005694049569479206,0.015211939507519106,1.6094379124341003,7.2935967445373535,2023-06-26,-0.004576490732967509
2023-06-26,11,0.1746199890463189,0.6845005941199351,0.5454545454545454,0.4545454545454545,0.0,1,2023-06-26,2023-06-26,2023-06-26,7.260217666625977,8.699999809265137,8.75,8.680000305175781,8.739999771118164,5306800,2023-06-26,7.260217666625977,-0.0045764907329675,0.0011494977597206,0.0022960934528404,8.739999771118164,8.75,8.680000305175781,5306800,-0.004576490732967509,-0.004586994927165744,-0.16931145803712871,0.009641542173865642,15.484499763462358,-0.07114977333590045,-0.0018356236705180384,0.004387063278677994,-0.0006306276782332976,0.002390134103412267,0.00559059195820982,0.005067664335535698,55.96540514431603,0.015733959816524923,0.002691267997746648,0.013042691818778275,2.4849066497880004,7.260217666625977,2023-06-27,0.001149497759720619
2023-06-27,6,0.007336327418064,0.6987034745409927,0.5,0.3333333333333333,0.1666666666666666,1,2023-06-27,2023-06-27,2023-06-27,7.268563270568848,8.710000038146973,8.739999771118164,8.6899995803833,8.729999542236328,5553800,2023-06-27,7.268563270568848,0.0011494977597206,0.0022960934528404,-0.0114547564968364,8.729999542236328,8.739999771118164,8.6899995803833,5553800,0.001149497759720619,0.001148837593029084,-0.16740393451304927,0.0068789647793696925,15.529993116174563,0.04654405668199302,-0.002062209490940159,0.004497890033324792,0.0003453704669087454,0.0028964448399804166,0.005554178827817301,0.0050198763380172075,57.05091440905862,0.017075506879977276,0.005568115774192774,0.011507391105784501,1.9459101490553132,7.268563270568848,2023-06-28,0.002296093452840431
2023-06-28,6,0.6479801307432355,0.3476067480407953,1.0,0.0,0.0,1,2023-06-28,2023-06-28,2023-06-28,7.285252571105957,8.729999542236328,8.779999732971191,8.710000038146973,8.720000267028809,6424900,2023-06-28,7.285252571105957,0.0022960934528404,-0.0114547564968364,0.0139050654781913,8.720000267028809,8.779999732971191,8.710000038146973,6424900,0.002296093452840431,0.0022934614583687285,-0.16453528119119168,0.009608410160252311,15.675691780066533,0.1568475638301703,0.00045837670995796387,0.005297116599469076,0.00175995453106359,0.004249864319431085,0.0027339817901516246,0.004885939010640889,59.21609149160034,0.019263324059374476,0.008307157431229116,0.01095616662814536,1.9459101490553132,7.285252571105957,2023-06-30,-0.011454756496836471
2023-06-30,13,-0.1625765215318936,0.7061862147801747,0.3846153846153846,0.6153846153846154,0.0,2,2023-06-29,2023-06-30,2023-06-30,7.201801776885986,8.630000114440918,8.739999771118164,8.600000381469727,8.729999542236328,11019400,2023-06-30,7.201801776885986,-0.0114547564968364,0.0139050654781913,-0.0057143192985698,8.729999542236328,8.739999771118164,8.600000381469727,11019400,-0.011454756496836471,-0.011520867562360149,-0.1750512995970753,0.019439495002176017,16.21516800449484,0.7151084063565192,-0.008273969833740513,-0.0065615152886748795,-0.006497682790984394,-0.005942579082850452,0.005530826391355028,0.006390830277213728,46.57305826621775,0.014100857364040209,0.009465897417791335,0.004634959946248874,2.6390573296152584,7.201801776885986,2023-07-03,0.01390506547819137
2023-07-03,8,0.4466861133114435,0.4491375923551219,0.625,0.25,0.125,1,2023-07-03,2023-07-03,2023-07-03,7.301943302154541,8.75,8.779999732971191,8.649999618530273,8.649999618530273,4420600,2023-07-03,7.301943302154541,0.0139050654781913,-0.0057143192985698,0.0,8.649999618530273,8.779999732971191,8.649999618530273,4420600,0.01390506547819137,0.013809276997245101,-0.15584466772552083,0.017803495461620418,15.301786217661089,-0.5988347822930469,0.00528495769557602,0.005169526171851624,0.0048661527233249124,0.0064379300085439795,0.009377523417222103,0.00749635343636383,58.12666338041024,0.01788399393625273,0.011149516721483614,0.006734477214769115,2.1972245773362196,7.301943302154541,2023-07-04,-0.005714319298569803
2023-07-04,10,-0.3319230089895427,0.7095673495427793,0.3,0.6,0.1,1,2023-07-04,2023-07-04,2023-07-04,7.260217666625977,8.699999809265137,8.75,8.6899995803833,8.75,4200200,2023-07-04,7.260217666625977,-0.0057143192985698,0.0,0.0034482305668412,8.75,8.75,8.6899995803833,4200200,-0.005714319298569803,-0.005730708486282765,-0.1702608380998884,0.008264272831999412,15.250642939251337,-0.049857485409220414,-0.00045956153874582295,-0.001148066535258896,-0.0005841527845268368,0.0005618753712233193,0.00953680414656926,0.007393774871026934,52.985216428945606,0.01731564290153287,0.012382741957493466,0.004932900944039403,2.3978952727983707,7.260217666625977,2023-07-05,0.0
2023-07-05,6,0.1008984558284282,0.6397210388434555,0.5,0.5,0.0,1,2023-07-05,2023-07-05,2023-07-05,7.260217666625977,8.699999809265137,8.729999542236328,8.670000076293945,8.670000076293945,3847000,2023-07-05,7.260217666625977,0.0,0.0034482305668412,-0.0068728277171478,8.670000076293945,8.729999542236328,8.670000076293945,3847000,0.0,0.0,-0.16260465943047495,0.008264141475839005,15.162804441677212,-0.08409123375077376,-0.00022982045113095761,-0.0017211412809293725,-0.00038951103433648715,0.0004596692533951341,0.009517095275522918,0.007393774871026934,52.98521642894562,0.016673024365481126,0.013240798439090998,0.0034322259263901284,1.9459101490553132,7.260217666625977,2023-07-06,0.0034482305668412927
2023-07-06,4,-0.5075389072299004,0.4113014303380602,0.25,0.75,0.0,1,2023-07-06,2023-07-06,2023-07-06,7.285252571105957,8.729999542236328,8.729999542236328,8.6899995803833,8.720000267028809,8449400,2023-07-06,7.285252571105957,0.0034482305668412,-0.0068728277171478,0.0,8.720000267028809,8.729999542236328,8.6899995803833,8449400,0.0034482305668412927,0.0034422990513978124,-0.16453528119119168,0.00549053879225426,15.94960610924675,1.1963608006238626,0.0032176176418057256,0.0018360973151905213,0.002036175820460784,0.003196397387076333,0.009605977878678439,0.006659750411185964,55.71115854848382,0.01797662872605965,0.01418796449648473,0.003788664229574922,1.6094379124341003,7.285252571105957,2023-07-07,-0.006872827717147811
2023-07-07,6,-0.3770379181951284,0.4666357077382047,0.3333333333333333,0.6666666666666666,0.0,1,2023-07-07,2023-07-07,2023-07-07,7.235182285308838,8.670000076293945,8.729999542236328,8.670000076293945,8.729999542236328,4282500,2023-07-07,7.235182285308838,-0.0068728277171478,0.0,0.0080736679360693,8.729999542236328,8.729999542236328,8.670000076293945,4282500,-0.006872827717147811,-0.006896554372866959,-0.17122764436532478,0.00829273729069864,15.270047742688849,-0.4931592775818401,-0.004592436557358526,-0.004135077536838616,-0.0032390012044776206,-0.003027998641785712,0.00837536731368485,0.006969403571586764,49.526209904099055,0.014798898475165245,0.014310151292220833,0.0004887471829444125,1.9459101490553132,7.235182285308838,2023-07-10,0.0
2023-07-10,10,0.3299165195319801,0.5589283227869557,0.8,0.2,0.0,1,2023-07-10,2023-07-10,2023-07-10,7.235182285308838,8.670000076293945,8.699999809265137,8.65999984741211,8.670000076293945,4183300,2023-07-10,7.235182285308838,0.0,0.0080736679360693,0.0011443678488858,8.670000076293945,8.699999809265137,8.65999984741211,4183300,0.0,0.0,-0.16549224663887555,0.005528535464026657,15.246611205760422,-0.023164039696438987,-0.002760527720056527,-0.0033337296804293315,-0.002161668018089813,-0.0024788181356333316,0.004332307155136645,0.006974277987255098,49.52620990409906,0.012140575361500261,0.01387623610607672,-0.0017356607445764595,2.3978952727983707,7.235182285308838,2023-07-11,0.00807366793606934
2023-07-11,4,0.7472152279224247,0.2965890662250753,1.0,0.0,0.0,1,2023-07-11,2023-07-11,2023-07-11,7.2935967445373535,8.739999771118164,8.739999771118164,8.65999984741211,8.65999984741211,6327700,2023-07-11,7.2935967445373535,0.0080736679360693,0.0011443678488858,-0.0022857930222026,8.65999984741211,8.739999771118164,8.65999984741211,6327700,0.00807366793606934,0.00804125024863489,-0.1577832710104587,0.010968514781951964,15.66044753699724,0.5126096622283842,0.004366693804304322,0.004251262089637109,0.0039219920961317545,0.004556611371391739,0.005476937944221235,0.007346849490250763,56.11782328813332,0.014579332343534368,0.014016855353568251,0.000562476989966117,1.6094379124341003,7.2935967445373535,2023-07-12,0.00114436784888583
2023-07-12,7,0.8031187833153776,0.1276083913082672,1.0,0.0,0.0,1,2023-07-12,2023-07-12,2023-07-12,7.301943302154541,8.75,8.760000228881836,8.710000038146973,8.739999771118164,4733200,2023-07-12,7.301943302154541,0.0011443678488858,-0.0022857930222026,0.0080183753644551,8.739999771118164,8.760000228881836,8.710000038146973,4733200,0.00114436784888583,0.001143713559117021,-0.16453735773721231,0.006847518347630832,15.370112275766076,-0.251987293961471,0.004361878262508334,0.004938617328636097,0.003374860961965931,0.004663865191137262,0.005452223407576115,0.007346797965375597,56.982283250672815,0.016989715403268768,0.014611427363508355,0.002378288039760413,2.0794415416798357,7.301943302154541,2023-07-13,-0.0022857930222026646
2023-07-13,9,0.2612132483886348,0.6767606657710581,0.6666666666666666,0.2222222222222222,0.1111111111111111,1,2023-07-13,2023-07-13,2023-07-13,7.285252571105957,8.729999542236328,8.779999732971191,8.729999542236328,8.75,5238100,2023-07-13,7.285252571105957,-0.0022857930222026,0.0080183753644551,0.0056818517544783,8.75,8.779999732971191,8.729999542236328,5238100,-0.0022857930222026646,-0.0022884094348849526,-0.1673997061593192,0.006863206216510469,15.471469586032663,0.10667201893011069,0.002066114889409665,0.002641535649404503,0.0007206427141936977,0.0019361396879040704,0.005453292497562699,0.007363984412986911,54.663261054932384,0.017353122840458646,0.015159766458898414,0.002193356381560232,2.302585092994046,7.285252571105957,2023-07-14,0.008018375364455155
2023-07-14,5,0.9007112169638276,0.0632725562499702,1.0,0.0,0.0,1,2023-07-14,2023-07-14,2023-07-14,7.343668460845947,8.800000190734863,8.829999923706055,8.729999542236328,8.729999542236328,16087300,2023-07-14,7.343668460845947,0.0080183753644551,0.0056818517544783,-0.0033899149899917,8.729999542236328,8.829999923706055,8.729999542236328,16087300,0.008018375364455155,0.007986399011250311,-0.15880081948266062,0.013617224416229584,16.59354076095764,2.0712090261736127,0.007095487404928047,0.00871162567963868,0.005812920040753733,0.008142544975465293,0.0047777789940518225,0.0065172262342977245,60.69272034141683,0.022100044397681096,0.01654782204665495,0.005552222351026145,1.791759469228055,7.343668460845947,2023-07-17,0.005681851754478329
2023-07-17,7,0.3132041145914367,0.7912540179378622,0.7142857142857143,0.2857142857142857,0.0,2,2023-07-16,2023-07-17,2023-07-17,7.385394096374512,8.850000381469727,8.850000381469727,8.789999961853027,8.800000190734863,8706900,2023-07-17,7.385394096374512,0.0056818517544783,-0.0033899149899917,-0.0022675224267757,8.800000190734863,8.850000381469727,8.789999961853027,8706900,0.005681851754478329,0.0056657709186609395,-0.1607506890567717,0.008124200121717731,15.979626487584174,-0.4587718262231698,0.008662020249417424,0.013281488081342552,0.007655781856221955,0.011320174232873237,0.004559510983023892,0.005237319577029347,64.34073918343752,0.028895830851940474,0.019017423807712056,0.009878407044228418,2.0794415416798357,7.385394096374512,2023-07-18,-0.003389914989991749
2023-07-18,7,-0.2862280218728951,0.8297854185108606,0.2857142857142857,0.7142857142857143,0.0,1,2023-07-18,2023-07-18,2023-07-18,7.360358238220215,8.819999694824219,8.850000381469727,8.789999961853027,8.850000381469727,6517200,2023-07-18,7.360358238220215,-0.0033899149899917,-0.0022675224267757,-0.002272675770053,8.850000381469727,8.850000381469727,8.789999961853027,6517200,-0.003389914989991749,-0.003395673770011154,-0.16832113887458677,0.008151834146486833,15.689955547251053,-0.25149019742962475,0.0034129244671230463,0.008460989129582153,0.002822620388078345,0.006447744873756767,0.004944442243505551,0.004942112764550362,60.70057403132694,0.031893705276992534,0.021592680101568153,0.010301025175424382,2.0794415416798357,7.360358238220215,2023-07-20,-0.0022675224267757477
2023-07-20,8,0.4749125314410776,0.3513683813104858,0.875,0.0,0.125,2,2023-07-19,2023-07-20,2023-07-20,7.343668460845947,8.800000190734863,8.850000381469727,8.789999961853027,8.850000381469727,9032300,2023-07-20,7.343668460845947,-0.0022675224267757,-0.002272675770053,0.015945358610961,8.850000381469727,8.850000381469727,8.789999961853027,9032300,-0.0022675224267757477,-0.0022700971486497856,-0.17020698934406392,0.008170360622433046,16.016317710208508,0.3859172650831646,1.2986347774912588e-08,0.005025155469752685,0.0003657315121785576,0.0034056404801845463,0.005286946472828152,0.005063094191985872,58.33133068124012,0.032547628010046736,0.02378366968326387,0.008763958326782867,2.1972245773362196,7.343668460845947,2023-07-21,-0.0022726757700530786
2023-07-21,5,0.4081733781844378,0.4102129984447227,1.0,0.0,0.0,1,2023-07-21,2023-07-21,2023-07-21,7.32697868347168,8.779999732971191,8.8100004196167,8.770000457763672,8.800000190734863,6196300,2023-07-21,7.32697868347168,-0.002272675770053,0.015945358610961,0.0067262403767749,8.800000190734863,8.8100004196167,8.770000457763672,6196300,-0.0022726757700530786,-0.002275262217144469,-0.16738880401548897,0.005459270946599029,15.639463059067797,-0.3139842565016663,-0.003405176579244551,0.00216877375895419,-0.0012726596142685898,0.0009204501559185729,0.005284817325091407,0.0050982783703202314,55.97833290801735,0.031357669243865516,0.0252984695953842,0.006059199648481315,1.791759469228055,7.32697868347168,2023-07-24,0.015945358610961025
2023-07-24,12,0.107177901508597,0.6611169273796796,0.5833333333333334,0.4166666666666667,0.0,1,2023-07-24,2023-07-24,2023-07-24,7.443809986114502,8.920000076293945,8.930000305175781,8.779999732971191,8.779999732971191,6344700,2023-07-24,7.443809986114502,0.015945358610961,0.0067262403767749,0.0022272485853889,8.779999732971191,8.930000305175781,8.779999732971191,6344700,0.015945358610961025,0.015819566815322705,-0.152185624999389,0.02015104798273964,15.663130534300803,0.02394977647951202,0.009735171632329509,0.01525162679709502,0.00972079298673001,0.01376904678892199,0.008228214312944822,0.006344550269149338,66.24357936923224,0.03938788900547152,0.028116353477401664,0.011271535528069858,2.5649493574615367,7.443809986114502,2023-07-25,0.006726240376774939
2023-07-25,5,0.4960168337449431,0.8160337653872358,0.8,0.2,0.0,1,2023-07-25,2023-07-25,2023-07-25,7.493878841400146,8.979999542236328,9.039999961853027,8.920000076293945,8.920000076293945,16470100,2023-07-25,7.493878841400146,0.0067262403767749,0.0022272485853889,-0.0011111177421651,8.920000076293945,9.039999961853027,8.920000076293945,16470100,0.006726240376774939,0.006703720149876524,-0.15987906084035822,0.016013053866862546,16.61705723449689,1.5958831780856464,0.013543891869788771,0.018486896524853913,0.0109480190809772,0.016781827685511397,0.008334157528893913,0.006363608845327098,69.52348484881617,0.049224603610649176,0.032338003504051166,0.01688660010659801,1.791759469228055,7.493878841400146,2023-07-26,0.002227248585388919
2023-07-26,8,0.5014015499036759,0.3777969752030976,1.0,0.0,0.0,1,2023-07-26,2023-07-26,2023-07-26,7.51056957244873,9.0,9.020000457763672,8.960000038146973,8.979999542236328,12650500,2023-07-26,7.51056957244873,0.0022272485853889,-0.0011111177421651,0.0,8.979999542236328,9.020000457763672,8.960000038146973,12650500,0.002227248585388919,0.0022247719439736358,-0.1636336352664958,0.007988797525663132,16.353207377096638,-0.23191116022367808,0.011690601099350051,0.01775410583482029,0.008761219402937392,0.015529682853537619,0.0076136259319352665,0.006166038833141705,70.55072486294196,0.057701921477719686,0.03741078709878487,0.020291134378934816,2.1972245773362196,7.51056957244873,2023-07-27,-0.001111117742164991
2023-07-27,8,0.721910961670801,0.1384702446401578,1.0,0.0,0.0,1,2023-07-27,2023-07-27,2023-07-27,7.502224445343018,8.989999771118164,9.0600004196167,8.979999542236328,9.0,11107700,2023-07-27,7.502224445343018,-0.0011111177421651,0.0,0.0033370610942837,9.0,9.0600004196167,8.979999542236328,11107700,-0.001111117742164991,-0.0011117354911203137,-0.16641950607299805,0.010663620898469839,16.223149209509632,-0.12195565392672225,0.006268149395221689,0.01387161231723999,0.005080638628540024,0.011752117860605482,0.007387109289895048,0.006279741536717057,69.29313475888455,0.0630204148354796,0.04253271264612382,0.020487702189355778,2.1972245773362196,7.502224445343018,2023-07-28,0.0
2023-07-28,6,0.0376298580861961,0.9498608711591556,0.5,0.5,0.0,1,2023-07-28,2023-07-28,2023-07-28,7.502224445343018,8.989999771118164,9.0,8.960000038146973,8.989999771118164,6829000,2023-07-28,7.502224445343018,0.0,0.0033370610942837,-0.0033259621553739,8.989999771118164,9.0,8.960000038146973,6829000,0.0,0.0,-0.1654922540215036,0.005331746889798424,15.73668895437754,-0.3852012567858333,0.0015596986250512312,0.01090741075925683,0.0033813659195904844,0.009594867338347024,0.006937592731528518,0.006116474988281083,69.29313475888455,0.06646914422021499,0.047319998960942064,0.01914914525927293,1.9459101490553132,7.502224445343018,2023-07-31,0.0033370610942837775
2023-07-31,5,0.6412114365026355,0.3038010916169953,1.0,0.0,0.0,1,2023-07-31,2023-07-31,2023-07-31,7.527259826660156,9.020000457763672,9.0600004196167,8.989999771118164,9.0,13720000,2023-07-31,7.527259826660156,0.0033370610942837,-0.0033259621553739,-0.0044494147923783,9.0,9.0600004196167,8.989999771118164,13720000,0.0033370610942837775,0.0033315054621354534,-0.1636377970377604,0.009299618999546936,16.434365253148307,1.0090789281007466,0.0026678810448204082,0.011777882583100974,0.004476432194268076,0.010581923348304878,0.0030650270748104847,0.0058597067677221264,71.0863451427378,0.07041078148745417,0.05193815546624449,0.01847262602120968,1.791759469228055,7.527259826660156,2023-08-01,-0.0033259621553739516
2023-08-01,7,0.0924145442300608,0.6806012829606859,0.2857142857142857,0.4285714285714285,0.2857142857142857,1,2023-08-01,2023-08-01,2023-08-01,7.502224445343018,8.989999771118164,9.0600004196167,8.960000038146973,9.010000228881836,7015900,2023-08-01,7.502224445343018,-0.0033259621553739,-0.0044494147923783,-0.0055866257055265,9.010000228881836,9.0600004196167,8.960000038146973,7015900,-0.0033259621553739516,-0.0033315054621354534,-0.16734469980429037,0.013329430783932556,15.763689702330268,-0.488637026239067,-0.000889091770860273,0.006831642301083685,0.0007567679393019056,0.005900153435552058,0.0026523145791783023,0.006004689038741644,66.88025691681833,0.07069943232979359,0.05569041083895431,0.015009021490839276,2.0794415416798357,7.502224445343018,2023-08-02,-0.00444941479237837
2023-08-02,7,-0.0869795692685459,0.7413564380459976,0.5714285714285714,0.4285714285714285,0.0,1,2023-08-02,2023-08-02,2023-08-02,7.468843936920166,8.949999809265137,8.989999771118164,8.920000076293945,8.989999771118164,7720100,2023-08-02,7.468843936920166,-0.0044494147923783,-0.0055866257055265,0.0011236664886982,8.989999771118164,8.989999771118164,8.920000076293945,7720100,-0.00444941479237837,-0.004459342898829988,-0.16920532513081463,0.009372226199317756,15.859338004816934,0.10037201214384472,-0.004227884633380863,0.0008946022515983199,-0.002467048767310187,0.00116518710294633,0.0030442828790653745,0.006110671072847977,61.643050019553634,0.06745705915738398,0.05804374050264025,0.009413318654743728,2.0794415416798357,7.468843936920166,2023-08-03,-0.005586625705526593
2023-08-03,6,-0.0896796362164119,0.7082297366381693,0.5,0.5,0.0,1,2023-08-03,2023-08-03,2023-08-03,7.427118301391602,8.899999618530273,8.9399995803833,8.850000381469727,8.930000305175781,6079000,2023-08-03,7.427118301391602,-0.0055866257055265,0.0011236664886982,0.0011224694096143,8.930000305175781,8.9399995803833,8.850000381469727,6079000,-0.005586625705526593,-0.005602289263778815,-0.16829585133531486,0.012117647149461896,15.620350931231586,-0.2125749666455098,-0.007803837140868075,-0.005808830746808935,-0.005374331010139732,-0.003625785652941471,0.003643685947018301,0.0064192458551154555,55.76469482214612,0.060819456154986185,0.058598883633109444,0.0022205725218767403,1.9459101490553132,7.427118301391602,2023-08-04,0.0011236664886982162
2023-08-04,9,0.4988344733655039,0.4457572394178355,0.6666666666666666,0.2222222222222222,0.1111111111111111,1,2023-08-04,2023-08-04,2023-08-04,7.435463905334473,8.90999984741211,9.0,8.890000343322754,8.899999618530273,9106400,2023-08-04,7.435463905334473,0.0011236664886982,0.0011224694096143,0.0056051576085045,8.899999618530273,9.0,8.890000343322754,9106400,0.0011236664886982162,0.0011230356480349535,-0.16455458156948224,0.014793919798108136,16.024488130806017,0.4980095410429346,-0.004913983276492839,-0.006134961348292944,-0.0028418346004730477,-0.002051456612407243,0.003828242631307924,0.00630695949244714,56.655022714269556,0.05559170191031626,0.05799744728855081,-0.0024057453782345486,2.302585092994046,7.435463905334473,2023-08-07,0.0011224694096143573
2023-08-07,8,-0.1840458841761574,0.3953578139087566,0.25,0.375,0.375,1,2023-08-07,2023-08-07,2023-08-07,7.443809986114502,8.920000076293945,8.970000267028809,8.899999618530273,8.90999984741211,4553900,2023-08-07,7.443809986114502,0.0011224694096143,0.0056051576085045,0.0033445655460062,8.90999984741211,8.970000267028809,8.899999618530273,4553900,0.0011224694096143573,0.0011218399118440026,-0.16455554280659826,0.009403873638514769,15.33149478623909,-0.4999231309848019,-0.0015669158690025942,-0.00501937824512122,-0.001149029797875456,-0.0007620935055218103,0.003157521505776957,0.0037589207696681927,57.57465835950839,0.05152814361092961,0.05670358655302657,-0.005175442942096958,2.1972245773362196,7.443809986114502,2023-08-08,0.005605157608504552
2023-08-08,5,0.1272310585714877,0.7128646257407344,0.6,0.4,0.0,1,2023-08-08,2023-08-08,2023-08-08,7.485533714294434,8.970000267028809,9.0,8.920000076293945,8.9399995803833,12847500,2023-08-08,7.485533714294434,0.0056051576085045,0.0033445655460062,0.0,8.9399995803833,9.0,8.920000076293945,12847500,0.005605157608504552,0.005589507167486296,-0.162691938966121,0.01068727050861934,16.368659875684674,1.821208195173368,0.004479207706000299,0.0006692651737645328,0.0029620647909651687,0.00395553200383314,0.004582395952304655,0.003546977119512629,61.92391028967017,0.051085617349571066,0.05557999271233547,-0.004494375362764404,1.791759469228055,7.485533714294434,2023-08-09,0.0033445655460060397
2023-08-09,8,-0.2141164923086762,0.6072040868708121,0.25,0.625,0.125,1,2023-08-09,2023-08-09,2023-08-09,7.51056957244873,9.0,9.0,8.920000076293945,8.949999809265137,13758700,2023-08-09,7.51056957244873,0.0033445655460062,0.0,0.0022222354843302,8.949999809265137,9.0,8.920000076293945,13758700,0.0033445655460060397,0.003338984926363864,-0.16083019748517685,0.010651645382464874,16.43718198194336,0.0709243043393657,0.006711411111809618,0.004016069121012045,0.004202177035416144,0.005975685408105003,0.004184619501394847,0.003644880416743192,64.28954997966974,0.05215389893660394,0.05489477395718916,-0.0027408750205852248,2.1972245773362196,7.51056957244873,2023-08-10,0.0
2023-08-10,5,0.0680963616818189,0.3215823972707548,0.4,0.4,0.2,1,2023-08-10,2023-08-10,2023-08-10,7.51056957244873,9.0,9.0,8.930000305175781,8.989999771118164,13833200,2023-08-10,7.51056957244873,0.0,0.0022222354843302,-0.0022173081035826,8.989999771118164,9.0,8.930000305175781,13833200,0.0,0.0,-0.16456398624417595,0.009320157965249525,16.442582130222,0.0054147557545407565,0.004464274041686922,0.0039040755833394947,0.002797532780941303,0.00488389086202079,0.002239253361888399,0.0036239182210781964,64.28954997966974,0.05239652526334826,0.054395124218420986,-0.0019985989550727265,1.791759469228055,7.51056957244873,2023-08-11,0.002222235484330204
2023-08-11,8,0.4486931227729656,0.4828341428968769,0.625,0.375,0.0,1,2023-08-11,2023-08-11,2023-08-11,7.527259826660156,9.020000457763672,9.020000457763672,8.9399995803833,9.0,11962100,2023-08-11,7.527259826660156,0.0022222354843302,-0.0022173081035826,0.0033334167153096,9.0,9.020000457763672,8.9399995803833,11962100,0.002222235484330204,0.0022197699710151397,-0.1636377970377604,0.010628154098922272,16.297253959955107,-0.1352615446895874,0.004230683334426999,0.0057984097933665435,0.00334505263309115,0.005815458047808697,0.0021547381757022845,0.003683584245900183,65.9263109067523,0.053320922006145466,0.054180283775965885,-0.0008593617698204187,2.1972245773362196,7.527259826660156,2023-08-14,-0.0022173081035827824
2023-08-14,6,0.3889383644176026,0.4596260165772564,0.6666666666666666,0.3333333333333333,0.0,1,2023-08-14,2023-08-14,2023-08-14,7.51056957244873,9.0,9.020000457763672,8.970000267028809,9.020000457763672,6458500,2023-08-14,7.51056957244873,-0.0022173081035826,0.0033334167153096,0.0,9.020000457763672,9.020000457763672,8.970000267028809,6458500,-0.0022173081035827824,-0.0022197699710151397,-0.16734266171968415,0.006657310108447784,15.680907805488909,-0.46008643967196394,0.0002222856461235878,0.0037921070276449864,0.0007466061969763071,0.00293147975737873,0.0030175131747855696,0.0035991338110333807,62.82525994495289,0.052106102343251415,0.053765447489422996,-0.0016593451461715814,1.9459101490553132,7.51056957244873,2023-08-15,0.003333416715309845
2023-08-15,6,0.6002041970690092,0.299511156620651,1.0,0.0,0.0,1,2023-08-15,2023-08-15,2023-08-15,7.535605430603027,9.029999732971191,9.050000190734863,9.0,9.0,6833500,2023-08-15,7.535605430603027,0.0033334167153096,0.0,-0.0066446839301387,9.0,9.050000190734863,9.0,6833500,0.003333416715309845,0.0033278731976311704,-0.16271050771077475,0.006635192247700007,15.737347691724876,0.058063017728574806,0.0022198197660685537,0.00668904131385295,0.0027179757187190123,0.005127969293990731,0.002409373113834351,0.003575802307451983,65.45053982018302,0.052557681293825986,0.0535238942503036,-0.0009662129564776134,1.9459101490553132,7.535605430603027,2023-08-16,0.0
2023-08-16,7,0.2051465761448656,0.4919068787648011,0.5714285714285714,0.4285714285714285,0.0,1,2023-08-16,2023-08-16,2023-08-16,7.535605430603027,9.029999732971191,9.050000190734863,9.010000228881836,9.029999732971191,8915800,2023-08-16,7.535605430603027,0.0,-0.0066446839301387,0.0033445655460062,9.029999732971191,9.050000190734863,9.010000228881836,8915800,0.0,0.0,-0.16549217569870903,0.0053081284870068355,16.003335653813064,0.3047193970878759,0.0015528422679329523,0.005792002131730589,0.0018103436557794783,0.004191703072420561,0.0021643442720141095,0.0031499100480305874,65.45053982018302,0.05231253453095608,0.0532816223064341,-0.0009690877754780225,2.0794415416798357,7.535605430603027,2023-08-17,-0.006644683930138728
2023-08-17,4,0.359567585401237,0.5533576598603399,0.75,0.25,0.0,1,2023-08-17,2023-08-17,2023-08-17,7.485533714294434,8.970000267028809,9.029999732971191,8.949999809265137,9.0,9008200,2023-08-17,7.485533714294434,-0.0066446839301387,0.0033445655460062,-0.0011111177421651,9.0,9.029999732971191,8.949999809265137,9008200,-0.006644683930138728,-0.006666858123995034,-0.16827403174506295,0.01068727050861934,16.013645942611777,0.010363624127952553,-0.004439614164797545,-0.0016695480518815753,-0.0032361408017950177,-0.002030688745345177,0.0039664814597982915,0.00339967809610364,56.23840971859688,0.04752998879148773,0.05213129560344483,-0.004601306811957098,1.6094379124341003,7.485533714294434,2023-08-18,0.0033445655460060397
2023-08-18,5,-0.0362231949344277,0.5762579864946318,0.2,0.8,0.0,1,2023-08-18,2023-08-18,2023-08-18,7.51056957244873,9.0,9.010000228881836,8.960000038146973,8.970000267028809,14576400,2023-08-18,7.51056957244873,0.0033445655460062,-0.0011111177421651,0.0022248980744985,8.970000267028809,9.010000228881836,8.960000038146973,14576400,0.0033445655460060397,0.003338984926363864,-0.16270129890012766,0.006657310108447784,16.494914409080405,0.6181257076885505,-0.0006662391725033023,0.0006670963194823631,6.50653893008446e-05,0.001069179113219354,0.004195595479485088,0.0034951742653497896,59.321369380333934,0.045238490201175985,0.05075273452299106,-0.005514244321815076,1.791759469228055,7.51056957244873,2023-08-21,-0.001111117742164991
2023-08-21,9,0.2444010861217976,0.5412133698010376,0.4444444444444444,0.2222222222222222,0.3333333333333333,2,2023-08-19,2023-08-21,2023-08-21,7.502224445343018,8.989999771118164,9.010000228881836,8.960000038146973,9.0,8039100,2023-08-21,7.502224445343018,-0.0011111177421651,0.0022248980744985,-0.0022199588922338,9.0,9.010000228881836,8.960000038146973,8039100,-0.001111117742164991,-0.0011117354911203137,-0.16641950607299805,0.006664715391966278,15.899827818982885,-0.4484852226887297,-0.001554886452280746,-0.0012220937273792476,-0.0006976597117885897,-3.528568717769964e-05,0.00410645388143149,0.0035580650528614457,57.85819928425412,0.04226191005274149,0.04905456962894115,-0.006792659576199657,2.302585092994046,7.502224445343018,2023-08-22,0.002224898074498549
2023-08-22,6,0.4008657703331362,0.6349331114434056,0.6666666666666666,0.3333333333333333,0.0,1,2023-08-22,2023-08-22,2023-08-22,7.518916130065918,9.010000228881836,9.039999961853027,8.979999542236328,8.989999771118164,9313800,2023-08-22,7.518916130065918,0.0022248980744985,-0.0022199588922338,0.0022248980744985,8.989999771118164,9.039999961853027,8.979999542236328,9313800,0.002224898074498549,0.002222426653871512,-0.16363555934432183,0.007979929364656073,16.047007836610145,0.15856252565585693,0.0011112700729878355,0.0005554153619635738,0.0010166070861927778,0.0017907239291770072,0.0038912299625724622,0.003191191925678941,59.984216951229655,0.040779744785535144,0.04739960466025995,-0.006619859874724805,1.9459101490553132,7.518916130065918,2023-08-23,-0.0022199588922338087
2023-08-23,3,-0.6541378386318683,0.3832070355607468,0.0,1.0,0.0,1,2023-08-23,2023-08-23,2023-08-23,7.502224445343018,8.989999771118164,9.010000228881836,8.979999542236328,9.0,9939200,2023-08-23,7.502224445343018,-0.0022199588922338,0.0022248980744985,0.0011096940635997,9.0,9.010000228881836,8.979999542236328,9939200,-0.0022199588922338087,-0.002222426653871512,-0.16641950607299805,0.00399890550650356,16.111997193108163,0.067147673344929,-0.00022244666986293016,-0.0015548991246675525,-0.0008040622161040734,-0.000354472708323339,0.00395499128422696,0.0031145414363457284,56.89321729227328,0.037822247350022487,0.045484133198212456,-0.00766188584818997,1.3862943611198906,7.502224445343018,2023-08-24,0.002224898074498549
2023-08-24,7,0.4781157795472869,0.4767654003952742,0.8571428571428571,0.1428571428571428,0.0,1,2023-08-24,2023-08-24,2023-08-24,7.518916130065918,9.010000228881836,9.020000457763672,8.970000267028809,9.0,9482300,2023-08-24,7.518916130065918,0.0022248980744985,0.0011096940635997,-0.0022173081035826,9.0,9.020000457763672,8.970000267028809,9482300,0.002224898074498549,0.002222426653871512,-0.16456487443712023,0.006649919997767675,16.064937566298088,-0.0459694945267225,0.0011112319373702828,0.0005553963153228647,0.000945583991933896,0.0015291829337902296,0.0024116943726903073,0.003201279028644827,59.1596167399741,0.03640562737302844,0.04366843203317566,-0.007262804660147219,2.0794415416798357,7.518916130065918,2023-08-25,0.001109694063599731
2023-08-25,7,-0.0826516485373888,0.7207946297282867,0.4285714285714285,0.4285714285714285,0.1428571428571428,1,2023-08-25,2023-08-25,2023-08-25,7.527259826660156,9.020000457763672,9.020000457763672,8.970000267028809,9.0,6904100,2023-08-25,7.527259826660156,0.0011096940635997,-0.0022173081035826,0.0100000596794855,9.0,9.020000457763672,8.970000267028809,6904100,0.001109694063599731,0.0011090788082639413,-0.1636377970377604,0.00664254880079626,15.74762614083886,-0.2718960589730339,0.0017769223175436721,0.0016657066989167468,0.001369945890576485,0.00215943281995834,0.0020187495203507475,0.003138655625087899,60.283710473904655,0.03554645501255216,0.04204403662905096,-0.006497581616498799,2.0794415416798357,7.527259826660156,2023-08-28,-0.0022173081035827824
2023-08-28,10,0.3166189210489393,0.5836829003247699,0.7,0.3,0.0,1,2023-08-28,2023-08-28,2023-08-28,7.51056957244873,9.0,9.020000457763672,8.989999771118164,9.0,4888100,2023-08-28,7.51056957244873,-0.0022173081035826,0.0100000596794855,0.002200107302376,9.0,9.020000457763672,8.989999771118164,4888100,-0.0022173081035827824,-0.0022197699710151397,-0.16549226972791894,0.003994462251646043,15.402314442467885,-0.29200040555611884,-0.000666302576744493,-0.0005552947896277916,-0.0005670939556171595,-5.1270648111279016e-05,0.002276211738743174,0.003138655625087899,56.909394011856115,0.033136810177508025,0.040262591338742375,-0.00712578116123435,2.3978952727983707,7.51056957244873,2023-08-29,0.010000059679485584
2023-08-29,9,0.0507812895294692,0.6569712806855367,0.4444444444444444,0.3333333333333333,0.2222222222222222,1,2023-08-29,2023-08-29,2023-08-29,7.585675716400146,9.09000015258789,9.09000015258789,9.0,9.0,9759300,2023-08-29,7.585675716400146,0.0100000596794855,0.002200107302376,0.0043909312461052,9.0,9.09000015258789,9.0,9759300,0.010000059679485584,0.009950389941766336,-0.15714714262220605,0.011864487219419531,16.093731336972063,0.9965426239234059,0.007537138041153302,0.008767076356353432,0.006265175282295754,0.008124802848083368,0.0050048668145633015,0.004384902647929299,66.10397268934258,0.03686265764272889,0.03958260459953968,-0.002719946956810791,2.302585092994046,7.585675716400146,2023-08-30,0.0022001073023762974
2023-08-30,15,0.4242721457500011,0.786202752446126,0.7333333333333333,0.2666666666666666,0.0,1,2023-08-30,2023-08-30,2023-08-30,7.602365016937256,9.109999656677246,9.149999618530272,9.09000015258789,9.09000015258789,20042600,2023-08-30,7.602365016937256,0.002200107302376,0.0043909312461052,0.0,9.09000015258789,9.149999618530272,9.09000015258789,20042600,0.0022001073023762974,0.0021976906103104987,-0.16365622779743413,0.0078922106224456,16.81337061617805,1.0536923754777496,0.007074853207985843,0.0100897245804632,0.00563677955188413,0.00844639561628302,0.004485220535364742,0.0044026477060601435,67.75068264527236,0.040693021851855526,0.039804688050002854,0.0008883338018526726,2.772588722239781,7.602365016937256,2023-09-01,0.004390931246105234
2023-09-01,9,0.531301706408461,0.3510581891645332,0.7777777777777778,0.0,0.2222222222222222,2,2023-08-31,2023-09-01,2023-09-01,7.635746479034424,9.149999618530272,9.170000076293944,9.109999656677246,9.149999618530272,10690700,2023-09-01,7.635746479034424,0.0043909312461052,0.0,-0.0021858051805743,9.149999618530272,9.170000076293944,9.109999656677246,10690700,0.004390931246105234,0.004381319234351366,-0.16549215329246936,0.007857832863026744,16.184884856155286,-0.4666011395727101,0.008375653552924245,0.012504198317959014,0.006679260004930354,0.010509012262331918,0.004536578076159329,0.003616808298826346,70.80572927928647,0.04589318996816161,0.04102238843363461,0.004870801534527,2.302585092994046,7.635746479034424,2023-09-04,0.0
2023-09-04,7,0.5283729330570038,0.6380212063571897,0.7142857142857143,0.2857142857142857,0.0,1,2023-09-04,2023-09-04,2023-09-04,7.635746479034424,9.149999618530272,9.15999984741211,9.130000114440918,9.149999618530272,7505000,2023-09-04,7.635746479034424,0.0,-0.0021858051805743,0.0054763583077794,9.149999618530272,9.15999984741211,9.130000114440918,7505000,0.0,0.0,-0.16549215329246936,0.003928853983505357,15.831080156294194,-0.2979879708531714,0.005494563179545997,0.01082637543802134,0.004442948134693481,0.008581885099046227,0.004682873841497073,0.003632716236739554,70.80572927928647,0.049444396441413296,0.042706790035190345,0.006737606406222951,2.0794415416798357,7.635746479034424,2023-09-05,-0.0021858051805743184
2023-09-05,4,-0.4723116271197796,0.3058052965456732,0.0,0.75,0.25,1,2023-09-05,2023-09-05,2023-09-05,7.619056224822998,9.130000114440918,9.15999984741211,9.100000381469728,9.15999984741211,8691000,2023-09-05,7.619056224822998,-0.0021858051805743,0.0054763583077794,-0.0010892688839699,9.15999984741211,9.15999984741211,9.100000381469728,8691000,-0.0021858051805743184,-0.002188197539507275,-0.16822528911116302,0.007874921010151085,15.977798680481149,0.15802798134576945,0.00043833576617369197,0.007059359033191992,0.0014971660972795675,0.005211765463386531,0.004674323311305043,0.003738177625012555,67.11877056696814,0.05033179551964295,0.04423179113208087,0.006100004387562086,1.6094379124341003,7.619056224822998,2023-09-06,0.005476358307779483
2023-09-06,5,0.4202878877520561,0.5393295692478259,0.8,0.2,0.0,1,2023-09-06,2023-09-06,2023-09-06,7.660780906677246,9.18000030517578,9.18000030517578,9.130000114440918,9.130000114440918,5751000,2023-09-06,7.660780906677246,0.0054763583077794,-0.0010892688839699,-0.0032715569889487,9.130000114440918,9.18000030517578,9.130000114440918,5751000,0.005476358307779483,0.005461417579986971,-0.1609221456021461,0.006526774664875303,15.564884484578679,-0.3382809803244736,0.003936956209891873,0.010679234674958238,0.004643675329762953,0.008751129231907129,0.0031368703807937103,0.003939140582845754,71.16160312138997,0.0537819341417336,0.04614181973401142,0.007640114407722179,1.791759469228055,7.660780906677246,2023-09-07,-0.0010892688839699849
2023-09-07,7,-0.164495669272063,0.6232321483606165,0.2857142857142857,0.7142857142857143,0.0,1,2023-09-07,2023-09-07,2023-09-07,7.652436256408691,9.170000076293944,9.199999809265137,9.170000076293944,9.170000076293944,7713500,2023-09-07,7.652436256408691,-0.0010892688839699,-0.0032715569889487,0.0021880717705045,9.170000076293944,9.199999809265137,9.170000076293944,7713500,-0.0010892688839699849,-0.0010898625684814256,-0.16549223634233334,0.003920285248514064,15.858482728076957,0.3412450008694141,0.0015290360520128221,0.007581579053457244,0.0023634359374418157,0.0062522966261113755,0.003411142312358113,0.0038229607460635003,69.32577413103525,0.055206464560503044,0.04795474869930975,0.007251715861193296,2.0794415416798357,7.652436256408691,2023-09-08,-0.003271556988948765
2023-09-08,7,-0.2727538049221039,0.5394412259053861,0.1428571428571428,0.8571428571428571,0.0,1,2023-09-08,2023-09-08,2023-09-08,7.627400875091553,9.140000343322754,9.1899995803833,9.119999885559082,9.1899995803833,6968900,2023-09-08,7.627400875091553,-0.0032715569889487,0.0021880717705045,-0.0021832945652995,9.1899995803833,9.1899995803833,9.119999885559082,6968900,-0.003271556988948765,-0.0032769202321465407,-0.17003251105987258,0.009177398168859,15.75696809455135,-0.09653205419070465,-0.0015294075950015307,0.0028527458464022715,-0.0006107552319486453,0.0024207483474929514,0.003406931892703909,0.004165380989810124,63.99190570485486,0.0536962917116135,0.0491030573017705,0.0045932344098429945,2.0794415416798357,7.627400875091553,2023-09-11,0.002188071770504507
2023-09-11,5,-0.0416795920580625,0.6666770323599036,0.4,0.6,0.0,1,2023-09-11,2023-09-11,2023-09-11,7.644090175628662,9.15999984741211,9.15999984741211,9.140000343322754,9.149999618530272,8610500,2023-09-11,7.644090175628662,0.0021880717705045,-0.0021832945652995,-0.0021881968031771,9.149999618530272,9.15999984741211,9.140000343322754,8610500,0.002188071770504507,0.002185681427660846,-0.16458027384524612,0.0026163354473654776,15.96849306286436,0.23556084891446272,0.0004367747461371252,0.003505586126274274,0.001050101794983771,0.0037720220818631134,0.00357755501624537,0.004169798279717425,65.87671334400665,0.053232524517163426,0.04992895074484909,0.0033035737723143346,1.791759469228055,7.644090175628662,2023-09-12,-0.0021832945652995317
2023-09-12,7,-0.0642647546982126,0.5371543533571242,0.2857142857142857,0.7142857142857143,0.0,1,2023-09-12,2023-09-12,2023-09-12,7.627400875091553,9.140000343322754,9.15999984741211,9.130000114440918,9.15999984741211,13363800,2023-09-12,7.627400875091553,-0.0021832945652995,-0.0021881968031771,0.0011324608257834,9.15999984741211,9.15999984741211,9.130000114440918,13363800,-0.0021832945652995317,-0.002185681427660846,-0.16731430107540315,0.0039331527819863425,16.408060191596643,0.5520353057313745,-0.001965468937221271,-0.00021877180874041446,-0.0007572769268829882,0.0012927583947688337,0.003577132463389162,0.004166397041013104,62.361374000151066,0.05093119548131941,0.05012939969214316,0.0008017957891762531,2.0794415416798357,7.627400875091553,2023-09-13,-0.002188196803177167
2023-09-13,5,0.2585671578533947,0.4891912973014292,0.6,0.2,0.2,1,2023-09-13,2023-09-13,2023-09-13,7.610710620880127,9.119999885559082,9.149999618530272,9.100000381469728,9.140000343322754,8474400,2023-09-13,7.610710620880127,-0.0021881968031771,0.0011324608257834,0.0079186967406752,9.140000343322754,9.149999618530272,9.100000381469728,8474400,-0.002188196803177167,-0.002190594404055446,-0.16731834409173219,0.006569588511665321,15.95256053026687,-0.365868989359314,-0.0028427647500619546,-0.0027337442768063935,-0.0019644721213254446,-0.0007350659577328722,0.0021015946658459973,0.003055185688087306,58.97221258732017,0.04721633113743806,0.04954678598120214,-0.002330454843764082,1.791759469228055,7.610710620880127,2023-09-14,0.0011324608257834434
2023-09-14,4,-0.0450552999973296,0.15632813792171,0.25,0.5,0.25,1,2023-09-14,2023-09-14,2023-09-14,7.619329452514648,8.84000015258789,8.920000076293945,8.8100004196167,8.880000114440918,12036700,2023-09-14,7.619329452514648,0.0011324608257834,0.0079186967406752,0.002244647517507,8.880000114440918,8.920000076293945,8.8100004196167,12036700,0.0011324608257834434,0.0011318200757264307,-0.14196741505398516,0.014436920907907757,16.30347095697692,0.4203601434909847,-0.0008467254376275379,-0.0018262661095438393,-0.0005563120206770744,0.0003244367811785498,0.0023765186004951217,0.00300088997839071,60.17584339084864,0.04445528916208019,0.048528486617377756,-0.004073197455297564,1.6094379124341003,7.619329452514648,2023-09-15,0.007918696740675246
2023-09-15,2,0.2753897234797477,0.2531081677484287,1.0,0.0,0.0,1,2023-09-15,2023-09-15,2023-09-15,7.679664611816406,8.90999984741211,8.920000076293945,8.84000015258789,8.850000381469727,16968900,2023-09-15,7.679664611816406,0.0079186967406752,0.002244647517507,-0.0022396203592276,8.850000381469727,8.920000076293945,8.84000015258789,16968900,0.007918696740675246,0.007887508400783894,-0.13224132420421,0.010417111651329391,16.646892873769755,0.4097634733772546,0.005686760693728088,0.0054994533610810414,0.004893317991461421,0.006736384663221795,0.004150231894519167,0.003676164066721723,67.38846554124788,0.04659852779620355,0.04814249485314291,-0.0015439670569393632,1.0986122886681098,7.679664611816406,2023-09-18,0.0022446475175070812
2023-09-18,7,-0.1196981365792453,0.7444025116913465,0.4285714285714285,0.5714285714285714,0.0,1,2023-09-18,2023-09-18,2023-09-18,7.696902751922607,8.930000305175781,8.930000305175781,8.850000381469727,8.90999984741211,3578300,2023-09-18,7.696902751922607,0.002244647517507,-0.0022396203592276,-0.0056117119300925,8.90999984741211,8.930000305175781,8.850000381469727,3578300,0.0022446475175070812,0.0022421320597754146,-0.13615006916547182,0.010393781275990726,15.09039866472209,-0.7891259893098551,0.006551901263974758,0.006950160231685265,0.004754635971560228,0.0073484691820506765,0.004153083926215698,0.003705245309844822,69.10982506898064,0.049121788298121416,0.04833835354213862,0.0007834347559827967,2.0794415416798357,7.696902751922607,2023-09-19,-0.0022396203592276454
2023-09-19,6,-0.355194063236316,0.5103430869944471,0.1666666666666666,0.8333333333333334,0.0,1,2023-09-19,2023-09-19,2023-09-19,7.679664611816406,8.90999984741211,8.930000305175781,8.880000114440918,8.930000305175781,3117600,2023-09-19,7.679664611816406,-0.0022396203592276,-0.0056117119300925,0.0045146298371312,8.930000305175781,8.930000305175781,8.880000114440918,3117600,-0.0022396203592276454,-0.0022421320597754146,-0.14001519044010413,0.006510725827522454,14.952574353766144,-0.12874828829332363,0.0029266628515980386,0.003898971140038787,0.0016681854390006023,0.0041626476105365295,0.004165240720994582,0.0037101064414292485,65.3926422360495,0.049163787049862684,0.048503440243683436,0.0006603468061792475,1.9459101490553132,7.679664611816406,2023-09-20,-0.005611711930092578
2023-09-20,7,-0.4446017539926937,0.6175639863161426,0.1428571428571428,0.7142857142857143,0.1428571428571428,1,2023-09-20,2023-09-20,2023-09-20,7.636568546295166,8.859999656677246,8.90999984741211,8.859999656677246,8.899999618530273,8614700,2023-09-20,7.636568546295166,-0.0056117119300925,0.0045146298371312,-0.0022471697788329,8.899999618530273,8.90999984741211,8.859999656677246,8614700,-0.005611711930092578,-0.005627516741251171,-0.14195855352674136,0.006547468333682484,15.96898072043531,1.7632473697716193,-0.003374577267719392,-0.0014185615384697536,-0.0026387354532672047,-0.0012050330662077835,0.005078410175531445,0.0038123374203679595,57.12083215018912,0.04519855820067242,0.047842463835081235,-0.002643905634408812,2.0794415416798357,7.636568546295166,2023-09-21,0.0045146298371312454
2023-09-21,6,-0.1067367525150378,0.6917764952343014,0.3333333333333333,0.5,0.1666666666666666,1,2023-09-21,2023-09-21,2023-09-21,7.671044826507568,8.899999618530273,8.899999618530273,8.859999656677246,8.859999656677246,10162700,2023-09-21,7.671044826507568,0.0045146298371312,-0.0022471697788329,-0.0011260843117235,8.859999656677246,8.899999618530273,8.859999656677246,10162700,0.0045146298371312454,0.004504469464584826,-0.13419355262318033,0.005214408565936944,16.134234811240397,0.17969285059259166,-0.00022472241095827794,0.0028456401383092356,0.0012418826979239128,0.0027017776583464492,0.005369187219339867,0.004087031246175832,61.334521553624086,0.044327058712402945,0.047139382810545576,-0.002812324098142631,1.9459101490553132,7.671044826507568,2023-09-22,-0.0022471697788329914
2023-09-22,8,-0.137434774194844,0.5806819092073839,0.375,0.625,0.0,1,2023-09-22,2023-09-22,2023-09-22,7.653806686401367,8.880000114440918,8.899999618530273,8.859999656677246,8.859999656677246,7870100,2023-09-22,7.653806686401367,-0.0022471697788329,-0.0011260843117235,0.0,8.859999656677246,8.899999618530273,8.859999656677246,7870100,-0.0022471697788329914,-0.0022496984537920817,-0.1361391667060443,0.005226152618160043,15.878581453856345,-0.22558965629212713,-0.0017985813959293662,0.0002467839352120471,-0.0006722777708837446,0.00036695450479062863,0.004023282952434721,0.004000876719111013,58.25216462474259,0.04176398601412057,0.04606430345126058,-0.00430031743714001,2.1972245773362196,7.653806686401367,2023-09-25,-0.001126084311723563
2023-09-25,8,0.1780764780705794,0.8367523269381174,0.5,0.5,0.0,1,2023-09-25,2023-09-25,2023-09-25,7.645187854766846,8.869999885559082,8.899999618530273,8.850000381469727,8.880000114440918,7752500,2023-09-25,7.645187854766846,-0.0011260843117235,0.0,0.0011273538071596,8.880000114440918,8.899999618530273,8.850000381469727,7752500,-0.001126084311723563,-0.0011267188210473122,-0.1390554328559055,0.006539961870181108,15.86352605894738,-0.01494263097038162,-0.001575845543921428,-0.0008939106024590249,-0.0011991218766144174,-0.0006215301286860431,0.003681108095296497,0.003969102671850991,56.71741667638958,0.03859239563847705,0.04456992188870387,-0.005977526250226822,2.1972245773362196,7.645187854766846,2023-09-26,0.0
2023-09-26,10,0.2594960973132401,0.5704459601593058,0.8,0.2,0.0,1,2023-09-26,2023-09-26,2023-09-26,7.645187854766846,8.869999885559082,8.880000114440918,8.850000381469727,8.859999656677246,11442100,2023-09-26,7.645187854766846,0.0,0.0011273538071596,-0.0101351326094329,8.859999656677246,8.880000114440918,8.850000381469727,11442100,0.0,0.0,-0.13711194683792907,0.00392400207046401,16.252810180899775,0.4759238955175751,-0.0006759550599895192,-0.0011260967578229364,-0.0007997342440188016,-0.0005085821233089538,0.00368083720524066,0.0038936833537359253,56.71741667638958,0.035667732003560104,0.04278948391167512,-0.007121751908115016,2.3978952727983707,7.645187854766846,2023-09-27,0.00112735380715967
2023-09-27,7,0.066439134833802,0.7195009110916105,0.4285714285714285,0.5714285714285714,0.0,1,2023-09-27,2023-09-27,2023-09-27,7.653806686401367,8.880000114440918,8.930000305175781,8.850000381469727,8.869999885559082,8611800,2023-09-27,7.653806686401367,0.0011273538071596,-0.0101351326094329,-0.0045506455449109,8.869999885559082,8.930000305175781,8.850000381469727,8611800,0.00112735380715967,0.0011267188210473122,-0.13711310201229585,0.010452305236320085,15.968644029907262,-0.2473584394473043,-1.2460130482949694e-08,-0.0005627626561184318,0.0002177882680163279,0.0005057417899323458,0.0025952466312108863,0.0038040980412629506,58.000739745223115,0.03365740111510007,0.04096306735236011,-0.00730566623726004,2.0794415416798357,7.653806686401367,2023-09-29,-0.010135132609432995
2023-09-29,5,0.0915787996724248,0.5264889096729101,0.6,0.4,0.0,1,2023-09-29,2023-09-29,2023-09-29,7.576234340667725,8.789999961853027,8.880000114440918,8.789999961853027,8.880000114440918,9701600,2023-09-29,7.576234340667725,-0.0101351326094329,-0.0045506455449109,0.0022856926803964,8.880000114440918,8.880000114440918,8.789999961853027,9701600,-0.010135132609432995,-0.010186842755430359,-0.14682046812735633,0.011879272543721047,16.087801481400493,0.12654729557119304,-0.007676691059782859,-0.010135157277123663,-0.006634973089023277,-0.007896619039143404,0.004462389561957043,0.005075626340435718,45.05309744832582,0.025510688068576926,0.03787259149560347,-0.012361903427026547,1.791759469228055,7.576234340667725,2023-10-02,-0.004550645544910914
2023-10-02,11,-0.0795183115723458,0.6252557231749576,0.4545454545454545,0.5454545454545454,0.0,2,2023-09-30,2023-10-02,2023-10-02,7.541757583618164,8.75,8.829999923706055,8.75,8.789999961853027,8039400,2023-10-02,7.541757583618164,-0.0045506455449109,0.0022856926803964,-0.0045610865711314,8.789999961853027,8.829999923706055,8.75,8039400,-0.004550645544910914,-0.004561031252107384,-0.14200709711626897,0.010607596812688146,15.899865135892139,-0.17133256370083283,-0.009284451254861326,-0.012861044853355152,-0.007464707477496835,-0.010177691472781691,0.004550860398296387,0.004222428094259079,40.704006529157105,0.01608693297611108,0.033515459791705,-0.01742852681559392,2.4849066497880004,7.541757583618164,2023-10-03,0.0022856926803964672
2023-10-03,7,0.0272964321609054,0.628846424874628,0.4285714285714285,0.5714285714285714,0.0,1,2023-10-03,2023-10-03,2023-10-03,7.558995723724365,8.770000457763672,8.779999732971191,8.739999771118164,8.75,9769100,2023-10-03,7.558995723724365,0.0022856926803964,-0.0045610865711314,0.0034364890524174,8.75,8.779999732971191,8.739999771118164,9769100,0.0022856926803964672,0.002283084458521323,-0.1361147744315011,0.005291703199075116,16.094735003408537,0.21515287210488343,-0.004766264362958905,-0.008815599279550779,-0.0034700614515245087,-0.006485456816695989,0.005111499527429918,0.0042268168821355135,43.63382734300511,0.0098954444879098,0.02879145673094596,-0.01889601224303616,2.0794415416798357,7.558995723724365,2023-10-04,-0.004561086571131412
2023-10-04,6,-0.3681872319430113,0.633090874892435,0.3333333333333333,0.6666666666666666,0.0,1,2023-10-04,2023-10-04,2023-10-04,7.5245184898376465,8.729999542236328,8.779999732971191,8.6899995803833,8.760000228881836,19376300,2023-10-04,7.5245184898376465,-0.0045610865711314,0.0034364890524174,0.0011415733464981,8.760000228881836,8.779999732971191,8.6899995803833,19376300,-0.004561086571131412,-0.0045715200639500075,-0.141036724516375,0.011960918523815405,16.77956127933643,0.9834273372163249,-0.006147627841341152,-0.011325140457247862,-0.005357862175976336,-0.009031970334573036,0.00501463249483469,0.004316547988059864,39.436780157509595,0.0021814739436489816,0.023469460173486566,-0.021287986229837585,1.9459101490553132,7.5245184898376465,2023-10-05,0.0034364890524172242
2023-10-05,6,-0.0271682913104693,0.2881378527891864,0.3333333333333333,0.6666666666666666,0.0,1,2023-10-05,2023-10-05,2023-10-05,7.550376415252685,8.760000228881836,8.770000457763672,8.710000038146973,8.729999542236328,21738000,2023-10-05,7.550376415252685,0.0034364890524174,0.0011415733464981,0.0034208780104265,8.729999542236328,8.770000457763672,8.710000038146973,21738000,0.0034364890524172242,0.003430597816833192,-0.13512293113837487,0.007946679253698005,16.89457248510766,0.12188601538993504,-1.2630818058134707e-08,-0.006802763416784319,-0.0012940269503579627,-0.0046082302308138035,0.005583082406291534,0.004429291953889087,43.80275766981892,-0.0018243547851968245,0.01841069718174989,-0.020235051966946714,1.9459101490553132,7.550376415252685,2023-10-06,0.0011415733464981148
2023-10-06,5,0.0991156121715903,0.3059564870732425,0.6,0.2,0.2,1,2023-10-06,2023-10-06,2023-10-06,7.558995723724365,8.770000457763672,8.789999961853027,8.729999542236328,8.760000228881836,17326600,2023-10-06,7.558995723724365,0.0011415733464981,0.0034208780104265,0.0102271435641274,8.760000228881836,8.789999961853027,8.729999542236328,17326600,0.0011415733464981148,0.0011409222471168157,-0.1371009673262043,0.007937617880690721,16.66775350858313,-0.20293495261753614,0.0015989201479329473,-0.00420122355941388,-0.0001026258194500862,-0.002842454107864767,0.0038353045242612628,0.00406554366576546,45.220362297854564,-0.004254454056093593,0.013877666934181193,-0.018132120990274787,1.791759469228055,7.558995723724365,2023-10-09,0.0034208780104265646
2023-10-09,10,0.2595675223972648,0.7231078333667477,0.6,0.3,0.1,1,2023-10-09,2023-10-09,2023-10-09,7.584854125976562,8.800000190734863,8.8100004196167,8.770000457763672,8.770000457763672,5249900,2023-10-09,7.584854125976562,0.0034208780104265,0.0102271435641274,0.0011248799027658,8.770000457763672,8.8100004196167,8.770000457763672,5249900,0.0034208780104265646,0.0034150401172707845,-0.13513640478068112,0.005273662642506957,15.473719777247151,-0.6970034513407131,0.0038787431305087328,0.00011374565823207838,0.002209490456757335,0.00046525206785230644,0.0033275801216304337,0.0043305292329313605,49.34843144483464,-0.004047115652136668,0.01029271041691762,-0.014339826069054288,2.3978952727983707,7.584854125976562,2023-10-10,0.010227143564127461
2023-10-10,7,0.4036819164508155,0.8359342202016868,0.7142857142857143,0.2857142857142857,0.0,1,2023-10-10,2023-10-10,2023-10-10,7.662425518035889,8.890000343322754,8.890000343322754,8.819999694824219,8.819999694824219,10124500,2023-10-10,7.662425518035889,0.0102271435641274,0.0011248799027658,0.0101123572457286,8.819999694824219,8.890000343322754,8.819999694824219,10124500,0.010227143564127461,0.010175200186112399,-0.13124424227221024,0.009135573107205672,16.130468885791768,0.9285129240556964,0.011376557647202024,0.010112463933278804,0.00827180044105913,0.008735227304053517,0.005311934639669589,0.005573402524018912,59.26534323814756,0.0023494812178288527,0.008704064577099867,-0.0063545833592710144,2.0794415416798357,7.662425518035889,2023-10-11,0.0011248799027658851
2023-10-11,8,0.2395967822521925,0.4583903480150509,0.75,0.125,0.125,1,2023-10-11,2023-10-11,2023-10-11,7.671044826507568,8.899999618530273,8.920000076293945,8.869999885559082,8.890000343322754,5376600,2023-10-11,7.671044826507568,0.0011248799027658,0.0101123572457286,-0.0011123673140748,8.890000343322754,8.920000076293945,8.869999885559082,5376600,0.0011248799027658851,0.001124247699425318,-0.13711535092692528,0.006518041787747849,15.497566948091496,-0.4689515531631192,0.008612867784344669,0.010904138324294932,0.00625105763223055,0.008060934347966064,0.0037343979690201167,0.005579386248993763,60.19783660583752,0.008021865410353435,0.008567624743750581,-0.0005457593333971465,2.1972245773362196,7.671044826507568,2023-10-12,0.010112357245728676
2023-10-12,11,0.592605850320648,0.3126086033210063,0.8181818181818182,0.0,0.1818181818181818,1,2023-10-12,2023-10-12,2023-10-12,7.748617172241211,8.989999771118164,9.0,8.930000305175781,8.930000305175781,8988800,2023-10-12,7.748617172241211,0.0101123572457286,-0.0011123673140748,0.0,8.930000305175781,9.0,8.930000305175781,8988800,0.010112357245728676,0.010061569463675646,-0.13229373936861422,0.009033830587861141,16.011490027141612,0.6718372205483019,0.01352873285388334,0.019852528072302533,0.010891448613055354,0.014886342288531473,0.004627255879420855,0.006383672392108522,67.42523732728814,0.01856273114210527,0.01056664602342152,0.00799608511868375,2.4849066497880004,7.748617172241211,2023-10-13,-0.0011123673140748247
2023-10-13,8,0.0601012525148689,0.4729220785192254,0.375,0.625,0.0,1,2023-10-13,2023-10-13,2023-10-13,7.739997863769531,8.979999542236328,8.989999771118164,8.949999809265137,8.989999771118164,3997100,2023-10-13,7.739997863769531,-0.0011123673140748,0.0,0.0022272737129829,8.989999771118164,8.989999771118164,8.949999809265137,3997100,-0.0011123673140748247,-0.0011129864537786638,-0.13904359723839674,0.0051679551541305695,15.20107990632592,-0.5553244037023852,0.0076301266407095,0.016527042623883936,0.006490180879682006,0.011227982454206975,0.005196856827863161,0.005105292310701517,65.99135767254344,0.02592212292118301,0.01363774140297382,0.012284381518209191,2.1972245773362196,7.739997863769531,2023-10-16,0.0
2023-10-16,10,0.309308902407065,0.6004202336837531,0.6,0.4,0.0,3,2023-10-14,2023-10-16,2023-10-16,7.739997863769531,8.979999542236328,8.989999771118164,8.90999984741211,8.979999542236328,7575600,2023-10-16,7.739997863769531,0.0,0.0022272737129829,-0.0055557177679883,8.979999542236328,8.989999771118164,8.90999984741211,7575600,0.0,0.0,-0.1380848264673735,0.010335910308261139,15.840443246146455,0.895274073703435,0.0035762091391735584,0.013887311538797409,0.00431744691598035,0.009167815449621974,0.005623967916619337,0.004621284365698993,65.99135767254344,0.03139261935298254,0.017188716992975566,0.014203902360006977,2.3978952727983707,7.739997863769531,2023-10-17,0.0022272737129829245
2023-10-17,8,0.5860063264262863,0.4244264312745571,0.875,0.0,0.125,1,2023-10-17,2023-10-17,2023-10-17,7.757236957550049,9.0,9.029999732971191,8.949999809265137,8.949999809265137,14488500,2023-10-17,7.757236957550049,0.0022272737129829,-0.0055557177679883,0.0011174006924583,8.949999809265137,9.029999732971191,8.949999809265137,14488500,0.0022272737129829245,0.002224797015726754,-0.13326959521053028,0.010312940566833077,16.488865858289852,0.9125217804530334,0.0033445548321915375,0.013513597703587843,0.004360032137013414,0.00932061603921186,0.004449947838225924,0.004621773349419689,67.59010284809546,0.03669606854724883,0.02109018730383022,0.015605881243418607,2.1972245773362196,7.757236957550049,2023-10-18,-0.005555717767988355
2023-10-18,4,-0.3233135184273124,0.4676058846688257,0.25,0.75,0.0,1,2023-10-18,2023-10-18,2023-10-18,7.714139938354492,8.949999809265137,9.0,8.9399995803833,9.0,7189900,2023-10-18,7.714139938354492,-0.0055557177679883,0.0011174006924583,0.0033482135276914,9.0,9.0,8.9399995803833,7189900,-0.005555717767988355,-0.005571208168116293,-0.1428733401828342,0.007777979152073555,15.788187960478652,-0.5037512509921662,-0.003340830439360176,0.0053919647228553025,-0.000813603333263857,0.003035954030498056,0.005763909083481538,0.004800302677209153,59.99672546288879,0.03699506489129156,0.024271162821322488,0.012723902069969074,1.6094379124341003,7.714139938354492,2023-10-19,0.001117400692458359
2023-10-19,9,-0.1896717134966618,0.6576883511919511,0.3333333333333333,0.5555555555555556,0.1111111111111111,1,2023-10-19,2023-10-19,2023-10-19,7.72275972366333,8.960000038146973,9.0,8.9399995803833,9.0,8419400,2023-10-19,7.72275972366333,0.0011174006924583,0.0033482135276914,0.0,9.0,9.0,8.9399995803833,8419400,0.001117400692458359,0.0011167768649715804,-0.14191558625963,0.007769297733406332,15.946049243545412,0.1710037691762054,-0.0015600538429351163,0.004259131679081873,0.00020190510728346212,0.0033984064789345236,0.0030043169670458283,0.004806169005378625,60.94186786358901,0.037495343306373385,0.02691599891833267,0.010579344388040715,2.302585092994046,7.72275972366333,2023-10-20,0.003348213527691435
2023-10-20,8,-0.478805203223601,0.5648768786590318,0.125,0.875,0.0,1,2023-10-20,2023-10-20,2023-10-20,7.748617172241211,8.989999771118164,9.0,8.9399995803833,8.949999809265137,5698700,2023-10-20,7.748617172241211,0.0033482135276914,0.0,-0.0033370404038688,8.949999809265137,9.0,8.9399995803833,5698700,0.003348213527691435,0.0033426207411966224,-0.13423269973483593,0.007743371272960268,15.555748812095985,-0.32314654250896735,0.0015597185578897221,0.005143107389923074,0.0023643979404002202,0.005522485951810374,0.003465084235906454,0.004799237280001161,63.71163352592854,0.039522704420625665,0.029437340018791273,0.010085364401834392,2.1972245773362196,7.748617172241211,2023-10-23,0.0
2023-10-23,9,-0.0781781234674983,0.6262354730544447,0.3333333333333333,0.6666666666666666,0.0,1,2023-10-23,2023-10-23,2023-10-23,7.748617172241211,8.989999771118164,9.029999732971191,8.960000038146973,8.989999771118164,8603700,2023-10-23,7.748617172241211,0.0,-0.0033370404038688,0.0044643670294541,8.989999771118164,9.029999732971191,8.960000038146973,8603700,0.0,0.0,-0.13808483097687016,0.009033830587861141,15.967703017487443,0.509765385087827,0.0013366002771990626,0.003012389755549183,0.0015750239657930099,0.004513865277375517,0.003465084235906454,0.004847270888572121,63.71163352592854,0.04066069156802499,0.031682010328638016,0.00897868123938697,2.302585092994046,7.748617172241211,2023-10-24,-0.0033370404038688406
2023-10-24,11,-0.0592018199491907,0.6217842953913634,0.4545454545454545,0.5454545454545454,0.0,1,2023-10-24,2023-10-24,2023-10-24,7.72275972366333,8.960000038146973,8.989999771118164,8.949999809265137,8.989999771118164,6262000,2023-10-24,7.72275972366333,-0.0033370404038688,0.0044643670294541,0.0,8.989999771118164,8.989999771118164,8.949999809265137,6262000,-0.0033370404038688406,-0.0033426207411966224,-0.1409610767206078,0.005179490659338183,15.650010340561863,-0.2721735997303486,-0.0011148105211903347,-0.0011148228425520434,-0.0011788760361346462,0.0009503317441652559,0.003554610949010068,0.004188657010238675,58.869968628263386,0.03902620478478269,0.033150849219866954,0.005875355564915738,2.4849066497880004,7.72275972366333,2023-10-25,0.004464367029454186
2023-10-25,6,0.6730835777319347,0.2436280371493768,1.0,0.0,0.0,1,2023-10-25,2023-10-25,2023-10-25,7.757236957550049,9.0,9.020000457763672,8.970000267028809,8.970000267028809,3303500,2023-10-25,7.757236957550049,0.0044643670294541,0.0,0.0,8.970000267028809,9.020000457763672,8.970000267028809,3303500,0.004464367029454186,0.0044544313031447125,-0.13520214864837135,0.006445618589257938,15.01049337316128,-0.47245289045033534,0.002227236666524135,0.0022272490153432134,0.0021844302288986928,0.00442931529362367,0.003052430683261886,0.004348186619092899,62.916543862689736,0.04005120154916231,0.034530919685726025,0.005520281863436283,1.9459101490553132,7.757236957550049,2023-10-26,0.0
2023-10-26,10,0.3330287965945899,0.6528505917658723,0.7,0.3,0.0,1,2023-10-26,2023-10-26,2023-10-26,7.757236957550049,9.0,9.010000228881836,8.989999771118164,8.989999771118164,10190100,2023-10-26,7.757236957550049,0.0,0.0,-0.0011111927295772,8.989999771118164,9.010000228881836,8.989999771118164,10190100,0.0,0.0,-0.1371260116745015,0.002578296611682799,16.136927316827904,2.0846375056757984,0.0013351623811319602,0.002115646639375912,0.0014552272051668869,0.0036210690844784565,0.003093172058139832,0.002989925652804084,62.916543862689736,0.04039783774291639,0.0357043032971641,0.0046935344457522885,2.3978952727983707,7.757236957550049,2023-10-27,0.0
2023-10-27,8,0.5108729741768911,0.4325843295065715,0.75,0.25,0.0,1,2023-10-27,2023-10-27,2023-10-27,7.757236957550049,9.0,9.020000457763672,8.989999771118164,9.0,9618700,2023-10-27,7.757236957550049,0.0,-0.0011111927295772,0.0033369788655133,9.0,9.020000457763672,8.989999771118164,9618700,0.0,0.0,-0.138084782494439,0.0038674449175241984,16.079219782339326,-0.05607403263952271,0.0011123795669827352,0.0018925226055930278,0.0009696811013382156,0.002960743604185634,0.0027754386395027687,0.002959720018737067,62.916543862689736,0.04020904458710728,0.036605251555152735,0.003603793031954544,2.1972245773362196,7.757236957550049,2023-10-30,-0.0011111927295772706
2023-10-30,3,-0.1478997902789463,0.8684143207241195,0.3333333333333333,0.6666666666666666,0.0,1,2023-10-30,2023-10-30,2023-10-30,7.748617172241211,8.989999771118164,9.010000228881836,8.970000267028809,9.0,6331100,2023-10-30,7.748617172241211,-0.0011111927295772,0.0033369788655133,0.0,9.0,9.010000228881836,8.970000267028809,6331100,-0.0011111927295772706,-0.00111181056194809,-0.13904253641764322,0.00516220648973651,15.660984712644945,-0.3417925499287846,-4.92306819754873e-08,0.0006678291635731082,-9.506393891423048e-05,0.0015100702084867024,0.0028417032239695596,0.00298987209187315,61.04124686284736,0.0389152887898323,0.037067259002088654,0.0018480297877436491,1.3862943611198906,7.748617172241211,2023-10-31,0.003336978865513318
2023-10-31,7,0.1757208726901029,0.5814805335032094,0.5714285714285714,0.2857142857142857,0.1428571428571428,1,2023-10-31,2023-10-31,2023-10-31,7.774474143981934,9.020000457763672,9.020000457763672,8.979999542236328,8.989999771118164,7999800,2023-10-31,7.774474143981934,0.0033369788655133,0.0,0.0,8.989999771118164,9.020000457763672,8.979999542236328,7999800,0.003336978865513318,0.0033314235068511167,-0.1352086382739746,0.005145160275348998,15.894927224334722,0.26357189114056,0.0019994567998757873,0.003783590756860855,0.002158732552669962,0.003966391159843763,0.0024160463742211816,0.0030956885043524804,64.46302288443707,0.03952084779077403,0.03755797675982573,0.0019628710309482975,2.0794415416798357,7.774474143981934,2023-11-01,0.0
2023-11-01,8,0.1000247818301431,0.7310959382138736,0.5,0.375,0.125,1,2023-11-01,2023-11-01,2023-11-01,7.774474143981934,9.020000457763672,9.020000457763672,8.989999771118164,9.0,3072400,2023-11-01,7.774474143981934,0.0,0.0,0.0022173967603791,9.0,9.020000457763672,8.989999771118164,3072400,0.0,0.0,-0.13616953955756295,0.0038588702065117486,14.937969898585065,-0.6159403985099627,0.0015544492269807808,0.0030022606140072128,0.0014381201961526369,0.0032428904813017745,0.001686664789352263,0.0023518894965303826,64.46302288443707,0.039544908571673254,0.03795536312219524,0.001589545449478015,2.1972245773362196,7.774474143981934,2023-11-02,0.0
2023-11-02,4,0.3833797946572304,0.5389575720157394,0.5,0.25,0.25,1,2023-11-02,2023-11-02,2023-11-02,7.774474143981934,9.020000457763672,9.039999961853027,8.989999771118164,9.0,4638000,2023-11-02,7.774474143981934,0.0,0.0022173967603791,0.0077432587817427,9.0,9.039999961853027,8.989999771118164,4638000,0.0,0.0,-0.13616953955756295,0.006431327676813671,15.349794012407768,0.5095690665277959,0.00110983675176346,0.0023335244565385604,0.0009582874199376423,0.0026517105379990635,0.001686664789352263,0.002360704821433275,64.46302288443707,0.03911310538210255,0.0381869115741767,0.00092619380792585,1.6094379124341003,7.774474143981934,2023-11-03,0.002217396760379131
2023-11-03,3,0.3192421546361099,0.6144721542035702,0.6666666666666666,0.3333333333333333,0.0,1,2023-11-03,2023-11-03,2023-11-03,7.791713237762451,9.039999961853027,9.0600004196167,9.029999732971191,9.039999961853027,8990900,2023-11-03,7.791713237762451,0.0022173967603791,0.0077432587817427,0.0043907988948763,9.039999961853027,9.0600004196167,9.029999732971191,8990900,0.002217396760379131,0.0022149419643509027,-0.1380848151944794,0.0038503324917182296,16.01172362389528,0.9385295385942216,0.0024396343618275917,0.003998252791627799,0.002116297659182864,0.003985093652143945,0.0018261058823399448,0.0022422800801728533,66.88495881762248,0.03970426300943597,0.03849038186122856,0.0012138811482074116,1.3862943611198906,7.791713237762451,2023-11-06,0.007743258781742757
2023-11-06,6,0.3753549636652073,0.6387752992258827,0.8333333333333334,0.1666666666666666,0.0,1,2023-11-06,2023-11-06,2023-11-06,7.852046489715576,9.109999656677246,9.119999885559082,9.029999732971191,9.039999961853027,9292100,2023-11-06,7.852046489715576,0.0077432587817427,0.0043907988948763,-0.0032786879298792,9.039999961853027,9.119999885559082,9.029999732971191,9292100,0.007743258781742757,0.007713433617167809,-0.13141078287061667,0.011461999455272034,16.04467524237858,0.033500539434316856,0.007520438299980503,0.010425841654238654,0.00656235915818959,0.009600645308929678,0.003187668298891602,0.003172553321004409,73.6527189496278,0.04452785944865756,0.03969787737871436,0.0048299820699432006,1.9459101490553132,7.852046489715576,2023-11-07,0.004390798894876369
2023-11-07,4,-0.1253687441349029,0.6235828924722366,0.5,0.5,0.0,1,2023-11-07,2023-11-07,2023-11-07,7.886523246765137,9.149999618530272,9.170000076293944,9.109999656677246,9.119999885559082,7965100,2023-11-07,7.886523246765137,0.0043907988948763,-0.0032786879298792,0.0,9.119999885559082,9.170000076293944,9.109999656677246,7965100,0.004390798894876369,0.004381187461718117,-0.13524963314386376,0.0076079683961254,15.890580181722976,-0.14280948332454446,0.00904278206619713,0.01272823523637956,0.0072946116279264395,0.011452812727618555,0.0032772385859812015,0.002831957411888654,76.59619488049614,0.0505498730679701,0.04186827651656551,0.008681596551404588,1.6094379124341003,7.886523246765137,2023-11-08,-0.003278687929879287
2023-11-08,4,-0.178158669732511,0.5702625328409479,0.5,0.5,0.0,1,2023-11-08,2023-11-08,2023-11-08,7.860665798187256,9.119999885559082,9.149999618530272,9.109999656677246,9.149999618530272,2564700,2023-11-08,7.860665798187256,-0.0032786879298792,0.0,-0.004385863012163,9.149999618530272,9.149999618530272,9.109999656677246,2564700,-0.003278687929879287,-0.0032840746045224023,-0.1409108059121555,0.005088622628155739,14.75735246059151,-0.678007809067055,0.0035211179723055874,0.008068942892770492,0.002657801308207919,0.006647363441175225,0.004194716403004042,0.003155046071540653,70.256676961387,0.05262920552625605,0.04402046231850362,0.008608743207752428,1.6094379124341003,7.860665798187256,2023-11-09,0.0
2023-11-09,5,-0.2299815952777862,0.5302309451143309,0.4,0.6,0.0,1,2023-11-09,2023-11-09,2023-11-09,7.860665798187256,9.119999885559082,9.119999885559082,9.100000381469728,9.109999656677246,3319100,2023-11-09,7.860665798187256,0.0,-0.004385863012163,0.0033038419615041,9.109999656677246,9.119999885559082,9.100000381469728,3319100,0.0,0.0,-0.13713873826266076,0.0025442506529110764,15.01520452109177,0.29414746364097155,0.001317510652346865,0.006733617430500383,0.0017702991709878102,0.00543218650314925,0.004194716403004042,0.003155046071540653,70.256676961387,0.053658549127177935,0.045948079680238486,0.007710469446939448,1.791759469228055,7.860665798187256,2023-11-10,-0.004385863012163038
2023-11-10,5,-0.0416582264006137,0.4635925904957071,0.4,0.4,0.2,1,2023-11-10,2023-11-10,2023-11-10,7.826189994812012,9.079999923706056,9.119999885559082,9.029999732971191,9.109999656677246,2550200,2023-11-10,7.826189994812012,-0.004385863012163,0.0033038419615041,0.0032930232614629,9.109999656677246,9.119999885559082,9.029999732971191,2550200,-0.004385863012163038,-0.004395509124026642,-0.14092312955514286,0.0114998680900351,14.75168273755761,-0.23165918471874902,-0.003949014736875034,0.0014338579903014903,-0.0017504160591160778,0.0008364343163818067,0.005129021892846488,0.003629603320500686,62.28531067497311,0.051103314936971955,0.046979126731585184,0.004124188205386771,1.791759469228055,7.826189994812012,2023-11-14,0.003303841961504128
2023-11-14,13,0.7082497066674898,0.4118238415301074,0.8461538461538461,0.0769230769230769,0.0769230769230769,2,2023-11-13,2023-11-14,2023-11-14,7.852046489715576,9.109999656677246,9.130000114440918,9.0600004196167,9.079999923706056,2876000,2023-11-14,7.852046489715576,0.0033038419615041,0.0032930232614629,0.0,9.079999923706056,9.130000114440918,9.0600004196167,2876000,0.003303841961504128,0.0032983962668309275,-0.13523716347007234,0.008914834484984606,14.87191134552816,0.1277546859069878,-0.0006582196959651343,0.0034144438712684355,0.0010312298777410689,0.0033872082586694496,0.003878785069588476,0.0036274812946519084,65.45134918536098,0.05058160324251482,0.047699622033771115,0.0028819812087437016,2.6390573296152584,7.852046489715576,2023-11-15,0.0032930232614629684
2023-11-15,2,0.5012522339820862,0.0322628435526345,1.0,0.0,0.0,1,2023-11-15,2023-11-15,2023-11-15,7.877903461456299,9.140000343322754,9.15999984741211,9.109999656677246,9.130000114440918,12278700,2023-11-15,7.877903461456299,0.0032930232614629,0.0,-0.0021881028821159,9.130000114440918,9.15999984741211,9.109999656677246,12278700,0.0032930232614629684,0.003287613134225875,-0.13714092412815837,0.006346890512113525,16.323376693329028,3.269367176634214,0.002852672550529789,0.005389861937541207,0.0028809434314631677,0.005468117501384873,0.0035887662312828385,0.0036248085246629704,68.31579835239418,0.05165909064933594,0.04849151575688408,0.003167574892451855,1.0986122886681098,7.877903461456299,2023-11-16,0.0
2023-11-16,5,-0.1274259258061646,0.5352369895264588,0.2,0.8,0.0,1,2023-11-16,2023-11-16,2023-11-16,7.877903461456299,9.140000343322754,9.149999618530272,9.09000015258789,9.140000343322754,9223500,2023-11-16,7.877903461456299,0.0,-0.0021881028821159,-0.0010965112489157,9.140000343322754,9.149999618530272,9.09000015258789,9223500,0.0,0.0,-0.13808499282918327,0.007616171769041914,16.037265241462478,-0.24882112927264288,0.0024127447071291552,0.004064516384284955,0.0019187863160310403,0.004469470757265892,0.0031629678354891367,0.0036248085246629704,68.31579835239418,0.051914568353833346,0.04917612627627394,0.002738442077559404,1.791759469228055,7.877903461456299,2023-11-17,-0.0021881028821159054
2023-11-17,8,-0.2636927568819374,0.7595884081281127,0.25,0.75,0.0,1,2023-11-17,2023-11-17,2023-11-17,7.860665798187256,9.119999885559082,9.15999984741211,9.109999656677246,9.140000343322754,8253300,2023-11-17,7.860665798187256,-0.0021881028821159,-0.0010965112489157,0.0,9.140000343322754,9.15999984741211,9.109999656677246,8253300,-0.0021881028821159054,-0.0021905002770301607,-0.13997095154051264,0.006360808615778297,15.926123799495839,-0.10518783542039356,0.00021936249136578212,0.0007681353210025055,-0.00018236000470517322,0.0018578048713131512,0.003383151549053947,0.0037767622360383017,64.20034674002139,0.05014802568656407,0.04937050615833197,0.0007775195282321012,2.1972245773362196,7.860665798187256,2023-11-20,-0.0010965112489157436
2023-11-20,11,0.2128338827751577,0.6377531878889999,0.4545454545454545,0.2727272727272727,0.2727272727272727,1,2023-11-20,2023-11-20,2023-11-20,7.852046489715576,9.109999656677246,9.119999885559082,9.09000015258789,9.119999885559082,3004800,2023-11-20,7.852046489715576,-0.0010965112489157,0.0,-0.0010976541779025,9.119999885559082,9.119999885559082,9.09000015258789,3004800,-0.0010965112489157436,-0.0010971128571957145,-0.13902997935901582,0.0038206259999204466,14.915721900796877,-0.635927447202937,-0.0015343943017663841,-0.0010964991299854399,-0.0008528110175387571,0.000621124134638551,0.0025276126873815517,0.0038139610491672634,62.18315212852513,0.047504914651087304,0.04899738785688304,-0.0014924732057957357,2.4849066497880004,7.852046489715576,2023-11-21,0.0
2023-11-21,10,0.378719107247889,0.6160763702108997,0.6,0.4,0.0,1,2023-11-21,2023-11-21,2023-11-21,7.852046489715576,9.109999656677246,9.140000343322754,9.09000015258789,9.119999885559082,7807600,2023-11-21,7.852046489715576,0.0,-0.0010976541779025,-0.0010988603465529,9.119999885559082,9.140000343322754,9.09000015258789,7807600,0.0,0.0,-0.13902997935901582,0.006367790970207874,15.870608304334917,1.5983759318423854,-0.0015343943017663841,-0.0010964991299854399,-0.0005687023435672067,0.0005081350892557346,0.0020514701557397754,0.0029252551772728165,62.18315212852513,0.04489273461302368,0.04817645720811117,-0.003283722595087496,2.3978952727983707,7.852046489715576,2023-11-22,-0.0010976541779025295
2023-11-22,14,-0.0298547713152532,0.8044394592928716,0.4285714285714285,0.5,0.0714285714285714,1,2023-11-22,2023-11-22,2023-11-22,7.843427658081055,9.100000381469728,9.119999885559082,9.079999923706056,9.109999656677246,5590200,2023-11-22,7.843427658081055,-0.0010976541779025,-0.0010988603465529,0.0,9.109999656677246,9.119999885559082,9.079999923706056,5590200,-0.0010976541779025295,-0.0010982570414475035,-0.13903096007998722,0.005099806308765244,15.536525801551031,-0.28400532814181056,-0.001755115027507026,-0.0016456084262823634,-0.0011111051232022273,-0.0004828419486329061,0.0009157129366908263,0.0024937641952895956,59.99697610035641,0.04164701457118092,0.04687056868072513,-0.005223554109544212,2.70805020110221,7.843427658081055,2023-11-23,-0.0010988603465529323
2023-11-23,8,0.2867074391106143,0.3735947841229267,0.625,0.25,0.125,1,2023-11-23,2023-11-23,2023-11-23,7.834808826446533,9.09000015258789,9.130000114440918,9.079999923706056,9.100000381469728,10776700,2023-11-23,7.834808826446533,-0.0010988603465529,0.0,-0.003300268368188,9.100000381469728,9.130000114440918,9.079999923706056,10776700,-0.0010988603465529323,-0.0010994645362374378,-0.1390320331853498,0.006381800991248822,16.192897046923886,0.9277843368752459,-0.001757030253494385,-0.0024143334032116215,-0.0014735812684470995,-0.001294057975416374,0.0007736141851103103,0.002317284461255498,57.80827193064338,0.03794191954110282,0.04508483885280067,-0.007142919311697853,2.1972245773362196,7.834808826446533,2023-11-24,0.0
2023-11-24,6,0.1962384497746825,0.5421498368543755,0.8333333333333334,0.1666666666666666,0.0,1,2023-11-24,2023-11-24,2023-11-24,7.834808826446533,9.09000015258789,9.119999885559082,9.079999923706056,9.09000015258789,6451100,2023-11-24,7.834808826446533,0.0,-0.003300268368188,-0.0011038338395752,9.09000015258789,9.119999885559082,9.079999923706056,6451100,0.0,0.0,-0.13808485204304521,0.005105416448453088,15.679761371879183,-0.40138446834374164,-0.0010988603465529323,-0.0020857900659598805,-0.0009828702920485766,-0.0010590238777580252,0.0006012220732962584,0.002317284461255498,57.80827193064338,0.034606680762083286,0.0429892072346572,-0.008382526472573912,1.9459101490553132,7.834808826446533,2023-11-27,-0.0033002683681881972
2023-11-27,14,-0.2950088236580735,0.6607384083779805,0.3571428571428571,0.6428571428571429,0.0,1,2023-11-27,2023-11-27,2023-11-27,7.80895185470581,9.0600004196167,9.100000381469728,9.0600004196167,9.09000015258789,2295500,2023-11-27,7.80895185470581,-0.003300268368188,-0.0011038338395752,-0.0011049313744392,9.09000015258789,9.100000381469728,9.0600004196167,2295500,-0.0033002683681881972,-0.003305726265498077,-0.14092940334190984,0.00512232148401894,14.646461678306256,-0.6441692114523105,-0.0033002562360869847,-0.005160746861374466,-0.0028573396541624607,-0.0035666587209536305,0.0013473293606042324,0.0021233201775516146,51.297233249094326,0.029536559405902274,0.04029867766890621,-0.01076211826300394,2.70805020110221,7.80895185470581,2023-11-28,-0.0011038338395751301
2023-11-28,3,0.3569342942597965,0.8348798705477408,0.6666666666666666,0.3333333333333333,0.0,1,2023-11-28,2023-11-28,2023-11-28,7.800332069396973,9.050000190734863,9.130000114440918,9.039999961853027,9.0600004196167,7021100,2023-11-28,7.800332069396973,-0.0011038338395752,-0.0011049313744392,-0.0066372275794599,9.0600004196167,9.130000114440918,9.039999961853027,7021100,-0.0011038338395751301,-0.0011044435128408914,-0.13903623530660048,0.011537989894172332,15.7644306013111,2.058636462644304,-0.0030843993814112514,-0.005603748331815428,-0.0026421655579272896,-0.0038213331804235473,0.0012050861954460647,0.0017324027129555,49.30361269255793,0.024540024935188143,0.0371469471221626,-0.012606922186974456,1.3862943611198906,7.800332069396973,2023-11-29,-0.001104931374439233
2023-11-29,9,-0.0326649169437587,0.8194365888635763,0.5555555555555556,0.4444444444444444,0.0,1,2023-11-29,2023-11-29,2023-11-29,7.791713237762451,9.039999961853027,9.09000015258789,9.020000457763672,9.050000190734863,5286400,2023-11-29,7.791713237762451,-0.0011049313744392,-0.0066372275794599,0.0022272737129829,9.050000190734863,9.09000015258789,9.020000457763672,5286400,-0.001104931374439233,-0.0011055422611438992,-0.1390372294423387,0.008983864355398247,15.480648232033372,-0.24706954750680088,-0.0028678490593836425,-0.005609887959245885,-0.0024992375435065606,-0.004030732642557822,0.0012047546862499195,0.0010357604337885489,47.32318426267495,0.01965816064757142,0.033649189827244366,-0.013991029179672945,2.302585092994046,7.791713237762451,2023-11-30,-0.006637227579459948
2023-11-30,7,-0.1057446552440524,0.8223501569749182,0.2857142857142857,0.5714285714285714,0.1428571428571428,1,2023-11-30,2023-11-30,2023-11-30,7.739997863769531,8.979999542236328,9.039999961853027,8.960000038146973,9.029999732971191,17499800,2023-11-30,7.739997863769531,-0.0066372275794599,0.0022272737129829,0.0,9.029999732971191,9.039999961853027,8.960000038146973,17499800,-0.006637227579459948,-0.006659351924980683,-0.14285735408069647,0.010335910308261139,16.677700067400515,2.3103435230024214,-0.007076557914761583,-0.010468333518342754,-0.00609845713630075,-0.008723319936504659,0.002639959833489727,0.0019639491522004363,37.57122781490166,0.011483870637636784,0.029216125989322852,-0.017732255351686068,2.0794415416798357,7.739997863769531,2023-12-01,0.0022272737129829245
2023-12-01,7,0.3025204191383506,0.6936996384990491,0.5714285714285714,0.4285714285714285,0.0,1,2023-12-01,2023-12-01,2023-12-01,7.757236957550049,9.0,9.050000190734863,8.979999542236328,8.979999542236328,5534500,2023-12-01,7.757236957550049,0.0022272737129829,0.0,0.0011108853797046,8.979999542236328,9.050000190734863,8.979999542236328,5534500,0.0022272737129829245,0.002224797015726754,-0.1361651054585432,0.009023915200940737,15.526511966492595,-0.6837392427342026,-0.0028805215487173186,-0.006951265752025537,-0.00259320223265469,-0.0053371661229083545,0.003266013224190571,0.002321483679323555,41.871411588404264,0.006323840411346815,0.024637668873727647,-0.018313828462380832,2.0794415416798357,7.757236957550049,2023-12-04,0.0
2023-12-04,10,0.0276907784864306,0.6170207144765544,0.4,0.4,0.2,2,2023-12-03,2023-12-04,2023-12-04,7.757236957550049,9.0,9.039999961853027,9.0,9.0,3433400,2023-12-04,7.757236957550049,0.0,0.0011108853797046,-0.0011096526827628,9.0,9.039999961853027,9.0,3433400,0.0,0.0,-0.138084782494439,0.005156470283416538,15.049061873075404,-0.37963682356129735,-0.0015530941460001335,-0.005744526335941913,-0.0017302971585880789,-0.004371013887332631,0.0032669317473895763,0.0023588705365339686,41.87141158840426,0.002209015129651881,0.020151938124912495,-0.017942922995260614,2.3978952727983707,7.757236957550049,2023-12-05,0.001110885379704607
2023-12-05,6,0.1838670868892223,0.8649647254300808,0.5,0.3333333333333333,0.1666666666666666,1,2023-12-05,2023-12-05,2023-12-05,7.765854358673096,9.010000228881836,9.029999732971191,8.979999542236328,9.020000457763672,6046500,2023-12-05,7.765854358673096,0.0011108853797046,-0.0011096526827628,0.0011108853797046,9.020000457763672,9.029999732971191,8.979999542236328,6046500,0.001110885379704607,0.0011102688031296992,-0.13904058042603654,0.006438466191298301,15.614990315592387,0.761082309081377,0.0004439967169380665,-0.0035391962309986313,-0.00041430843509715487,-0.0026729374567810993,0.00344925480530359,0.0024467865177106936,44.10353305549826,-0.00035259678356691637,0.016051031143216613,-0.01640362792678353,1.9459101490553132,7.765854358673096,2023-12-06,-0.0011096526827628628
2023-12-06,5,-0.1663085579872131,0.6630269716901314,0.4,0.6,0.0,1,2023-12-06,2023-12-06,2023-12-06,7.757236957550049,9.0,9.039999961853027,8.989999771118164,9.010000228881836,9132000,2023-12-06,7.757236957550049,-0.0011096526827628,0.0011108853797046,0.0033298176729872,9.010000228881836,9.039999961853027,8.989999771118164,9132000,-0.0011096526827628628,-0.0011102688031296992,-0.13904142502860495,0.006445618589257938,16.027295396136854,0.5102952121061772,0.00022233714471253663,-0.0035429003190026176,-0.001016183638654078,-0.0030945463099623094,0.003449332147936431,0.0024467879299151225,42.352122700571826,-0.0030429674970875453,0.012232231415155783,-0.015275198912243328,1.791759469228055,7.757236957550049,2023-12-07,0.001110885379704607
2023-12-07,3,0.0935392479101816,0.8100273591121864,0.3333333333333333,0.3333333333333333,0.3333333333333333,1,2023-12-07,2023-12-07,2023-12-07,7.765854358673096,9.010000228881836,9.029999732971191,8.979999542236328,9.0,5578600,2023-12-07,7.765854358673096,0.0011108853797046,0.0033298176729872,0.0011061535982548,9.0,9.029999732971191,8.979999542236328,5578600,0.001110885379704607,0.0011102688031296992,-0.13712729348076713,0.006438466191298301,15.534448586076893,-0.3891151992991677,0.000666235183452768,-0.0015515693009785503,6.237997264424422e-05,-0.0016263955604843838,0.0012678626125946883,0.0025448859140594347,44.716384957501575,-0.00442870209761459,0.00890004471260171,-0.0133287468102163,1.3862943611198906,7.765854358673096,2023-12-08,0.003329817672987234
2023-12-08,6,0.4756861245259643,0.4715189671348079,0.8333333333333334,0.1666666666666666,0.0,1,2023-12-08,2023-12-08,2023-12-08,7.791713237762451,9.039999961853027,9.06999969482422,8.989999771118164,9.010000228881836,3680200,2023-12-08,7.791713237762451,0.0033298176729872,0.0011061535982548,0.0022099850096115,9.010000228881836,9.06999969482422,8.989999771118164,3680200,0.003329817672987234,0.00332428610612423,-0.13521497893131323,0.010267308519304552,15.118477928218736,-0.34030043380059516,0.003107025133564978,0.0023284479074172637,0.0022590490363583182,0.0013888492778333372,0.0016462828451248282,0.0028699974807914748,51.18595206380357,-0.0034011054943450247,0.006439814671212363,-0.009840920165557387,1.9459101490553132,7.791713237762451,2023-12-11,0.0011061535982548332
2023-12-11,5,0.397736194357276,0.3445670339162866,1.0,0.0,0.0,1,2023-12-11,2023-12-11,2023-12-11,7.800332069396973,9.050000190734863,9.0600004196167,9.029999732971191,9.039999961853027,3501100,2023-12-11,7.800332069396973,0.0011061535982548,0.0022099850096115,0.0,9.039999961853027,9.0600004196167,9.029999732971191,3501100,0.0011061535982548332,0.0011055422611438992,-0.1371314046114162,0.003846078138546107,15.068588048420995,-0.04866583337862074,0.0031035568251047696,0.003548455787922844,0.002242616838532774,0.002041696187406794,0.0015695910427469075,0.0027355470520858886,53.15373479685298,-0.001869707278838284,0.004777910281202233,-0.006647617560040517,1.791759469228055,7.800332069396973,2023-12-12,0.002209985009611559
2023-12-12,5,0.2204062461853027,0.6818054636872697,0.6,0.4,0.0,1,2023-12-12,2023-12-12,2023-12-12,7.817570686340332,9.06999969482422,9.079999923706056,9.050000190734863,9.0600004196167,10430500,2023-12-12,7.817570686340332,0.0022099850096115,0.0,-0.002205111745709,9.0600004196167,9.079999923706056,9.050000190734863,10430500,0.002209985009611559,0.002207546584667597,-0.13713351829280937,0.0038374751153336956,16.160244860339155,1.9792065350889718,0.003984981592585424,0.0055432707256892755,0.0029672963666096397,0.003479647248378903,0.0016449670515604094,0.002801308795824159,56.896428483978475,0.0007265736692927405,0.003967642958820335,-0.0032410692895275947,1.791759469228055,7.817570686340332,2023-12-13,0.0
2023-12-13,10,0.1671960683539509,0.6129155014084666,0.6,0.4,0.0,1,2023-12-13,2023-12-13,2023-12-13,7.817570686340332,9.06999969482422,9.079999923706056,9.0600004196167,9.079999923706056,17272900,2023-12-13,7.817570686340332,0.0,-0.002205111745709,-0.0055247791329293,9.079999923706056,9.079999923706056,9.0600004196167,17272900,0.0,0.0,-0.1390340581468261,0.0025582760798444006,16.664649415170548,0.6559992330185513,0.002431520873040549,0.0052089441031140105,0.0019762428783023367,0.0028451840692340635,0.001264480434647474,0.0027646037297488486,56.896428483978475,0.002752416877437547,0.003724597742543778,-0.000972180865106231,2.3978952727983707,7.817570686340332,2023-12-14,-0.002205111745709032
2023-12-14,6,0.5903611189375321,0.4708692502357195,0.8333333333333334,0.1666666666666666,0.0,1,2023-12-14,2023-12-14,2023-12-14,7.800332069396973,9.050000190734863,9.079999923706056,9.039999961853027,9.0600004196167,12189400,2023-12-14,7.800332069396973,-0.002205111745709,-0.0055247791329293,0.0,9.0600004196167,9.079999923706056,9.039999961853027,12189400,-0.002205111745709032,-0.002207546584667597,-0.13903623530660048,0.005127981923995376,16.316077361611885,-0.2943049516873252,-0.0006625684409594657,0.0022148307397371614,-0.0001554965578433043,0.0005185025563894108,0.0021280033502662295,0.0016554561394807013,52.07162316402347,0.0029330890720702385,0.00356629600844907,-0.0006332069363788316,1.9459101490553132,7.800332069396973,2023-12-15,-0.005524779132929369
2023-12-15,7,0.2601447666862182,0.6143244906310615,0.5714285714285714,0.4285714285714285,0.0,1,2023-12-15,2023-12-15,2023-12-15,7.757236957550049,9.0,9.06999969482422,9.0,9.050000190734863,12959300,2023-12-15,7.757236957550049,-0.0055247791329293,0.0,-0.00222232398918,9.050000190734863,9.06999969482422,9.0,12959300,-0.005524779132929369,-0.0055400971703978286,-0.14284676308717753,0.009023792260991906,16.377324312248664,0.06316143534546415,-0.005304989510339975,-0.0033221848438460544,-0.003793459282972478,-0.004102124267004292,0.003065822482744499,0.0025006750164014856,42.39326062893776,-0.0003965708552193803,0.0027737226357153802,-0.0031702934909347605,2.0794415416798357,7.757236957550049,2023-12-18,0.0
2023-12-18,3,0.2443332523107529,0.1810419780201939,1.0,0.0,0.0,1,2023-12-18,2023-12-18,2023-12-18,7.757236957550049,9.0,9.039999961853027,8.989999771118164,9.0,14454300,2023-12-18,7.757236957550049,0.0,-0.00222232398918,-0.0011136060530489,9.0,9.039999961853027,8.989999771118164,14454300,0.0,0.0,-0.138084782494439,0.006445618589257938,16.48650257529344,0.11536116919895356,-0.004204436219791496,-0.0033221848438460544,-0.002532174755926375,-0.0033587886126900113,0.0029230063231560108,0.0025006750164014856,42.39326062893775,-0.0030007594494740886,0.0016188262186774866,-0.004619585668151575,1.3862943611198906,7.757236957550049,2023-12-19,-0.002222323989180097
2023-12-19,3,0.0051885445912678,0.2428409196381965,0.6666666666666666,0.3333333333333333,0.0,1,2023-12-19,2023-12-19,2023-12-19,7.739997863769531,8.979999542236328,9.029999732971191,8.970000267028809,9.020000457763672,8844000,2023-12-19,7.739997863769531,-0.00222232398918,-0.0011136060530489,-0.0089185954055649,9.020000457763672,9.029999732971191,8.970000267028809,8844000,-0.002222323989180097,-0.002224797015726754,-0.14190715399492249,0.007751871124310865,15.995249934030475,-0.38814055333015085,-0.004434645884722199,-0.005206641996020833,-0.003170933740485826,-0.004564883698240818,0.002264680443051265,0.002558054756655072,39.02789906496388,-0.0063820798240508125,1.864501013182666e-05,-0.00640072483418264,1.3862943611198906,7.739997863769531,2023-12-20,-0.0011136060530489988
2023-12-20,4,0.0991936374921351,0.4688430987992026,0.25,0.5,0.25,1,2023-12-20,2023-12-20,2023-12-20,7.731378555297852,8.970000267028809,9.010000228881836,8.949999809265137,9.0,10544500,2023-12-20,7.731378555297852,-0.0011136060530489,-0.0089185954055649,0.0,9.0,9.010000228881836,8.949999809265137,10544500,-0.0011136060530489988,-0.0011142265729890966,-0.14095793830023873,0.007760636630007532,16.171115049770123,0.19227725011307095,-0.0033333939837119075,-0.005984090204317005,-0.0028580842427808895,-0.004646671029786331,0.002066038849008328,0.002558188852517255,37.428064932213324,-0.009646112362282189,-0.0019143064643509765,-0.0077318058979312125,1.6094379124341003,7.731378555297852,2023-12-21,-0.008918595405564944
2023-12-21,4,-0.5206358060240746,0.455343294234838,0.25,0.75,0.0,1,2023-12-21,2023-12-21,2023-12-21,7.662425518035889,8.890000343322754,8.979999542236328,8.880000114440918,8.970000267028809,14900400,2023-12-21,7.662425518035889,-0.0089185954055649,0.0,0.0,8.970000267028809,8.979999542236328,8.880000114440918,14900400,-0.008918595405564944,-0.008958604136333204,-0.14577198551478265,0.013050623142767335,16.516898683305225,0.4130968751481816,-0.008697626339384645,-0.013537543149407916,-0.00786493381023734,-0.011092221857726625,0.0036408322041554626,0.003659230827849846,27.659849013525843,-0.017594002795044972,-0.0050502457304897755,-0.012543757064555197,1.6094379124341003,7.662425518035889,2023-12-22,0.0
2023-12-22,7,-0.0014313443430832,0.6077934056114292,0.4285714285714285,0.4285714285714285,0.1428571428571428,1,2023-12-22,2023-12-22,2023-12-22,7.662425518035889,8.890000343322754,8.90999984741211,8.880000114440918,8.899999618530273,9499000,2023-12-22,7.662425518035889,0.0,0.0,0.0011248799027658,8.899999618530273,8.90999984741211,8.880000114440918,9499000,0.0,0.0,-0.1390532756785393,0.003915174496714879,16.066697193146553,-0.36250033556146144,-0.006259796005007923,-0.011892885165823652,-0.005257071379637046,-0.009093794317066028,0.0037311361397136945,0.003323825606410441,27.659849013525843,-0.023620481022479822,-0.008764292788887785,-0.014856188233592037,2.0794415416798357,7.662425518035889,2023-12-26,0.0
2023-12-26,4,-0.1925680115818977,0.652143615509469,0.5,0.5,0.0,1,2023-12-26,2023-12-26,2023-12-26,7.662425518035889,8.890000343322754,8.930000305175781,8.890000343322754,8.890000343322754,4446800,2023-12-26,7.662425518035889,0.0,0.0011248799027658,0.0011236781303964,8.890000343322754,8.930000305175781,8.890000343322754,4446800,0.0,0.0,-0.13808490189867,0.0052202741493375775,15.307695519222385,-0.5318665122644488,-0.003809945790296032,-0.010132532388476001,-0.0035108665451020205,-0.007452699589813316,0.0037311361397136945,0.003238601919213868,27.659849013525843,-0.02807290150240771,-0.012626014531591772,-0.015446886970815938,1.6094379124341003,7.662425518035889,2023-12-27,0.0011248799027658851
2023-12-27,3,0.2872496098279953,0.5634654411949254,0.6666666666666666,0.3333333333333333,0.0,1,2023-12-27,2023-12-27,2023-12-27,7.671044826507568,8.899999618530273,8.920000076293945,8.890000343322754,8.899999618530273,9111900,2023-12-27,7.671044826507568,0.0011248799027658,0.0011236781303964,-0.0022447716992735,8.899999618530273,8.920000076293945,8.890000343322754,9111900,0.0011248799027658851,0.001124247699425318,-0.1380848140109979,0.003910775344126039,16.025091919256454,1.0490914815147971,-0.0008980482637998,-0.007139676344761092,-0.0015945609298639862,-0.005190145394708745,0.004067515881509959,0.0031056048261389572,30.492058520821786,-0.030553765857859183,-0.016211564796845254,-0.014342201061013929,1.3862943611198906,7.671044826507568,2023-12-28,0.0011236781303964882
2023-12-28,4,0.2151858429424464,0.6621215355302144,0.75,0.25,0.0,1,2023-12-28,2023-12-28,2023-12-28,7.679664611816406,8.90999984741211,8.930000305175781,8.890000343322754,8.920000076293945,10363900,2023-12-28,7.679664611816406,0.0011236781303964,-0.0022447716992735,0.0033745774777214,8.920000076293945,8.930000305175781,8.890000343322754,10363900,0.0011236781303964882,0.0011230472766663446,-0.13905105985076066,0.005208555825664696,16.153839268322102,0.1374027370800821,0.0015738194140479944,-0.004246687966220408,-0.0003151660387988864,-0.0033343500725199204,0.0042770162390004035,0.0032003095169345123,33.304299376233445,-0.03146165373726184,-0.019261582584928574,-0.012200071152333267,1.6094379124341003,7.679664611816406,2023-12-29,-0.0022447716992735067
2023-12-29,6,-0.1663279750694831,0.7667100379656103,0.5,0.5,0.0,1,2023-12-29,2023-12-29,2023-12-29,7.662425518035889,8.890000343322754,8.979999542236328,8.890000343322754,8.90999984741211,18460900,2023-12-29,7.662425518035889,-0.0022447716992735,0.0033745774777214,-0.0033632280042457,8.90999984741211,8.979999542236328,8.890000343322754,18460900,-0.0022447716992735067,-0.0022472949760916627,-0.14001956798445692,0.011745523490144637,16.731165594081915,0.7812695992821235,-0.0006744851505059435,-0.004702224209907624,-0.0017076102307714836,-0.00456323469343578,0.0013754094345841427,0.0032009282204797113,30.634766196261907,-0.033189622904615135,-0.022047190648865886,-0.011142432255749249,1.9459101490553132,7.662425518035889,2024-01-02,0.0033745774777214077
2024-01-02,4,0.0698857521638274,0.5603423043469025,0.75,0.25,0.0,1,2024-01-02,2024-01-02,2024-01-02,7.6882829666137695,8.920000076293945,8.920000076293945,8.829999923706055,8.890000343322754,6414300,2024-01-02,7.6882829666137695,0.0033745774777214,-0.0033632280042457,0.0157480074858404,8.890000343322754,8.920000076293945,8.829999923706055,6414300,0.0033745774777214077,0.00336889636845239,-0.13517630262090932,0.011706144659180037,15.674040586727827,-0.652546733907881,0.002021992196340028,-0.00044825005610715785,0.0011068569505956471,-0.000985352607497214,0.0020415748861272605,0.0032795044052189126,38.58638584577611,-0.03210251313032142,-0.024058255145156995,-0.008044257985164425,1.6094379124341003,7.6882829666137695,2024-01-03,-0.0033632280042457108
2024-01-03,5,0.054291776381433,0.765326868874268,0.6,0.4,0.0,1,2024-01-03,2024-01-03,2024-01-03,7.662425518035889,8.890000343322754,8.930000305175781,8.880000114440918,8.920000076293945,8678500,2024-01-03,7.662425518035889,-0.0033632280042457,0.0157480074858404,0.0033223810571161,8.920000076293945,8.930000305175781,8.880000114440918,8678500,-0.0033632280042457108,-0.00336889636845239,-0.14098369366612717,0.006525373801960275,15.976359375870352,0.35299253231061845,-0.0013480362286848457,-0.0025805101770823846,-0.0015078650827361484,-0.003558029180671274,0.0027507288698357477,0.00335005810174052,34.346267527408784,-0.0329476507933677,-0.025836134274799135,-0.007111516518568565,1.791759469228055,7.662425518035889,2024-01-04,0.015748007485840487
2024-01-04,9,0.3844077615584764,0.6151528021444871,0.5555555555555556,0.3333333333333333,0.1111111111111111,1,2024-01-04,2024-01-04,2024-01-04,7.783093452453613,9.029999732971191,9.050000190734863,8.899999618530273,8.899999618530273,5560000,2024-01-04,7.783093452453613,0.0157480074858404,0.0033223810571161,0.0,8.899999618530273,9.050000190734863,8.899999618530273,5560000,0.015748007485840487,0.015625294265109613,-0.12549508021901506,0.019272616103215658,15.531108846082864,-0.35933629083366936,0.011424691454782865,0.012558838051119903,0.00943289708651851,0.009905920191362938,0.007650894017054337,0.0062872261669764205,57.70411719998869,-0.023608391791850813,-0.025390585778209473,0.0017821939863586593,2.302585092994046,7.783093452453613,2024-01-05,0.0033223810571161305
2024-01-05,3,0.2126613611665865,0.5282180067463853,0.3333333333333333,0.3333333333333333,0.3333333333333333,1,2024-01-05,2024-01-05,2024-01-05,7.80895185470581,9.0600004196167,9.06999969482422,9.0,9.029999732971191,4495500,2024-01-05,7.80895185470581,0.0033223810571161,0.0,0.0044149079180797,9.029999732971191,9.06999969482422,9.0,4495500,0.0033223810571161305,0.003316874143178161,-0.13522125297600796,0.00896403206558861,15.318587676851607,-0.19145683453237405,0.011386554124150239,0.014898701402235703,0.00848823328315973,0.010823984916613627,0.007584183285847106,0.0063114423279741014,60.91331693086602,-0.01395948849941231,-0.023104366322450044,0.009144877823037734,1.3862943611198906,7.80895185470581,2024-01-08,0.0
2024-01-08,13,0.3615668139850291,0.6070398671614344,0.6153846153846154,0.3076923076923077,0.0769230769230769,2,2024-01-07,2024-01-08,2024-01-08,7.80895185470581,9.0600004196167,9.09000015258789,9.0600004196167,9.0600004196167,5330400,2024-01-08,7.80895185470581,0.0,0.0044149079180797,-0.0109889074379622,9.0600004196167,9.09000015258789,9.0600004196167,5330400,0.0,0.0,-0.13808482416867454,0.0038417105815696695,15.488937027833629,0.18571905238571906,0.0075623413763339364,0.012969657639757104,0.0056428562287555994,0.00883859333161019,0.00722693721916324,0.005300716039367031,60.91331693086602,-0.006240723942665838,-0.019731637846493205,0.013490913903827367,2.6390573296152584,7.80895185470581,2024-01-09,0.004414907918079747
2024-01-09,12,0.6173075070449462,0.3347332761703557,0.9166666666666666,0.0833333333333333,0.0,1,2024-01-09,2024-01-09,2024-01-09,7.843427658081055,9.100000381469728,9.119999885559082,9.0600004196167,9.079999923706056,6138900,2024-01-09,7.843427658081055,0.0044149079180797,-0.0109889074379622,0.0,9.079999923706056,9.119999885559082,9.0600004196167,6138900,0.004414907918079747,0.004405190801735515,-0.13618637401048428,0.007649648668661536,15.63015629387465,0.1516771724448447,0.007975149613182131,0.015058526653674464,0.006699269036738453,0.010849479229796177,0.007226014503176769,0.005307943931166335,65.01754099007479,0.0026280670641236625,-0.015259696864369834,0.0178877639284935,2.5649493574615367,7.843427658081055,2024-01-10,-0.010988907437962214
2024-01-10,7,-0.5070493718875306,0.6219803355811625,0.1428571428571428,0.8571428571428571,0.0,1,2024-01-10,2024-01-10,2024-01-10,7.757236957550049,9.0,9.09000015258789,9.0,9.09000015258789,6162000,2024-01-10,7.757236957550049,-0.0109889074379622,0.0,0.0066666646176674,9.09000015258789,9.09000015258789,9.0,6162000,-0.010988907437962214,-0.011049731484974235,-0.14661861085430333,0.011602088872674476,15.633912120423709,0.0037628891169427803,-0.005524815608508815,0.0026738577665896823,-0.002913074195247778,-0.00021163442363092422,0.0095923603266453,0.0067814920677913455,50.68785029786873,0.002670989126068335,-0.011673559666282201,0.014344548792350536,2.0794415416798357,7.757236957550049,2024-01-11,0.0
2024-01-11,10,-0.6222131549380719,0.4935088703914579,0.1,0.9,0.0,1,2024-01-11,2024-01-11,2024-01-11,7.757236957550049,9.0,9.050000190734863,8.989999771118164,9.010000228881836,7170600,2024-01-11,7.757236957550049,0.0,0.0066666646176674,0.0022074844904842,9.010000228881836,9.050000190734863,8.989999771118164,7170600,0.0,0.0,-0.13904142502860495,0.007734766895099337,15.785500030541362,0.163680623174294,-0.004865082157191947,0.001558032039085555,-0.0019439370744748219,-0.00017316210061824044,0.006106781271022157,0.00679313881207751,50.68785029786874,0.002674178899658486,-0.008804011953094064,0.01147819085275255,2.3978952727983707,7.757236957550049,2024-01-12,0.006666664617667406
2024-01-12,9,0.4901882872606317,0.4535067241795568,0.7777777777777778,0.1111111111111111,0.1111111111111111,1,2024-01-12,2024-01-12,2024-01-12,7.80895185470581,9.0600004196167,9.0600004196167,8.970000267028809,9.0,4583000,2024-01-12,7.80895185470581,0.0066666646176674,0.0022074844904842,-0.0022026222360597,9.0,9.0600004196167,8.970000267028809,4583000,0.006666664617667406,0.00664454068323872,-0.1323386828104656,0.011525253870486469,15.337864581688924,-0.36086241039801414,0.0017691485893960301,0.006554878844241108,0.0031349237233426752,0.005305658233659916,0.006795038601170957,0.007014324273714756,57.2450354695562,0.006771607938119928,-0.005688887974851267,0.012460495912971194,2.302585092994046,7.80895185470581,2024-01-15,0.002207484490484246
2024-01-15,7,0.385874369846923,0.4644143871056003,0.8571428571428571,0.1428571428571428,0.0,1,2024-01-15,2024-01-15,2024-01-15,7.826189994812012,9.079999923706056,9.09000015258789,9.029999732971191,9.0600004196167,2119300,2024-01-15,7.826189994812012,0.0022074844904842,-0.0022026222360597,-0.0011038338395752,9.0600004196167,9.09000015258789,9.029999732971191,2119300,0.002207484490484246,0.0022050515763520906,-0.1361821597859138,0.007666619345616903,14.566596875298469,-0.5375736417193977,0.003536696273387152,0.006651907493403275,0.00355987136575453,0.006148287636108085,0.006864888307170927,0.006876557788569818,59.19289965634875,0.011279797330707275,-0.0022951509137395586,0.013574948244446834,2.0794415416798357,7.826189994812012,2024-01-16,-0.0022026222360598258
2024-01-16,5,0.0464481349103152,0.7110704948824055,0.4,0.6,0.0,1,2024-01-16,2024-01-16,2024-01-16,7.80895185470581,9.0600004196167,9.109999656677246,9.0600004196167,9.09000015258789,4671600,2024-01-16,7.80895185470581,-0.0022026222360597,-0.0011038338395752,-0.0033149775144173,9.09000015258789,9.109999656677246,9.0600004196167,4671600,-0.0022026222360598258,-0.0022050515763520906,-0.14092940334190984,0.006402810260690296,15.357012397445947,1.2043127447742177,0.0022123927924537767,0.002878050303089408,0.0008992009222485997,0.003214893153997256,0.006542115126336481,0.006990365517057277,56.42452589532334,0.0133081875605221,0.0008255167811127733,0.012482670779409327,1.791759469228055,7.80895185470581,2024-01-17,-0.0011038338395751301
2024-01-17,4,-0.2220049034804105,0.4974656306848086,0.5,0.5,0.0,1,2024-01-17,2024-01-17,2024-01-17,7.800332069396973,9.050000190734863,9.079999923706056,9.020000457763672,9.0600004196167,6297800,2024-01-17,7.800332069396973,-0.0011038338395752,-0.0033149775144173,0.0011086677133465,9.0600004196167,9.079999923706056,9.020000457763672,6297800,-0.0011038338395751301,-0.0011044435128408914,-0.13903623530660048,0.007691911755626453,15.655711082811415,0.3481034335131432,-6.113036277177741e-08,-4.890429061710222e-08,-0.00013709305376419234,0.0017236663789783613,0.0035066920886890084,0.00684788488819113,55.03837210902249,0.014058103726646287,0.0034720341702194762,0.010586069556426811,1.6094379124341003,7.800332069396973,2024-01-18,-0.003314977514417339
2024-01-18,9,-0.5314619228657749,0.5778135213578683,0.2222222222222222,0.7777777777777778,0.0,1,2024-01-18,2024-01-18,2024-01-18,7.774474143981934,9.020000457763672,9.06999969482422,8.979999542236328,9.050000190734863,21155600,2024-01-18,7.774474143981934,-0.0033149775144173,0.0011086677133465,-0.002214941126665,9.050000190734863,9.06999969482422,8.979999542236328,21155600,-0.003314977514417339,-0.003320484225494802,-0.1409421016431334,0.011576365284790321,16.867415251092257,2.359204801676776,-0.0037553390280685717,-0.0032048811484620687,-0.0023037279333415484,-0.00130703638147589,0.004042323874962233,0.0049166656323849514,50.991467906376656,0.012422698083217831,0.005262166952819148,0.0071605311303986835,2.302585092994046,7.774474143981934,2024-01-19,0.0011086677133465006
2024-01-19,6,0.3125218174730738,0.688689623873201,0.6666666666666666,0.3333333333333333,0.0,1,2024-01-19,2024-01-19,2024-01-19,7.783093452453613,9.029999732971191,9.039999961853027,9.0,9.020000457763672,3936200,2024-01-19,7.783093452453613,0.0011086677133465,-0.002214941126665,0.0088791863185571,9.020000457763672,9.039999961853027,9.0,3936200,0.0011086677133465006,0.001108053595157532,-0.13712937278683074,0.005139339787885676,15.185726602923573,-0.8139405169316871,-0.001989438373298902,-0.0017688125330926896,-0.0007987283820245494,-0.00016349317928765483,0.00228999042832027,0.004793757828255226,52.25177959027118,0.011687408319489556,0.006547215226153229,0.005140193093336327,1.9459101490553132,7.783093452453613,2024-01-22,-0.002214941126665093
2024-01-22,6,0.2031855772559842,0.626084235346199,0.5,0.3333333333333333,0.1666666666666666,1,2024-01-22,2024-01-22,2024-01-22,7.765854358673096,9.010000228881836,9.039999961853027,8.979999542236328,9.029999732971191,7647700,2024-01-22,7.765854358673096,-0.002214941126665,0.0088791863185571,0.0011000691689411,9.029999732971191,9.039999961853027,8.979999542236328,7647700,-0.002214941126665093,-0.0022173977369308595,-0.1399939547818953,0.007726183990263645,15.849915637760853,0.942914486052538,-0.0026567402267607676,-0.003428978451579523,-0.002009951506128038,-0.0019465370559005324,0.0016771021859511713,0.00482831053533298,49.50944155414972,0.009602938393113547,0.007158359859545294,0.002444578533568253,1.9459101490553132,7.765854358673096,2024-01-23,0.008879186318557108
2024-01-23,7,0.6522046544456056,0.3426258465384675,0.8571428571428571,0.1428571428571428,0.0,1,2024-01-23,2024-01-23,2024-01-23,7.834808826446533,9.09000015258789,9.100000381469728,9.020000457763672,9.020000457763672,8965400,2024-01-23,7.834808826446533,0.0088791863185571,0.0011000691689411,0.0043955021806982,9.020000457763672,9.100000381469728,9.020000457763672,8965400,0.008879186318557108,0.008839998145607098,-0.1313959613269225,0.010210832896906857,16.008883393524663,0.17230016867816467,0.005531037736297151,0.005530976199821236,0.004557184372782075,0.005650921273092635,0.004871667671242841,0.005497624018998435,58.819356121819965,0.013361012792915794,0.008398890446219394,0.0049621223466964,2.0794415416798357,7.834808826446533,2024-01-24,0.0011000691689411202
2024-01-24,8,0.5591931789531372,0.3909748826085401,0.875,0.125,0.0,1,2024-01-24,2024-01-24,2024-01-24,7.843427658081055,9.100000381469728,9.100000381469728,9.06999969482422,9.09000015258789,2691000,2024-01-24,7.843427658081055,0.0011000691689411,0.0043955021806982,0.0098468261401241,9.09000015258789,9.100000381469728,9.06999969482422,2691000,0.0011000691689411202,0.0010994645362374378,-0.13713668576253446,0.0038249459233041074,14.80542380131804,-0.6998460749102104,0.005524889437779956,0.005524834116485744,0.003767733203007495,0.005521839744551782,0.004769591259561472,0.003946638093073471,59.816715382811225,0.016840652948301837,0.010087242946635884,0.0067534100016659535,2.1972245773362196,7.843427658081055,2024-01-26,0.004395502180698285
2024-01-26,7,0.2115146660112909,0.6124379534222264,0.5714285714285714,0.2857142857142857,0.1428571428571428,1,2024-01-26,2024-01-26,2024-01-26,7.877903461456299,9.140000343322754,9.140000343322754,9.09000015258789,9.100000381469728,11712600,2024-01-26,7.877903461456299,0.0043955021806982,0.0098468261401241,0.0010835034280474,9.100000381469728,9.140000343322754,9.09000015258789,11712600,0.004395502180698285,0.004385870175673379,-0.13429635920697075,0.006346890512113525,16.276175828757378,3.3525083612040136,0.007273466612261581,0.008384709477162078,0.005438369390574849,0.008119370851490393,0.004192109095832628,0.004052315661885027,63.612973555125734,0.022125157009397434,0.012494825759188193,0.009630331250209241,2.0794415416798357,7.877903461456299,2024-01-29,0.00984682614012411
2024-01-29,8,0.4334616975393146,0.5571937288739738,0.75,0.125,0.125,1,2024-01-29,2024-01-29,2024-01-29,7.955475807189941,9.229999542236328,9.239999771118164,9.140000343322754,9.140000343322754,9102600,2024-01-29,7.955475807189941,0.0098468261401241,0.0010835034280474,0.0021644818179276,9.140000343322754,9.239999771118164,9.140000343322754,9102600,0.00984682614012411,0.009798662065032993,-0.12959786560600836,0.012569886480584028,16.024070754822954,-0.22283694482864602,0.01272762534550309,0.016407794174375878,0.010173812960723172,0.014716742022027107,0.005108278234430883,0.004587708223920287,70.39110159945523,0.032201406779499564,0.016436141963250467,0.015765264816249097,2.1972245773362196,7.955475807189941,2024-01-30,0.0010835034280474165
2024-01-30,5,0.0335208497941493,0.7215050440326433,0.4,0.6,0.0,1,2024-01-30,2024-01-30,2024-01-30,7.964095592498779,9.239999771118164,9.25,9.220000267028809,9.229999542236328,10320800,2024-01-30,7.964095592498779,0.0010835034280474,0.0021644818179276,0.0086393473082619,9.229999542236328,9.25,9.220000267028809,10320800,0.0010835034280474165,0.0010829168618675666,-0.13715103060891745,0.003766872537221621,16.14967193128477,0.13382989475534468,0.00873363911804681,0.01571946920658651,0.007484115315292916,0.012903414008290648,0.004166383863166369,0.004592291300260013,71.03673345652953,0.04041655506527597,0.02123222458365557,0.019184330481620403,1.791759469228055,7.964095592498779,2024-01-31,0.0021644818179276104
2024-01-31,7,0.2123581137109015,0.4854057468389754,0.5714285714285714,0.4285714285714285,0.0,1,2024-01-31,2024-01-31,2024-01-31,7.98133373260498,9.260000228881836,9.260000228881836,9.199999809265137,9.239999771118164,25319200,2024-01-31,7.98133373260498,0.0021644818179276,0.0086393473082619,-0.002141248223919,9.239999771118164,9.260000228881836,9.199999809265137,25319200,0.0021644818179276104,0.0021621427018652106,-0.1362192716116127,0.007517593127523066,17.047073598660198,1.453220680567398,0.007178605704787788,0.015684979503128194,0.006422506836254449,0.012317322272481723,0.003682019547656224,0.004376402401601785,72.33588017077257,0.047767459570406956,0.026539271581005847,0.02122818798940111,2.0794415416798357,7.98133373260498,2024-02-02,0.008639347308261991
2024-02-02,7,0.3073491954377719,0.4689632207796714,0.5714285714285714,0.4285714285714285,0.0,1,2024-02-02,2024-02-02,2024-02-02,8.050287246704102,9.34000015258789,9.350000381469728,9.25,9.260000228881836,7897900,2024-02-02,8.050287246704102,0.0086393473082619,-0.002141248223919,-0.0010728621438034,9.260000228881836,9.350000381469728,9.25,7897900,0.008639347308261991,0.008602241706271219,-0.13063854776208894,0.012421964385267105,15.882107585931228,-0.6880667635628298,0.010603815732051824,0.021211495465456975,0.010027696241898587,0.01716768546156522,0.003880266488810275,0.0046373026113769025,76.81565487151991,0.05848292195047833,0.03292800165490035,0.02555492029557798,2.0794415416798357,8.050287246704102,2024-02-05,-0.0021412482239190345
2024-02-05,5,0.0326977040618658,0.7093686972836434,0.6,0.4,0.0,2,2024-02-03,2024-02-05,2024-02-05,8.033049583435059,9.31999969482422,9.369999885559082,9.300000190734863,9.3100004196167,6688200,2024-02-05,8.033049583435059,-0.002141248223919,-0.0010728621438034,-0.0021483853654513,9.3100004196167,9.369999885559082,9.300000190734863,6688200,-0.0021412482239190345,-0.002143543973662343,-0.13715905248414734,0.008713962748165409,15.715855487122818,-0.1531672976360805,0.004526932257775451,0.015693218278728605,0.0052296072419222295,0.012230946978772028,0.005129955749838867,0.004466675812954338,73.60670194329919,0.06483667093960843,0.03930973551184197,0.025526935427766462,1.791759469228055,8.033049583435059,2024-02-06,-0.0010728621438034214
2024-02-06,8,0.3111010105349123,0.3596798147037348,0.75,0.25,0.0,1,2024-02-06,2024-02-06,2024-02-06,8.024431228637695,9.3100004196167,9.31999969482422,9.270000457763672,9.31999969482422,12713500,2024-02-06,8.024431228637695,-0.0010728621438034,-0.0021483853654513,-0.0032293376403872,9.31999969482422,9.31999969482422,9.270000457763672,12713500,-0.0010728621438034214,-0.0010734380723582682,-0.13900949663185158,0.00623087613762714,16.358175057635275,0.9008851409945875,0.0017216792618810484,0.011516917977509866,0.0027635989433942854,0.009100165674587712,0.004218658070056656,0.004634943844076484,71.98749874567248,0.06838829587956852,0.04512544758538728,0.023262848294181238,2.1972245773362196,8.024431228637695,2024-02-07,-0.0021483853654513663
2024-02-07,6,0.0966244949183116,0.9242661312657156,0.5,0.5,0.0,1,2024-02-07,2024-02-07,2024-02-07,8.00719165802002,9.289999961853027,9.329999923706056,9.260000228881836,9.3100004196167,11263600,2024-02-07,8.00719165802002,-0.0021483853654513,-0.0032293376403872,0.0,9.3100004196167,9.329999923706056,9.260000228881836,11263600,-0.0021483853654513663,-0.0021506964559590003,-0.1399364879567124,0.008742103076065212,16.23708693416734,-0.11404412632241323,-0.0015047565276299357,0.006282508357219108,0.00040610172555854973,0.005664684457303393,0.004575839224903222,0.004626555091168968,68.73048091818285,0.06901631781026918,0.04990362163036366,0.01911269617990552,1.9459101490553132,8.00719165802002,2024-02-08,-0.003229337640387353
2024-02-08,6,0.4240752061208089,0.4382646233639825,0.8333333333333334,0.1666666666666666,0.0,1,2024-02-08,2024-02-08,2024-02-08,7.98133373260498,9.260000228881836,9.31999969482422,9.260000228881836,9.279999732971191,6242500,2024-02-08,7.98133373260498,-0.0032293376403872,0.0,0.0194384418275226,9.279999732971191,9.31999969482422,9.260000228881836,6242500,-0.003229337640387353,-0.0032345632042916073,-0.1399424609628104,0.00751747363943416,15.646891461328282,-0.4457811001811144,-0.004729234801123083,0.0011892796464285649,-0.001884806144347606,0.0019767206421776873,0.0048841076157299865,0.004521932956192108,64.04956185387611,0.06665910655123852,0.053254718614538635,0.013404387936699888,1.9459101490553132,7.98133373260498,2024-02-09,0.0
2024-02-09,3,-0.3006727546453476,0.1302879998729036,0.0,0.6666666666666666,0.3333333333333333,1,2024-02-09,2024-02-09,2024-02-09,7.98133373260498,9.260000228881836,9.279999732971191,9.239999771118164,9.279999732971191,1872900,2024-02-09,7.98133373260498,0.0,0.0194384418275226,-0.0042373656132014,9.279999732971191,9.279999732971191,9.239999771118164,1872900,0.0,0.0,-0.1399424609628104,0.005011688922319002,14.44299912364914,-0.6999759711653986,-0.003014721249847696,-0.0005396991399424511,-0.001257327369015293,0.0016167358281302668,0.0012264010626975939,0.004555830533488299,64.04956185387613,0.06405264067534588,0.05541430302670009,0.008638337648645793,1.3862943611198906,7.98133373260498,2024-02-13,0.019438441827522634
2024-02-13,17,0.5884519789696616,0.3722491549091641,0.8235294117647058,0.0588235294117647,0.1176470588235294,2,2024-02-12,2024-02-13,2024-02-13,8.136478424072266,9.4399995803833,9.449999809265137,9.260000228881836,9.300000190734863,8227000,2024-02-13,8.136478424072266,0.0194384418275226,-0.0042373656132014,0.0,9.300000190734863,9.449999809265137,9.260000228881836,8227000,0.019438441827522634,0.01925192846148871,-0.12510986481718114,0.02335157429056476,15.922932107702051,3.392653104810721,0.013745646077732543,0.015599742056219279,0.012031631180817515,0.017186783501544678,0.009490934502443149,0.007226031709960146,75.60876954774727,0.07365680786199036,0.05906280399375815,0.01459400386823221,2.8903717578961645,8.136478424072266,2024-02-14,-0.004237365613201427
2024-02-14,16,-0.0655581046594306,0.5441053773046053,0.375,0.5,0.125,1,2024-02-14,2024-02-14,2024-02-14,8.102001190185547,9.399999618530272,9.4399995803833,9.380000114440918,9.40999984741211,9920200,2024-02-14,8.102001190185547,-0.0042373656132014,0.0,0.0031917833824806,9.40999984741211,9.4399995803833,9.380000114440918,9920200,-0.004237365613201427,-0.004246368688754387,-0.13900092225679278,0.007405511864780254,16.110083741152557,0.20581013735261933,0.007502603263702667,0.009450053128065239,0.005148898970710691,0.010510784969440357,0.009893846770143438,0.007171497592160672,70.20644073638442,0.07759172579945872,0.06276858835489826,0.014823137444560458,2.833213344056216,8.102001190185547,2024-02-15,0.0
2024-02-15,10,0.3510434701573103,0.4217057522407191,0.7,0.3,0.0,1,2024-02-15,2024-02-15,2024-02-15,8.102001190185547,9.399999618530272,9.449999809265137,9.359999656677246,9.399999618530272,14681500,2024-02-15,8.102001190185547,0.0,0.0031917833824806,0.0031810416441777,9.399999618530272,9.449999809265137,9.359999656677246,14681500,0.0,0.0,-0.1380849447893565,0.011108385505659188,16.502098823880083,0.4799600814499707,0.00513254398615226,0.007718588208221577,0.0034267180388127816,0.00858332996852007,0.009715611209813601,0.007192513409807687,70.20644073638442,0.07979040252198111,0.06617295118831483,0.013617451333666278,2.3978952727983707,8.102001190185547,2024-02-16,0.0031917833824806063
2024-02-16,13,0.584985421003344,0.3562487165557154,0.9230769230769232,0.0769230769230769,0.0,1,2024-02-16,2024-02-16,2024-02-16,8.127861022949219,9.43000030517578,9.4399995803833,9.399999618530272,9.420000076293944,9230300,2024-02-16,8.127861022949219,0.0031917833824806,0.0031810416441777,0.0052856262802214,9.420000076293944,9.4399995803833,9.399999618530272,9230300,0.0031917833824806063,0.003186700454764768,-0.13716974977489424,0.004921339297028852,16.038002216998226,-0.37129721077546574,0.004688036482944469,0.009095938991152686,0.0044098808303516535,0.009635920839501155,0.009196960263492903,0.007206551894764416,71.94987776335779,0.08266661279545318,0.0694716835097425,0.013194929285710671,2.6390573296152584,8.127861022949219,2024-02-19,0.0031810416441777623
2024-02-19,12,0.1226558923178042,0.5658452895110593,0.4166666666666667,0.4166666666666667,0.1666666666666666,1,2024-02-19,2024-02-19,2024-02-19,8.153716087341309,9.460000038146973,9.460000038146973,9.40999984741211,9.43000030517578,5441400,2024-02-19,8.153716087341309,0.0031810416441777,0.0052856262802214,0.0021028548983581,9.43000030517578,9.460000038146973,9.40999984741211,5441400,0.0031810416441777623,0.003175992835353636,-0.1353429667583325,0.006132196681766841,15.509547122439931,-0.41048503298917693,0.0036069694519220707,0.011007683219497855,0.005057147208020085,0.010487187459434777,0.008986491976481811,0.006831638366399228,73.61247526964738,0.08604049649061363,0.07278544610591672,0.013255050384696904,2.5649493574615367,8.153716087341309,2024-02-20,0.005285626280221445
2024-02-20,6,0.3823069397670527,0.4793725222944116,0.6666666666666666,0.3333333333333333,0.0,1,2024-02-20,2024-02-20,2024-02-20,8.196813583374023,9.510000228881836,9.539999961853027,9.449999809265137,9.460000038146973,11376500,2024-02-20,8.196813583374023,0.0052856262802214,0.0021028548983581,-0.0010491049866621,9.460000038146973,9.539999961853027,9.449999809265137,11376500,0.005285626280221445,0.005271706386328123,-0.1335292230104877,0.010979895013160004,16.24706047013981,1.090730326754144,0.007415366207328855,0.014291904404245326,0.006889189958745101,0.012913219874676196,0.003714334295745282,0.006819867723382561,76.1501138841843,0.09114131107500967,0.0764566190997353,0.014684691975274361,1.9459101490553132,8.196813583374023,2024-02-21,0.002102854898358153
2024-02-21,8,-0.1678290606942028,0.7310449465743781,0.375,0.625,0.0,1,2024-02-21,2024-02-21,2024-02-21,8.21405029296875,9.529999732971191,9.529999732971191,9.479999542236328,9.5,10354100,2024-02-21,8.21405029296875,0.0021028548983581,-0.0010491049866621,0.0010502067638149,9.5,9.529999732971191,9.479999542236328,10354100,0.002102854898358153,0.002100646993723032,-0.13536312705592105,0.006087154199392179,16.152893231080586,-0.08986946776249283,0.0067609525540131,0.014045468594275468,0.00598638236819915,0.012274524330521341,0.0019229951446587672,0.006732138543585796,77.09870315179215,0.09547403653102471,0.0802601025859932,0.01521393394503151,2.1972245773362196,8.21405029296875,2024-02-22,-0.0010491049866621083
2024-02-22,3,-0.1961141920958956,0.8727420492386612,0.3333333333333333,0.6666666666666666,0.0,1,2024-02-22,2024-02-22,2024-02-22,8.205432891845703,9.520000457763672,9.539999961853027,9.5,9.529999732971191,9020000,2024-02-22,8.205432891845703,-0.0010491049866621,0.0010502067638149,-0.0020984421789431,9.529999732971191,9.539999961853027,9.5,9020000,-0.0010491049866621083,-0.0010496556824906023,-0.1389891792486467,0.00487481433097552,16.014955002903545,-0.12884750968215486,0.003161303228956802,0.010508571785808885,0.0032819369514993646,0.009155233802188523,0.0023155431495178384,0.006658947143363246,75.48232200468104,0.09709317078411495,0.08362671622561756,0.01346645455849739,1.3862943611198906,8.205432891845703,2024-02-23,0.0010502067638149537
2024-02-23,1,0.9270092863589524,0.0,1.0,0.0,0.0,1,2024-02-23,2024-02-23,2024-02-23,8.21405029296875,9.529999732971191,9.539999961853027,9.5,9.520000457763672,11030500,2024-02-23,8.21405029296875,0.0010502067638149,-0.0020984421789431,0.0,9.520000457763672,9.539999961853027,9.5,11030500,0.0010502067638149537,0.0010496556824906023,-0.13717963256292748,0.0048697001389518425,16.216174811775673,0.22289356984478936,0.0021029714899893914,0.00867900986004555,0.0028862224589776275,0.008342278673787451,0.0023629856364918013,0.006383919493198827,76.02365483766816,0.09794267639069254,0.08648990825863256,0.011452768132059976,0.6931471805599453,8.21405029296875,2024-02-26,-0.0020984421789431718
2024-02-26,6,0.0882878851455946,0.4765432550929574,0.6666666666666666,0.1666666666666666,0.1666666666666666,2,2024-02-24,2024-02-26,2024-02-26,8.196813583374023,9.510000228881836,9.520000457763672,9.479999542236328,9.520000457763672,10318700,2024-02-26,8.196813583374023,-0.0020984421789431,0.0,0.0,9.520000457763672,9.520000457763672,9.479999542236328,10318700,-0.0020984421789431718,-0.002100646993723032,-0.13899021121480873,0.004880056758699436,16.14946843800211,-0.06453016635691944,-0.0010503463311657413,0.003905943989453098,0.0005210133765560787,0.005088510077779773,0.0028882358305688006,0.0065226835467452745,72.57207964115439,0.09611707943226833,0.08841534249335972,0.007701736938908604,1.9459101490553132,8.196813583374023,2024-02-27,0.0
2024-02-27,7,-0.0114996053411492,0.6349535686780509,0.4285714285714285,0.4285714285714285,0.1428571428571428,1,2024-02-27,2024-02-27,2024-02-27,8.196813583374023,9.510000228881836,9.529999732971191,9.489999771118164,9.510000228881836,12318900,2024-02-27,8.196813583374023,0.0,0.0,0.0021028548983581,9.510000228881836,9.529999732971191,9.489999771118164,12318900,0.0,0.0,-0.1380848174450795,0.0048799404117425725,16.32664530754523,0.19384224756994572,-0.0010503463311657413,0.003164649706250744,0.0003472819381922232,0.0041594781460991825,0.0016604974962179393,0.0028227881094943473,72.57207964115439,0.09359141709239616,0.08945055741316701,0.004140859679229142,2.0794415416798357,8.196813583374023,2024-02-28,0.0
2024-02-28,8,0.2426280681975186,0.7350192712569369,0.75,0.25,0.0,1,2024-02-28,2024-02-28,2024-02-28,8.196813583374023,9.510000228881836,9.550000190734863,9.489999771118164,9.5,15098000,2024-02-28,8.196813583374023,0.0,0.0021028548983581,-0.0083945814354393,9.5,9.550000190734863,9.489999771118164,15098000,0.0,0.0,-0.1371775175395765,0.007319968791092291,16.530072908915642,0.22559644124069522,-0.0006304819805915685,0.002001967984950115,0.00023149449417592116,0.003400637596305822,0.0011965834431803518,0.0022526171512797953,72.57207964115439,0.09054605295611573,0.08966965652175676,0.000876396434358967,2.1972245773362196,8.196813583374023,2024-02-29,0.002102854898358153
2024-02-29,11,0.405971425246786,0.6363672444807176,0.7272727272727273,0.2727272727272727,0.0,1,2024-02-29,2024-02-29,2024-02-29,8.21405029296875,9.529999732971191,9.550000190734863,9.5,9.529999732971191,25877300,2024-02-29,8.21405029296875,0.0021028548983581,-0.0083945814354393,0.0158733076580015,9.529999732971191,9.550000190734863,9.5,25877300,0.002102854898358153,0.002100646993723032,-0.1380849398609757,0.006087154199392179,17.06887673313222,0.7139554907934826,0.001260652551257957,0.0027355654487815073,0.0015553469677795917,0.004504195440707459,0.0015577185318437442,0.002229669372563782,74.04392334094122,0.08850322822492096,0.0894363708623896,-0.0009331426374686452,2.4849066497880004,8.21405029296875,2024-03-01,-0.008394581435439363
2024-03-01,5,-0.0756732627749442,0.7837291891281485,0.4,0.6,0.0,1,2024-03-01,2024-03-01,2024-03-01,8.145096778869629,9.449999809265137,9.600000381469728,9.43000030517578,9.529999732971191,13831100,2024-03-01,8.145096778869629,-0.0083945814354393,0.0158733076580015,0.0031249412913743,9.529999732971191,9.600000381469728,9.43000030517578,13831100,-0.008394581435439363,-0.008430014369956051,-0.14532035602374438,0.020871461802021873,16.44243031001674,-0.4655122443222438,-0.005472678469601644,-0.0058911469957163565,-0.00457865205498087,-0.003216276345866742,0.004037804773681767,0.0037043734265728863,60.140478571286465,0.08039357549342974,0.08762781178859763,-0.007234236295167895,1.791759469228055,8.145096778869629,2024-03-04,0.015873307658001545
2024-03-04,7,0.4315282524164234,0.41364130757903,0.7142857142857143,0.1428571428571428,0.1428571428571428,1,2024-03-04,2024-03-04,2024-03-04,8.274386405944824,9.600000381469728,9.600000381469728,9.420000076293944,9.449999809265137,22934200,2024-03-04,8.274386405944824,0.0158733076580015,0.0031249412913743,0.0010384404504151,9.449999809265137,9.600000381469728,9.420000076293944,22934200,0.015873307658001545,0.015748644193943395,-0.12440353725379938,0.021753915800507166,16.948139847822087,0.6581616791144596,0.008403491242790384,0.008403491242790384,0.007453437398554419,0.010290396752357767,0.0087819638015934,0.006179715613166891,71.0987413792594,0.08343739530816308,0.08678972849251072,-0.0033523331843476473,2.0794415416798357,8.274386405944824,2024-03-05,0.0031249412913743058
2024-03-05,6,-0.303180665243417,0.4543700763165847,0.1666666666666666,0.6666666666666666,0.1666666666666666,1,2024-03-05,2024-03-05,2024-03-05,8.300243377685547,9.630000114440918,9.630000114440918,9.479999542236328,9.600000381469728,16190000,2024-03-05,8.300243377685547,0.0031249412913743,0.0010384404504151,0.0062239497070522,9.600000381469728,9.630000114440918,9.479999542236328,16190000,0.0031249412913743058,0.003120068810508858,-0.13539134918088336,0.018071828183719624,16.599904387420338,-0.29406737536081484,0.009010968372458628,0.010281229492568045,0.007042891358894243,0.01097566037187625,0.008722485424422466,0.0060689334214356645,72.71437260148582,0.08693396532685149,0.08681857585937888,0.0001153894674726097,1.9459101490553132,8.300243377685547,2024-03-06,0.0010384404504151235
2024-03-06,11,-0.033790513661436,0.7501378973706787,0.4545454545454545,0.5454545454545454,0.0,1,2024-03-06,2024-03-06,2024-03-06,8.308862686157227,9.640000343322754,9.649999618530272,9.56999969482422,9.619999885559082,12203500,2024-03-06,8.308862686157227,0.0010384404504151,0.0062239497070522,0.005154847319972,9.619999885559082,9.649999618530272,9.56999969482422,12203500,0.0010384404504151235,0.0010379016441106614,-0.1362928497920306,0.009628264026956783,16.317233435749383,-0.24623224212476835,0.007314611589194664,0.010164587578452622,0.0053779302314549415,0.009817578452739228,0.008658979559241997,0.006062056976233353,73.25116917070329,0.08937032296513792,0.08732892528053068,0.0020413976846072324,2.4849066497880004,8.308862686157227,2024-03-07,0.006223949707052201
2024-03-07,7,0.6176421699513283,0.4324893544975543,0.8571428571428571,0.0,0.1428571428571428,1,2024-03-07,2024-03-07,2024-03-07,8.360576629638672,9.699999809265137,9.729999542236328,9.630000114440918,9.649999618530272,12851700,2024-03-07,8.360576629638672,0.0062239497070522,0.005154847319972,0.0071793897586796,9.649999618530272,9.729999542236328,9.630000114440918,12851700,0.006223949707052201,0.0062046609256372065,-0.1336189678614706,0.01196082904627739,16.368986734085755,0.05311590937026267,0.009995786605460744,0.014538192148883633,0.007726932743323589,0.01313642077841326,0.008777426398690535,0.006201623893348819,76.26787110494874,0.09438601378037603,0.08874034298049976,0.005645670799876268,2.0794415416798357,8.360576629638672,2024-03-08,0.005154847319972067
2024-03-08,8,0.6813424054998904,0.3842543642566616,0.875,0.125,0.0,1,2024-03-08,2024-03-08,2024-03-08,8.403674125671387,9.75,9.770000457763672,9.670000076293944,9.699999809265137,13304100,2024-03-08,8.403674125671387,0.005154847319972,0.0071793897586796,0.0010182357378547,9.699999809265137,9.770000457763672,9.670000076293944,13304100,0.005154847319972067,0.005141606577702795,-0.13364182567875313,0.011899602480330482,16.40358289152783,0.03520156866406787,0.008899099316284964,0.017426836816745173,0.008577462602220809,0.014971013986703197,0.005716838199796737,0.0062751134890769306,78.44919501539799,0.10067803887435112,0.09112788215927003,0.009550156715081082,2.1972245773362196,8.403674125671387,2024-03-11,0.0071793897586796
2024-03-11,9,0.5029388607169191,0.5513995491183229,0.8888888888888888,0.1111111111111111,0.0,1,2024-03-11,2024-03-11,2024-03-11,8.464007377624512,9.81999969482422,9.81999969482422,9.75,9.75,14310100,2024-03-11,8.464007377624512,0.0071793897586796,0.0010182357378547,0.010504388018629,9.75,9.81999969482422,9.75,14310100,0.0071793897586796,0.007153740630252425,-0.1318966792179988,0.008270278096551764,16.476476209509123,0.0756157876143444,0.01153688098215322,0.021427129864520778,0.010490308788722702,0.0181375972044846,0.0024720092803654464,0.006237884250318358,81.07206135863694,0.10927326907387602,0.09475695954219124,0.014516309531684785,2.302585092994046,8.464007377624512,2024-03-12,0.0010182357378547557
2024-03-12,7,0.1218133043896939,0.563070980651676,0.5714285714285714,0.4285714285714285,0.0,1,2024-03-12,2024-03-12,2024-03-12,8.472625732421875,9.829999923706056,9.850000381469728,9.779999732971191,9.81999969482422,13954200,2024-03-12,8.472625732421875,0.0010182357378547,0.010504388018629,0.0031182348344724,9.81999969482422,9.850000381469728,9.779999732971191,13954200,0.0010182357378547557,0.0010177176874806015,-0.13720712874487148,0.008261978129243702,16.451291167849412,-0.024870545978015524,0.00841190770247513,0.019075221381966045,0.007650109641621272,0.015633562396073275,0.0029143732454394084,0.006187401883540202,81.41992767747884,0.11544964845535688,0.09889549732482437,0.016554151130532505,2.0794415416798357,8.472625732421875,2024-03-13,0.010504388018629074
2024-03-13,15,-0.0834141070023179,0.7038644907321328,0.4,0.5333333333333333,0.0666666666666666,1,2024-03-13,2024-03-13,2024-03-13,8.561625480651855,9.619999885559082,9.619999885559082,9.479999542236328,9.520000457763672,14597000,2024-03-13,8.561625480651855,0.010504388018629,0.0031182348344724,0.0062177496019379,9.520000457763672,9.619999885559082,9.479999542236328,14597000,0.010504388018629074,0.010449600275296067,-0.10066963561228091,0.016352075156655266,16.49632665461994,0.04606498401914827,0.012910214412114929,0.025281146695816492,0.012083126888368101,0.021417535219684147,0.003437352805718974,0.006445146987498337,84.57303437057068,0.12607272163634065,0.10433094218712764,0.021741779449213003,2.772588722239781,8.561625480651855,2024-03-14,0.0031182348344724886
2024-03-14,11,0.4094834637997502,0.4684767336625019,0.8181818181818182,0.1818181818181818,0.0,1,2024-03-14,2024-03-14,2024-03-14,8.588322639465332,9.649999618530272,9.649999618530272,9.520000457763672,9.609999656677246,16668600,2024-03-14,8.588322639465332,0.0031182348344724,0.0062177496019379,0.0041195152724664,9.609999656677246,9.649999618530272,9.520000457763672,16668600,0.0031182348344724886,0.003113383223256605,-0.10631394939770156,0.015136734636542824,16.62903732798987,0.14191957251490028,0.01062262012105597,0.023889115244718706,0.010108014355821426,0.020039721629222962,0.003663580593798788,0.006413160125277356,85.37481154364488,0.1350886039297965,0.11048247453566143,0.024606129394135062,2.4849066497880004,8.588322639465332,2024-03-15,0.006217749601937994
2024-03-15,4,-0.1138965263962745,0.3265140667724348,0.25,0.75,0.0,1,2024-03-15,2024-03-15,2024-03-15,8.641722679138184,9.710000038146973,9.739999771118164,9.600000381469728,9.640000343322754,28950100,2024-03-15,8.641722679138184,0.0062177496019379,0.0041195152724664,-0.0102565911756585,9.640000343322754,9.739999771118164,9.600000381469728,28950100,0.006217749601937994,0.006198499151990777,-0.10355577060492925,0.016200402957434117,17.181084250750942,0.7368045306744417,0.011241014560481988,0.02419145866991257,0.010866380405389009,0.021482287659085886,0.00367697367884315,0.004545452435496888,86.84729210049017,0.14487269032814432,0.117360517694158,0.02751217263398631,1.6094379124341003,8.641722679138184,2024-03-18,0.004119515272466456
2024-03-18,7,0.300433460822595,0.7018933925102501,0.7142857142857143,0.2857142857142857,0.0,1,2024-03-18,2024-03-18,2024-03-18,8.677322387695312,9.75,9.800000190734863,9.65999984741211,9.710000038146973,9478200,2024-03-18,8.677322387695312,0.0041195152724664,-0.0102565911756585,-0.0082901477306834,9.710000038146973,9.800000190734863,9.65999984741211,9478200,0.004119515272466456,0.004111053300946299,-0.1063519718223125,0.016134048853742988,16.064505088290502,-0.6726021671773155,0.010362744356227749,0.02352282001390682,0.00997048560587488,0.02092161190358044,0.003603881448140446,0.002923171213988457,87.73392389144156,0.15372717704561722,0.12463384956444985,0.029093327481167372,2.0794415416798357,8.677322387695312,2024-03-19,-0.01025659117565858
2024-03-19,6,-0.400783840722094,0.6838729454131085,0.1666666666666666,0.8333333333333334,0.0,1,2024-03-19,2024-03-19,2024-03-19,8.588322639465332,9.649999618530272,9.770000457763672,9.609999656677246,9.75,15660900,2024-03-19,8.588322639465332,-0.0102565911756585,-0.0082901477306834,-0.0020898342061876,9.75,9.770000457763672,9.609999656677246,15660900,-0.01025659117565858,-0.010309552452937076,-0.11914639595227364,0.018630040789476752,16.566677781993178,0.652307400139267,-0.0026871770074057277,0.009594359954474996,-0.00025894603182752274,0.008534141433457654,0.007799646908487955,0.005598504049039663,74.25695359593317,0.1518128812868813,0.13006965590893615,0.021743225377945152,1.9459101490553132,8.588322639465332,2024-03-20,-0.008290147730683484
2024-03-20,13,-0.2907364712311671,0.6376703572237178,0.2307692307692307,0.7692307692307693,0.0,1,2024-03-20,2024-03-20,2024-03-20,8.51712417602539,9.56999969482422,9.65999984741211,9.550000190734863,9.649999618530272,8926900,2024-03-20,8.51712417602539,-0.0082901477306834,-0.0020898342061876,0.004188533724827,9.649999618530272,9.65999984741211,9.550000190734863,8926900,-0.008290147730683484,-0.008324702111851323,-0.11739642355316714,0.012915117169112197,16.004579860148173,-0.4299880594346429,-0.009931776062833242,-0.0012205419202547807,-0.0057142444894850986,0.00014174096128805047,0.007650069824900212,0.006708726976742,65.5783168706248,0.14290336608711307,0.13263639794457155,0.010266968142541522,2.6390573296152584,8.51712417602539,2024-03-21,-0.0020898342061876907
2024-03-21,10,0.4405798988416791,0.4612849575533483,0.9,0.1,0.0,1,2024-03-21,2024-03-21,2024-03-21,8.499324798583984,9.550000190734863,9.579999923706056,9.520000457763672,9.56999969482422,13260300,2024-03-21,8.499324798583984,-0.0020898342061876,0.004188533724827,0.003128436987158,9.56999969482422,9.579999923706056,9.520000457763672,13260300,-0.0020898342061876907,-0.002092020956854679,-0.11187825813822057,0.007059321459556493,16.400285242313522,0.4854316728091499,-0.009952346296788983,-0.004926870255316795,-0.00520828580667565,-0.0015947017582068623,0.007292243912305174,0.006710958656828297,63.57781547843335,0.13287455493997768,0.13268402934365278,0.00019052559632490307,2.3978952727983707,8.499324798583984,2024-03-22,0.0041885337248270815
2024-03-22,4,0.2476678062230348,0.4116662138080316,0.75,0.25,0.0,1,2024-03-22,2024-03-22,2024-03-22,8.534924507141113,9.59000015258789,9.59000015258789,9.529999732971191,9.550000190734863,11088500,2024-03-22,8.534924507141113,0.004188533724827,0.003128436987158,0.0072762897082321,9.550000190734863,9.59000015258789,9.529999732971191,11088500,0.0041885337248270815,0.00417978623504256,-0.10629064537386579,0.007029988322274822,16.22141918337374,-0.16378211654336627,-0.0033256863313807505,-0.0022920872966398775,-0.0006946192726071665,0.00211576590205631,0.0067529130459123374,0.006661944081783237,65.82342112924783,0.1263428471176926,0.13141579289846075,-0.00507294578076814,1.6094379124341003,8.534924507141113,2024-03-25,0.003128436987158034
2024-03-25,10,0.1528446805663406,0.8431028283762931,0.5,0.4,0.1,1,2024-03-25,2024-03-25,2024-03-25,8.561625480651855,9.619999885559082,9.619999885559082,9.539999961853027,9.59000015258789,8437900,2024-03-25,8.561625480651855,0.003128436987158,0.0072762897082321,-0.0041280182172896,9.59000015258789,9.619999885559082,9.539999961853027,8437900,0.003128436987158034,0.0031235536104068373,-0.10723406210358873,0.009344011121117593,15.948244138959527,-0.2390404473102764,0.002501229408949479,-0.0003115926958983106,0.0016197835153155538,0.004292029454627588,0.006521889873254139,0.006401072971640742,67.44468868437153,0.12191559987752676,0.12951575429427398,-0.007600154416747218,2.3978952727983707,8.561625480651855,2024-03-26,0.007276289708232131
2024-03-26,11,0.0067952026359059,0.6421714995732838,0.4545454545454545,0.5454545454545454,0.0,1,2024-03-26,2024-03-26,2024-03-26,8.623922348022461,9.6899995803833,9.699999809265137,9.59000015258789,9.619999885559082,12421500,2024-03-26,8.623922348022461,0.0072762897082321,-0.0041280182172896,0.0041451293869119,9.619999885559082,9.699999809265137,9.59000015258789,12421500,0.007276289708232131,0.007249945228462007,-0.10354236480105035,0.01275517708046965,16.334939480629572,0.4721079889545976,0.008954562424087209,0.005186669387525766,0.005920991704895018,0.00947056675483493,0.006120027327451659,0.0066846669478857965,70.91179260160456,0.12202715798527919,0.12801803503247502,-0.005990877047195836,2.4849066497880004,8.623922348022461,2024-03-27,-0.004128018217289697
2024-03-27,8,-0.2202373832697048,0.5540872439367929,0.25,0.625,0.125,1,2024-03-27,2024-03-27,2024-03-27,8.588322639465332,9.649999618530272,9.699999809265137,9.649999618530272,9.6899995803833,12331400,2024-03-27,8.588322639465332,-0.0041280182172896,0.0041451293869119,0.002064064401021,9.6899995803833,9.699999809265137,9.649999618530272,12331400,-0.004128018217289697,-0.004136562005205402,-0.11369215568886439,0.0058218808065154184,16.3276594939898,-0.007253552308497335,0.0031184136132840212,0.0007258380430168465,0.0011783263815372536,0.004335009431275516,0.004681179719205781,0.00614530630483974,66.5500662456657,0.11788407538724854,0.12599124310342974,-0.008107167716181196,2.1972245773362196,8.588322639465332,2024-03-29,0.004145129386911917
2024-03-29,12,0.3805453520423422,0.5857543336242842,0.75,0.1666666666666666,0.0833333333333333,2,2024-03-28,2024-03-29,2024-03-29,8.623922348022461,9.6899995803833,9.699999809265137,9.630000114440918,9.649999618530272,11394900,2024-03-29,8.623922348022461,0.0041451293869119,0.002064064401021,0.0020597024577491,9.649999618530272,9.699999809265137,9.630000114440918,11394900,0.004145129386911917,0.004136562005205402,-0.10632925503307801,0.00811692081623048,16.24867653260312,-0.07594433722042915,0.004353193286175561,0.004457313359451653,0.003545928751074401,0.0069422708730333405,0.0042369023207597025,0.006205390713117591,68.62815770681621,0.11613452502711219,0.12401989948816625,-0.007885374461054057,2.5649493574615367,8.623922348022461,2024-04-01,0.0020640644010210263
2024-04-01,3,0.3726669067206482,0.7555662478707406,0.6666666666666666,0.3333333333333333,0.0,1,2024-04-01,2024-04-01,2024-04-01,8.641722679138184,9.710000038146973,9.720000267028809,9.68000030517578,9.6899995803833,5896100,2024-04-01,8.641722679138184,0.002064064401021,0.0020597024577491,-0.0113050784198132,9.6899995803833,9.720000267028809,9.68000030517578,5896100,0.0020640644010210263,0.0020619371467853753,-0.10818131544270419,0.004628702324548352,15.589801842962391,-0.4825667623234956,0.003928898790905189,0.006530577942302163,0.0037378758464294837,0.007368458575240711,0.004184344414285058,0.005906849760096709,69.64366954270764,0.11486029375102724,0.12218797834073844,-0.0073276845897111975,1.3862943611198906,8.641722679138184,2024-04-02,0.002059702457749113
2024-04-02,4,0.2520353424479253,0.6533841793129721,0.5,0.25,0.25,1,2024-04-02,2024-04-02,2024-04-02,8.65952205657959,9.729999542236328,9.729999542236328,9.6899995803833,9.720000267028809,9104200,2024-04-02,8.65952205657959,0.0020597024577491,-0.0113050784198132,0.0072762897082321,9.720000267028809,9.729999542236328,9.6899995803833,9104200,0.002059702457749113,0.0020575841788259552,-0.10910269355099346,0.0046191881713188755,16.024246513311912,0.5441054256203253,0.003713672285333258,0.008812885050019093,0.0038627101098327454,0.007713124137508132,0.004171313228331618,0.005782448404465502,70.66619648495173,0.11397290854428022,0.1205449643814468,-0.006572055837166579,1.6094379124341003,8.65952205657959,2024-04-03,-0.011305078419813208
2024-04-03,8,0.342439497995656,0.7126746917965484,0.625,0.25,0.125,1,2024-04-03,2024-04-03,2024-04-03,8.561625480651855,9.619999885559082,9.739999771118164,9.579999923706056,9.739999771118164,17711600,2024-04-03,8.561625480651855,-0.0113050784198132,0.0072762897082321,-0.0051598845406718,9.739999771118164,9.739999771118164,9.579999923706056,17711600,-0.011305078419813208,-0.011369466554073338,-0.12098298954385188,0.018688022242234977,16.689730406576544,0.9454317787394828,-0.00619819121398979,-0.002281518021438389,-0.005003175685807992,-0.003012230063902499,0.006329790927253756,0.005990999297469983,58.91236819177566,0.1041694136952529,0.11726985424420802,-0.013100440548955122,2.1972245773362196,8.561625480651855,2024-04-04,0.007276289708232131
2024-04-04,3,0.7693847759316365,0.0890686278241592,1.0,0.0,0.0,1,2024-04-04,2024-04-04,2024-04-04,8.623922348022461,9.6899995803833,9.710000038146973,9.619999885559082,9.630000114440918,8919600,2024-04-04,8.623922348022461,0.0072762897082321,-0.0051598845406718,0.0051866470405543,9.630000114440918,9.710000038146973,9.619999885559082,8919600,0.007276289708232131,0.007249945228462007,-0.10447328706775058,0.010436104240726198,16.00376177261403,-0.49639784096298467,0.00020637161123016057,0.0037289704302341242,0.0014900287239978383,0.0034681682862036656,0.007121065954552801,0.005697973972894106,63.11655924485,0.10027104773546114,0.11387009294245864,-0.013599045206997507,1.3862943611198906,8.623922348022461,2024-04-05,-0.005159884540671844
2024-04-05,5,0.4542509531602264,0.5831760843420397,0.6,0.4,0.0,1,2024-04-05,2024-04-05,2024-04-05,8.579423904418945,9.640000343322754,9.699999809265137,9.630000114440918,9.68000030517578,8829400,2024-04-05,8.579423904418945,-0.0051598845406718,0.0051866470405543,-0.0061918614488062,9.68000030517578,9.699999809265137,9.630000114440918,8829400,-0.005159884540671844,-0.005173242715815984,-0.11369590558466917,0.008159020419560396,15.993597733359522,-0.01011256110139469,-0.003926440736644832,-0.002380200996673021,-0.0024547052242157585,-0.0013992080569263932,0.0072585411616313605,0.005974600876070885,58.51110050306721,0.09252434901528162,0.10960094415702325,-0.017076595141741632,1.791759469228055,8.579423904418945,2024-04-08,0.005186647040554382
2024-04-08,6,0.4877333827316761,0.2769336235366265,0.8333333333333334,0.0,0.1666666666666666,1,2024-04-08,2024-04-08,2024-04-08,8.623922348022461,9.6899995803833,9.699999809265137,9.619999885559082,9.649999618530272,5322100,2024-04-08,8.623922348022461,0.0051866470405543,-0.0061918614488062,0.0020767018818392,9.649999618530272,9.699999809265137,9.619999885559082,5322100,0.005186647040554382,0.005173242715815984,-0.10632925503307801,0.009276512528478338,15.48737870816758,-0.3972297098330577,0.0016538495211826376,0.0017574106423414726,0.0018111651050030098,0.0030907517146394614,0.0077097787888828805,0.006042581118950176,61.53379080707341,0.0889503230232247,0.10547081993026354,-0.016520496907038842,1.9459101490553132,8.623922348022461,2024-04-09,-0.006191861448806235
2024-04-09,13,-0.1606681776376297,0.6741087087397518,0.3846153846153846,0.5384615384615384,0.0769230769230769,1,2024-04-09,2024-04-09,2024-04-09,8.570524215698242,9.630000114440918,9.699999809265137,9.619999885559082,9.6899995803833,5053800,2024-04-09,8.570524215698242,-0.0061918614488062,0.0020767018818392,0.0,9.6899995803833,9.699999809265137,9.619999885559082,5053800,-0.006191861448806235,-0.0062111105224404994,-0.11552893840690716,0.009334309278249566,15.4356511914024,-0.05041243118317962,-0.002486002431058898,-0.004548230281946841,-0.002932233253787997,-0.002554378704656024,0.00793459175173527,0.006395607631631236,56.23881669228949,0.08087680124263485,0.10055201619273782,-0.019675214950102965,2.6390573296152584,8.570524215698242,2024-04-12,0.0020767018818392824
2024-04-12,8,-0.2189537085941992,0.6970088350340109,0.25,0.75,0.0,2,2024-04-10,2024-04-12,2024-04-12,8.588322639465332,9.649999618530272,9.670000076293944,9.609999656677246,9.630000114440918,20130900,2024-04-12,8.588322639465332,0.0020767018818392,0.0,-0.0072536710584598,9.630000114440918,9.670000076293944,9.609999656677246,20130900,0.0020767018818392824,0.0020745485172350975,-0.10817003765280452,0.006986279176446121,16.817766555680386,2.983319482369702,-0.0010352705246586824,-0.002068344403949318,-0.0005745788538635832,-0.0003952013911675545,0.006064021250858038,0.005944848476434611,57.55001350811062,0.0750495367721129,0.09545152030861284,-0.02040198353649994,2.1972245773362196,8.588322639465332,2024-04-15,0.0
2024-04-15,4,-0.2769345715641975,0.7117056722108803,0.25,0.75,0.0,1,2024-04-15,2024-04-15,2024-04-15,8.588322639465332,9.649999618530272,9.65999984741211,9.600000381469728,9.640000343322754,10966600,2024-04-15,8.588322639465332,0.0,-0.0072536710584598,0.0020876523150636,9.640000343322754,9.65999984741211,9.600000381469728,10966600,0.0,0.0,-0.10909519361022402,0.006986168133305751,16.21036493920762,-0.45523548375879863,-0.00020727457141789252,-0.002068344403949318,-0.0003831259479317728,-0.000323369828447162,0.004817534555869179,0.0057985561133166285,57.55001350811062,0.06962875079922881,0.09028696640673604,-0.020658215607507233,1.6094379124341003,8.588322639465332,2024-04-16,-0.007253671058459865
2024-04-16,11,-0.4473387382458895,0.6675355594896072,0.1818181818181818,0.8181818181818182,0.0,1,2024-04-16,2024-04-16,2024-04-16,8.526025772094727,9.579999923706056,9.649999618530272,9.579999923706056,9.649999618530272,16712100,2024-04-16,8.526025772094727,-0.0072536710584598,0.0020876523150636,0.0072916724802849,9.649999618530272,9.649999618530272,9.579999923706056,16712100,-0.007253671058459865,-0.0072801068456160856,-0.11647397832817015,0.00821012001316262,16.63164362576179,0.5239089599328872,-0.0062239322620754045,-0.008178793553149877,-0.005102329048352505,-0.00620602499210543,0.0053508179626918775,0.006012907611427737,51.30936783286487,0.05961865555103074,0.084153304235595,-0.02453464868456426,2.4849066497880004,8.526025772094727,2024-04-17,0.0020876523150636928
2024-04-17,14,0.3329212345914649,0.6472867415537827,0.7142857142857143,0.2857142857142857,0.0,1,2024-04-17,2024-04-17,2024-04-17,8.543825149536133,9.600000381469728,9.609999656677246,9.529999732971191,9.579999923706056,8183700,2024-04-17,8.543825149536133,0.0020876523150636,0.0072916724802849,-0.0020684439297775,9.579999923706056,9.609999656677246,9.529999732971191,8183700,0.0020876523150636928,0.00208547619709476,-0.10816020693339169,0.009363478571468437,15.917655051244333,-0.5103128870698477,-0.0022863493916061017,-0.004975052544283209,-0.002018921715443156,-0.00338271895847142,0.004538662268621278,0.006014301984699823,52.88153427956207,0.05251646681285749,0.0778259367510475,-0.025309469938190013,2.70805020110221,8.543825149536133,2024-04-18,0.00729167248028495
2024-04-18,15,0.3452617783099413,0.6371312654683912,0.8,0.2,0.0,1,2024-04-18,2024-04-18,2024-04-18,8.606123924255371,9.670000076293944,9.699999809265137,9.59000015258789,9.630000114440918,6173800,2024-04-18,8.606123924255371,0.0072916724802849,-0.0020684439297775,0.0093265133597668,9.630000114440918,9.699999809265137,9.59000015258789,6173800,0.00729167248028495,0.007265216762946558,-0.10632151381287801,0.012781556208739303,15.635825251584386,-0.24559795691435415,0.004153759932099765,0.0029040310136723146,0.0034992199654106937,0.0031758108237209814,0.00526600550060142,0.006527543547254752,57.993930789460734,0.051323298499152514,0.07252540910066851,-0.021202110601516,2.772588722239781,8.606123924255371,2024-04-19,-0.0020684439297775636
2024-04-19,6,0.1740152222725252,0.6701069081433589,0.6666666666666666,0.3333333333333333,0.0,1,2024-04-19,2024-04-19,2024-04-19,8.588322639465332,9.649999618530272,9.710000038146973,9.649999618530272,9.68000030517578,11014400,2024-04-19,8.588322639465332,-0.0020684439297775,0.0093265133597668,0.0082135440028103,9.68000030517578,9.710000038146973,9.649999618530272,11014400,-0.0020684439297775636,-0.0020705861144252324,-0.11277661480307398,0.006986279176446535,16.214714156349537,0.7840552010107227,0.002076724182805023,0.0005183069613983182,0.0009485752858724439,0.0009004726081074388,0.005348371931506391,0.005400512956038589,56.120191931488584,0.04838355361486002,0.06769703800350682,-0.0193134843886468,1.9459101490553132,8.588322639465332,2024-04-22,0.009326513359766864
2024-04-22,7,0.3698695838850523,0.6359643551075868,0.8571428571428571,0.1428571428571428,0.0,1,2024-04-22,2024-04-22,2024-04-22,8.668421745300293,9.739999771118164,9.779999732971191,9.640000343322754,9.649999618530272,10542600,2024-04-22,8.668421745300293,0.0093265133597668,0.0082135440028103,-0.0020366305418633,9.649999618530272,9.779999732971191,9.640000343322754,10542600,0.009326513359766864,0.009283289975182907,-0.10171791834531455,0.016150505104846814,16.170934844827297,-0.04283483439860547,0.009535606017643472,0.009326412488869673,0.0068325352464475575,0.008358849642128297,0.006778531980058376,0.005723036707189102,62.0601470539977,0.05191862742038289,0.06454135588688203,-0.012622728466499145,2.0794415416798357,8.668421745300293,2024-04-23,0.00821354400281038
2024-04-23,11,0.8558979285034266,0.1178261480098459,1.0,0.0,0.0,1,2024-04-23,2024-04-23,2024-04-23,8.739620208740234,9.81999969482422,9.84000015258789,9.739999771118164,9.739999771118164,12826500,2024-04-23,8.739620208740234,0.0082135440028103,-0.0020366305418633,-0.0020407868707337,9.739999771118164,9.84000015258789,9.739999771118164,12826500,0.00821354400281038,0.008179996421439295,-0.10270837637433382,0.011442188456852983,16.367023979209844,0.21663536509020553,0.01278874901477467,0.015721953264794974,0.010017702607412193,0.013574332957027702,0.004815017404203557,0.005807734754778658,66.41249693030997,0.059776256375243975,0.06358833598455443,-0.003812079609310459,2.4849066497880004,8.739620208740234,2024-04-24,-0.0020366305418633157
2024-04-24,7,0.6784528922289611,0.2956860954217066,1.0,0.0,0.0,1,2024-04-24,2024-04-24,2024-04-24,8.721820831298828,9.800000190734863,9.880000114440918,9.789999961853027,9.81999969482422,16388400,2024-04-24,8.721820831298828,-0.0020366305418633,-0.0020407868707337,0.001022480099329,9.81999969482422,9.880000114440918,9.789999961853027,16388400,-0.0020366305418633157,-0.002038707294042652,-0.11183084497489386,0.010318963703647654,16.612084386473285,0.2776985147935913,0.006573556779394307,0.012501299325216708,0.0052930676831195456,0.009397652146554192,0.005703554150154218,0.005798150555282975,64.42280134059811,0.06383141412090332,0.06363695161182421,0.00019446250907910467,2.0794415416798357,8.721820831298828,2024-04-25,-0.002040786870733724
2024-04-25,9,-0.1074528905252615,0.5012568386764655,0.4444444444444444,0.4444444444444444,0.1111111111111111,1,2024-04-25,2024-04-25,2024-04-25,8.704021453857422,9.779999732971191,9.850000381469728,9.760000228881836,9.800000190734863,20536400,2024-04-25,8.704021453857422,-0.0020407868707337,0.001022480099329,-0.0040857428066057,9.800000190734863,9.850000381469728,9.760000228881836,20536400,-0.002040786870733724,-0.002042872113766858,-0.11183456281088687,0.010340065573713218,16.837709528027315,0.25310585536110897,0.002254615729195164,0.00887150472135212,0.0021586534497779475,0.0059955629919128395,0.005938681487777717,0.005345478502836462,62.409215110893406,0.06486121513290577,0.06388180431604053,0.0009794108168652421,2.302585092994046,8.704021453857422,2024-04-26,0.0010224800993290373
2024-04-26,9,0.0958793966823982,0.7519890472334639,0.4444444444444444,0.4444444444444444,0.1111111111111111,1,2024-04-26,2024-04-26,2024-04-26,8.712921142578125,9.789999961853027,9.8100004196167,9.760000228881836,9.779999732971191,21849500,2024-04-26,8.712921142578125,0.001022480099329,-0.0040857428066057,-0.0020513621968182,9.779999732971191,9.8100004196167,9.760000228881836,21849500,0.0010224800993290373,0.0010219577226018295,-0.10910824330553279,0.005738625418118772,16.899688641716487,0.06394012582536379,0.0004087631907705447,0.008446652450643466,0.002119977615837154,0.005739720666264603,0.005519070495490285,0.005344543897007481,63.03139839316831,0.06563882681937017,0.06423320881670647,0.0014056180026637,2.302585092994046,8.712921142578125,2024-04-29,-0.0040857428066057855
2024-04-29,7,0.5381207370332309,0.422113237425439,0.8571428571428571,0.1428571428571428,0.0,1,2024-04-29,2024-04-29,2024-04-29,8.677322387695312,9.75,9.8100004196167,9.729999542236328,9.789999961853027,11487500,2024-04-29,8.677322387695312,-0.0040857428066057,-0.0020513621968182,0.005138782139139,9.789999961853027,9.8100004196167,9.729999542236328,11487500,-0.0040857428066057855,-0.004094112258477445,-0.11365450239972319,0.009219534990864761,16.25677013269722,-0.47424426188242297,-0.0038822487597727218,0.00329291025119538,-0.0013171514557858144,0.0013336720326391216,0.004829170025866372,0.005617280421237355,58.83643686264562,0.06266025921190987,0.06391861889574715,-0.001258359683837279,2.0794415416798357,8.677322387695312,2024-04-30,-0.0020513621968182294
2024-04-30,8,0.2511031243484468,0.7598875509545565,0.625,0.25,0.125,1,2024-04-30,2024-04-30,2024-04-30,8.65952205657959,9.729999542236328,9.789999961853027,9.720000267028809,9.760000228881836,18284500,2024-04-30,8.65952205657959,-0.0020513621968182,0.005138782139139,0.0020449601986582,9.760000228881836,9.789999961853027,9.720000267028809,18284500,-0.0020513621968182294,-0.002053469122120344,-0.11275390845234882,0.008083551767274764,16.721564319064715,0.5916866158868335,-0.004094194372976978,-0.0003082473008709785,-0.002246394779208738,-0.0005895166803113749,0.0018276209483388576,0.004966452077825089,56.800785781766145,0.05819257716023074,0.06277341054864387,-0.0045808333884131275,2.1972245773362196,8.65952205657959,2024-05-02,0.0051387821391390975
2024-05-02,9,0.1944851333068477,0.5588957099209014,0.5555555555555556,0.3333333333333333,0.1111111111111111,1,2024-05-02,2024-05-02,2024-05-02,8.704021453857422,9.779999732971191,9.800000190734863,9.729999542236328,9.729999542236328,12902000,2024-05-02,8.704021453857422,0.005138782139139,0.0020449601986582,0.0030611803061004,9.729999542236328,9.800000190734863,9.729999542236328,12902000,0.0051387821391390975,0.005125623657995959,-0.10544482391035108,0.008042334094605487,16.372892973581685,-0.2943750170909787,0.0014335461652887904,0.0029740769338142403,0.0019187199070358485,0.0037165756081141144,0.003595322676950416,0.005094149167548317,60.4817795862921,0.05757890266144727,0.061734508971204555,-0.0041556063097572815,2.302585092994046,8.704021453857422,2024-05-03,0.0020449601986582966
2024-05-03,7,0.5273655358968038,0.6775339783528502,0.8571428571428571,0.1428571428571428,0.0,1,2024-05-03,2024-05-03,2024-05-03,8.721820831298828,9.800000190734863,9.84000015258789,9.770000457763672,9.779999732971191,12570300,2024-05-03,8.721820831298828,0.0020449601986582,0.0030611803061004,0.0010173883696147,9.779999732971191,9.84000015258789,9.770000457763672,12570300,0.0020449601986582966,0.002042872113766858,-0.10819825465893806,0.008025812061286587,16.346847526182675,-0.025709192373275513,0.003070601908037096,0.0036870151825585395,0.0026415756325082196,0.004715256235833687,0.0035944242026551033,0.0047310675529133595,61.88093776200699,0.05786182707896259,0.060959972592756165,-0.0030981455137935737,2.0794415416798357,8.721820831298828,2024-05-06,0.003061180306100475
2024-05-06,7,0.5260707585673247,0.6020698194431937,0.8571428571428571,0.1428571428571428,0.0,1,2024-05-06,2024-05-06,2024-05-06,8.748519897460938,9.829999923706056,9.84000015258789,9.800000190734863,9.800000190734863,7250200,2024-05-06,8.748519897460938,0.0030611803061004,0.0010173883696147,-0.0040650906731166,9.800000190734863,9.84000015258789,9.800000190734863,7250200,0.003061180306100475,0.0030565044336960945,-0.1072939053886977,0.00457219761992385,15.796539750584481,-0.4232277670381773,0.005318006057537961,0.004906923051491985,0.003799994462264422,0.006365332196525353,0.0037909865782167177,0.004595840075668486,63.9431491068948,0.05955393750357807,0.06067876557492055,-0.0011248280713424819,2.0794415416798357,8.748519897460938,2024-05-07,0.0010173883696147357
2024-05-07,13,0.4665287121270711,0.4185362064033908,0.8461538461538461,0.0769230769230769,0.0769230769230769,1,2024-05-07,2024-05-07,2024-05-07,8.757420539855957,9.84000015258789,9.869999885559082,9.829999923706056,9.829999923706056,11018700,2024-05-07,8.757420539855957,0.0010173883696147,-0.0040650906731166,0.0040816830849559,9.829999923706056,9.869999885559082,9.829999923706056,11018700,0.0010173883696147357,0.001016871180825607,-0.10911285780007626,0.004567550647017745,16.21510447815303,0.5197787647237317,0.004491673768873827,0.0049019994076620055,0.0032090087913290155,0.006037594843583349,0.002656812906966658,0.0037733126395826638,64.63011406945921,0.06091101044892078,0.0607252145497206,0.00018579589920017514,2.6390573296152584,8.757420539855957,2024-05-08,-0.004065090673116667
2024-05-08,11,0.4467440180226483,0.6622311743937115,0.8181818181818182,0.1818181818181818,0.0,1,2024-05-08,2024-05-08,2024-05-08,8.721820831298828,9.800000190734863,9.869999885559082,9.760000228881836,9.850000381469728,7482500,2024-05-08,8.721820831298828,-0.0040650906731166,0.0040816830849559,0.0030487363305895,9.850000381469728,9.869999885559082,9.760000228881836,7482500,-0.004065090673116667,-0.0040733756145217015,-0.11453599050547077,0.01261200600252015,15.828077652354153,-0.32092715111583037,-0.0010193751180933575,0.001021435701651363,-0.0005795857735052534,0.0015932218302254775,0.003433650175241161,0.0031159339686211433,59.72850979523872,0.058440238877906836,0.06026821941535786,-0.001827980537451021,2.4849066497880004,8.721820831298828,2024-05-09,0.004081683084955934
2024-05-09,6,0.2728531480145951,0.6057606523536233,0.6666666666666666,0.3333333333333333,0.0,1,2024-05-09,2024-05-09,2024-05-09,8.757420539855957,9.84000015258789,9.84000015258789,9.779999732971191,9.800000190734863,5843200,2024-05-09,8.757420539855957,0.0040816830849559,0.0030487363305895,0.0,9.800000190734863,9.84000015258789,9.779999732971191,5843200,0.004081683084955934,0.0040733756145217015,-0.10638567659055599,0.0068513804200256104,15.580789321081818,-0.21908453057133315,0.001832659635103706,0.00469678370082427,0.002330435784063223,0.004643627889749702,0.0031714605184353225,0.0033097715000979704,62.769317808040924,0.058678326348159615,0.059950240801918214,-0.0012719144537585991,1.9459101490553132,8.757420539855957,2024-05-10,0.003048736330589552
2024-05-10,7,0.3987352188144411,0.5839595534344099,0.8571428571428571,0.1428571428571428,0.0,1,2024-05-10,2024-05-10,2024-05-10,8.784119606018066,9.869999885559082,9.880000114440918,9.829999923706056,9.84000015258789,10022700,2024-05-10,8.784119606018066,0.0030487363305895,0.0,0.0010131565962063,9.84000015258789,9.880000114440918,9.829999923706056,10022700,0.003048736330589552,0.0030440983582282755,-0.10730493193052754,0.0056921117855232755,16.12036317817423,0.7152758762322016,0.003456683353655121,0.006834631138460168,0.003584415780504502,0.006296513120917169,0.003266448457308943,0.0032818291424245513,64.90933476370813,0.0603260032754136,0.060025393296617297,0.00030060997879630125,2.0794415416798357,8.784119606018066,2024-05-13,0.0
2024-05-13,7,0.6241657312161156,0.3293551690446398,1.0,0.0,0.0,2,2024-05-12,2024-05-13,2024-05-13,8.784119606018066,9.869999885559082,9.890000343322754,9.84000015258789,9.869999885559082,6357800,2024-05-13,8.784119606018066,0.0,0.0010131565962063,0.0,9.869999885559082,9.890000343322754,9.84000015258789,6357800,0.0,0.0,-0.11001826668000071,0.0056921117855234776,15.665193120812381,-0.3656599519091662,0.0026411863530628743,0.00601364769654511,0.002386758808357481,0.0051458015340457575,0.003169434314328223,0.0032942312446641634,64.90933476370813,0.060929442426106206,0.06020620312251508,0.000723239303591125,2.0794415416798357,8.784119606018066,2024-05-14,0.001013156596206377
2024-05-14,11,0.5539130336943675,0.494095859242112,0.8181818181818182,0.1818181818181818,0.0,1,2024-05-14,2024-05-14,2024-05-14,8.79301929473877,9.880000114440918,9.880000114440918,9.84000015258789,9.869999885559082,8552500,2024-05-14,8.79301929473877,0.0010131565962063,0.0,0.0040486330535438,9.869999885559082,9.880000114440918,9.84000015258789,8552500,0.001013156596206377,0.0010126436994628563,-0.10911657581638436,0.004549058805882638,15.961734312758766,0.3451980244738746,0.0028420432274061103,0.00570030885626327,0.002265652874388957,0.005037767034171248,0.0031693678374825874,0.0028096739111492714,65.67213552752904,0.06141781644580924,0.06044852578717391,0.0009692906586353245,2.4849066497880004,8.79301929473877,2024-05-15,0.0
2024-05-15,10,0.2087434629211202,0.7141473571780267,0.6,0.3,0.1,1,2024-05-15,2024-05-15,2024-05-15,8.79301929473877,9.880000114440918,9.890000343322754,9.859999656677246,9.880000114440918,8762600,2024-05-15,8.79301929473877,0.0,0.0040486330535438,0.0,9.880000114440918,9.890000343322754,9.859999656677246,8762600,0.0,0.0,-0.11001830031493454,0.00341187544799981,15.986003336649425,0.02456591639871375,0.001216034322086612,0.0041670735365366696,0.0015092954031030725,0.004118037443725742,0.0018518808179842764,0.002602717026183676,65.67213552752904,0.06110052752739037,0.060578926135217204,0.0005216013921731655,2.3978952727983707,8.79301929473877,2024-05-16,0.00404863305354386
2024-05-16,6,0.265147503465414,0.4720216919762389,0.6666666666666666,0.1666666666666666,0.1666666666666666,1,2024-05-16,2024-05-16,2024-05-16,8.828619003295898,9.920000076293944,9.920000076293944,9.859999656677246,9.880000114440918,8935300,2024-05-16,8.828619003295898,0.0040486330535438,0.0,0.0070563494722861,9.880000114440918,9.920000076293944,9.859999656677246,8935300,0.00404863305354386,0.004040459392751217,-0.10641509098854036,0.006796127411806773,16.00552039375307,0.019708762239518007,0.0036422842356396146,0.006799991699793839,0.003702492422474446,0.006685515141093834,0.0018409632511668774,0.002453511757878386,68.81684522896015,0.06299549982632158,0.06106224087343808,0.0019332589528834945,1.9459101490553132,8.828619003295898,2024-05-17,0.0
2024-05-17,1,0.9025123044848444,0.0,1.0,0.0,0.0,1,2024-05-17,2024-05-17,2024-05-17,8.828619003295898,9.920000076293944,9.93000030517578,9.899999618530272,9.920000076293944,14514800,2024-05-17,8.828619003295898,0.0,0.0070563494722861,0.0,9.920000076293944,9.93000030517578,9.899999618530272,14514800,0.0,0.0,-0.11001825248027407,0.00339811771629379,16.490679445391667,0.6244334269694358,0.0026278822817735747,0.0055752941701694425,0.002465285714424059,0.005463325997499213,0.0017531095943366362,0.002481169804121633,68.81684522896015,0.06376226729897283,0.06160224615854504,0.0021600211404277925,0.6931471805599453,8.828619003295898,2024-05-20,0.007056349472286172
2024-05-20,13,0.6324910018772173,0.3338452848882827,0.8461538461538461,0.0769230769230769,0.0769230769230769,2,2024-05-18,2024-05-20,2024-05-20,8.89091682434082,9.989999771118164,10.0,9.920000076293944,9.920000076293944,8624900,2024-05-20,8.89091682434082,0.0070563494722861,0.0,0.0,9.920000076293944,10.0,9.920000076293944,8624900,0.007056349472286172,0.00703156993875842,-0.103738230245819,0.008997938602579124,15.970164042554952,-0.40578581861272633,0.007259466560133987,0.011031199547679948,0.006339197468896218,0.010251505273922712,0.0030757163640976314,0.003063733756722782,73.70554843102354,0.06860600227060054,0.06300299738095615,0.005603004889644395,2.6390573296152584,8.89091682434082,2024-05-21,0.0
2024-05-21,10,-0.0570341338869184,0.6811965221873655,0.3,0.6,0.1,1,2024-05-21,2024-05-21,2024-05-21,8.89091682434082,9.989999771118164,10.0,9.960000038146973,9.989999771118164,15707100,2024-05-21,8.89091682434082,0.0,0.0,-0.001000986613252,9.989999771118164,10.0,9.960000038146973,15707100,0.0,0.0,-0.11001831551136515,0.004498969301289462,16.569623461058523,0.8211341580771951,0.005030130091370433,0.009498726080406028,0.00421722038167438,0.008371990586727218,0.0032217762995544524,0.0031026172880815896,73.70554843102354,0.0716191165387361,0.06472622121251213,0.006892895326223961,2.3978952727983707,8.89091682434082,2024-05-23,0.0
2024-05-23,8,-0.0382458750973455,0.4524997090134354,0.375,0.5,0.125,2,2024-05-22,2024-05-23,2024-05-23,8.89091682434082,9.989999771118164,10.0,9.970000267028809,10.0,12556500,2024-05-23,8.89091682434082,0.0,-0.001000986613252,0.0010019895914197,10.0,10.0,9.970000267028809,12556500,0.0,0.0,-0.11090831756591797,0.003374200159994817,16.34574909739038,-0.20058444907080242,0.0028106400737537562,0.007564241420026763,0.0028075335918209543,0.006839399681912051,0.0032217762995544524,0.002496980692483488,73.70554843102354,0.07316364633241612,0.06641370623649294,0.006749940095923182,2.1972245773362196,8.89091682434082,2024-05-24,-0.0010009866132520973
2024-05-24,12,-0.0035616543415623,0.7741904971543165,0.4166666666666667,0.5,0.0833333333333333,1,2024-05-24,2024-05-24,2024-05-24,8.882017135620117,9.979999542236328,10.0,9.9399995803833,9.989999771118164,7144100,2024-05-24,8.882017135620117,-0.001000986613252,0.0010019895914197,0.0,9.989999771118164,10.0,9.9399995803833,7144100,-0.0010009866132520973,-0.0010014879349244943,-0.11090917526357782,0.006755269518235416,15.781797539176496,-0.43104368255485204,0.000601555406205101,0.005136438038392033,0.001201768558676486,0.00476622846633612,0.0032962311131058976,0.002526295278732923,71.69992977024698,0.07283002759666957,0.06769697050852827,0.005133057088141296,2.5649493574615367,8.882017135620117,2024-05-27,0.0010019895914197274
2024-05-27,6,0.0993443015031516,0.7817150559214837,0.6666666666666666,0.3333333333333333,0.0,1,2024-05-27,2024-05-27,2024-05-27,8.89091682434082,9.989999771118164,10.039999961853027,9.979999542236328,9.979999542236328,9859000,2024-05-27,8.89091682434082,0.0010019895914197,0.0,-0.0090088795192689,9.979999542236328,10.039999961853027,9.979999542236328,9859000,0.0010019895914197274,0.0010014879349244943,-0.10912652984465619,0.006748507583878753,16.103895402987337,0.3800198765414817,0.00020023740964369985,0.004929042881824719,0.0014688952535653055,0.004718405933229253,0.0032340678909954664,0.0024614489992334696,72.50563567459298,0.07244862025040888,0.0686473004569044,0.003801319793504482,1.9459101490553132,8.89091682434082,2024-05-28,0.0
2024-05-28,6,0.5466852535028012,0.7231777769811258,0.8333333333333334,0.1666666666666666,0.0,1,2024-05-28,2024-05-28,2024-05-28,8.89091682434082,9.989999771118164,10.020000457763672,9.979999542236328,10.0,14897200,2024-05-28,8.89091682434082,0.0,-0.0090088795192689,0.0,10.0,10.020000457763672,9.979999542236328,14897200,0.0,0.0,-0.11090831756591797,0.0044990765651785804,16.51668390092023,0.5110254589714982,0.00020023740964369985,0.0037174401003312596,0.0009787842585262663,0.0038572048802072434,0.0007081590817094652,0.0024614489992334696,72.50563567459298,0.07132417152897652,0.06918267467131883,0.0021414968576576876,1.9459101490553132,8.89091682434082,2024-05-29,-0.009008879519268986
2024-05-29,10,-0.1773544333409518,0.7708511439913992,0.3,0.7,0.0,1,2024-05-29,2024-05-29,2024-05-29,8.810819625854492,9.899999618530272,9.979999542236328,9.890000343322754,9.979999542236328,18596100,2024-05-29,8.810819625854492,-0.0090088795192689,0.0,0.0030301508397072,9.979999542236328,9.979999542236328,9.890000343322754,18596100,-0.009008879519268986,-0.009049704853007157,-0.11715230160419876,0.010214622785998289,16.738462493053405,0.24829498160728192,-0.007020962070854897,-0.005524771483796487,-0.0053736748416679525,-0.004247442879553587,0.004090767030092976,0.004067617097407413,55.89536511778094,0.06324086200724643,0.06799431213850436,-0.0047534501312579275,2.3978952727983707,8.810819625854492,2024-05-30,0.0
2024-05-30,6,-0.2258288608863949,0.6989341074425034,0.1666666666666666,0.6666666666666666,0.1666666666666666,1,2024-05-30,2024-05-30,2024-05-30,8.810819625854492,9.899999618530272,9.920000076293944,9.890000343322754,9.899999618530272,13482600,2024-05-30,8.810819625854492,0.0,0.0030301508397072,0.0130917773313337,9.899999618530272,9.920000076293944,9.890000343322754,13482600,0.0,0.0,-0.11001818531761483,0.0034048742619992283,16.416910597357745,-0.2749770113088228,-0.005225004997124971,-0.0057245332934768856,-0.0035888783829373105,-0.0034778663630381512,0.004090767030092976,0.004067617097407413,55.89536511778094,0.05618709116250287,0.06563286794330406,-0.00944577678080119,1.9459101490553132,8.810819625854492,2024-05-31,0.0030301508397072574
2024-05-31,6,0.2710338458418846,0.8340596142367758,0.6666666666666666,0.3333333333333333,0.0,1,2024-05-31,2024-05-31,2024-05-31,8.837517738342285,9.93000030517578,9.949999809265137,9.880000114440918,9.949999809265137,44154100,2024-05-31,8.837517738342285,0.0030301508397072,0.0130917773313337,-0.0079523841174725,9.949999809265137,9.949999809265137,9.880000114440918,44154100,0.0030301508397072574,0.003025569185719945,-0.11180724545209962,0.00792074164904014,17.60319636858265,2.2748950499161884,-0.0012070694225080336,-0.002811865933271207,-0.0003798070370486517,-0.00037496631879263553,0.004647368100740144,0.003972452455437822,59.48350533356834,0.05215008775140184,0.06293631190492362,-0.010786224153521776,1.9459101490553132,8.837517738342285,2024-06-04,0.01309177733133371
2024-06-04,20,0.5764491224079393,0.4150493057488873,0.8,0.15,0.05,3,2024-06-01,2024-06-04,2024-06-04,8.953216552734375,10.0600004196167,10.0600004196167,9.93000030517578,9.93000030517578,12569300,2024-06-04,8.953216552734375,0.0130917773313337,-0.0079523841174725,0.0,9.93000030517578,10.0600004196167,9.93000030517578,12569300,0.01309177733133371,0.013006820700004695,-0.09836694082801577,0.014519934112530407,16.34676797042833,-0.7153310791070364,0.01044600508699034,0.008824786190464451,0.008435601572801099,0.010376664005480318,0.007931224145313429,0.0057101698405735936,70.6334206799568,0.0576224253979003,0.06187353460351896,-0.004251109205618657,3.044522437723423,8.953216552734375,2024-06-05,-0.007952384117472566
2024-06-05,8,0.0489015292550902,0.6256503955598621,0.625,0.375,0.0,1,2024-06-05,2024-06-05,2024-06-05,8.882017135620117,9.979999542236328,10.0600004196167,9.970000267028809,10.039999961853027,9305400,2024-06-05,8.882017135620117,-0.0079523841174725,0.0,0.0020039791828394,10.039999961853027,10.0600004196167,9.970000267028809,9305400,-0.007952384117472566,-0.007984172967641978,-0.1153369353219786,0.010132850591669915,16.046105542240078,-0.2596723763455403,0.00261195600442532,0.0009025938361160168,0.00027738439785118807,0.001915170571596736,0.00901160188790455,0.0060269067831442685,59.7384541906836,0.0555734780246695,0.06061352328774907,-0.005040045263079572,2.1972245773362196,8.882017135620117,2024-06-06,0.0
2024-06-06,11,0.4091062939471819,0.5048152243880849,0.8181818181818182,0.1818181818181818,0.0,1,2024-06-06,2024-06-06,2024-06-06,8.882017135620117,9.979999542236328,10.039999961853027,9.970000267028809,9.989999771118164,17551100,2024-06-06,8.882017135620117,0.0,0.0020039791828394,-0.000999985641012,9.989999771118164,10.039999961853027,9.970000267028809,17551100,0.0,0.0,-0.11090917526357782,0.00788105829513597,16.680627240951125,0.8861198873772218,0.00100297306417918,0.0010029838228649002,0.00018490583523611548,0.0015664122955370008,0.00759059567734629,0.0060269067831442685,59.7384541906836,0.053334861387240196,0.0591577909076473,-0.005822929520407104,2.4849066497880004,8.882017135620117,2024-06-07,0.002003979182839455
2024-06-07,6,0.7059971178726604,0.2862434371235934,1.0,0.0,0.0,1,2024-06-07,2024-06-07,2024-06-07,8.899816513061523,10.0,10.020000457763672,9.979999542236328,10.0,14225900,2024-06-07,8.899816513061523,0.0020039791828394,-0.000999985641012,-0.001000986613252,10.0,10.020000457763672,9.979999542236328,14225900,0.002003979182839455,0.0020019738951466692,-0.11001834869384766,0.004494577553215588,16.47057487516239,-0.18945821059648682,0.0010009651390008312,0.0029083817982136217,0.0014584394114807164,0.0029218992574218117,0.007535460810616353,0.0060632113588041485,61.46192304848882,0.05239304813230561,0.05780484235257896,-0.005411794220273353,1.9459101490553132,8.899816513061523,2024-06-10,-0.0009999856410120023
2024-06-10,6,0.2713135511924823,0.4774442178100575,0.8333333333333334,0.1666666666666666,0.0,1,2024-06-10,2024-06-10,2024-06-10,8.89091682434082,9.989999771118164,10.0,9.979999542236328,10.0,3362700,2024-06-10,8.89091682434082,-0.000999985641012,-0.001000986613252,-0.0020039791828394,10.0,10.0,9.979999542236328,3362700,-0.0009999856410120023,-0.001000485960222175,-0.11090831756591797,0.0022495382825892902,15.028255078057335,-0.7636212823090279,-0.0011997856267593754,0.0018050173949517578,0.0003046171651230889,0.0015695365433261443,0.007617458738426864,0.006063190867484381,60.07715497926542,0.05034814180234548,0.056313502242532266,-0.005965360440186786,1.9459101490553132,8.89091682434082,2024-06-11,-0.0010009866132520973
2024-06-11,4,0.2974228970706463,0.4882578627455479,0.75,0.25,0.0,1,2024-06-11,2024-06-11,2024-06-11,8.882017135620117,9.979999542236328,10.0,9.960000038146973,10.0,7326800,2024-06-11,8.882017135620117,-0.001000986613252,-0.0020039791828394,-0.0040160063588201,10.0,10.0,9.960000038146973,7326800,-0.0010009866132520973,-0.0010014879349244943,-0.11179828643798828,0.004503477221701471,15.807049552953423,1.1788443810033602,-0.0006008325380821855,0.0009025938361160168,-0.00046455745898010825,0.000463843965964994,0.0037623055318830806,0.006063778659240352,58.65399674365084,0.04746229253702339,0.054543260301430495,-0.007080967764407108,1.6094379124341003,8.882017135620117,2024-06-12,-0.002003979182839455
2024-06-12,3,-0.0762545224279165,0.280099973877987,0.0,0.6666666666666666,0.3333333333333333,1,2024-06-12,2024-06-12,2024-06-12,8.864217758178711,9.960000038146973,10.0,9.960000038146973,9.979999542236328,6605100,2024-06-12,8.864217758178711,-0.0020039791828394,-0.0040160063588201,0.0020159918284439,9.979999542236328,10.0,9.960000038146973,6605100,-0.002003979182839455,-0.002005989835775601,-0.11180178709783706,0.0045125202182810485,15.703352787267525,-0.09850139214936948,-0.0022039354370498865,-0.0008025673986709059,-0.0016464246945369077,-0.0012612245465563054,0.0015192952823744436,0.0060937476789043946,55.806624381949874,0.04324052533909928,0.05228271330896426,-0.00904218796986498,1.3862943611198906,8.864217758178711,2024-06-13,-0.004016006358820157
2024-06-13,4,0.4320930697722361,0.3522497071939273,1.0,0.0,0.0,1,2024-06-13,2024-06-13,2024-06-13,8.828619003295898,9.920000076293944,10.0,9.90999984741211,9.960000038146973,7110100,2024-06-13,8.828619003295898,-0.0040160063588201,0.0020159918284439,-0.0010060217928985,9.960000038146973,10.0,9.90999984741211,7110100,-0.004016006358820157,-0.004024092168058324,-0.11359247294356077,0.010194137107320159,15.777027007023113,0.07645607182328806,-0.005014972907753545,-0.005014983601758782,-0.0037776679362411247,-0.004317729085782429,0.0021749316863219634,0.005472310347412756,50.52389727155338,0.03660031674222175,0.04914623399561576,-0.01254591725339401,1.6094379124341003,8.828619003295898,2024-06-18,0.0010079419038317994
2024-06-18,7,0.608450864574739,0.5217876549529333,0.8571428571428571,0.1428571428571428,0.0,2,2024-06-17,2024-06-18,2024-06-18,8.837517738342285,9.93000030517578,9.989999771118164,9.93000030517578,9.9399995803833,9341600,2024-06-18,8.837517738342285,-0.0010060217928985,0.0010070348919459,-0.0010060217928985,9.9399995803833,9.989999771118164,9.93000030517578,9341600,0.0010079419038317994,0.0010074342714712081,-0.11091367088352556,0.006789176295745586,16.049988208791678,0.31384931294918506,-0.0026115390547464257,-0.004311686800177905,-0.0018507334920522256,-0.0027132033350273366,0.0018252159887552563,0.0054771854578516644,51.75336629557178,0.03169064708463942,0.0456551166134205,-0.013964469528781075,2.0794415416798357,8.837517738342285,2024-06-19,0.0010070348919459793
2024-06-19,7,0.7930471531581134,0.218031390373121,1.0,0.0,0.0,1,2024-06-19,2024-06-19,2024-06-19,8.846417427062988,9.9399995803833,9.960000038146973,9.93000030517578,9.93000030517578,14041500,2024-06-19,8.846417427062988,0.0010070348919459,-0.0010060217928985,-0.0070492442436226,9.93000030517578,9.960000038146973,9.93000030517578,14041500,0.0010070348919459793,0.0010065281724704889,-0.10912213945733708,0.0033911731182182186,16.457527859679505,0.5031150980560075,-0.0006033135508374254,-0.0034089214044527028,-0.0005638671638209525,-0.0013986260752570923,0.0021309787708474726,0.005402652278361739,53.010986935126326,0.028192839506308687,0.04216266119199814,-0.01396982168568945,2.0794415416798357,8.846417427062988,2024-06-20,-0.0010060217928985482
2024-06-20,2,0.6873191241174936,0.0851018918179428,1.0,0.0,0.0,1,2024-06-20,2024-06-20,2024-06-20,8.837517738342285,9.93000030517578,9.949999809265137,9.890000343322754,9.9399995803833,11191300,2024-06-20,8.837517738342285,-0.0010060217928985,-0.0070492442436226,0.0020283682470818,9.9399995803833,9.949999809265137,9.890000343322754,11191300,-0.0010060217928985482,-0.0010065281724704889,-0.11091367088352556,0.006789176295745386,16.230647338051806,-0.20298401167966384,-0.0006038991853745124,-0.0031121678772626504,-0.0010467620314977832,-0.0019671474942644096,0.002130979835081945,0.0028991849428317345,51.56351601936777,0.024421159374552914,0.038614360828509095,-0.01419320145395618,1.0986122886681098,8.837517738342285,2024-06-21,-0.007049244243622632
2024-06-21,4,0.574587571201846,0.5843131559305333,0.75,0.25,0.0,1,2024-06-21,2024-06-21,2024-06-21,8.775219917297363,9.859999656677246,9.979999542236328,9.859999656677246,9.979999542236328,20822100,2024-06-21,8.775219917297363,-0.0070492442436226,0.0020283682470818,0.0030365019046871,9.979999542236328,9.979999542236328,9.859999656677246,20822100,-0.007049244243622632,-0.007074207549963241,-0.1207194068336597,0.013674857916955796,16.85152552864382,0.8605613288894052,-0.0056473788059242525,-0.008945558576060497,-0.005406996656354912,-0.007377778252410594,0.0034869930185639207,0.0026741216062676453,42.761542755226536,0.01621820876774649,0.034135130416356574,-0.017916921648610085,1.6094379124341003,8.775219917297363,2024-06-24,0.0020283682470818576
2024-06-24,7,-0.0626024745537766,0.7911304204862152,0.4285714285714285,0.4285714285714285,0.1428571428571428,1,2024-06-24,2024-06-24,2024-06-24,8.79301929473877,9.880000114440918,9.899999618530272,9.81999969482422,9.859999656677246,12314000,2024-06-24,8.79301929473877,0.0020283682470818,0.0030365019046871,0.0050453355732056,9.859999656677246,9.899999618530272,9.81999969482422,12314000,0.0020283682470818576,0.002026313885740816,-0.10821302222012874,0.009098117611764872,16.32624746566167,-0.4086091220386032,-0.0028259585429319944,-0.005936179352435733,-0.0022622866054529123,-0.0043933189570661835,0.003661596855984554,0.002847074582588883,45.61788507210509,0.011026466079474773,0.029513397548980216,-0.018486931469505443,2.0794415416798357,8.79301929473877,2024-06-25,0.0030365019046871833
2024-06-25,4,-0.2973380386829377,0.3148969767021928,0.25,0.75,0.0,1,2024-06-25,2024-06-25,2024-06-25,8.819719314575195,9.90999984741211,9.90999984741211,9.850000381469728,9.880000114440918,7228400,2024-06-25,8.819719314575195,0.0030365019046871,0.0050453355732056,0.0,9.880000114440918,9.90999984741211,9.850000381469728,7228400,0.0030365019046871833,0.0030319010441068883,-0.10731586918870406,0.006802877030704115,15.793528407849339,-0.41299334091278217,0.0006058936574402374,-0.0020140157192181096,0.0005114330924096411,-0.001121317193261917,0.004008301414720833,0.0029836837296654648,49.67482937397065,0.008963119788385043,0.02540334199686118,-0.016440222208476137,1.6094379124341003,8.819719314575195,2024-06-26,0.005045335573205634
2024-06-26,7,0.2588225717523268,0.6872576186979013,0.5714285714285714,0.4285714285714285,0.0,1,2024-06-26,2024-06-26,2024-06-26,8.864217758178711,9.960000038146973,9.960000038146973,9.859999656677246,9.880000114440918,7868600,2024-06-26,8.864217758178711,0.0050453355732056,0.0,0.0,9.880000114440918,9.960000038146973,9.859999656677246,7868600,0.005045335573205634,0.0050326505167026525,-0.10281197818788561,0.011281354339186853,15.878390840932287,0.08856731780200322,0.005248273386515789,0.0033242732177996004,0.003699377301604523,0.003203649319721835,0.004707690554788792,0.003524507276839089,55.61739107985707,0.01079412751401243,0.022481499100291433,-0.011687371586279003,2.0794415416798357,8.864217758178711,2024-06-27,0.0
2024-06-27,9,0.2797460728583651,0.7464138073102311,0.6666666666666666,0.3333333333333333,0.0,1,2024-06-27,2024-06-27,2024-06-27,8.864217758178711,9.960000038146973,9.960000038146973,9.899999618530272,9.9399995803833,11688600,2024-06-27,8.864217758178711,0.0,0.0,0.001004001589705,9.9399995803833,9.960000038146973,9.899999618530272,11688600,0.0,0.0,-0.10822755207431368,0.006768834120906005,16.274124651350792,0.485473908954579,0.004639879400057723,0.0035264515174051603,0.0024632140816487347,0.0026196417318722354,0.0046531704239522464,0.003516437365743707,55.61739107985707,0.012105667726240554,0.02040633282548126,-0.008300665099240705,2.302585092994046,8.864217758178711,2024-06-28,0.0
2024-06-28,8,0.2616761075332761,0.3161382397433175,0.75,0.125,0.125,1,2024-06-28,2024-06-28,2024-06-28,8.864217758178711,9.960000038146973,9.970000267028809,9.90999984741211,9.960000038146973,19112200,2024-06-28,8.864217758178711,0.0,0.001004001589705,0.0020059891631014,9.960000038146973,9.970000267028809,9.90999984741211,19112200,0.0,0.0,-0.1100183007802607,0.006768834120905805,16.76583748488518,0.6351145560631726,0.0026172578075420727,0.0035264515174051603,0.0016407955108965755,0.0021423228500154767,0.0021416571065959,0.0034585166933278197,55.61739107985707,0.012995271394210306,0.01892412053922707,-0.005928849145016762,2.1972245773362196,8.864217758178711,2024-07-01,0.0010040015897050392
2024-07-01,6,0.3307238730291525,0.5314733577615094,0.6666666666666666,0.3333333333333333,0.0,1,2024-07-01,2024-07-01,2024-07-01,8.873117446899414,9.970000267028809,9.979999542236328,9.960000038146973,9.979999542236328,4567700,2024-07-01,8.873117446899414,0.001004001589705,0.0020059891631014,0.0030030671036453,9.979999542236328,9.979999542236328,9.960000038146973,4567700,0.0010040015897050392,0.0010034979172064418,-0.1109100346801101,0.0022539433529468285,15.334520572834183,-0.7610060589571059,0.0018086555759277978,0.004028193306444994,0.001762741308943605,0.0025745514721626783,0.002189365190134794,0.0031615322893311574,56.889019968113395,0.01425410674262828,0.017990117779907312,-0.0037360110372790314,1.9459101490553132,8.873117446899414,2024-07-02,0.0020059891631014626
2024-07-02,6,0.5530176858883351,0.4088901973333714,0.8333333333333334,0.1666666666666666,0.0,1,2024-07-02,2024-07-02,2024-07-02,8.89091682434082,9.989999771118164,10.0,9.960000038146973,9.960000038146973,8972000,2024-07-02,8.89091682434082,0.0020059891631014,0.0030030671036453,0.0079840236112442,9.960000038146973,10.0,9.960000038146973,8972000,0.0020059891631014626,0.0020039798534936537,-0.10733767165778565,0.004498969301289462,16.0096192860801,0.9642270727061759,0.0022070308073998124,0.0054347474412472785,0.0025116860915612715,0.0037488149544009364,0.0020922336340115162,0.003194669371706358,59.3948051451267,0.016497827147766486,0.017691659653479148,-0.0011938325057126616,1.9459101490553132,8.89091682434082,2024-07-03,0.003003067103645396
2024-07-03,5,0.1757403593510389,0.8030663389202964,0.6,0.4,0.0,1,2024-07-03,2024-07-03,2024-07-03,8.917616844177246,10.020000457763672,10.020000457763672,9.989999771118164,9.989999771118164,6945200,2024-07-03,8.917616844177246,0.0030030671036453,0.0079840236112442,-0.0059406144381768,9.989999771118164,10.020000457763672,9.989999771118164,6945200,0.003003067103645396,0.0029985669049787944,-0.10734564079183036,0.003364204492043942,15.753561475436443,-0.22590280873829693,0.004008044176702308,0.007642818794124651,0.0036747662557761185,0.005526682232442459,0.0013056656144090199,0.003283546899456514,62.88020760708581,0.02019763443620448,0.018192854610024217,0.0020047798261802648,1.791759469228055,8.917616844177246,2024-07-04,0.007984023611244284
2024-07-04,2,0.27762221544981,0.3887764707346315,1.0,0.0,0.0,1,2024-07-04,2024-07-04,2024-07-04,8.988815307617188,10.100000381469728,10.100000381469728,9.989999771118164,10.0,5841700,2024-07-04,8.988815307617188,0.0079840236112442,-0.0059406144381768,0.0019921099000017,10.0,10.100000381469728,9.989999771118164,5841700,0.007984023611244284,0.007952319931551433,-0.10111846923828124,0.012237498111497403,15.580532579517664,-0.15888671312561198,0.009192663300512605,0.013954425335486631,0.007761845706339532,0.011063051224237341,0.0031069035568331255,0.003904118208291178,70.22075894559912,0.028545820883199013,0.020263447864659175,0.008282373018539839,1.0986122886681098,8.988815307617188,2024-07-05,-0.005940614438176839
2024-07-05,6,0.201322839440157,0.9190496193677812,0.6666666666666666,0.3333333333333333,0.0,1,2024-07-05,2024-07-05,2024-07-05,8.935416221618652,10.039999961853027,10.079999923706056,9.989999771118164,10.079999923706056,5166300,2024-07-05,8.935416221618652,-0.0059406144381768,0.0019921099000017,-0.0039761920587363,10.079999923706056,10.079999923706056,9.989999771118164,5166300,-0.005940614438176839,-0.005958330084187224,-0.11354997130462095,0.010072295498685662,15.457667516523205,-0.1156170292894192,0.0015961675729441183,0.006112823969313341,0.001182714269962526,0.00413351228972858,0.005002614928016217,0.003634299403429232,60.54952731909718,0.030501358152232427,0.022311029922173826,0.0081903282300586,1.9459101490553132,8.935416221618652,2024-07-09,0.0019921099000017595
2024-07-09,8,0.5629134002374485,0.3883608855637978,0.875,0.0,0.125,2,2024-07-08,2024-07-09,2024-07-09,8.953216552734375,10.0600004196167,10.100000381469728,9.989999771118164,10.039999961853027,15335700,2024-07-09,8.953216552734375,0.0019921099000017,-0.0039761920587363,0.0039920652769886,10.039999961853027,10.100000381469728,9.989999771118164,15335700,0.0019921099000017595,0.0019901282803744813,-0.10824535988524753,0.012286155450799335,16.545694066908272,1.968410661401777,0.0017925311259994192,0.006301949710241894,0.0021158793344906446,0.005013019192966484,0.004992133079096105,0.0036340828084835478,62.40814051100521,0.03310584985484155,0.024469993908707376,0.008635855946134176,2.1972245773362196,8.953216552734375,2024-07-10,-0.003976192058736339
2024-07-10,6,0.0317751656596859,0.5982872509729046,0.5,0.3333333333333333,0.1666666666666666,1,2024-07-10,2024-07-10,2024-07-10,8.917616844177246,10.020000457763672,10.079999923706056,10.0,10.0600004196167,11404600,2024-07-10,8.917616844177246,-0.0039761920587363,0.0039920652769886,-0.0019881492881221,10.0600004196167,10.079999923706056,10.0,11404600,-0.003976192058736339,-0.0039841181277386895,-0.11355701071461581,0.008970998093318213,16.249527428432796,-0.2563365219716087,-0.002786626623705879,0.0011990555955589954,-0.001246593758569392,0.000831850714131388,0.005611526052506927,0.004027124726601047,56.658929917324045,0.03192926859899714,0.02596184884676533,0.00596741975223181,1.9459101490553132,8.917616844177246,2024-07-11,0.003992065276988699
2024-07-11,7,0.466514339936631,0.3415946770974084,0.8571428571428571,0.1428571428571428,0.0,1,2024-07-11,2024-07-11,2024-07-11,8.953216552734375,10.0600004196167,10.100000381469728,10.020000457763672,10.020000457763672,8715700,2024-07-11,8.953216552734375,0.0039920652769886,-0.0019881492881221,0.0099602293109006,10.020000457763672,10.100000381469728,10.020000457763672,8715700,0.003992065276988699,0.0039841181277386895,-0.10646545471988816,0.008935327681940624,15.980636669731288,-0.23577328446416357,0.00039780935047617483,0.004192510749222,0.00182532925458756,0.00394609397102097,0.005732974083007161,0.003925300148626558,60.57067872727727,0.03348344215981314,0.027466167509374893,0.0060172746504382445,2.0794415416798357,8.953216552734375,2024-07-12,-0.0019881492881221874
2024-07-12,7,-0.0893317538180521,0.4131815086431826,0.4285714285714285,0.5714285714285714,0.0,1,2024-07-12,2024-07-12,2024-07-12,8.935416221618652,10.039999961853027,10.0600004196167,10.0,10.039999961853027,13515100,2024-07-12,8.935416221618652,-0.0019881492881221,0.0099602293109006,-0.0039448217411681,10.039999961853027,10.0600004196167,10.0,13515100,-0.0019881492881221874,-0.0019901282803744813,-0.11001830123817133,0.00671489924235786,16.41931821084271,0.5506614500269629,-0.00039828463208735343,0.001396349291760579,-0.00011097219746791787,0.0015949702391138132,0.004121519720036459,0.004030870060797064,57.76337001215269,0.032899552385865505,0.028552844484673018,0.004346707901192487,2.0794415416798357,8.935416221618652,2024-07-15,0.009960229310900681
2024-07-15,7,0.564910374781383,0.3044395270737144,0.8571428571428571,0.0,0.1428571428571428,1,2024-07-15,2024-07-15,2024-07-15,9.024415016174316,10.140000343322754,10.18000030517578,10.039999961853027,10.039999961853027,16356600,2024-07-15,9.024415016174316,0.0099602293109006,-0.0039448217411681,-0.0019801694475046,10.039999961853027,10.18000030517578,10.039999961853027,16356600,0.009960229310900681,0.009910953157976188,-0.10115387943599853,0.015513508972252687,16.610142104717003,0.2102463170823745,0.007551687894515879,0.009557988443237742,0.006543952590427837,0.009447376324511536,0.0054532963374267504,0.004937705387539547,66.19869669435079,0.039166784152760314,0.03067563241829048,0.008491151734469835,2.0794415416798357,9.024415016174316,2024-07-16,-0.00394482174116817
2024-07-16,6,-0.0817437667089204,0.5959881280075243,0.5,0.5,0.0,1,2024-07-16,2024-07-16,2024-07-16,8.988815307617188,10.100000381469728,10.199999809265137,10.079999923706056,10.119999885559082,12165100,2024-07-16,8.988815307617188,-0.0039448217411681,-0.0019801694475046,0.0019840982983359,10.119999885559082,10.199999809265137,10.079999923706056,12165100,-0.00394482174116817,-0.003952623073788963,-0.11177713347171662,0.013349911134272776,16.314081836672486,-0.25625741290977344,0.0027799652277202824,0.004275620460740592,0.0017140737972922704,0.004467158973119556,0.006066255642606881,0.005263974468570747,60.95465065765361,0.04079080056212092,0.03269866604705657,0.008092134515064353,1.9459101490553132,8.988815307617188,2024-07-17,-0.001980169447504676
2024-07-17,7,0.6222428402730397,0.2589159489384354,1.0,0.0,0.0,1,2024-07-17,2024-07-17,2024-07-17,8.971015930175781,10.079999923706056,10.15999984741211,10.0600004196167,10.100000381469728,6894900,2024-07-17,8.971015930175781,-0.0019801694475046,0.0019840982983359,0.0,10.100000381469728,10.15999984741211,10.0600004196167,6894900,-0.001980169447504676,-0.001982132575003348,-0.11178063452010087,0.011146945738781085,15.746292710875856,-0.43322290815529674,-0.00039666225628576246,0.001390832428820099,-0.00017967601146906542,0.0020266590400042084,0.005728959413109835,0.005355442842833992,58.46105100647045,0.040178432305614464,0.034194619298768145,0.00598381300684632,2.0794415416798357,8.971015930175781,2024-07-18,0.0019840982983359012
2024-07-18,8,0.2455127744469791,0.6869924482217975,0.625,0.375,0.0,1,2024-07-18,2024-07-18,2024-07-18,8.988815307617188,10.100000381469728,10.140000343322754,10.0600004196167,10.079999923706056,9066900,2024-07-18,8.988815307617188,0.0019840982983359,0.0,-0.0039603388950094,10.079999923706056,10.140000343322754,10.0600004196167,9066900,0.0019840982983359012,0.001982132575003348,-0.10825244289165424,0.008899940756181982,16.02014108785236,0.31501544619936483,0.0007926956476829172,0.0025808853229962736,0.0012019877063642603,0.0032824226783916277,0.005552660336408954,0.005320778508375215,60.21386687671595,0.04066067609079127,0.03548783065717277,0.005172845433618498,2.1972245773362196,8.988815307617188,2024-07-19,0.0
2024-07-19,4,0.0029866825789213,0.7132522076929296,0.5,0.5,0.0,1,2024-07-19,2024-07-19,2024-07-19,8.988815307617188,10.100000381469728,10.18000030517578,10.079999923706056,10.100000381469728,10604900,2024-07-19,8.988815307617188,0.0,-0.0039603388950094,0.0039760855412283,10.100000381469728,10.18000030517578,10.079999923706056,10604900,0.0,0.0,-0.11001831998850319,0.011124978993058402,16.17682681071811,0.16962798751502728,-0.0003958983110848857,0.0025808853229962736,0.0008010042051738164,0.0026840167228003864,0.005370731360923377,0.004685478276086512,60.21386687671595,0.040575132890110055,0.03650529110376023,0.004069841786349823,1.6094379124341003,8.988815307617188,2024-07-22,-0.003960338895009463
2024-07-22,5,0.3137211832217872,0.7177287775134964,0.6,0.4,0.0,1,2024-07-22,2024-07-22,2024-07-22,8.953216552734375,10.0600004196167,10.119999885559082,10.039999961853027,10.100000381469728,7268000,2024-07-22,8.953216552734375,-0.0039603388950094,0.0039760855412283,0.0019802755431672,10.100000381469728,10.119999885559082,10.039999961853027,7268000,-0.003960338895009463,-0.003968201803812743,-0.11354294905169855,0.008935327681940426,15.798991846087622,-0.31465643240388874,-0.0027755348440857697,-0.0015878981341295173,-0.0021105628485134087,-0.0010532069950484058,0.002579618532169759,0.004441540794784785,54.845736804708274,0.037205930472826054,0.036645418977573396,0.000560511495252658,1.791759469228055,8.953216552734375,2024-07-23,0.0039760855412283025
2024-07-23,4,0.8011873087380083,0.2480320620798998,1.0,0.0,0.0,1,2024-07-23,2024-07-23,2024-07-23,8.988815307617188,10.100000381469728,10.140000343322754,10.0600004196167,10.079999923706056,9008600,2024-07-23,8.988815307617188,0.0039760855412283,0.0019802755431672,0.0019762559162468,10.079999923706056,10.140000343322754,10.0600004196167,9008600,0.0039760855412283025,0.003968201803812743,-0.10825244289165424,0.008899940756181982,16.0136903456085,0.23948816730875078,0.0011895149331797583,0.0019841089500449716,0.0012373213203009659,0.0023867532505148503,0.0031365259471166154,0.004572475988324524,58.80118682340182,0.03698202947588847,0.03671274107723641,0.0002692883986520553,1.6094379124341003,8.988815307617188,2024-07-24,0.0019802755431672647
2024-07-24,6,0.0680106071134408,0.582293595274311,0.5,0.5,0.0,1,2024-07-24,2024-07-24,2024-07-24,9.00661563873291,10.119999885559082,10.140000343322754,10.079999923706056,10.100000381469728,5658900,2024-07-24,9.00661563873291,0.0019802755431672,0.0019762559162468,0.0,10.100000381469728,10.140000343322754,10.079999923706056,5658900,0.0019802755431672647,0.001978317382259842,-0.10825591103370942,0.006661816382911458,15.548740261714698,-0.37183358124458854,0.002377229626588262,0.0029732934382205034,0.002144396381295266,0.00357404975123754,0.0030076322023918777,0.0043190954767290905,60.6570339357475,0.037805130271268084,0.03693121891604274,0.0008739113552253402,1.9459101490553132,9.00661563873291,2024-07-25,0.0019762559162468385
2024-07-25,4,-0.4279397092759609,0.3900142613626524,0.25,0.75,0.0,1,2024-07-25,2024-07-25,2024-07-25,9.024415016174316,10.140000343322754,10.140000343322754,10.079999923706056,10.079999923706056,2729300,2024-07-25,9.024415016174316,0.0019762559162468,0.0,0.005917074096051,10.079999923706056,10.140000343322754,10.079999923706056,2729300,0.0019762559162468385,0.0019743056915291213,-0.10472072574616044,0.0066486768958608,14.819556090420248,-0.5176977857887575,0.0035629574597995095,0.00415926423282964,0.0027461509253956518,0.00454234846616508,0.003006859674068546,0.004209688754285483,62.47721251337042,0.039439075473559626,0.03743279022754612,0.0020062852460135047,1.6094379124341003,9.024415016174316,2024-07-26,0.0
2024-07-26,3,-0.5581017211079597,0.3873049539662431,0.0,1.0,0.0,1,2024-07-26,2024-07-26,2024-07-26,9.024415016174316,10.140000343322754,10.15999984741211,10.100000381469728,10.15999984741211,7445100,2024-07-26,9.024415016174316,0.0,0.005917074096051,-0.0117646416130979,10.15999984741211,10.15999984741211,10.100000381469728,7445100,0.0,0.0,-0.1117701622335203,0.0066485712187266365,15.823066790160007,1.7278423038874435,0.002768989647284892,0.00316582708942148,0.0018290929618203222,0.003713400098273034,0.003006859674068546,0.004109107588670891,62.47721251337042,0.040269783817535654,0.03800018894554403,0.0022695948719916245,1.3862943611198906,9.024415016174316,2024-07-29,0.005917074096051023
2024-07-29,6,0.6413342063315214,0.3077943929461785,0.8333333333333334,0.0,0.1666666666666666,2,2024-07-27,2024-07-29,2024-07-29,9.077813148498535,10.199999809265137,10.199999809265137,10.140000343322754,10.140000343322754,6957200,2024-07-29,9.077813148498535,0.005917074096051,-0.0117646416130979,0.0138886880883515,10.140000343322754,10.199999809265137,10.140000343322754,6957200,0.005917074096051023,0.005899636963847321,-0.10475218529195365,0.006609462539147624,15.75528779625211,-0.06553303515063602,0.005917095356538171,0.0085030057462816,0.0051579897993145885,0.007883620678594827,0.0022519609270546803,0.0032354512612621004,67.67971920110932,0.04472138884431942,0.03934442892529911,0.005376959919020312,1.9459101490553132,9.077813148498535,2024-07-30,-0.011764641613097981
2024-07-30,5,0.0213089926168322,0.59007507069809,0.4,0.4,0.2,1,2024-07-30,2024-07-30,2024-07-30,8.971015930175781,10.079999923706056,10.260000228881836,10.079999923706056,10.239999771118164,14123900,2024-07-30,8.971015930175781,-0.0117646416130979,0.0138886880883515,0.0039139433642569,10.239999771118164,10.260000228881836,10.079999923706056,14123900,-0.011764641613097981,-0.011834392612639633,-0.12392420598695142,0.020064651158439365,16.463379026660053,1.0301126890128214,-0.005524866551108953,-0.0031645536085521675,-0.0044547896665904085,-0.0032536162177747574,0.006718080703257223,0.004946903580065354,52.116171110356674,0.03918003190401009,0.03931154952104131,-0.00013151761703121545,1.791759469228055,8.971015930175781,2024-07-31,0.013888688088351309
2024-07-31,8,0.6348953056149185,0.3083032538839692,1.0,0.0,0.0,1,2024-07-31,2024-07-31,2024-07-31,9.095611572265623,10.220000267028809,10.220000267028809,10.079999923706056,10.100000381469728,12304400,2024-07-31,9.095611572265623,0.0138886880883515,0.0039139433642569,-0.001949289847097,10.100000381469728,10.220000267028809,10.079999923706056,12304400,0.013888688088351309,0.013793124082470687,-0.09944443279891726,0.015392075861027504,16.325467561223796,-0.12882419161846237,0.006301539448988036,0.009282857451135218,0.006228560080147716,0.008647799301383152,0.009356150865421877,0.006582624332508053,62.849651185882685,0.04433127034365292,0.04031549368556363,0.00401577665808929,2.1972245773362196,9.095611572265623,2024-08-01,0.003913943364257211
2024-08-01,6,0.148837881317983,0.786799932819892,0.6666666666666666,0.3333333333333333,0.0,1,2024-08-01,2024-08-01,2024-08-01,9.131211280822754,10.260000228881836,10.260000228881836,10.220000267028809,10.239999771118164,9399700,2024-08-01,9.131211280822754,0.0039139433642569,-0.001949289847097,-0.0332029629226552,10.239999771118164,10.260000228881836,10.220000267028809,9399700,0.003913943364257211,0.00390630381528112,-0.10828012842566062,0.004380575656707749,16.056188438223693,-0.2360700237313481,0.007858475277440435,0.011634671068533553,0.006755028591729939,0.010281935715868995,0.0093947918667239,0.006629779317887968,65.24669550162254,0.050701804044868126,0.04239275575742453,0.008309048287443596,1.9459101490553132,9.131211280822754,2024-08-02,-0.0019492898470970799
2024-08-02,7,0.1584186567924916,0.6909008866450844,0.5714285714285714,0.4285714285714285,0.0,1,2024-08-02,2024-08-02,2024-08-02,9.113411903381348,10.239999771118164,10.239999771118164,10.18000030517578,10.239999771118164,14920300,2024-08-02,9.113411903381348,-0.001949289847097,-0.0332029629226552,0.0202019436693929,10.239999771118164,10.239999771118164,10.18000030517578,14920300,-0.0019492898470970799,-0.0019511921850918768,-0.1100183489177752,0.006583644696244114,16.518233326799127,0.5873166164877603,0.003921554372859237,0.00827089582069962,0.003189951467438945,0.00679095722678591,0.009557847502223467,0.006709983633683305,63.055996969048195,0.053695271233745956,0.044653258852688824,0.009042012381057132,2.0794415416798357,9.113411903381348,2024-08-05,-0.03320296292265523
2024-08-05,7,-0.1489173850443746,0.8329389542210586,0.2857142857142857,0.5714285714285714,0.1428571428571428,1,2024-08-05,2024-08-05,2024-08-05,8.810819625854492,9.899999618530272,10.199999809265137,9.760000228881836,10.18000030517578,41673600,2024-08-05,8.810819625854492,-0.0332029629226552,0.0202019436693929,0.003960444990672,10.18000030517578,10.199999809265137,9.760000228881836,41673600,-0.03320296292265523,-0.033766694827193966,-0.13449711574420678,0.049938552718996186,17.54537841675153,1.793080568085092,-0.02366851023969263,-0.023668551510060865,-0.020282918108964765,-0.021900373832452025,0.01791179652014089,0.01285908785838296,39.05126319398582,0.03129025306067845,0.04198065769428675,-0.010690404633608298,2.0794415416798357,8.810819625854492,2024-08-06,0.020201943669392985
2024-08-06,7,0.1075540710506694,0.6901295990272113,0.5714285714285714,0.4285714285714285,0.0,1,2024-08-06,2024-08-06,2024-08-06,8.988815307617188,10.100000381469728,10.119999885559082,9.800000190734863,9.850000381469728,15941600,2024-08-06,8.988815307617188,0.0202019436693929,0.003960444990672,0.0,9.850000381469728,10.119999885559082,9.800000190734863,15941600,0.020201943669392985,0.020000591689537384,-0.08742995335032085,0.03559976302472793,16.58444266542947,-0.6174652537817706,-0.004337477117243416,-0.0039447585850102,-0.000327206062253782,-0.0017522950337932608,0.020742121797723813,0.014543890832498883,50.89376466669337,0.027578965537941258,0.03910031926301766,-0.0115213537250764,2.0794415416798357,8.988815307617188,2024-08-07,0.003960444990672052
2024-08-07,11,0.6269029893235051,0.5115566333435555,0.9090909090909092,0.0909090909090909,0.0,1,2024-08-07,2024-08-07,2024-08-07,9.024415016174316,10.140000343322754,10.18000030517578,10.0600004196167,10.100000381469728,8335500,2024-08-07,9.024415016174316,0.003960444990672,0.0,0.001972358032017,10.100000381469728,10.18000030517578,10.0600004196167,8335500,0.003960444990672052,0.003952623073788963,-0.10649359650211174,0.013297248114587634,15.936034180339023,-0.47712274803031063,0.0011849016913119126,-0.00019713352763117697,0.0024183675734410492,0.0018002695687306947,0.01959174157697684,0.014585813766852801,52.86633112661547,0.027196834223683908,0.03671962225515091,-0.009522788031467,2.4849066497880004,9.024415016174316,2024-08-08,0.0
2024-08-08,12,0.0656577886159842,0.7653513394788433,0.5833333333333334,0.4166666666666667,0.0,1,2024-08-08,2024-08-08,2024-08-08,9.024415016174316,10.140000343322754,10.18000030517578,10.100000381469728,10.140000343322754,10489900,2024-08-08,9.024415016174316,0.0,0.001972358032017,0.0039369509871329,10.140000343322754,10.18000030517578,10.100000381469728,10489900,0.0,0.0,-0.11001827311406913,0.008864832076391493,16.165923542768365,0.25846080019195017,0.0035629787461042284,-0.00019713352763117697,0.0016109464287585862,0.0014724658588747275,0.019402865172873325,0.014573873643701567,52.86633112661547,0.026587508160105244,0.034693199436141776,-0.008105691276036532,2.5649493574615367,9.024415016174316,2024-08-09,0.0019723580320172296
2024-08-09,4,0.3291742870351299,0.4650416641676539,0.75,0.25,0.0,1,2024-08-09,2024-08-09,2024-08-09,9.042214393615724,10.15999984741211,10.199999809265137,10.119999885559082,10.18000030517578,8868100,2024-08-09,9.042214393615724,0.001972358032017,0.0039369509871329,0.0,10.18000030517578,10.199999809265137,10.119999885559082,8868100,0.0019723580320172296,0.0019704154877566715,-0.11176678560427693,0.008847381871694926,15.997971238918254,-0.15460585896910362,0.007137174424945325,0.001577327720907018,0.0023881328842083605,0.0028191012815703687,0.019494477804359884,0.014585763871754526,53.93921827882079,0.027227017756215943,0.03319996310015661,-0.005972945343940668,1.6094379124341003,9.042214393615724,2024-08-12,0.003936950987132759
2024-08-12,5,0.1615467999130488,0.7144562222819302,0.4,0.4,0.2,1,2024-08-12,2024-08-12,2024-08-12,9.077813148498535,10.199999809265137,10.239999771118164,10.15999984741211,10.18000030517578,8462800,2024-08-12,9.077813148498535,0.0039369509871329,0.0,0.0,10.18000030517578,10.239999771118164,10.15999984741211,8462800,0.003936950987132759,0.00392922147609065,-0.10826985497405765,0.008812686755872105,15.951190764255493,-0.04570313821449912,0.005124109495562967,0.005520488569967563,0.004214092519183366,0.005529955845343437,0.008098333649044632,0.014514206233155523,56.0919108616425,0.03025756534773727,0.03261148354967274,-0.002353918201935472,1.791759469228055,9.077813148498535,2024-08-13,0.0
2024-08-13,5,0.3570813818369061,0.7984409973778346,0.6,0.4,0.0,1,2024-08-13,2024-08-13,2024-08-13,9.077813148498535,10.199999809265137,10.220000267028809,10.15999984741211,10.199999809265137,9175400,2024-08-13,9.077813148498535,0.0,0.0,-0.0019606510374179,10.199999809265137,10.220000267028809,10.15999984741211,9175400,0.0,0.0,-0.11001830213244386,0.006609567594660533,16.032036656671913,0.08420380961383933,0.0031470828075532697,0.004332404695363445,0.0028054541982722725,0.004519964745196781,0.0019743666682514,0.01391026557920491,56.0919108616425,0.0322871104368474,0.03254660892710767,-0.0002594984902602737,1.791759469228055,9.077813148498535,2024-08-14,0.0
2024-08-14,7,-0.0340103413909674,0.819764862267971,0.4285714285714285,0.4285714285714285,0.1428571428571428,1,2024-08-14,2024-08-14,2024-08-14,9.077813148498535,10.199999809265137,10.239999771118164,10.18000030517578,10.199999809265137,8837800,2024-08-14,9.077813148498535,0.0,-0.0019606510374179,0.0078583267527105,10.199999809265137,10.239999771118164,10.18000030517578,8837800,0.0,0.0,-0.11001830213244386,0.006609462539147819,15.994548648012897,-0.036794036227303484,0.0019646082104496365,0.004530211296941866,0.0018685554166353313,0.0036951162832827844,0.0017610928897127613,0.013185062103021705,56.0919108616425,0.0335092655871545,0.03273914025911704,0.0007701253280374618,2.0794415416798357,9.077813148498535,2024-08-15,-0.0019606510374181596
2024-08-15,6,-0.1939499497724076,0.8117217117836573,0.3333333333333333,0.6666666666666666,0.0,1,2024-08-15,2024-08-15,2024-08-15,9.060014724731444,10.18000030517578,10.220000267028809,10.140000343322754,10.199999809265137,8570700,2024-08-15,9.060014724731444,-0.0019606510374179,0.0078583267527105,0.0331385540476225,10.199999809265137,10.220000267028809,10.140000343322754,8570700,-0.0019606510374181596,-0.0019625756297108055,-0.11176324567165104,0.00882999930316626,15.963860084194934,-0.030222453551788875,-0.0007851420595117453,0.0033511632328298013,-6.384150840343938e-05,0.00141273668139541,0.002242518216243676,0.013116216441638283,54.50131988365005,0.03266510529800293,0.03272433326689422,-5.922796889129556e-05,1.9459101490553132,9.060014724731444,2024-08-16,0.00785832675271081
2024-08-16,4,0.8684119730023667,0.1462609826245433,1.0,0.0,0.0,1,2024-08-16,2024-08-16,2024-08-16,9.131211280822754,10.260000228881836,10.260000228881836,10.18000030517578,10.199999809265137,13280600,2024-08-16,9.131211280822754,0.0078583267527105,0.0331385540476225,0.0,10.199999809265137,10.260000228881836,10.18000030517578,13280600,0.00785832675271081,0.00782761091482298,-0.10478319102237162,0.008761151313415693,16.401814957012636,0.5495350438120574,0.005093949526459696,0.011036529837020082,0.005182524866717886,0.007581703398045203,0.003929155712197389,0.013376855334757428,59.45428602391314,0.03731097159386643,0.03364166093228867,0.00366931066157776,1.6094379124341003,9.131211280822754,2024-08-19,0.03313855404762256
2024-08-19,6,0.7255496828972051,0.3178266264507503,1.0,0.0,0.0,1,2024-08-19,2024-08-19,2024-08-19,9.43380641937256,10.600000381469728,10.640000343322754,10.199999809265137,10.260000228881836,22478300,2024-08-19,9.43380641937256,0.0331385540476225,0.0,-0.0075471618003241,10.260000228881836,10.640000343322754,10.199999809265137,22478300,0.03313855404762256,0.032601308972425525,-0.0805257106314233,0.04664082709541983,16.928061001841765,0.6925666009065856,0.03032663604453778,0.03738503367893342,0.025336785420480457,0.03327426760148433,0.014654314803066362,0.011202004208089247,72.93809454212311,0.06466434260349985,0.03984619726653091,0.02481814533696894,1.9459101490553132,9.43380641937256,2024-08-20,0.0
2024-08-20,5,-0.0335119575262069,0.473947703981582,0.6,0.4,0.0,1,2024-08-20,2024-08-20,2024-08-20,9.43380641937256,10.600000381469728,10.68000030517578,10.479999542236328,10.600000381469728,14561200,2024-08-20,9.43380641937256,0.0,-0.0075471618003241,-0.0076046564642432,10.600000381469728,10.68000030517578,10.479999542236328,14561200,0.0,0.0,-0.11001829435174709,0.02120043109308929,16.493871083594744,-0.35221079885934437,0.022376571759609165,0.03233348701006222,0.016749728851730872,0.02706068721071797,0.014654314803066362,0.010326108200618174,72.93809454212311,0.08535813080075272,0.04894858397337527,0.036409546827377445,1.791759469228055,9.43380641937256,2024-08-21,-0.007547161800324553
2024-08-21,6,-0.4103869305302699,0.530857326342876,0.3333333333333333,0.6666666666666666,0.0,1,2024-08-21,2024-08-21,2024-08-21,9.362607955932615,10.520000457763672,10.619999885559082,10.479999542236328,10.600000381469728,9183300,2024-08-21,9.362607955932615,-0.0075471618003241,-0.0076046564642432,0.0,10.600000381469728,10.619999885559082,10.479999542236328,9183300,-0.007547161800324553,-0.007575785736541274,-0.11673513028360326,0.014953135278300604,16.032897284017746,-0.3693308243826058,0.008435604799572616,0.020764636194648523,0.006032518735140879,0.015743242222209686,0.015987562253356895,0.011056656047854859,66.8696842268952,0.09491882098514637,0.058142631375729496,0.03677618960941687,1.9459101490553132,9.362607955932615,2024-08-22,-0.00760465646424302
2024-08-22,13,0.4899728962112791,0.4331612617893022,0.9230769230769232,0.0769230769230769,0.0,1,2024-08-22,2024-08-22,2024-08-22,9.29140853881836,10.4399995803833,10.539999961853027,10.399999618530272,10.520000457763672,11791600,2024-08-22,9.29140853881836,-0.0076046564642432,0.0,0.0095786117017497,10.520000457763672,10.539999961853027,10.399999618530272,11791600,-0.00760465646424302,-0.0076337192998874315,-0.11678629900045508,0.015067720113463046,16.282898056339466,0.28402643929742033,-0.004196913149313364,0.010061867708164751,-0.0010792573919479187,0.006551336884237813,0.016890189929390037,0.011591063935653212,61.37082052917705,0.0956479686705265,0.0656436988346889,0.030004269835837594,2.6390573296152584,9.29140853881836,2024-08-23,0.0
2024-08-23,10,-0.0948044708929956,0.6856378271662894,0.4,0.5,0.1,1,2024-08-23,2024-08-23,2024-08-23,9.29140853881836,10.4399995803833,10.539999961853027,10.420000076293944,10.4399995803833,16880900,2024-08-23,9.29140853881836,0.0,0.0095786117017497,0.0151803515021751,10.4399995803833,10.539999961853027,10.420000076293944,16880900,0.0,0.0,-0.11001830342245773,0.012915144679920066,16.641693422484845,0.43160385359069164,-0.007604616030125078,0.007333032376663828,-0.0007197638647892246,0.005353807524066667,0.016942916534061863,0.011626829267831689,61.37082052917705,0.09512923288362529,0.07154080564447618,0.023588427239149112,2.3978952727983707,9.29140853881836,2024-08-26,0.009578611701749784
2024-08-26,6,0.2455469619793196,0.7278143628433867,0.6666666666666666,0.1666666666666666,0.1666666666666666,2,2024-08-24,2024-08-26,2024-08-26,9.380407333374023,10.539999961853027,10.579999923706056,10.460000038146973,10.460000038146973,10275400,2024-08-26,9.380407333374023,0.0095786117017497,0.0151803515021751,0.0149531540346214,10.460000038146973,10.579999923706056,10.460000038146973,10275400,0.009578611701749784,0.009533027657418813,-0.10321153927683953,0.01279260924332603,16.14526334434904,-0.39130022688363775,0.003045316094184125,0.013656491923293768,0.005883940875250238,0.012226084312080943,0.007076865955950463,0.011824287985862002,65.48538412822619,0.10073834107344481,0.0773803127302699,0.023358028343174908,1.9459101490553132,9.380407333374023,2024-08-27,0.015180351502175338
2024-08-27,6,0.8424606277452161,0.1326880120372328,1.0,0.0,0.0,1,2024-08-27,2024-08-27,2024-08-27,9.522805213928224,10.699999809265137,10.720000267028809,10.520000457763672,10.539999961853027,16528500,2024-08-27,9.522805213928224,0.0151803515021751,0.0149531540346214,-0.0165744455335521,10.539999961853027,10.720000267028809,10.520000457763672,16528500,0.015180351502175338,0.015066282918465568,-0.09650804094936362,0.021002194707565102,16.620596782079634,0.6085505187145999,0.016337475928692724,0.024119541659715305,0.014003665738431703,0.022462610048250342,0.01022892807513038,0.012311362191124536,70.83762105082442,0.11534430131112039,0.08497311044644001,0.030371190864680375,1.9459101490553132,9.522805213928224,2024-08-28,0.014953154034621274
2024-08-28,15,0.6480930251379807,0.3033627079240009,0.9333333333333332,0.0,0.0666666666666666,1,2024-08-28,2024-08-28,2024-08-28,9.665201187133787,10.859999656677246,11.0,10.720000267028809,10.720000267028809,27770500,2024-08-28,9.665201187133787,0.0149531540346214,-0.0165744455335521,0.0093630593251281,10.720000267028809,11.0,10.720000267028809,27770500,0.014953154034621274,0.01484245776816584,-0.0983954341063998,0.028969881490301937,17.139484900171738,0.6801585140817377,0.02491504682620893,0.03290847646565842,0.019256928565632547,0.030677148414568256,0.009967982267114957,0.012560473761840175,75.01077115219022,0.13683247541332122,0.09534498343981626,0.04148749197350496,2.772588722239781,9.665201187133787,2024-08-29,-0.01657444553355203
2024-08-29,15,0.5032176417298615,0.6742690089641165,0.8,0.2,0.0,1,2024-08-29,2024-08-29,2024-08-29,9.505005836486816,10.68000030517578,10.9399995803833,10.68000030517578,10.859999656677246,15147400,2024-08-29,9.505005836486816,-0.0165744455335521,0.0093630593251281,-0.0018551616096953,10.859999656677246,10.9399995803833,10.68000030517578,15147400,-0.01657444553355203,-0.016713338510677023,-0.12476923232288638,0.027353931147465836,16.533339524047953,-0.4545506922813777,0.003382279195053739,0.010980804510672959,0.001574299892662001,0.011095141384837914,0.013355069859464132,0.014357648460041537,63.927549981599356,0.1393294787134245,0.10414188249453792,0.03518759621888658,2.772588722239781,9.505005836486816,2024-08-30,0.009363059325128154
2024-08-30,12,0.5118944953428581,0.4730105729654763,0.8333333333333334,0.1666666666666666,0.0,1,2024-08-30,2024-08-30,2024-08-30,9.594001770019531,10.779999732971191,10.800000190734863,10.579999923706056,10.68000030517578,28703800,2024-08-30,9.594001770019531,0.0093630593251281,-0.0018551616096953,-0.0055761276565953,10.68000030517578,10.800000190734863,10.579999923706056,28703800,0.009363059325128154,0.00931949758814099,-0.1016852531951659,0.022931022143052922,17.172540110984965,0.8949654726223641,0.006347889200697621,0.015448257757130879,0.007274841391842868,0.01676086272896482,0.01319951997818182,0.014399940582985523,66.85732868878458,0.14679741071225827,0.11267298813808199,0.03412442257417628,2.5649493574615367,9.594001770019531,2024-09-02,-0.0018551616096955659
2024-09-02,2,-0.9170221127569675,0.0579447807141907,0.0,1.0,0.0,1,2024-09-02,2024-09-02,2024-09-02,9.57620334625244,10.760000228881836,10.800000190734863,10.65999984741211,10.779999732971191,9546700,2024-09-02,9.57620334625244,-0.0018551616096953,-0.0055761276565953,0.009345658680161,10.779999732971191,10.800000190734863,10.65999984741211,9546700,-0.0018551616096955659,-0.0018568845532169753,-0.11166942639496343,0.014619608446132441,16.071706207750857,-0.667406406120444,0.0003718800871621575,0.012039134822780628,0.003597639350624293,0.012137307974467104,0.013519405451768596,0.01055354209840736,65.70792394044093,0.14955563234004288,0.12004951697847417,0.029506115361568705,1.0986122886681098,9.57620334625244,2024-09-03,-0.005576127656594987
2024-09-03,2,0.8972297885920852,0.0907510528899068,1.0,0.0,0.0,1,2024-09-03,2024-09-03,2024-09-03,9.522805213928224,10.699999809265137,10.81999969482422,10.65999984741211,10.760000228881836,10840000,2024-09-03,9.522805213928224,-0.0055761276565953,0.009345658680161,0.0,10.760000228881836,10.81999969482422,10.65999984741211,10840000,-0.005576127656594987,-0.005591732292412832,-0.11498094689930867,0.01680175576605227,16.19875364622669,0.13547089570217974,-0.005206321220271759,0.005450185776065597,-0.0013332543262914998,0.005306599403113843,0.012454833249658166,0.010789182668812335,62.25017278007887,0.1457526144289396,0.12519013646856728,0.020562477960372333,1.0986122886681098,9.522805213928224,2024-09-04,0.009345658680160795
2024-09-04,8,-0.0051321972277946,0.819885818422925,0.375,0.625,0.0,1,2024-09-04,2024-09-04,2024-09-04,9.611802101135254,10.800000190734863,10.81999969482422,10.68000030517578,10.699999809265137,23271800,2024-09-04,9.611802101135254,0.009345658680161,0.0,0.0,10.699999809265137,10.81999969482422,10.68000030517578,23271800,0.009345658680160795,0.00930225820653785,-0.10170072219885572,0.014565363308084096,16.962752928072145,1.1468450184501844,0.005212156140357527,0.012183647323484426,0.005319111943063781,0.01199671979623429,0.010938962561561683,0.010624896254777043,65.50799830556339,0.14821151032217905,0.12979441123928964,0.01841709908288941,2.1972245773362196,9.611802101135254,2024-09-05,0.0
2024-09-05,7,0.2517249170424683,0.6365092790384612,0.7142857142857143,0.2857142857142857,0.0,1,2024-09-05,2024-09-05,2024-09-05,9.611802101135254,10.800000190734863,10.84000015258789,10.779999732971191,10.800000190734863,17008300,2024-09-05,9.611802101135254,0.0,0.0,0.0092593244866279,10.800000190734863,10.84000015258789,10.779999732971191,17008300,0.0,0.0,-0.11001833968659967,0.006242369431390243,16.64921207696136,-0.2691454893905929,0.0029717452828197377,0.008780076643906787,0.0035397984340002075,0.009794134834871793,0.006784301005631104,0.010064266052976978,65.50799830556339,0.14844897564796788,0.1335253241210253,0.014923651526942583,2.0794415416798357,9.611802101135254,2024-09-06,0.0
2024-09-06,8,0.5548933335230686,0.3047171192035554,0.875,0.0,0.125,1,2024-09-06,2024-09-06,2024-09-06,9.611802101135254,10.800000190734863,10.899999618530272,10.779999732971191,10.859999656677246,14520600,2024-09-06,9.611802101135254,0.0,0.0092593244866279,0.0036696717379929,10.859999656677246,10.899999618530272,10.779999732971191,14520600,0.0,0.0,-0.11493532182337969,0.012484639643684197,16.491078957688906,-0.14626388292774706,0.0025992941072592313,0.005399318959935284,0.002357084421418909,0.007999138566407549,0.005503253545772823,0.010064266052976978,65.5079983055634,0.14694329776192916,0.13620891884920608,0.01073437891272308,2.1972245773362196,9.611802101135254,2024-09-09,0.009259324486627918
2024-09-09,10,-0.2624702827073634,0.7754062220738399,0.3,0.7,0.0,1,2024-09-09,2024-09-09,2024-09-09,9.700800895690918,10.899999618530272,10.979999542236328,10.699999809265137,10.779999732971191,20533500,2024-09-09,9.700800895690918,0.0092593244866279,0.0036696717379929,0.002816926240688,10.779999732971191,10.979999542236328,10.699999809265137,20533500,0.009259324486627918,0.009216719733874612,-0.10011121187503257,0.02886356868694902,16.837568305386714,0.41409445890665686,0.009259284431510473,0.011319369792618827,0.007728839265271237,0.014136610963248808,0.006523408054389112,0.010043117125479624,68.86411759899445,0.15118868704355393,0.13920487248807567,0.011983814555478256,2.3978952727983707,9.700800895690918,2024-09-10,0.00366967173799293
2024-09-10,4,0.7159174861735665,0.3035442471517648,1.0,0.0,0.0,1,2024-09-10,2024-09-10,2024-09-10,9.73639965057373,10.9399995803833,11.039999961853027,10.899999618530272,10.960000038146973,35524000,2024-09-10,9.73639965057373,0.0036696717379929,0.002816926240688,-0.0037452210436413,10.960000038146973,11.039999961853027,10.899999618530272,35524000,0.00366967173799293,0.0036629549199900246,-0.11164237074036713,0.014379067041943576,17.385719110510514,0.7300508924440547,0.00848082235279235,0.01277538641210807,0.007589009321509854,0.014563933156945152,0.004672014195021616,0.009165423284836278,70.11663524656731,0.15563168545093475,0.14249023508064748,0.013141450370287272,1.6094379124341003,9.73639965057373,2024-09-11,0.002816926240688078
2024-09-11,10,0.0088626717217266,0.820528688116125,0.4,0.5,0.1,1,2024-09-11,2024-09-11,2024-09-11,9.763826370239258,10.68000030517578,10.81999969482422,10.600000381469728,10.699999809265137,26690300,2024-09-11,9.763826370239258,0.002816926240688,-0.0037452210436413,0.0,10.699999809265137,10.81999969482422,10.600000381469728,26690300,0.002816926240688078,0.0028129661390980942,-0.08749284632839392,0.022532079638886614,17.099810798949186,-0.24866850579889654,0.008146695665151471,0.01458744061761541,0.006927463882506535,0.014209260011134761,0.0037930805159548334,0.008031009180839,71.08183488640496,0.15952697311720598,0.1458975826879592,0.013629390429246796,2.3978952727983707,9.763826370239258,2024-09-12,-0.003745221043641389
2024-09-12,6,0.4778454621943335,0.4195461028206108,0.8333333333333334,0.1666666666666666,0.0,1,2024-09-12,2024-09-12,2024-09-12,9.727258682250977,10.640000343322754,10.779999732971191,10.600000381469728,10.68000030517578,25908500,2024-09-12,9.727258682250977,-0.0037452210436413,0.0,0.0018796502274069,10.68000030517578,10.779999732971191,10.600000381469728,25908500,-0.003745221043641389,-0.00375225194431561,-0.08920801457871512,0.018504632947605498,17.070081696754297,-0.02929154037234505,0.001981984704262585,0.008458557790867571,0.002101987137667072,0.008501852434882995,0.004805204673114884,0.0055429558969468246,67.93142751547781,0.15784378494650397,0.14828682313966815,0.009556961806835823,1.9459101490553132,9.727258682250977,2024-09-13,0.0
2024-09-13,3,0.0585280259450276,0.4880195292698115,0.3333333333333333,0.6666666666666666,0.0,1,2024-09-13,2024-09-13,2024-09-13,9.727258682250977,10.640000343322754,10.65999984741211,10.579999923706056,10.640000343322754,16938300,2024-09-13,9.727258682250977,0.0,0.0018796502274069,0.0018761237709343,10.640000343322754,10.65999984741211,10.579999923706056,16938300,0.0,0.0,-0.08578398793422766,0.008224303097030436,16.6450879469989,-0.3462261419997298,-0.0003956562409371811,0.007067273699697951,0.0014003435903728878,0.0069453250596733795,0.004805204673114884,0.00498527359658754,67.93142751547781,0.15472625820368613,0.14957471015247176,0.005151548051214372,1.3862943611198906,9.727258682250977,2024-09-17,0.0018796502274069926
2024-09-17,11,0.4697056248022074,0.4825759696161603,0.9090909090909092,0.0909090909090909,0.0,2,2024-09-16,2024-09-17,2024-09-17,9.745542526245115,10.65999984741211,10.699999809265137,10.619999885559082,10.640000343322754,18105900,2024-09-17,9.745542526245115,0.0018796502274069,0.0018761237709343,-0.0037452210436413,10.640000343322754,10.699999809265137,10.619999885559082,18105900,0.0018796502274069926,0.0018778858954568989,-0.0840655815992492,0.008208873286490913,16.711748465201847,0.06893253750376371,0.0005631736888636052,0.007194419036927968,0.0021860253480894265,0.0072195143681850205,0.0029449342669240135,0.004853167575864531,68.73496542210712,0.1519790295562391,0.15005557403322523,0.0019234555230138728,2.4849066497880004,9.745542526245115,2024-09-18,0.0018761237709346013
2024-09-18,6,-0.3113906718790531,0.4902824390778742,0.3333333333333333,0.6666666666666666,0.0,1,2024-09-18,2024-09-18,2024-09-18,9.763826370239258,10.68000030517578,10.699999809265137,10.640000343322754,10.65999984741211,13326600,2024-09-18,9.763826370239258,0.0018761237709343,-0.0037452210436413,-0.003759496537667,10.65999984741211,10.699999809265137,10.640000343322754,13326600,0.0018761237709346013,0.001874366048858711,-0.08406880769237651,0.006145077110881946,16.405272670892547,-0.2639636803472901,0.0018761237709343792,0.006576722890301756,0.002707164246220195,0.0074406444720773735,0.0026180026629282725,0.004116982209681873,69.55646345262323,0.14955322794815729,0.14995510481621166,-0.00040187686805437384,1.9459101490553132,9.763826370239258,2024-09-19,-0.003745221043641389
2024-09-19,4,0.4366143360966816,0.3630358503188157,1.0,0.0,0.0,1,2024-09-19,2024-09-19,2024-09-19,9.727258682250977,10.640000343322754,10.720000267028809,10.600000381469728,10.699999809265137,15438900,2024-09-19,9.727258682250977,-0.0037452210436413,-0.003759496537667,0.0094339139868584,10.699999809265137,10.720000267028809,10.600000381469728,15438900,-0.003745221043641389,-0.00375225194431561,-0.09091038732279817,0.012336454645545746,16.5524009212711,0.15850254378461126,-0.0011265196586845994,0.0016146785502484384,-0.000699041394683908,0.0029987284653689716,0.002842390612047145,0.003768523400810583,65.83089902356015,0.1430312803194198,0.1485703399168533,-0.005539059597433504,1.6094379124341003,9.727258682250977,2024-09-20,-0.003759496537667051
2024-09-20,3,0.8002627119421959,0.0414503847975098,1.0,0.0,0.0,1,2024-09-20,2024-09-20,2024-09-20,9.690689086914062,10.600000381469728,10.720000267028809,10.600000381469728,10.68000030517578,23154900,2024-09-20,9.690689086914062,-0.003759496537667,0.0094339139868584,0.0037384157953672,10.68000030517578,10.720000267028809,10.600000381469728,23154900,-0.003759496537667051,-0.0037665812068756743,-0.09263213389444132,0.012383008523214674,16.957717022353407,0.4997765384839594,-0.004133833496478334,-0.002960781689303249,-0.002975025407476184,-0.0006317592293881846,0.002846159898269451,0.004076594497117643,62.24056036559167,0.13337427351425113,0.14553112663633289,-0.012156853122081757,1.3862943611198906,9.690689086914062,2024-09-23,0.009433913986858444
2024-09-23,4,0.4140010565752163,0.4530385196803655,0.5,0.0,0.5,1,2024-09-23,2024-09-23,2024-09-23,9.782110214233398,10.699999809265137,10.699999809265137,10.520000457763672,10.600000381469728,8581000,2024-09-23,9.782110214233398,0.0094339139868584,0.0037384157953672,-0.0037244920952885,10.600000381469728,10.699999809265137,10.520000457763672,8581000,0.009433913986858444,0.009389692523734894,-0.07715944696248458,0.018400871341600497,15.965061131325786,-0.6294088940137941,0.004129060926546302,0.00468475444512384,0.004278044515488411,0.007185394989921434,0.005425596180986495,0.004877353441132353,67.0749647854355,0.1315811612620088,0.14274113356146806,-0.011159972299459253,1.6094379124341003,9.782110214233398,2024-09-24,0.003738415795367267
2024-09-24,7,0.5577512630926712,0.5033664984106734,0.8571428571428571,0.0,0.1428571428571428,1,2024-09-24,2024-09-24,2024-09-24,9.818679809570312,10.739999771118164,10.779999732971191,10.640000343322754,10.699999809265137,4198700,2024-09-24,9.818679809570312,0.0037384157953672,-0.0037244920952885,-0.0037382208120159,10.699999809265137,10.779999732971191,10.640000343322754,4198700,0.003738415795367267,0.003731445286077939,-0.08236635657990281,0.014258473884847477,15.25028574970062,-0.5106980538398789,0.0063718439154534234,0.007221249895701165,0.0053406693873352395,0.008941837884844261,0.005551423929367662,0.004200767186528,68.79598578871848,0.13159403349852994,0.14051171354888042,-0.008917680050350485,2.0794415416798357,9.818679809570312,2024-09-25,-0.0037244920952885785
2024-09-25,9,0.4184562279325393,0.4710350520615109,0.6666666666666666,0.2222222222222222,0.1111111111111111,1,2024-09-25,2024-09-25,2024-09-25,9.782110214233398,10.699999809265137,10.760000228881836,10.640000343322754,10.739999771118164,9920100,2024-09-25,9.782110214233398,-0.0037244920952885,-0.0037382208120159,-0.0150094794549181,10.739999771118164,10.760000228881836,10.640000343322754,9920100,-0.0037244920952885785,-0.003731445286077939,-0.08918897367770035,0.012267280058292222,16.110073660660838,1.3626598709124251,0.002247974542341158,0.0029995470249049028,0.0010636247243303032,0.0042374948330070605,0.006005241020805233,0.004368392022296949,65.12972103464284,0.12718723880227856,0.13784681859956005,-0.010659579797281493,2.302585092994046,9.782110214233398,2024-09-26,-0.0037382208120161353
2024-09-26,15,0.0444146904163062,0.6596041821191779,0.5333333333333333,0.4,0.0666666666666666,1,2024-09-26,2024-09-26,2024-09-26,9.745542526245115,10.65999984741211,10.68000030517578,10.600000381469728,10.640000343322754,8842600,2024-09-26,9.745542526245115,-0.0037382208120159,-0.0150094794549181,-0.0019048118629453,10.640000343322754,10.68000030517578,10.600000381469728,8842600,-0.0037382208120161353,-0.0037452254214023206,-0.0840655815992492,0.008208873286490549,15.995091622105672,-0.10861785667483193,-0.00187261052182075,-0.0005625205238425357,-0.0017873105812942214,0.00039550159720280753,0.006004037023714319,0.004468933029997245,61.59489937787563,0.11936811412891579,0.13415107770543122,-0.014782963576515429,2.772588722239781,9.745542526245115,2024-09-27,-0.015009479454917929
2024-09-27,5,-0.4033730097115039,0.5151303645729901,0.2,0.8,0.0,1,2024-09-27,2024-09-27,2024-09-27,9.59926700592041,10.5,10.68000030517578,10.5,10.65999984741211,9355500,2024-09-27,9.59926700592041,-0.0150094794549181,-0.0019048118629453,0.0057253412868385,10.65999984741211,10.68000030517578,10.5,9355500,-0.015009479454917929,-0.015123261668456678,-0.0995058964986017,0.0187514635299511,16.051475070505415,0.058003302196186546,-0.015009421621695607,-0.014269690398141965,-0.011242822865963675,-0.011993628984459437,0.009203363606366845,0.006448870542981557,49.922863598980705,0.10021299643437764,0.12736346145122052,-0.027150465016842873,1.791759469228055,9.59926700592041,2024-09-30,-0.0019048118629455546
2024-09-30,7,-0.121857276186347,0.7680618723058861,0.4285714285714285,0.5714285714285714,0.0,1,2024-09-30,2024-09-30,2024-09-30,9.580982208251951,10.479999542236328,10.5600004196167,10.479999542236328,10.520000457763672,13366600,2024-09-30,9.580982208251951,-0.0019048118629453,0.0057253412868385,-0.007590232174544,10.520000457763672,10.5600004196167,10.479999542236328,13366600,-0.0019048118629455546,-0.0019066283241064852,-0.0892602859934985,0.008349966176898604,16.408269690878416,0.4287424509646731,-0.012810931665905967,-0.014667267625150138,-0.008789269470448002,-0.011381473327271241,0.006810734250655149,0.006434160178089509,48.68102608693376,0.0826047808034609,0.1184117253216686,-0.035806944518207706,2.0794415416798357,9.580982208251951,2024-10-01,0.00572534128683877
2024-10-01,6,0.5463705954995628,0.6141370476633153,0.8333333333333334,0.1666666666666666,0.0,1,2024-10-01,2024-10-01,2024-10-01,9.635836601257324,10.539999961853027,10.5600004196167,10.460000038146973,10.5,6397400,2024-10-01,9.635836601257324,0.0057253412868385,-0.007590232174544,0.0076482844290977,10.5,10.5600004196167,10.460000038146973,6397400,0.00572534128683877,0.005709013811017627,-0.08230127607073102,0.010377965672091004,15.671402372101504,-0.5213891341103946,-0.003403864792775213,-0.007906578187824143,-0.00207832397396579,-0.004685933905029915,0.007415550295255403,0.0067647342701068714,52.498520094555424,0.07224365425769008,0.1091781111088729,-0.03693445685118282,1.9459101490553132,9.635836601257324,2024-10-02,-0.0075902321745440204
2024-10-02,10,-0.1507034763693809,0.6078844569210136,0.3,0.7,0.0,1,2024-10-02,2024-10-02,2024-10-02,9.562698364257812,10.460000038146973,10.539999961853027,10.399999618530272,10.520000457763672,8410900,2024-10-02,9.562698364257812,-0.007590232174544,0.0076482844290977,-0.0037951655730797,10.520000457763672,10.539999961853027,10.399999618530272,8410900,-0.0075902321745440204,-0.007619184583489869,-0.09099829390210515,0.014640255081769643,15.945039160574508,0.3147372370025323,-0.006458997058658933,-0.013393744962532539,-0.0064559601147891055,-0.010037374156244172,0.007613664462057815,0.006959844699585864,47.43221264915247,0.05746828373602675,0.09883614563430368,-0.04136786189827693,2.3978952727983707,9.562698364257812,2024-10-03,0.007648284429097707
2024-10-03,9,0.7982568377111521,0.2850462327752595,1.0,0.0,0.0,1,2024-10-03,2024-10-03,2024-10-03,9.635836601257324,10.539999961853027,10.539999961853027,10.399999618530272,10.460000038146973,11292800,2024-10-03,9.635836601257324,0.0076482844290977,-0.0037951655730797,0.0,10.460000038146973,10.539999961853027,10.399999618530272,11292800,0.007648284429097707,0.007619184583489869,-0.07879191528527489,0.014529132146604463,16.23967600101508,0.3426387188053597,0.003427335729518033,-0.004909306999325014,0.0007616746787206807,-0.0020184254617610087,0.009394424100249769,0.007559585251109296,52.38110984873005,0.05107161880036948,0.08928324026751686,-0.03821162146714738,2.302585092994046,9.635836601257324,2024-10-04,-0.003795165573079795
2024-10-04,8,0.0256055358040611,0.6976244773659677,0.5,0.5,0.0,1,2024-10-04,2024-10-04,2024-10-04,9.59926700592041,10.5,10.5600004196167,10.4399995803833,10.5,12419500,2024-10-04,9.59926700592041,-0.0037951655730797,0.0,-0.0019048118629453,10.5,10.5600004196167,10.4399995803833,12419500,-0.003795165573079795,-0.0038023854869111418,-0.08578409467424665,0.012501041919074356,16.334778456528827,0.09977153584584864,-0.0003808371501298202,-0.007749043130059974,-0.0020263052625740796,-0.004755326834635087,0.00645982991907728,0.007561083174213235,49.853861681826565,0.04256074130196197,0.07993874047440588,-0.037377999172443915,2.1972245773362196,9.59926700592041,2024-10-07,0.0
2024-10-07,6,0.2611846576910466,0.6874516962297393,0.6666666666666666,0.3333333333333333,0.0,2,2024-10-05,2024-10-07,2024-10-07,9.59926700592041,10.5,10.520000457763672,10.420000076293944,10.5,7475800,2024-10-07,9.59926700592041,0.0,-0.0019048118629453,0.0019084470956127,10.5,10.520000457763672,10.420000076293944,7475800,0.0,0.0,-0.08578409467424665,0.010417501816342066,15.827181828690739,-0.3980595032006119,-0.0007613644973315514,-0.00587013559442251,-0.0013517832168647992,-0.003894088803789608,0.006373776032677501,0.0066603450846744,49.853861681826565,0.03540765219293185,0.07103252281811108,-0.03562487062517923,1.9459101490553132,9.59926700592041,2024-10-08,-0.0019048118629455546
2024-10-08,5,-0.0103600295260548,0.4459398595767223,0.2,0.2,0.6,1,2024-10-08,2024-10-08,2024-10-08,9.580982208251951,10.479999542236328,10.5,10.460000038146973,10.5,8959300,2024-10-08,9.580982208251951,-0.0019048118629453,0.0019084470956127,0.0038096237258906,10.5,10.5,10.460000038146973,8959300,-0.0019048118629455546,-0.0019066283241064852,-0.08752550397600463,0.0041749333193183465,16.00820276851505,0.19844030070360352,-0.0015244500879204592,-0.005315180089266236,-0.00217170237919595,-0.004743481093038016,0.005651840522818771,0.006365358308476131,48.49702473492693,0.027941257752843285,0.06241426980505752,-0.03447301205221424,1.791759469228055,9.580982208251951,2024-10-09,0.0019084470956129973
2024-10-09,11,0.4292199469002133,0.5415712268645062,0.7272727272727273,0.2727272727272727,0.0,1,2024-10-09,2024-10-09,2024-10-09,9.59926700592041,10.5,10.5600004196167,10.5,10.5,4743600,2024-10-09,9.59926700592041,0.0019084470956127,0.0038096237258906,0.0018974838149241,10.5,10.5600004196167,10.5,4743600,0.0019084470956129973,0.0019066283241064852,-0.08578409467424665,0.006250520959537178,15.37230710988311,-0.47053899300168545,-0.00038081729552863486,-0.0015215110969465373,-0.00017828246602302755,-0.0023281839304610807,0.004393037234229935,0.006486107093328632,49.96358438244928,0.023231715965605915,0.0545777590371672,-0.03134604307156129,2.4849066497880004,9.59926700592041,2024-10-10,0.003809623725890665
2024-10-10,6,0.5849462759215385,0.367322904144453,0.8333333333333334,0.1666666666666666,0.0,1,2024-10-10,2024-10-10,2024-10-10,9.635836601257324,10.539999961853027,10.600000381469728,10.520000457763672,10.539999961853027,6759800,2024-10-10,9.635836601257324,0.0038096237258906,0.0018974838149241,-0.0018938901889434,10.539999961853027,10.600000381469728,10.520000457763672,6759800,0.003809623725890665,0.0038023854869111418,-0.0857840003669927,0.008302332949026735,15.726504009716022,0.4250358377603507,0.0034273556597577137,0.0034273456946378733,0.002417515653041047,0.0012045077428703976,0.0030077785712969156,0.006680300598943032,52.85504522486497,0.02219438780059413,0.048101084789852595,-0.025906696989258467,1.9459101490553132,9.635836601257324,2024-10-11,0.0018974838149241613
2024-10-11,6,0.0830758164326349,0.671264933712979,0.3333333333333333,0.5,0.1666666666666666,1,2024-10-11,2024-10-11,2024-10-11,9.654120445251465,10.5600004196167,10.579999923706056,10.520000457763672,10.520000457763672,5909600,2024-10-11,9.654120445251465,0.0018974838149241,-0.0018938901889434,0.0113851998043925,10.520000457763672,10.579999923706056,10.520000457763672,5909600,0.0018974838149241613,0.001895685866536212,-0.0823079823987265,0.006214907539494838,15.592088874412841,-0.12577295186248116,0.004184130717228118,0.004757399333359613,0.002875583998428466,0.0025384303493920513,0.002171499464987517,0.00458192015283204,54.27767364038005,0.02258727906913016,0.04299832364570811,-0.02041104457657795,1.9459101490553132,9.654120445251465,2024-10-14,-0.0018938901889434812
2024-10-14,4,0.051089709973894,0.6774471279691241,0.25,0.25,0.5,2,2024-10-12,2024-10-14,2024-10-14,9.635836601257324,10.539999961853027,10.579999923706056,10.5,10.5600004196167,3022100,2024-10-14,9.635836601257324,-0.0018938901889434,0.0113851998043925,-0.0056285670277803,10.5600004196167,10.579999923706056,10.5,3022100,-0.0018938901889434812,-0.001895685866536212,-0.08751550962465963,0.008302332949026735,14.921462842831449,-0.48861175037227567,0.001520394112607626,0.0022822963593902568,0.0006506201239602216,0.0005233567502025416,0.002552317751970579,0.004581263460925978,52.569337064877686,0.021179154712248405,0.03863448985901617,-0.017455335146767767,1.6094379124341003,9.635836601257324,2024-10-15,0.011385199804392343
2024-10-15,2,0.1825471390038729,1.0794440975646376,0.5,0.5,0.0,1,2024-10-15,2024-10-15,2024-10-15,9.745542526245115,10.65999984741211,10.68000030517578,10.539999961853027,10.539999961853027,12317600,2024-10-15,9.745542526245115,0.0113851998043925,-0.0056285670277803,0.0075471705540484,10.539999961853027,10.68000030517578,10.539999961853027,12317600,0.011385199804392343,0.011320876181545536,-0.07537546854679866,0.0143655771801032,16.32653977308249,3.075841302405612,0.009469727353313528,0.012538054738183035,0.0079967161553538,0.009727167882284338,0.004910103914501368,0.005537352245880232,60.585330655745516,0.02858603528964565,0.03662479894514207,-0.008038763655496418,1.0986122886681098,9.745542526245115,2024-10-16,-0.00562856702778014
2024-10-16,2,-0.008052087156102,1.3472976435243484,0.5,0.5,0.0,1,2024-10-16,2024-10-16,2024-10-16,9.690689086914062,10.600000381469728,10.65999984741211,10.5600004196167,10.65999984741211,7567800,2024-10-16,9.690689086914062,-0.0056285670277803,0.0075471705540484,-0.0018726105218207,10.65999984741211,10.65999984741211,10.5600004196167,7567800,-0.00562856702778014,-0.005644467102332573,-0.09092971617005821,0.010319124563643835,15.83941309444213,-0.3856108332792102,0.0018903297194809987,0.005501807833833583,0.0015475609833304205,0.003306174380973692,0.006416533972565849,0.005219053597537098,55.531762928407325,0.029687607131117844,0.03523736058233723,-0.005549753451219386,1.0986122886681098,9.690689086914062,2024-10-17,0.00754717055404841
2024-10-17,4,0.3611105072777718,0.5811064055562876,0.5,0.5,0.0,1,2024-10-17,2024-10-17,2024-10-17,9.763826370239258,10.68000030517578,10.699999809265137,10.600000381469728,10.600000381469728,5079500,2024-10-17,9.763826370239258,0.0075471705540484,-0.0018726105218207,0.0,10.600000381469728,10.699999809265137,10.600000381469728,5079500,0.00754717055404841,0.007518833151191284,-0.07888433784325317,0.01024182774288293,15.440723586383488,-0.3288009725415576,0.006787311183262812,0.011746884974929594,0.0060525684369518995,0.008882855825577574,0.0068926269822796,0.005205560206205357,60.28808331722316,0.036046654883213236,0.03539921944251243,0.000647435440700804,1.6094379124341003,9.763826370239258,2024-10-18,-0.001872610521820861
2024-10-18,3,0.8928790418431163,0.1130801712396138,1.0,0.0,0.0,1,2024-10-18,2024-10-18,2024-10-18,9.745542526245115,10.65999984741211,10.699999809265137,10.640000343322754,10.640000343322754,6453400,2024-10-18,9.745542526245115,-0.0018726105218207,0.0,-0.0037524432568459,10.640000343322754,10.699999809265137,10.640000343322754,6453400,-0.001872610521820861,-0.001874366048858711,-0.0840655815992492,0.0061566060361238975,15.680117836626813,0.27047937789152465,0.0030109344025948115,0.008323924542525507,0.002775226249785323,0.005714778789877917,0.00719661008228109,0.005027598083878203,58.6006108410541,0.039159486451467274,0.0361512728443034,0.0030082136071638704,1.3862943611198906,9.745542526245115,2024-10-21,0.0
2024-10-21,7,0.1354574168633137,0.4549515693361491,0.5714285714285714,0.4285714285714285,0.0,1,2024-10-21,2024-10-21,2024-10-21,9.745542526245115,10.65999984741211,10.65999984741211,10.579999923706056,10.619999885559082,3445100,2024-10-21,9.745542526245115,0.0,-0.0037524432568459,0.0,10.619999885559082,10.65999984741211,10.579999923706056,3445100,0.0,0.0,-0.0823406185251509,0.00820887328649073,15.052463779852095,-0.4661573744072892,0.0007510523076026399,0.006800191126618227,0.0018484408859675838,0.004670874825103644,0.006993489134614872,0.005027598083878203,58.6006108410541,0.041152052649371385,0.037151428805317,0.004000623844054384,2.0794415416798357,9.745542526245115,2024-10-22,-0.003752443256845761
2024-10-22,4,-0.5085337851196527,0.4125487614531983,0.25,0.75,0.0,1,2024-10-22,2024-10-22,2024-10-22,9.708972930908203,10.619999885559082,10.68000030517578,10.619999885559082,10.65999984741211,6057900,2024-10-22,9.708972930908203,-0.0037524432568459,0.0,-0.0037663806716227,10.65999984741211,10.68000030517578,10.619999885559082,6057900,-0.003752443256845761,-0.0037595013342661687,-0.08921453378207915,0.006179893593655827,15.616873928408715,0.7584104960668776,-0.002254850433429212,0.0016977290559188063,-0.0012747710299749748,0.000736982861589297,0.005086268180741411,0.005198679147371986,55.027804929036556,0.03932697807499075,0.03758653865925175,0.0017404394157389952,1.6094379124341003,9.708972930908203,2024-10-23,0.0
2024-10-23,13,0.5090433051093266,0.635993460159981,0.8461538461538461,0.1538461538461538,0.0,1,2024-10-23,2024-10-23,2024-10-23,9.708972930908203,10.619999885559082,10.65999984741211,10.600000381469728,10.619999885559082,7188600,2024-10-23,9.708972930908203,0.0,-0.0037663806716227,-0.0037807185228685,10.619999885559082,10.65999984741211,10.600000381469728,7188600,0.0,0.0,-0.08578408328324748,0.006179795367579476,15.78800713496518,0.1866488387064824,-0.002629651044659731,0.0005652272891158994,-0.000850208627092397,0.0006029051902471938,0.004295590103656781,0.005210510667902343,55.027804929036556,0.03744890565261372,0.03755901205792415,-0.00011010640531042976,2.6390573296152584,9.708972930908203,2024-10-24,-0.0037663806716227155
2024-10-24,7,-0.0400244243709104,0.8596199333143292,0.4285714285714285,0.5714285714285714,0.0,1,2024-10-24,2024-10-24,2024-10-24,9.672405242919922,10.579999923706056,10.640000343322754,10.5600004196167,10.600000381469728,12054000,2024-10-24,9.672405242919922,-0.0037663806716227,-0.0037807185228685,-0.0132828815625479,10.600000381469728,10.640000343322754,10.5600004196167,12054000,-0.0037663806716227155,-0.0037734913432503348,-0.08750897218563987,0.008270944165063144,16.304907195985137,0.6768216342542359,-0.004516332986057914,-0.0035787943178560155,-0.003080328308533442,-0.0025916477513443503,0.001879715119309221,0.005330105661976017,51.39396243788932,0.032633632711201344,0.03657393618857959,-0.003940303477378247,2.0794415416798357,9.672405242919922,2024-10-25,-0.0037807185228685425
2024-10-25,6,-0.3002660448352496,0.4429983326026745,0.3333333333333333,0.6666666666666666,0.0,1,2024-10-25,2024-10-25,2024-10-25,9.635836601257324,10.539999961853027,10.619999885559082,10.5,10.619999885559082,5831600,2024-10-25,9.635836601257324,-0.0037807185228685,-0.0132828815625479,0.0057692820785544,10.619999885559082,10.619999885559082,10.5,5831600,-0.0037807185228685425,-0.0037878835040290326,-0.09267074339991363,0.012453499423539825,15.578802134692314,-0.5162103865936618,-0.006035419502264272,-0.007158976358905167,-0.004576716573730266,-0.005211766571840526,0.0020630289859008663,0.005452894769900612,47.98160372287258,0.025571933120641432,0.03437353557499196,-0.008801602454350528,1.9459101490553132,9.635836601257324,2024-10-28,-0.013282881562547977
2024-10-28,3,0.4129542609055837,0.8666157921877418,0.6666666666666666,0.3333333333333333,0.0,2,2024-10-26,2024-10-28,2024-10-28,9.507844924926758,10.399999618530272,10.600000381469728,10.399999618530272,10.539999961853027,13604800,2024-10-28,9.507844924926758,-0.0132828815625479,0.0057692820785544,0.0038240923502594,10.539999961853027,10.600000381469728,10.399999618530272,13604800,-0.013282881562547977,-0.013371888087944761,-0.0979274232127044,0.02103534129118091,16.42593330311713,1.332944646409219,-0.014404932956843752,-0.01905311395967768,-0.011936690380784487,-0.015126017653530832,0.004953183694190366,0.006859460098634922,38.37714630080029,0.009537682245591483,0.029406364909111866,-0.019868682663520383,1.3862943611198906,9.507844924926758,2024-10-29,0.005769282078554427
2024-10-29,11,0.133797175229781,0.7718026170690804,0.5454545454545454,0.3636363636363636,0.0909090909090909,1,2024-10-29,2024-10-29,2024-10-29,9.562698364257812,10.460000038146973,10.479999542236328,10.420000076293944,10.420000076293944,16313400,2024-10-29,9.562698364257812,0.0057692820785544,0.0038240923502594,-0.0095238606174061,10.420000076293944,10.479999542236328,10.420000076293944,16313400,0.005769282078554427,0.005752703504454892,-0.08227463586939296,0.006274323800345167,16.607497475238336,0.19909149711866392,-0.00570345247982651,-0.011529057082814376,-0.004166176764632157,-0.007740201226100751,0.00694323565210267,0.005861422628228064,43.58874159599395,0.001242316381341979,0.023773555203557888,-0.02253123882221591,2.4849066497880004,9.562698364257812,2024-10-30,0.0038240923502594892
2024-10-30,7,0.9005336281510868,0.0552006498109631,1.0,0.0,0.0,1,2024-10-30,2024-10-30,2024-10-30,9.59926700592041,10.5,10.520000457763672,10.420000076293944,10.479999542236328,18351100,2024-10-30,9.59926700592041,0.0038240923502594,-0.0095238606174061,0.0038462549216635,10.479999542236328,10.520000457763672,10.420000076293944,18351100,0.0038240923502594892,0.003816799096578727,-0.08403936782309995,0.010417501816342066,16.725200130664927,0.12490958353255599,0.00038106779047097916,-0.006810482886793645,-0.0002387059929209734,-0.0032306242983917155,0.007542718875968262,0.005950667645957675,46.81786256015913,-0.0023539027401433543,0.01854806361481764,-0.020901966354960996,2.0794415416798357,9.59926700592041,2024-11-01,-0.009523860617406177
2024-11-01,10,-0.0060262051178142,0.5882939990673234,0.5,0.4,0.1,2,2024-10-31,2024-11-01,2024-11-01,9.507844924926758,10.399999618530272,10.5,10.399999618530272,10.5,15832100,2024-11-01,9.507844924926758,-0.0095238606174061,0.0038462549216635,0.0095785949781994,10.5,10.5,10.399999618530272,15832100,-0.009523860617406177,-0.00956950260103362,-0.09449095953078497,0.010517670645590454,16.57755014572878,-0.13726697582161285,-0.005736188389678598,-0.01365713691431425,-0.0065281008646577154,-0.010434452922950532,0.008239860444224326,0.005691070469071882,40.566021855563925,-0.012437557769402474,0.01235093933797362,-0.024788497107376094,2.3978952727983707,9.507844924926758,2024-11-04,0.003846254921663572
2024-11-04,2,0.7107717767357826,0.1256430323284468,1.0,0.0,0.0,1,2024-11-04,2024-11-04,2024-11-04,9.544414520263672,10.4399995803833,10.5,10.399999618530272,10.420000076293944,3985100,2024-11-04,9.544414520263672,0.0038462549216635,0.0095785949781994,0.0056925504163884,10.420000076293944,10.5,10.399999618530272,3985100,0.003846254921663572,0.0038388769954078583,-0.08402932337997536,0.010477372001961808,15.198073214929186,-0.7482898667896236,5.995177843054478e-08,-0.007793171390583442,-0.0018062662823733477,-0.005429724011536741,0.008835896644371925,0.006052456442094893,43.79893897840932,-0.017278886067224164,0.0064249742569340625,-0.023703860324158228,1.0986122886681098,9.544414520263672,2024-11-05,0.009578594978199462
2024-11-05,6,-0.1241925153881311,0.5637116252308961,0.1666666666666666,0.3333333333333333,0.5,1,2024-11-05,2024-11-05,2024-11-05,9.635836601257324,10.539999961853027,10.579999923706056,10.420000076293944,10.420000076293944,9613100,2024-11-05,9.635836601257324,0.0095785949781994,0.0056925504163884,-0.0018867434328102,10.420000076293944,10.579999923706056,10.420000076293944,9613100,0.009578594978199462,0.009533011092536903,-0.07525561125672475,0.01660466589805347,16.078637413598397,1.4122606709994732,0.006878185312972018,0.0028544991524936947,0.0051566880497557754,0.003349482892575306,0.007223846055762469,0.0070856356927209456,50.977982458308,-0.01358210962793649,0.0024235574799599527,-0.016005667107896443,1.9459101490553132,9.635836601257324,2024-11-06,0.005692550416388498
2024-11-06,5,0.8263413878157735,0.1868027574548383,1.0,0.0,0.0,1,2024-11-06,2024-11-06,2024-11-06,9.690689086914062,10.600000381469728,10.600000381469728,10.520000457763672,10.579999923706056,7861300,2024-11-06,9.690689086914062,0.0056925504163884,-0.0018867434328102,-0.0075615356431687,10.579999923706056,10.600000381469728,10.520000457763672,7861300,0.005692550416388498,0.005676409079212963,-0.08405584529347314,0.008255339015476754,15.877462672336694,-0.18223049796631685,0.009908557644399574,0.00875525500494101,0.007226191848131114,0.007401433946406133,0.00721576957649,0.00731972175935602,54.71564547982421,-0.006155296073222516,0.0007077867693234591,-0.006863082842545975,1.791759469228055,9.690689086914062,2024-11-07,-0.0018867434328102561
2024-11-07,13,0.3129861151727919,0.7641371690477538,0.6923076923076923,0.3076923076923077,0.0,1,2024-11-07,2024-11-07,2024-11-07,9.672405242919922,10.579999923706056,10.640000343322754,10.520000457763672,10.600000381469728,12499600,2024-11-07,9.672405242919922,-0.0018867434328102,-0.0075615356431687,-0.0152380975089218,10.600000381469728,10.640000343322754,10.520000457763672,12499600,-0.0018867434328102561,-0.0018885255751839303,-0.08750897218563987,0.012406416247594716,16.341207281763076,0.5900169183213972,0.006468847824242507,0.007235399295403511,0.0035442509558918367,0.0044960972330254645,0.007438633426674095,0.0073393062900923844,53.25800724002503,-0.001724961942155545,0.0002212370270276582,-0.0019461989691832034,2.6390573296152584,9.672405242919922,2024-11-08,-0.007561535643168749
2024-11-08,9,0.2736410251301195,0.6159144742254192,0.6666666666666666,0.2222222222222222,0.1111111111111111,1,2024-11-08,2024-11-08,2024-11-08,9.59926700592041,10.5,10.600000381469728,10.5,10.579999923706056,5558600,2024-11-08,9.59926700592041,-0.0075615356431687,-0.0152380975089218,0.0135396034434802,10.579999923706056,10.600000381469728,10.5,5558600,-0.007561535643168749,-0.007590268990940174,-0.0926968738050904,0.010417501816342066,15.530857015860432,-0.555297769528625,-0.003038418984909752,0.00038106779047097916,-0.0026996957108155195,-0.0025373318983024085,0.0067265617122397765,0.007627875734075007,47.77520649905518,-0.004068634028124407,-0.0006367371840027548,-0.003431896844121652,2.302585092994046,9.59926700592041,2024-11-11,-0.0152380975089218
2024-11-11,4,0.3006702978163957,0.7827792995632246,0.75,0.25,0.0,1,2024-11-11,2024-11-11,2024-11-11,9.45299243927002,10.34000015258789,10.539999961853027,10.34000015258789,10.5,6387900,2024-11-11,9.45299243927002,-0.0152380975089218,0.0135396034434802,-0.0057251422103148,10.5,10.539999961853027,10.34000015258789,6387900,-0.0152380975089218,-0.015355390389159673,-0.09971500578380767,0.021157301304324447,15.669916290388556,0.14919224265102726,-0.01636230390495641,-0.01298207581493549,-0.012002706092139825,-0.01455884922276407,0.009992015988799233,0.008892281569862421,39.10451931500114,-0.017527104551597006,-0.0040148106575216055,-0.0135122938940754,1.6094379124341003,9.45299243927002,2024-11-12,0.013539603443480042
2024-11-12,10,0.2517204474192113,0.6940112802325766,0.5,0.3,0.2,1,2024-11-12,2024-11-12,2024-11-12,9.580982208251951,10.479999542236328,10.479999542236328,10.380000114440918,10.380000114440918,9276500,2024-11-12,9.580982208251951,0.0135396034434802,-0.0057251422103148,-0.0115163165086424,10.380000114440918,10.479999542236328,10.380000114440918,9276500,0.013539603443480042,0.013448762065053188,-0.07697667604813922,0.010437283529164912,16.042994986248342,0.4521986881447737,-0.0019048316948290234,-0.0003816034652843747,0.0009158374091930988,-0.0009954293666997183,0.011210625766416241,0.009112587267933705,47.99783115367772,-0.017661741144916476,-0.00674419675500058,-0.010917544389915896,2.3978952727983707,9.580982208251951,2024-11-13,-0.005725142210314393
2024-11-13,9,0.2677154969941411,0.6873093030100942,0.5555555555555556,0.3333333333333333,0.1111111111111111,1,2024-11-13,2024-11-13,2024-11-13,9.526129722595217,10.420000076293944,10.479999542236328,10.380000114440918,10.479999542236328,3269900,2024-11-13,9.526129722595217,-0.0057251422103148,-0.0115163165086424,0.0058252942422782,10.479999542236328,10.479999542236328,10.380000114440918,3269900,-0.005725142210314393,-0.0057415936582807525,-0.0910181165368224,0.010497382537025453,15.000270267185774,-0.6475071417021505,-0.004204903522268877,-0.0057252114881835015,-0.003214858096667883,-0.005500702404791613,0.010631345716363594,0.009141584092377822,44.96689296825738,-0.02194164911349894,-0.009783687226700253,-0.012157961886798687,2.302585092994046,9.526129722595217,2024-11-14,-0.011516316508642599
2024-11-14,11,0.0314552012026648,0.8351566584666592,0.4545454545454545,0.4545454545454545,0.0909090909090909,1,2024-11-14,2024-11-14,2024-11-14,9.416423797607422,10.300000190734863,10.460000038146973,10.279999732971191,10.4399995803833,10771400,2024-11-14,9.416423797607422,-0.0115163165086424,0.0058252942422782,-0.0019305524704888,10.4399995803833,10.460000038146973,10.279999732971191,10771400,-0.011516316508642599,-0.011583142839150629,-0.09804366129469698,0.01911556967322528,16.192405124237897,2.294106853420594,-0.010376625000298234,-0.015296389041656422,-0.009844318824651643,-0.013914075369653056,0.01115385942018811,0.009637819388308311,39.58315049622364,-0.03379627587863965,-0.014586204957088133,-0.019210070921551515,2.4849066497880004,9.416423797607422,2024-11-15,0.005825294242278289
2024-11-15,10,-0.0973767837043851,0.7423043165148465,0.5,0.5,0.0,1,2024-11-15,2024-11-15,2024-11-15,9.471277236938477,10.359999656677246,10.359999656677246,10.279999732971191,10.34000015258789,13010100,2024-11-15,9.471277236938477,0.0058252942422782,-0.0019305524704888,-0.0096711309044901,10.34000015258789,10.359999656677246,10.279999732971191,13010100,0.005825294242278289,0.005808392821176511,-0.08401575462568929,0.008446582409609002,16.381236613717586,0.20783742131941985,-0.00192673231545748,-0.009181312438881761,-0.0027212780701004746,-0.006694354175347361,0.012046352929699319,0.009506460187209765,43.242256419445766,-0.03832317318812528,-0.019333598603295563,-0.018989574584829718,2.3978952727983707,9.471277236938477,2024-11-18,-0.0019305524704888999
2024-11-18,7,0.2284136616757938,0.5994953510541136,0.5714285714285714,0.2857142857142857,0.1428571428571428,1,2024-11-18,2024-11-18,2024-11-18,9.45299243927002,10.34000015258789,10.380000114440918,10.260000228881836,10.31999969482422,8958700,2024-11-18,9.45299243927002,-0.0019305524704888,-0.0096711309044901,-0.0117188530649828,10.31999969482422,10.380000114440918,10.260000228881836,8958700,-0.0019305524704888999,-0.0019324183887983182,-0.08401233344890797,0.012694380782594668,16.00813579676226,-0.3114042167239298,-0.0038535651281148553,-0.010147451083857284,-0.003102523351510733,-0.00705721807969617,0.00982824126525944,0.009398406674078532,42.322113614215525,-0.04289177262422861,-0.024045233407482172,-0.018846539216746436,2.0794415416798357,9.45299243927002,2024-11-19,-0.009671130904490122
2024-11-19,6,-0.2209950598577658,0.4256032583847404,0.3333333333333333,0.6666666666666666,0.0,1,2024-11-19,2024-11-19,2024-11-19,9.361571311950684,10.239999771118164,10.31999969482422,10.239999771118164,10.300000190734863,11017500,2024-11-19,9.361571311950684,-0.0096711309044901,-0.0117188530649828,0.0079051399696308,10.300000190734863,10.31999969482422,10.239999771118164,11017500,-0.009671130904490122,-0.009718200011151978,-0.0911095981947964,0.008545565807305353,16.214995566462967,0.22981012870170892,-0.008904345637536726,-0.01689705356816562,-0.00853200920888264,-0.013672404229041923,0.006903448307428699,0.00897026574108262,37.971542938548744,-0.053275217978567824,-0.029891230321699304,-0.02338398765686852,1.9459101490553132,9.361571311950684,2024-11-20,-0.011718853064982881
2024-11-20,6,-0.0205493066459894,0.7484819465612056,0.5,0.5,0.0,1,2024-11-20,2024-11-20,2024-11-20,9.251864433288574,10.119999885559082,10.260000228881836,10.020000457763672,10.239999771118164,24806300,2024-11-20,9.251864433288574,-0.0117188530649828,0.0079051399696308,0.0,10.239999771118164,10.260000228881836,10.020000457763672,24806300,-0.011718853064982881,-0.011788060039144899,-0.09649759374181018,0.025940692586743423,17.026608251444884,1.251536192421148,-0.0147975708243,-0.023919816823839368,-0.013524763220704727,-0.020738709973348257,0.007629135176971014,0.008816990890289427,33.518694216537384,-0.06955481684770781,-0.03782394762690101,-0.031730869220806805,1.9459101490553132,9.251864433288574,2024-11-21,0.007905139969630826
2024-11-21,8,-0.0533904277835973,0.638236852947851,0.375,0.375,0.25,1,2024-11-21,2024-11-21,2024-11-21,9.32500171661377,10.199999809265137,10.239999771118164,10.119999885559082,10.119999885559082,8807300,2024-11-21,9.32500171661377,0.0079051399696308,0.0,0.0098039747092777,10.119999885559082,10.239999771118164,10.119999885559082,8807300,0.007905139969630826,0.00787405804783381,-0.07855713220706155,0.012868618066341563,15.991091594562484,-0.6449571278263989,-0.005072232687974965,-0.012584752155917256,-0.0038249935891457865,-0.010659518739435714,0.008840540166916112,0.009654327872062909,38.68122676662009,-0.07568252764120409,-0.04539566362976163,-0.03028686401144246,2.1972245773362196,9.32500171661377,2024-11-22,0.0
2024-11-22,5,0.6547596924472601,0.3571560573719924,1.0,0.0,0.0,1,2024-11-22,2024-11-22,2024-11-22,9.32500171661377,10.199999809265137,10.239999771118164,10.15999984741211,10.199999809265137,8308300,2024-11-22,9.32500171661377,0.0,0.0098039747092777,-0.0077669914711971,10.199999809265137,10.239999771118164,10.15999984741211,8308300,0.0,0.0,-0.08578412833464619,0.008579078710894375,15.93276569346147,-0.056657545445255586,-0.001956978123159203,-0.009708779948429225,-0.002553251115813837,-0.008738360189391114,0.00789863392055407,0.009606372227575703,38.6812267666201,-0.07962096170857436,-0.05224072324552417,-0.027380238463050183,1.791759469228055,9.32500171661377,2024-11-25,0.00980397470927774
2024-11-25,5,0.4363574991934001,0.4124683580279248,0.8,0.0,0.2,2,2024-11-23,2024-11-25,2024-11-25,9.416423797607422,10.300000190734863,10.420000076293944,10.199999809265137,10.220000267028809,27565700,2024-11-25,9.416423797607422,0.0098039747092777,-0.0077669914711971,-0.0039138949240932,10.220000267028809,10.420000076293944,10.199999809265137,27565700,0.00980397470927774,0.009756227570084874,-0.078627832526956,0.023363462791968406,17.13208284048249,2.3178508238749203,0.008617334891686923,0.00038851058319000487,0.0048055532408619595,0.000801629419513672,0.009833128805512658,0.009277449315921558,44.88575505397034,-0.07450633850022825,-0.05669384629646499,-0.017812492203763262,1.791759469228055,9.416423797607422,2024-11-26,-0.007766991471196971
2024-11-26,6,0.7013865398863951,0.1738830911204227,1.0,0.0,0.0,1,2024-11-26,2024-11-26,2024-11-26,9.343286514282228,10.220000267028809,10.359999656677246,10.220000267028809,10.300000190734863,12043400,2024-11-26,9.343286514282228,-0.0077669914711971,-0.0039138949240932,0.0019645856084165,10.300000190734863,10.359999656677246,10.220000267028809,12043400,-0.007766991471196971,-0.007797311649202943,-0.09288482123653022,0.014983955531539488,16.30402743303943,-0.5631019709276384,0.0011755794627359428,-0.004868544860165969,-0.002001175631341723,-0.005711266172526153,0.00942914998707166,0.008106131982184009,41.28662836129856,-0.0754843931919904,-0.060451955675570074,-0.015032437516420333,1.9459101490553132,9.343286514282228,2024-11-27,-0.003913894924093553
2024-11-27,8,0.1329870909103192,0.6320636776023069,0.625,0.375,0.0,1,2024-11-27,2024-11-27,2024-11-27,9.306717872619627,10.18000030517578,10.279999732971191,10.18000030517578,10.239999771118164,18362100,2024-11-27,9.306717872619627,-0.0039138949240932,0.0019645856084165,0.0,10.239999771118164,10.279999732971191,10.18000030517578,18362100,-0.003913894924093553,-0.003921574254776683,-0.09114081243740366,0.010744865071026849,16.725799370160797,0.5246608100702459,-0.003913874589883348,-0.006441534087182621,-0.003945928622911543,-0.00787058451173872,0.007533026961026721,0.008045560972129452,39.57781322699691,-0.07830761095273076,-0.06402308673100221,-0.014284524221728545,2.1972245773362196,9.306717872619627,2024-11-28,0.0019645856084167246
2024-11-28,5,-0.2509633295238018,0.4861386416752694,0.2,0.6,0.2,1,2024-11-28,2024-11-28,2024-11-28,9.32500171661377,10.199999809265137,10.220000267028809,10.140000343322754,10.18000030517578,11487500,2024-11-28,9.32500171661377,0.0019645856084165,0.0,-0.0117646060180366,10.18000030517578,10.220000267028809,10.140000343322754,11487500,0.0019645856084167246,0.001962658333894751,-0.0839880710148217,0.008579078710894375,16.25677013269722,-0.3743907287292848,-0.001956978123159203,-0.003517040165538554,-0.0013269432248212976,-0.004850053715873326,0.006626098198791536,0.0074357040035327475,40.89501746290595,-0.07816859901129725,-0.06685218918706122,-0.011316409824236026,1.791759469228055,9.32500171661377,2024-11-29,0.0
2024-11-29,3,-0.1168338283896446,0.579072805884105,0.3333333333333333,0.6666666666666666,0.0,1,2024-11-29,2024-11-29,2024-11-29,9.32500171661377,10.199999809265137,10.220000267028809,10.15999984741211,10.199999809265137,14264900,2024-11-29,9.32500171661377,0.0,-0.0117646060180366,0.0099205842032119,10.199999809265137,10.220000267028809,10.15999984741211,14264900,0.0,0.0,-0.08578412833464619,0.006434360168513453,16.473312602542563,0.24177584330794333,-0.001956978123159203,-0.001956978123159203,-0.0008850202737663571,-0.003971728148417175,0.006626098198791536,0.0070648496073010165,40.89501746290595,-0.07716887627642777,-0.06891552660493452,-0.008253349671493243,1.3862943611198906,9.32500171661377,2024-12-02,-0.01176460601803686
2024-12-02,6,0.278037712792866,0.6481479662883345,0.8333333333333334,0.1666666666666666,0.0,2,2024-11-30,2024-12-02,2024-12-02,9.215296745300291,10.079999923706056,10.260000228881836,10.079999923706056,10.199999809265137,8313200,2024-12-02,9.215296745300291,-0.0117646060180366,0.0099205842032119,0.0,10.199999809265137,10.260000228881836,10.079999923706056,8313200,-0.01176460601803686,-0.011834356593831252,-0.09653951788022522,0.019532773620944743,15.93335529121767,-0.41722689959270653,-0.009433902304369024,-0.011182984225409087,-0.008461793056795619,-0.012873676457223593,0.005604114781360836,0.007775104371611649,35.50840197735283,-0.0842575940530157,-0.07198394009455077,-0.012273653958464928,1.9459101490553132,9.215296745300291,2024-12-03,0.009920584203211957
2024-12-03,4,0.8035940814297646,0.1831598671256826,1.0,0.0,0.0,1,2024-12-03,2024-12-03,2024-12-03,9.306717872619627,10.18000030517578,10.18000030517578,10.0600004196167,10.100000381469728,11883800,2024-12-03,9.306717872619627,0.0099205842032119,0.0,0.0039292736884377,10.100000381469728,10.18000030517578,10.0600004196167,11883800,0.009920584203211957,0.009871698259936501,-0.0785428196919201,0.012893899568194716,16.2906867702208,0.42950969542414463,0.0011801835450304665,-0.0007852171928082186,0.0009161436253639632,-0.002522072713140311,0.007954939402175933,0.00822709878358274,42.32598886687162,-0.08155837880346617,-0.07389882783633385,-0.00765955096713232,1.6094379124341003,9.306717872619627,2024-12-04,0.0
2024-12-04,8,0.5061869294731878,0.4626506549067704,0.75,0.25,0.0,1,2024-12-04,2024-12-04,2024-12-04,9.306717872619627,10.18000030517578,10.199999809265137,10.100000381469728,10.100000381469728,6372400,2024-12-04,9.306717872619627,0.0,0.0039292736884377,-0.0058707913508688,10.100000381469728,10.199999809265137,10.100000381469728,6372400,0.0,0.0,-0.0785428196919201,0.010744865071026467,15.667486879607612,-0.4637742136353692,0.0011801835450306886,-0.001373341758848512,0.0006105759584853487,-0.002064460714393812,0.0077569426190313715,0.007235381168909365,42.32598886687161,-0.07851416880676965,-0.07482189603042101,-0.0036922727763486346,2.1972245773362196,9.306717872619627,2024-12-05,0.003929273688438206
2024-12-05,6,0.8682921190435687,0.0642663784259172,1.0,0.0,0.0,1,2024-12-05,2024-12-05,2024-12-05,9.343286514282228,10.220000267028809,10.239999771118164,10.18000030517578,10.199999809265137,4621500,2024-12-05,9.343286514282228,0.0039292736884377,-0.0058707913508688,-0.0059055637540197,10.199999809265137,10.239999771118164,10.18000030517578,4621500,0.003929273688438206,0.003921574254776683,-0.08399150107872705,0.006421666064790894,15.34623010206691,-0.274763040612642,0.004718836746338884,0.0023538748768958673,0.0030235878818718476,0.0015186064626542262,0.007927696423552354,0.006891324848139372,45.02215636098868,-0.07231719903220757,-0.07432095663077833,0.0020037575985707573,1.9459101490553132,9.343286514282228,2024-12-06,-0.005870791350869098
2024-12-06,7,0.3156641627927976,0.6850813223192038,0.7142857142857143,0.2857142857142857,0.0,1,2024-12-06,2024-12-06,2024-12-06,9.288434028625488,10.15999984741211,10.220000267028809,10.140000343322754,10.220000267028809,21450600,2024-12-06,9.288434028625488,-0.0058707913508688,-0.0059055637540197,0.0,10.220000267028809,10.220000267028809,10.140000343322754,21450600,-0.005870791350869098,-0.0058880921927322305,-0.09115129296118386,0.008612853733956396,16.881263221593805,3.6414800389483934,-0.0003935151107256063,-0.0031396667319836258,-0.001911795283775941,-0.003571004527910593,0.008424121121368802,0.0071568471816545595,41.86098308476631,-0.07101359252011541,-0.07365948380864575,0.002645891288530336,2.0794415416798357,9.288434028625488,2024-12-09,-0.005905563754019738
2024-12-09,8,-0.0249460041522979,0.6209627968440541,0.25,0.5,0.25,1,2024-12-09,2024-12-09,2024-12-09,9.233580589294434,10.100000381469728,10.18000030517578,10.100000381469728,10.119999885559082,9903600,2024-12-09,9.233580589294434,-0.0059055637540197,0.0,0.0019801466849533,10.119999885559082,10.18000030517578,10.100000381469728,9903600,-0.005905563754019738,-0.005923070554691545,-0.0875908405423542,0.0086640196543911,16.108408986342155,-0.538306620793824,-0.006687658741434066,-0.007078255119508214,-0.0052176222453304,-0.007749624382908493,0.006751651172649573,0.006354741058457879,38.91814495003052,-0.0735587496151684,-0.07363933696995029,8.058735478189138e-05,2.1972245773362196,9.233580589294434,2024-12-10,0.0
2024-12-10,8,0.4107467782741878,0.5404298715712237,0.75,0.125,0.125,1,2024-12-10,2024-12-10,2024-12-10,9.233580589294434,10.100000381469728,10.140000343322754,10.079999923706056,10.100000381469728,14271600,2024-12-10,9.233580589294434,0.0,0.0019801466849533,0.0019764396111319,10.100000381469728,10.140000343322754,10.079999923706056,14271600,0.0,0.0,-0.08578413459913309,0.006498066382424054,16.473782176572563,0.44105173876166237,-0.00512215443228925,-0.005905512720531414,-0.003484475055073988,-0.006349548425160556,0.004256340232688268,0.006029863287678625,38.91814495003053,-0.07471454221539275,-0.07385437801903878,-0.0008601641963539713,2.1972245773362196,9.233580589294434,2024-12-11,0.0019801466849533877
2024-12-11,5,-0.2926027935929596,0.7799381127236436,0.2,0.6,0.2,1,2024-12-11,2024-12-11,2024-12-11,9.251864433288574,10.119999885559082,10.140000343322754,10.100000381469728,10.100000381469728,8436000,2024-12-11,9.251864433288574,0.0019801466849533,0.0019764396111319,0.0,10.100000381469728,10.140000343322754,10.100000381469728,8436000,0.0019801466849533877,0.0019781887787080343,-0.08397385308392784,0.004323448764457045,15.948018939120388,-0.4088959892373665,-0.001972438330053672,-0.0033484808781273356,-0.0010079931971287426,-0.0035881108199522505,0.0045226613382522455,0.006019260856807561,40.534203904052745,-0.07331008969221386,-0.0737455203536738,0.00043543066145992904,1.791759469228055,9.251864433288574,2024-12-12,0.0019764396111319193
2024-12-12,7,-0.4741313301825097,0.6218249954427816,0.1428571428571428,0.8571428571428571,0.0,1,2024-12-12,2024-12-12,2024-12-12,9.270150184631348,10.140000343322754,10.15999984741211,10.100000381469728,10.140000343322754,8949000,2024-12-12,9.270150184631348,0.0019764396111319,0.0,-0.001972541002959,10.140000343322754,10.15999984741211,10.100000381469728,8949000,0.0019764396111319193,0.0019744890240858126,-0.08578403641418093,0.0064723294388317485,16.007052463909318,0.060810810810810745,0.001580485645192864,-0.0007882402745827966,0.0006440952880200079,-0.0013248322924795941,0.004029249679654617,0.0060198176211937815,42.18175861685213,-0.06991560011887898,-0.07297953630671483,0.0030639361878358473,2.0794415416798357,9.270150184631348,2024-12-13,0.0
2024-12-13,4,0.1608823221176863,0.7075574660972678,0.75,0.25,0.0,1,2024-12-13,2024-12-13,2024-12-13,9.270150184631348,10.140000343322754,10.18000030517578,10.119999885559082,10.15999984741211,7364400,2024-12-13,9.270150184631348,0.0,-0.001972541002959,0.0019764396111319,10.15999984741211,10.18000030517578,10.119999885559082,7364400,0.0,0.0,-0.08758362954182707,0.006472432314653327,15.812168273953567,-0.17707006369426748,0.001976356984835226,-0.00019712264705729066,0.00042930468763757723,-0.0010842148580024746,0.003238181397670144,0.0060198176211937815,42.18175861685212,-0.06645934076519566,-0.071675497198411,0.005216156433215338,1.6094379124341003,9.270150184631348,2024-12-16,-0.0019725410029590718
2024-12-16,4,0.2627368491375818,0.5008543530455187,0.5,0.25,0.25,1,2024-12-16,2024-12-16,2024-12-16,9.251864433288574,10.119999885559082,10.15999984741211,10.100000381469728,10.140000343322754,10993700,2024-12-16,9.251864433288574,-0.001972541002959,0.0019764396111319,-0.001972541002959,10.140000343322754,10.15999984741211,10.100000381469728,10993700,-0.0019725410029590718,-0.0019744890240858126,-0.08758736488791365,0.00648512160711095,16.21283303038019,0.4928167943077508,-0.00039517293050583824,-0.0025626534263163414,-0.0010299188510570767,-0.00250062106404747,0.0016530974936239346,0.004634063489069953,40.86855738039991,-0.0644527662702501,-0.07023095101277882,0.005778184742528725,1.6094379124341003,9.251864433288574,2024-12-18,0.0
2024-12-18,4,0.2003925237804651,0.5405861671883508,0.5,0.5,0.0,1,2024-12-18,2024-12-18,2024-12-18,9.251864433288574,10.119999885559082,10.15999984741211,10.119999885559082,10.140000343322754,8070600,2024-12-18,9.251864433288574,-0.001972541002959,-0.0059288034376484,-0.0099403075520496,10.140000343322754,10.15999984741211,10.119999885559082,8070600,0.0,0.0,-0.08758736488791365,0.004323448764457238,15.903738510831245,-0.2658886453150441,-0.0007899513280145154,-0.0019724485973451333,-0.0006868483667317182,-0.0020468933259599753,0.0016530974936239346,0.003215617432284042,40.86855738039991,-0.06214615928679912,-0.06861399266758288,0.006467833380783758,1.6094379124341003,9.251864433288574,2024-12-19,-0.0059288034376484555
2024-12-19,5,0.1838554535992443,0.8118258389894006,0.6,0.4,0.0,1,2024-12-19,2024-12-19,2024-12-19,9.197011947631836,10.0600004196167,10.119999885559082,10.039999961853027,10.100000381469728,8357800,2024-12-19,9.197011947631836,-0.0059288034376484,-0.0099403075520496,0.0120481940329522,10.100000381469728,10.119999885559082,10.039999961853027,8357800,-0.0059288034376484555,-0.005946448570332219,-0.08940479205273967,0.008698469042073397,15.938705912182737,0.03558595395633524,-0.005535806261300014,-0.006714071299513735,-0.004417455195856679,-0.006525088736811457,0.0029969585540765265,0.003617015968918784,36.87473805361489,-0.06400646709532509,-0.06769248755313133,0.0036860204578062356,1.791759469228055,9.197011947631836,2024-12-20,-0.009940307552049665
2024-12-20,5,0.2730293555185198,0.7397260156150826,0.6,0.4,0.0,1,2024-12-20,2024-12-20,2024-12-20,9.1055908203125,9.960000038146973,10.079999923706056,9.960000038146973,10.0600004196167,16617300,2024-12-20,9.1055908203125,-0.0099403075520496,0.0120481940329522,0.0,10.0600004196167,10.079999923706056,9.960000038146973,16617300,-0.009940307552049665,-0.009990042269226063,-0.09487172559586868,0.013178703933345148,16.625954939498953,0.9882385316710138,-0.011904722234290066,-0.014056588268576364,-0.009588316503861272,-0.013458752324958856,0.004306577332248467,0.004071167720194898,31.372027851450795,-0.07202740824605058,-0.06855947169171518,-0.003467936554335402,1.791759469228055,9.1055908203125,2024-12-23,0.012048194032951987
2024-12-23,5,0.2424035936594009,0.5346240985746895,0.8,0.2,0.0,1,2024-12-23,2024-12-23,2024-12-23,9.215296745300291,10.079999923706056,10.079999923706056,9.960000038146973,9.989999771118164,7289400,2024-12-23,9.215296745300291,0.0120481940329522,0.0,0.0039681508907383,9.989999771118164,10.079999923706056,9.960000038146973,7289400,0.012048194032951987,0.011976192293560839,-0.0775478522089257,0.013021814584569134,15.801931933256382,-0.5613366792439205,0.0011919471042387553,-0.001386926574885372,0.0015616833738645308,-0.001287132376370681,0.008311099368757548,0.005960227148534648,42.46714341484842,-0.06873932643353697,-0.06859544264007954,-0.00014388379345743607,1.791759469228055,9.215296745300291,2024-12-24,0.0
2024-12-24,8,0.3782595288357697,0.6035123318770568,0.5,0.125,0.375,1,2024-12-24,2024-12-24,2024-12-24,9.215296745300291,10.079999923706056,10.119999885559082,10.020000457763672,10.079999923706056,5510500,2024-12-24,9.215296745300291,0.0,0.0039681508907383,-0.001976233452833,10.079999923706056,10.119999885559082,10.020000457763672,5510500,0.0,0.0,-0.08578404612604845,0.010851460409715928,15.522166102585453,-0.2440392899278404,0.0019881029467512246,-0.0011890297923327076,0.001040580563454574,-0.001053354818319585,0.00830962578292786,0.005681355536363803,42.46714341484842,-0.06537983981195339,-0.06795232207445431,0.0025724822625009247,2.1972245773362196,9.215296745300291,2024-12-26,0.003968150890738542
2024-12-26,9,0.6444447345307304,0.296023704650555,1.0,0.0,0.0,2,2024-12-25,2024-12-26,2024-12-26,9.251864433288574,10.119999885559082,10.18000030517578,10.0600004196167,10.079999923706056,3892000,2024-12-26,9.251864433288574,0.0039681508907383,-0.001976233452833,0.0138614399277181,10.079999923706056,10.18000030517578,10.0600004196167,3892000,0.003968150890738542,0.003960298545997443,-0.08215629927435618,0.01297034629337152,15.174433979225308,-0.29371200435532163,0.005964142929968608,0.002575720781929469,0.00333633223374874,0.0023801536714862515,0.008585762776432174,0.005832186579694142,45.85133692316291,-0.05908561347618324,-0.0661789803548001,0.0070933668786168635,2.302585092994046,9.251864433288574,2024-12-27,-0.0019762334528330427
2024-12-27,6,0.7775608722586185,0.1855097112615126,1.0,0.0,0.0,1,2024-12-27,2024-12-27,2024-12-27,9.233580589294434,10.100000381469728,10.15999984741211,10.100000381469728,10.119999885559082,2381800,2024-12-27,9.233580589294434,-0.001976233452833,0.0138614399277181,0.0,10.119999885559082,10.15999984741211,10.100000381469728,2381800,-0.0019762334528330427,-0.0019781887787080343,-0.0875908405423542,0.00649796309916279,14.683367482166478,-0.38802672147995887,0.0031783666744196193,0.000792686528221731,0.0009019300173112033,0.00032660795814054566,0.008066268272910139,0.00583319291498068,44.443657601654635,-0.05493943950351721,-0.06393107218454352,0.008991632681026318,1.9459101490553132,9.233580589294434,2024-12-30,0.013861439927718155
2024-12-30,5,0.0643666319549083,0.8267660544268817,0.6,0.4,0.0,1,2024-12-30,2024-12-30,2024-12-30,9.361571311950684,10.239999771118164,10.239999771118164,10.100000381469728,10.100000381469728,5907300,2024-12-30,9.361571311950684,0.0138614399277181,0.0,-0.0058594265324914,10.100000381469728,10.239999771118164,10.100000381469728,5907300,0.013861439927718155,0.013766248817852933,-0.07311178629991202,0.014954689227193833,15.591699601483432,1.4801830548324797,0.011457954216363975,0.013660699301542678,0.009802302141957542,0.01158221938583237,0.007093146382031264,0.007338493648876507,54.885234661680045,-0.040854835985362215,-0.05931582494470727,0.018460988959345052,1.791759469228055,9.361571311950684,2024-12-31,0.0
2024-12-31,4,0.0963071249425411,0.6364563968223241,0.5,0.5,0.0,1,2024-12-31,2024-12-31,2024-12-31,9.361571311950684,10.239999771118164,10.279999732971191,10.18000030517578,10.239999771118164,6723100,2024-12-31,9.361571311950684,0.0,-0.0058594265324914,-0.0039291712168328,10.239999771118164,10.279999732971191,10.18000030517578,6723100,0.0,0.0,-0.08578403113299678,0.01068190632354163,15.721060064393512,0.13810031655747967,0.008271004742479215,0.012658270940542726,0.00651358538398461,0.009456447379651678,0.006354633133963557,0.007338493648876507,54.885234661680045,-0.029354308032559118,-0.05332352156227764,0.023969213529718522,1.6094379124341003,9.361571311950684,2025-01-02,-0.005859426532491607
2025-01-02,13,0.3261238656436594,0.697126888914216,0.6923076923076923,0.3076923076923077,0.0,2,2025-01-01,2025-01-02,2025-01-02,9.306717872619627,10.18000030517578,10.220000267028809,10.140000343322754,10.199999809265137,5317400,2025-01-02,9.306717872619627,-0.0058594265324914,-0.0039291712168328,-0.0039448762542748,10.199999809265137,10.220000267028809,10.140000343322754,5317400,-0.005859426532491607,-0.00587666032520584,-0.0875766620930816,0.00859593304546327,15.486495208111707,-0.20908509467358805,0.0003930715662314732,0.006127678607954934,0.00041057767999230776,0.002895817425073055,0.007519115400292875,0.007611635173766203,50.196055940839464,-0.02438517379358096,-0.04753585200853831,0.02315067821495735,2.6390573296152584,9.306717872619627,2025-01-03,-0.003929171216832672
2025-01-03,9,0.0323255870284305,0.6948368141090321,0.4444444444444444,0.5555555555555556,0.0,1,2025-01-03,2025-01-03,2025-01-03,9.270150184631348,10.140000343322754,10.18000030517578,10.119999885559082,10.15999984741211,5622100,2025-01-03,9.270150184631348,-0.0039291712168328,-0.0039448762542748,0.0059406466213824,10.15999984741211,10.18000030517578,10.119999885559082,5622100,-0.003929171216832672,-0.003936910689853246,-0.08758362954182707,0.006472432314653327,15.542215995424206,0.05730244104261484,-0.003929212044421759,0.001976356984835226,-0.0023495614919829544,-0.0008549430873494579,0.007825233664898915,0.007747246275373106,47.29513399670322,-0.023131164257337744,-0.0426549144582982,0.019523750200960456,2.302585092994046,9.270150184631348,2025-01-06,-0.003944876254274865
2025-01-06,5,-0.0634039569646119,0.7749160925412582,0.4,0.4,0.2,1,2025-01-06,2025-01-06,2025-01-06,9.233580589294434,10.100000381469728,10.15999984741211,10.079999923706056,10.140000343322754,10345600,2025-01-06,9.233580589294434,-0.0039448762542748,0.0059406466213824,-0.0098425720322612,10.140000343322754,10.15999984741211,10.079999923706056,10345600,-0.003944876254274865,-0.003952677802793847,-0.08939050526020965,0.008664019654391293,16.152071963172695,0.840166485832696,-0.007858588043404668,-0.0023706357087889263,-0.004198909630184322,-0.003927790831925848,0.008022928957316445,0.007596094327748078,44.52393733714357,-0.02480230781841186,-0.03908439313032093,0.014282085311909068,1.791759469228055,9.233580589294434,2025-01-07,0.005940646621382495
2025-01-07,5,0.1136833627242595,0.771337525263588,0.4,0.6,0.0,1,2025-01-07,2025-01-07,2025-01-07,9.288434028625488,10.15999984741211,10.15999984741211,10.100000381469728,10.100000381469728,8476000,2025-01-07,9.288434028625488,0.0059406466213824,-0.0098425720322612,0.001988123726768,10.100000381469728,10.15999984741211,10.100000381469728,8476000,0.005940646621382495,0.005923070554691545,-0.08035310120712519,0.006459588963809416,15.952749316350499,-0.18071450665017008,-0.0003935356292301684,0.0015773078279395225,0.0011438739037838985,0.001627202258104532,0.004703162897474772,0.006807991505111993,49.320716703012764,-0.021453188008589308,-0.03555815210597461,0.014104964097385299,1.791759469228055,9.288434028625488,2025-01-08,-0.009842572032261243
2025-01-08,8,0.2544860065099783,0.7435041640346898,0.625,0.375,0.0,1,2025-01-08,2025-01-08,2025-01-08,9.197011947631836,10.0600004196167,10.15999984741211,10.0600004196167,10.140000343322754,8759200,2025-01-08,9.197011947631836,-0.0098425720322612,0.001988123726768,0.001984075445369,10.140000343322754,10.15999984741211,10.0600004196167,8759200,-0.009842572032261243,-0.00989133034631573,-0.09299688005552002,0.010873034455626568,15.985615248707022,0.03341198678621993,-0.006714091760750995,-0.008085217051165494,-0.005823545469648916,-0.006744864529842354,0.0058159126195111484,0.006741039241738334,42.69473333825372,-0.025877682504564348,-0.033622058185692555,0.007744375681128207,2.1972245773362196,9.197011947631836,2025-01-09,0.001988123726768043
2025-01-09,9,-0.2639702315856185,0.703686052994009,0.3333333333333333,0.6666666666666666,0.0,1,2025-01-09,2025-01-09,2025-01-09,9.215296745300291,10.079999923706056,10.15999984741211,10.0600004196167,10.0600004196167,10233100,2025-01-09,9.215296745300291,0.001988123726768,0.001984075445369,-0.0019801466849532,10.0600004196167,10.15999984741211,10.0600004196167,10233100,0.001988123726768043,0.0019861500243347763,-0.08396656452113671,0.010851460409715928,16.141138220048525,0.16826879167047215,-0.0027700730968064358,-0.0061131677362530334,-0.0025679594275602735,-0.003906238231132897,0.006081944165704739,0.006776105460459608,44.30630901051377,-0.02759064809333367,-0.03241577616722078,0.00482512807388711,2.302585092994046,9.215296745300291,2025-01-10,0.001984075445369271
2025-01-10,7,0.5098947099010859,0.455056317727057,0.8571428571428571,0.0,0.1428571428571428,1,2025-01-10,2025-01-10,2025-01-10,9.233580589294434,10.100000381469728,10.119999885559082,10.079999923706056,10.100000381469728,2682500,2025-01-10,9.233580589294434,0.001984075445369,-0.0019801466849532,0.011904659648581,10.100000381469728,10.119999885559082,10.079999923706056,2682500,0.001984075445369271,0.0019821097672894084,-0.08578413459913309,0.00433200982719555,14.8022601262735,-0.7378604723886213,-2.065665172246156e-08,-0.003944804525277346,-0.00039272977482163185,-0.0015795740359278998,0.006176897230446978,0.006675984334952403,45.94337843067195,-0.027159751548325062,-0.031364571243441636,0.004204819695116574,2.0794415416798357,9.233580589294434,2025-01-13,-0.0019801466849534988
2025-01-13,10,0.0206284399144351,0.7425200830158298,0.4,0.6,0.0,2,2025-01-11,2025-01-13,2025-01-13,9.215296745300291,10.079999923706056,10.119999885559082,10.0600004196167,10.100000381469728,10214700,2025-01-13,9.215296745300291,-0.0019801466849532,0.011904659648581,-0.005882200738333,10.100000381469728,10.119999885559082,10.0600004196167,10214700,-0.0019801466849534988,-0.0019821097672894084,-0.08759441611433852,0.006510855548192948,16.139338515125093,2.8079030754892824,-0.001584765585543102,-0.005721034759226251,-0.0015826505993367102,-0.002911822611705195,0.005984316080247806,0.006676101579737835,44.53365436796945,-0.027971181963611258,-0.030685893387475564,0.0027147114238643064,2.3978952727983707,9.215296745300291,2025-01-14,0.011904659648581228
2025-01-14,8,-0.1491930619813502,0.7057142807354221,0.375,0.5,0.125,1,2025-01-14,2025-01-14,2025-01-14,9.32500171661377,10.199999809265137,10.300000190734863,10.100000381469728,10.100000381469728,19973500,2025-01-14,9.32500171661377,0.011904659648581,-0.005882200738333,0.0,10.100000381469728,10.300000190734863,10.100000381469728,19973500,0.011904659648581228,0.011834356593831252,-0.07673253817671469,0.021447696777235747,16.80991700299593,0.955368243805496,0.00950112707632833,0.006512653061140572,0.006845269434379464,0.007317495657882311,0.007860027152987923,0.006232835418654748,53.71127123474362,-0.019536764412533714,-0.028456067592487196,0.008919303179953483,2.1972245773362196,9.32500171661377,2025-01-15,-0.00588220073833301
2025-01-15,7,-0.0092166428055082,0.6962460095290636,0.5714285714285714,0.4285714285714285,0.0,1,2025-01-15,2025-01-15,2025-01-15,9.270150184631348,10.140000343322754,10.279999732971191,10.100000381469728,10.279999732971191,11024100,2025-01-15,9.270150184631348,-0.005882200738333,0.0,0.0,10.279999732971191,10.279999732971191,10.100000381469728,11024100,-0.00588220073833301,-0.005899569023747997,-0.09823439441354641,0.019417091192317208,16.215594434022346,-0.4480636843818059,0.001976356984835448,0.0015804753250665549,0.0006150131193414232,0.0011388269456944489,0.0066197602015948785,0.006466804563508477,49.31739671179207,-0.017081582108577464,-0.02618117049570525,0.009099588387127787,2.0794415416798357,9.270150184631348,2025-01-16,0.0
2025-01-16,8,0.3883738940930925,0.6709670300262957,0.75,0.25,0.0,1,2025-01-16,2025-01-16,2025-01-16,9.270150184631348,10.140000343322754,10.220000267028809,10.140000343322754,10.18000030517578,9931100,2025-01-16,9.270150184631348,0.0,0.0,0.0138066553866758,10.18000030517578,10.220000267028809,10.140000343322754,9931100,0.0,0.0,-0.08937623705982013,0.008629841168990305,16.11118190600798,-0.09914641558041015,0.0007896394396524897,0.0019763466565494436,0.00040992470986944696,0.0009315746097013911,0.006650475048258344,0.006235066260429663,49.31739671179207,-0.01496334432503943,-0.023937605261572088,0.008974260936532658,2.1972245773362196,9.270150184631348,2025-01-17,0.0
2025-01-17,5,0.1267548336647451,0.907760293836749,0.6,0.4,0.0,1,2025-01-17,2025-01-17,2025-01-17,9.270150184631348,10.140000343322754,10.199999809265137,10.079999923706056,10.140000343322754,15633400,2025-01-17,9.270150184631348,0.0,0.0138066553866758,0.0,10.140000343322754,10.199999809265137,10.079999923706056,15633400,0.0,0.0,-0.08578403641418093,0.012944761753485266,16.56492027309724,0.5741861425219765,4.1150330254424716e-08,0.0019763466565494436,0.0002732458031773355,0.000762068330936172,0.006651581205683028,0.006108810773436614,49.31739671179207,-0.013133233875542771,-0.021776730984366225,0.008643497108823454,1.791759469228055,9.270150184631348,2025-01-20,0.013806655386675581
2025-01-20,8,0.2319383685535285,0.6370810128479687,0.375,0.25,0.375,1,2025-01-20,2025-01-20,2025-01-20,9.39813995361328,10.279999732971191,10.300000190734863,10.140000343322754,10.140000343322754,8638800,2025-01-20,9.39813995361328,0.0138066553866758,0.0,0.0077821019570023,10.140000343322754,10.300000190734863,10.140000343322754,8638800,0.013806655386675581,0.013712211827102028,-0.073161771655954,0.017024629150217605,15.971774358002206,-0.4474138703033249,0.009823173369975846,0.014006714095468054,0.009345244077272108,0.011896937386746576,0.008489790708270257,0.007293929724336228,59.07442479086167,-0.001339710113125392,-0.01768932681011806,0.01634961669699267,2.1972245773362196,9.39813995361328,2025-01-21,0.0
2025-01-21,3,0.8754049086322387,0.0590714438894981,1.0,0.0,0.0,1,2025-01-21,2025-01-21,2025-01-21,9.39813995361328,10.279999732971191,10.300000190734863,10.199999809265137,10.279999732971191,5418900,2025-01-21,9.39813995361328,0.0,0.0077821019570023,0.0,10.279999732971191,10.300000190734863,10.199999809265137,5418900,0.0,0.0,-0.08578402745765745,0.010640443956283037,15.50540358532804,-0.37272537852479515,0.008238494808514796,0.012807888294261938,0.00621081552252245,0.00971284819881646,0.007291512569380511,0.007159164003399686,59.07442479086167,0.007915497508291125,-0.012568361946436225,0.02048385945472735,1.3862943611198906,9.39813995361328,2025-01-22,0.007782101957002574
2025-01-22,9,0.6840120255947113,0.3596231987841679,0.8888888888888888,0.0,0.1111111111111111,1,2025-01-22,2025-01-22,2025-01-22,9.471277236938477,10.359999656677246,10.359999656677246,10.260000228881836,10.279999732971191,8926100,2025-01-22,9.471277236938477,0.0077821019570023,0.0,0.0038609035585681,10.279999732971191,10.359999656677246,10.260000228881836,8926100,0.007782101957002574,0.007751977587907355,-0.07866950554861277,0.01055817766640883,16.00449023936613,0.6472162246950488,0.011718730580806858,0.017681730692032493,0.009317225287472919,0.014330113926969812,0.006284304955736112,0.0062510520973508826,63.70503248253324,0.020910836650630316,-0.005872522227022917,0.02678335887765323,2.302585092994046,9.471277236938477,2025-01-23,0.0
2025-01-23,10,-0.0579989120364189,0.7317984080758928,0.4,0.5,0.1,1,2025-01-23,2025-01-23,2025-01-23,9.471277236938477,10.359999656677246,10.380000114440918,10.279999732971191,10.359999656677246,9697800,2025-01-23,9.471277236938477,0.0,0.0038609035585681,-0.0038460543137815,10.359999656677246,10.380000114440918,10.279999732971191,9697800,0.0,0.0,-0.0857840201921212,0.010558278357613676,16.08740971674212,0.08645433055869867,0.0073901111067764536,0.014890283653307135,0.006192251989374675,0.011694169797433762,0.006284304955736112,0.006316679538779675,63.70503248253324,0.030854070033937475,0.0014727962251691613,0.029381273808768316,2.3978952727983707,9.471277236938477,2025-01-24,0.003860903558568163
2025-01-24,7,0.2848390411319477,0.6469820042319319,0.5714285714285714,0.2857142857142857,0.1428571428571428,1,2025-01-24,2025-01-24,2025-01-24,9.507844924926758,10.399999618530272,10.399999618530272,10.31999969482422,10.359999656677246,11596300,2025-01-24,9.507844924926758,0.0038609035585681,-0.0038460543137815,-0.0115830127493189,10.359999656677246,10.399999618530272,10.31999969482422,11596300,0.003860903558568163,0.003853469399327736,-0.0822543204623811,0.00841409639489544,16.26619672591343,0.195766050031966,0.006191870474295369,0.01582330790474984,0.006695551657970977,0.01272771820589691,0.005842824062820577,0.006318895473077744,65.93973280768967,0.041209819788770474,0.009420200937889424,0.03178961885088105,2.0794415416798357,9.507844924926758,2025-01-27,-0.0038460543137815995
2025-01-27,7,-0.2561462305353156,0.7185479549619814,0.1428571428571428,0.7142857142857143,0.1428571428571428,1,2025-01-27,2025-01-27,2025-01-27,9.471277236938477,10.359999656677246,10.380000114440918,10.31999969482422,10.359999656677246,3223800,2025-01-27,9.471277236938477,-0.0038460543137815,-0.0115830127493189,0.0097655750592458,10.359999656677246,10.380000114440918,10.31999969482422,3223800,-0.0038460543137815995,-0.003853469399327736,-0.0857840201921212,0.006334987152808986,14.98607165613786,-0.7219975336960927,0.0007728177743009379,0.0091564447873822,0.0018807270274974197,0.007215177490374591,0.0044187478807262166,0.006505423474894791,61.83936703936357,0.045936590842194036,0.016723478918750347,0.02921311192344369,2.0794415416798357,9.471277236938477,2025-01-28,-0.011583012749318944
2025-01-28,11,-0.1996236806312068,0.843141922273753,0.3636363636363636,0.6363636363636364,0.0,1,2025-01-28,2025-01-28,2025-01-28,9.361571311950684,10.239999771118164,10.399999618530272,10.239999771118164,10.359999656677246,3640700,2025-01-28,9.361571311950684,-0.0115830127493189,0.0097655750592458,-0.0038684725389901,10.359999656677246,10.399999618530272,10.239999771118164,3640700,-0.011583012749318944,-0.011650618399950297,-0.096373395541867,0.017091131614610133,15.107686803488892,0.12931943668962087,-0.010054118711670501,-0.0029211348639622825,-0.006503794589706846,-0.003645011785542107,0.007442431606754181,0.00705484383668388,51.493932446383894,0.04036493778425765,0.021451770691851807,0.01891316709240584,2.4849066497880004,9.361571311950684,2025-01-31,0.009765575059245801
2025-01-31,14,0.5749265345013035,0.5339448049816992,0.8571428571428571,0.1428571428571428,0.0,3,2025-01-29,2025-01-31,2025-01-31,9.45299243927002,10.34000015258789,10.359999656677246,10.199999809265137,10.239999771118164,7709000,2025-01-31,9.45299243927002,0.0097655750592458,-0.0038684725389901,0.0077669914711973,10.239999771118164,10.359999656677246,10.199999809265137,7709000,0.009765575059245801,0.009718200011151978,-0.076856186468665,0.016925841043459556,15.857899165159902,1.1174499409454226,-2.0177193582604502e-08,0.004859041389684293,0.0021299074458451805,0.004973107848822433,0.008040234537019977,0.007236227888815223,57.82579882131701,0.042832536709820346,0.025727923895445516,0.01710461281437483,2.70805020110221,9.45299243927002,2025-02-03,-0.003868472538990142
2025-02-03,8,-0.1554053546860814,0.5884006703233087,0.375,0.5,0.125,1,2025-02-03,2025-02-03,2025-02-03,9.416423797607422,10.300000190734863,10.34000015258789,10.239999771118164,10.31999969482422,4994800,2025-02-03,9.416423797607422,-0.0038684725389901,0.0077669914711973,-0.0038535651281148,10.31999969482422,10.34000015258789,10.239999771118164,4994800,-0.003868472538990142,-0.003875974432378193,-0.08755580658301455,0.010619783435738652,15.423908129431323,-0.35208198209884556,-0.002711087168417614,-0.0005822206292183107,-0.0011652148552890873,0.0008878768554960725,0.008181751705918717,0.0074538876399670604,54.74725753285225,0.04136056403499744,0.028854451923355902,0.012506112111641536,2.1972245773362196,9.416423797607422,2025-02-04,0.007766991471197082
2025-02-04,4,0.5170812488067896,0.4685975823582572,0.75,0.25,0.0,1,2025-02-04,2025-02-04,2025-02-04,9.489561080932615,10.380000114440918,10.399999618530272,10.260000228881836,10.279999732971191,10817200,2025-02-04,9.489561080932615,0.0077669914711973,-0.0038535651281148,0.0077369450779802,10.279999732971191,10.399999618530272,10.260000228881836,10817200,0.007766991471197082,0.007736983672993247,-0.07689092145629058,0.01475298893746905,16.19664811030167,1.1656923200128135,0.005424234669091144,0.004840246420256378,0.0043855134379668925,0.007075754825870639,0.008930187353620415,0.007671092831262714,59.40245196764405,0.04557027683097736,0.0321976169048802,0.013372659926097166,1.6094379124341003,9.489561080932615,2025-02-05,-0.0038535651281146333
2025-02-05,5,0.3796362358145416,0.7499642848783294,0.8,0.2,0.0,1,2025-02-05,2025-02-05,2025-02-05,9.45299243927002,10.34000015258789,10.399999618530272,10.34000015258789,10.380000114440918,6038400,2025-02-05,9.45299243927002,-0.0038535651281148,0.0077369450779802,0.0,10.380000114440918,10.399999618530272,10.34000015258789,6038400,-0.0038535651281146333,-0.0038610092406150542,-0.08930709681604165,0.006347139948311894,15.613649799763138,-0.4417779092556299,0.0019379746622276706,0.0003869767697977089,0.0003433066922726713,0.002612510164061499,0.008930922422384866,0.006718996629641634,56.28472447180636,0.045432008868067086,0.034844495297517576,0.01058751357054951,1.791759469228055,9.45299243927002,2025-02-06,0.007736945077980506
2025-02-06,7,0.5279816760947662,0.4924177491063921,0.7142857142857143,0.0,0.2857142857142857,1,2025-02-06,2025-02-06,2025-02-06,9.526129722595217,10.420000076293944,10.420000076293944,10.31999969482422,10.34000015258789,12903300,2025-02-06,9.526129722595217,0.0077369450779802,0.0,0.0038387721695474,10.34000015258789,10.420000076293944,10.31999969482422,12903300,0.007736945077980506,0.0077071684067724355,-0.07871087214529478,0.010497482648439074,16.37299372807013,1.1368740063593004,0.006179993208776713,0.00676327082612338,0.005374125755648107,0.008468307793189078,0.0067783701493867535,0.007077792609898775,60.72458422302572,0.050640248776423036,0.03800364599329867,0.012636602783124368,2.0794415416798357,9.526129722595217,2025-02-07,0.0
2025-02-07,4,-0.0808954769745468,0.906600208159647,0.5,0.5,0.0,1,2025-02-07,2025-02-07,2025-02-07,9.526129722595217,10.420000076293944,10.4399995803833,10.399999618530272,10.420000076293944,6398400,2025-02-07,9.526129722595217,0.0,0.0038387721695474,0.0133843730901976,10.420000076293944,10.4399995803833,10.399999618530272,6398400,0.0,0.0,-0.08578410241400379,0.004198973037093166,15.671558673363752,-0.5041268512706052,0.0046278448940784145,0.006179983073515638,0.003576343929757364,0.006917963931178273,0.005871327141130785,0.006713648246227831,60.72458422302572,0.054143681766996465,0.04123165314803823,0.012912028618958238,1.6094379124341003,9.526129722595217,2025-02-10,0.0038387721695472
2025-02-10,2,-0.4027074053883553,0.6959921620087548,0.5,0.5,0.0,1,2025-02-10,2025-02-10,2025-02-10,9.562698364257812,10.460000038146973,10.460000038146973,10.380000114440918,10.420000076293944,6433900,2025-02-10,9.562698364257812,0.0038387721695474,0.0133843730901976,-0.0075471705540482,10.420000076293944,10.460000038146973,10.380000114440918,6433900,0.0038387721695472,0.003831422885808511,-0.08227463586939296,0.008365831552845775,15.6770915996562,0.005548262065516285,0.005382545984456977,0.009068103565331054,0.004940329598504434,0.008805430021512572,0.005044548983445856,0.006785029005586571,62.90904104311444,0.05918867125956773,0.04482305677034413,0.014365614489223598,1.0986122886681098,9.562698364257812,2025-02-12,0.013384373090197688
2025-02-12,9,0.6495010970781246,0.3498488900741195,0.8888888888888888,0.0,0.1111111111111111,2,2025-02-11,2025-02-12,2025-02-12,9.690689086914062,10.600000381469728,10.600000381469728,10.460000038146973,10.479999542236328,11945900,2025-02-12,9.690689086914062,0.0133843730901976,-0.0075471705540482,0.0038022817458547,10.479999542236328,10.600000381469728,10.460000038146973,11945900,0.013384373090197688,0.013295593662702831,-0.07531588643121587,0.01444689248278606,16.295898764947232,0.8567121030790035,0.014548280868203145,0.020604698066935212,0.012185847999146127,0.018177991600150323,0.00669870914502972,0.007823002726183203,69.33722718504296,0.07267686972051912,0.05039381936037913,0.022283050360139993,2.302585092994046,9.690689086914062,2025-02-13,-0.007547170554048299
2025-02-13,9,0.2643906203512516,0.6861116665829898,0.6666666666666666,0.3333333333333333,0.0,1,2025-02-13,2025-02-13,2025-02-13,9.617551803588867,10.520000457763672,10.640000343322754,10.5,10.600000381469728,6888700,2025-02-13,9.617551803588867,-0.0075471705540482,0.0038022817458547,0.0,10.600000381469728,10.640000343322754,10.5,6888700,-0.007547170554048299,-0.007575794556833326,-0.09268382476648941,0.01455675479392912,15.745393091107651,-0.42334189973128855,0.0034338341858914934,0.011344008948439344,0.003026552230742885,0.008569346428202396,0.007906575779380162,0.008205074546859694,62.655001438522554,0.07658200694209683,0.05563145687672267,0.020950550065374156,2.302585092994046,9.617551803588867,2025-02-14,0.0038022817458547298
2025-02-14,6,0.2459774039064845,0.854726966187543,0.6666666666666666,0.3333333333333333,0.0,1,2025-02-14,2025-02-14,2025-02-14,9.654120445251465,10.5600004196167,10.5600004196167,10.479999542236328,10.5,5132600,2025-02-14,9.654120445251465,0.0038022817458547,0.0,-0.0018938901889434,10.5,10.5600004196167,10.479999542236328,5132600,0.0038022817458547298,0.0037950713441565753,-0.08055995759509858,0.008286708026283307,15.451123106200846,-0.25492473180716246,0.004566230436465979,0.01207594231478093,0.004549853669214787,0.010126062686430792,0.007565746249367856,0.0067856312722430695,64.49734327476291,0.08168601456237745,0.060842368413853626,0.020843646148523826,1.9459101490553132,9.654120445251465,2025-02-17,0.0
2025-02-17,7,-0.3804294825531542,0.3125614979173088,0.0,0.5714285714285714,0.4285714285714285,1,2025-02-17,2025-02-17,2025-02-17,9.654120445251465,10.5600004196167,10.5600004196167,10.479999542236328,10.5600004196167,3827600,2025-02-17,9.654120445251465,0.0,-0.0018938901889434,-0.0037951655730797,10.5600004196167,10.5600004196167,10.479999542236328,3827600,0.0,0.0,-0.08578408507280301,0.008286708026283307,15.15774879414753,-0.25425710166387405,0.0018975433105754558,0.009946473454163662,0.0030286424861003525,0.00826973495171246,0.007565746249367856,0.006412633743789995,64.4973432747629,0.084753986178697,0.0656246919668223,0.019129294211874703,2.0794415416798357,9.654120445251465,2025-02-18,-0.0018938901889434812
2025-02-18,9,0.1006333815554777,0.586099212254488,0.5555555555555556,0.4444444444444444,0.0,1,2025-02-18,2025-02-18,2025-02-18,9.635836601257324,10.539999961853027,10.539999961853027,10.359999656677246,10.5,12645300,2025-02-18,9.635836601257324,-0.0018938901889434,-0.0037951655730797,-0.0057142368915155,10.5,10.539999961853027,10.359999656677246,12645300,-0.0018938901889434812,-0.001895685866536212,-0.08230127607073102,0.018680298621117555,16.352796241677943,2.303715121747309,-0.0015156862598221243,0.005725261200322906,0.0007523944320315668,0.005197775230431301,0.0077805293415880005,0.006235496068734992,62.70360802248553,0.08473326999048147,0.06944640757155414,0.015286862418927336,2.302585092994046,9.635836601257324,2025-02-19,-0.003795165573079795
2025-02-19,10,-0.0836761391256004,0.7419234297407752,0.4,0.6,0.0,1,2025-02-19,2025-02-19,2025-02-19,9.59926700592041,10.5,10.539999961853027,10.460000038146973,10.5,11660500,2025-02-19,9.59926700592041,-0.0037951655730797,-0.0057142368915155,0.00574707705122,10.5,10.539999961853027,10.460000038146973,11660500,-0.003795165573079795,-0.0038023854869111418,-0.08578409467424665,0.008333961713609405,16.271717705373497,-0.07787873755466457,-0.003416906334925085,0.0007624559670418307,-0.002032481127860142,0.001131165510728227,0.004231056888971,0.006185738219367653,59.15972025034497,0.08083418537180798,0.07172396313160491,0.009110222240203067,2.3978952727983707,9.59926700592041,2025-02-20,-0.005714236891515512
2025-02-20,11,0.1358514917506413,0.8625956379218988,0.5454545454545454,0.4545454545454545,0.0,1,2025-02-20,2025-02-20,2025-02-20,9.544414520263672,10.4399995803833,10.5,10.399999618530272,10.460000038146973,8891800,2025-02-20,9.544414520263672,-0.0057142368915155,0.00574707705122,-0.0019048118629453,10.460000038146973,10.5,10.399999618530272,8891800,-0.005714236891515512,-0.005730625605625761,-0.0875320759602502,0.010477372001961808,16.00064017414868,-0.23744264825693584,-0.0076045634917093485,-0.005903623177306749,-0.0051700662938769515,-0.0037582102756791302,0.0036587182912304595,0.006378525719787217,54.210553237229924,0.07248246283616133,0.0718756630725162,0.0006067997636451383,2.4849066497880004,9.544414520263672,2025-02-21,0.0057470770512200176
2025-02-21,5,0.6226732073351741,0.3154453547307433,1.0,0.0,0.0,1,2025-02-21,2025-02-21,2025-02-21,9.59926700592041,10.5,10.539999961853027,10.420000076293944,10.4399995803833,11116300,2025-02-21,9.59926700592041,0.00574707705122,-0.0019048118629453,-0.0019083475573509,10.4399995803833,10.539999961853027,10.420000076293944,11116300,0.0057470770512200176,0.005730625605625761,-0.08052994331940609,0.012500942570414293,16.223923147563568,0.2501743179108842,-0.0007613644973315514,-0.0009515096334667961,0.00036479877411643713,0.0016090074332519855,0.004395251547747311,0.006172050010501905,57.99491422845126,0.06948877636818729,0.07139828573165041,-0.0019095093634631244,1.791759469228055,9.59926700592041,2025-02-24,-0.0019048118629455546
2025-02-24,6,-0.1591539951817443,0.6963820189757269,0.3333333333333333,0.6666666666666666,0.0,1,2025-02-24,2025-02-24,2025-02-24,9.580982208251951,10.479999542236328,10.539999961853027,10.4399995803833,10.479999542236328,7864000,2025-02-24,9.580982208251951,-0.0019048118629453,-0.0019083475573509,0.0229445541015571,10.479999542236328,10.539999961853027,10.4399995803833,7864000,-0.0019048118629455546,-0.0019066283241064852,-0.0857841005012616,0.010437383067426823,15.877806067970882,-0.29257036963737937,-0.0011437983000057717,-0.0034234346532955318,-0.0010276664191858353,-0.00024454270435136927,0.004355053978626592,0.006228011923198623,56.32383175906613,0.06489278429160272,0.07009718544364088,-0.005204401152038157,1.9459101490553132,9.580982208251951,2025-02-25,-0.001908347557350809
2025-02-25,5,-0.1284483505412935,0.7896439723444961,0.4,0.6,0.0,1,2025-02-25,2025-02-25,2025-02-25,9.562698364257812,10.460000038146973,10.520000457763672,10.4399995803833,10.5,8278900,2025-02-25,9.562698364257812,-0.0019083475573509,0.0229445541015571,-0.0037382208120159,10.5,10.520000457763672,10.4399995803833,8278900,-0.001908347557350809,-0.0019101707724722417,-0.0892668224516369,0.008365931281424476,15.929220788083509,0.05275940996948125,-0.0015273007244970271,-0.005325249107487884,-0.001957950130932584,-0.0017617633113532483,0.004355375533519874,0.0061598816496666285,54.62874766431117,0.05909387662760501,0.06789652368043371,-0.008802647052828697,1.791759469228055,9.562698364257812,2025-02-26,0.022944554101557157
2025-02-26,16,0.3911867277638521,0.5093609725683478,0.75,0.0625,0.1875,1,2025-02-26,2025-02-26,2025-02-26,9.782110214233398,10.699999809265137,10.760000228881836,10.460000038146973,10.460000038146973,12926700,2025-02-26,9.782110214233398,0.0229445541015571,-0.0037382208120159,0.0056284691702916,10.460000038146973,10.760000228881836,10.460000038146973,12926700,0.022944554101557157,0.022685286186437725,-0.06480782231752887,0.030668248891568394,16.374805575115396,0.5614030849508993,0.017497149807770063,0.016530473186845196,0.013864338936956822,0.017232059831952418,0.011466805135141514,0.008688072514682819,67.33376777783894,0.07138007800995894,0.06859323454633875,0.002786843463620181,2.833213344056216,9.782110214233398,2025-02-27,-0.0037382208120161353
2025-02-27,11,0.6182316059288993,0.4822722180684957,0.8181818181818182,0.1818181818181818,0.0,1,2025-02-27,2025-02-27,2025-02-27,9.745542526245115,10.65999984741211,10.720000267028809,10.640000343322754,10.699999809265137,7396500,2025-02-27,9.745542526245115,-0.0037382208120159,0.0056284691702916,-0.0037313436466782,10.699999809265137,10.720000267028809,10.640000343322754,7396500,-0.0037382208120161353,-0.0037452254214023206,-0.08920161682559621,0.008208873286490913,15.816517608513498,-0.4278122026503284,0.009469787185095946,0.011385269873296133,0.006693715299651792,0.010960945242156628,0.011083138197597252,0.008349948107050423,64.11156353307433,0.07727549055820937,0.07032968574871289,0.006945804809496484,2.4849066497880004,9.745542526245115,2025-02-28,0.0056284691702919165
2025-02-28,8,-0.3674519418273121,0.738511750958154,0.25,0.75,0.0,1,2025-02-28,2025-02-28,2025-02-28,9.800395011901855,10.720000267028809,10.739999771118164,10.640000343322754,10.68000030517578,28644300,2025-02-28,9.800395011901855,0.0056284691702916,-0.0037313436466782,-0.007490637435762,10.68000030517578,10.739999771118164,10.640000343322754,28644300,0.0056284691702919165,0.005612688523922049,-0.08236004383329901,0.010203611964004333,17.170465063362652,2.872683025755425,0.010939299111949907,0.015536209556676006,0.00820609782046322,0.013582512911024525,0.011079200404091964,0.008429040311918396,66.6868158541177,0.08538946801383496,0.0733416422017373,0.012047825812097651,2.1972245773362196,9.800395011901855,2025-03-03,-0.0037313436466782646
2025-03-03,6,0.2187697625098129,0.7340296920627218,0.6666666666666666,0.3333333333333333,0.0,1,2025-03-03,2025-03-03,2025-03-03,9.763826370239258,10.68000030517578,10.739999771118164,10.640000343322754,10.68000030517578,7335000,2025-03-03,9.763826370239258,-0.0037313436466782,-0.007490637435762,-0.0018867434328102,10.68000030517578,10.739999771118164,10.640000343322754,7335000,-0.0037313436466782646,-0.003738322475063338,-0.08578407385367978,0.010241827742883113,15.80816810589186,-0.7439281113519967,0.003382197312765012,0.010598052791324974,0.0029583737982878944,0.008004318337665017,0.011357605156285323,0.00858574953757307,63.41954190840197,0.08785631690753526,0.0762445771428969,0.011611739764638362,1.9459101490553132,9.763826370239258,2025-03-04,-0.00749063743576206
2025-03-04,3,-0.3749917652457952,0.2067272043294956,0.0,1.0,0.0,1,2025-03-04,2025-03-04,2025-03-04,9.690689086914062,10.600000381469728,10.68000030517578,10.579999923706056,10.640000343322754,10536900,2025-03-04,9.690689086914062,-0.007490637435762,-0.0018867434328102,-0.0018904085601501,10.640000343322754,10.68000030517578,10.579999923706056,10536900,-0.00749063743576206,-0.007518833151191284,-0.08922097986626869,0.010319222975047225,16.170394035073922,0.43652351738241313,-0.0067466273461223025,0.0024588863246133297,-0.0030408990095475152,0.0003711976596059152,0.012299159690733828,0.008980527901793375,57.3659336484733,0.08295350848882244,0.07758636341208201,0.005367145076740423,1.3862943611198906,9.690689086914062,2025-03-05,-0.0018867434328102561
2025-03-05,4,0.6741354926489294,0.2580926330671386,1.0,0.0,0.0,1,2025-03-05,2025-03-05,2025-03-05,9.672405242919922,10.579999923706056,10.65999984741211,10.5600004196167,10.600000381469728,9949000,2025-03-05,9.672405242919922,-0.0018867434328102,-0.0018904085601501,0.0075758571082968,10.600000381469728,10.65999984741211,10.5600004196167,9949000,-0.0018867434328102561,-0.0018885255751839303,-0.08750897218563987,0.010338630907613023,16.112982702084107,-0.055794398732074924,-0.006386146917842672,-0.00018893613420423172,-0.0032866622439088333,-0.0012409071084320544,0.0048496261187924,0.008896546688062983,55.92866151720111,0.07670839743202329,0.07741077021607028,-0.0007023727840469868,1.6094379124341003,9.672405242919922,2025-03-06,-0.001890408560150103
2025-03-06,9,-0.0419817916635009,0.6698052623263692,0.4444444444444444,0.5555555555555556,0.0,1,2025-03-06,2025-03-06,2025-03-06,9.654120445251465,10.5600004196167,10.68000030517578,10.539999961853027,10.619999885559082,8011300,2025-03-06,9.654120445251465,-0.0018904085601501,0.0075758571082968,-0.0056391467650741,10.619999885559082,10.68000030517578,10.539999961853027,8011300,-0.001890408560150103,-0.0018921976374928207,-0.0909491008207077,0.014501615565777778,15.896363727828057,-0.19476329279324556,-0.006398203831670779,-0.0032093493841731657,-0.0034531904318223505,-0.002561523498548768,0.004777128235289814,0.008664866596928526,54.459182492193655,0.06948271804437312,0.07582515978173085,-0.006342441737357735,2.302585092994046,9.654120445251465,2025-03-07,0.007575857108296891
2025-03-07,12,0.176172675875326,0.7468679121435413,0.5833333333333334,0.4166666666666667,0.0,1,2025-03-07,2025-03-07,2025-03-07,9.727258682250977,10.640000343322754,10.640000343322754,10.539999961853027,10.539999961853027,13601100,2025-03-07,9.727258682250977,0.0075758571082968,-0.0056391467650741,-0.0018904085601501,10.539999961853027,10.640000343322754,10.539999961853027,13601100,0.007575857108296891,0.007547304419552425,-0.07711017860944692,0.010280427892001487,16.425661303311884,0.6977394430367105,0.00263859141907985,0.0030166898857155733,0.002727279760345258,0.004083051070226329,0.005557396549144306,0.008790428467141112,59.089423306867246,0.06886413665464275,0.07443295515631324,-0.005568818501670486,2.5649493574615367,9.727258682250977,2025-03-10,-0.0056391467650741545
2025-03-10,4,-0.6307807557750493,0.3622846243178786,0.0,1.0,0.0,1,2025-03-10,2025-03-10,2025-03-10,9.672405242919922,10.579999923706056,10.640000343322754,10.539999961853027,10.640000343322754,10654600,2025-03-10,9.672405242919922,-0.0056391467650741,-0.0018904085601501,-0.0058593832963271,10.640000343322754,10.640000343322754,10.539999961853027,10654600,-0.0056391467650741545,-0.005655106782059605,-0.09093938620124732,0.010338729505044835,16.181502375605806,-0.21663688966333605,-0.0011329207319688006,-0.0035787943178562376,-0.001953403721803637,-0.0012923788378070844,0.005809967174670405,0.00902082779748027,54.60526119942263,0.06321894369149916,0.07219015286335043,-0.008971209171851263,1.6094379124341003,9.672405242919922,2025-03-11,-0.001890408560150103
2025-03-11,1,-0.7369777709245682,0.0,0.0,1.0,0.0,1,2025-03-11,2025-03-11,2025-03-11,9.654120445251465,10.5600004196167,10.600000381469728,10.4399995803833,10.5600004196167,19060800,2025-03-11,9.654120445251465,-0.0018904085601501,-0.0058593832963271,0.01178783604226,10.5600004196167,10.600000381469728,10.4399995803833,19060800,-0.001890408560150103,-0.0018921976374928207,-0.08578408507280301,0.016573317268392538,16.763144480490926,0.7889737765847615,-0.002267613254308576,-0.006398213584084211,-0.0025633609046665784,-0.0026036053807618753,0.004927393538562889,0.009020189940972026,53.15714250751498,0.05661701157085197,0.06907552460485074,-0.012458513033998767,0.6931471805599453,9.654120445251465,2025-03-12,-0.005859383296327181
2025-03-12,7,-0.2542833865154534,0.7456965026780616,0.4285714285714285,0.5714285714285714,0.0,1,2025-03-12,2025-03-12,2025-03-12,9.597553253173828,10.18000030517578,10.220000267028809,10.100000381469728,10.220000267028809,18772300,2025-03-12,9.597553253173828,-0.0058593832963271,0.01178783604226,0.0019416848336453,10.220000267028809,10.220000267028809,10.100000381469728,18772300,-0.005859383296327181,-0.0058766168342097025,-0.06090479428489685,0.012503174756482579,16.74789299028739,-0.015135776042978222,-0.006576726847838277,-0.010340288566718536,-0.00562090265825721,-0.006922414164745816,0.005449873782094079,0.00487756204639718,48.84175247024493,0.04628686696220363,0.06451779307632133,-0.018230926114117696,2.0794415416798357,9.597553253173828,2025-03-13,0.01178783604226008
2025-03-13,7,0.3555459356201547,0.4407253051532835,0.8571428571428571,0.1428571428571428,0.0,1,2025-03-13,2025-03-13,2025-03-13,9.710687637329102,10.300000190734863,10.31999969482422,10.140000343322754,10.18000030517578,11848700,2025-03-13,9.710687637329102,0.01178783604226,0.0019416848336453,0.0096899040546785,10.18000030517578,10.31999969482422,10.140000343322754,11848700,0.01178783604226008,0.011718900706437108,-0.0461014394673512,0.018536210639659188,16.28772879928351,-0.368820016726773,0.003957917905370811,0.0016856727906000568,0.004058862802287511,0.003910634435817295,0.008045389122406961,0.0064441631464380675,56.4556185276134,0.04669092827593957,0.06095242011624498,-0.01426149184030541,2.0794415416798357,9.710687637329102,2025-03-14,0.0019416848336453185
2025-03-14,9,-0.0491738941830893,0.6757234589261728,0.5555555555555556,0.4444444444444444,0.0,1,2025-03-14,2025-03-14,2025-03-14,9.72954273223877,10.31999969482422,10.399999618530272,10.199999809265137,10.260000228881836,12181600,2025-03-14,9.72954273223877,0.0019416848336453,0.0096899040546785,-0.0057581659607982,10.260000228881836,10.399999618530272,10.199999809265137,12181600,0.0019416848336453185,0.0019398022002419246,-0.051701509240694936,0.020555931020523402,16.31543725659968,0.02809590925586769,0.005859782850590856,0.004364682521294183,0.003997612655357585,0.004789371073690152,0.007287077820938085,0.0061641651479398315,57.5885191090668,0.04797952031481145,0.058357840155958275,-0.010378319841146823,2.302585092994046,9.72954273223877,2025-03-17,0.009689904054678733
2025-03-17,7,0.1677431545353361,0.6270419179530232,0.4285714285714285,0.2857142857142857,0.2857142857142857,1,2025-03-17,2025-03-17,2025-03-17,9.82382106781006,10.420000076293944,10.4399995803833,10.31999969482422,10.34000015258789,12164200,2025-03-17,9.82382106781006,0.0096899040546785,-0.0057581659607982,-0.0173744457467446,10.34000015258789,10.4399995803833,10.31999969482422,12164200,0.009689904054678733,0.009643258022694834,-0.049920607075488406,0.012215194549123724,16.31400785181255,-0.0014283837919485398,0.012436796555304941,0.013469222845279072,0.009109157262422896,0.011853345198664877,0.007506930067334974,0.006855188069996264,62.80009821467684,0.055963104717735135,0.05787889306831365,-0.0019157883505785123,2.0794415416798357,9.82382106781006,2025-03-19,-0.005758165960798478
2025-03-19,7,-0.1693062115061496,0.727975707432209,0.2857142857142857,0.5714285714285714,0.1428571428571428,2,2025-03-18,2025-03-19,2025-03-19,9.767253875732422,10.359999656677246,10.460000038146973,10.34000015258789,10.399999618530272,14737900,2025-03-19,9.767253875732422,-0.0057581659607982,-0.0173744457467446,0.0,10.399999618530272,10.460000038146973,10.34000015258789,14737900,-0.005758165960798478,-0.005774808114686891,-0.060840939039117914,0.012285939025014188,16.505933032957167,0.21157988194866895,0.004265179535217989,0.006838220983126364,0.0021966109723841054,0.004925723403923721,0.008310376843205057,0.006645740814624709,58.180534099900626,0.057067811024742454,0.05771667665959941,-0.0006488656348569571,2.0794415416798357,9.767253875732422,2025-03-20,-0.017374445746744627
2025-03-20,10,0.2576715292409062,0.8226164738601368,0.6,0.3,0.1,1,2025-03-20,2025-03-20,2025-03-20,9.597553253173828,10.18000030517578,10.399999618530272,10.15999984741211,10.359999656677246,9345500,2025-03-20,9.597553253173828,-0.0173744457467446,0.0,-0.00196477182891,10.359999656677246,10.399999618530272,10.15999984741211,9345500,-0.017374445746744627,-0.017527152814686975,-0.07359521513227123,0.02500634951296534,16.050405608991735,-0.36588659171252347,-0.013183371341961347,-0.00989106991905142,-0.010195712434037274,-0.01027876462127042,0.01195438044206999,0.008799102470990541,47.00874288082709,0.04374560463923416,0.05492246225552636,-0.011176857616292203,2.3978952727983707,9.597553253173828,2025-03-21,0.0
2025-03-21,9,0.456038981443271,0.381275271326093,0.8888888888888888,0.0,0.1111111111111111,1,2025-03-21,2025-03-21,2025-03-21,9.597553253173828,10.18000030517578,10.279999732971191,10.18000030517578,10.199999809265137,20309800,2025-03-21,9.597553253173828,0.0,-0.00196477182891,0.0059056205844867,10.199999809265137,10.279999732971191,10.18000030517578,20309800,0.0,0.0,-0.059063388956544706,0.010419262613869112,16.826614135379565,1.1732170563372746,-0.010882202114056994,-0.00931294251262782,-0.006820320966452242,-0.008425644729941562,0.010077667334794285,0.008791984604420905,47.00874288082709,0.032809453144727385,0.05049986043336657,-0.017690407288639187,2.302585092994046,9.597553253173828,2025-03-24,-0.0019647718289100835
2025-03-24,9,0.009632178582251,0.7195920347366859,0.5555555555555556,0.4444444444444444,0.0,1,2025-03-24,2025-03-24,2025-03-24,9.578696250915527,10.15999984741211,10.279999732971191,10.15999984741211,10.18000030517578,7825900,2025-03-24,9.578696250915527,-0.00196477182891,0.0059056205844867,-0.003913867014038,10.18000030517578,10.279999732971191,10.15999984741211,7825900,-0.0019647718289100835,-0.001966704525032892,-0.059067194129113466,0.012527789003395164,15.872949431531923,-0.614673704320082,-0.009746668835682315,-0.009740850013029934,-0.005864943440550996,-0.008503744741399588,0.009814585120765024,0.008316719985728152,45.873559227135075,0.022363084094013885,0.044872505165496034,-0.02250942107148215,2.302585092994046,9.578696250915527,2025-03-25,0.005905620584486737
2025-03-25,6,0.5746779404580593,0.6860616107203082,0.8333333333333334,0.1666666666666666,0.0,1,2025-03-25,2025-03-25,2025-03-25,9.63526439666748,10.220000267028809,10.279999732971191,10.15999984741211,10.199999809265137,10897000,2025-03-25,9.63526439666748,0.0059056205844867,-0.003913867014038,0.01768165469699,10.199999809265137,10.279999732971191,10.15999984741211,10897000,0.005905620584486737,0.005888250760087921,-0.05536621795665924,0.012454238993232612,16.203998171727395,0.3924277079952465,1.9795499017760676e-08,-0.0035101356549089857,4.027334041145636e-06,-0.002167870814332229,0.008661693974410673,0.008479042526249137,49.79058665016354,0.01843631559182768,0.03958526725076236,-0.021148951658934684,1.9459101490553132,9.63526439666748,2025-03-26,-0.003913867014038064
2025-03-26,8,0.3432451033731922,0.7431401720824221,0.625,0.25,0.125,1,2025-03-26,2025-03-26,2025-03-26,9.597553253173828,10.18000030517578,10.300000190734863,10.18000030517578,10.220000267028809,14890200,2025-03-26,9.597553253173828,-0.003913867014038,0.01768165469699,-0.0231660578489447,10.220000267028809,10.300000190734863,10.18000030517578,14890200,-0.003913867014038064,-0.003921546235055029,-0.06090479428489685,0.012503174756482948,16.516213903561695,0.36644948150867207,-0.0003927404402864765,-0.006829235480191764,-0.002609971832489122,-0.004974518240823067,0.008598539139809683,0.008543726449727037,47.33146759781349,0.012141390753392045,0.0340964919512883,-0.021955101197896253,2.1972245773362196,9.597553253173828,2025-03-27,0.017681654696990012
2025-03-27,13,0.4644463604602676,0.3946186989115126,0.7692307692307693,0.0769230769230769,0.1538461538461538,1,2025-03-27,2025-03-27,2025-03-27,9.767253875732422,10.359999656677246,10.399999618530272,10.18000030517578,10.18000030517578,12466300,2025-03-27,9.767253875732422,0.01768165469699,-0.0231660578489447,0.019762909457873,10.18000030517578,10.399999618530272,10.18000030517578,12466300,0.017681654696990012,0.017527152814686975,-0.040544834682716704,0.022524172725877364,16.33853964173567,-0.16278491893997393,0.01369860410454904,0.008959842489804748,0.009967102482638657,0.010301147693921875,0.008717465080979097,0.010033043346764576,57.50304941179047,0.020608477756404397,0.03139888911231152,-0.010790411355907123,2.6390573296152584,9.767253875732422,2025-03-28,-0.023166057848944543
2025-03-28,8,-0.3093056529760361,0.726040619408257,0.375,0.625,0.0,1,2025-03-28,2025-03-28,2025-03-28,9.540985107421877,10.119999885559082,10.420000076293944,10.119999885559082,10.359999656677246,14794700,2025-03-28,9.540985107421877,-0.0231660578489447,0.019762909457873,-0.0058139620364893,10.359999656677246,10.420000076293944,10.119999885559082,14794700,-0.023166057848944543,-0.023438608477459155,-0.07905546104217258,0.031443314013926416,16.509779634081983,0.18677554687437325,-0.008620728951009293,-0.012682981747828226,-0.00899349633978519,-0.010746687609184846,0.014978363538995409,0.012052180644860707,45.01892111653818,0.008957450696881253,0.026910601429225467,-0.017953150732344214,2.1972245773362196,9.540985107421877,2025-04-02,0.019762909457872846
2025-04-02,10,0.1036002172622829,0.6304264257648613,0.6,0.4,0.0,3,2025-03-31,2025-04-02,2025-04-02,9.72954273223877,10.31999969482422,10.34000015258789,10.18000030517578,10.18000030517578,11658100,2025-04-02,9.72954273223877,0.019762909457873,-0.0058139620364893,-0.0019493534854602,10.18000030517578,10.34000015258789,10.18000030517578,11658100,0.019762909457872846,0.019570158569451213,-0.044249269099528955,0.01644474481641905,16.27151186112876,-0.21200835434310938,0.007812504939209042,0.006829275090106446,0.00703627499573245,0.007191626954673014,0.01758643068907744,0.013835471396948828,53.98445379704468,0.014768707821430027,0.024482222707666382,-0.009713514886236355,2.3978952727983707,9.72954273223877,2025-04-03,-0.005813962036489317
2025-04-03,12,-0.2331699303661783,0.7541594323583657,0.4166666666666667,0.5833333333333334,0.0,1,2025-04-03,2025-04-03,2025-04-03,9.672975540161133,10.260000228881836,10.279999732971191,10.199999809265137,10.260000228881836,3435200,2025-04-03,9.672975540161133,-0.0058139620364893,-0.0019493534854602,-0.0234375355005661,10.260000228881836,10.279999732971191,10.199999809265137,3435200,-0.005813962036489317,-0.00583092890889958,-0.05721488066522965,0.008270456528490512,15.049585997210476,-0.7053379195580756,0.0011709619210842348,0.002540548264649445,0.0007872928453025452,0.001092705296485752,0.01792246157893135,0.013504438089089429,51.282740433011,0.014640900128528145,0.022513958191838733,-0.007873058063310588,2.5649493574615367,9.672975540161133,2025-04-04,-0.0019493534854602146
2025-04-04,6,-0.3093220678468546,0.5953183299722404,0.3333333333333333,0.6666666666666666,0.0,1,2025-04-04,2025-04-04,2025-04-04,9.654119491577148,10.239999771118164,10.260000228881836,10.15999984741211,10.199999809265137,11496600,2025-04-04,9.654119491577148,-0.0019493534854602,-0.0234375355005661,-0.0119999174575133,10.199999809265137,10.260000228881836,10.15999984741211,11496600,-0.0019493534854602146,-0.001951255947748809,-0.053517679205458385,0.010358311967960733,16.25756198442808,2.3467047042384723,-0.0019493338055741605,0.001760870864795816,-0.0007760312302507177,-0.0007027464843160081,0.0178114593078938,0.013423339795632563,50.37767612215886,0.01286973181965756,0.020585112917402497,-0.0077153810977449375,1.9459101490553132,9.654119491577148,2025-04-07,-0.023437535500566153
2025-04-07,9,-0.5670642592012882,0.4664580268961806,0.1111111111111111,0.7777777777777778,0.1111111111111111,2,2025-04-05,2025-04-07,2025-04-07,9.427850723266602,10.0,10.140000343322754,9.869999885559082,10.119999885559082,32825100,2025-04-07,9.427850723266602,-0.0234375355005661,-0.0119999174575133,-0.0384615266480458,10.119999885559082,10.140000343322754,9.869999885559082,32825100,-0.023437535500566153,-0.023716562969896327,-0.0683941867707089,0.02863860127710221,17.306704055071478,1.8552006680235897,-0.018453123144858696,-0.01999221947130103,-0.01626140257748443,-0.019824617519883292,0.017851272190875695,0.014346155706757962,41.02185135036215,-0.0067145295048813836,0.015125184432945723,-0.021839713937827104,2.302585092994046,9.427850723266602,2025-04-08,-0.011999917457513387
2025-04-08,5,0.4020179307088256,0.7510990675438117,0.8,0.2,0.0,1,2025-04-08,2025-04-08,2025-04-08,9.314717292785645,9.880000114440918,10.020000457763672,9.880000114440918,10.0,23089300,2025-04-08,9.314717292785645,-0.0119999174575133,-0.0384615266480458,0.0515789336942826,10.0,10.020000457763672,9.880000114440918,23089300,-0.011999917457513387,-0.012072497689245676,-0.06852827072143555,0.01503001528894342,16.95487990802706,-0.29659620229641337,-0.02564099750404525,-0.02889716250772867,-0.01888748962065312,-0.025992893384192528,0.01590301988642436,0.014686952928547126,37.292631355793084,-0.031006694176378247,0.005898808711080929,-0.036905502887459175,1.791759469228055,9.314717292785645,2025-04-09,-0.03846152664804581
2025-04-09,13,-0.3106890294271019,0.6687232099538194,0.2307692307692307,0.6153846153846154,0.1538461538461538,1,2025-04-09,2025-04-09,2025-04-09,8.956459045410156,9.5,9.880000114440918,9.31999969482422,9.869999885559082,33584300,2025-04-09,8.956459045410156,-0.0384615266480458,0.0515789336942826,-0.017017025125626,9.869999885559082,9.880000114440918,9.31999969482422,33584300,-0.03846152664804581,-0.03922070086724938,-0.09255733036892316,0.06252475635487624,17.329569283603625,0.4545395486220891,-0.04771447795977901,-0.06015034847587741,-0.038474559255902596,-0.05252345109414114,0.014802543412213202,0.018477222844411945,28.467176997301536,-0.0782646697731586,-0.010933886985766979,-0.06733078278739163,2.6390573296152584,8.956459045410156,2025-04-10,0.05157893369428268
2025-04-10,12,0.2367451972483346,0.6620852993428756,0.6666666666666666,0.3333333333333333,0.0,1,2025-04-10,2025-04-10,2025-04-10,9.418423652648926,9.989999771118164,10.079999923706056,9.880000114440918,9.979999542236328,15033600,2025-04-10,9.418423652648926,0.0515789336942826,-0.017017025125626,0.0071283372651931,9.979999542236328,10.079999923706056,9.880000114440918,15033600,0.05157893369428268,0.050292781050532476,-0.05627013179817881,0.021234955725195976,16.52579832052434,-0.5523622645105004,0.006853480782160526,-0.009419912826956645,0.0073858883574218215,-0.002991313387451733,0.0343474553353487,0.026006214962485178,46.16058731920524,-0.07754636666015813,-0.02425638292064521,-0.05328998373951292,2.5649493574615367,9.418423652648926,2025-04-11,-0.017017025125626084
2025-04-11,6,-0.3711226050121088,0.7446456188221106,0.3333333333333333,0.6666666666666666,0.0,1,2025-04-11,2025-04-11,2025-04-11,9.258150100708008,9.81999969482422,9.899999618530272,9.720000267028809,9.850000381469728,10373900,2025-04-11,9.258150100708008,-0.017017025125626,0.0071283372651931,0.0050556020077578,9.850000381469728,9.899999618530272,9.720000267028809,10373900,-0.017017025125626084,-0.0171634785430701,-0.06008632059295514,0.019442258933315176,16.154803690759458,-0.30995237335036185,-0.0018296326039658473,-0.022788322482951928,-0.006525772010618436,-0.01638827757266703,0.034688217145847224,0.026441392124115195,42.25552863215605,-0.08888522885853511,-0.03718215210822319,-0.051703076750311924,1.9459101490553132,9.258150100708008,2025-04-14,0.00712833726519313
2025-04-14,8,0.2070862131658941,0.7335831926388396,0.625,0.25,0.125,1,2025-04-14,2025-04-14,2025-04-14,9.324145317077637,9.890000343322754,9.979999542236328,9.850000381469728,9.899999618530272,10707000,2025-04-14,9.324145317077637,0.0071283372651931,0.0050556020077578,-0.0100603429256224,9.899999618530272,9.979999542236328,9.850000381469728,10707000,0.00712833726519313,0.007103050765131513,-0.05816710339814385,0.013942206641556716,16.186408384537245,0.03210942846952447,0.007538726773071547,-0.011197723156863848,0.00037062953798727705,-0.007684997643142788,0.03394362607542425,0.02571226262010533,44.34342062679664,-0.09149144005730925,-0.0480440096980404,-0.043447430359268846,2.1972245773362196,9.324145317077637,2025-04-15,0.005055602007757676
2025-04-15,8,0.6638844733824955,0.4991801417132713,0.875,0.125,0.0,1,2025-04-15,2025-04-15,2025-04-15,9.37128448486328,9.9399995803833,9.960000038146973,9.899999618530272,9.899999618530272,6780200,2025-04-15,9.37128448486328,0.0050556020077578,-0.0100603429256224,0.0030487334757041,9.899999618530272,9.960000038146973,9.899999618530272,6780200,0.005055602007757676,0.005042865361499782,-0.053405571115111204,0.006402582240845969,15.729517305494843,-0.36675072382553475,0.011396014328356241,-0.004407030783197485,0.0036122010648711456,-0.0021841715587773702,0.03351082245172185,0.024953634167211407,45.849521482798416,-0.08873031647165419,-0.05618127105276316,-0.03254904541889103,2.1972245773362196,9.37128448486328,2025-04-16,-0.01006034292562219
2025-04-16,12,-0.2277793674341713,0.6681019121639675,0.25,0.75,0.0,1,2025-04-16,2025-04-16,2025-04-16,9.277006149291992,9.84000015258789,9.960000038146973,9.8100004196167,9.9399995803833,6038900,2025-04-16,9.277006149291992,-0.0100603429256224,0.0030487334757041,0.0151976422173216,9.9399995803833,9.960000038146973,9.8100004196167,6038900,-0.01006034292562219,-0.010111290161300523,-0.06669954316695681,0.01616896831977644,15.61373259971304,-0.10933305802188731,-0.005658833055654622,-0.009661799108266145,-0.004332352247948701,-0.010022533671128708,0.02673192424137076,0.023887384950578815,43.32438624684937,-0.09307665021539968,-0.06356034688529047,-0.02951630333010921,2.5649493574615367,9.277006149291992,2025-04-17,0.003048733475704113
2025-04-17,7,0.2124074992191578,0.715682524258509,0.7142857142857143,0.2857142857142857,0.0,1,2025-04-17,2025-04-17,2025-04-17,9.305289268493652,9.869999885559082,9.890000343322754,9.8100004196167,9.84000015258789,5321100,2025-04-17,9.305289268493652,0.0030487334757041,0.0151976422173216,-0.0039920889122112,9.84000015258789,9.890000343322754,9.8100004196167,5321100,0.003048733475704113,0.0030440955120201174,-0.05434053615879375,0.008597252744943967,15.487190794792836,-0.11886270678434818,-0.00020261739789750877,-0.0027281085635900704,-0.000864925192483601,-0.005738144552830837,0.010587697603564627,0.02399728096036743,44.31518779074038,-0.09316499164281211,-0.0694812758367948,-0.023683715806017316,2.0794415416798357,9.305289268493652,2025-04-18,0.015197642217321672
2025-04-18,7,0.4907425386565072,0.3914279334119815,0.8571428571428571,0.1428571428571428,0.0,1,2025-04-18,2025-04-18,2025-04-18,9.446707725524902,10.020000457763672,10.0600004196167,9.869999885559082,9.869999885559082,5759800,2025-04-18,9.446707725524902,0.0151976422173216,-0.0039920889122112,-0.0030059658138664,9.869999885559082,10.0600004196167,9.869999885559082,5759800,0.015197642217321672,0.01508331493437609,-0.0428867441684071,0.020112883723949433,15.566413483464146,0.08244535904230332,0.010895919977660817,0.014683598275605947,0.009501031233235091,0.0076551935599808996,0.009149573162106147,0.024730641117030945,49.106114479486166,-0.08089125126985586,-0.07176327092340701,-0.00912798034644885,2.0794415416798357,9.446707725524902,2025-04-21,-0.003992088912211256
2025-04-21,8,-0.2098518882412463,0.6019376074870783,0.375,0.5,0.125,1,2025-04-21,2025-04-21,2025-04-21,9.408995628356934,9.979999542236328,10.039999961853027,9.970000267028809,10.039999961853027,3345700,2025-04-21,9.408995628356934,-0.0039920889122112,-0.0030059658138664,0.0,10.039999961853027,10.039999961853027,9.970000267028809,3345700,-0.003992088912211256,-0.0040000785698572905,-0.06284903743960102,0.007439656429773748,15.02318679610566,-0.41912913642834826,0.005035216710373991,0.010837611135512848,0.0036407027951783633,0.0029701201566412205,0.009563716201905935,0.023586748626369676,47.92204448203869,-0.0733616077173238,-0.07208293828219037,-0.0012786694351334393,2.1972245773362196,9.408995628356934,2025-04-22,-0.0030059658138666956
2025-04-22,3,-0.375076487660408,0.1057048544002667,0.0,1.0,0.0,1,2025-04-22,2025-04-22,2025-04-22,9.380712509155272,9.949999809265137,9.970000267028809,9.899999618530272,9.970000267028809,6512000,2025-04-22,9.380712509155272,-0.0030059658138664,0.0,0.0,9.970000267028809,9.970000267028809,9.899999618530272,6512000,-0.0030059658138666956,-0.003010492803363629,-0.059106092486510275,0.007462188872137225,15.689157340227155,0.9463789341542876,0.0018123366199607194,0.007085037393204319,0.0004157756494460596,-3.663335566717052e-05,0.009567705453039838,0.023245311701075088,47.006600131353,-0.06888248785929107,-0.07144284819761051,0.0025603603383194395,1.3862943611198906,9.380712509155272,2025-04-23,0.0
2025-04-23,5,0.4993487134575843,0.3548894596615121,1.0,0.0,0.0,1,2025-04-23,2025-04-23,2025-04-23,9.380712509155272,9.949999809265137,10.0,9.90999984741211,9.989999771118164,7732300,2025-04-23,9.380712509155272,0.0,0.0,-0.0080402464725372,9.989999771118164,10.0,9.90999984741211,7732300,0.0,0.0,-0.060989717309542626,0.00959417021895228,15.86091704767835,0.18739250614250613,-0.00040183553741968137,0.0025189072451263783,0.00027714535620071423,-2.9972945183920352e-05,0.007744849324125601,0.018746907571724106,47.006600131353004,-0.06458822030260691,-0.0700719226186098,0.005483702316002884,1.791759469228055,9.380712509155272,2025-04-24,0.0
2025-04-24,5,0.0800298804417252,0.6866761698799052,0.4,0.4,0.2,1,2025-04-24,2025-04-24,2025-04-24,9.380712509155272,9.949999809265137,9.989999771118164,9.93000030517578,9.949999809265137,9293800,2025-04-24,9.380712509155272,0.0,-0.0080402464725372,0.0121580727789225,9.949999809265137,9.989999771118164,9.93000030517578,9293800,0.0,0.0,-0.05721480512791187,0.006396045703759395,16.04485817673439,0.20194508749013873,-0.0020060141871049986,0.0029231051739744274,0.00018474650358846212,-2.4523452430424975e-05,0.0077861140230146226,0.00901276240652102,47.006600131353004,-0.06048771756956128,-0.0681550816088001,0.0076673640392388165,1.791759469228055,9.380712509155272,2025-04-25,-0.008040246472536983
2025-04-25,3,0.8480214506077269,0.1160053804337144,1.0,0.0,0.0,1,2025-04-25,2025-04-25,2025-04-25,9.305289268493652,9.869999885559082,9.970000267028809,9.869999885559082,9.960000038146973,9179100,2025-04-25,9.305289268493652,-0.0080402464725372,0.0121580727789225,-0.0040039761306602,9.960000038146973,9.970000267028809,9.869999885559082,9179100,-0.008040246472536983,-0.008072743561155171,-0.06573401276563923,0.010746617174848419,16.032439827517965,-0.012341561040693838,-0.007042280754172459,-0.005641780923526851,-0.005251744544276682,-0.006607975978118685,0.0033312185123549306,0.007487926613182881,44.19470703758168,-0.06260242303013008,-0.0670445498930661,0.004442126862936019,1.3862943611198906,9.305289268493652,2025-04-28,0.012158072778922557
2025-04-28,7,0.4763828579868589,0.6083659241344997,0.8571428571428571,0.1428571428571428,0.0,2,2025-04-26,2025-04-28,2025-04-28,9.418423652648926,9.989999771118164,9.989999771118164,9.899999618530272,9.90999984741211,10079900,2025-04-28,9.418423652648926,0.0121580727789225,-0.0040039761306602,0.0040200724046117,9.90999984741211,9.989999771118164,9.899999618530272,10079900,0.012158072778922557,0.01208475706571921,-0.0496040567439114,0.009555755390402291,16.126053999130693,0.0981359828305608,0.0048279890895046584,0.005434770159523872,0.004551270772763072,0.004470809132401277,0.007437285808006341,0.008122217427396283,49.11203484914989,-0.05452086050360094,-0.06453981201517307,0.01001895151157213,2.0794415416798357,9.418423652648926,2025-04-29,-0.004003976130660503
2025-04-29,12,0.1328660534151519,0.7800371920445005,0.5833333333333334,0.4166666666666667,0.0,1,2025-04-29,2025-04-29,2025-04-29,9.380712509155272,9.949999809265137,10.0,9.949999809265137,9.989999771118164,6401100,2025-04-29,9.380712509155272,-0.0040039761306602,0.0040200724046117,0.0,9.989999771118164,10.0,9.949999809265137,6401100,-0.004003976130660503,-0.004012013504564038,-0.060989717309542626,0.005330105862008319,15.671980564784223,-0.36496393813430694,0.0008046818057707572,0.0013082557025301256,0.0003526521156527185,0.00036727801204650135,0.007558001215915426,0.008129321791657098,47.60620097553577,-0.05057612797087252,-0.061747075206312965,0.011170947235440445,2.5649493574615367,9.380712509155272,2025-04-30,0.004020072404611996
2025-04-30,6,0.844763815208959,0.1031482216901592,1.0,0.0,0.0,1,2025-04-30,2025-04-30,2025-04-30,9.418423652648926,9.989999771118164,10.0,9.9399995803833,9.989999771118164,13948400,2025-04-30,9.418423652648926,0.0040200724046117,0.0,0.001000918090473,9.989999771118164,10.0,9.9399995803833,13948400,0.004020072404611996,0.004012013504564038,-0.057214827984451766,0.006370537345686732,16.45087543600594,1.1790629735514209,0.004020092819013721,0.0038183165966465538,0.0029118491907200728,0.0035879952661317382,0.0077659391069254706,0.007350218980138374,49.28093205940797,-0.04390086308139729,-0.05817783278132983,0.014276969699932543,1.9459101490553132,9.418423652648926,2025-05-02,0.0
2025-05-02,7,0.6453722625571702,0.4248663165234448,0.7142857142857143,0.0,0.2857142857142857,2,2025-05-01,2025-05-02,2025-05-02,9.418423652648926,9.989999771118164,10.039999961853027,9.960000038146973,9.989999771118164,18469500,2025-05-02,9.418423652648926,0.0,0.001000918090473,-0.0039999724858378,9.989999771118164,10.039999961853027,9.960000038146973,18469500,0.0,0.0,-0.057214827984451766,0.008493982290078314,16.73163133502649,0.32413036620687685,0.0032134946254778196,0.0026093806946638765,0.0019393504284881402,0.0029337186416353855,0.0077659391069254706,0.007343829535998375,49.28093205940797,-0.03817065995623814,-0.0541763982163115,0.016005738260073357,2.0794415416798357,9.418423652648926,2025-05-05,0.0010009180904730908
2025-05-05,3,-0.3675483309974273,0.6118967658018446,0.3333333333333333,0.6666666666666666,0.0,1,2025-05-05,2025-05-05,2025-05-05,9.427850723266602,10.0,10.0600004196167,9.989999771118164,10.020000457763672,6860500,2025-05-05,9.427850723266602,0.001000918090473,-0.0039999724858378,0.0040160365214256,10.020000457763672,10.0600004196167,9.989999771118164,6860500,0.0010009180904730908,0.0010004175059625808,-0.05909677719009108,0.007424878750549525,15.741291029105327,-0.6285497712444841,0.0016024921739119513,0.003814412682566548,0.00195955129634795,0.003219345952472308,0.00604766056975084,0.005480109373901833,49.746632645998794,-0.03249417426809309,-0.04983995342666782,0.01734577915857473,1.3862943611198906,9.427850723266602,2025-05-06,-0.003999972485837833
2025-05-06,8,0.487917123013176,0.48074910364826,0.75,0.0,0.25,1,2025-05-06,2025-05-06,2025-05-06,9.39013957977295,9.960000038146973,10.020000457763672,9.949999809265137,10.0,5588400,2025-05-06,9.39013957977295,-0.0039999724858378,0.0040160365214256,-0.0119999174575133,10.0,10.020000457763672,9.949999809265137,5588400,-0.003999972485837833,-0.004007993772878304,-0.06098604202270508,0.007454697334778888,15.536203757700548,-0.18542380292981564,-0.001804001832996005,-5.0780622595780756e-08,-0.001366439167769462,-0.0006493240854249516,0.003442920855672386,0.0054807182293086934,47.85372722418104,-0.030684777562992593,-0.04600891825393277,0.01532414069094018,2.1972245773362196,9.39013957977295,2025-05-07,0.004016036521425681
2025-05-07,9,0.3955453921161178,0.5265036193991551,0.6666666666666666,0.2222222222222222,0.1111111111111111,1,2025-05-07,2025-05-07,2025-05-07,9.427850723266602,10.0,10.020000457763672,9.960000038146973,9.979999542236328,16094000,2025-05-07,9.427850723266602,0.0040160365214256,-0.0119999174575133,0.0010121642982439,9.979999542236328,10.020000457763672,9.960000038146973,16094000,0.004016036521425681,0.004007993772878304,-0.05532553550057583,0.006364167335469862,16.59395715182317,1.8798940662801518,0.001201403036517723,0.0035122254878869885,0.0017611875317000703,0.002750766800513116,0.003324784381055702,0.005529055458346344,49.90645644291933,-0.02590917863998321,-0.041988970331142864,0.016079791691159653,2.302585092994046,9.427850723266602,2025-05-08,-0.011999917457513387
2025-05-08,7,-0.3155615031719208,0.6235023627796649,0.2857142857142857,0.7142857142857143,0.0,1,2025-05-08,2025-05-08,2025-05-08,9.314717292785645,9.880000114440918,10.0600004196167,9.880000114440918,10.0,12018800,2025-05-08,9.314717292785645,-0.0119999174575133,0.0010121642982439,0.031344752904115,10.0,10.0600004196167,9.880000114440918,12018800,-0.011999917457513387,-0.012072497689245676,-0.06852827072143555,0.019324290745269698,16.30198273167996,-0.2532123772834597,-0.008629295289036998,-0.007832879341261645,-0.00686338180859658,-0.007607332876383599,0.006184723347508779,0.006807629638895408,44.27555019207669,-0.03089724027838514,-0.03977062432059132,0.008873384042206181,2.0794415416798357,9.314717292785645,2025-05-09,0.0010121642982439116
2025-05-09,8,0.5590290744439699,0.4390760316219435,0.875,0.125,0.0,1,2025-05-09,2025-05-09,2025-05-09,9.324145317077637,9.890000343322754,9.9399995803833,9.890000343322754,9.93000030517578,8175900,2025-05-09,9.324145317077637,0.0010121642982439,0.031344752904115,0.0,9.93000030517578,9.9399995803833,9.890000343322754,8175900,0.0010121642982439116,0.0010116524053445097,-0.061012585043160074,0.005362339963639432,15.916701482741745,-0.319740739508104,-0.005630344873879145,-0.006229865369828058,-0.003913084083521645,-0.005408840342037924,0.006290258476548472,0.006826442752270679,44.83415702207663,-0.03370106737032508,-0.03855671293053808,0.004855645560213,2.1972245773362196,9.324145317077637,2025-05-13,0.03134475290411509
2025-05-13,10,0.2138023294508457,0.6137819000296583,0.5,0.4,0.1,2,2025-05-12,2025-05-13,2025-05-13,9.616408348083496,10.199999809265137,10.239999771118164,9.979999542236328,9.979999542236328,33513000,2025-05-13,9.616408348083496,0.031344752904115,0.0,-0.0098039030954918,9.979999542236328,10.239999771118164,9.979999542236328,33513000,0.03134475290411509,0.030863536049887674,-0.036431985053113354,0.027037145207509074,17.327444011060262,3.09899827541922,0.02143001042222692,0.02153229839694193,0.018041775080841926,0.020983276209624924,0.016406035580254958,0.011681466299117928,58.66661358078385,-0.012199310426275645,-0.03328523242968559,0.021085922003409946,2.3978952727983707,9.616408348083496,2025-05-14,0.0
2025-05-14,14,0.3843602152940418,0.5858870148104267,0.7142857142857143,0.2857142857142857,0.0,1,2025-05-14,2025-05-14,2025-05-14,9.616408348083496,10.199999809265137,10.279999732971191,10.119999885559082,10.220000267028809,16646600,2025-05-14,9.616408348083496,0.0,-0.0098039030954918,0.0039604686260756,10.220000267028809,10.279999732971191,10.119999885559082,16646600,0.0,0.0,-0.059059873109063105,0.01663821269029165,16.62771660940633,-0.5032793244412617,0.0165437523509413,0.019388368899452946,0.011955947879719764,0.017102885160003245,0.01600652679493457,0.011289550030967361,58.66661358078385,0.00478581892221186,-0.0256710221593061,0.03045684108151796,2.70805020110221,9.616408348083496,2025-05-15,-0.009803903095491617
2025-05-15,8,0.2510340965236537,0.6657644913175073,0.75,0.25,0.0,1,2025-05-15,2025-05-15,2025-05-15,9.522130012512209,10.100000381469728,10.220000267028809,10.079999923706056,10.199999809265137,10899600,2025-05-15,9.522130012512209,-0.0098039030954918,0.0039604686260756,0.0,10.199999809265137,10.220000267028809,10.079999923706056,10899600,-0.009803903095491617,-0.009852277786973396,-0.06645782445379922,0.014702628838168537,16.204236741024786,-0.34523566373914194,0.004575296797966644,0.007883468306939756,0.0013556337252196293,0.005827150266033421,0.01733031286720953,0.01177859835600631,53.63523884751898,0.010517938293007845,-0.01843323006884331,0.028951168361851156,2.1972245773362196,9.522130012512209,2025-05-16,0.003960468626075464
2025-05-16,10,0.0143895824905484,0.659813229816613,0.6,0.4,0.0,1,2025-05-16,2025-05-16,2025-05-16,9.559842109680176,10.140000343322754,10.18000030517578,10.079999923706056,10.100000381469728,6301900,2025-05-16,9.559842109680176,0.0039604686260756,0.0,-0.0098620132177852,10.100000381469728,10.18000030517578,10.079999923706056,6301900,0.003960468626075464,0.003952646615954958,-0.053481014988927156,0.010460463710845589,15.65636189187733,-0.42182281918602516,0.0033643996422800804,0.010362783603407255,0.0035413657719867153,0.008012641367798778,0.015449327537991544,0.011777229601657654,55.287130825578004,0.017897424887024727,-0.011167099077669704,0.02906452396469443,2.3978952727983707,9.559842109680176,2025-05-19,0.0
2025-05-19,8,0.4153826043766457,0.8184552517097929,0.75,0.25,0.0,2,2025-05-18,2025-05-19,2025-05-19,9.559842109680176,10.140000343322754,10.15999984741211,10.079999923706056,10.140000343322754,7294200,2025-05-19,9.559842109680176,0.0,-0.0098620132177852,-0.0039841368002496,10.140000343322754,10.15999984741211,10.079999923706056,7294200,0.0,0.0,-0.05721481400388862,0.008368331065326487,15.802590206867157,0.1574604484361859,-0.0015753725548722786,0.008854922171537716,0.0023581268514185627,0.006546260603014886,0.015526041944764646,0.011777229601657654,55.287130825578004,0.02347511466994945,-0.004238656328145873,0.02771377099809532,2.1972245773362196,9.559842109680176,2025-05-20,-0.009862013217785237
2025-05-20,6,0.2903581915112833,0.4307206808936324,0.8333333333333334,0.1666666666666666,0.0,1,2025-05-20,2025-05-20,2025-05-20,9.46556282043457,10.039999961853027,10.18000030517578,10.0,10.140000343322754,8251600,2025-05-20,9.46556282043457,-0.0098620132177852,-0.0039841368002496,-0.0179999267637741,10.140000343322754,10.18000030517578,10.0,8251600,-0.009862013217785237,-0.009910964977977166,-0.06651257396971436,0.019016334114564097,15.9259178000896,0.13125496970195494,-0.008297147740810362,-0.0014918023505142708,-0.005030717137525231,-0.0027674106120414432,0.006319195260090549,0.012322187881825208,50.110714537026915,0.020056721885753248,0.0006204193146339518,0.019436302571119297,1.9459101490553132,9.46556282043457,2025-05-21,-0.003984136800249671
2025-05-21,9,-0.0438429096765402,0.7233845957415506,0.5555555555555556,0.4444444444444444,0.0,1,2025-05-21,2025-05-21,2025-05-21,9.427850723266602,10.0,10.0600004196167,9.979999542236328,10.039999961853027,9415900,2025-05-21,9.427850723266602,-0.0039841368002496,-0.0179999267637741,0.0061099886545705,10.039999961853027,10.0600004196167,9.979999542236328,9415900,-0.003984136800249671,-0.003992094616990904,-0.06097103993150263,0.008485590165629187,16.057910413848287,0.1410999078966504,-0.008330120160783161,-0.005865471532590538,-0.0060145738998999,-0.005521739439742657,0.006070389833797669,0.012321551065121497,48.16798351133561,0.014141554866096584,0.0033246464249264782,0.010816908441170106,2.302585092994046,9.427850723266602,2025-05-22,-0.017999926763774154
2025-05-22,14,-0.3222825646932636,0.7657461365534862,0.3571428571428571,0.6428571428571429,0.0,1,2025-05-22,2025-05-22,2025-05-22,9.258150100708008,9.81999969482422,10.020000457763672,9.81999969482422,10.0,11412000,2025-05-22,9.258150100708008,-0.0179999267637741,0.0061099886545705,0.0040485548093724,10.0,10.020000457763672,9.81999969482422,11412000,-0.017999926763774154,-0.01816389604903268,-0.07418498992919922,0.021602670162385516,16.250176078942584,0.21199248080374677,-0.020741939435471868,-0.02200977041844787,-0.016065514524725155,-0.019245639181849183,0.008621106331950831,0.013525310744255066,40.54969955613309,-0.004191364169546574,0.0018214443060318676,-0.006012808475578442,2.70805020110221,9.258150100708008,2025-05-23,0.006109988654570575
2025-05-23,11,0.6218138411641121,0.3165467517881884,0.9090909090909092,0.0909090909090909,0.0,1,2025-05-23,2025-05-23,2025-05-23,9.314717292785645,9.880000114440918,9.890000343322754,9.859999656677246,9.880000114440918,10907900,2025-05-23,9.314717292785645,0.0061099886545705,0.0040485548093724,-0.0070563771906889,9.880000114440918,9.890000343322754,9.859999656677246,10907900,0.006109988654570575,0.006091398359787004,-0.05721485982869963,0.0032207833799468813,16.20499794699884,-0.044172800560813186,-0.00962308933049183,-0.016034261211423817,-0.0067249943147768,-0.010869753582747665,0.00924652271387047,0.013206569830556897,43.7437052379081,-0.013994514881655817,-0.0013417475315056697,-0.012652767350150147,2.4849066497880004,9.314717292785645,2025-05-26,0.0040485548093724955
2025-05-26,10,0.0514716854318976,0.5968544704175641,0.5,0.4,0.1,1,2025-05-26,2025-05-26,2025-05-26,9.352428436279297,9.920000076293944,9.9399995803833,9.850000381469728,9.899999618530272,7002100,2025-05-26,9.352428436279297,0.0040485548093724,-0.0070563771906889,-0.0010152469845542,9.899999618530272,9.9399995803833,9.850000381469728,7002100,0.0040485548093724955,0.004040381464081033,-0.05531022256062125,0.00962308340841762,15.761720804842874,-0.35807075605753624,-0.001208217672691414,-0.012345703879473535,-0.001804069876457426,-0.005624006365298473,0.009959705710673268,0.013265216161189695,45.833029931445566,-0.018507268068212568,-0.00477485163884705,-0.013732416429365518,2.3978952727983707,9.352428436279297,2025-05-27,-0.007056377190688967
2025-05-27,10,0.310077903768979,0.6546363392873548,0.5,0.5,0.0,1,2025-05-27,2025-05-27,2025-05-27,9.286434173583984,9.850000381469728,9.9399995803833,9.850000381469728,9.920000076293944,10954400,2025-05-27,9.286434173583984,-0.0070563771906889,-0.0010152469845542,0.0030487334757041,9.920000076293944,9.9399995803833,9.850000381469728,10954400,-0.007056377190688967,-0.007081391161683825,-0.06386753002391668,0.00969147007681188,16.209251851287675,0.5644449522286172,-0.004447078114173886,-0.015885660428397674,-0.005915925390706067,-0.010366214399295526,0.009644696948909926,0.007694288033587406,42.83487881938189,-0.02709649145709747,-0.009239179602497136,-0.017857311854600336,2.3978952727983707,9.286434173583984,2025-05-28,-0.0010152469845542411
2025-05-28,12,-0.2101424656963597,0.7762073196454667,0.3333333333333333,0.5833333333333334,0.0833333333333333,1,2025-05-28,2025-05-28,2025-05-28,9.277006149291992,9.84000015258789,9.890000343322754,9.81999969482422,9.869999885559082,8025100,2025-05-28,9.277006149291992,-0.0010152469845542,0.0030487334757041,-0.0091185033405235,9.869999885559082,9.890000343322754,9.81999969482422,8025100,-0.0010152469845542411,-0.0010157626968534395,-0.06008041977130175,0.007545607642383176,15.898084812570938,-0.2674085299057912,-0.0022307641543198864,-0.013335987794132476,-0.004627459475291307,-0.00932276829705092,0.009719806389806252,0.007650151264673098,42.40808044187138,-0.03426924116162766,-0.014245191914323243,-0.02002404924730442,2.5649493574615367,9.277006149291992,2025-05-29,0.003048733475704113
2025-05-29,5,0.0177474867552518,0.6841614071672475,0.4,0.6,0.0,1,2025-05-29,2025-05-29,2025-05-29,9.305289268493652,9.869999885559082,9.890000343322754,9.81999969482422,9.850000381469728,8959200,2025-05-29,9.305289268493652,0.0030487334757041,-0.0091185033405235,-0.0020450272130733,9.850000381469728,9.890000343322754,9.81999969482422,8959200,0.003048733475704113,0.0030440955120201174,-0.05530061846503189,0.007522673017328471,16.008191606867722,0.11639730346039312,-0.00020261739789750877,-0.00804022630335377,-0.0010624533640396505,-0.005162471784714073,0.005209744063842468,0.0075638026713916425,44.204130999219,-0.03724218095209331,-0.018844589721877258,-0.01839759123021605,1.791759469228055,9.305289268493652,2025-05-30,-0.009118503340523554
2025-05-30,7,-0.382991278011884,0.6622710055891814,0.2857142857142857,0.7142857142857143,0.0,1,2025-05-30,2025-05-30,2025-05-30,9.220438957214355,9.779999732971191,9.899999618530272,9.779999732971191,9.890000343322754,29844200,2025-05-30,9.220438957214355,-0.0091185033405235,-0.0020450272130733,-0.0040983321965487,9.890000343322754,9.899999618530272,9.779999732971191,29844200,-0.009118503340523554,-0.009160331358886609,-0.06770084558798359,0.013014552356554418,17.21150110757298,2.3311233145816592,-0.007308150899766219,-0.01351622206218095,-0.00680391395908464,-0.01167613672109602,0.005900906281477446,0.007496270425036922,40.158000348904096,-0.0459156807651695,-0.024258807930535704,-0.021656872834633793,2.0794415416798357,9.220438957214355,2025-06-03,-0.0020450272130730918
2025-06-03,6,0.4039112203754485,0.7380321975443971,0.6666666666666666,0.3333333333333333,0.0,3,2025-06-01,2025-06-03,2025-06-03,9.201582908630373,9.760000228881836,9.84000015258789,9.699999809265137,9.800000190734863,10002900,2025-06-03,9.201582908630373,-0.0020450272130733,-0.0040983321965487,-0.0020576508562375,9.800000190734863,9.84000015258789,9.699999809265137,10002900,-0.0020450272130730918,-0.002047121136464547,-0.06106298678139285,0.015214810833410457,16.118385708887452,-0.6648293470758138,-0.006110009130525951,-0.011745656506092494,-0.0059074153800650064,-0.011234849740885844,0.0048746065015382286,0.007415122153388836,39.29716479662097,-0.0536920884172698,-0.030145464027882526,-0.023546624389387275,1.9459101490553132,9.201582908630373,2025-06-04,-0.00409833219654876
2025-06-04,7,0.6139278068273727,0.4600713551788459,0.8571428571428571,0.1428571428571428,0.0,1,2025-06-04,2025-06-04,2025-06-04,9.16387176513672,9.720000267028809,9.779999732971191,9.710000038146973,9.760000228881836,8806600,2025-06-04,9.16387176513672,-0.0040983321965487,-0.0020576508562375,0.0,9.760000228881836,9.779999732971191,9.710000038146973,8806600,-0.00409833219654876,-0.004106753376349026,-0.061078734607100664,0.007638659359085258,15.991012111890175,-0.11959531735796614,-0.0075556401554980335,-0.012596489785852039,-0.006676572168076267,-0.012542519870743951,0.0044568228824530725,0.007108133274036264,37.562917109331956,-0.06218113619071808,-0.03655259846044964,-0.025628537730268436,2.0794415416798357,9.16387176513672,2025-06-05,-0.0020576508562376583
2025-06-05,12,0.1175694190120945,0.7065547365192569,0.5,0.4166666666666667,0.0833333333333333,1,2025-06-05,2025-06-05,2025-06-05,9.145015716552734,9.699999809265137,9.739999771118164,9.6899995803833,9.729999542236328,8953900,2025-06-05,9.145015716552734,-0.0020576508562375,0.0,-0.0020617892296828,9.729999542236328,9.739999771118164,9.6899995803833,8953900,-0.0020576508562376583,-0.0020597707282310473,-0.060121670421902404,0.00546748002240844,16.007599861210867,0.016726091794790232,-0.006758160808608582,-0.011616086040335816,-0.005830605214964479,-0.011956160931957283,0.004385294631237263,0.007110957679661084,36.69100014707292,-0.06962766882116433,-0.04316761253259258,-0.026460056288571752,2.5649493574615367,9.145015716552734,2025-06-06,0.0
2025-06-06,3,-0.1875589381282528,0.9704168964250508,0.3333333333333333,0.6666666666666666,0.0,1,2025-06-06,2025-06-06,2025-06-06,9.145015716552734,9.699999809265137,9.710000038146973,9.68000030517578,9.6899995803833,5942700,2025-06-06,9.145015716552734,0.0,-0.0020617892296828,-0.002066153486195,9.6899995803833,9.710000038146973,9.68000030517578,5942700,0.0,0.0,-0.05624188724774009,0.0032804463000421996,15.597674301792548,-0.3363003830732977,-0.0032881403723743485,-0.010406065188566682,-0.003894639511792475,-0.009803625075076705,0.00347729719036399,0.004799948674695465,36.69100014707293,-0.07466836910061936,-0.04946776384619794,-0.025200605254421415,1.3862943611198906,9.145015716552734,2025-06-09,-0.002061789229682809
2025-06-09,7,0.3164507086787905,0.6296876371325427,0.7142857142857143,0.2857142857142857,0.0,1,2025-06-09,2025-06-09,2025-06-09,9.126160621643066,9.68000030517578,9.720000267028809,9.68000030517578,9.710000038146973,4156400,2025-06-09,9.126160621643066,-0.0020617892296828,-0.002066153486195,0.0041407579148289,9.710000038146973,9.720000267028809,9.68000030517578,4156400,-0.002061789229682809,-0.0020639176431598294,-0.060127643070053416,0.00438299998338486,15.24016011355342,-0.30058727514429473,-0.0032948491607300845,-0.010427279048402571,-0.003973477820705118,-0.00971244576507646,0.0014489957101512453,0.004050843844770469,35.729196401341994,-0.07927082425138465,-0.05542837592723529,-0.023842448324149362,2.0794415416798357,9.126160621643066,2025-06-10,-0.002066153486195099
2025-06-10,5,-0.1835035184398293,0.6751838078489165,0.2,0.8,0.0,1,2025-06-10,2025-06-10,2025-06-10,9.107304573059082,9.65999984741211,9.699999809265137,9.649999618530272,9.6899995803833,9601600,2025-06-10,9.107304573059082,-0.002066153486195,0.0041407579148289,0.0072165230126588,9.6899995803833,9.699999809265137,9.649999618530272,9601600,-0.002066153486195099,-0.0020682909260023585,-0.06013364629074313,0.005490119533585592,16.077440413366688,1.3100760273313443,-0.003301690006558111,-0.009840102418296137,-0.004029047956711884,-0.009641229093367065,0.001448999055599642,0.0034468905879275796,34.748203380367116,-0.08347755140182933,-0.0610382110221541,-0.02243934037967523,1.791759469228055,9.107304573059082,2025-06-11,0.00414075791482893
2025-06-11,12,0.6279759579920211,0.4996364798569867,0.8333333333333334,0.0833333333333333,0.0833333333333333,1,2025-06-11,2025-06-11,2025-06-11,9.145015716552734,9.699999809265137,9.760000228881836,9.65999984741211,9.65999984741211,7224400,2025-06-11,9.145015716552734,0.0041407579148289,0.0072165230126588,-0.0071648179391196,9.65999984741211,9.760000228881836,9.65999984741211,7224400,0.00414075791482893,0.004132208569162188,-0.05331098747349753,0.01093496004481688,15.792974881951436,-0.24758373604399264,0.0012386266926496248,-0.004209038671210585,6.334909065008887e-05,-0.004537619905876533,0.0026955285955857643,0.0036670262929657973,38.39144035670889,-0.0828138127777347,-0.06539333137327022,-0.017420481404464477,2.5649493574615367,9.145015716552734,2025-06-12,0.007216523012658849
2025-06-12,8,0.4578423973289318,0.5441871572137701,0.75,0.25,0.0,1,2025-06-12,2025-06-12,2025-06-12,9.211010932922363,9.770000457763672,9.81999969482422,9.6899995803833,9.699999809265137,9934800,2025-06-12,9.211010932922363,0.0072165230126588,-0.0071648179391196,-0.0113402057555319,9.699999809265137,9.81999969482422,9.6899995803833,9934800,0.007216523012658849,0.0071906085108390805,-0.050411225356489855,0.014113555546467559,16.111554403571173,0.37517302474946024,0.0070088675046120485,0.0036983822682163936,0.004841802869280265,0.0021639966239990205,0.0041015661448413525,0.004600001500559112,44.25703994743944,-0.07608546682022421,-0.06753175846266102,-0.008553708357563194,2.1972245773362196,9.211010932922363,2025-06-13,-0.007164817939119605
2025-06-13,7,-0.6919513036097799,0.2776018775008578,0.0,1.0,0.0,1,2025-06-13,2025-06-13,2025-06-13,9.145015716552734,9.699999809265137,9.760000228881836,9.68000030517578,9.75,6997700,2025-06-13,9.145015716552734,-0.0071648179391196,-0.0113402057555319,-0.0041709825431147,9.75,9.760000228881836,9.68000030517578,6997700,-0.007164817939119605,-0.0071906085108390805,-0.06204967009715545,0.00874792632245064,15.761092224503685,-0.2956375568707976,-0.00020616769413750458,-0.0017495328282745026,-0.0015730400591043026,-0.00410801344377365,0.0056806212047015876,0.004803525042159256,40.14130388485904,-0.07521147551752705,-0.06906770187363423,-0.006143773643892819,2.0794415416798357,9.145015716552734,2025-06-16,-0.011340205755532073
2025-06-16,5,0.1041891669854521,0.589920560534295,0.6,0.2,0.2,1,2025-06-16,2025-06-16,2025-06-16,9.041309356689451,9.59000015258789,9.699999809265137,9.56999969482422,9.6899995803833,14727400,2025-06-16,9.041309356689451,-0.0113402057555319,-0.0041709825431147,0.0073298713255447,9.6899995803833,9.699999809265137,9.56999969482422,14727400,-0.011340205755532073,-0.011404996179022575,-0.0669442984298034,0.014378461051632103,16.5052203302369,1.1046057990482585,-0.009706743670929052,-0.011136333221970496,-0.008634051347153449,-0.012636723062590893,0.007688445495920614,0.005217035670104289,34.68298138088829,-0.08194248567667195,-0.07164265863424177,-0.010299827042430182,1.791759469228055,9.041309356689451,2025-06-17,-0.004170982543114654
2025-06-17,7,0.1293212301763041,0.7840037753541705,0.5714285714285714,0.4285714285714285,0.0,1,2025-06-17,2025-06-17,2025-06-17,9.0035982131958,9.550000190734863,9.630000114440918,9.529999732971191,9.600000381469728,10413500,2025-06-17,9.0035982131958,-0.0041709825431147,0.0073298713255447,-0.0020790401168939,9.600000381469728,9.630000114440918,9.529999732971191,10413500,-0.004170982543114654,-0.004179705354380836,-0.06212522339323286,0.01110671301648763,16.158613695290395,-0.29291660442440626,-0.0115917852339662,-0.013123891784616815,-0.00854906868893135,-0.013750523862801733,0.007761013948335673,0.005264544130171345,32.9294973589801,-0.08929054798117342,-0.0751722365036281,-0.014118311477545317,2.0794415416798357,9.0035982131958,2025-06-18,0.007329871325544746
2025-06-18,8,0.2817408416885882,0.7400668034359534,0.75,0.25,0.0,1,2025-06-18,2025-06-18,2025-06-18,9.06959342956543,9.619999885559082,9.640000343322754,9.550000190734863,9.550000190734863,8598600,2025-06-18,9.06959342956543,0.0073298713255447,-0.0020790401168939,0.0062500092198567,9.550000190734863,9.640000343322754,9.550000190734863,8598600,0.007329871325544746,0.007303138371977269,-0.05030437189263205,0.009923284134711536,15.967110073572213,-0.17428338214817307,-0.002695383305092003,-0.00486186487881024,-0.0008549392623010688,-0.005342059530400012,0.008513505126668947,0.005987811935716832,38.76419383490773,-0.08876544508505901,-0.07789087821991429,-0.010874566865144722,2.1972245773362196,9.06959342956543,2025-06-19,-0.002079040116894193
2025-06-19,4,-0.4263439485803247,0.5792623973656232,0.25,0.75,0.0,1,2025-06-19,2025-06-19,2025-06-19,9.050737380981444,9.600000381469728,9.649999618530272,9.56999969482422,9.640000343322754,3742600,2025-06-19,9.050737380981444,-0.0020790401168939,0.0062500092198567,0.0010351109422168,9.640000343322754,9.649999618530272,9.56999969482422,3742600,-0.002079040116894193,-0.002081204320962815,-0.06112686113641785,0.008839050382144234,15.13529138221972,-0.5647430977135812,-0.0012484412900568564,-0.00590245762760877,-0.0019567137774165744,-0.006070900935583712,0.006975923855503529,0.005988228603100172,37.75361960763578,-0.08884665387018664,-0.08008203334996877,-0.00876462052021787,1.6094379124341003,9.050737380981444,2025-06-20,0.006250009219856967
2025-06-20,9,-0.0496237027562326,0.6923877381689715,0.5555555555555556,0.4444444444444444,0.0,1,2025-06-20,2025-06-20,2025-06-20,9.107304573059082,9.65999984741211,9.6899995803833,9.59000015258789,9.609999656677246,13607700,2025-06-20,9.107304573059082,0.0062500092198567,0.0010351109422168,0.0134436784187097,9.609999656677246,9.6899995803833,9.59000015258789,13607700,0.006250009219856967,0.006230558913226769,-0.052309583931033764,0.010980134351850388,16.426146440447244,2.6358948324694063,0.005830905325450386,0.0007251659733693572,0.0028499769956897847,0.00011549575173996907,0.007744236899944658,0.006417260619896456,42.589005591526295,-0.08338529894783697,-0.08074268646954241,-0.0026426124782945593,2.302585092994046,9.107304573059082,2025-06-23,0.0010351109422168658
2025-06-23,9,0.2424601767108672,0.6664202678068142,0.7777777777777778,0.2222222222222222,0.0,1,2025-06-23,2025-06-23,2025-06-23,9.116731643676758,9.670000076293944,9.6899995803833,9.579999923706056,9.600000381469728,5298600,2025-06-23,9.116731643676758,0.0010351109422168,0.0134436784187097,-0.0010203236918852,9.600000381469728,9.6899995803833,9.579999923706056,5298600,0.0010351109422168658,0.0010345755842902093,-0.050340491519749675,0.012065689874017361,15.48295338141403,-0.6106175180228841,0.005197432269681945,0.0018648278674524565,0.0025886703706132774,0.0009413063483656448,0.005039495164331481,0.006402573027686635,43.378403511328244,-0.07740418277481176,-0.08007498573059628,0.002670802955784521,2.302585092994046,9.116731643676758,2025-06-24,0.013443678418709748
2025-06-24,6,-0.1371216770882408,0.7317715372422416,0.3333333333333333,0.5,0.1666666666666666,1,2025-06-24,2025-06-24,2025-06-24,9.239294052124023,9.800000190734863,9.84000015258789,9.649999618530272,9.670000076293944,22349600,2025-06-24,9.239294052124023,0.0134436784187097,-0.0010203236918852,0.0020429382808837,9.670000076293944,9.84000015258789,9.649999618530272,22349600,0.013443678418709748,0.01335411399794717,-0.04454043648105011,0.020564399507767554,16.922319026515503,3.2180198543011365,0.01344361481070755,0.013862996800326766,0.010654371565366194,0.011749130454133727,0.0059984945610161685,0.007630187323560691,52.519201866931695,-0.06205896592237714,-0.07647178176895245,0.014412815846575305,1.9459101490553132,9.239294052124023,2025-06-25,-0.0010203236918852054
2025-06-25,9,0.7834074149529139,0.2364469886659389,1.0,0.0,0.0,1,2025-06-25,2025-06-25,2025-06-25,9.229866981506348,9.789999961853027,9.890000343322754,9.720000267028809,9.829999923706056,6881000,2025-06-25,9.229866981506348,-0.0010203236918852,0.0020429382808837,-0.0112131494477876,9.829999923706056,9.890000343322754,9.720000267028809,6881000,-0.0010203236918852054,-0.001020844576447022,-0.0610511644819474,0.018418475221210685,15.74427469351232,-0.692119769481333,0.008862383165139098,0.011886355602893417,0.006394938103482017,0.008751254399875119,0.0064045029765096165,0.007603672798315271,51.82616671549364,-0.05008115247276379,-0.07119365590971471,0.021112503436950925,2.302585092994046,9.229866981506348,2025-06-26,0.002042938280883755
2025-06-26,10,0.5459940711967647,0.409183345424622,0.9,0.1,0.0,1,2025-06-26,2025-06-26,2025-06-26,9.248723030090332,9.8100004196167,9.8100004196167,9.760000228881836,9.789999961853027,13716700,2025-06-26,9.248723030090332,0.0020429382808837,-0.0112131494477876,0.0020618935131904,9.789999961853027,9.8100004196167,9.760000228881836,13716700,0.002042938280883755,0.0020408543202599105,-0.05528875729027518,0.005406172351814381,16.43412469945378,0.9934166545560239,0.006566875484381063,0.013534536923508478,0.00561813439167369,0.008828883776794472,0.005732722337944746,0.007299855268410176,53.157646163671984,-0.038621914099868704,-0.06467930754774552,0.026057393447876817,2.3978952727983707,9.248723030090332,2025-06-30,-0.011213149447787618
2025-06-30,7,0.5566770926650081,0.6603368832875837,0.8571428571428571,0.1428571428571428,0.0,2,2025-06-27,2025-06-30,2025-06-30,9.145015716552734,9.699999809265137,9.829999923706056,9.699999809265137,9.81999969482422,16988600,2025-06-30,9.145015716552734,-0.0112131494477876,0.0020618935131904,0.0041151976435465,9.81999969482422,9.829999923706056,9.699999809265137,16988600,-0.011213149447787618,-0.01127649075688808,-0.06873564147127689,0.01421540634485908,16.648053147703337,0.2385340497349946,-0.005536208823412325,0.0021696226904910354,-0.003779135489138885,-0.0020326802496971608,0.008790271562180249,0.007858859101044832,45.67958828603259,-0.03747669065288228,-0.05923878416877287,0.02176209351589059,2.0794415416798357,9.145015716552734,2025-07-01,0.002061893513190638
2025-07-01,8,0.5948303523473442,0.3713624304024051,0.875,0.125,0.0,1,2025-07-01,2025-07-01,2025-07-01,9.16387176513672,9.720000267028809,9.760000228881836,9.6899995803833,9.699999809265137,9735300,2025-07-01,9.16387176513672,0.0020618935131904,0.0041151976435465,0.0040983321965486,9.699999809265137,9.760000228881836,9.6899995803833,9735300,0.002061893513190638,0.0020597707282310473,-0.05527093347118661,0.007638763428013856,16.091269115673565,-0.42695101420952875,-0.004506349517083064,0.00288899180193658,-0.0011506844239087544,2.0472528629023046e-05,0.00880743078686757,0.0067724901269592625,47.135755007463565,-0.03464816480990329,-0.05432066029699896,0.019672495487095668,2.1972245773362196,9.16387176513672,2025-07-02,0.004115197643546509
2025-07-02,7,0.410527480500085,0.6509377055827014,0.7142857142857143,0.2857142857142857,0.0,1,2025-07-02,2025-07-02,2025-07-02,9.201582908630373,9.760000228881836,9.8100004196167,9.710000038146973,9.720000267028809,10304200,2025-07-02,9.201582908630373,0.0041151976435465,0.0040983321965486,-0.0061223550288797,9.720000267028809,9.8100004196167,9.710000038146973,10304200,0.004115197643546509,0.004106753376349026,-0.05333511771156613,0.010867736829924549,16.14806223412359,0.05843682269678396,0.00040997013356181,0.004838860282981194,0.001971240472526059,0.003381256517537734,0.006101518012540422,0.006521760856038087,50.02135559291936,-0.029028936080898404,-0.04926231545377885,0.020233379372880445,2.0794415416798357,9.201582908630373,2025-07-03,0.0040983321965484265
2025-07-03,12,0.0251002640773852,0.6871021602325962,0.4166666666666667,0.4166666666666667,0.1666666666666666,1,2025-07-03,2025-07-03,2025-07-03,9.239294052124023,9.800000190734863,9.800000190734863,9.710000038146973,9.760000228881836,8090300,2025-07-03,9.239294052124023,0.0040983321965486,-0.0061223550288797,-0.0020534256232456,9.760000228881836,9.800000190734863,9.710000038146973,8090300,0.0040983321965484265,0.004089956908495118,-0.05335104144945985,0.009741020480585361,15.906176494770222,-0.2148541371479591,0.004304115177790502,0.00709070463195105,0.0040435758300543245,0.0061226596724359705,0.006473920795410358,0.006315960633993435,52.79618305691639,-0.021287296016447854,-0.04366731156631265,0.022380015549864796,2.5649493574615367,9.239294052124023,2025-07-04,-0.0061223550288797
2025-07-04,10,0.5623925793450326,0.4580617729621103,0.8,0.2,0.0,1,2025-07-04,2025-07-04,2025-07-04,9.182727813720703,9.739999771118164,9.8100004196167,9.739999771118164,9.800000190734863,7461200,2025-07-04,9.182727813720703,-0.0061223550288797,-0.0020534256232456,-0.0020576508562375,9.800000190734863,9.8100004196167,9.739999771118164,7461200,-0.0061223550288797,-0.006141173492622887,-0.06298697602044366,0.007623077795460862,15.825226951179234,-0.0777597864108871,-0.00041045426962449394,-0.0005130307570160308,-0.0014033409295393096,-3.0420576019651868e-05,0.006914325452326752,0.006713983978724823,48.45083049323306,-0.01949172471588767,-0.03883219419622765,0.019340469480339982,2.3978952727983707,9.182727813720703,2025-07-07,-0.0020534256232453973
2025-07-07,6,-0.188736821214358,0.9249351728285132,0.3333333333333333,0.6666666666666666,0.0,1,2025-07-07,2025-07-07,2025-07-07,9.16387176513672,9.720000267028809,9.760000228881836,9.699999809265137,9.75,7229900,2025-07-07,9.16387176513672,-0.0020534256232456,-0.0020576508562375,0.0,9.75,9.760000228881836,9.699999809265137,7229900,-0.0020534256232453973,-0.0020555367922212575,-0.060115716396233795,0.006547496642736362,15.79373590109514,-0.031000375274754743,-0.0028723744554693953,-0.0031791467706973053,-0.0023052439467915464,-0.0017055601484416982,0.004438487109753561,0.0065689096846249465,47.060378555382805,-0.019366996379231338,-0.034939154632828394,0.015572158253597056,1.9459101490553132,9.16387176513672,2025-07-08,-0.0020576508562376583
2025-07-08,8,-0.2910693056765013,0.8418692750628187,0.375,0.625,0.0,1,2025-07-08,2025-07-08,2025-07-08,9.145015716552734,9.699999809265137,9.710000038146973,9.670000076293944,9.699999809265137,9821300,2025-07-08,9.145015716552734,-0.0020576508562375,0.0,0.003092735986278,9.699999809265137,9.710000038146973,9.670000076293944,9821300,-0.0020576508562376583,-0.0020597707282310473,-0.05721485604384228,0.004373963161225417,16.100064156280375,0.35842819402757997,-0.004515619841486962,-0.005536219136615506,-0.002909661191913271,-0.0030782236746458302,0.004439844952947262,0.006620778518511737,45.64954464655227,-0.02055275444833171,-0.03206187459592906,0.011509120147597349,2.1972245773362196,9.145015716552734,2025-07-09,0.0
2025-07-09,8,0.0558184261899441,0.523750066951191,0.5,0.5,0.0,1,2025-07-09,2025-07-09,2025-07-09,9.145015716552734,9.699999809265137,9.720000267028809,9.68000030517578,9.699999809265137,9677500,2025-07-09,9.145015716552734,0.0,0.003092735986278,-0.0041109686023382,9.699999809265137,9.720000267028809,9.68000030517578,9677500,0.0,0.0,-0.05721485604384228,0.004373963161225417,16.085314264766406,-0.014641646217914084,-0.0032881403723743485,-0.004515630175869312,-0.0019416573162560624,-0.0025199570049485587,0.0037149075700521708,0.004767556834109662,45.64954464655227,-0.02124754775661941,-0.029899009228067132,0.00865146147144772,2.1972245773362196,9.145015716552734,2025-07-10,0.003092735986278239
2025-07-10,8,0.1597069475683383,0.7028841167313754,0.625,0.375,0.0,1,2025-07-10,2025-07-10,2025-07-10,9.173298835754396,9.729999542236328,9.729999542236328,9.670000076293944,9.699999809265137,14117500,2025-07-10,9.173298835754396,0.003092735986278,-0.0041109686023382,0.0030960321140518,9.699999809265137,9.729999542236328,9.670000076293944,14117500,0.003092735986278239,0.0030879633162115283,-0.05429907050180064,0.006540664052993357,16.462925791363197,0.45879617669852757,0.0012347613550758307,-0.0008215909271629407,0.0007630911591884892,0.00046221331717988257,0.0033652943522454334,0.004941287793949003,48.34350612061814,-0.019293560950654154,-0.027777919572584537,0.008484358621930383,2.1972245773362196,9.173298835754396,2025-07-11,-0.004110968602338394
2025-07-11,10,0.2433136989362538,0.5831973745861404,0.7,0.3,0.0,1,2025-07-11,2025-07-11,2025-07-11,9.135587692260742,9.6899995803833,9.739999771118164,9.649999618530272,9.729999542236328,14116200,2025-07-11,9.135587692260742,-0.0041109686023382,0.0030960321140518,-0.0072016739279027,9.729999542236328,9.739999771118164,9.649999618530272,14116200,-0.004110968602338394,-0.0041194418639443064,-0.06109063493737506,0.009851599658348906,16.46283370283716,-9.208429254470296e-05,-0.0018541541165032482,-0.0037014451831830497,-0.0022365078480305334,-0.0029888837850884364,0.002722755966253801,0.0049582476083593245,45.13137103158334,-0.020551086313560063,-0.026332552920779642,0.005781466607219579,2.3978952727983707,9.135587692260742,2025-07-14,0.003096032114052072
2025-07-14,6,0.1529348907060921,0.6146684878342384,0.5,0.3333333333333333,0.1666666666666666,1,2025-07-14,2025-07-14,2025-07-14,9.16387176513672,9.720000267028809,9.75,9.699999809265137,9.710000038146973,4294400,2025-07-14,9.16387176513672,0.0030960321140518,-0.0072016739279027,-0.0124352516269969,9.710000038146973,9.75,9.699999809265137,4294400,0.003096032114052072,0.0030912492759638255,-0.056243900192040945,0.005456229857458869,15.272822639180818,-0.6957821510038112,0.0012361374768596889,-0.0008223419121397013,0.0005682384838965326,8.009419613008717e-05,0.0031734972598891267,0.003644134408458545,47.92605721700704,-0.019045847250930947,-0.024875211786809903,0.005829364535878956,1.9459101490553132,9.16387176513672,2025-07-15,-0.007201673927902941
2025-07-15,3,0.2756420460840066,0.3103510933464183,0.3333333333333333,0.3333333333333333,0.3333333333333333,1,2025-07-15,2025-07-15,2025-07-15,9.09787654876709,9.649999618530272,9.739999771118164,9.630000114440918,9.720000267028809,11533300,2025-07-15,9.09787654876709,-0.0072016739279027,-0.0124352516269969,0.0,9.720000267028809,9.739999771118164,9.630000114440918,11533300,-0.007201673927902941,-0.0072277311607504835,-0.06400449600521342,0.012090695679109082,16.260749147887704,1.685660394932936,-0.004949460674235184,-0.007303774047218714,-0.004434830578475157,-0.005834774659414288,0.004545981277749896,0.004248870969327698,42.4881482127132,-0.022914057869513726,-0.024482981003350668,0.0015689231338369414,1.3862943611198906,9.09787654876709,2025-07-16,-0.01243525162699699
2025-07-16,10,-0.3802569218445569,0.7425830810642977,0.2,0.8,0.0,1,2025-07-16,2025-07-16,2025-07-16,8.984742164611816,9.529999732971191,9.68000030517578,9.529999732971191,9.640000343322754,12695100,2025-07-16,8.984742164611816,-0.0124352516269969,0.0,-0.0010492310680663,9.640000343322754,9.68000030517578,9.529999732971191,12695100,-0.01243525162699699,-0.012513216383684522,-0.06797283769443109,0.016695033586539076,16.356726728977414,0.10073439518611327,-0.013865897397383531,-0.01732317476214207,-0.011273141691936828,-0.014938263795863493,0.006724684051975299,0.005261373860704616,35.12948592787417,-0.03470854346774743,-0.02652809349623002,-0.008180449971517411,2.3978952727983707,8.984742164611816,2025-07-17,0.0
2025-07-17,14,0.4495262218240116,0.6613016002633793,0.7857142857142857,0.1428571428571428,0.0714285714285714,1,2025-07-17,2025-07-17,2025-07-17,8.984742164611816,9.529999732971191,9.600000381469728,9.510000228881836,9.550000190734863,7431600,2025-07-17,8.984742164611816,0.0,-0.0010492310680663,0.0,9.550000190734863,9.600000381469728,9.510000228881836,7431600,0.0,0.0,-0.059189320924982185,0.010016998923171752,15.821251871274669,-0.4146087860670652,-0.009767259619547497,-0.014579687632183425,-0.007543775143318943,-0.012255502365212334,0.006076289717439852,0.004844712734359411,35.12948592787417,-0.043553698355621506,-0.029933214468108323,-0.013620483887513184,2.70805020110221,8.984742164611816,2025-07-18,-0.0010492310680663142
2025-07-18,7,0.4277786746887224,0.5433079087304752,0.7142857142857143,0.1428571428571428,0.1428571428571428,1,2025-07-18,2025-07-18,2025-07-18,8.97531509399414,9.520000457763672,9.59000015258789,9.520000457763672,9.550000190734863,15598200,2025-07-18,8.97531509399414,-0.0010492310680663,0.0,0.0010503331101974,9.550000190734863,9.59000015258789,9.520000457763672,15598200,-0.0010492310680663142,-0.001049781896314439,-0.06017644871863622,0.007799135082294688,16.562666145057023,1.0989019861133538,-0.00729921402248368,-0.013369191832655725,-0.005739819656874423,-0.010901515852532406,0.006231039139424967,0.0047197479606893265,34.55119595329852,-0.05073934159789495,-0.03409443989406565,-0.016644901703829297,2.0794415416798357,8.97531509399414,2025-07-21,0.0
2025-07-21,3,-0.029560025781393,0.7546112374006781,0.3333333333333333,0.6666666666666666,0.0,1,2025-07-21,2025-07-21,2025-07-21,8.97531509399414,9.520000457763672,9.600000381469728,9.510000228881836,9.539999961853027,8019000,2025-07-21,8.97531509399414,0.0,0.0010503331101974,0.0062959171271979,9.539999961853027,9.600000381469728,9.510000228881836,8019000,0.0,0.0,-0.05919128617577098,0.01002752010880557,15.897324408492986,-0.48590221948686385,-0.003141312898681803,-0.011319905417500165,-0.0038338817010997728,-0.008937136303542759,0.0055230666540153255,0.004774661224334394,34.55119595329852,-0.05579089295183692,-0.038433730505619906,-0.017357162446217017,1.3862943611198906,8.97531509399414,2025-07-22,0.0010503331101974211
2025-07-22,8,-0.17929895571433,0.5691822361564765,0.375,0.625,0.0,1,2025-07-22,2025-07-22,2025-07-22,8.984742164611816,9.529999732971191,9.579999923706056,9.510000228881836,9.520000457763672,13305100,2025-07-22,8.984742164611816,0.0010503331101974,0.0062959171271979,0.0041709825431148,9.520000457763672,9.579999923706056,9.510000228881836,13305100,0.0010503331101974211,0.001049781896314439,-0.05622460792166728,0.007790951987462497,16.40365805349627,0.6591969073450554,0.0004198686429164322,-0.008531022587716097,-0.001860112030068417,-0.006469807739646005,0.005610658457871457,0.004875400253862546,35.77731238224244,-0.058360850425430044,-0.04241915448958194,-0.015941695935848106,2.1972245773362196,8.984742164611816,2025-07-23,0.006295917127197681
2025-07-23,11,0.0855268173089082,0.7212117369633494,0.5454545454545454,0.4545454545454545,0.0,1,2025-07-23,2025-07-23,2025-07-23,9.041309356689451,9.59000015258789,9.619999885559082,9.539999961853027,9.539999961853027,14928700,2025-07-23,9.041309356689451,0.0062959171271979,0.0041709825431148,-0.0093457561063536,9.539999961853027,9.619999885559082,9.539999961853027,14928700,0.006295917127197681,0.006276180637181383,-0.052273648549020696,0.008848267496440063,16.518796159702,0.12202839512668073,0.005451849350531335,-0.0011457244680421752,0.0029450529269796633,-0.00017560829561424907,0.002911707740542179,0.005494535030033936,42.712559780941426,-0.055196786395125486,-0.04497468087069065,-0.010222105524434838,2.4849066497880004,9.041309356689451,2025-07-24,0.004170982543114876
2025-07-24,10,0.141323607461527,0.6503193538770261,0.6,0.4,0.0,1,2025-07-24,2025-07-24,2025-07-24,9.079020500183104,9.630000114440918,9.640000343322754,9.550000190734863,9.619999885559082,16109900,2025-07-24,9.079020500183104,0.0041709825431148,-0.0093457561063536,0.0,9.619999885559082,9.640000343322754,9.550000190734863,16109900,0.004170982543114876,0.004162308107674484,-0.056234864013674404,0.009912980435067364,16.594944609882877,0.07912276353600789,0.0075329042673650815,0.004066270732358657,0.004740947826434194,0.0032659712113749517,0.0030546661582624753,0.0055961665479514495,46.834424770446084,-0.049080499296159985,-0.04579584455578452,-0.0032846547403754672,2.3978952727983707,9.079020500183104,2025-07-25,-0.009345756106353575
2025-07-25,10,-0.4497492372523993,0.5384567135620557,0.1,0.8,0.1,1,2025-07-25,2025-07-25,2025-07-25,8.994170188903809,9.539999961853027,9.630000114440918,9.539999961853027,9.630000114440918,11782100,2025-07-25,8.994170188903809,-0.0093457561063536,0.0,-0.0020963684824343,9.630000114440918,9.630000114440918,9.539999961853027,11782100,-0.009345756106353575,-0.009389701702479769,-0.06602595202295315,0.010006498731692296,16.282092073425602,-0.26864226345290787,-0.0023007737860401,-0.0037594040559183473,-0.0031042213096877935,-0.0050049030714126586,0.006011217898646858,0.0061363619846517255,39.881408369855606,-0.05049790034009227,-0.04673625571264607,-0.0037616446274462007,2.3978952727983707,8.994170188903809,2025-07-28,0.0
2025-07-28,7,0.5183965867119176,0.433079784056655,0.8571428571428571,0.1428571428571428,0.0,2,2025-07-27,2025-07-28,2025-07-28,8.994170188903809,9.539999961853027,9.630000114440918,9.529999732971191,9.5600004196167,8810800,2025-07-28,8.994170188903809,0.0,-0.0020963684824343,-0.0073529693028593,9.5600004196167,9.630000114440918,9.529999732971191,8810800,0.0,0.0,-0.059187260028967355,0.011118355486879486,15.991488913189205,-0.25218764057341225,-0.0027179458872550466,-0.0018832419616937601,-0.0020716244667303707,-0.0040986503944190344,0.006011217898646858,0.005951686628860482,39.881408369855606,-0.05103292508573709,-0.04759558958726428,-0.0034373354984728113,2.0794415416798357,8.994170188903809,2025-07-29,-0.00209636848243433
2025-07-29,6,-0.0573604855065544,0.5320307619827217,0.6666666666666666,0.3333333333333333,0.0,1,2025-07-29,2025-07-29,2025-07-29,8.97531509399414,9.520000457763672,9.630000114440918,9.520000457763672,9.539999961853027,10407600,2025-07-29,8.97531509399414,-0.0020963684824343,-0.0073529693028593,-0.0063492155242628,9.539999961853027,9.630000114440918,9.520000457763672,10407600,-0.00209636848243433,-0.002098568938690537,-0.05919128617577098,0.012255798880069703,16.158046962544173,0.1812321242111954,-0.004600521830347093,-0.0026191143845272213,-0.0027796245018590904,-0.005067321507563172,0.006094738984008553,0.0056532392082112954,38.41174864988103,-0.05237464235690581,-0.048551400141192594,-0.0038232422157132157,1.9459101490553132,8.97531509399414,2025-07-30,-0.007352969302859336
2025-07-30,5,-0.6299495067447425,0.3019512900082611,0.0,0.8,0.2,1,2025-07-30,2025-07-30,2025-07-30,8.909319877624512,9.449999809265137,9.529999732971191,9.4399995803833,9.520000457763672,17662900,2025-07-30,8.909319877624512,-0.0073529693028593,-0.0063492155242628,0.0223641959136398,9.520000457763672,9.529999732971191,9.4399995803833,17662900,-0.007352969302859336,-0.007380135632355511,-0.06414711667803996,0.010101798321769016,16.686977009185,0.6971155693915985,-0.009018430746503658,-0.009122341801567124,-0.00676423721314201,-0.01015443307969055,0.005486990167899283,0.004691715896608123,33.72694184246616,-0.05809355899078916,-0.05045983191111191,-0.007633727079677251,1.791759469228055,8.909319877624512,2025-07-31,-0.006349215524262819
2025-07-31,14,0.2479339503084442,0.7149171145932567,0.6428571428571429,0.2857142857142857,0.0714285714285714,1,2025-07-31,2025-07-31,2025-07-31,8.852752685546875,9.390000343322754,9.489999771118164,9.390000343322754,9.449999809265137,24319000,2025-07-31,8.852752685546875,-0.0063492155242628,0.0223641959136398,-0.0062500092198568,9.449999809265137,9.489999771118164,9.390000343322754,24319000,-0.006349215524262819,-0.006369457519162847,-0.063200755108238,0.0112958569325754,17.006768536915914,0.3768407226446393,-0.010328833705681384,-0.013966177477492625,-0.008751800241661334,-0.013490557324405184,0.003862297054710919,0.004986837852446297,30.31414964160939,-0.06642463937975762,-0.053652793404841054,-0.012771845974916568,2.70805020110221,8.852752685546875,2025-08-01,0.022364195913639584
2025-08-01,7,0.6358408049148109,0.2714716202715743,1.0,0.0,0.0,1,2025-08-01,2025-08-01,2025-08-01,9.050737380981444,9.600000381469728,9.630000114440918,9.399999618530272,9.40999984741211,9626900,2025-08-01,9.050737380981444,0.0223641959136398,-0.0062500092198568,0.0125786350245904,9.40999984741211,9.630000114440918,9.399999618530272,9626900,0.022364195913639584,0.022117784381647798,-0.038178796201518365,0.025412348876010092,16.08007192512979,-0.6041407952629632,0.010526295614515346,0.007239528873479895,0.008904622341907364,0.007002486219372717,0.012148139594802336,0.009047891186969992,49.55430817124078,-0.05640121224950079,-0.05420247717377301,-0.0021987350757277785,2.0794415416798357,9.050737380981444,2025-08-04,-0.006250009219856634
2025-08-04,6,-0.201874166028574,0.8333913910262652,0.5,0.5,0.0,1,2025-08-04,2025-08-04,2025-08-04,8.994170188903809,9.539999961853027,9.600000381469728,9.539999961853027,9.600000381469728,5851200,2025-08-04,8.994170188903809,-0.0062500092198568,0.0125786350245904,-0.003105646972612,9.600000381469728,9.600000381469728,9.539999961853027,5851200,-0.006250009219856634,-0.006269622291438903,-0.06310730921795746,0.006671034498627129,15.582157497282353,-0.39220309757034977,0.004210496950017184,0.0007342836505908057,0.0017311397130770345,0.0005797800701148326,0.012629067714817399,0.009326525989608014,45.67412717835443,-0.05241783352686724,-0.05384554844439186,0.0014277149175246154,1.9459101490553132,8.994170188903809,2025-08-05,0.012578635024590445
2025-08-05,5,-0.3102468267083168,0.6798909326041491,0.4,0.6,0.0,1,2025-08-05,2025-08-05,2025-08-05,9.107304573059082,9.65999984741211,9.68000030517578,9.5600004196167,9.579999923706056,15631100,2025-08-05,9.107304573059082,0.0125786350245904,-0.003105646972612,0.0,9.579999923706056,9.68000030517578,9.5600004196167,15631100,0.012578635024590445,0.012500181204665672,-0.04934189503251171,0.013176224051412513,16.56477314137551,1.6714349193327864,0.013853903346143337,0.011942181726218859,0.009508940787725129,0.010746218933600948,0.013664523314545783,0.010115725036466565,53.51397537631977,-0.039674633415243576,-0.0510113654385622,0.011336732023318627,1.791759469228055,9.107304573059082,2025-08-06,-0.003105646972612175
2025-08-06,8,-0.0383476996212266,0.5628102386764937,0.375,0.625,0.0,1,2025-08-06,2025-08-06,2025-08-06,9.079020500183104,9.630000114440918,9.68000030517578,9.619999885559082,9.68000030517578,13104300,2025-08-06,9.079020500183104,-0.003105646972612,0.0,-0.0020767763338883,9.68000030517578,9.68000030517578,9.619999885559082,13104300,-0.003105646972612175,-0.0031104795021859033,-0.062084688641108735,0.006608688637225499,16.38845105489665,-0.1616520910236644,0.006900835628729007,0.008376915691670872,0.004240166330383488,0.006215474300081958,0.012974780336138893,0.010046956011226583,51.512520713108906,-0.03149479146700962,-0.04710805064425169,0.015613259177242073,2.1972245773362196,9.079020500183104,2025-08-07,0.0
2025-08-07,10,0.440624874830246,0.6248092571827326,0.8,0.2,0.0,1,2025-08-07,2025-08-07,2025-08-07,9.079020500183104,9.630000114440918,9.670000076293944,9.609999656677246,9.630000114440918,9314400,2025-08-07,9.079020500183104,0.0,-0.0020767763338883,0.0041623018793566,9.630000114440918,9.670000076293944,9.609999656677246,9314400,0.0,0.0,-0.05721491253479617,0.006608688637225499,16.047072255065583,-0.28921041184954555,0.0018726304030260987,0.008376915691670872,0.0028227878569129228,0.005079647623838168,0.01200152359096824,0.00996206123638955,51.512520713108906,-0.02472716838543576,-0.04263187419248851,0.01790470580705275,2.3978952727983707,9.079020500183104,2025-08-08,-0.0020767763338882528
2025-08-08,7,0.3210295170013393,0.6027088516322832,0.8571428571428571,0.1428571428571428,0.0,1,2025-08-08,2025-08-08,2025-08-08,9.060165405273438,9.609999656677246,9.65999984741211,9.59000015258789,9.649999618530272,10712700,2025-08-08,9.060165405273438,-0.0020767763338883,0.0041623018793566,0.0062176258134984,9.649999618530272,9.65999984741211,9.59000015258789,10712700,-0.0020767763338882528,-0.0020789358242288003,-0.06112271881588612,0.0077260945791867855,16.186940604839336,0.150122391136305,-0.0004160254606739855,0.005545690317517948,0.0004933111080605013,0.0024469321785320908,0.0072625746356964685,0.009452960599854166,50.064857077997,-0.020647218631864916,-0.0382349430803638,0.017587724448498883,2.0794415416798357,9.060165405273438,2025-08-11,0.0041623018793566224
2025-08-11,11,0.3161916687280278,0.6867539027593226,0.6363636363636364,0.3636363636363636,0.0,2,2025-08-10,2025-08-11,2025-08-11,9.09787654876709,9.649999618530272,9.729999542236328,9.609999656677246,9.609999656677246,17908700,2025-08-11,9.09787654876709,0.0041623018793566,0.0062176258134984,0.015447962471599,9.609999656677246,9.729999542236328,9.609999656677246,17908700,0.0041623018793566224,0.004153663463057455,-0.05329064788824644,0.013189878420074184,16.700797242093284,0.6717260821268214,0.0014528906794923913,0.008570222069690825,0.003100297481083203,0.005409377861657516,0.0063793614837178055,0.009506714894048005,52.914978102202646,-0.014207084516247193,-0.03342937136754048,0.019222286851293284,2.4849066497880004,9.09787654876709,2025-08-12,0.006217625813498717
2025-08-12,7,0.4642046612155224,0.4398999528006426,0.8571428571428571,0.1428571428571428,0.0,1,2025-08-12,2025-08-12,2025-08-12,9.154443740844728,9.710000038146973,9.800000190734863,9.649999618530272,9.649999618530272,16886500,2025-08-12,9.154443740844728,0.0062176258134984,0.015447962471599,-0.0020283322238086,9.649999618530272,9.800000190734863,9.649999618530272,16886500,0.006217625813498717,0.006198376128473182,-0.051352942722812066,0.016385547440236962,16.64202510332019,-0.05707840323418223,0.006634891453845437,0.012829876935081419,0.006205485902277097,0.009520337097285614,0.004016804089753356,0.009551068552568395,56.88979138422467,-0.0044870087383710455,-0.027640898841706594,0.02315389010333555,2.0794415416798357,9.154443740844728,2025-08-13,0.015447962471598853
2025-08-13,9,0.097644541826513,0.529528424217015,0.5555555555555556,0.4444444444444444,0.0,1,2025-08-13,2025-08-13,2025-08-13,9.29586124420166,9.859999656677246,9.890000343322754,9.720000267028809,9.729999542236328,12018300,2025-08-13,9.29586124420166,0.015447962471599,-0.0020283322238086,-0.0040651150339968,9.729999542236328,9.890000343322754,9.720000267028809,12018300,0.015447962471598853,0.015329857467417884,-0.04461853221576682,0.018287716633032115,16.301941129327055,-0.28828946199626926,0.017333867677777004,0.024096365288991173,0.01439517858859407,0.020455529821554297,0.0068211635832533,0.009783941753112991,64.87331103357977,0.014460737608816387,-0.019220571551602,0.033681309160418386,2.302585092994046,9.29586124420166,2025-08-14,-0.0020283322238086043
2025-08-14,13,0.2331962817205259,0.673397745908575,0.6923076923076923,0.3076923076923077,0.0,1,2025-08-14,2025-08-14,2025-08-14,9.277006149291992,9.84000015258789,9.979999542236328,9.829999923706056,9.899999618530272,11253900,2025-08-14,9.277006149291992,-0.0020283322238086,-0.0040651150339968,-0.0020407506031625,9.899999618530272,9.979999542236328,9.829999923706056,11253900,-0.0020283322238086043,-0.0020303920754605187,-0.06292863568117667,0.01616896831977625,16.236225382064447,-0.06360300541673947,0.010889698442956952,0.01726459559060811,0.008191411190390241,0.014992732628090977,0.007222784359574732,0.009347097488116723,63.19298564539268,0.027636933157451082,-0.009849070609791384,0.03748600376724247,2.6390573296152584,9.277006149291992,2025-08-15,-0.004065115033996869
2025-08-15,14,0.0604915323534182,0.7011992108827141,0.5,0.4285714285714285,0.0714285714285714,1,2025-08-15,2025-08-15,2025-08-15,9.239294052124023,9.800000190734863,9.93000030517578,9.789999961853027,9.93000030517578,7456100,2025-08-15,9.239294052124023,-0.0040651150339968,-0.0020407506031625,0.0020449237826052,9.93000030517578,9.93000030517578,9.789999961853027,7456100,-0.004065115033996869,-0.00407340007483592,-0.06955752586349284,0.015152709994176169,15.824543181393155,-0.3374652342743405,0.0028652992591835513,0.01103886698049461,0.0027249470183026148,0.008873380499902606,0.007703454041826268,0.007325033531985999,59.853689791913645,0.03463684005927803,-0.0009518884759775002,0.03558872853525553,2.70805020110221,9.239294052124023,2025-08-18,-0.0020407506031625555
2025-08-18,7,0.3540632997506431,0.4860347980361742,0.8571428571428571,0.1428571428571428,0.0,1,2025-08-18,2025-08-18,2025-08-18,9.220438957214355,9.779999732971191,9.81999969482422,9.779999732971191,9.800000190734863,10610600,2025-08-18,9.220438957214355,-0.0020407506031625,0.0020449237826052,0.0,9.800000190734863,9.81999969482422,9.779999732971191,10610600,-0.0020407506031625555,-0.002042835772030571,-0.05913890022863855,0.00433818411885173,16.17736415366075,0.42307640723702744,-0.001837081354265302,0.006483518199468019,0.00045232133147843356,0.005568618084129895,0.008146819391526998,0.0069013436763329,58.197822672674846,0.03822226564416553,0.0068829423480511066,0.03133932329611443,2.0794415416798357,9.220438957214355,2025-08-19,0.0020449237826052347
2025-08-19,5,0.3423969101160765,0.6027097111125818,0.8,0.2,0.0,1,2025-08-19,2025-08-19,2025-08-19,9.239294052124023,9.800000190734863,9.850000381469728,9.789999961853027,9.789999961853027,14476700,2025-08-19,9.239294052124023,0.0020449237826052,0.0,-0.0020407506031625,9.789999961853027,9.850000381469728,9.789999961853027,14476700,0.0020449237826052347,0.002042835772030571,-0.05625188068180213,0.006494048060187833,16.488051087472595,0.3643620530412983,-0.0016300217491496127,0.007090715100789069,0.001664061015342888,0.006229941606223921,0.007907404804775189,0.00592901161523272,59.407217371060845,0.04209988852375979,0.013926331583192845,0.028173556940566943,1.791759469228055,9.239294052124023,2025-08-20,0.0
2025-08-20,7,-0.1040462383202144,0.7094429527328775,0.2857142857142857,0.7142857142857143,0.0,1,2025-08-20,2025-08-20,2025-08-20,9.239294052124023,9.800000190734863,9.850000381469728,9.779999732971191,9.8100004196167,15305500,2025-08-20,9.239294052124023,0.0,-0.0020407506031625,0.0020449237826052,9.8100004196167,9.850000381469728,9.779999732971191,15305500,0.0,0.0,-0.05817597788797798,0.007576406606784472,16.543722864226414,0.05725061650790586,-0.0004080248561486588,0.005334400919153159,0.001108758996021697,0.00509145777152753,0.0023221658204386807,0.005741929427601424,59.407217371060845,0.044658141337986734,0.020072693534151625,0.02458544780383511,2.0794415416798357,9.239294052124023,2025-08-21,-0.0020407506031625555
2025-08-21,9,0.3151621172825496,0.6957288113477665,0.6666666666666666,0.2222222222222222,0.1111111111111111,1,2025-08-21,2025-08-21,2025-08-21,9.220438957214355,9.779999732971191,9.850000381469728,9.779999732971191,9.8100004196167,15263300,2025-08-21,9.220438957214355,-0.0020407506031625,0.0020449237826052,0.0051021345563868,9.8100004196167,9.850000381469728,9.779999732971191,15263300,-0.0020407506031625555,-0.002042835772030571,-0.060098005829176036,0.007591899780841374,16.54096187759647,-0.002757178791937487,-0.0012254506975976076,0.0017412999860912937,-0.0006230302280454403,0.0024861575947592307,0.002323255764826341,0.005846980804097179,57.478605880491365,0.044649435643085766,0.024988041955938456,0.01966139368714731,2.302585092994046,9.220438957214355,2025-08-22,0.0020449237826052347
2025-08-22,9,0.3618234233516786,0.6829467254370721,0.7777777777777778,0.2222222222222222,0.0,1,2025-08-22,2025-08-22,2025-08-22,9.239294052124023,9.800000190734863,9.880000114440918,9.800000190734863,9.8100004196167,20549800,2025-08-22,9.239294052124023,0.0020449237826052,0.0051021345563868,-0.0101522644546893,9.8100004196167,9.880000114440918,9.800000190734863,20549800,0.0020449237826052347,0.002042835772030571,-0.05817597788797798,0.008658661933988721,16.838361815161335,0.34635367187960653,0.0008169671317317384,0.001840086206976732,0.0009466314024746403,0.003708349549793155,0.0020428374060117065,0.005705527961439317,58.91499966634889,0.04563789959978237,0.029118013484707238,0.016519886115075134,2.302585092994046,9.239294052124023,2025-08-25,0.005102134556386861
2025-08-25,8,0.0791813895339146,0.4417143104110625,0.375,0.25,0.375,1,2025-08-25,2025-08-25,2025-08-25,9.286434173583984,9.850000381469728,9.899999618530272,9.829999923706056,9.850000381469728,17724500,2025-08-25,9.286434173583984,0.0051021345563868,-0.0101522644546893,0.0041025352657428,9.850000381469728,9.899999618530272,9.829999923706056,17724500,0.005102134556386861,0.0050891627716893595,-0.05721484122436691,0.0075378442915511115,16.69045847765896,-0.13748552297345962,0.004487110412179529,0.004897018646750961,0.004027603372149358,0.00721247978514894,0.0026613832945980107,0.005753116563335222,62.34023406433757,0.049652712678334154,0.03322495332343262,0.016427759354901532,2.1972245773362196,9.286434173583984,2025-08-26,-0.010152264454689308
2025-08-26,9,0.0462548230878181,0.7815850655583759,0.4444444444444444,0.5555555555555556,0.0,1,2025-08-26,2025-08-26,2025-08-26,9.192155838012695,9.75,9.880000114440918,9.75,9.850000381469728,81816700,2025-08-26,9.192155838012695,-0.0101522644546893,0.0041025352657428,0.0163431962726192,9.850000381469728,9.880000114440918,9.75,81816700,-0.010152264454689308,-0.010204150161799763,-0.06678624548021342,0.014142505494012973,18.21999194943754,3.616023018985021,-0.004695735655924738,-0.005710718630765332,-0.004118831873198059,-0.002466539313544347,0.00575226674991422,0.006693378769065145,52.85035267107335,0.04471159971506289,0.03552228260175867,0.009189317113304216,2.302585092994046,9.192155838012695,2025-08-27,0.00410253526574289
2025-08-27,11,0.2937751975418493,0.8090986317388029,0.6363636363636364,0.3636363636363636,0.0,1,2025-08-27,2025-08-27,2025-08-27,9.229866981506348,9.789999961853027,9.829999923706056,9.720000267028809,9.779999732971191,7930800,2025-08-27,9.229866981506348,0.0041025352657428,0.0163431962726192,-0.0050252175849067,9.779999732971191,9.829999923706056,9.720000267028809,7930800,0.00410253526574289,0.004094142813663382,-0.05625079411916424,0.011917794362329535,15.88626459733722,-0.9030662444219824,-0.0004084001323999553,-0.0009184262817432121,-2.212975183946142e-05,0.001329869780004156,0.006206839245731677,0.004451182240009115,55.7518987590885,0.04333911981210825,0.03708565004382859,0.00625346976827966,2.4849066497880004,9.229866981506348,2025-08-28,0.016343196272619043
2025-08-28,9,0.468077131288333,0.6175114615066277,0.7777777777777778,0.1111111111111111,0.1111111111111111,1,2025-08-28,2025-08-28,2025-08-28,9.380712509155272,9.949999809265137,9.979999542236328,9.829999923706056,9.829999923706056,11065300,2025-08-28,9.380712509155272,0.0163431962726192,-0.0050252175849067,0.0161617090495924,9.829999923706056,9.979999542236328,9.829999923706056,11065300,0.016343196272619043,0.01621108372445823,-0.04570573937312878,0.015990215922711295,16.219324733989296,0.39523125031522666,0.012413513146598554,0.014271176219092574,0.010821597865014798,0.01443113556844966,0.009438994099934294,0.006939357240026007,65.02383833425543,0.053803183406435195,0.04042915671634991,0.013374026690085285,2.302585092994046,9.380712509155272,2025-08-29,-0.005025217584906483
2025-08-29,12,0.146696460142266,0.6433630079110897,0.5833333333333334,0.4166666666666667,0.0,1,2025-08-29,2025-08-29,2025-08-29,9.333572387695312,9.899999618530272,9.949999809265137,9.859999656677246,9.949999809265137,15268300,2025-08-29,9.333572387695312,-0.0050252175849067,0.0161617090495924,-0.0079523312606949,9.949999809265137,9.949999809265137,9.859999656677246,15268300,-0.005025217584906483,-0.005037886451155327,-0.06195250586797256,0.009642626515281558,16.54128940708835,0.37983606409225246,0.005280171712046089,0.008146572481816605,0.00382068680370673,0.00762347995770396,0.01020753336128292,0.007025389435455666,60.740362924282806,0.05762791660852962,0.04386890869478585,0.013759007913743765,2.5649493574615367,9.333572387695312,2025-09-02,0.016161709049592687
2025-09-02,10,0.0383391062263399,0.6919900909659202,0.5,0.5,0.0,2,2025-09-01,2025-09-02,2025-09-02,9.484418869018556,10.0600004196167,10.100000381469728,9.949999809265137,10.0,14442600,2025-09-02,9.484418869018556,0.0161617090495924,-0.0079523312606949,0.0010020223905278,10.0,10.100000381469728,9.949999809265137,14442600,0.016161709049592687,0.016032498941677797,-0.051558113098144356,0.015815473175122812,16.485692799862196,-0.05407936705461647,0.01718908773840866,0.021527238346077393,0.013274073968148947,0.019476751040018225,0.012058237434140437,0.008368754114064193,68.0039236367839,0.07200111159768241,0.04949534927536517,0.02250576232231724,2.3978952727983707,9.484418869018556,2025-09-03,-0.007952331260695167
2025-09-03,3,0.2096438010533651,0.0029908373567504,1.0,0.0,0.0,1,2025-09-03,2025-09-03,2025-09-03,9.408995628356934,9.979999542236328,10.079999923706056,9.970000267028809,10.0600004196167,8502700,2025-09-03,9.408995628356934,-0.0079523312606949,0.0010020223905278,0.001000918090473,10.0600004196167,10.079999923706056,9.970000267028809,8502700,-0.007952331260695167,-0.007984119687158842,-0.06471220319139608,0.011690903155032796,15.955894435689915,-0.41127636298173464,0.004428320728459445,0.01155481067636166,0.003471419396585018,0.009283156136919324,0.011423109547318056,0.00904638937468571,61.84296515165568,0.07642496754383821,0.05488127292905978,0.021543694614778425,1.3862943611198906,9.408995628356934,2025-09-04,0.0010020223905278236
2025-09-04,3,-0.1811987534165382,0.3811571541159944,0.3333333333333333,0.3333333333333333,0.3333333333333333,1,2025-09-04,2025-09-04,2025-09-04,9.418423652648926,9.989999771118164,10.039999961853027,9.979999542236328,9.979999542236328,8335900,2025-09-04,9.418423652648926,0.0010020223905278,0.001000918090473,0.0040000736408458,9.979999542236328,10.039999961853027,9.979999542236328,8335900,0.0010020223905278236,0.001001520701200409,-0.05627013179817881,0.006370537345686732,15.936082166705146,-0.01961729803474188,0.0014033735314271656,0.010622144686543322,0.002980166162658726,0.00840702111732372,0.01154887719219424,0.009029050563168712,62.30271811390862,0.07977210485208097,0.059859439313664026,0.019912665538416946,1.3862943611198906,9.418423652648926,2025-09-08,0.0010009180904730908
2025-09-08,6,0.5349616265545288,0.3729354936243301,0.8333333333333334,0.0,0.1666666666666666,2,2025-09-05,2025-09-08,2025-09-08,9.427850723266602,10.0,10.0600004196167,9.989999771118164,10.0,11547400,2025-09-08,9.427850723266602,0.001000918090473,0.0040000736408458,-0.0069720378964515,10.0,10.0600004196167,9.989999771118164,11547400,0.0010009180904730908,0.0010004175059625808,-0.05721492767333984,0.007424878750549525,16.261970947965885,0.3852613395074318,0.0014019074433955225,0.00938721869462844,0.002652522161430415,0.007691121897618336,0.00930480933242151,0.00893004284614231,62.78555694751628,0.08223743909040948,0.06433503926901313,0.017902399821396353,1.9459101490553132,9.427850723266602,2025-09-09,0.004000073640845869
2025-09-09,3,0.6881137235711018,0.2139966040207584,1.0,0.0,0.0,1,2025-09-09,2025-09-09,2025-09-09,9.46556282043457,10.039999961853027,10.039999961853027,9.989999771118164,10.020000457763672,14188000,2025-09-09,9.46556282043457,0.0040000736408458,-0.0069720378964515,0.0103412464202596,10.020000457763672,10.039999961853027,9.989999771118164,14188000,0.004000073640845869,0.003992094616990904,-0.0553330950099422,0.00528232622648927,16.467907165357744,0.2286748532137104,0.00259637231133647,0.010975719774963144,0.004432292963686635,0.009570298183235959,0.008689770856382534,0.008946132136719466,64.73165977605825,0.08624016239491716,0.06871606389419394,0.01752409850072323,1.3862943611198906,9.46556282043457,2025-09-10,-0.006972037896451511
2025-09-10,5,0.473750326456502,0.3447387487009083,1.0,0.0,0.0,1,2025-09-10,2025-09-10,2025-09-10,9.399568557739258,9.970000267028809,10.0600004196167,9.949999809265137,10.0600004196167,13630000,2025-09-10,9.399568557739258,-0.0069720378964515,0.0103412464202596,0.0102353996304711,10.0600004196167,10.0600004196167,9.949999809265137,13630000,-0.006972037896451511,-0.006996456115353045,-0.0656492877067499,0.011702729723801212,16.427783877040284,-0.0393290104313504,-0.002600966675883609,0.002715538153599484,-0.0017152344523108098,0.002070303650081984,0.005337069533071374,0.009355104539478498,58.92454173375039,0.08312890571027509,0.07159863225741017,0.01153027345286492,1.791759469228055,9.399568557739258,2025-09-11,0.010341246420259687
2025-09-11,14,-0.1666518093885055,0.5809935954477778,0.4285714285714285,0.5714285714285714,0.0,1,2025-09-11,2025-09-11,2025-09-11,9.496771812438965,9.770000457763672,9.779999732971191,9.68000030517578,9.739999771118164,11221500,2025-09-11,9.496771812438965,0.0103412464202596,0.0102353996304711,0.0070921386574887,9.739999771118164,9.779999732971191,9.68000030517578,11221500,0.010341246420259687,0.010288141531547002,-0.02497207026641196,0.01052983369195327,16.233342228077348,-0.17670579603815117,0.005839697905685837,0.009803465244476728,0.005722429456387124,0.010149478200935702,0.006244786896229676,0.008808249247435307,64.04142689512898,0.08749807927287989,0.07477852166050412,0.012719557612375768,2.70805020110221,9.496771812438965,2025-09-12,0.010235399630471154
2025-09-12,7,0.3352099067664572,0.4264441152042942,0.5714285714285714,0.2857142857142857,0.1428571428571428,1,2025-09-12,2025-09-12,2025-09-12,9.593975067138672,9.869999885559082,9.869999885559082,9.75,9.800000190734863,5982300,2025-09-12,9.593975067138672,0.0102353996304711,0.0070921386574887,-0.006036208962687,9.800000190734863,9.869999885559082,9.75,5982300,0.010235399630471154,0.010183372637882382,-0.021022971386365084,0.01250783796281754,15.604315834525666,-0.4668894532816469,0.012370203174809413,0.01620486221121964,0.010620897443972321,0.016701316145011802,0.007212538601022664,0.009079642690249997,68.29484276773222,0.09767819763247232,0.07935845685489777,0.018319740777574547,2.0794415416798357,9.593975067138672,2025-09-17,0.0070921386574887
2025-09-17,9,0.4169891843468779,0.2605832426557027,0.8888888888888888,0.0,0.1111111111111111,4,2025-09-13,2025-09-17,2025-09-17,9.662016868591309,9.9399995803833,9.9399995803833,9.829999923706056,9.869999885559082,12289100,2025-09-17,9.662016868591309,0.0070921386574887,-0.006036208962687,-0.0080971547348991,9.869999885559082,9.9399995803833,9.829999923706056,12289100,0.0070921386574887,0.007067107721019816,-0.02107224107186424,0.011384751048699206,16.32422332996516,1.0542433512194305,0.014536325362076719,0.020371620457283912,0.011789004960593541,0.019479594303463132,0.007152386443087415,0.00808982454635338,70.89051361848304,0.10996876800008337,0.0854805190839349,0.024488248916148467,2.302585092994046,9.662016868591309,2025-09-18,-0.006036208962687084
2025-09-18,6,-0.4467311122765143,0.5474704625362767,0.1666666666666666,0.8333333333333334,0.0,1,2025-09-18,2025-09-18,2025-09-18,9.603694915771484,9.880000114440918,9.949999809265137,9.81999969482422,9.9399995803833,6333800,2025-09-18,9.603694915771484,-0.006036208962687,-0.0080971547348991,0.0040816269322905,9.9399995803833,9.949999809265137,9.81999969482422,6333800,-0.006036208962687084,-0.006054500516915695,-0.03383346869304878,0.0135364685760088,15.661411087841675,-0.48460017413805734,0.005495586053661183,0.011327461620096901,0.0037805967432822385,0.010876576702433693,0.00871868784455177,0.00820657341232482,65.90959667386173,0.11369246344207085,0.0911229079555621,0.02256955548650874,1.9459101490553132,9.603694915771484,2025-09-19,-0.008097154734898915
2025-09-19,9,0.0682937406624357,0.556022200954468,0.5555555555555556,0.4444444444444444,0.0,1,2025-09-19,2025-09-19,2025-09-19,9.52593231201172,9.800000190734863,9.869999885559082,9.800000190734863,9.869999885559082,14915200,2025-09-19,9.52593231201172,-0.0080971547348991,0.0040816269322905,-0.0020325174880257,9.869999885559082,9.869999885559082,9.800000190734863,14915200,-0.008097154734898915,-0.008130114734352656,-0.03485993693381608,0.0073483300669639085,16.517891452206253,1.354858063090088,-0.005278128571743035,0.0027002444386159397,-0.0029023190037255064,0.002200938798363472,0.009046565963283059,0.007391657059394029,59.86941992282752,0.1091109634064722,0.09472051904574413,0.01439044436072806,2.302585092994046,9.52593231201172,2025-09-22,0.004081626932290305
2025-09-22,3,0.6833196468651296,0.2605651179782654,1.0,0.0,0.0,1,2025-09-22,2025-09-22,2025-09-22,9.564813613891602,9.84000015258789,9.859999656677246,9.8100004196167,9.8100004196167,6948400,2025-09-22,9.564813613891602,0.0040816269322905,-0.0020325174880257,0.0010183784693231,9.8100004196167,9.859999656677246,9.8100004196167,6948400,0.004081626932290305,0.004073319690120147,-0.02499355710880568,0.005227413630719341,15.754022119127919,-0.5341396695987985,-0.002635319446091078,0.00514431424769235,0.0007780050663843685,0.005141749376165183,0.008110699578790499,0.00682774358611291,61.75659517113381,0.10737968160938216,0.09725235155847174,0.010127330050910419,1.3862943611198906,9.564813613891602,2025-09-23,-0.002032517488025798
2025-09-23,11,0.3719978156414898,0.5546377333199767,0.6363636363636364,0.3636363636363636,0.0,1,2025-09-23,2025-09-23,2025-09-23,9.54537296295166,9.81999969482422,9.859999656677246,9.81999969482422,9.850000381469728,7863300,2025-09-23,9.54537296295166,-0.0020325174880257,0.0010183784693231,-0.0040691701028879,9.850000381469728,9.859999656677246,9.81999969482422,7863300,-0.002032517488025798,-0.0020345858548318496,-0.03092664027619199,0.004190508009302196,15.877717050795468,0.13167060042599732,-0.0036525923122453507,0.0017649051534252003,-0.0008377465831067576,0.0025339387718092965,0.006482760336235258,0.006927183139130539,60.23143761316597,0.10324874301406695,0.09845162984959079,0.0047971131644761605,2.4849066497880004,9.54537296295166,2025-09-24,0.0010183784693229558
2025-09-24,6,-0.2741181334325422,0.8937429300481983,0.3333333333333333,0.6666666666666666,0.0,1,2025-09-24,2025-09-24,2025-09-24,9.555093765258787,9.829999923706056,9.850000381469728,9.789999961853027,9.850000381469728,8350200,2025-09-24,9.555093765258787,0.0010183784693231,-0.0040691701028879,0.0102144897535414,9.850000381469728,9.850000381469728,9.789999961853027,8350200,0.0010183784693229558,0.0010178602737527243,-0.029939756831454837,0.006279417145528761,15.937796168393604,0.06192056770058363,-0.00040671160547578467,0.001447761227595823,0.00011984531354203298,0.0029066739900660554,0.00498339524142551,0.006927084396012494,60.75336464347492,0.09961107742669206,0.09868351936501105,0.0009275580616810164,1.9459101490553132,9.555093765258787,2025-09-25,-0.004069170102887876
2025-09-25,7,-0.1806942863123757,0.3974023333669946,0.4285714285714285,0.5714285714285714,0.0,1,2025-09-25,2025-09-25,2025-09-25,9.516212463378906,9.789999961853027,9.84000015258789,9.789999961853027,9.829999923706056,9635800,2025-09-25,9.516212463378906,-0.0040691701028879,0.0102144897535414,0.0020222417827393,9.829999923706056,9.84000015258789,9.789999961853027,9635800,-0.004069170102887876,-0.004077471703621605,-0.0319214102505148,0.005254211266013474,16.08099599078094,0.15396038418241487,-0.0026487030118883537,-0.0031564719062612268,-0.0026366797704121536,-0.0009610156236953271,0.004674189606573655,0.0070545891588184315,57.502633846589056,0.09252424324187203,0.09745166414038325,-0.0049274208985112256,2.0794415416798357,9.516212463378906,2025-09-26,0.010214489753541223
2025-09-26,11,0.2485610668293454,0.5919660478493598,0.7272727272727273,0.2727272727272727,0.0,1,2025-09-26,2025-09-26,2025-09-26,9.613415718078612,9.890000343322754,9.890000343322754,9.789999961853027,9.789999961853027,17464100,2025-09-26,9.613415718078612,0.0102144897535414,0.0020222417827393,0.0,9.789999961853027,9.890000343322754,9.789999961853027,17464100,0.010214489753541223,0.010162674399296634,-0.01803720576736268,0.010402169676452229,16.67565796052089,0.8124182735216587,0.005694541013700816,0.00477498511835317,0.005021280072604606,0.007550303251878221,0.005606841402888872,0.007110060194161663,62.85381421012949,0.09367157873417575,0.09669564705914176,-0.0030240683249660033,2.4849066497880004,9.613415718078612,2025-09-29,0.0020222417827395756
2025-09-29,11,0.2733642794403501,0.5282024717623293,0.6363636363636364,0.2727272727272727,0.0909090909090909,3,2025-09-27,2025-09-29,2025-09-29,9.632856369018556,9.90999984741211,9.93000030517578,9.890000343322754,9.890000343322754,14425800,2025-09-29,9.632856369018556,0.0020222417827393,0.0,0.0040363211482041,9.890000343322754,9.93000030517578,9.890000343322754,14425800,0.0020222417827395756,0.0020201998042783664,-0.026000400948196986,0.004152450770643117,16.484528897412968,-0.173974038169731,0.006295695487972042,0.005376906777373236,0.004691420145757741,0.007830923571755521,0.005475338794919544,0.006523910108812428,63.83464696897772,0.09505382708678312,0.09636728306467003,-0.0013134559778869154,2.4849066497880004,9.632856369018556,2025-09-30,0.0
2025-09-30,3,-0.2375902347266674,0.6896224959207925,0.0,0.6666666666666666,0.3333333333333333,1,2025-09-30,2025-09-30,2025-09-30,9.632856369018556,9.90999984741211,9.960000038146973,9.880000114440918,9.90999984741211,15324800,2025-09-30,9.632856369018556,0.0,0.0040363211482041,0.0030150217639273,9.90999984741211,9.960000038146973,9.880000114440918,15324800,0.0,0.0,-0.027966042649932632,0.008304901541286604,16.544983054384133,0.06231890085818459,0.004459754363965285,0.004969087902467306,0.0031227300842293637,0.0063980097722475815,0.005223605182410177,0.005747952838350044,63.83464696897772,0.09505355070108479,0.09610453659195299,-0.001050985890868203,1.3862943611198906,9.632856369018556,2025-10-01,0.0040363211482039585
2025-10-01,5,-0.1827844079583883,0.6447378674724082,0.4,0.6,0.0,1,2025-10-01,2025-10-01,2025-10-01,9.671737670898438,9.949999809265137,9.970000267028809,9.90999984741211,9.90999984741211,7538300,2025-10-01,9.671737670898438,0.0040363211482041,0.0030150217639273,0.0020040052578964,9.90999984741211,9.970000267028809,9.90999984741211,7538300,0.0040363211482039585,0.004028197057620364,-0.024042601431108146,0.0062036855897401105,15.835507383028181,-0.508097984965546,0.0060667253482178385,0.008923146525212422,0.004769701497165713,0.00854206322426121,0.005279402108138018,0.0054260014379940566,65.92181110735496,0.09707174512776717,0.09629797829911584,0.0007737668286513372,1.791759469228055,9.671737670898438,2025-10-02,0.003015021763927317
2025-10-02,6,0.4346103031809131,0.6766716365799232,0.6666666666666666,0.1666666666666666,0.1666666666666666,1,2025-10-02,2025-10-02,2025-10-02,9.700898170471191,9.979999542236328,10.0,9.949999809265137,9.949999809265137,11590600,2025-10-02,9.700898170471191,0.0030150217639273,0.0020040052578964,0.0020000953641075,9.949999809265137,10.0,9.949999809265137,11590600,0.003015021763927317,0.003010485701073762,-0.025035341062216852,0.005154181587748248,16.265705069018964,0.5375615191754108,0.005237664540357123,0.01093998705214183,0.005185920831283886,0.009456952611277769,0.003853619863710964,0.0050263241688844685,67.4395368961638,0.09987291457182401,0.09701296555365749,0.0028599490181665244,1.9459101490553132,9.700898170471191,2025-10-03,0.0020040052578964573
2025-10-03,5,0.6509108473081142,0.3663872562814819,1.0,0.0,0.0,1,2025-10-03,2025-10-03,2025-10-03,9.720338821411133,10.0,10.0,9.960000038146973,9.979999542236328,6072900,2025-10-03,9.720338821411133,0.0020040052578964,0.0020000953641075,-0.0069860666412087,9.979999542236328,10.0,9.960000038146973,6072900,0.0020040052578964573,0.0020019999180536097,-0.026018109492519103,0.004115078968741176,15.61934697308374,-0.476049557399962,0.005025088961237545,0.01091786822574492,0.004788719033457234,0.009373089311859761,0.001495421656055241,0.003873550870567264,68.44841459083828,0.10248023128164263,0.09810641869925453,0.004373812582388101,1.791759469228055,9.720338821411133,2025-10-06,0.0020000953641075014
2025-10-06,9,0.03492214023653,0.6319249586347636,0.4444444444444444,0.5555555555555556,0.0,1,2025-10-06,2025-10-06,2025-10-06,9.73978042602539,10.020000457763672,10.039999961853027,9.979999542236328,10.0,6783700,2025-10-06,9.73978042602539,0.0020000953641075,-0.0069860666412087,0.0050250691412911,10.0,10.039999961853027,9.979999542236328,6783700,0.0020000953641075014,0.0019980978364282365,-0.026021957397460938,0.00616034622878908,15.730033381190124,0.11704457507945132,0.00481352995010198,0.011099942668794771,0.00452201405304109,0.00930140579781824,0.0014961698466670079,0.003806339936336777,69.46728592899755,0.10490603213427008,0.09946634138625764,0.005439690748012441,2.302585092994046,9.73978042602539,2025-10-07,-0.00698606664120871
2025-10-07,6,-0.5098592263335984,0.6148473605887785,0.1666666666666666,0.8333333333333334,0.0,1,2025-10-07,2025-10-07,2025-10-07,9.671737670898438,9.949999809265137,10.020000457763672,9.949999809265137,10.020000457763672,4086900,2025-10-07,9.671737670898438,-0.0069860666412087,0.0050250691412911,0.0,10.020000457763672,10.020000457763672,9.949999809265137,4086900,-0.00698606664120871,-0.007010583455555608,-0.03475676356834837,0.007237649622069679,15.223297539106467,-0.39754116485103996,-0.003005997937855609,0.0027209523813855885,-0.0016651476582062452,0.0018404497179798085,0.004441053496741093,0.004602583220972445,61.92971043109811,0.10018316593022902,0.09960970629505192,0.0005734596351771037,1.9459101490553132,9.671737670898438,2025-10-08,0.005025069141291194
2025-10-08,7,-0.2039562159084848,0.7898035875422001,0.2857142857142857,0.7142857142857143,0.0,1,2025-10-08,2025-10-08,2025-10-08,9.720338821411133,10.0,10.0,9.949999809265137,9.970000267028809,3842400,2025-10-08,9.720338821411133,0.0050250691412911,0.0,-0.0049999440766036,9.970000267028809,10.0,9.949999809265137,3842400,0.005025069141291194,0.0050124856191273715,-0.025041267696182135,0.005143873238731877,15.161607989586726,-0.059825295456213734,0.0010009701323718811,0.006036169242994216,0.002231875916428816,0.005617787568477306,0.004638057144263592,0.00474506560165247,64.86244167820188,0.09921824098585041,0.09953141323321163,-0.0003131722473612153,2.0794415416798357,9.720338821411133,2025-10-09,0.0
2025-10-09,12,0.5427222947667664,0.4184187352334088,0.75,0.1666666666666666,0.0833333333333333,1,2025-10-09,2025-10-09,2025-10-09,9.720338821411133,10.0,10.0,9.949999809265137,10.0,8997700,2025-10-09,9.720338821411133,0.0,-0.0049999440766036,-0.0020100473773639,10.0,10.0,9.949999809265137,8997700,0.0,0.0,-0.027966117858886717,0.005143873238731877,16.01247965822456,1.3416874869872997,0.0006003299222880898,0.003915229544003251,0.0014868111516186389,0.004591681630212285,0.004506606579674702,0.004350969997552319,64.86244167820188,0.09733155345409017,0.09909144127738734,-0.0017598878232971682,2.5649493574615367,9.720338821411133,2025-10-10,-0.004999944076603646
2025-10-10,7,-0.0482629502325185,0.6653232584061719,0.4285714285714285,0.5714285714285714,0.0,1,2025-10-10,2025-10-10,2025-10-10,9.671737670898438,9.949999809265137,10.0,9.949999809265137,10.0,13635800,2025-10-10,9.671737670898438,-0.0049999440766036,-0.0020100473773639,-0.0010070973040954,10.0,10.0,9.949999809265137,13635800,-0.004999944076603646,-0.0050124856191273715,-0.03282623291015625,0.005169721557410543,16.428209318410943,0.515476177245296,-0.0034054340721705323,-0.0017056113995883582,-0.002349802143611468,-0.00035284451704420405,0.004953137142160729,0.0038413330639862683,59.542773839196805,0.09086717311390302,0.09744658764469048,-0.006579414530787461,2.0794415416798357,9.671737670898438,2025-10-13,-0.002010047377363988
2025-10-13,5,0.0728085750713944,0.7797260680759149,0.4,0.6,0.0,1,2025-10-13,2025-10-13,2025-10-13,9.652297019958496,9.93000030517578,9.960000038146973,9.880000114440918,9.899999618530272,11714400,2025-10-13,9.652297019958496,-0.0020100473773639,-0.0010070973040954,0.0,9.899999618530272,9.960000038146973,9.880000114440918,11714400,-0.002010047377363988,-0.0020120702337398377,-0.02502046546629553,0.008288174673928412,16.2763294975882,-0.14090849088428992,-0.0036122569835036478,-0.003912107308103763,-0.002907638582654082,-0.0019335253292654953,0.004663701578586212,0.0038881636099043554,57.51092899562893,0.08321614316425929,0.09460049874860425,-0.01138435558434496,1.791759469228055,9.652297019958496,2025-10-14,-0.0010070973040954279
2025-10-14,7,-0.0845418266419853,0.7033585459032918,0.4285714285714285,0.4285714285714285,0.1428571428571428,1,2025-10-14,2025-10-14,2025-10-14,9.642576217651367,9.920000076293944,9.9399995803833,9.90999984741211,9.93000030517578,19420400,2025-10-14,9.642576217651367,-0.0010070973040954,0.0,0.0,9.93000030517578,9.9399995803833,9.90999984741211,19420400,-0.0010070973040954279,-0.0010076047673237554,-0.02894502303032148,0.0031111740570196303,16.781834669429923,0.6578228505087755,-0.0040160783405081,-0.005015067600105616,-0.0026112766785102437,-0.002405656122890565,0.0036576925720204242,0.003907158906930268,56.47320958275494,0.07549796574713952,0.09077999214831131,-0.015282026401171794,2.0794415416798357,9.642576217651367,2025-10-15,0.0
2025-10-15,9,0.368590675190919,0.5402279612027886,0.6666666666666666,0.2222222222222222,0.1111111111111111,1,2025-10-15,2025-10-15,2025-10-15,9.642576217651367,9.920000076293944,9.9399995803833,9.890000343322754,9.920000076293944,7596600,2025-10-15,9.642576217651367,0.0,0.0,-0.0030241399097653,9.920000076293944,9.9399995803833,9.890000343322754,7596600,0.0,0.0,-0.02796611456743258,0.005185257127552697,15.843211468374228,-0.6088340095981546,-0.0024135320392031367,-0.004715579346894483,-0.0017423677204048138,-0.0019691253802791575,0.0020735979466493656,0.003656678080429485,56.473209582754926,0.0685905849702273,0.08634211071269451,-0.017751525742467217,2.302585092994046,9.642576217651367,2025-10-16,0.0
2025-10-16,5,0.2950474556535482,0.4964483415777644,0.8,0.2,0.0,1,2025-10-16,2025-10-16,2025-10-16,9.642576217651367,9.920000076293944,9.970000267028809,9.890000343322754,9.920000076293944,5504700,2025-10-16,9.642576217651367,0.0,-0.0030241399097653,0.0010110712901485,9.920000076293944,9.970000267028809,9.890000343322754,5504700,0.0,0.0,-0.02796611456743258,0.008296530087012388,15.521113012404081,-0.2753731932706738,-0.0008058204065444219,-0.004116071451876091,-0.0011622535045996418,-0.0016116796019026713,0.0020735979466493656,0.0034730388758711255,56.473209582754926,0.06239716031628895,0.0815531206334134,-0.01915596031712445,1.791759469228055,9.642576217651367,2025-10-17,-0.0030241399097655774
2025-10-17,7,0.1083438006628837,0.7585097941117978,0.5714285714285714,0.4285714285714285,0.0,1,2025-10-17,2025-10-17,2025-10-17,9.613415718078612,9.890000343322754,9.9399995803833,9.880000114440918,9.920000076293944,9174300,2025-10-17,9.613415718078612,-0.0030241399097653,0.0010110712901485,-0.0040403984346205,9.920000076293944,9.9399995803833,9.880000114440918,9174300,-0.0030241399097655774,-0.0030287218608351374,-0.030905681034013685,0.006241222443917636,16.03191676371656,0.6666303340781514,-0.0026219916434888635,-0.006030122530163773,-0.0027924792653551966,-0.0037921484153953244,0.001313443349612445,0.0034181141427501575,52.897119265147104,0.05450748963499308,0.07614399443372934,-0.02163650479873626,2.0794415416798357,9.613415718078612,2025-10-21,0.0010110712901487684
2025-10-21,7,0.4996147930089917,0.4249028808758945,0.8571428571428571,0.1428571428571428,0.0,2,2025-10-20,2025-10-21,2025-10-21,9.623135566711426,9.899999618530272,9.9399995803833,9.890000343322754,9.9399995803833,8248800,2025-10-21,9.623135566711426,0.0010110712901485,-0.0040403984346205,-0.0020283947402436,9.9399995803833,9.9399995803833,9.890000343322754,8248800,0.0010110712901487684,0.0010105605018386754,-0.0318776687171305,0.005195732379943332,15.925578414415618,-0.1008796311435205,-0.0010090902272354985,-0.003823721367613442,-0.0011901954418949146,-0.0022797180858052934,0.0015295139657881404,0.0033316550944644994,53.94400999715716,0.04848032828405913,0.0706112612037953,-0.022130932919736168,2.0794415416798357,9.623135566711426,2025-10-22,-0.004040398434620451
2025-10-22,9,0.051594072771776,0.6955989914550819,0.5555555555555556,0.4444444444444444,0.0,1,2025-10-22,2025-10-22,2025-10-22,9.584254264831545,9.859999656677246,9.920000076293944,9.84000015258789,9.90999984741211,8032900,2025-10-22,9.584254264831545,-0.0040403984346205,-0.0020283947402436,0.0060975524640771,9.90999984741211,9.920000076293944,9.84000015258789,8032900,-0.004040398434620451,-0.004048582897475228,-0.03287039229023092,0.008347016000984508,15.899056290917178,-0.026173504024827876,-0.0038391639726719218,-0.006949345421589315,-0.003489935893372209,-0.005169399740581837,0.002188813273370659,0.0028599867915318133,49.23040411643039,0.040104068633690204,0.06450982268977429,-0.024405754056084084,2.302585092994046,9.584254264831545,2025-10-23,-0.002028394740243744
2025-10-23,6,-0.0252920345713694,0.5447560298859625,0.5,0.5,0.0,1,2025-10-23,2025-10-23,2025-10-23,9.564813613891602,9.84000015258789,9.880000114440918,9.829999923706056,9.859999656677246,13607900,2025-10-23,9.564813613891602,-0.0020283947402436,0.0060975524640771,0.0010101491597764,9.859999656677246,9.880000114440918,9.829999923706056,13607900,-0.002028394740243744,-0.0020304547189593514,-0.029937733576465484,0.005227513337242973,16.426161137899097,0.6940208392983853,-0.0042501557696793535,-0.007364071919037096,-0.003680929954452128,-0.005888220090138563,0.002094253689701397,0.001964780095111969,47.01817309494178,0.03153362446074226,0.057914583043967884,-0.026380958583225624,1.9459101490553132,9.564813613891602,2025-10-24,0.006097552464077172
2025-10-24,6,0.3754730101985236,0.6034690764553872,0.8333333333333334,0.1666666666666666,0.0,1,2025-10-24,2025-10-24,2025-10-24,9.623135566711426,9.899999618530272,9.899999618530272,9.84000015258789,9.84000015258789,13120200,2025-10-24,9.623135566711426,0.0060975524640771,0.0010101491597764,-0.003027290362271,9.84000015258789,9.899999618530272,9.84000015258789,13120200,0.006097552464077172,0.006079037616434579,-0.02203908358877719,0.00623491849682889,16.389663661484818,-0.03583947559873313,0.002227158440858412,-0.00030295293963578107,0.0015948457825938345,0.00014189168827316578,0.004092662380063802,0.003124068180512825,53.734884196905845,0.02911199492669958,0.05215406542051422,-0.02304207049381464,1.9459101490553132,9.623135566711426,2025-10-27,0.0010101491597767076
2025-10-27,5,0.6997880568727851,0.4173479180862093,0.8,0.2,0.0,2,2025-10-26,2025-10-27,2025-10-27,9.632856369018556,9.90999984741211,9.970000267028809,9.890000343322754,9.90999984741211,6836900,2025-10-27,9.632856369018556,0.0010101491597764,-0.003027290362271,-0.0010120946904352,9.90999984741211,9.970000267028809,9.890000343322754,6836900,0.0010101491597767076,0.001009639302439691,-0.027966042649932632,0.008304901541286604,15.737845116755992,-0.478902760628649,0.002833470274038019,0.0011112564867608032,0.0017362287615774186,0.0009424987049257982,0.003834759897225918,0.002833704357166863,54.76424197105174,0.02765839482137622,0.04725493130068663,-0.01959653647931041,1.791759469228055,9.632856369018556,2025-10-28,-0.003027290362271118
2025-10-28,8,0.3084774485323578,0.5857328121581137,0.625,0.375,0.0,1,2025-10-28,2025-10-28,2025-10-28,9.603694915771484,9.880000114440918,9.93000030517578,9.869999885559082,9.90999984741211,15488100,2025-10-28,9.603694915771484,-0.003027290362271,-0.0010120946904352,0.0020263395312052,9.90999984741211,9.93000030517578,9.869999885559082,15488100,-0.003027290362271118,-0.003031881874641762,-0.03090867168081877,0.00624763907464021,16.55558260965492,1.2653688075004754,0.0002024599198089394,-0.0014150069270844057,-0.0008645853719584373,-0.0017087216617599488,0.004093088886183262,0.0029150493845897458,51.091794540194215,0.023878069182721617,0.04257955887709363,-0.018701489694372013,2.1972245773362196,9.603694915771484,2025-10-29,-0.0010120946904352834
2025-10-29,9,0.2452534979933666,0.6769924276210953,0.6666666666666666,0.3333333333333333,0.0,1,2025-10-29,2025-10-29,2025-10-29,9.593975067138672,9.869999885559082,9.90999984741211,9.850000381469728,9.880000114440918,3533300,2025-10-29,9.593975067138672,-0.0010120946904352,0.0020263395312052,-0.0020222417827393,9.880000114440918,9.90999984741211,9.850000381469728,3533300,-0.0010120946904352834,-0.0010126072041041212,-0.02894990323777253,0.006253869279678606,15.07774311942892,-0.7718700163351218,-0.001012114530904884,-0.0019212893050318813,-0.001251319090296743,-0.002225807909746247,0.0036155036895447407,0.002915146241553069,49.89087300547482,0.019868788302153106,0.03803740476210553,-0.018168616459952422,2.302585092994046,9.593975067138672,2025-10-30,0.0020263395312052346
2025-10-30,11,0.3790908148512245,0.5961875983921174,0.7272727272727273,0.1818181818181818,0.0909090909090909,1,2025-10-30,2025-10-30,2025-10-30,9.613415718078612,9.890000343322754,9.890000343322754,9.859999656677246,9.869999885559082,13328500,2025-10-30,9.613415718078612,0.0020263395312052,-0.0020222417827393,0.0081053581248213,9.869999885559082,9.890000343322754,9.859999656677246,13328500,0.0020263395312052346,0.0020242892744675167,-0.025996369853649337,0.003120710424400944,16.405415232718287,2.772252568420457,1.984048858538756e-08,0.00040464178602817036,0.0005148573225535191,-0.00016689778882172934,0.0034389067198948987,0.0030223238698507517,52.30559371416934,0.018052010042760358,0.034040325818236496,-0.015988315775476138,2.4849066497880004,9.613415718078612,2025-10-31,-0.0020222417827391315
2025-10-31,8,-0.4356370050227269,0.5942478084359252,0.125,0.875,0.0,1,2025-10-31,2025-10-31,2025-10-31,9.593975067138672,9.869999885559082,9.90999984741211,9.869999885559082,9.890000343322754,7945800,2025-10-31,9.593975067138672,-0.0020222417827393,0.0081053581248213,0.0,9.890000343322754,9.90999984741211,9.869999885559082,7945800,-0.0020222417827391315,-0.0020242892744675167,-0.02993177612819234,0.0041692793209391794,15.888154170995755,-0.40384889522451883,-0.0014164186440136506,-0.001113221248639773,-0.0010061229713412834,-0.0017915510250974265,0.002096094313829043,0.003067433226306561,49.725056995201115,0.014872066202810785,0.030206673895151352,-0.015334607692340567,2.1972245773362196,9.593975067138672,2025-11-03,0.008105358124821382
2025-11-03,10,0.2687449051532894,0.6664811355340624,0.7,0.3,0.0,1,2025-11-03,2025-11-03,2025-11-03,9.671737670898438,9.949999809265137,9.949999809265137,9.859999656677246,9.869999885559082,7031700,2025-11-03,9.671737670898438,0.0081053581248213,0.0,-0.0030151203681645,9.869999885559082,9.949999809265137,9.859999656677246,7031700,0.008105358124821382,0.008072686136366247,-0.020087357341384008,0.009305479082491516,15.765939197534166,-0.11504190893302124,0.005863325442184264,0.006372019438861898,0.004716239034626701,0.005148065015135872,0.004493552919410897,0.003944020537942494,58.53692677162046,0.018414459605876843,0.02784823103729645,-0.009433771431419609,2.3978952727983707,9.671737670898438,2025-11-04,0.0
2025-11-04,6,-0.0471591122914105,0.7512829702705539,0.3333333333333333,0.6666666666666666,0.0,1,2025-11-04,2025-11-04,2025-11-04,9.671737670898438,9.949999809265137,10.0,9.920000076293944,9.9399995803833,11476500,2025-11-04,9.671737670898438,0.0,-0.0030151203681645,0.0,9.9399995803833,10.0,9.920000076293944,11476500,0.0,0.0,-0.02698812080578767,0.008271515050162132,16.255812111456727,0.6321088783651179,0.004441746094394183,0.005863335418576865,0.003139224245775507,0.00420811434942725,0.004026231878742915,0.0039456129202403555,58.53692677162046,0.020979987661204902,0.026474582362078142,-0.00549459470087324,1.9459101490553132,9.671737670898438,2025-11-05,-0.0030151203681645367
2025-11-05,11,-0.1175044568001546,0.8481721136077243,0.3636363636363636,0.6363636363636364,0.0,1,2025-11-05,2025-11-05,2025-11-05,9.642576217651367,9.920000076293944,9.960000038146973,9.90999984741211,9.949999809265137,9886600,2025-11-05,9.642576217651367,-0.0030151203681645,0.0,-0.0010080136691084,9.949999809265137,9.960000038146973,9.90999984741211,9886600,-0.0030151203681645367,-0.003019675001063593,-0.030896843970540187,0.005185356029992759,16.106690964041885,-0.13853526772099511,0.00040334831142141425,0.0022226383595154164,7.642290542309027e-05,0.0009654977203874537,0.004410012586205293,0.0038257045652123067,54.39073711420039,0.02042465881121025,0.025264597651904565,-0.004839938840694315,2.4849066497880004,9.642576217651367,2025-11-06,0.0
2025-11-06,8,0.2774712911341339,0.637493214819269,0.75,0.25,0.0,1,2025-11-06,2025-11-06,2025-11-06,9.642576217651367,9.920000076293944,9.960000038146973,9.90999984741211,9.920000076293944,13615200,2025-11-06,9.642576217651367,0.0,-0.0010080136691084,0.0030271913600352,9.920000076293944,9.960000038146973,9.90999984741211,13615200,0.0,0.0,-0.02796611456743258,0.005185356029992759,16.426697447109927,0.37713673052414376,-0.00020160164337978959,0.0014132531635469014,5.0947305768156426e-05,0.0007898140323809866,0.004387331852469891,0.0037224510440025884,54.390737114200405,0.019756812460801854,0.024163040613684024,-0.00440622815288217,2.1972245773362196,9.642576217651367,2025-11-07,-0.0010080136691082986
2025-11-07,8,0.084190072317142,0.6821131754406659,0.625,0.375,0.0,1,2025-11-07,2025-11-07,2025-11-07,9.632856369018556,9.90999984741211,9.920000076293944,9.890000343322754,9.90999984741211,14059300,2025-11-07,9.632856369018556,-0.0010080136691084,0.0030271913600352,-0.0030180551296228,9.90999984741211,9.920000076293944,9.890000343322754,14059300,-0.0010080136691082986,-0.001008522056556771,-0.027966042649932632,0.003114313327423375,16.45879472760596,0.032617956401668646,-0.0020140760845872574,0.00030283061506919395,-0.0006382821163216645,-0.00017918550021345236,0.004256493921734281,0.003250587422171509,52.941188977242,0.018233049617712993,0.02297704241448982,-0.0047439927967768275,2.1972245773362196,9.632856369018556,2025-11-10,0.003027191360035042
2025-11-10,7,0.3781252723586346,0.7323199201621331,0.5714285714285714,0.1428571428571428,0.2857142857142857,1,2025-11-10,2025-11-10,2025-11-10,9.662016868591309,9.9399995803833,9.979999542236328,9.899999618530272,9.90999984741211,5201100,2025-11-10,9.662016868591309,0.0030271913600352,-0.0030180551296228,0.0030271913600352,9.90999984741211,9.979999542236328,9.899999618530272,5201100,0.003027191360035042,0.003022618642273933,-0.025023509852581772,0.008279836890589098,15.46438089190909,-0.6300598180563755,0.001208681198445527,0.0030272112204225987,0.0015900528878243225,0.0023285372754302536,0.0021836065098037897,0.0033732126162989724,56.67194645857597,0.01915762798727627,0.02221315952904711,-0.00305553154177084,2.0794415416798357,9.662016868591309,2025-11-11,-0.00301805512962261
2025-11-11,8,0.7480227644555272,0.3839301229936949,0.875,0.125,0.0,1,2025-11-11,2025-11-11,2025-11-11,9.632856369018556,9.90999984741211,10.0,9.899999618530272,9.9399995803833,12091400,2025-11-11,9.632856369018556,-0.0030180551296228,0.0030271913600352,0.0010060841788352,9.9399995803833,10.0,9.899999618530272,12091400,-0.00301805512962261,-0.003022618642273933,-0.03089972075762406,0.010381176427726273,16.308005096770604,1.3247774509238432,-0.0010080334296568294,-0.0003026176306279993,-0.0009556571615955134,-0.0005699730542627623,0.0025078452408713345,0.0033721993059936677,52.214067445436946,0.017337498504780058,0.0212380273241937,-0.0039005288194136414,2.1972245773362196,9.632856369018556,2025-11-12,0.003027191360035042
2025-11-12,9,-0.0150865259218133,0.7510531347907793,0.5555555555555556,0.4444444444444444,0.0,1,2025-11-12,2025-11-12,2025-11-12,9.662016868591309,9.9399995803833,9.949999809265137,9.899999618530272,9.920000076293944,14528900,2025-11-12,9.662016868591309,0.0030271913600352,0.0010060841788352,-0.0020100473773639,9.920000076293944,9.949999809265137,9.899999618530272,14528900,0.003027191360035042,0.003022618642273933,-0.026006371544204265,0.0051749227324786205,16.49165039607197,0.20158955952164348,0.0016122310878663448,0.0020160965101057027,0.0013781438658120315,0.002008143093839454,0.002628198618369172,0.003437741584037303,55.945971424078515,0.018040086500025865,0.020598439159360132,-0.0025583526593342676,2.302585092994046,9.662016868591309,2025-11-13,0.001006084178835298
2025-11-13,15,0.6156311200155566,0.285286442772998,1.0,0.0,0.0,1,2025-11-13,2025-11-13,2025-11-13,9.671737670898438,9.949999809265137,9.970000267028809,9.9399995803833,9.949999809265137,6270800,2025-11-13,9.671737670898438,0.0010060841788352,-0.0020100473773639,-0.0010070973040954,9.949999809265137,9.970000267028809,9.9399995803833,6270800,0.001006084178835298,0.0010055784153464309,-0.027966044593045115,0.0031018920969887055,15.651414655645787,-0.5683912753202238,0.0020141156057222886,0.0024179087547486766,0.0015891460189572104,0.0024664863305376983,0.002627889571116162,0.0034094321848599164,57.14740389936576,0.019160410765815428,0.020310833480651193,-0.0011504227148357651,2.772588722239781,9.671737670898438,2025-11-14,-0.002010047377363988
2025-11-14,7,-0.2431443840198751,0.750142924012898,0.2857142857142857,0.7142857142857143,0.0,1,2025-11-14,2025-11-14,2025-11-14,9.652297019958496,9.93000030517578,9.960000038146973,9.920000076293944,9.920000076293944,9101900,2025-11-14,9.652297019958496,-0.0020100473773639,-0.0010070973040954,0.0,9.920000076293944,9.960000038146973,9.920000076293944,9101900,-0.002010047377363988,-0.0020120702337398377,-0.026986194987556875,0.00414408733696439,16.023993850769184,0.45147349620463095,-0.0004026372184737781,-0.00020134927027515293,-0.00028277038535673427,0.000369363387990429,0.0028134865672250703,0.003408388037964378,53.9769912955978,0.018268984280659595,0.019902463640652873,-0.0016334793599932784,2.0794415416798357,9.652297019958496,2025-11-17,-0.0010070973040954279
2025-11-17,8,0.4027114895870909,0.4701779306967582,0.75,0.125,0.125,2,2025-11-15,2025-11-17,2025-11-17,9.642576217651367,9.920000076293944,9.979999542236328,9.920000076293944,9.93000030517578,10284800,2025-11-17,9.642576217651367,-0.0010070973040954,0.0,0.0010081125715484,9.93000030517578,9.979999542236328,9.920000076293944,10284800,-0.0010070973040954279,-0.0010076047673237554,-0.02894502303032148,0.0062223481140394445,16.146177732316136,0.1299618760918051,-0.001007077563428882,-0.0009064591202845307,-0.0008600916612760967,-0.000522147225386127,0.0024257856949575613,0.0021784677185535555,52.41125075854169,0.01658693104664266,0.01923935712185083,-0.002652426075208169,2.1972245773362196,9.642576217651367,2025-11-18,0.0
2025-11-18,4,-0.4009855351177975,0.5832926476230136,0.0,0.75,0.25,1,2025-11-18,2025-11-18,2025-11-18,9.642576217651367,9.920000076293944,9.949999809265137,9.920000076293944,9.93000030517578,10540800,2025-11-18,9.642576217651367,0.0,0.0010081125715484,-0.0030211931094507,9.93000030517578,9.949999809265137,9.920000076293944,10540800,0.0,0.0,-0.02894502303032148,0.0031111740570198146,16.17076409439486,0.024891101431238294,-0.001208233929704372,-0.0006044920210600546,-0.0005735588785868995,-0.00042725192775372456,0.0019380482424632209,0.0021784677185535555,52.41125075854169,0.015080058216041081,0.01840749734068888,-0.0033274391246478005,1.6094379124341003,9.642576217651367,2025-11-19,0.0010081125715484252
2025-11-19,5,0.5352097574621439,0.207289804500569,1.0,0.0,0.0,1,2025-11-19,2025-11-19,2025-11-19,9.652297019958496,9.93000030517578,9.960000038146973,9.90999984741211,9.90999984741211,8296000,2025-11-19,9.652297019958496,0.0010081125715484,-0.0030211931094507,0.0040403984346206,9.90999984741211,9.960000038146973,9.90999984741211,8296000,0.0010081125715484252,0.0010076047673237554,-0.026004322040520476,0.005180133871914177,15.931284149431512,-0.2129629629629629,1.976056740460308e-08,0.0003022303871207388,0.0002892751412573169,0.0004748471000783905,0.0013116641014841634,0.001984115185183283,53.96011971336704,0.01450305594629775,0.017626609061810655,-0.003123553115512906,1.791759469228055,9.652297019958496,2025-11-20,-0.003021193109450704
2025-11-20,8,0.2990592985297553,0.5851093823880393,0.625,0.25,0.125,1,2025-11-20,2025-11-20,2025-11-20,9.623135566711426,9.899999618530272,9.970000267028809,9.899999618530272,9.949999809265137,11768100,2025-11-20,9.623135566711426,-0.0030211931094507,0.0040403984346206,0.0020120696542289,9.949999809265137,9.970000267028809,9.899999618530272,11768100,-0.003021193109450704,-0.0030257661263202174,-0.03285067827331463,0.007274203715957697,16.280903123823453,0.41852700096432005,-0.002016145981264539,-0.0025189128525745508,-0.0018235223852539617,-0.0020855138537241302,0.0015919956853873765,0.0022177273244296486,48.82613610960172,0.011559441875407472,0.01641317562453002,-0.004853733749122548,2.1972245773362196,9.623135566711426,2025-11-21,0.004040398434620673
2025-11-21,11,0.1230970310597596,0.8787342282296269,0.4545454545454545,0.4545454545454545,0.0909090909090909,1,2025-11-21,2025-11-21,2025-11-21,9.662016868591309,9.9399995803833,9.9399995803833,9.899999618530272,9.899999618530272,16576200,2025-11-21,9.662016868591309,0.0040403984346206,0.0020120696542289,0.0020080293592903,9.899999618530272,9.9399995803833,9.899999618530272,16576200,0.004040398434620673,0.004032257944713624,-0.024038662536261125,0.004139918445294641,16.62347854993308,0.4085706273740026,0.001814137955291395,0.001208681198445527,0.0014719214540308556,0.0015919933607799752,0.002611263738134444,0.0025612510702401415,54.97695270373561,0.012223102318827728,0.015575160963389564,-0.003352058644561836,2.4849066497880004,9.662016868591309,2025-11-24,0.002012069654228954
2025-11-24,11,0.2304713036864996,0.7001071181590749,0.6363636363636364,0.2727272727272727,0.0909090909090909,2,2025-11-23,2025-11-24,2025-11-24,9.68145751953125,9.960000038146973,9.979999542236328,9.920000076293944,9.9399995803833,29333500,2025-11-24,9.68145751953125,0.0020120696542289,0.0020080293592903,0.0,9.9399995803833,9.979999542236328,9.920000076293944,29333500,0.002012069654228954,0.002010048153228361,-0.026010268789375644,0.006197358798646012,17.194240799667128,0.7696154727862838,0.0030211339471479803,0.0030211240370145998,0.0023219363171176344,0.002949465176062427,0.0026102591924993257,0.002459478309949761,57.71372511996647,0.014154590748979956,0.015291046920507643,-0.0011364561715276871,2.4849066497880004,9.68145751953125,2025-11-25,0.002008029359290342
2025-11-25,7,0.6408171228000096,0.6629425241913488,0.8571428571428571,0.1428571428571428,0.0,1,2025-11-25,2025-11-25,2025-11-25,9.700898170471191,9.979999542236328,9.989999771118164,9.949999809265137,9.960000038146973,11171600,2025-11-25,9.700898170471191,0.0020080293592903,0.0,0.0,9.960000038146973,9.989999771118164,9.949999809265137,11171600,0.002008029359290342,0.0020060159631918317,-0.026014243642913316,0.004123325608631192,16.22888549112372,-0.6191521639081596,0.00382215339107983,0.004327240893522433,0.002885582818922261,0.0040573161842489824,0.0026093617139055685,0.0022308588807150027,60.311790005842404,0.01705738044018723,0.015644313624443563,0.001413066815743668,2.0794415416798357,9.700898170471191,2025-11-26,0.0
2025-11-26,5,0.8152420803904533,0.1340630020181354,1.0,0.0,0.0,1,2025-11-26,2025-11-26,2025-11-26,9.700898170471191,9.979999542236328,10.0,9.970000267028809,9.979999542236328,9291000,2025-11-26,9.700898170471191,0.0,0.0,-0.0070139692487187,9.979999542236328,10.0,9.970000267028809,9291000,0.0,0.0,-0.027966070597894577,0.003092469629514136,16.044556855254484,-0.16833757026746388,0.0028135009400025446,0.003923126281979217,0.001921873304419064,0.0033171752727636505,0.0026671199763382463,0.0020813149684853656,60.311790005842404,0.0191372597658912,0.016342902852733092,0.0027943569131581095,1.791759469228055,9.700898170471191,2025-11-27,0.0
2025-11-27,10,0.2408582088071852,0.8278012638516831,0.6,0.4,0.0,1,2025-11-27,2025-11-27,2025-11-27,9.700898170471191,9.979999542236328,10.0,9.960000038146973,10.0,7827900,2025-11-27,9.700898170471191,0.0,-0.0070139692487187,0.0060544817223062,10.0,10.0,9.960000038146973,7827900,0.0,0.0,-0.029910182952880858,0.004123325608631192,15.873204960509598,-0.15747497578301584,0.0012038506685796424,0.0036202586290292604,0.001280428595767269,0.002712416575680221,0.00168901612554691,0.0020732584374025097,60.311790005842404,0.02054870641975093,0.01718406356613666,0.003364642853614267,2.3978952727983707,9.700898170471191,2025-11-28,-0.0070139692487185545
2025-11-28,9,-0.3252714297785941,0.7788962327041139,0.3333333333333333,0.6666666666666666,0.0,1,2025-11-28,2025-11-28,2025-11-28,9.632856369018556,9.90999984741211,10.0,9.899999618530272,9.979999542236328,14660700,2025-11-28,9.632856369018556,-0.0070139692487187,0.0060544817223062,0.0371113302513093,9.979999542236328,10.0,9.899999618530272,14660700,-0.0070139692487185545,-0.007038682758694126,-0.034783886687432,0.010381176427726273,16.500681070469206,0.8728777833135324,-0.0052197887317380065,-0.0032186243239876733,-0.0038356898703983955,-0.0035377970880235976,0.0037243697126549532,0.003061767913113711,47.54285042883502,0.015992531386869402,0.01694575713028321,-0.0009532257434138082,2.302585092994046,9.632856369018556,2025-12-01,0.006054481722306271
2025-12-01,7,0.695788169944925,0.2208713068158433,1.0,0.0,0.0,1,2025-12-01,2025-12-01,2025-12-01,9.69117832183838,9.970000267028809,9.989999771118164,9.920000076293944,9.920000076293944,12913500,2025-12-01,9.69117832183838,0.0060544817223062,0.0371113302513093,-0.0077369328953436,9.920000076293944,9.989999771118164,9.920000076293944,12913500,0.006054481722306271,0.006036226992738758,-0.023066708941100068,0.007223032380539444,16.373783911186592,-0.1191757555914793,0.0006021965018450093,0.0023122862459878935,0.001462642048078333,0.0020406547281097698,0.004734575151489867,0.0036180586488622673,56.118631973136196,0.016893090986201287,0.016935223901466828,-4.213291526554072e-05,2.0794415416798357,9.69117832183838,2025-12-02,0.03711133025130908
2025-12-02,10,0.5920660332776606,0.5517922800428285,0.9,0.1,0.0,1,2025-12-02,2025-12-02,2025-12-02,10.050830841064451,10.34000015258789,10.34000015258789,9.970000267028809,9.979999542236328,23648700,2025-12-02,10.050830841064451,0.0371113302513093,-0.0077369328953436,-0.0019494105677062,9.979999542236328,10.34000015258789,9.970000267028809,23648700,0.03711133025130908,0.03643928149005138,0.007097324857416905,0.03681286566354116,16.9788187453895,0.8313160645835753,0.030290968584721245,0.035138677001297136,0.025424796767893776,0.03186811100706022,0.017332860410851855,0.012108651267527339,78.96071563252315,0.04609637322039184,0.02276745376525183,0.02332891945514001,2.3978952727983707,10.050830841064451,2025-12-03,-0.007736932895343385
2025-12-03,12,0.5549917912576348,0.3683988460709931,0.9166666666666666,0.0833333333333333,0.0,1,2025-12-03,2025-12-03,2025-12-03,9.973068237304688,10.260000228881836,10.380000114440918,10.199999809265137,10.300000190734863,9302900,2025-12-03,9.973068237304688,-0.0077369328953436,-0.0019494105677062,-0.0058592713287,10.300000190734863,10.380000114440918,10.199999809265137,9302900,-0.007736932895343385,-0.007767018239984047,-0.0317409657646667,0.018048638682976462,16.045836844965596,-0.6066210827656489,0.01664686424806261,0.023747790221493092,0.011593176605221522,0.019457462003212855,0.01844913315763205,0.012669201790831794,70.42473972896386,0.06224783822394464,0.030663530656990394,0.031584307566954246,2.5649493574615367,9.973068237304688,2025-12-04,-0.0019494105677062556
2025-12-04,12,0.2567199673891688,0.7413310511381591,0.6666666666666666,0.3333333333333333,0.0,1,2025-12-04,2025-12-04,2025-12-04,9.95362663269043,10.239999771118164,10.260000228881836,10.15999984741211,10.260000228881836,11408500,2025-12-04,9.95362663269043,-0.0019494105677062,-0.0058592713287,-0.0058939974826474,10.260000228881836,10.260000228881836,10.15999984741211,11408500,-0.0019494105677062556,-0.001951313141487443,-0.029860973621517718,0.01004662774282672,16.2498693372217,0.22633802362704114,0.009463651002768358,0.01829747901289691,0.006393606135320029,0.014248476587743752,0.018619070522734225,0.012613769634754503,68.4329059945685,0.07264184561392462,0.03905919364837724,0.033582651965547376,2.5649493574615367,9.95362663269043,2025-12-05,-0.005859271328700011
2025-12-05,8,-0.0902239141287282,0.7160721620466803,0.5,0.5,0.0,1,2025-12-05,2025-12-05,2025-12-05,9.895305633544922,10.18000030517578,10.239999771118164,10.079999923706056,10.239999771118164,6986900,2025-12-05,9.895305633544922,-0.0058592713287,-0.0058939974826474,-0.0019761849547796,10.239999771118164,10.239999771118164,10.079999923706056,6986900,-0.005859271328700011,-0.005876504206661526,-0.03366153762478093,0.016169267866745902,15.759547668262886,-0.3875706709909278,-0.001765020612880086,0.009920679415518663,0.0003311937685963606,0.00678534198389702,0.018434505120603975,0.012946598642003435,62.703650490636335,0.07530508400057556,0.04630837171881691,0.028996712281758652,2.1972245773362196,9.895305633544922,2025-12-08,-0.005893997482647628
2025-12-08,5,-0.3383558128029108,0.5984581348115381,0.2,0.6,0.2,1,2025-12-08,2025-12-08,2025-12-08,9.83698272705078,10.119999885559082,10.199999809265137,10.020000457763672,10.18000030517578,8398100,2025-12-08,9.83698272705078,-0.0058939974826474,-0.0019761849547796,0.0019800979946456,10.18000030517578,10.199999809265137,10.020000457763672,8398100,-0.005893997482647628,-0.005911435639874174,-0.03369524242063145,0.018298227870877877,15.943516166826972,0.20197798737637584,-0.010559291886401811,0.00237713688295349,-0.0037167314137188656,0.0006964526874293497,0.0191106049300478,0.013215770960333035,57.51764260995928,0.07188094963730052,0.05142288730251363,0.020458062334786885,1.791759469228055,9.83698272705078,2025-12-09,-0.0019761849547794696
2025-12-09,3,0.2402421931425731,0.4513559712218179,0.6666666666666666,0.3333333333333333,0.0,1,2025-12-09,2025-12-09,2025-12-09,9.817543029785156,10.100000381469728,10.18000030517578,10.0600004196167,10.18000030517578,8804400,2025-12-09,9.817543029785156,-0.0019761849547796,0.0019800979946456,0.0138340702662498,10.18000030517578,10.18000030517578,10.0600004196167,8804400,-0.0019761849547794696,-0.001978140184622834,-0.035604839344291615,0.012223005816731958,15.990762268069654,0.048379990712184906,-0.007858496560652406,-0.000791402669628738,-0.0037975780803310988,-0.0010484239609027668,0.002596920966126294,0.01326448293198103,55.859312614716636,0.06682832208206513,0.05450397425842394,0.01232434782364119,1.3862943611198906,9.817543029785156,2025-12-10,0.00198009799464538
2025-12-10,6,-0.2690959970156352,0.3526559637828846,0.3333333333333333,0.6666666666666666,0.0,1,2025-12-10,2025-12-10,2025-12-10,9.83698272705078,10.119999885559082,10.119999885559082,10.0600004196167,10.100000381469728,7198200,2025-12-10,9.83698272705078,0.0019800979946456,0.0138340702662498,0.0038986298854795,10.100000381469728,10.119999885559082,10.0600004196167,7198200,0.00198009799464538,0.001978140184622834,-0.02604135093910513,0.006099376974342947,15.789341691654684,-0.1824315115169688,-0.003152122528775503,-0.0001976375958469001,-0.001217407030758233,0.0007604516941106532,0.003285016118340505,0.01325813608781728,57.18858547866093,0.06365887951061033,0.05633495530886122,0.007323924201749113,1.9459101490553132,9.83698272705078,2025-12-11,0.013834070266250054
2025-12-11,10,0.2992883920669555,0.6177570808994296,0.8,0.2,0.0,1,2025-12-11,2025-12-11,2025-12-11,9.973068237304688,10.260000228881836,10.260000228881836,10.140000343322754,10.140000343322754,7073000,2025-12-11,9.973068237304688,0.0138340702662498,0.0038986298854795,0.0058252343953157,10.140000343322754,10.260000228881836,10.140000343322754,7073000,0.013834070266250054,0.013739252988023143,-0.016462731791522286,0.012032393913662131,15.77179541740084,-0.017393237198188416,0.0102402762663516,0.010837461793776093,0.008364749576756036,0.011917932283384669,0.008176317250132866,0.013798269095181424,65.10970788643294,0.07130606487219637,0.05932917722152825,0.011976887650668122,2.3978952727983707,9.973068237304688,2025-12-12,0.00389862988547951
2025-12-12,7,0.5064834116825035,0.4523286691757426,0.8571428571428571,0.1428571428571428,0.0,1,2025-12-12,2025-12-12,2025-12-12,10.01194953918457,10.300000190734863,10.34000015258789,10.199999809265137,10.260000228881836,11934800,2025-12-12,10.01194953918457,0.0038986298854795,0.0058252343953157,0.0,10.260000228881836,10.34000015258789,10.199999809265137,11934800,0.00389862988547951,0.0038910499225801587,-0.024176479937983286,0.013983324903389029,16.29496914396713,0.6873745228333097,0.011787841217421047,0.010894119815992198,0.008163866076638104,0.012941513532459092,0.007434658820666971,0.013355455526981561,66.98902101131075,0.07958648700206616,0.06338063917763584,0.016205847824430325,2.0794415416798357,10.01194953918457,2025-12-15,0.005825234395316015
2025-12-15,8,0.3626894839690067,0.5505775304978823,0.625,0.375,0.0,1,2025-12-15,2025-12-15,2025-12-15,10.070271492004396,10.359999656677246,10.359999656677246,10.279999732971191,10.300000190734863,8003400,2025-12-15,10.070271492004396,0.0058252343953157,0.0,-0.0057914975645027,10.300000190734863,10.359999656677246,10.279999732971191,8003400,0.005825234395316015,0.0058083333208194254,-0.02230375674527796,0.007944167520167963,15.89537713430408,-0.32940644166638733,0.012905749787350596,0.012905759503562875,0.009314191234710556,0.015363659019507203,0.0058589276659213665,0.013351630908593265,69.63140082666001,0.08981949217773888,0.06866840977765645,0.021151082400082427,2.1972245773362196,10.070271492004396,2025-12-16,0.0
2025-12-16,7,0.2246883078810892,0.772467266009056,0.5714285714285714,0.4285714285714285,0.0,1,2025-12-16,2025-12-16,2025-12-16,10.070271492004396,10.359999656677246,10.399999618530272,10.300000190734863,10.359999656677246,7523300,2025-12-16,10.070271492004396,0.0,-0.0057914975645027,0.0,10.359999656677246,10.399999618530272,10.300000190734863,7523300,0.0,0.0,-0.027966039987859813,0.00993016204923631,15.83351556237601,-0.0599870055226529,0.007782109262913117,0.012707733241295038,0.006190241791196094,0.012535250594894354,0.00533846274043789,0.006503165696326604,69.63140082666001,0.09681321996861847,0.07429737181584886,0.022515848152769607,2.0794415416798357,10.070271492004396,2025-12-17,-0.005791497564502812
2025-12-17,11,0.1732643143146891,0.7057744594277156,0.5454545454545454,0.4545454545454545,0.0,1,2025-12-17,2025-12-17,2025-12-17,10.01194953918457,10.300000190734863,10.359999656677246,10.239999771118164,10.359999656677246,5527700,2025-12-17,10.01194953918457,-0.0057914975645027,0.0,0.0135922135890702,10.359999656677246,10.359999656677246,10.239999771118164,5527700,-0.005791497564502812,-0.0058083333208194254,-0.033595572299884184,0.011985666237072895,15.52528255468896,-0.26525593821860083,-0.001550986542709465,0.006449110936350477,0.0002418997096833575,0.005451605400267789,0.0072616519867138105,0.006263630327386421,63.71636727064211,0.09653688829813944,0.07874527511230699,0.01779161318583246,2.4849066497880004,10.01194953918457,2025-12-18,0.0
2025-12-18,8,0.0280762502225115,0.6877302594549122,0.5,0.5,0.0,1,2025-12-18,2025-12-18,2025-12-18,10.01194953918457,10.300000190734863,10.34000015258789,10.279999732971191,10.279999732971191,9239700,2025-12-18,10.01194953918457,0.0,0.0135922135890702,0.0038314122235865,10.279999732971191,10.34000015258789,10.279999732971191,9239700,0.0,0.0,-0.026074922251884874,0.005992880745340432,16.039020083786934,0.6715270365613184,-0.0023246770426595953,0.005859385853673071,0.00016125347073292495,0.004455987639077952,0.004460420753294641,0.006212276825038021,63.71636727064211,0.09522025364693221,0.08204027081923204,0.013179982827700165,2.1972245773362196,10.01194953918457,2025-12-19,0.013592213589070257
2025-12-19,10,0.4137501358985901,0.663997090033695,0.7,0.2,0.1,1,2025-12-19,2025-12-19,2025-12-19,10.14803409576416,10.4399995803833,10.479999542236328,10.300000190734863,10.300000190734863,15901400,2025-12-19,10.14803409576416,0.0135922135890702,0.0038314122235865,0.0057251828000173,10.300000190734863,10.479999542236328,10.300000190734863,15901400,0.013592213589070257,0.013500668058693766,-0.014753989529767277,0.017737361719803196,16.581917776516267,0.720986612119441,0.008500760712599087,0.01694914768292799,0.00912858267790817,0.014767642187591079,0.007332969471535646,0.006964229242428815,70.49819584884006,0.10395931928955093,0.08642408051329584,0.017535238776255097,2.3978952727983707,10.14803409576416,2025-12-22,0.0038314122235865167
2025-12-22,5,-0.1207648903131485,0.6532014662028289,0.4,0.6,0.0,1,2025-12-22,2025-12-22,2025-12-22,10.186915397644045,10.479999542236328,10.5,10.4399995803833,10.4399995803833,11775300,2025-12-22,10.186915397644045,0.0038314122235865,0.0057251828000173,-0.0056925916720887,10.4399995803833,10.5,10.4399995803833,11775300,0.0038314122235865167,0.0038240910580831233,-0.02424178093022147,0.005889949732043095,16.281514760172733,-0.2594802973323104,0.01002311608450035,0.017278183413768522,0.008625948860186083,0.015212103193090076,0.007174750037480308,0.0063020993532970655,72.10260921323952,0.11272308631860639,0.09168388167435795,0.021039204644248438,1.791759469228055,10.186915397644045,2025-12-23,0.0057251828000173255
2025-12-23,4,0.7837062246399,0.215146803514622,1.0,0.0,0.0,1,2025-12-23,2025-12-23,2025-12-23,10.245237350463867,10.539999961853027,10.539999961853027,10.460000038146973,10.479999542236328,11391600,2025-12-23,10.245237350463867,0.0057251828000173,-0.0056925916720887,-0.0076335770666898,10.479999542236328,10.539999961853027,10.460000038146973,11391600,0.0057251828000173255,0.005708856226409598,-0.022400973475840916,0.007808498814567003,16.248386887441868,-0.03258515706606202,0.012293490115285355,0.0187511911845486,0.009554481373010182,0.017136258565867424,0.007167494378208736,0.006020161134667472,74.35548919755496,0.12295715545441865,0.0979385364303701,0.02501861902404856,1.6094379124341003,10.245237350463867,2025-12-24,-0.005692591672088687
2025-12-24,10,0.0447399049997329,0.5798113355847105,0.5,0.5,0.0,1,2025-12-24,2025-12-24,2025-12-24,10.186915397644045,10.479999542236328,10.539999961853027,10.420000076293944,10.539999961853027,9549000,2025-12-24,10.186915397644045,-0.0056925916720887,-0.0076335770666898,0.0038461484035936,10.539999961853027,10.539999961853027,10.420000076293944,9549000,-0.005692591672088687,-0.005708856226409598,-0.03349948439154521,0.01177980584651135,16.071947099655343,-0.16175076372063624,0.003062782822160548,0.009439400990477242,0.0025351158087876247,0.009264075633050428,0.007135604493337344,0.006787270666421316,68.40633183564819,0.12492161617116082,0.10333515237852825,0.02158646379263257,2.3978952727983707,10.186915397644045,2025-12-26,-0.007633577066690211
2025-12-26,11,-0.0342844923619519,0.7046507226003282,0.6363636363636364,0.3636363636363636,0.0,2,2025-12-25,2025-12-26,2025-12-26,10.109152793884276,10.399999618530272,10.5,10.359999656677246,10.479999542236328,8426100,2025-12-26,10.109152793884276,-0.0076335770666898,0.0038461484035936,0.0057471183353796,10.479999542236328,10.5,10.359999656677246,8426100,-0.007633577066690211,-0.00766286194354171,-0.03538614165558614,0.013848870046503776,15.946844708157068,-0.11759346528432302,-0.0064959786397220665,0.00038476282585198085,-0.003417705900059187,0.0012758222521958018,0.008711859100263161,0.006554361575013816,61.357262005068165,0.11883383077841536,0.10643488805850568,0.012398942719909684,2.4849066497880004,10.109152793884276,2025-12-29,0.0038461484035938742
2025-12-29,7,0.2799974185015474,0.6237521688603741,0.7142857142857143,0.2857142857142857,0.0,1,2025-12-29,2025-12-29,2025-12-29,10.14803409576416,10.4399995803833,10.4399995803833,10.31999969482422,10.399999618530272,9425900,2025-12-29,10.14803409576416,0.0038461484035936,0.0057471183353796,-0.0019047592350688,10.399999618530272,10.4399995803833,10.31999969482422,9425900,0.0038461484035938742,0.0038387708854585867,-0.024227455000783864,0.0118249391386228,16.05897188354624,0.11865513108080838,-0.002674814734003106,0.002881840306321992,0.00027682667781969705,0.0041908115782800515,0.006183167095121636,0.0065521374346079525,63.38870787471975,0.11581160897362253,0.10831023224152905,0.007501376732093473,2.0794415416798357,10.14803409576416,2025-12-30,0.005747118335379664
2025-12-30,6,-0.2043279774176578,0.7520486734180883,0.5,0.5,0.0,1,2025-12-30,2025-12-30,2025-12-30,10.206356048583984,10.5,10.520000457763672,10.380000114440918,10.420000076293944,8976600,2025-12-30,10.206356048583984,0.0057471183353796,-0.0019047592350688,,10.420000076293944,10.520000457763672,10.380000114440918,8976600,0.005747118335379664,0.005730666653876781,-0.02050326546503687,0.01371697623092204,16.010131860831127,-0.047666535821513034,0.0026737930338598392,0.007290856936168488,0.004008971911100501,0.008136003005951187,0.0065284609024216286,0.006546279904572165,66.25440566018227,0.11677644443442503,0.11000347468010827,0.0067729697543167655,1.9459101490553132,10.206356048583984,2025-12-31,-0.0019047592350687204
2025-12-31,9,-0.4821202233433723,0.5982591390864357,0.2222222222222222,0.7777777777777778,0.0,1,2025-12-31,2025-12-31,2025-12-31,10.186915397644045,10.479999542236328,10.5,10.399999618530272,10.5,11098900,2025-12-31,10.186915397644045,-0.0019047592350688,,,10.5,10.5,10.399999618530272,11098900,-0.0019047592350687204,-0.001906575595793658,-0.029817581176757642,0.009816551680880328,16.22235665237184,0.23642581823853126,0.0019120431989509967,0.0042161688340258685,0.0013967415746301004,0.0050798699479108755,0.005826036139290911,0.0066176495161022544,64.44365389790251,0.11465076280384245,0.11093293230485511,0.003717830498987343,2.302585092994046,10.186915397644045,,
