market_date,article_count,sentiment_score_mean,sentiment_score_std,positive_ratio,negative_ratio,neutral_ratio,source_day_count,first_calendar_date,last_calendar_date,Date,Adj Close 1066.KL,Close 1066.KL,High 1066.KL,Low 1066.KL,Open 1066.KL,Volume 1066.KL,date,close,return_tplus0_1d,return_tplus1_1d,return_tplus2_1d
2023-01-03,4,0.3092936536995694,0.43018496180865784,0.75,0.25,0.0,2,2023-01-02,2023-01-03,2023-01-03,4.442017555236816,5.679999828338623,5.78000020980835,5.659999847412109,5.78000020980835,3225300,2023-01-03,4.442017555236816,,-0.007042391106689361,0.0053191454859047305
2023-01-04,7,-0.29862784168549944,0.46242715799934425,0.2857142857142857,0.7142857142857143,0.0,1,2023-01-04,2023-01-04,2023-01-04,4.410735130310059,5.639999866485596,5.730000019073486,5.619999885559082,5.699999809265137,3659200,2023-01-04,4.410735130310059,-0.007042391106689361,0.0053191454859047305,0.0035274062756474045
2023-01-05,2,0.8097178535535932,0.05273178058458105,1.0,0.0,0.0,1,2023-01-05,2023-01-05,2023-01-05,4.434196472167969,5.670000076293945,5.690000057220459,5.659999847412109,5.670000076293945,3727100,2023-01-05,4.434196472167969,0.0053191454859047305,0.0035274062756474045,0.01230231164084472
2023-01-06,1,-0.26668787002563477,0.0,0.0,0.0,1.0,1,2023-01-06,2023-01-06,2023-01-06,4.449837684631348,5.690000057220459,5.699999809265137,5.639999866485596,5.670000076293945,905600,2023-01-06,4.449837684631348,0.0035274062756474045,0.01230231164084472,-0.006944474584014815
2023-01-09,7,0.17912477960011788,0.6035689635917602,0.5714285714285714,0.14285714285714285,0.2857142857142857,1,2023-01-09,2023-01-09,2023-01-09,4.504580974578857,5.760000228881836,5.769999980926514,5.690000057220459,5.699999809265137,3134400,2023-01-09,4.504580974578857,0.01230231164084472,-0.006944474584014815,0.00524485811391906
2023-01-10,4,0.318680695258081,0.4933456189250883,0.75,0.25,0.0,1,2023-01-10,2023-01-10,2023-01-10,4.473299026489258,5.71999979019165,5.760000228881836,5.699999809265137,5.760000228881836,2061000,2023-01-10,4.473299026489258,-0.006944474584014815,0.00524485811391906,-0.005217493102884108
2023-01-11,3,0.04695372842252251,0.6008582014155467,0.3333333333333333,0.6666666666666666,0.0,1,2023-01-11,2023-01-11,2023-01-11,4.496760845184326,5.75,5.760000228881836,5.699999809265137,5.71999979019165,1586700,2023-01-11,4.496760845184326,0.00524485811391906,-0.005217493102884108,0.008741216997250278
2023-01-12,2,0.44120757561177015,0.6837067705508691,0.5,0.0,0.5,1,2023-01-12,2023-01-12,2023-01-12,4.473299026489258,5.71999979019165,5.75,5.710000038146973,5.730000019073486,2897700,2023-01-12,4.473299026489258,-0.005217493102884108,0.008741216997250278,-0.0017330306447370658
2023-01-13,2,0.5569728270638734,0.3520685054244911,0.5,0.0,0.5,1,2023-01-13,2023-01-13,2023-01-13,4.512401103973389,5.769999980926514,5.769999980926514,5.739999771118164,5.75,3419800,2023-01-13,4.512401103973389,0.008741216997250278,-0.0017330306447370658,-0.006944474584014815
2023-01-16,4,0.0839246732648462,0.5865070893391802,0.5,0.25,0.25,1,2023-01-16,2023-01-16,2023-01-16,4.504580974578857,5.760000228881836,5.78000020980835,5.730000019073486,5.769999980926514,1512400,2023-01-16,4.504580974578857,-0.0017330306447370658,-0.006944474584014815,0.0034964654796385553
2023-01-17,4,0.517206214601174,0.5489811382942292,0.75,0.0,0.25,1,2023-01-17,2023-01-17,2023-01-17,4.473299026489258,5.71999979019165,5.78000020980835,5.699999809265137,5.78000020980835,2895500,2023-01-17,4.473299026489258,-0.006944474584014815,0.0034964654796385553,-0.010452848415267946
2023-01-18,3,0.325645354265968,1.090059875576003,0.6666666666666666,0.3333333333333333,0.0,1,2023-01-18,2023-01-18,2023-01-18,4.4889397621154785,5.739999771118164,5.78000020980835,5.699999809265137,5.71999979019165,2543500,2023-01-18,4.4889397621154785,0.0034964654796385553,-0.010452848415267946,0.0
2023-01-19,1,0.8600505255162717,0.0,1.0,0.0,0.0,1,2023-01-19,2023-01-19,2023-01-19,4.442017555236816,5.679999828338623,5.75,5.670000076293945,5.739999771118164,5286500,2023-01-19,4.442017555236816,-0.010452848415267946,0.0,0.012323969742751517
2023-01-20,1,0.018804168328642804,0.0,0.0,0.0,1.0,1,2023-01-20,2023-01-20,2023-01-20,4.442017555236816,5.679999828338623,5.71999979019165,5.639999866485596,5.690000057220459,5380200,2023-01-20,4.442017555236816,0.0,0.012323969742751517,-0.005217493102884108
2023-01-25,3,0.21063159623493752,0.4096737374749165,0.3333333333333333,0.3333333333333333,0.3333333333333333,2,2023-01-23,2023-01-25,2023-01-25,4.496760845184326,5.75,5.760000228881836,5.679999828338623,5.679999828338623,3611100,2023-01-25,4.496760845184326,0.012323969742751517,-0.005217493102884108,0.0017481794416656093
2023-01-26,1,0.9527888000011444,0.0,1.0,0.0,0.0,1,2023-01-26,2023-01-26,2023-01-26,4.473299026489258,5.71999979019165,5.739999771118164,5.710000038146973,5.71999979019165,1206600,2023-01-26,4.473299026489258,-0.005217493102884108,0.0017481794416656093,0.0
2023-01-27,3,0.7892002843630811,0.22361610119619785,1.0,0.0,0.0,1,2023-01-27,2023-01-27,2023-01-27,4.481119155883789,5.730000019073486,5.760000228881836,5.690000057220459,5.739999771118164,3084300,2023-01-27,4.481119155883789,0.0017481794416656093,0.0,0.0034905765181447723
2023-01-30,1,0.46666228771209717,0.0,1.0,0.0,0.0,1,2023-01-30,2023-01-30,2023-01-30,4.481119155883789,5.730000019073486,5.760000228881836,5.710000038146973,5.739999771118164,2843600,2023-01-30,4.481119155883789,0.0,0.0034905765181447723,-0.010434880165626215
2023-01-31,1,0.5693106986582279,0.0,1.0,0.0,0.0,1,2023-01-31,2023-01-31,2023-01-31,4.496760845184326,5.75,5.75,5.690000057220459,5.730000019073486,5214900,2023-01-31,4.496760845184326,0.0034905765181447723,-0.010434880165626215,-0.001757396549887713
2023-02-02,3,0.12002403661608696,0.676879225930031,0.3333333333333333,0.3333333333333333,0.3333333333333333,2,2023-02-01,2023-02-02,2023-02-02,4.449837684631348,5.690000057220459,5.75,5.650000095367432,5.75,5834700,2023-02-02,4.449837684631348,-0.010434880165626215,-0.001757396549887713,-0.0035214102472995723
2023-02-03,1,0.4616175666451454,0.0,1.0,0.0,0.0,1,2023-02-03,2023-02-03,2023-02-03,4.442017555236816,5.679999828338623,5.690000057220459,5.659999847412109,5.690000057220459,2977900,2023-02-03,4.442017555236816,-0.001757396549887713,-0.0035214102472995723,-0.02650153800875643
2023-02-07,2,0.7114719939418137,0.14533563033772326,1.0,0.0,0.0,2,2023-02-04,2023-02-06,2023-02-07,4.426375389099121,5.659999847412109,5.690000057220459,5.630000114440918,5.650000095367432,4385800,2023-02-07,4.426375389099121,-0.0035214102472995723,-0.02650153800875643,-0.005444863399261757
2023-02-08,1,-0.2525762617588043,0.0,0.0,1.0,0.0,1,2023-02-08,2023-02-08,2023-02-08,4.309069633483887,5.510000228881836,5.679999828338623,5.510000228881836,5.679999828338623,10601800,2023-02-08,4.309069633483887,-0.02650153800875643,-0.005444863399261757,0.0018248536589979825
2023-02-10,1,0.9243208412081003,0.0,1.0,0.0,0.0,1,2023-02-10,2023-02-10,2023-02-10,4.29342794418335,5.489999771118164,5.5,5.46999979019165,5.5,8925800,2023-02-10,4.29342794418335,0.0018248536589979825,0.001821640696088478,0.0036363241298336124
2023-02-13,2,0.9185745432041585,0.03817824659591381,1.0,0.0,0.0,1,2023-02-13,2023-02-13,2023-02-13,4.301249027252197,5.5,5.539999961853027,5.5,5.5,2939700,2023-02-13,4.301249027252197,0.001821640696088478,0.0036363241298336124,0.001811740280259766
2023-02-14,4,-0.09134668030310422,0.5672250328144568,0.25,0.25,0.5,1,2023-02-14,2023-02-14,2023-02-14,4.316889762878418,5.519999980926514,5.559999942779541,5.5,5.510000228881836,6373900,2023-02-14,4.316889762878418,0.0036363241298336124,0.001811740280259766,-0.0018084638135233977
2023-02-15,2,0.7161819618195295,0.3044498860001148,1.0,0.0,0.0,1,2023-02-15,2023-02-15,2023-02-15,4.324710845947266,5.53000020980835,5.539999961853027,5.510000228881836,5.53000020980835,4517700,2023-02-15,4.324710845947266,0.001811740280259766,-0.0018084638135233977,-0.007246519287047781
2023-02-16,2,0.5044774594716728,0.4004122192306488,1.0,0.0,0.0,1,2023-02-16,2023-02-16,2023-02-16,4.316889762878418,5.519999980926514,5.559999942779541,5.5,5.539999961853027,5278800,2023-02-16,4.316889762878418,-0.0018084638135233977,-0.007246519287047781,-0.0018246311294376483
2023-02-17,2,0.7750234988052398,0.26731051937805156,1.0,0.0,0.0,1,2023-02-17,2023-02-17,2023-02-17,4.28560733795166,5.480000019073486,5.53000020980835,5.460000038146973,5.53000020980835,6374200,2023-02-17,4.28560733795166,-0.007246519287047781,-0.0018246311294376483,0.0036561559243493136
2023-02-20,2,-0.584265448153019,0.20674629721165724,0.0,1.0,0.0,1,2023-02-20,2023-02-20,2023-02-20,4.277787685394287,5.46999979019165,5.5,5.460000038146973,5.480000019073486,2486400,2023-02-20,4.277787685394287,-0.0018246311294376483,0.0036561559243493136,-0.0036428371437446927
2023-02-21,1,0.26697058975696564,0.0,1.0,0.0,0.0,1,2023-02-21,2023-02-21,2023-02-21,4.29342794418335,5.489999771118164,5.510000228881836,5.480000019073486,5.480000019073486,3452800,2023-02-21,4.29342794418335,0.0036561559243493136,-0.0036428371437446927,0.0
2023-02-22,1,-0.1719349324703216,0.0,0.0,1.0,0.0,1,2023-02-22,2023-02-22,2023-02-22,4.277787685394287,5.46999979019165,5.510000228881836,5.460000038146973,5.489999771118164,4039600,2023-02-22,4.277787685394287,-0.0036428371437446927,0.0,0.0018279664940061835
2023-02-23,1,0.8854571189731361,0.0,1.0,0.0,0.0,1,2023-02-23,2023-02-23,2023-02-23,4.277787685394287,5.46999979019165,5.5,5.420000076293945,5.480000019073486,4200800,2023-02-23,4.277787685394287,0.0,0.0018279664940061835,0.023722763772632716
2023-02-24,1,-0.29370933771133423,0.0,0.0,1.0,0.0,1,2023-02-24,2023-02-24,2023-02-24,4.28560733795166,5.480000019073486,5.5,5.460000038146973,5.5,2094400,2023-02-24,4.28560733795166,0.0018279664940061835,0.023722763772632716,0.012477855138368632
2023-02-27,7,0.26747464528307324,0.7260385656685078,0.5714285714285714,0.42857142857142855,0.0,2,2023-02-25,2023-02-27,2023-02-27,4.387273788452148,5.610000133514404,5.639999866485596,5.489999771118164,5.489999771118164,6818800,2023-02-27,4.387273788452148,0.023722763772632716,0.012477855138368632,0.0035209808593898995
2023-02-28,3,-0.08273078656444949,0.1602307460237984,0.3333333333333333,0.3333333333333333,0.3333333333333333,1,2023-02-28,2023-02-28,2023-02-28,4.442017555236816,5.679999828338623,5.690000057220459,5.639999866485596,5.639999866485596,7742000,2023-02-28,4.442017555236816,0.012477855138368632,0.0035209808593898995,0.0017544204956876364
2023-03-03,4,-0.25814987905323505,0.5491861528132831,0.25,0.75,0.0,1,2023-03-03,2023-03-03,2023-03-03,4.473299026489258,5.71999979019165,5.739999771118164,5.690000057220459,5.71999979019165,2526200,2023-03-03,4.473299026489258,0.0017513478950454964,-0.012237789073196281,0.014159246385563762
2023-03-06,6,-0.008985938814779125,0.6382003510958209,0.3333333333333333,0.5,0.16666666666666666,1,2023-03-06,2023-03-06,2023-03-06,4.418555736541748,5.650000095367432,5.71999979019165,5.639999866485596,5.71999979019165,2077000,2023-03-06,4.418555736541748,-0.012237789073196281,0.014159246385563762,-0.006980727395157094
2023-03-07,3,0.2977722771465778,1.0980425512785383,0.6666666666666666,0.3333333333333333,0.0,1,2023-03-07,2023-03-07,2023-03-07,4.481119155883789,5.730000019073486,5.730000019073486,5.650000095367432,5.650000095367432,2268400,2023-03-07,4.481119155883789,0.014159246385563762,-0.006980727395157094,0.005272403966315453
2023-03-08,2,0.5868779942393303,0.08362529015125392,1.0,0.0,0.0,1,2023-03-08,2023-03-08,2023-03-08,4.449837684631348,5.690000057220459,5.699999809265137,5.659999847412109,5.690000057220459,1985500,2023-03-08,4.449837684631348,-0.006980727395157094,0.005272403966315453,-0.012237789073196281
2023-03-09,2,-0.0536182895302772,0.6247819215093853,0.0,0.5,0.5,1,2023-03-09,2023-03-09,2023-03-09,4.473299026489258,5.71999979019165,5.71999979019165,5.630000114440918,5.699999809265137,2710100,2023-03-09,4.473299026489258,0.005272403966315453,-0.012237789073196281,-0.005309730884208053
2023-03-13,2,0.6241161646321416,0.40885542561148486,1.0,0.0,0.0,1,2023-03-13,2023-03-13,2023-03-13,4.395094394683838,5.619999885559082,5.639999866485596,5.570000171661377,5.610000133514404,3662400,2023-03-13,4.395094394683838,-0.005309730884208053,-0.024911195733272495,0.009124379559769746
2023-03-14,3,0.29907732922583824,0.9869185676936056,0.6666666666666666,0.3333333333333333,0.0,1,2023-03-14,2023-03-14,2023-03-14,4.28560733795166,5.480000019073486,5.619999885559082,5.449999809265137,5.619999885559082,6987900,2023-03-14,4.28560733795166,-0.024911195733272495,0.009124379559769746,-0.007233524477880726
2023-03-15,1,0.1431457400321961,0.0,1.0,0.0,0.0,1,2023-03-15,2023-03-15,2023-03-15,4.324710845947266,5.53000020980835,5.579999923706055,5.510000228881836,5.53000020980835,3179900,2023-03-15,4.324710845947266,0.009124379559769746,-0.007233524477880726,0.001821640696088478
2023-03-16,2,0.36280703730881214,0.07917378479255965,0.5,0.0,0.5,1,2023-03-16,2023-03-16,2023-03-16,4.29342794418335,5.489999771118164,5.53000020980835,5.460000038146973,5.53000020980835,4437200,2023-03-16,4.29342794418335,-0.007233524477880726,0.001821640696088478,0.0
2023-03-17,1,0.5306298136711122,0.0,1.0,0.0,0.0,1,2023-03-17,2023-03-17,2023-03-17,4.301249027252197,5.5,5.550000190734863,5.5,5.5,6076200,2023-03-17,4.301249027252197,0.001821640696088478,0.0,0.0036363241298336124
2023-03-20,3,-0.0210647111137708,0.6408287538760292,0.3333333333333333,0.6666666666666666,0.0,1,2023-03-20,2023-03-20,2023-03-20,4.301249027252197,5.5,5.519999980926514,5.489999771118164,5.519999980926514,6524600,2023-03-20,4.301249027252197,0.0,0.0036363241298336124,0.0
2023-03-21,3,0.27952602272853255,0.934918902046445,0.6666666666666666,0.3333333333333333,0.0,1,2023-03-21,2023-03-21,2023-03-21,4.316889762878418,5.519999980926514,5.579999923706055,5.510000228881836,5.550000190734863,5192500,2023-03-21,4.316889762878418,0.0036363241298336124,0.0,-0.0036231491850261532
2023-03-23,5,0.4128840550780296,0.5375436462742411,0.6,0.2,0.2,1,2023-03-23,2023-03-23,2023-03-23,4.301249027252197,5.5,5.539999961853027,5.46999979019165,5.519999980926514,7192700,2023-03-23,4.301249027252197,-0.0036231491850261532,-0.010908972389500948,0.001838046978414054
2023-03-24,3,0.23148312217866376,1.0173472234148442,0.6666666666666666,0.3333333333333333,0.0,1,2023-03-24,2023-03-24,2023-03-24,4.254326820373535,5.440000057220459,5.510000228881836,5.440000057220459,5.5,7076500,2023-03-24,4.254326820373535,-0.010908972389500948,0.001838046978414054,0.011009279209663436
2023-03-27,5,0.3946581253781915,0.789246214072553,0.6,0.4,0.0,1,2023-03-27,2023-03-27,2023-03-27,4.262146472930908,5.449999809265137,5.46999979019165,5.440000057220459,5.440000057220459,5966100,2023-03-27,4.262146472930908,0.001838046978414054,0.011009279209663436,0.005444531422385879
2023-03-28,3,-0.013672048846880594,0.8397251936208546,0.3333333333333333,0.3333333333333333,0.3333333333333333,1,2023-03-28,2023-03-28,2023-03-28,4.309069633483887,5.510000228881836,5.519999980926514,5.449999809265137,5.480000019073486,3569700,2023-03-28,4.309069633483887,0.011009279209663436,0.005444531422385879,0.005415269137324374
2023-03-29,1,0.5790599621832371,0.0,1.0,0.0,0.0,1,2023-03-29,2023-03-29,2023-03-29,4.332530498504639,5.539999961853027,5.570000171661377,5.5,5.53000020980835,2982200,2023-03-29,4.332530498504639,0.005444531422385879,0.005415269137324374,0.0017952578482871573
2023-03-30,2,-0.02334177959710365,1.0675975575326937,0.5,0.5,0.0,1,2023-03-30,2023-03-30,2023-03-30,4.355992317199707,5.570000171661377,5.590000152587891,5.519999980926514,5.559999942779541,2750500,2023-03-30,4.355992317199707,0.005415269137324374,0.0017952578482871573,0.0017921499439768063
2023-03-31,3,0.8367838353539506,0.047104080931345216,1.0,0.0,0.0,1,2023-03-31,2023-03-31,2023-03-31,4.363812446594238,5.579999923706055,5.599999904632568,5.570000171661377,5.570000171661377,4371200,2023-03-31,4.363812446594238,0.0017952578482871573,0.0017921499439768063,0.001788834812994189
2023-04-03,3,0.5452302110691866,0.2868627829027987,1.0,0.0,0.0,1,2023-04-03,2023-04-03,2023-04-03,4.371633052825928,5.590000152587891,5.630000114440918,5.590000152587891,5.599999904632568,1425300,2023-04-03,4.371633052825928,0.0017921499439768063,0.001788834812994189,0.0017857494774551341
2023-04-04,3,-0.06775462130705516,0.526007948927226,0.3333333333333333,0.3333333333333333,0.3333333333333333,1,2023-04-04,2023-04-04,2023-04-04,4.379453182220459,5.599999904632568,5.650000095367432,5.590000152587891,5.639999866485596,4274600,2023-04-04,4.379453182220459,0.001788834812994189,0.0017857494774551341,0.0017825662606865134
2023-04-05,2,-0.1468483437784016,1.118055313466948,0.5,0.5,0.0,1,2023-04-05,2023-04-05,2023-04-05,4.387273788452148,5.610000133514404,5.630000114440918,5.599999904632568,5.619999885559082,2594800,2023-04-05,4.387273788452148,0.0017857494774551341,0.0017825662606865134,0.008896754875487467
2023-04-06,1,0.49075597524642955,0.0,1.0,0.0,0.0,1,2023-04-06,2023-04-06,2023-04-06,4.395094394683838,5.619999885559082,5.619999885559082,5.579999923706055,5.619999885559082,6712200,2023-04-06,4.395094394683838,0.0017825662606865134,0.008896754875487467,0.0052910018771539225
2023-04-07,3,0.30176793038845057,0.19587070207764318,0.3333333333333333,0.0,0.6666666666666666,1,2023-04-07,2023-04-07,2023-04-07,4.434196472167969,5.670000076293945,5.670000076293945,5.610000133514404,5.639999866485596,6450200,2023-04-07,4.434196472167969,0.008896754875487467,0.0052910018771539225,0.0017544204956876364
2023-04-10,1,0.6990326605737209,0.0,1.0,0.0,0.0,1,2023-04-10,2023-04-10,2023-04-10,4.457657814025879,5.699999809265137,5.71999979019165,5.670000076293945,5.670000076293945,5648400,2023-04-10,4.457657814025879,0.0052910018771539225,0.0017544204956876364,-0.0017513478950456074
2023-04-11,3,0.3634195279640456,0.9997720258859067,0.6666666666666666,0.3333333333333333,0.0,1,2023-04-11,2023-04-11,2023-04-11,4.465478420257568,5.710000038146973,5.739999771118164,5.699999809265137,5.71999979019165,3249800,2023-04-11,4.465478420257568,0.0017544204956876364,-0.0017513478950456074,0.008772102478438626
2023-04-13,4,0.22981461358722302,0.807118831949471,0.5,0.25,0.25,1,2023-04-13,2023-04-13,2023-04-13,4.496760845184326,5.75,5.760000228881836,5.710000038146973,5.710000038146973,5291400,2023-04-13,4.496760845184326,0.008772102478438626,-0.001818376353642126,0.010929177117811495
2023-04-17,3,0.16140914025406047,0.9634793845653448,0.6666666666666666,0.3333333333333333,0.0,1,2023-04-17,2023-04-17,2023-04-17,4.537640571594238,5.550000190734863,5.570000171661377,5.5,5.510000228881836,5668400,2023-04-17,4.537640571594238,0.010929177117811495,-0.0036036738494945597,-0.007233414565902874
2023-04-18,2,0.5099679043050855,0.6689180983065433,0.5,0.0,0.5,1,2023-04-18,2023-04-18,2023-04-18,4.5212883949279785,5.53000020980835,5.559999942779541,5.510000228881836,5.559999942779541,3022500,2023-04-18,4.5212883949279785,-0.0036036738494945597,-0.007233414565902874,0.003642952805956501
2023-04-19,2,-0.37066396512091165,0.6926619735546931,0.0,0.5,0.5,1,2023-04-19,2023-04-19,2023-04-19,4.488584041595459,5.489999771118164,5.539999961853027,5.480000019073486,5.539999961853027,4032100,2023-04-19,4.488584041595459,-0.007233414565902874,0.003642952805956501,0.0018149707833843287
2023-04-20,10,0.15395458135753867,0.6082487960842059,0.4,0.3,0.3,1,2023-04-20,2023-04-20,2023-04-20,4.5049357414245605,5.510000228881836,5.53000020980835,5.480000019073486,5.489999771118164,4435300,2023-04-20,4.5049357414245605,0.003642952805956501,0.0018149707833843287,-0.0072464135614910274
2023-04-25,8,0.020884124911390245,0.6621145384463167,0.375,0.25,0.375,3,2023-04-21,2023-04-25,2023-04-25,4.5131120681762695,5.519999980926514,5.539999961853027,5.5,5.510000228881836,2718300,2023-04-25,4.5131120681762695,0.0018149707833843287,-0.0072464135614910274,0.007299307361343654
2023-04-26,2,0.38199691241607076,0.31591256373107823,1.0,0.0,0.0,1,2023-04-26,2023-04-26,2023-04-26,4.480408191680908,5.480000019073486,5.519999980926514,5.46999979019165,5.519999980926514,4280200,2023-04-26,4.480408191680908,-0.0072464135614910274,0.007299307361343654,-0.0072464135614910274
2023-04-27,1,0.4920647591352463,0.0,1.0,0.0,0.0,1,2023-04-27,2023-04-27,2023-04-27,4.5131120681762695,5.519999980926514,5.53000020980835,5.489999771118164,5.5,2169200,2023-04-27,4.5131120681762695,0.007299307361343654,-0.0072464135614910274,0.007299307361343654
2023-04-28,4,0.027680728584527914,0.7570618918251818,0.25,0.25,0.5,1,2023-04-28,2023-04-28,2023-04-28,4.480408191680908,5.480000019073486,5.53000020980835,5.460000038146973,5.53000020980835,3786700,2023-04-28,4.480408191680908,-0.0072464135614910274,0.007299307361343654,0.0
2023-05-02,8,0.5659054623683915,0.6292296559246471,0.875,0.125,0.0,2,2023-05-01,2023-05-02,2023-05-02,4.5131120681762695,5.519999980926514,5.53000020980835,5.480000019073486,5.480000019073486,2943600,2023-05-02,4.5131120681762695,0.007299307361343654,0.0,-0.0018116826323377744
2023-05-03,7,0.30476927398038767,0.7738038812110137,0.7142857142857143,0.2857142857142857,0.0,1,2023-05-03,2023-05-03,2023-05-03,4.5131120681762695,5.519999980926514,5.539999961853027,5.460000038146973,5.5,5959200,2023-05-03,4.5131120681762695,0.0,-0.0018116826323377744,0.010889295461726345
2023-05-05,4,0.39811643911525607,0.5959472583948421,0.75,0.25,0.0,2,2023-05-04,2023-05-05,2023-05-05,4.5049357414245605,5.510000228881836,5.550000190734863,5.489999771118164,5.519999980926514,4684600,2023-05-05,4.5049357414245605,-0.0018116826323377744,0.010889295461726345,-0.003590421020580048
2023-05-08,4,0.05050950607983387,1.046751154866093,0.5,0.5,0.0,1,2023-05-08,2023-05-08,2023-05-08,4.553991317749023,5.570000171661377,5.579999923706055,5.519999980926514,5.53000020980835,3655800,2023-05-08,4.553991317749023,0.010889295461726345,-0.003590421020580048,-0.009009026996501301
2023-05-09,5,0.18346844892948866,0.4927439693192526,0.6,0.2,0.2,1,2023-05-09,2023-05-09,2023-05-09,4.537640571594238,5.550000190734863,5.570000171661377,5.519999980926514,5.570000171661377,1620800,2023-05-09,4.537640571594238,-0.003590421020580048,-0.009009026996501301,0.001817952193074568
2023-05-10,2,0.21005481481552124,0.10548058059342641,1.0,0.0,0.0,1,2023-05-10,2023-05-10,2023-05-10,4.496760845184326,5.5,5.579999923706055,5.489999771118164,5.570000171661377,3928500,2023-05-10,4.496760845184326,-0.009009026996501301,0.001817952193074568,-0.00544459480700521
2023-05-11,1,0.615551789291203,0.0,1.0,0.0,0.0,1,2023-05-11,2023-05-11,2023-05-11,4.5049357414245605,5.510000228881836,5.570000171661377,5.5,5.510000228881836,4620000,2023-05-11,4.5049357414245605,0.001817952193074568,-0.00544459480700521,0.0036498133214248885
2023-05-12,3,0.9537547716560463,0.02601903856080796,1.0,0.0,0.0,1,2023-05-12,2023-05-12,2023-05-12,4.480408191680908,5.480000019073486,5.519999980926514,5.46999979019165,5.5,9263400,2023-05-12,4.480408191680908,-0.00544459480700521,0.0036498133214248885,0.001817952193074568
2023-05-15,3,0.06561999736974637,0.826882265065334,0.6666666666666666,0.3333333333333333,0.0,2,2023-05-13,2023-05-15,2023-05-15,4.496760845184326,5.5,5.519999980926514,5.46999979019165,5.489999771118164,3346300,2023-05-15,4.496760845184326,0.0036498133214248885,0.001817952193074568,0.0
2023-05-16,3,0.6184264550295969,0.09581922749442022,1.0,0.0,0.0,1,2023-05-16,2023-05-16,2023-05-16,4.5049357414245605,5.510000228881836,5.539999961853027,5.5,5.5,1857000,2023-05-16,4.5049357414245605,0.001817952193074568,0.0,-0.0018146532402367743
2023-05-17,2,0.8157804887741805,0.17909442161905795,1.0,0.0,0.0,1,2023-05-17,2023-05-17,2023-05-17,4.5049357414245605,5.510000228881836,5.53000020980835,5.489999771118164,5.53000020980835,2676800,2023-05-17,4.5049357414245605,0.0,-0.0018146532402367743,0.0
2023-05-18,2,0.8508440458681434,0.12695902256290068,1.0,0.0,0.0,1,2023-05-18,2023-05-18,2023-05-18,4.496760845184326,5.5,5.519999980926514,5.489999771118164,5.510000228881836,1883300,2023-05-18,4.496760845184326,-0.0018146532402367743,0.0,0.0
2023-05-19,5,-0.40237737437710175,0.8327317166665135,0.2,0.8,0.0,1,2023-05-19,2023-05-19,2023-05-19,4.496760845184326,5.5,5.519999980926514,5.489999771118164,5.5,3467100,2023-05-19,4.496760845184326,0.0,0.0,0.001817952193074568
2023-05-22,3,0.5020478594427308,0.5308643251903451,0.6666666666666666,0.3333333333333333,0.0,2,2023-05-20,2023-05-22,2023-05-22,4.496760845184326,5.5,5.519999980926514,5.489999771118164,5.510000228881836,4239700,2023-05-22,4.496760845184326,0.0,0.001817952193074568,-0.009074324678342016
2023-05-23,4,0.7522697462700307,0.18697740883334424,1.0,0.0,0.0,1,2023-05-23,2023-05-23,2023-05-23,4.5049357414245605,5.510000228881836,5.53000020980835,5.489999771118164,5.519999980926514,3557700,2023-05-23,4.5049357414245605,0.001817952193074568,-0.009074324678342016,0.0
2023-05-24,1,-0.6903232559561729,0.0,0.0,1.0,0.0,1,2023-05-24,2023-05-24,2023-05-24,4.464056491851807,5.460000038146973,5.5,5.449999809265137,5.5,5047900,2023-05-24,4.464056491851807,-0.009074324678342016,0.0,0.0
2023-05-25,2,-0.30579614080488693,0.8612903554084461,0.5,0.5,0.0,1,2023-05-25,2023-05-25,2023-05-25,4.464056491851807,5.460000038146973,5.489999771118164,5.460000038146973,5.480000019073486,1795900,2023-05-25,4.464056491851807,0.0,0.0,-0.0036629688398764904
2023-05-26,4,0.7862536263419316,0.28852767708809474,1.0,0.0,0.0,1,2023-05-26,2023-05-26,2023-05-26,4.464056491851807,5.460000038146973,5.489999771118164,5.449999809265137,5.460000038146973,2955100,2023-05-26,4.464056491851807,0.0,-0.0036629688398764904,-0.0036764355085863176
2023-05-29,5,0.41042700316756964,0.6474071988121992,0.6,0.2,0.2,2,2023-05-27,2023-05-29,2023-05-29,4.447704792022705,5.440000057220459,5.5,5.409999847412109,5.489999771118164,4017000,2023-05-29,4.447704792022705,-0.0036629688398764904,-0.0036764355085863176,-0.012915220675371875
2023-05-30,6,0.5722917138288418,0.5861842839764975,0.6666666666666666,0.16666666666666666,0.16666666666666666,1,2023-05-30,2023-05-30,2023-05-30,4.4313530921936035,5.420000076293945,5.440000057220459,5.409999847412109,5.440000057220459,6355800,2023-05-30,4.4313530921936035,-0.0036764355085863176,-0.012915220675371875,-0.0037382823022333866
2023-05-31,3,0.18808523627618956,0.8422569909756945,0.6666666666666666,0.3333333333333333,0.0,1,2023-05-31,2023-05-31,2023-05-31,4.374121189117432,5.349999904632568,5.449999809265137,5.349999904632568,5.420000076293945,14421800,2023-05-31,4.374121189117432,-0.012915220675371875,-0.0037382823022333866,-0.0037524189167083
2023-06-02,1,-0.6590907722711563,0.0,0.0,1.0,0.0,1,2023-06-02,2023-06-02,2023-06-02,4.34141731262207,5.309999942779541,5.369999885559082,5.289999961853027,5.360000133514404,4011400,2023-06-02,4.34141731262207,-0.0037524189167083,0.0,-0.0018831115483010086
2023-06-06,5,0.12515666559338573,0.5634325658268106,0.4,0.2,0.4,2,2023-06-05,2023-06-06,2023-06-06,4.34141731262207,5.309999942779541,5.340000152587891,5.289999961853027,5.329999923706055,3976800,2023-06-06,4.34141731262207,0.0,-0.0018831115483010086,0.005660323168161119
2023-06-07,2,0.6661035309080034,0.27235319355611665,1.0,0.0,0.0,1,2023-06-07,2023-06-07,2023-06-07,4.333241939544678,5.300000190734863,5.329999923706055,5.300000190734863,5.309999942779541,6149700,2023-06-07,4.333241939544678,-0.0018831115483010086,0.005660323168161119,-0.007504728411117045
2023-06-08,3,0.3334192006538312,0.5329657110651828,0.6666666666666666,0.0,0.3333333333333333,1,2023-06-08,2023-06-08,2023-06-08,4.35776948928833,5.329999923706055,5.349999904632568,5.300000190734863,5.309999942779541,3268000,2023-06-08,4.35776948928833,0.005660323168161119,-0.007504728411117045,0.0018904514945448092
2023-06-09,2,0.2473633158951997,0.8918669773091444,0.5,0.5,0.0,1,2023-06-09,2023-06-09,2023-06-09,4.325065612792969,5.289999961853027,5.360000133514404,5.289999961853027,5.329999923706055,4718700,2023-06-09,4.325065612792969,-0.007504728411117045,0.0018904514945448092,0.0018866643477220002
2023-06-12,3,0.3061892800033093,0.8905843370949468,0.6666666666666666,0.3333333333333333,0.0,1,2023-06-12,2023-06-12,2023-06-12,4.333241939544678,5.300000190734863,5.329999923706055,5.300000190734863,5.300000190734863,5552200,2023-06-12,4.333241939544678,0.0018904514945448092,0.0018866643477220002,0.00376655259993508
2023-06-13,1,-0.7629643715918064,0.0,0.0,1.0,0.0,1,2023-06-13,2023-06-13,2023-06-13,4.34141731262207,5.309999942779541,5.329999923706055,5.309999942779541,5.320000171661377,2395200,2023-06-13,4.34141731262207,0.0018866643477220002,0.00376655259993508,0.0
2023-06-16,2,0.5806152261793613,0.44718007784678,0.5,0.0,0.5,1,2023-06-16,2023-06-16,2023-06-16,4.374121189117432,5.349999904632568,5.349999904632568,5.320000171661377,5.329999923706055,6434100,2023-06-16,4.374121189117432,0.0037523094944087454,0.0,0.007476564604466773
2023-06-19,5,-0.20633826721459636,0.7787665080057169,0.4,0.6,0.0,1,2023-06-19,2023-06-19,2023-06-19,4.374121189117432,5.349999904632568,5.380000114440918,5.329999923706055,5.360000133514404,4412000,2023-06-19,4.374121189117432,0.0,0.007476564604466773,0.0
2023-06-20,4,-0.211852066218853,0.7432417786872416,0.25,0.5,0.25,1,2023-06-20,2023-06-20,2023-06-20,4.406824588775635,5.389999866485596,5.429999828338623,5.340000152587891,5.369999885559082,5741000,2023-06-20,4.406824588775635,0.007476564604466773,0.0,0.003710648412897921
2023-06-21,3,0.615407601930201,0.369041274184913,1.0,0.0,0.0,1,2023-06-21,2023-06-21,2023-06-21,4.406824588775635,5.389999866485596,5.409999847412109,5.340000152587891,5.409999847412109,8477100,2023-06-21,4.406824588775635,0.0,0.003710648412897921,-0.0018484112998666813
2023-06-22,3,0.43986209326734144,0.3906620979074533,0.6666666666666666,0.0,0.3333333333333333,1,2023-06-22,2023-06-22,2023-06-22,4.4231767654418945,5.409999847412109,5.449999809265137,5.380000114440918,5.380000114440918,3293600,2023-06-22,4.4231767654418945,0.003710648412897921,-0.0018484112998666813,0.0018518342512221508
2023-06-23,3,-0.16475277269879976,0.5458558651299519,0.3333333333333333,0.3333333333333333,0.3333333333333333,1,2023-06-23,2023-06-23,2023-06-23,4.415000915527344,5.400000095367432,5.420000076293945,5.389999866485596,5.409999847412109,1654100,2023-06-23,4.415000915527344,-0.0018484112998666813,0.0018518342512221508,0.005545341703828477
2023-06-26,7,0.5607574052576508,0.6407544581450715,0.8571428571428571,0.14285714285714285,0.0,2,2023-06-24,2023-06-26,2023-06-26,4.4231767654418945,5.409999847412109,5.440000057220459,5.400000095367432,5.400000095367432,2068800,2023-06-26,4.4231767654418945,0.0018518342512221508,0.005545341703828477,-0.0036764355085863176
2023-06-27,2,0.12897999747656286,1.201737187408689,0.5,0.5,0.0,1,2023-06-27,2023-06-27,2023-06-27,4.447704792022705,5.440000057220459,5.440000057220459,5.409999847412109,5.420000076293945,2171800,2023-06-27,4.447704792022705,0.005545341703828477,-0.0036764355085863176,0.0018448931753587416
2023-06-28,4,0.5524948469828814,0.6971892477666304,0.75,0.25,0.0,1,2023-06-28,2023-06-28,2023-06-28,4.4313530921936035,5.420000076293945,5.440000057220459,5.400000095367432,5.440000057220459,4103300,2023-06-28,4.4313530921936035,-0.0036764355085863176,0.0018448931753587416,0.003683313846093661
2023-06-30,3,0.2730091735720635,0.5110160558015914,0.3333333333333333,0.3333333333333333,0.3333333333333333,1,2023-06-30,2023-06-30,2023-06-30,4.439528465270996,5.429999828338623,5.449999809265137,5.389999866485596,5.429999828338623,3424200,2023-06-30,4.439528465270996,0.0018448931753587416,0.003683313846093661,0.001834844909803568
2023-07-03,7,-0.12964468981538496,0.6282566366996182,0.14285714285714285,0.5714285714285714,0.2857142857142857,1,2023-07-03,2023-07-03,2023-07-03,4.455880641937256,5.449999809265137,5.449999809265137,5.420000076293945,5.429999828338623,2260400,2023-07-03,4.455880641937256,0.003683313846093661,0.001834844909803568,-0.007325937679752981
2023-07-04,2,-0.6871289270929992,0.33987022063649314,0.0,1.0,0.0,1,2023-07-04,2023-07-04,2023-07-04,4.464056491851807,5.460000038146973,5.460000038146973,5.400000095367432,5.440000057220459,661400,2023-07-04,4.464056491851807,0.001834844909803568,-0.007325937679752981,0.0
2023-07-05,3,0.10660760756582015,0.9029882258574081,0.6666666666666666,0.3333333333333333,0.0,1,2023-07-05,2023-07-05,2023-07-05,4.4313530921936035,5.420000076293945,5.460000038146973,5.420000076293945,5.449999809265137,2580500,2023-07-05,4.4313530921936035,-0.007325937679752981,0.0,-0.0036901091666710073
2023-07-06,5,0.46638552052900195,0.4046543428457349,0.6,0.2,0.2,1,2023-07-06,2023-07-06,2023-07-06,4.4313530921936035,5.420000076293945,5.449999809265137,5.409999847412109,5.429999828338623,2164100,2023-07-06,4.4313530921936035,0.0,-0.0036901091666710073,0.003703776506308376
2023-07-07,3,-0.04887290097152197,0.7402670709418689,0.3333333333333333,0.3333333333333333,0.3333333333333333,1,2023-07-07,2023-07-07,2023-07-07,4.415000915527344,5.400000095367432,5.440000057220459,5.400000095367432,5.440000057220459,9380900,2023-07-07,4.415000915527344,-0.0036901091666710073,0.003703776506308376,0.00369000156135324
2023-07-10,3,0.17501776044567433,0.7474795859375486,0.3333333333333333,0.3333333333333333,0.3333333333333333,1,2023-07-10,2023-07-10,2023-07-10,4.4313530921936035,5.420000076293945,5.440000057220459,5.400000095367432,5.400000095367432,8174600,2023-07-10,4.4313530921936035,0.003703776506308376,0.00369000156135324,0.0018382177542930478
2023-07-11,3,0.6961975134909153,0.29439848392532875,0.6666666666666666,0.0,0.3333333333333333,1,2023-07-11,2023-07-11,2023-07-11,4.447704792022705,5.440000057220459,5.440000057220459,5.420000076293945,5.420000076293945,6302200,2023-07-11,4.447704792022705,0.00369000156135324,0.0018382177542930478,0.005504534729410704
2023-07-12,2,0.9144285607617351,0.07157113178009504,1.0,0.0,0.0,1,2023-07-12,2023-07-12,2023-07-12,4.455880641937256,5.449999809265137,5.46999979019165,5.440000057220459,5.449999809265137,2509100,2023-07-12,4.455880641937256,0.0018382177542930478,0.005504534729410704,0.010948801401262642
2023-07-13,4,0.34090329811442643,0.7356943750694309,0.75,0.25,0.0,1,2023-07-13,2023-07-13,2023-07-13,4.480408191680908,5.480000019073486,5.510000228881836,5.449999809265137,5.449999809265137,3483500,2023-07-13,4.480408191680908,0.005504534729410704,0.010948801401262642,0.0018053530629047465
2023-07-14,2,0.702710947021842,0.25349095332913874,1.0,0.0,0.0,1,2023-07-14,2023-07-14,2023-07-14,4.529463291168213,5.539999961853027,5.570000171661377,5.480000019073486,5.480000019073486,6307300,2023-07-14,4.529463291168213,0.010948801401262642,0.0018053530629047465,-0.009009026996501301
2023-07-17,7,0.5208406071843845,0.686926301080761,0.8571428571428571,0.14285714285714285,0.0,1,2023-07-17,2023-07-17,2023-07-17,4.537640571594238,5.550000190734863,5.559999942779541,5.519999980926514,5.550000190734863,4574900,2023-07-17,4.537640571594238,0.0018053530629047465,-0.009009026996501301,0.0
2023-07-18,1,0.9374179164879024,0.0,1.0,0.0,0.0,1,2023-07-18,2023-07-18,2023-07-18,4.496760845184326,5.5,5.550000190734863,5.480000019073486,5.550000190734863,3477700,2023-07-18,4.496760845184326,-0.009009026996501301,0.0,0.012727043873366428
2023-07-20,7,0.32117958473307745,0.702142087324574,0.7142857142857143,0.2857142857142857,0.0,2,2023-07-19,2023-07-20,2023-07-20,4.496760845184326,5.5,5.559999942779541,5.5,5.510000228881836,3530000,2023-07-20,4.496760845184326,0.0,0.012727043873366428,-0.003590421020580048
2023-07-24,5,0.6084099990781396,0.2280511081600377,1.0,0.0,0.0,1,2023-07-24,2023-07-24,2023-07-24,4.537640571594238,5.550000190734863,5.570000171661377,5.539999961853027,5.550000190734863,3974000,2023-07-24,4.537640571594238,-0.003590421020580048,0.018017843823355806,0.0035398926171670286
2023-07-25,4,0.34711268928367645,0.6993705371178349,0.5,0.5,0.0,1,2023-07-25,2023-07-25,2023-07-25,4.619399070739746,5.650000095367432,5.679999828338623,5.559999942779541,5.559999942779541,6762400,2023-07-25,4.619399070739746,0.018017843823355806,0.0035398926171670286,0.0017635486981677495
2023-07-26,1,0.6381892412900926,0.0,1.0,0.0,0.0,1,2023-07-26,2023-07-26,2023-07-26,4.635751247406006,5.670000076293945,5.690000057220459,5.650000095367432,5.650000095367432,3426100,2023-07-26,4.635751247406006,0.0035398926171670286,0.0017635486981677495,-0.003521093498113803
2023-07-27,5,0.41407658010721204,0.7690332752354916,0.8,0.2,0.0,1,2023-07-27,2023-07-27,2023-07-27,4.643926620483398,5.679999828338623,5.699999809265137,5.650000095367432,5.659999847412109,2231400,2023-07-27,4.643926620483398,0.0017635486981677495,-0.003521093498113803,0.005300303109989191
2023-07-28,2,0.34499839995987713,0.49282732913998645,0.5,0.0,0.5,1,2023-07-28,2023-07-28,2023-07-28,4.627574920654297,5.659999847412109,5.679999828338623,5.639999866485596,5.659999847412109,3458800,2023-07-28,4.627574920654297,-0.003521093498113803,0.005300303109989191,-0.0017574526714695393
2023-07-31,8,0.8178869804251008,0.16888840957511125,1.0,0.0,0.0,2,2023-07-30,2023-07-31,2023-07-31,4.652102470397949,5.690000057220459,5.71999979019165,5.659999847412109,5.659999847412109,2902900,2023-07-31,4.652102470397949,0.005300303109989191,-0.0017574526714695393,-0.005281640247170705
2023-08-01,6,0.5459142612914244,0.18339193203611057,0.8333333333333334,0.0,0.16666666666666666,1,2023-08-01,2023-08-01,2023-08-01,4.643926620483398,5.679999828338623,5.699999809265137,5.659999847412109,5.690000057220459,2469900,2023-08-01,4.643926620483398,-0.0017574526714695393,-0.005281640247170705,-0.008849576705518447
2023-08-02,2,0.5174522586166859,0.22416427788054985,1.0,0.0,0.0,1,2023-08-02,2023-08-02,2023-08-02,4.619399070739746,5.650000095367432,5.670000076293945,5.619999885559082,5.659999847412109,3132000,2023-08-02,4.619399070739746,-0.005281640247170705,-0.008849576705518447,0.005357196232268047
2023-08-04,1,0.9075315096415579,0.0,1.0,0.0,0.0,1,2023-08-04,2023-08-04,2023-08-04,4.6030473709106445,5.630000114440918,5.650000095367432,5.599999904632568,5.599999904632568,1201900,2023-08-04,4.6030473709106445,0.005357196232268047,0.003552364012683773,0.0053096840883515295
2023-08-07,4,-0.19638094771653414,0.6178927449725499,0.25,0.5,0.25,1,2023-08-07,2023-08-07,2023-08-07,4.619399070739746,5.650000095367432,5.650000095367432,5.570000171661377,5.599999904632568,1781000,2023-08-07,4.619399070739746,0.003552364012683773,0.0053096840883515295,0.005281742926906308
2023-08-08,4,0.5046875157859178,0.8360456846061949,0.75,0.25,0.0,1,2023-08-08,2023-08-08,2023-08-08,4.643926620483398,5.679999828338623,5.699999809265137,5.630000114440918,5.650000095367432,2322900,2023-08-08,4.643926620483398,0.0053096840883515295,0.005281742926906308,-0.010507883236117954
2023-08-09,5,-0.0470302667468786,0.5752141696673149,0.2,0.4,0.4,1,2023-08-09,2023-08-09,2023-08-09,4.668454647064209,5.710000038146973,5.710000038146973,5.659999847412109,5.670000076293945,3958500,2023-08-09,4.668454647064209,0.005281742926906308,-0.010507883236117954,0.0
2023-08-10,3,0.5358176132043203,0.3858792032686748,0.6666666666666666,0.0,0.3333333333333333,1,2023-08-10,2023-08-10,2023-08-10,4.619399070739746,5.650000095367432,5.699999809265137,5.619999885559082,5.679999828338623,4079700,2023-08-10,4.619399070739746,-0.010507883236117954,0.0,0.008849576705518558
2023-08-11,5,0.25442191008478404,0.6574150207659141,0.6,0.4,0.0,1,2023-08-11,2023-08-11,2023-08-11,4.619399070739746,5.650000095367432,5.690000057220459,5.590000152587891,5.650000095367432,3920800,2023-08-11,4.619399070739746,0.0,0.008849576705518558,0.005263107812059298
2023-08-14,6,0.6989470125796894,0.14566992306630933,1.0,0.0,0.0,1,2023-08-14,2023-08-14,2023-08-14,4.660278797149658,5.699999809265137,5.699999809265137,5.639999866485596,5.650000095367432,2897400,2023-08-14,4.660278797149658,0.008849576705518558,0.005263107812059298,0.003490470140159241
2023-08-15,3,0.45585545354212326,0.4985057518264015,0.6666666666666666,0.0,0.3333333333333333,1,2023-08-15,2023-08-15,2023-08-15,4.6848063468933105,5.730000019073486,5.78000020980835,5.690000057220459,5.699999809265137,6727600,2023-08-15,4.6848063468933105,0.005263107812059298,0.003490470140159241,-0.013913012255549306
2023-08-17,1,0.8634266667068006,0.0,1.0,0.0,0.0,1,2023-08-17,2023-08-17,2023-08-17,4.635751247406006,5.670000076293945,5.75,5.659999847412109,5.739999771118164,4185600,2023-08-17,4.635751247406006,-0.013913012255549306,-0.003527405978784981,0.007079578784468632
2023-08-18,3,0.8813158133998513,0.10910165932357906,1.0,0.0,0.0,1,2023-08-18,2023-08-18,2023-08-18,4.619399070739746,5.650000095367432,5.690000057220459,5.639999866485596,5.670000076293945,2613700,2023-08-18,4.619399070739746,-0.003527405978784981,0.007079578784468632,0.001757555170750491
2023-08-21,4,0.7933929284336045,0.15121398971934186,1.0,0.0,0.0,2,2023-08-19,2023-08-21,2023-08-21,4.652102470397949,5.690000057220459,5.739999771118164,5.650000095367432,5.650000095367432,4453600,2023-08-21,4.652102470397949,0.007079578784468632,0.001757555170750491,-0.008771948672880892
2023-08-22,4,0.15156559122260665,0.6681425705983515,0.5,0.25,0.25,1,2023-08-22,2023-08-22,2023-08-22,4.660278797149658,5.699999809265137,5.71999979019165,5.670000076293945,5.71999979019165,3234500,2023-08-22,4.660278797149658,0.001757555170750491,-0.008771948672880892,0.0017698946961171025
2023-08-23,3,-0.046244035164515196,0.35681827501826313,0.3333333333333333,0.6666666666666666,0.0,1,2023-08-23,2023-08-23,2023-08-23,4.619399070739746,5.650000095367432,5.699999809265137,5.650000095367432,5.699999809265137,2516700,2023-08-23,4.619399070739746,-0.008771948672880892,0.0017698946961171025,-0.003533638449217724
2023-08-24,3,0.6628760816529393,0.07952575102028284,1.0,0.0,0.0,1,2023-08-24,2023-08-24,2023-08-24,4.627574920654297,5.659999847412109,5.710000038146973,5.630000114440918,5.650000095367432,2421200,2023-08-24,4.627574920654297,0.0017698946961171025,-0.003533638449217724,0.0017731363687363277
2023-08-25,1,0.056654661893844604,0.0,0.0,0.0,1.0,1,2023-08-25,2023-08-25,2023-08-25,4.611222743988037,5.639999866485596,5.690000057220459,5.619999885559082,5.650000095367432,2403500,2023-08-25,4.611222743988037,-0.003533638449217724,0.0017731363687363277,0.008849576705518558
2023-08-28,3,0.7411948449444026,0.1425958929413706,1.0,0.0,0.0,1,2023-08-28,2023-08-28,2023-08-28,4.619399070739746,5.650000095367432,5.670000076293945,5.619999885559082,5.639999866485596,2938900,2023-08-28,4.619399070739746,0.0017731363687363277,0.008849576705518558,-0.015789425755626585
2023-08-29,7,0.6363154409586319,0.6943727353019331,0.8571428571428571,0.14285714285714285,0.0,1,2023-08-29,2023-08-29,2023-08-29,4.660278797149658,5.699999809265137,5.71999979019165,5.639999866485596,5.650000095367432,2566500,2023-08-29,4.660278797149658,0.008849576705518558,-0.015789425755626585,0.007130056581777122
2023-08-30,3,0.046326524112373535,0.8402562603050506,0.3333333333333333,0.3333333333333333,0.3333333333333333,1,2023-08-30,2023-08-30,2023-08-30,4.586695671081543,5.610000133514404,5.739999771118164,5.599999904632568,5.71999979019165,10292100,2023-08-30,4.586695671081543,-0.015789425755626585,0.007130056581777122,0.0053096840883515295
2023-09-01,1,-0.9451256655156614,0.0,0.0,1.0,0.0,1,2023-09-01,2023-09-01,2023-09-01,4.619399070739746,5.650000095367432,5.670000076293945,5.590000152587891,5.639999866485596,7494900,2023-09-01,4.619399070739746,0.007130056581777122,0.0053096840883515295,-0.003521093498113803
2023-09-04,4,0.47445260343374684,0.9210337186075892,0.75,0.25,0.0,1,2023-09-04,2023-09-04,2023-09-04,4.643926620483398,5.679999828338623,5.730000019073486,5.659999847412109,5.659999847412109,4693800,2023-09-04,4.643926620483398,0.0053096840883515295,-0.003521093498113803,0.001766870745887994
2023-09-05,3,0.25771850378563005,0.9814450485367897,0.6666666666666666,0.3333333333333333,0.0,1,2023-09-05,2023-09-05,2023-09-05,4.627574920654297,5.659999847412109,5.699999809265137,5.619999885559082,5.690000057220459,3365500,2023-09-05,4.627574920654297,-0.003521093498113803,0.001766870745887994,0.0017635486981677495
2023-09-06,1,0.4836220443248749,0.0,1.0,0.0,0.0,1,2023-09-06,2023-09-06,2023-09-06,4.635751247406006,5.670000076293945,5.690000057220459,5.630000114440918,5.650000095367432,2850700,2023-09-06,4.635751247406006,0.001766870745887994,0.0017635486981677495,-0.003521093498113803
2023-09-07,2,0.9028335942421108,0.030288667716954785,1.0,0.0,0.0,1,2023-09-07,2023-09-07,2023-09-07,4.643926620483398,5.679999828338623,5.699999809265137,5.659999847412109,5.670000076293945,2716800,2023-09-07,4.643926620483398,0.0017635486981677495,-0.003521093498113803,0.0
2023-09-12,3,0.47784790707131225,0.6905729242097973,0.6666666666666666,0.3333333333333333,0.0,1,2023-09-12,2023-09-12,2023-09-12,4.643926620483398,5.679999828338623,5.690000057220459,5.619999885559082,5.670000076293945,4600100,2023-09-12,4.643926620483398,0.0035335354066594604,-0.005281640247170705,0.007079578784468632
2023-09-13,5,0.30987436659634116,0.35191306793902194,0.6,0.0,0.4,1,2023-09-13,2023-09-13,2023-09-13,4.619399070739746,5.650000095367432,5.679999828338623,5.639999866485596,5.670000076293945,4501900,2023-09-13,4.619399070739746,-0.005281640247170705,0.007079578784468632,-0.012302168700286553
2023-09-14,5,0.33384488672018053,0.7778329954424772,0.8,0.2,0.0,1,2023-09-14,2023-09-14,2023-09-14,4.652102470397949,5.690000057220459,5.710000038146973,5.670000076293945,5.679999828338623,2785000,2023-09-14,4.652102470397949,0.007079578784468632,-0.012302168700286553,0.007117369769484627
2023-09-15,4,0.7954782793531194,0.28370063589997957,1.0,0.0,0.0,1,2023-09-15,2023-09-15,2023-09-15,4.594871520996094,5.619999885559082,5.710000038146973,5.619999885559082,5.690000057220459,14620500,2023-09-15,4.594871520996094,-0.012302168700286553,0.007117369769484627,0.0035335354066594604
2023-09-18,6,0.776224784553051,0.20692100004767777,1.0,0.0,0.0,1,2023-09-18,2023-09-18,2023-09-18,4.627574920654297,5.659999847412109,5.690000057220459,5.639999866485596,5.639999866485596,2908600,2023-09-18,4.627574920654297,0.007117369769484627,0.0035335354066594604,0.0
2023-09-19,2,0.061185755999758895,1.2462898142525327,0.5,0.5,0.0,1,2023-09-19,2023-09-19,2023-09-19,4.643926620483398,5.679999828338623,5.690000057220459,5.639999866485596,5.679999828338623,4119900,2023-09-19,4.643926620483398,0.0035335354066594604,0.0,0.0
2023-09-20,2,-0.2805354818701744,0.29697722078317496,0.0,0.5,0.5,1,2023-09-20,2023-09-20,2023-09-20,4.643926620483398,5.679999828338623,5.699999809265137,5.659999847412109,5.679999828338623,6288900,2023-09-20,4.643926620483398,0.0,0.0,-0.0017604440693211876
2023-09-21,5,0.383689408749342,0.5987443924178045,0.6,0.2,0.2,1,2023-09-21,2023-09-21,2023-09-21,4.643926620483398,5.679999828338623,5.690000057220459,5.659999847412109,5.679999828338623,4848800,2023-09-21,4.643926620483398,0.0,-0.0017604440693211876,-0.0017637544198007005
2023-09-22,1,0.8078570300713181,0.0,1.0,0.0,0.0,1,2023-09-22,2023-09-22,2023-09-22,4.635751247406006,5.670000076293945,5.690000057220459,5.659999847412109,5.679999828338623,2414000,2023-09-22,4.635751247406006,-0.0017604440693211876,-0.0017637544198007005,0.0
2023-09-25,3,0.5141873057000339,0.7568829070461757,0.6666666666666666,0.3333333333333333,0.0,1,2023-09-25,2023-09-25,2023-09-25,4.627574920654297,5.659999847412109,5.699999809265137,5.650000095367432,5.679999828338623,5421500,2023-09-25,4.627574920654297,-0.0017637544198007005,0.0,-0.0018147855354626596
2023-09-26,1,0.1881709992885589,0.0,1.0,0.0,0.0,1,2023-09-26,2023-09-26,2023-09-26,4.627574920654297,5.659999847412109,5.679999828338623,5.639999866485596,5.659999847412109,6256500,2023-09-26,4.627574920654297,0.0,-0.0018147855354626596,-0.01272742062756349
2023-09-29,1,0.537943571805954,0.0,1.0,0.0,0.0,1,2023-09-29,2023-09-29,2023-09-29,4.560386657714844,5.429999828338623,5.510000228881836,5.429999828338623,5.5,12899500,2023-09-29,4.560386657714844,-0.01272742062756349,-0.005524777536684122,0.0037037169437532658
2023-10-02,8,0.443409647064982,0.6003474167331868,0.875,0.125,0.0,2,2023-09-30,2023-10-02,2023-10-02,4.535191535949707,5.400000095367432,5.449999809265137,5.389999866485596,5.440000057220459,5318900,2023-10-02,4.535191535949707,-0.005524777536684122,0.0037037169437532658,0.0036900500428860283
2023-10-03,1,0.7616908401250839,0.0,1.0,0.0,0.0,1,2023-10-03,2023-10-03,2023-10-03,4.55198860168457,5.420000076293945,5.440000057220459,5.380000114440918,5.400000095367432,3929100,2023-10-03,4.55198860168457,0.0037037169437532658,0.0036900500428860283,0.003676483634293737
2023-10-04,1,0.52922572940588,0.0,1.0,0.0,0.0,1,2023-10-04,2023-10-04,2023-10-04,4.568785667419434,5.440000057220459,5.449999809265137,5.400000095367432,5.429999828338623,6654000,2023-10-04,4.568785667419434,0.0036900500428860283,0.003676483634293737,0.007326033227322837
2023-10-05,2,0.47440086118876934,0.47329424937906184,1.0,0.0,0.0,1,2023-10-05,2023-10-05,2023-10-05,4.585582733154297,5.460000038146973,5.5,5.420000076293945,5.460000038146973,7767100,2023-10-05,4.585582733154297,0.003676483634293737,0.007326033227322837,0.0
2023-10-06,1,-0.8238018304109573,0.0,0.0,1.0,0.0,1,2023-10-06,2023-10-06,2023-10-06,4.619176864624023,5.5,5.5,5.46999979019165,5.480000019073486,3367800,2023-10-06,4.619176864624023,0.007326033227322837,0.0,0.009090940998332186
2023-10-09,3,0.4107208885252476,0.7802490395646632,0.6666666666666666,0.3333333333333333,0.0,1,2023-10-09,2023-10-09,2023-10-09,4.619176864624023,5.5,5.5,5.460000038146973,5.489999771118164,3329600,2023-10-09,4.619176864624023,0.0,0.009090940998332186,0.0036035138377488174
2023-10-10,3,0.2108095407796402,0.9739318876348354,0.6666666666666666,0.3333333333333333,0.0,1,2023-10-10,2023-10-10,2023-10-10,4.661169528961182,5.550000190734863,5.559999942779541,5.510000228881836,5.510000228881836,3933800,2023-10-10,4.661169528961182,0.009090940998332186,0.0036035138377488174,0.0035907790156697317
2023-10-11,5,-0.2747677654027939,0.6083466827645826,0.6,0.4,0.0,1,2023-10-11,2023-10-11,2023-10-11,4.677966117858887,5.570000171661377,5.579999923706055,5.539999961853027,5.559999942779541,4487500,2023-10-11,4.677966117858887,0.0036035138377488174,0.0035907790156697317,0.0
2023-10-12,2,0.6620150455273688,0.335423494993838,1.0,0.0,0.0,1,2023-10-12,2023-10-12,2023-10-12,4.694763660430908,5.590000152587891,5.610000133514404,5.579999923706055,5.579999923706055,4345100,2023-10-12,4.694763660430908,0.0035907790156697317,0.0,0.0
2023-10-13,3,-0.1174647140627106,0.8976028644943733,0.3333333333333333,0.6666666666666666,0.0,1,2023-10-13,2023-10-13,2023-10-13,4.694763660430908,5.590000152587891,5.610000133514404,5.570000171661377,5.579999923706055,5399700,2023-10-13,4.694763660430908,0.0,0.0,0.0
2023-10-16,2,-0.4864016897045077,0.6368096910142925,0.0,1.0,0.0,1,2023-10-16,2023-10-16,2023-10-16,4.694763660430908,5.590000152587891,5.599999904632568,5.519999980926514,5.590000152587891,5735100,2023-10-16,4.694763660430908,0.0,0.0,0.0
2023-10-17,3,-0.2946586723749836,1.0316711095117956,0.3333333333333333,0.6666666666666666,0.0,1,2023-10-17,2023-10-17,2023-10-17,4.694763660430908,5.590000152587891,5.599999904632568,5.559999942779541,5.590000152587891,4769900,2023-10-17,4.694763660430908,0.0,0.0,0.0
2023-10-18,4,-0.33500230871140957,0.5535847167836472,0.25,0.75,0.0,1,2023-10-18,2023-10-18,2023-10-18,4.694763660430908,5.590000152587891,5.610000133514404,5.559999942779541,5.570000171661377,5747500,2023-10-18,4.694763660430908,0.0,0.0,0.0017887118075596842
2023-10-19,3,0.2968937320013841,0.49187074549900206,0.6666666666666666,0.3333333333333333,0.0,1,2023-10-19,2023-10-19,2023-10-19,4.694763660430908,5.590000152587891,5.599999904632568,5.570000171661377,5.590000152587891,3618200,2023-10-19,4.694763660430908,0.0,0.0017887118075596842,-0.0053570610237362315
2023-10-20,5,-0.08739455137401823,0.6706719420430015,0.4,0.4,0.2,1,2023-10-20,2023-10-20,2023-10-20,4.703161239624023,5.599999904632568,5.599999904632568,5.550000190734863,5.579999923706055,4200700,2023-10-20,4.703161239624023,0.0017887118075596842,-0.0053570610237362315,0.0
2023-10-23,5,0.4222248332574964,0.41472025602504303,0.6,0.2,0.2,1,2023-10-23,2023-10-23,2023-10-23,4.677966117858887,5.570000171661377,5.599999904632568,5.550000190734863,5.599999904632568,2161100,2023-10-23,4.677966117858887,-0.0053570610237362315,0.0,0.0017953385415445666
2023-10-24,1,0.6733177755959333,0.0,1.0,0.0,0.0,1,2023-10-24,2023-10-24,2023-10-24,4.677966117858887,5.570000171661377,5.579999923706055,5.519999980926514,5.570000171661377,2965500,2023-10-24,4.677966117858887,0.0,0.0017953385415445666,0.0035841404051009107
2023-10-25,2,0.6452503714244813,0.42315843511060836,1.0,0.0,0.0,1,2023-10-25,2023-10-25,2023-10-25,4.686364650726318,5.579999923706055,5.599999904632568,5.570000171661377,5.579999923706055,3755900,2023-10-25,4.686364650726318,0.0017953385415445666,0.0035841404051009107,-0.003571340220317021
2023-10-26,3,0.8115638204229375,0.20406255928643374,1.0,0.0,0.0,1,2023-10-26,2023-10-26,2023-10-26,4.703161239624023,5.599999904632568,5.610000133514404,5.570000171661377,5.579999923706055,3493600,2023-10-26,4.703161239624023,0.0035841404051009107,-0.003571340220317021,-0.0017921210775030394
2023-10-30,2,0.4434772353852168,0.7604120811037772,0.5,0.5,0.0,1,2023-10-30,2023-10-30,2023-10-30,4.677966117858887,5.570000171661377,5.599999904632568,5.559999942779541,5.579999923706055,1091100,2023-10-30,4.677966117858887,-0.0017921210775030394,0.0017953385415445666,0.0
2023-10-31,2,0.8069743423257025,0.19977476362114027,1.0,0.0,0.0,1,2023-10-31,2023-10-31,2023-10-31,4.686364650726318,5.579999923706055,5.599999904632568,5.559999942779541,5.570000171661377,2309200,2023-10-31,4.686364650726318,0.0017953385415445666,0.0,0.0017922228274080965
2023-11-01,4,0.7175047770724633,0.39476757088515896,0.75,0.0,0.25,1,2023-11-01,2023-11-01,2023-11-01,4.686364650726318,5.579999923706055,5.599999904632568,5.559999942779541,5.579999923706055,1281400,2023-11-01,4.686364650726318,0.0,0.0017922228274080965,0.0017887118075596842
2023-11-02,3,0.02165810515483217,0.6635697709549921,0.6666666666666666,0.3333333333333333,0.0,1,2023-11-02,2023-11-02,2023-11-02,4.694763660430908,5.590000152587891,5.599999904632568,5.570000171661377,5.579999923706055,2674000,2023-11-02,4.694763660430908,0.0017922228274080965,0.0017887118075596842,0.007142984600198465
2023-11-03,4,0.4070102989207953,0.7637524577252649,0.75,0.25,0.0,1,2023-11-03,2023-11-03,2023-11-03,4.703161239624023,5.599999904632568,5.630000114440918,5.579999923706055,5.599999904632568,2256400,2023-11-03,4.703161239624023,0.0017887118075596842,0.007142984600198465,0.0017729552250285163
2023-11-06,4,0.3906417356338352,0.8292671240801905,0.75,0.25,0.0,1,2023-11-06,2023-11-06,2023-11-06,4.736755847930908,5.639999866485596,5.650000095367432,5.619999885559082,5.619999885559082,4316800,2023-11-06,4.736755847930908,0.007142984600198465,0.0017729552250285163,-0.00353983581456474
2023-11-07,1,-0.8331558741629125,0.0,0.0,1.0,0.0,1,2023-11-07,2023-11-07,2023-11-07,4.745153903961182,5.650000095367432,5.650000095367432,5.630000114440918,5.650000095367432,1671100,2023-11-07,4.745153903961182,0.0017729552250285163,-0.00353983581456474,0.0
2023-11-09,5,0.04870041068643338,0.8580600420858232,0.4,0.6,0.0,1,2023-11-09,2023-11-09,2023-11-09,4.728356838226318,5.630000114440918,5.630000114440918,5.610000133514404,5.630000114440918,2720600,2023-11-09,4.728356838226318,0.0,0.0017763062289817277,-0.005319167677451775
2023-11-10,1,-0.9138226965442302,0.0,0.0,1.0,0.0,1,2023-11-10,2023-11-10,2023-11-10,4.736755847930908,5.639999866485596,5.639999866485596,5.610000133514404,5.630000114440918,1028600,2023-11-10,4.736755847930908,0.0017763062289817277,-0.005319167677451775,0.0053476125251470386
2023-11-14,8,0.5541198768769391,0.5520219516894475,0.875,0.125,0.0,2,2023-11-13,2023-11-14,2023-11-14,4.711560249328613,5.610000133514404,5.650000095367432,5.610000133514404,5.639999866485596,1366400,2023-11-14,4.711560249328613,-0.005319167677451775,0.0053476125251470386,-0.0017731565599393706
2023-11-15,1,0.931505646556616,0.0,1.0,0.0,0.0,1,2023-11-15,2023-11-15,2023-11-15,4.736755847930908,5.639999866485596,5.639999866485596,5.610000133514404,5.630000114440918,2280900,2023-11-15,4.736755847930908,0.0053476125251470386,-0.0017731565599393706,0.0
2023-11-17,4,0.8329672201653011,0.1311510558984028,1.0,0.0,0.0,1,2023-11-17,2023-11-17,2023-11-17,4.728356838226318,5.630000114440918,5.650000095367432,5.610000133514404,5.630000114440918,1832900,2023-11-17,4.728356838226318,0.0,0.0,0.0
2023-11-20,4,0.03076285868883133,0.7240389451569411,0.25,0.25,0.5,1,2023-11-20,2023-11-20,2023-11-20,4.728356838226318,5.630000114440918,5.639999866485596,5.599999904632568,5.639999866485596,1433700,2023-11-20,4.728356838226318,0.0,0.0,-0.005328616148130294
2023-11-21,4,0.5245221172226593,0.7535869983086231,0.75,0.25,0.0,1,2023-11-21,2023-11-21,2023-11-21,4.728356838226318,5.630000114440918,5.650000095367432,5.619999885559082,5.630000114440918,1848000,2023-11-21,4.728356838226318,0.0,-0.005328616148130294,0.0
2023-11-22,2,0.3876125074457377,0.8346176258515563,0.5,0.5,0.0,1,2023-11-22,2023-11-22,2023-11-22,4.703161239624023,5.599999904632568,5.630000114440918,5.599999904632568,5.630000114440918,1582300,2023-11-22,4.703161239624023,-0.005328616148130294,0.0,0.0
2023-11-23,2,0.5900967018678784,0.4174258186687812,0.5,0.0,0.5,1,2023-11-23,2023-11-23,2023-11-23,4.703161239624023,5.599999904632568,5.619999885559082,5.590000152587891,5.610000133514404,2578500,2023-11-23,4.703161239624023,0.0,0.0,-0.0053570610237362315
2023-11-24,2,0.5272204354405403,0.02443192748917387,1.0,0.0,0.0,1,2023-11-24,2023-11-24,2023-11-24,4.703161239624023,5.599999904632568,5.610000133514404,5.590000152587891,5.599999904632568,1964900,2023-11-24,4.703161239624023,0.0,-0.0053570610237362315,-0.010771929316686801
2023-11-27,9,-0.13228241597405738,0.7119936750985412,0.3333333333333333,0.5555555555555556,0.1111111111111111,1,2023-11-27,2023-11-27,2023-11-27,4.677966117858887,5.570000171661377,5.630000114440918,5.559999942779541,5.619999885559082,1722000,2023-11-27,4.677966117858887,-0.0053570610237362315,-0.010771929316686801,-0.0036297767820203664
2023-11-28,5,-0.03880044063553215,0.7344293899078176,0.6,0.4,0.0,1,2023-11-28,2023-11-28,2023-11-28,4.627575397491455,5.510000228881836,5.579999923706055,5.480000019073486,5.570000171661377,9861700,2023-11-28,4.627575397491455,-0.010771929316686801,-0.0036297767820203664,-0.007286103536034871
2023-11-29,2,0.49323412752710283,0.6885114227068748,1.0,0.0,0.0,1,2023-11-29,2023-11-29,2023-11-29,4.610778331756592,5.489999771118164,5.53000020980835,5.460000038146973,5.510000228881836,5578200,2023-11-29,4.610778331756592,-0.0036297767820203664,-0.007286103536034871,0.003669842328147155
2023-11-30,2,0.8531309545505792,0.14137427603432598,1.0,0.0,0.0,1,2023-11-30,2023-11-30,2023-11-30,4.577183723449707,5.449999809265137,5.489999771118164,5.449999809265137,5.489999771118164,11024700,2023-11-30,4.577183723449707,-0.007286103536034871,0.003669842328147155,-0.0036564238292089435
2023-12-01,3,0.6792049539896351,0.43588396268354146,0.6666666666666666,0.0,0.3333333333333333,1,2023-12-01,2023-12-01,2023-12-01,4.5939812660217285,5.46999979019165,5.480000019073486,5.440000057220459,5.449999809265137,6676900,2023-12-01,4.5939812660217285,0.003669842328147155,-0.0036564238292089435,0.00550460722675683
2023-12-04,8,0.04017961747013032,0.5469682687533369,0.625,0.25,0.125,1,2023-12-04,2023-12-04,2023-12-04,4.577183723449707,5.449999809265137,5.489999771118164,5.420000076293945,5.480000019073486,9885900,2023-12-04,4.577183723449707,-0.0036564238292089435,0.00550460722675683,-0.0018247205288001167
2023-12-05,8,-0.37844612798653543,0.36928742265238035,0.0,0.75,0.25,1,2023-12-05,2023-12-05,2023-12-05,4.602379322052002,5.480000019073486,5.480000019073486,5.449999809265137,5.449999809265137,4922700,2023-12-05,4.602379322052002,0.00550460722675683,-0.0018247205288001167,0.003656320033148308
2023-12-06,3,0.4553455710411072,0.36813939697118064,1.0,0.0,0.0,1,2023-12-06,2023-12-06,2023-12-06,4.5939812660217285,5.46999979019165,5.489999771118164,5.449999809265137,5.489999771118164,2541100,2023-12-06,4.5939812660217285,-0.0018247205288001167,0.003656320033148308,0.0018215000295258577
2023-12-07,4,-0.07328006811439994,0.3214813931414447,0.25,0.5,0.25,1,2023-12-07,2023-12-07,2023-12-07,4.610778331756592,5.489999771118164,5.5,5.460000038146973,5.46999979019165,3726200,2023-12-07,4.610778331756592,0.003656320033148308,0.0018215000295258577,0.0018181881996663929
2023-12-08,3,0.35013859656949836,0.779024582581955,0.6666666666666666,0.3333333333333333,0.0,1,2023-12-08,2023-12-08,2023-12-08,4.619176864624023,5.5,5.519999980926514,5.489999771118164,5.5,2849100,2023-12-08,4.619176864624023,0.0018215000295258577,0.0018181881996663929,-0.0018148883910101832
2023-12-11,5,0.6659475528635085,0.2989005227271073,1.0,0.0,0.0,1,2023-12-11,2023-12-11,2023-12-11,4.627575397491455,5.510000228881836,5.53000020980835,5.489999771118164,5.53000020980835,4180100,2023-12-11,4.627575397491455,0.0018181881996663929,-0.0018148883910101832,-0.0018181881996663929
2023-12-12,3,0.11577838861073057,0.7833844082751988,0.6666666666666666,0.3333333333333333,0.0,1,2023-12-12,2023-12-12,2023-12-12,4.619176864624023,5.5,5.519999980926514,5.480000019073486,5.510000228881836,5309800,2023-12-12,4.619176864624023,-0.0018148883910101832,-0.0018181881996663929,0.0018215000295258577
2023-12-13,3,-0.5263418840865294,0.5188082628325462,0.3333333333333333,0.6666666666666666,0.0,1,2023-12-13,2023-12-13,2023-12-13,4.610778331756592,5.489999771118164,5.510000228881836,5.480000019073486,5.5,5145300,2023-12-13,4.610778331756592,-0.0018181881996663929,0.0018215000295258577,0.005454667828897586
2023-12-14,5,0.15762987881898882,0.39497143413805214,0.2,0.2,0.6,1,2023-12-14,2023-12-14,2023-12-14,4.619176864624023,5.5,5.510000228881836,5.480000019073486,5.5,7437900,2023-12-14,4.619176864624023,0.0018215000295258577,0.005454667828897586,0.003616546111707253
2023-12-15,3,-0.4760438371449709,0.4932677123783408,0.3333333333333333,0.6666666666666666,0.0,1,2023-12-15,2023-12-15,2023-12-15,4.644372940063477,5.53000020980835,5.539999961853027,5.5,5.5,7672200,2023-12-15,4.644372940063477,0.005454667828897586,0.003616546111707253,-0.0036035138377489284
2023-12-18,6,0.4046105539115767,0.6699174005018641,0.8333333333333334,0.16666666666666666,0.0,1,2023-12-18,2023-12-18,2023-12-18,4.661169528961182,5.550000190734863,5.559999942779541,5.519999980926514,5.519999980926514,7916700,2023-12-18,4.661169528961182,0.003616546111707253,-0.0036035138377489284,-0.00542507584223173
2023-12-19,5,0.2940494212321938,0.6097565175754667,0.6,0.4,0.0,1,2023-12-19,2023-12-19,2023-12-19,4.644372940063477,5.53000020980835,5.559999942779541,5.519999980926514,5.559999942779541,2790300,2023-12-19,4.644372940063477,-0.0036035138377489284,-0.00542507584223173,-0.009091044228230594
2023-12-20,6,0.1691361221795281,0.6925124726538802,0.6666666666666666,0.3333333333333333,0.0,1,2023-12-20,2023-12-20,2023-12-20,4.619176864624023,5.5,5.559999942779541,5.489999771118164,5.539999961853027,14413800,2023-12-20,4.619176864624023,-0.00542507584223173,-0.009091044228230594,-0.005504503049781007
2023-12-21,3,0.32710393394033116,0.5011658739559223,0.6666666666666666,0.3333333333333333,0.0,1,2023-12-21,2023-12-21,2023-12-21,4.577183723449707,5.449999809265137,5.5,5.429999828338623,5.5,6163300,2023-12-21,4.577183723449707,-0.009091044228230594,-0.005504503049781007,-0.0036900500428861394
2023-12-22,3,0.41934312755862874,0.622896874375767,0.6666666666666666,0.3333333333333333,0.0,1,2023-12-22,2023-12-22,2023-12-22,4.55198860168457,5.420000076293945,5.46999979019165,5.389999866485596,5.46999979019165,12426400,2023-12-22,4.55198860168457,-0.005504503049781007,-0.0036900500428861394,-0.0018519636134466388
2023-12-26,7,0.22146805761648075,0.6021558992814403,0.42857142857142855,0.2857142857142857,0.2857142857142857,2,2023-12-25,2023-12-26,2023-12-26,4.535191535949707,5.400000095367432,5.429999828338623,5.389999866485596,5.420000076293945,21217800,2023-12-26,4.535191535949707,-0.0036900500428861394,-0.0018519636134466388,0.01298716620395779
2023-12-27,3,0.34020578349009156,0.6220163098599149,0.6666666666666666,0.3333333333333333,0.0,1,2023-12-27,2023-12-27,2023-12-27,4.526792526245117,5.389999866485596,5.420000076293945,5.380000114440918,5.420000076293945,12601400,2023-12-27,4.526792526245117,-0.0018519636134466388,0.01298716620395779,-0.0018316122929947776
2023-12-28,2,-0.2694806307554245,0.02478068212388951,0.0,1.0,0.0,1,2023-12-28,2023-12-28,2023-12-28,4.585582733154297,5.460000038146973,5.460000038146973,5.389999866485596,5.400000095367432,6645100,2023-12-28,4.585582733154297,0.01298716620395779,-0.0018316122929947776,0.0
2023-12-29,4,0.022728063515387448,0.7677362949948693,0.5,0.5,0.0,1,2023-12-29,2023-12-29,2023-12-29,4.577183723449707,5.449999809265137,5.510000228881836,5.429999828338623,5.46999979019165,17896800,2023-12-29,4.577183723449707,-0.0018316122929947776,0.0,-0.007339372125366617
2024-01-02,2,-0.38443623483181,0.12291879701796024,0.0,1.0,0.0,1,2024-01-02,2024-01-02,2024-01-02,4.577183723449707,5.449999809265137,5.460000038146973,5.420000076293945,5.449999809265137,1540800,2024-01-02,4.577183723449707,0.0,-0.007339372125366617,0.009242177155319498
2024-01-03,4,-0.07817212678492065,0.5328499872520056,0.5,0.5,0.0,1,2024-01-03,2024-01-03,2024-01-03,4.543590068817139,5.409999847412109,5.460000038146973,5.400000095367432,5.460000038146973,11529700,2024-01-03,4.543590068817139,-0.007339372125366617,0.009242177155319498,0.007326033227322837
2024-01-04,8,0.4917896041297354,0.5099125383854873,0.625,0.25,0.125,1,2024-01-04,2024-01-04,2024-01-04,4.585582733154297,5.460000038146973,5.46999979019165,5.409999847412109,5.420000076293945,6543300,2024-01-04,4.585582733154297,0.009242177155319498,0.007326033227322837,0.0018181881996663929
2024-01-05,6,0.3104250852484256,0.37002685123545104,0.6666666666666666,0.16666666666666666,0.16666666666666666,1,2024-01-05,2024-01-05,2024-01-05,4.619176864624023,5.5,5.5,5.460000038146973,5.460000038146973,5954500,2024-01-05,4.619176864624023,0.007326033227322837,0.0018181881996663929,0.007259553564040733
2024-01-08,10,0.532960508367978,0.3942828923605862,0.8,0.1,0.1,1,2024-01-08,2024-01-08,2024-01-08,4.627575397491455,5.510000228881836,5.519999980926514,5.5,5.5,4596200,2024-01-08,4.627575397491455,0.0018181881996663929,0.007259553564040733,-0.0054055265063633895
2024-01-09,6,0.437767759586374,0.6342910142182094,0.6666666666666666,0.16666666666666666,0.16666666666666666,1,2024-01-09,2024-01-09,2024-01-09,4.661169528961182,5.550000190734863,5.570000171661377,5.519999980926514,5.519999980926514,7901400,2024-01-09,4.661169528961182,0.007259553564040733,-0.0054055265063633895,-0.005434699317787728
2024-01-10,4,0.5631120863836259,0.4716713929246319,0.75,0.0,0.25,1,2024-01-10,2024-01-10,2024-01-10,4.6359734535217285,5.519999980926514,5.550000190734863,5.5,5.550000190734863,4057100,2024-01-10,4.6359734535217285,-0.0054055265063633895,-0.005434699317787728,0.0036430000590517153
2024-01-11,7,-0.4541189279407263,0.5264222157862914,0.2857142857142857,0.7142857142857143,0.0,1,2024-01-11,2024-01-11,2024-01-11,4.610778331756592,5.489999771118164,5.539999961853027,5.480000019073486,5.510000228881836,4540500,2024-01-11,4.610778331756592,-0.005434699317787728,0.0036430000590517153,0.010889227303513493
2024-01-12,2,-0.12141522765159612,0.22193514686787685,0.5,0.0,0.5,1,2024-01-12,2024-01-12,2024-01-12,4.627575397491455,5.510000228881836,5.510000228881836,5.489999771118164,5.489999771118164,2394300,2024-01-12,4.627575397491455,0.0036430000590517153,0.010889227303513493,-0.003590575150508535
2024-01-15,5,0.4755296092480421,0.6461464043447703,0.8,0.2,0.0,1,2024-01-15,2024-01-15,2024-01-15,4.677966117858887,5.570000171661377,5.570000171661377,5.489999771118164,5.519999980926514,2050300,2024-01-15,4.677966117858887,0.010889227303513493,-0.003590575150508535,0.0
2024-01-17,2,-0.10051771625876432,1.1470014259225414,0.5,0.5,0.0,1,2024-01-17,2024-01-17,2024-01-17,4.661169528961182,5.550000190734863,5.550000190734863,5.510000228881836,5.550000190734863,2671800,2024-01-17,4.661169528961182,0.0,-0.001802012668614572,-0.001804753357548372
2024-01-18,5,0.685365956928581,0.32512598314919716,1.0,0.0,0.0,1,2024-01-18,2024-01-18,2024-01-18,4.652770042419434,5.539999961853027,5.550000190734863,5.519999980926514,5.550000190734863,2260700,2024-01-18,4.652770042419434,-0.001802012668614572,-0.001804753357548372,0.007233092223414506
2024-01-19,3,0.42924395234634477,0.8167804265907086,0.6666666666666666,0.3333333333333333,0.0,1,2024-01-19,2024-01-19,2024-01-19,4.644372940063477,5.53000020980835,5.539999961853027,5.5,5.539999961853027,4521400,2024-01-19,4.644372940063477,-0.001804753357548372,0.007233092223414506,0.0053859136920531014
2024-01-22,5,-0.21486444398760796,0.7048813822769284,0.2,0.8,0.0,1,2024-01-22,2024-01-22,2024-01-22,4.677966117858887,5.570000171661377,5.610000133514404,5.489999771118164,5.539999961853027,9944400,2024-01-22,4.677966117858887,0.007233092223414506,0.0053859136920531014,0.0017858221899407223
2024-01-23,6,0.18141253587479397,0.7019747467707205,0.5,0.5,0.0,1,2024-01-23,2024-01-23,2024-01-23,4.703161239624023,5.599999904632568,5.610000133514404,5.559999942779541,5.570000171661377,6214900,2024-01-23,4.703161239624023,0.0053859136920531014,0.0017858221899407223,0.0
2024-01-24,4,0.23977234237827358,0.6771539371813781,0.5,0.25,0.25,1,2024-01-24,2024-01-24,2024-01-24,4.711560249328613,5.610000133514404,5.619999885559082,5.599999904632568,5.610000133514404,2979600,2024-01-24,4.711560249328613,0.0017858221899407223,0.0,0.007130048827743485
2024-01-26,4,0.2551667707739398,0.7150644123811186,0.5,0.5,0.0,1,2024-01-26,2024-01-26,2024-01-26,4.711560249328613,5.610000133514404,5.650000095367432,5.590000152587891,5.610000133514404,2579900,2024-01-26,4.711560249328613,0.0,0.007130048827743485,-0.0017698174179899828
2024-01-29,6,0.4344836038847765,0.40794574281841617,0.6666666666666666,0.16666666666666666,0.16666666666666666,1,2024-01-29,2024-01-29,2024-01-29,4.745153903961182,5.650000095367432,5.659999847412109,5.599999904632568,5.599999904632568,3391200,2024-01-29,4.745153903961182,0.007130048827743485,-0.0017698174179899828,-0.0070923242373911455
2024-01-30,6,0.05913694342598317,0.705700723114548,0.3333333333333333,0.3333333333333333,0.3333333333333333,1,2024-01-30,2024-01-30,2024-01-30,4.736755847930908,5.639999866485596,5.659999847412109,5.630000114440918,5.659999847412109,4035400,2024-01-30,4.736755847930908,-0.0017698174179899828,-0.0070923242373911455,0.003571542993360044
2024-01-31,4,-0.1630530813708902,0.4790834086367934,0.25,0.75,0.0,1,2024-01-31,2024-01-31,2024-01-31,4.703161239624023,5.599999904632568,5.639999866485596,5.579999923706055,5.639999866485596,4544200,2024-01-31,4.703161239624023,-0.0070923242373911455,0.003571542993360044,0.0017792646965375525
2024-02-02,5,0.16694532074034213,0.415467092810637,0.4,0.6,0.0,1,2024-02-02,2024-02-02,2024-02-02,4.719958782196045,5.619999885559082,5.650000095367432,5.570000171661377,5.570000171661377,2783400,2024-02-02,4.719958782196045,0.003571542993360044,0.0017792646965375525,-0.0035523099191485663
2024-02-05,6,0.14462438357683519,0.6946445312802296,0.5,0.3333333333333333,0.16666666666666666,1,2024-02-05,2024-02-05,2024-02-05,4.728356838226318,5.630000114440918,5.639999866485596,5.610000133514404,5.619999885559082,2627400,2024-02-05,4.728356838226318,0.0017792646965375525,-0.0035523099191485663,-0.0017826387141683941
2024-02-06,4,-0.013970354339107871,0.789275630729398,0.5,0.5,0.0,1,2024-02-06,2024-02-06,2024-02-06,4.711560249328613,5.610000133514404,5.639999866485596,5.599999904632568,5.639999866485596,1699200,2024-02-06,4.711560249328613,-0.0035523099191485663,-0.0017826387141683941,-0.003571340220317021
2024-02-07,5,-0.36577295418828726,0.569595945712651,0.4,0.6,0.0,1,2024-02-07,2024-02-07,2024-02-07,4.703161239624023,5.599999904632568,5.619999885559082,5.590000152587891,5.599999904632568,2746500,2024-02-07,4.703161239624023,-0.0017826387141683941,-0.003571340220317021,0.0
2024-02-08,6,0.3380394054887195,0.46017176754848527,0.6666666666666666,0.16666666666666666,0.16666666666666666,1,2024-02-08,2024-02-08,2024-02-08,4.686364650726318,5.579999923706055,5.630000114440918,5.570000171661377,5.610000133514404,1807400,2024-02-08,4.686364650726318,-0.003571340220317021,0.0,0.008960503637609918
2024-02-09,4,0.02745152311399579,0.6969180820163714,0.25,0.75,0.0,1,2024-02-09,2024-02-09,2024-02-09,4.686364650726318,5.579999923706055,5.610000133514404,5.579999923706055,5.579999923706055,627000,2024-02-09,4.686364650726318,0.0,0.008960503637609918,0.0017763062289817277
2024-02-13,11,0.4369743973524733,0.46743943611334404,0.6363636363636364,0.18181818181818182,0.18181818181818182,2,2024-02-12,2024-02-13,2024-02-13,4.728356838226318,5.630000114440918,5.639999866485596,5.590000152587891,5.590000152587891,3685600,2024-02-13,4.728356838226318,0.008960503637609918,0.0017763062289817277,-0.005319167677451775
2024-02-14,9,0.3129709572013881,0.5732438319327359,0.6666666666666666,0.2222222222222222,0.1111111111111111,1,2024-02-14,2024-02-14,2024-02-14,4.736755847930908,5.639999866485596,5.650000095367432,5.619999885559082,5.619999885559082,4884200,2024-02-14,4.736755847930908,0.0017763062289817277,-0.005319167677451775,0.0017825375083824202
2024-02-15,8,0.08760482457000761,0.5446287804595171,0.375,0.375,0.25,1,2024-02-15,2024-02-15,2024-02-15,4.711560249328613,5.610000133514404,5.650000095367432,5.610000133514404,5.650000095367432,4712200,2024-02-15,4.711560249328613,-0.005319167677451775,0.0017825375083824202,0.0017792646965375525
2024-02-16,8,0.08371273416560145,0.5817507135523785,0.5,0.5,0.0,1,2024-02-16,2024-02-16,2024-02-16,4.719958782196045,5.619999885559082,5.639999866485596,5.610000133514404,5.610000133514404,4627500,2024-02-16,4.719958782196045,0.0017825375083824202,0.0017792646965375525,0.005328616148130294
2024-02-19,17,0.4983951117268161,0.5617433532127091,0.7058823529411765,0.23529411764705882,0.058823529411764705,2,2024-02-17,2024-02-19,2024-02-19,4.728356838226318,5.630000114440918,5.650000095367432,5.619999885559082,5.630000114440918,4749800,2024-02-19,4.728356838226318,0.0017792646965375525,0.005328616148130294,0.0
2024-02-20,11,0.49088412459770386,0.5945748400507246,0.8181818181818182,0.18181818181818182,0.0,1,2024-02-20,2024-02-20,2024-02-20,4.753552436828613,5.659999847412109,5.659999847412109,5.630000114440918,5.630000114440918,7382500,2024-02-20,4.753552436828613,0.005328616148130294,0.0,-0.0017667908325493809
2024-02-21,4,-0.20064263767562812,0.6595265078682568,0.5,0.5,0.0,1,2024-02-21,2024-02-21,2024-02-21,4.753552436828613,5.659999847412109,5.659999847412109,5.630000114440918,5.639999866485596,5713400,2024-02-21,4.753552436828613,0.0,-0.0017667908325493809,0.0017699179072823146
2024-02-22,4,0.5506131442962214,0.37418327242566835,1.0,0.0,0.0,1,2024-02-22,2024-02-22,2024-02-22,4.745153903961182,5.650000095367432,5.659999847412109,5.639999866485596,5.659999847412109,1671200,2024-02-22,4.745153903961182,-0.0017667908325493809,0.0017699179072823146,-0.0017667908325493809
2024-02-23,6,-0.07140025558571021,0.5217912394525326,0.5,0.5,0.0,1,2024-02-23,2024-02-23,2024-02-23,4.753552436828613,5.659999847412109,5.670000076293945,5.639999866485596,5.659999847412109,3527000,2024-02-23,4.753552436828613,0.0017699179072823146,-0.0017667908325493809,0.005309753721846944
2024-02-26,7,-0.13986319982047593,0.48552337583970007,0.2857142857142857,0.42857142857142855,0.2857142857142857,2,2024-02-24,2024-02-26,2024-02-26,4.745153903961182,5.650000095367432,5.670000076293945,5.630000114440918,5.659999847412109,5457500,2024-02-26,4.745153903961182,-0.0017667908325493809,0.005309753721846944,-0.014084557725455471
2024-02-27,8,0.16832714498741555,0.667490072098823,0.625,0.25,0.125,1,2024-02-27,2024-02-27,2024-02-27,4.770349502563477,5.679999828338623,5.699999809265137,5.639999866485596,5.650000095367432,5461800,2024-02-27,4.770349502563477,0.005309753721846944,-0.014084557725455471,0.0
2024-02-28,7,0.6337605942972004,0.2978970497821317,1.0,0.0,0.0,1,2024-02-28,2024-02-28,2024-02-28,4.703161239624023,5.599999904632568,5.690000057220459,5.590000152587891,5.690000057220459,12753100,2024-02-28,4.703161239624023,-0.014084557725455471,0.0,0.0017858221899407223
2024-02-29,5,0.04756931513547894,0.6881998278944419,0.6,0.4,0.0,1,2024-02-29,2024-02-29,2024-02-29,4.703161239624023,5.599999904632568,5.639999866485596,5.599999904632568,5.610000133514404,8896800,2024-02-29,4.703161239624023,0.0,0.0017858221899407223,0.0017825375083824202
2024-03-01,8,0.41441318401484756,0.7379579035527819,0.75,0.25,0.0,1,2024-03-01,2024-03-01,2024-03-01,4.711560249328613,5.610000133514404,5.639999866485596,5.599999904632568,5.599999904632568,3472100,2024-03-01,4.711560249328613,0.0017858221899407223,0.0017825375083824202,-0.0035588324701865126
2024-03-04,9,0.19633653149422675,0.5643619969072725,0.5555555555555556,0.4444444444444444,0.0,2,2024-03-02,2024-03-04,2024-03-04,4.719958782196045,5.619999885559082,5.650000095367432,5.599999904632568,5.619999885559082,5516800,2024-03-04,4.719958782196045,0.0017825375083824202,-0.0035588324701865126,0.0017858221899407223
2024-03-05,2,0.1002340912818909,0.1182014267046815,0.5,0.0,0.5,1,2024-03-05,2024-03-05,2024-03-05,4.703161239624023,5.599999904632568,5.639999866485596,5.579999923706055,5.639999866485596,6684200,2024-03-05,4.703161239624023,-0.0035588324701865126,0.0017858221899407223,0.0035649738109788665
2024-03-06,8,0.30346496659331024,0.5297586233363486,0.75,0.25,0.0,1,2024-03-06,2024-03-06,2024-03-06,4.711560249328613,5.610000133514404,5.619999885559082,5.579999923706055,5.610000133514404,5472500,2024-03-06,4.711560249328613,0.0017858221899407223,0.0035649738109788665,0.0017763062289817277
2024-03-07,6,0.49169341785212356,0.42727140496453614,0.8333333333333334,0.0,0.16666666666666666,1,2024-03-07,2024-03-07,2024-03-07,4.728356838226318,5.630000114440918,5.630000114440918,5.590000152587891,5.630000114440918,6831100,2024-03-07,4.728356838226318,0.0035649738109788665,0.0017763062289817277,0.0017729552250285163
2024-03-08,3,-0.052685171365737936,0.03890479326800075,0.0,1.0,0.0,1,2024-03-08,2024-03-08,2024-03-08,4.736755847930908,5.639999866485596,5.650000095367432,5.619999885559082,5.630000114440918,4494900,2024-03-08,4.736755847930908,0.0017763062289817277,0.0017729552250285163,0.0017699179072823146
2024-03-11,5,0.26727676624432206,0.8634251413852398,0.6,0.4,0.0,1,2024-03-11,2024-03-11,2024-03-11,4.745153903961182,5.650000095367432,5.679999828338623,5.639999866485596,5.639999866485596,4233700,2024-03-11,4.745153903961182,0.0017729552250285163,0.0017699179072823146,-0.0053003724976481426
2024-03-12,5,0.5371573600918055,0.5897533715495603,0.6,0.4,0.0,1,2024-03-12,2024-03-12,2024-03-12,4.753552436828613,5.659999847412109,5.670000076293945,5.630000114440918,5.650000095367432,5754500,2024-03-12,4.753552436828613,0.0017699179072823146,-0.0053003724976481426,-0.0017761045364383943
2024-03-13,10,0.34198859045282004,0.5893263646370515,0.7,0.2,0.1,1,2024-03-13,2024-03-13,2024-03-13,4.728356838226318,5.630000114440918,5.670000076293945,5.619999885559082,5.650000095367432,10160100,2024-03-13,4.728356838226318,-0.0053003724976481426,-0.0017761045364383943,0.0
2024-03-14,5,0.6923880467191339,0.26132246573573903,1.0,0.0,0.0,1,2024-03-14,2024-03-14,2024-03-14,4.719958782196045,5.619999885559082,5.619999885559082,5.599999904632568,5.619999885559082,11043900,2024-03-14,4.719958782196045,-0.0017761045364383943,0.0,0.008896828611206775
2024-03-15,5,0.45978794018737973,0.705360949322357,0.8,0.2,0.0,1,2024-03-15,2024-03-15,2024-03-15,4.719958782196045,5.619999885559082,5.650000095367432,5.610000133514404,5.610000133514404,17888800,2024-03-15,4.719958782196045,0.0,0.008896828611206775,0.0
2024-03-18,5,0.39124797023832797,0.6063707247052492,0.6,0.2,0.2,1,2024-03-18,2024-03-18,2024-03-18,4.761951446533203,5.670000076293945,5.679999828338623,5.630000114440918,5.630000114440918,20342200,2024-03-18,4.761951446533203,0.008896828611206775,0.0,-0.00529102383449076
2024-03-19,2,0.2939481111243367,0.7744517091842916,0.5,0.0,0.5,1,2024-03-19,2024-03-19,2024-03-19,4.761951446533203,5.670000076293945,5.679999828338623,5.630000114440918,5.670000076293945,15333900,2024-03-19,4.761951446533203,0.0,-0.00529102383449076,0.0035460111175125153
2024-03-20,4,0.5495966187445447,0.4385307582290822,0.75,0.0,0.25,1,2024-03-20,2024-03-20,2024-03-20,4.736755847930908,5.639999866485596,5.699999809265137,5.639999866485596,5.670000076293945,7618100,2024-03-20,4.736755847930908,-0.00529102383449076,0.0035460111175125153,-0.0035334813533499654
2024-03-21,4,0.3773672748939134,0.4040727382944987,0.75,0.0,0.25,1,2024-03-21,2024-03-21,2024-03-21,4.753552436828613,5.659999847412109,5.670000076293945,5.639999866485596,5.639999866485596,3470500,2024-03-21,4.753552436828613,0.0035460111175125153,-0.0035334813533499654,-0.003546111784967887
2024-03-22,2,0.6064297538250686,0.5012089079379488,0.5,0.0,0.5,1,2024-03-22,2024-03-22,2024-03-22,4.736755847930908,5.639999866485596,5.679999828338623,5.639999866485596,5.670000076293945,4333300,2024-03-22,4.736755847930908,-0.0035334813533499654,-0.003546111784967887,0.00355873144448271
2024-03-25,5,0.22043693400919434,0.9496502332287207,0.6,0.4,0.0,1,2024-03-25,2024-03-25,2024-03-25,4.719958782196045,5.619999885559082,5.630000114440918,5.610000133514404,5.630000114440918,2520800,2024-03-25,4.719958782196045,-0.003546111784967887,0.00355873144448271,0.0
2024-03-26,11,0.37564509319649503,0.5251255625314949,0.7272727272727273,0.2727272727272727,0.0,1,2024-03-26,2024-03-26,2024-03-26,4.736755847930908,5.639999866485596,5.650000095367432,5.610000133514404,5.639999866485596,10607200,2024-03-26,4.736755847930908,0.00355873144448271,0.0,0.005319167677451775
2024-03-27,6,0.8024496290987978,0.16834932691557994,1.0,0.0,0.0,1,2024-03-27,2024-03-27,2024-03-27,4.736755847930908,5.639999866485596,5.659999847412109,5.619999885559082,5.650000095367432,10430700,2024-03-27,4.736755847930908,0.0,0.005319167677451775,0.005290923699669214
2024-03-29,6,0.1718477960675955,0.7462752771200483,0.5,0.5,0.0,2,2024-03-28,2024-03-29,2024-03-29,4.761951446533203,5.670000076293945,5.679999828338623,5.650000095367432,5.659999847412109,4051900,2024-03-29,4.761951446533203,0.005319167677451775,0.005290923699669214,0.00526317676779442
2024-04-01,4,0.43492342543322593,0.5769896163636025,0.75,0.25,0.0,1,2024-04-01,2024-04-01,2024-04-01,4.78714656829834,5.699999809265137,5.710000038146973,5.679999828338623,5.690000057220459,4072300,2024-04-01,4.78714656829834,0.005290923699669214,0.00526317676779442,-0.012216448463780893
2024-04-02,11,0.6952598760412498,0.29566596018890123,0.8181818181818182,0.0,0.18181818181818182,1,2024-04-02,2024-04-02,2024-04-02,4.812342166900635,5.730000019073486,5.730000019073486,5.699999809265137,5.699999809265137,12499000,2024-04-02,4.812342166900635,0.00526317676779442,-0.012216448463780893,0.0053003724976481426
2024-04-03,2,0.9557336519937963,0.0007269880265141252,1.0,0.0,0.0,1,2024-04-03,2024-04-03,2024-04-03,4.753552436828613,5.659999847412109,5.739999771118164,5.659999847412109,5.739999771118164,13296800,2024-04-03,4.753552436828613,-0.012216448463780893,0.0053003724976481426,0.007029902229757745
2024-04-04,4,0.15705072693526745,0.49893847488398463,0.5,0.5,0.0,1,2024-04-04,2024-04-04,2024-04-04,4.778748035430908,5.690000057220459,5.710000038146973,5.670000076293945,5.670000076293945,9745200,2024-04-04,4.778748035430908,0.0053003724976481426,0.007029902229757745,0.0
2024-04-05,1,0.9564214423298836,0.0,1.0,0.0,0.0,1,2024-04-05,2024-04-05,2024-04-05,4.812342166900635,5.730000019073486,5.739999771118164,5.690000057220459,5.690000057220459,6283900,2024-04-05,4.812342166900635,0.007029902229757745,0.0,0.0017451078371018003
2024-04-08,1,0.9568153144791722,0.0,1.0,0.0,0.0,1,2024-04-08,2024-04-08,2024-04-08,4.812342166900635,5.730000019073486,5.760000228881836,5.730000019073486,5.75,6918100,2024-04-08,4.812342166900635,0.0,0.0017451078371018003,0.005226499964143816
2024-04-09,9,0.5550839534650246,0.5976421825910573,0.8888888888888888,0.1111111111111111,0.0,1,2024-04-09,2024-04-09,2024-04-09,4.820740222930908,5.739999771118164,5.769999980926514,5.730000019073486,5.75,4400600,2024-04-09,4.820740222930908,0.0017451078371018003,0.005226499964143816,-0.0051993256886186945
2024-04-12,5,0.7561425899155438,0.27070144556675585,1.0,0.0,0.0,2,2024-04-10,2024-04-12,2024-04-12,4.845935821533203,5.769999980926514,5.78000020980835,5.75,5.75,10963500,2024-04-12,4.845935821533203,0.005226499964143816,-0.0051993256886186945,-0.006968567705177842
2024-04-15,2,0.6755575996357948,0.36778324304155,1.0,0.0,0.0,1,2024-04-15,2024-04-15,2024-04-15,4.820740222930908,5.739999771118164,5.78000020980835,5.730000019073486,5.760000228881836,8664100,2024-04-15,4.820740222930908,-0.0051993256886186945,-0.006968567705177842,0.0035087845118630945
2024-04-16,7,0.29409506670864566,0.7423065403468514,0.7142857142857143,0.2857142857142857,0.0,1,2024-04-16,2024-04-16,2024-04-16,4.78714656829834,5.699999809265137,5.760000228881836,5.679999828338623,5.739999771118164,8915600,2024-04-16,4.78714656829834,-0.006968567705177842,0.0035087845118630945,0.001828062652611484
2024-04-17,5,0.19335689935833217,0.41825937765811416,0.6,0.2,0.2,1,2024-04-17,2024-04-17,2024-04-17,4.803943634033203,5.71999979019165,5.730000019073486,5.690000057220459,5.699999809265137,4992400,2024-04-17,4.803943634033203,0.0035087845118630945,0.001828062652611484,0.0
2024-04-18,8,0.4284336030250415,0.6283017193853271,0.75,0.25,0.0,1,2024-04-18,2024-04-18,2024-04-18,4.81272554397583,5.480000019073486,5.510000228881836,5.46999979019165,5.489999771118164,8250300,2024-04-18,4.81272554397583,0.001828062652611484,0.0,0.007299304063393519
2024-04-19,4,-0.06459297426044941,0.6575333674775443,0.25,0.75,0.0,1,2024-04-19,2024-04-19,2024-04-19,4.81272554397583,5.480000019073486,5.510000228881836,5.460000038146973,5.489999771118164,10940300,2024-04-19,4.81272554397583,0.0,0.007299304063393519,0.001811799298670369
2024-04-22,10,0.022846258059144052,0.6786761662670718,0.4,0.4,0.2,3,2024-04-20,2024-04-22,2024-04-22,4.847855091094971,5.519999980926514,5.539999961853027,5.46999979019165,5.489999771118164,4384400,2024-04-22,4.847855091094971,0.007299304063393519,0.001811799298670369,-0.0018085226186582704
2024-04-23,7,0.5224393737568919,0.29670703911098023,1.0,0.0,0.0,1,2024-04-23,2024-04-23,2024-04-23,4.856638431549072,5.53000020980835,5.570000171661377,5.53000020980835,5.53000020980835,7021900,2024-04-23,4.856638431549072,0.001811799298670369,-0.0018085226186582704,-0.001811504217351434
2024-04-24,7,0.2956127673720143,0.6765559747304393,0.5714285714285714,0.2857142857142857,0.14285714285714285,1,2024-04-24,2024-04-24,2024-04-24,4.847855091094971,5.519999980926514,5.559999942779541,5.5,5.550000190734863,10782200,2024-04-24,4.847855091094971,-0.0018085226186582704,-0.001811504217351434,-0.001814890259149493
2024-04-25,7,0.17310526488082753,0.5065321997906286,0.8571428571428571,0.14285714285714285,0.0,1,2024-04-25,2024-04-25,2024-04-25,4.839073181152344,5.510000228881836,5.53000020980835,5.510000228881836,5.519999980926514,4167800,2024-04-25,4.839073181152344,-0.001811504217351434,-0.001814890259149493,-0.005454471505709768
2024-04-26,3,0.09613737960656488,0.668277006821144,0.6666666666666666,0.3333333333333333,0.0,1,2024-04-26,2024-04-26,2024-04-26,4.830290794372559,5.5,5.53000020980835,5.480000019073486,5.510000228881836,3314200,2024-04-26,4.830290794372559,-0.001814890259149493,-0.005454471505709768,0.005484385932504887
2024-04-29,3,0.44101479711631936,0.5512080604801853,0.6666666666666666,0.3333333333333333,0.0,1,2024-04-29,2024-04-29,2024-04-29,4.803944110870361,5.46999979019165,5.510000228881836,5.460000038146973,5.510000228881836,7443300,2024-04-29,4.803944110870361,-0.005454471505709768,0.005484385932504887,-0.005454471505709768
2024-04-30,3,0.17885988578200343,0.6617663521087206,0.3333333333333333,0.3333333333333333,0.3333333333333333,1,2024-04-30,2024-04-30,2024-04-30,4.830290794372559,5.5,5.510000228881836,5.480000019073486,5.480000019073486,9594800,2024-04-30,4.830290794372559,0.005484385932504887,-0.005454471505709768,-0.005484485192019051
2024-05-02,2,0.6204567793756723,0.4098729098035435,1.0,0.0,0.0,2,2024-05-01,2024-05-02,2024-05-02,4.803944110870361,5.46999979019165,5.519999980926514,5.46999979019165,5.5,4953800,2024-05-02,4.803944110870361,-0.005454471505709768,-0.005484485192019051,0.007352774587006561
2024-05-03,1,-0.46146881580352783,0.0,0.0,1.0,0.0,1,2024-05-03,2024-05-03,2024-05-03,4.777596950531006,5.440000057220459,5.489999771118164,5.440000057220459,5.480000019073486,8194900,2024-05-03,4.777596950531006,-0.005484485192019051,0.007352774587006561,0.003649751110099242
2024-05-06,3,0.11911637382581836,0.7103987817855754,0.3333333333333333,0.3333333333333333,0.3333333333333333,1,2024-05-06,2024-05-06,2024-05-06,4.81272554397583,5.480000019073486,5.480000019073486,5.449999809265137,5.449999809265137,2485300,2024-05-06,4.81272554397583,0.007352774587006561,0.003649751110099242,-0.0036364788673163284
2024-05-07,5,-0.3576087899506092,0.7327282508608883,0.4,0.6,0.0,1,2024-05-07,2024-05-07,2024-05-07,4.830290794372559,5.5,5.519999980926514,5.46999979019165,5.480000019073486,7961500,2024-05-07,4.830290794372559,0.003649751110099242,-0.0036364788673163284,0.0018249250942508066
2024-05-08,5,0.17713294569402932,0.8412834152643217,0.6,0.4,0.0,1,2024-05-08,2024-05-08,2024-05-08,4.81272554397583,5.480000019073486,5.519999980926514,5.46999979019165,5.519999980926514,3394100,2024-05-08,4.81272554397583,-0.0036364788673163284,0.0018249250942508066,0.0018215019113012598
2024-05-09,3,0.538017592082421,0.7244530141584559,0.6666666666666666,0.3333333333333333,0.0,1,2024-05-09,2024-05-09,2024-05-09,4.821508407592773,5.489999771118164,5.5,5.480000019073486,5.480000019073486,3772200,2024-05-09,4.821508407592773,0.0018249250942508066,0.0018215019113012598,0.0018181900746052637
2024-05-10,2,0.409742824267596,0.4673859256892431,0.5,0.0,0.5,1,2024-05-10,2024-05-10,2024-05-10,4.830290794372559,5.5,5.510000228881836,5.489999771118164,5.489999771118164,6711200,2024-05-10,4.830290794372559,0.0018215019113012598,0.0018181900746052637,-0.001814890259149493
2024-05-13,4,0.695142219774425,0.126343271784644,1.0,0.0,0.0,2,2024-05-11,2024-05-13,2024-05-13,4.839073181152344,5.510000228881836,5.519999980926514,5.5,5.5,3475600,2024-05-13,4.839073181152344,0.0018181900746052637,-0.001814890259149493,-0.0036364788673163284
2024-05-14,10,0.625621201726608,0.27992189814538615,1.0,0.0,0.0,1,2024-05-14,2024-05-14,2024-05-14,4.830290794372559,5.5,5.519999980926514,5.480000019073486,5.510000228881836,6207600,2024-05-14,4.830290794372559,-0.001814890259149493,-0.0036364788673163284,0.0018249250942508066
2024-05-15,12,0.6238329561504846,0.48220494326448593,0.8333333333333334,0.16666666666666666,0.0,1,2024-05-15,2024-05-15,2024-05-15,4.81272554397583,5.480000019073486,5.510000228881836,5.46999979019165,5.5,5206200,2024-05-15,4.81272554397583,-0.0036364788673163284,0.0018249250942508066,0.0018215019113012598
2024-05-16,7,0.4000321634645973,0.5697185169879024,0.5714285714285714,0.2857142857142857,0.14285714285714285,1,2024-05-16,2024-05-16,2024-05-16,4.821508407592773,5.489999771118164,5.5,5.46999979019165,5.489999771118164,6618800,2024-05-16,4.821508407592773,0.0018249250942508066,0.0018215019113012598,0.005454668941921481
2024-05-17,3,0.7940728105604649,0.2861310280212289,1.0,0.0,0.0,1,2024-05-17,2024-05-17,2024-05-17,4.830290794372559,5.5,5.519999980926514,5.489999771118164,5.5,5096600,2024-05-17,4.830290794372559,0.0018215019113012598,0.005454668941921481,-0.00723340319676502
2024-05-20,3,0.6952793089052042,0.3084419731491181,0.6666666666666666,0.0,0.3333333333333333,1,2024-05-20,2024-05-20,2024-05-20,4.856638431549072,5.53000020980835,5.539999961853027,5.480000019073486,5.5,11459700,2024-05-20,4.856638431549072,0.005454668941921481,-0.00723340319676502,0.005464406835982594
2024-05-21,5,0.3570008575916291,0.7690588025978667,0.8,0.2,0.0,1,2024-05-21,2024-05-21,2024-05-21,4.821508407592773,5.489999771118164,5.539999961853027,5.489999771118164,5.53000020980835,7648400,2024-05-21,4.821508407592773,-0.00723340319676502,0.005464406835982594,-0.003623106795142439
2024-05-23,16,0.48994829501316417,0.5645418186302512,0.8125,0.125,0.0625,2,2024-05-22,2024-05-23,2024-05-23,4.847855091094971,5.519999980926514,5.539999961853027,5.5,5.5,6639500,2024-05-23,4.847855091094971,0.005464406835982594,-0.003623106795142439,0.0018181900746052637
2024-05-24,3,0.9021611521020532,0.045723792841484194,1.0,0.0,0.0,1,2024-05-24,2024-05-24,2024-05-24,4.830290794372559,5.5,5.53000020980835,5.489999771118164,5.519999980926514,7457300,2024-05-24,4.830290794372559,-0.003623106795142439,0.0018181900746052637,-0.001814890259149493
2024-05-27,6,0.3114195481563608,0.46666673723576,0.6666666666666666,0.16666666666666666,0.16666666666666666,2,2024-05-26,2024-05-27,2024-05-27,4.839073181152344,5.510000228881836,5.519999980926514,5.5,5.5,4778500,2024-05-27,4.839073181152344,0.0018181900746052637,-0.001814890259149493,-0.0036364788673163284
2024-05-28,8,0.3396379287878517,0.5495054835865797,0.625,0.25,0.125,1,2024-05-28,2024-05-28,2024-05-28,4.830290794372559,5.5,5.519999980926514,5.489999771118164,5.510000228881836,3760700,2024-05-28,4.830290794372559,-0.001814890259149493,-0.0036364788673163284,0.0
2024-05-29,10,0.31890487775672227,0.5907052147790581,0.7,0.3,0.0,1,2024-05-29,2024-05-29,2024-05-29,4.81272554397583,5.480000019073486,5.519999980926514,5.480000019073486,5.519999980926514,6156200,2024-05-29,4.81272554397583,-0.0036364788673163284,0.0,0.0018249250942508066
2024-05-30,8,0.44242867836146615,0.662509898491913,0.75,0.125,0.125,1,2024-05-30,2024-05-30,2024-05-30,4.81272554397583,5.480000019073486,5.510000228881836,5.480000019073486,5.489999771118164,6683200,2024-05-30,4.81272554397583,0.0,0.0018249250942508066,0.0036430038226025196
2024-05-31,5,0.14131910917349164,0.823066607330124,0.6,0.4,0.0,1,2024-05-31,2024-05-31,2024-05-31,4.821508407592773,5.489999771118164,5.510000228881836,5.46999979019165,5.489999771118164,13689700,2024-05-31,4.821508407592773,0.0018249250942508066,0.0036430038226025196,-0.003629780518299097
2024-06-04,3,0.5843151295557618,0.539321646809467,0.6666666666666666,0.3333333333333333,0.0,1,2024-06-04,2024-06-04,2024-06-04,4.839073181152344,5.510000228881836,5.519999980926514,5.489999771118164,5.489999771118164,5458900,2024-06-04,4.839073181152344,0.0036430038226025196,-0.003629780518299097,0.0018215019113012598
2024-06-05,9,0.5078446374326531,0.6382342176714855,0.7777777777777778,0.2222222222222222,0.0,1,2024-06-05,2024-06-05,2024-06-05,4.821508407592773,5.489999771118164,5.519999980926514,5.489999771118164,5.510000228881836,4159200,2024-06-05,4.821508407592773,-0.003629780518299097,0.0018215019113012598,0.005454668941921481
2024-06-06,8,0.5929625835851766,0.5104631226567216,0.75,0.25,0.0,1,2024-06-06,2024-06-06,2024-06-06,4.830290794372559,5.5,5.510000228881836,5.489999771118164,5.489999771118164,3809200,2024-06-06,4.830290794372559,0.0018215019113012598,0.005454668941921481,0.0
2024-06-07,4,0.6115266951965168,0.17348083473911657,1.0,0.0,0.0,1,2024-06-07,2024-06-07,2024-06-07,4.856638431549072,5.53000020980835,5.53000020980835,5.5,5.5,4492300,2024-06-07,4.856638431549072,0.005454668941921481,0.0,0.0
2024-06-10,2,0.6067673023790122,0.5090650383535309,0.5,0.0,0.5,1,2024-06-10,2024-06-10,2024-06-10,4.856638431549072,5.53000020980835,5.539999961853027,5.510000228881836,5.53000020980835,4807000,2024-06-10,4.856638431549072,0.0,0.0,-0.00723340319676502
2024-06-11,3,0.41423184486726927,0.5898509546668326,0.6666666666666666,0.3333333333333333,0.0,1,2024-06-11,2024-06-11,2024-06-11,4.856638431549072,5.53000020980835,5.539999961853027,5.519999980926514,5.53000020980835,4887500,2024-06-11,4.856638431549072,0.0,-0.00723340319676502,0.007286106543126003
2024-06-12,5,0.40695493752136824,0.789715056143436,0.8,0.2,0.0,1,2024-06-12,2024-06-12,2024-06-12,4.821508407592773,5.489999771118164,5.539999961853027,5.489999771118164,5.539999961853027,6138300,2024-06-12,4.821508407592773,-0.00723340319676502,0.007286106543126003,0.0
2024-06-13,7,0.49228477930384024,0.5408785011068271,0.8571428571428571,0.14285714285714285,0.0,1,2024-06-13,2024-06-13,2024-06-13,4.856638431549072,5.53000020980835,5.53000020980835,5.489999771118164,5.5,3487100,2024-06-13,4.856638431549072,0.007286106543126003,0.0,0.0
2024-06-14,3,0.5576002939293782,0.4288938488943139,0.6666666666666666,0.0,0.3333333333333333,1,2024-06-14,2024-06-14,2024-06-14,4.856638431549072,5.53000020980835,5.53000020980835,5.510000228881836,5.53000020980835,3910700,2024-06-14,4.856638431549072,0.0,0.0,-0.005425076943211926
2024-06-18,8,0.527611693891231,0.5543151403412189,0.75,0.25,0.0,3,2024-06-15,2024-06-18,2024-06-18,4.856638431549072,5.53000020980835,5.559999942779541,5.53000020980835,5.539999961853027,5868200,2024-06-18,4.856638431549072,0.0,-0.005425076943211926,0.0036362814311046154
2024-06-19,2,-0.27156906947493553,0.7729894229581171,0.5,0.5,0.0,1,2024-06-19,2024-06-19,2024-06-19,4.830290794372559,5.5,5.539999961853027,5.5,5.53000020980835,5842600,2024-06-19,4.830290794372559,-0.005425076943211926,0.0036362814311046154,0.0
2024-06-20,6,0.6410399065352977,0.3835770803243799,0.8333333333333334,0.0,0.16666666666666666,1,2024-06-20,2024-06-20,2024-06-20,4.847855091094971,5.519999980926514,5.53000020980835,5.489999771118164,5.510000228881836,5099600,2024-06-20,4.847855091094971,0.0036362814311046154,0.0,0.0
2024-06-21,1,0.5677348300814629,0.0,1.0,0.0,0.0,1,2024-06-21,2024-06-21,2024-06-21,4.847855091094971,5.519999980926514,5.53000020980835,5.5,5.519999980926514,16261700,2024-06-21,4.847855091094971,0.0,0.0,-0.005434709372933555
2024-06-24,6,0.47852445517977077,0.4189138055823313,0.8333333333333334,0.0,0.16666666666666666,1,2024-06-24,2024-06-24,2024-06-24,4.847855091094971,5.519999980926514,5.53000020980835,5.5,5.519999980926514,3908200,2024-06-24,4.847855091094971,0.0,-0.005434709372933555,0.0
2024-06-25,8,0.3309874635306187,0.5909524651390166,0.75,0.25,0.0,1,2024-06-25,2024-06-25,2024-06-25,4.821508407592773,5.489999771118164,5.53000020980835,5.480000019073486,5.53000020980835,9682800,2024-06-25,4.821508407592773,-0.005434709372933555,0.0,0.0018215019113012598
2024-06-26,4,0.7321391333825886,0.270423542980632,1.0,0.0,0.0,1,2024-06-26,2024-06-26,2024-06-26,4.821508407592773,5.489999771118164,5.510000228881836,5.480000019073486,5.5,7203600,2024-06-26,4.821508407592773,0.0,0.0018215019113012598,0.0018181900746052637
2024-06-27,5,0.6267751547507942,0.3645942631951283,0.6,0.0,0.4,1,2024-06-27,2024-06-27,2024-06-27,4.830290794372559,5.5,5.519999980926514,5.480000019073486,5.5,3534100,2024-06-27,4.830290794372559,0.0018215019113012598,0.0018181900746052637,-0.001814890259149493
2024-06-28,3,0.7988785558069748,0.17052818082008103,1.0,0.0,0.0,1,2024-06-28,2024-06-28,2024-06-28,4.839073181152344,5.510000228881836,5.519999980926514,5.489999771118164,5.510000228881836,7553900,2024-06-28,4.839073181152344,0.0018181900746052637,-0.001814890259149493,0.0018181900746052637
2024-07-01,3,-0.014793433248996735,0.3808936875938831,0.6666666666666666,0.3333333333333333,0.0,1,2024-07-01,2024-07-01,2024-07-01,4.830290794372559,5.5,5.53000020980835,5.5,5.510000228881836,7738500,2024-07-01,4.830290794372559,-0.001814890259149493,0.0018181900746052637,0.0018147917202062658
2024-07-02,1,0.9701555669307709,0.0,1.0,0.0,0.0,1,2024-07-02,2024-07-02,2024-07-02,4.839073181152344,5.510000228881836,5.519999980926514,5.5,5.510000228881836,9559800,2024-07-02,4.839073181152344,0.0018181900746052637,0.0018147917202062658,0.0
2024-07-03,4,0.04510794999077916,0.5585525735948695,0.25,0.25,0.5,1,2024-07-03,2024-07-03,2024-07-03,4.847855091094971,5.519999980926514,5.53000020980835,5.510000228881836,5.510000228881836,7423500,2024-07-03,4.847855091094971,0.0018147917202062658,0.0,-0.001811504217351434
2024-07-04,1,0.8033000752329826,0.0,1.0,0.0,0.0,1,2024-07-04,2024-07-04,2024-07-04,4.847855091094971,5.519999980926514,5.539999961853027,5.510000228881836,5.53000020980835,6591400,2024-07-04,4.847855091094971,0.0,-0.001811504217351434,0.005444473699561803
2024-07-05,2,-0.45056682266294956,0.6893737580933921,0.0,0.5,0.5,1,2024-07-05,2024-07-05,2024-07-05,4.839073181152344,5.510000228881836,5.53000020980835,5.489999771118164,5.519999980926514,9670100,2024-07-05,4.839073181152344,-0.001811504217351434,0.005444473699561803,-0.0018047686269959673
2024-07-09,4,0.583775980398059,0.3946209753994216,1.0,0.0,0.0,1,2024-07-09,2024-07-09,2024-07-09,4.865419387817383,5.539999961853027,5.539999961853027,5.510000228881836,5.519999980926514,8662600,2024-07-09,4.865419387817383,0.005444473699561803,-0.0018047686269959673,0.0072331086491073115
2024-07-10,3,0.43334366008639336,0.4502066710567894,0.6666666666666666,0.0,0.3333333333333333,1,2024-07-10,2024-07-10,2024-07-10,4.856638431549072,5.53000020980835,5.539999961853027,5.510000228881836,5.539999961853027,9479700,2024-07-10,4.856638431549072,-0.0018047686269959673,0.0072331086491073115,0.005385923607478027
2024-07-11,4,0.5968649249989539,0.5160536047248402,0.75,0.25,0.0,1,2024-07-11,2024-07-11,2024-07-11,4.8917670249938965,5.570000171661377,5.630000114440918,5.53000020980835,5.53000020980835,9454300,2024-07-11,4.8917670249938965,0.0072331086491073115,0.005385923607478027,0.016071503365512108
2024-07-12,6,0.49733534835589427,0.4224502159897548,0.8333333333333334,0.16666666666666666,0.0,1,2024-07-12,2024-07-12,2024-07-12,4.918113708496094,5.599999904632568,5.610000133514404,5.570000171661377,5.570000171661377,11578400,2024-07-12,4.918113708496094,0.005385923607478027,0.016071503365512108,-0.005272431881771733
2024-07-15,2,0.90398539241869,0.09674724798442312,1.0,0.0,0.0,1,2024-07-15,2024-07-15,2024-07-15,4.99715518951416,5.690000057220459,5.699999809265137,5.599999904632568,5.599999904632568,11218300,2024-07-15,4.99715518951416,0.016071503365512108,-0.005272431881771733,0.0035335851749813685
2024-07-16,2,-0.21526828408241272,0.4597266124951282,0.5,0.5,0.0,1,2024-07-16,2024-07-16,2024-07-16,4.970808029174805,5.659999847412109,5.710000038146973,5.639999866485596,5.690000057220459,5186400,2024-07-16,4.970808029174805,-0.005272431881771733,0.0035335851749813685,0.0035211429165724617
2024-07-17,2,-0.013679929077625275,1.2984048438685136,0.5,0.5,0.0,1,2024-07-17,2024-07-17,2024-07-17,4.988372802734375,5.679999828338623,5.699999809265137,5.650000095367432,5.679999828338623,4561600,2024-07-17,4.988372802734375,0.0035335851749813685,0.0035211429165724617,0.0
2024-07-18,5,0.4072980910539627,0.7101989493355563,0.6,0.4,0.0,1,2024-07-18,2024-07-18,2024-07-18,5.005937576293945,5.699999809265137,5.699999809265137,5.659999847412109,5.679999828338623,3625600,2024-07-18,5.005937576293945,0.0035211429165724617,0.0,-0.001754393986328373
2024-07-19,1,0.9362689806148412,0.0,1.0,0.0,0.0,1,2024-07-19,2024-07-19,2024-07-19,5.005937576293945,5.699999809265137,5.710000038146973,5.670000076293945,5.699999809265137,3846700,2024-07-19,5.005937576293945,0.0,-0.001754393986328373,0.0
2024-07-22,3,-0.9030698823432127,0.07141648036181523,0.0,1.0,0.0,1,2024-07-22,2024-07-22,2024-07-22,4.99715518951416,5.690000057220459,5.710000038146973,5.659999847412109,5.699999809265137,2322900,2024-07-22,4.99715518951416,-0.001754393986328373,0.0,-0.001757477293923948
2024-07-23,5,0.6311025363393129,0.34826945157302824,0.8,0.0,0.2,1,2024-07-23,2024-07-23,2024-07-23,4.99715518951416,5.690000057220459,5.699999809265137,5.679999828338623,5.690000057220459,5797500,2024-07-23,4.99715518951416,0.0,-0.001757477293923948,0.0035211429165724617
2024-07-24,3,0.57465824438259,0.5723289021333229,0.6666666666666666,0.3333333333333333,0.0,1,2024-07-24,2024-07-24,2024-07-24,4.988372802734375,5.679999828338623,5.699999809265137,5.679999828338623,5.690000057220459,7418800,2024-07-24,4.988372802734375,-0.001757477293923948,0.0035211429165724617,-0.001754393986328373
2024-07-25,1,0.03823134303092951,0.0,1.0,0.0,0.0,1,2024-07-25,2024-07-25,2024-07-25,5.005937576293945,5.699999809265137,5.699999809265137,5.670000076293945,5.670000076293945,3063800,2024-07-25,5.005937576293945,0.0035211429165724617,-0.001754393986328373,0.001757477293923948
2024-07-26,5,0.2977586113847792,0.33274243879651183,0.4,0.0,0.6,1,2024-07-26,2024-07-26,2024-07-26,4.99715518951416,5.690000057220459,5.710000038146973,5.679999828338623,5.699999809265137,4312700,2024-07-26,4.99715518951416,-0.001754393986328373,0.001757477293923948,-0.007017575945313381
2024-07-29,4,0.5702145664254203,0.3571692655398392,0.75,0.0,0.25,2,2024-07-27,2024-07-29,2024-07-29,5.005937576293945,5.699999809265137,5.710000038146973,5.679999828338623,5.699999809265137,4631200,2024-07-29,5.005937576293945,0.001757477293923948,-0.007017575945313381,0.008833962937453421
2024-07-30,2,0.7517590916249902,0.2647319343563957,1.0,0.0,0.0,1,2024-07-30,2024-07-30,2024-07-30,4.970808029174805,5.659999847412109,5.730000019073486,5.659999847412109,5.710000038146973,6485900,2024-07-30,4.970808029174805,-0.007017575945313381,0.008833962937453421,0.0017513214784583564
2024-07-31,12,0.310693986248225,0.594686573044365,0.4166666666666667,0.16666666666666666,0.4166666666666667,1,2024-07-31,2024-07-31,2024-07-31,5.0147199630737305,5.710000038146973,5.739999771118164,5.670000076293945,5.679999828338623,6203900,2024-07-31,5.0147199630737305,0.008833962937453421,0.0017513214784583564,-0.0017482597136718736
2024-08-01,4,0.3222229601815343,0.39566325430993166,0.5,0.0,0.5,1,2024-08-01,2024-08-01,2024-08-01,5.023502349853516,5.71999979019165,5.730000019073486,5.710000038146973,5.71999979019165,8507100,2024-08-01,5.023502349853516,0.0017513214784583564,-0.0017482597136718736,-0.015761798218630885
2024-08-02,3,0.8507018176217874,0.11209816627739318,1.0,0.0,0.0,1,2024-08-02,2024-08-02,2024-08-02,5.0147199630737305,5.710000038146973,5.730000019073486,5.710000038146973,5.71999979019165,6176500,2024-08-02,5.0147199630737305,-0.0017482597136718736,-0.015761798218630885,0.0
2024-08-05,6,0.3755110598479708,0.8271299748559288,0.6666666666666666,0.3333333333333333,0.0,1,2024-08-05,2024-08-05,2024-08-05,4.935678958892822,5.619999885559082,5.690000057220459,5.590000152587891,5.690000057220459,29856500,2024-08-05,4.935678958892822,-0.015761798218630885,0.0,0.01423484347063031
2024-08-06,1,0.9172029029577972,0.0,1.0,0.0,0.0,1,2024-08-06,2024-08-06,2024-08-06,4.935678958892822,5.619999885559082,5.630000114440918,5.570000171661377,5.590000152587891,12365600,2024-08-06,4.935678958892822,0.0,0.01423484347063031,-0.003508787972656635
2024-08-07,5,0.031913121789693834,0.8490699443710666,0.6,0.4,0.0,1,2024-08-07,2024-08-07,2024-08-07,5.005937576293945,5.699999809265137,5.699999809265137,5.619999885559082,5.619999885559082,2435500,2024-08-07,5.005937576293945,0.01423484347063031,-0.003508787972656635,-0.0052817143748585815
2024-08-08,5,0.24753323020413517,0.7237065830466164,0.6,0.2,0.2,1,2024-08-08,2024-08-08,2024-08-08,4.988372802734375,5.679999828338623,5.699999809265137,5.670000076293945,5.690000057220459,6697200,2024-08-08,4.988372802734375,-0.003508787972656635,-0.0052817143748585815,0.0
2024-08-09,4,0.5512561325449497,0.3552487360096941,1.0,0.0,0.0,1,2024-08-09,2024-08-09,2024-08-09,4.9620256423950195,5.650000095367432,5.710000038146973,5.639999866485596,5.690000057220459,6175300,2024-08-09,4.9620256423950195,-0.0052817143748585815,0.0,0.005309759005323933
2024-08-13,4,0.0792512645712122,0.994284132183171,0.5,0.5,0.0,1,2024-08-13,2024-08-13,2024-08-13,4.988372802734375,5.679999828338623,5.690000057220459,5.659999847412109,5.659999847412109,3466200,2024-08-13,4.988372802734375,0.005309759005323933,0.0017605714582862309,0.001757477293923948
2024-08-14,3,0.8250651227620741,0.18435405966931598,1.0,0.0,0.0,1,2024-08-14,2024-08-14,2024-08-14,4.99715518951416,5.690000057220459,5.699999809265137,5.670000076293945,5.690000057220459,6228600,2024-08-14,4.99715518951416,0.0017605714582862309,0.001757477293923948,0.007017480690997724
2024-08-15,9,0.5861167199650986,0.5336191726702609,0.7777777777777778,0.2222222222222222,0.0,1,2024-08-15,2024-08-15,2024-08-15,5.005937576293945,5.699999809265137,5.71999979019165,5.690000057220459,5.699999809265137,13726500,2024-08-15,5.005937576293945,0.001757477293923948,0.007017480690997724,0.03135893577331483
2024-08-16,4,0.6442729980917647,0.29191878105522445,1.0,0.0,0.0,1,2024-08-16,2024-08-16,2024-08-16,5.041066646575928,5.739999771118164,5.75,5.699999809265137,5.699999809265137,6705400,2024-08-16,5.041066646575928,0.007017480690997724,0.03135893577331483,0.0
2024-08-19,2,-0.24927622033283117,0.9029868365255873,0.0,0.5,0.5,1,2024-08-19,2024-08-19,2024-08-19,5.199149131774902,5.920000076293945,5.949999809265137,5.730000019073486,5.739999771118164,32980400,2024-08-19,5.199149131774902,0.03135893577331483,0.0,-0.0033783021562253657
2024-08-20,2,0.6529121387284249,0.3856342213342527,1.0,0.0,0.0,1,2024-08-20,2024-08-20,2024-08-20,5.199149131774902,5.920000076293945,5.929999828338623,5.860000133514404,5.920000076293945,9080400,2024-08-20,5.199149131774902,0.0,-0.0033783021562253657,0.003389753768691106
2024-08-21,3,0.824893140544494,0.12169849048081452,1.0,0.0,0.0,1,2024-08-21,2024-08-21,2024-08-21,5.18158483505249,5.900000095367432,5.920000076293945,5.860000133514404,5.920000076293945,5076600,2024-08-21,5.18158483505249,-0.0033783021562253657,0.003389753768691106,0.0016892886498036663
2024-08-22,5,0.45560736544430264,0.3143187702366013,1.0,0.0,0.0,1,2024-08-22,2024-08-22,2024-08-22,5.199149131774902,5.920000076293945,5.929999828338623,5.860000133514404,5.889999866485596,8636600,2024-08-22,5.199149131774902,0.003389753768691106,0.0016892886498036663,0.0
2024-08-23,5,0.5864872988313437,0.33569323572593085,1.0,0.0,0.0,1,2024-08-23,2024-08-23,2024-08-23,5.207931995391846,5.929999828338623,5.929999828338623,5.889999866485596,5.920000076293945,6412600,2024-08-23,5.207931995391846,0.0016892886498036663,0.0,-0.001686439766247827
2024-08-27,6,0.17503242291665325,0.8622013319111215,0.6666666666666666,0.3333333333333333,0.0,1,2024-08-27,2024-08-27,2024-08-27,5.199149131774902,5.920000076293945,5.960000038146973,5.900000095367432,5.940000057220459,10224000,2024-08-27,5.199149131774902,-0.001686439766247827,0.04054045130484907,-0.00811674475240487
2024-08-28,8,0.4725936715840362,0.516246637308297,0.75,0.25,0.0,1,2024-08-28,2024-08-28,2024-08-28,5.4099249839782715,6.159999847412109,6.199999809265137,5.909999847412109,5.920000076293945,34838700,2024-08-28,5.4099249839782715,0.04054045130484907,-0.00811674475240487,0.00327324839445553
2024-08-29,9,0.21332786728938424,0.8387894784184042,0.5555555555555556,0.3333333333333333,0.1111111111111111,1,2024-08-29,2024-08-29,2024-08-29,5.366014003753662,6.110000133514404,6.28000020980835,6.090000152587891,6.159999847412109,19883000,2024-08-29,5.366014003753662,-0.00811674475240487,0.00327324839445553,-0.0032625691950758373
2024-08-30,5,0.3466045047156513,0.744013735405619,0.6,0.4,0.0,1,2024-08-30,2024-08-30,2024-08-30,5.383578300476074,6.130000114440918,6.150000095367432,6.039999961853027,6.079999923706055,17341500,2024-08-30,5.383578300476074,0.00327324839445553,-0.0032625691950758373,-0.006546585651362236
2024-09-02,2,0.9645754164084792,0.018925549732525034,1.0,0.0,0.0,1,2024-09-02,2024-09-02,2024-09-02,5.366014003753662,6.110000133514404,6.139999866485596,6.090000152587891,6.130000114440918,7052400,2024-09-02,5.366014003753662,-0.0032625691950758373,-0.006546585651362236,-0.006589815304128721
2024-09-03,5,0.04534972943365574,0.6338593422627896,0.6,0.4,0.0,1,2024-09-03,2024-09-03,2024-09-03,5.33088493347168,6.070000171661377,6.130000114440918,6.050000190734863,6.130000114440918,4861400,2024-09-03,5.33088493347168,-0.006546585651362236,-0.006589815304128721,0.01658364250544131
2024-09-04,5,0.28749162005260587,0.7484255022100075,0.6,0.4,0.0,1,2024-09-04,2024-09-04,2024-09-04,5.295755386352539,6.03000020980835,6.079999923706055,6.010000228881836,6.059999942779541,4717500,2024-09-04,5.295755386352539,-0.006589815304128721,0.01658364250544131,0.0
2024-09-05,3,0.3154609575867653,0.5989344663655253,0.6666666666666666,0.3333333333333333,0.0,1,2024-09-05,2024-09-05,2024-09-05,5.383578300476074,6.130000114440918,6.139999866485596,6.039999961853027,6.039999961853027,12383200,2024-09-05,5.383578300476074,0.01658364250544131,0.0,0.013050631070429253
2024-09-06,2,0.7963480148464441,0.0021021768024241244,1.0,0.0,0.0,1,2024-09-06,2024-09-06,2024-09-06,5.383578300476074,6.130000114440918,6.190000057220459,6.099999904632568,6.130000114440918,10026200,2024-09-06,5.383578300476074,0.0,0.013050631070429253,0.01610313279287845
2024-09-09,4,-0.08378638233989477,0.8602635214742457,0.5,0.5,0.0,1,2024-09-09,2024-09-09,2024-09-09,5.4538373947143555,6.210000038146973,6.230000019073486,6.110000133514404,6.130000114440918,10664800,2024-09-09,5.4538373947143555,0.013050631070429253,0.01610313279287845,-0.012678431204506513
2024-09-10,5,0.6150324441958219,0.7284325287642125,0.8,0.2,0.0,1,2024-09-10,2024-09-10,2024-09-10,5.541661262512207,6.309999942779541,6.320000171661377,6.199999809265137,6.210000038146973,15406100,2024-09-10,5.541661262512207,0.01610313279287845,-0.012678431204506513,0.001605231001534646
2024-09-11,3,-0.3540806335707507,0.9816111311333763,0.3333333333333333,0.6666666666666666,0.0,1,2024-09-11,2024-09-11,2024-09-11,5.471401691436768,6.230000019073486,6.300000190734863,6.179999828338623,6.289999961853027,10764500,2024-09-11,5.471401691436768,-0.012678431204506513,0.001605231001534646,0.009615341109809883
2024-09-12,2,-0.05073445290327078,0.34080534922801714,0.5,0.0,0.5,1,2024-09-12,2024-09-12,2024-09-12,5.480184555053711,6.239999771118164,6.300000190734863,6.21999979019165,6.239999771118164,17428800,2024-09-12,5.480184555053711,0.001605231001534646,0.009615341109809883,0.0016260909516414568
2024-09-13,2,0.2520908936858178,0.3468989405857222,1.0,0.0,0.0,1,2024-09-13,2024-09-13,2024-09-13,5.532878398895264,6.300000190734863,6.300000190734863,6.239999771118164,6.239999771118164,10366400,2024-09-13,5.532878398895264,0.009615341109809883,0.0016260909516414568,0.006493460119917582
2024-09-17,6,0.46429846179671586,0.3451534273954668,0.6666666666666666,0.16666666666666666,0.16666666666666666,2,2024-09-16,2024-09-17,2024-09-17,5.54187536239624,6.159999847412109,6.179999828338623,6.110000133514404,6.170000076293945,8617200,2024-09-17,5.54187536239624,0.0016260909516414568,0.006493460119917582,0.0032257835630367104
2024-09-18,2,0.1728481724858284,0.20905143479726365,0.0,0.0,1.0,1,2024-09-18,2024-09-18,2024-09-18,5.577861309051514,6.199999809265137,6.210000038146973,6.150000095367432,6.159999847412109,4272600,2024-09-18,5.577861309051514,0.006493460119917582,0.0032257835630367104,0.004823202225547885
2024-09-19,2,0.6854811012744904,0.3109811117935108,1.0,0.0,0.0,1,2024-09-19,2024-09-19,2024-09-19,5.59585428237915,6.21999979019165,6.239999771118164,6.179999828338623,6.199999809265137,8720100,2024-09-19,5.59585428237915,0.0032257835630367104,0.004823202225547885,0.0015999886024027354
2024-09-20,6,-0.0322467249352485,0.5968710289751531,0.3333333333333333,0.6666666666666666,0.0,1,2024-09-20,2024-09-20,2024-09-20,5.622844219207764,6.25,6.260000228881836,6.21999979019165,6.230000019073486,14953200,2024-09-20,5.622844219207764,0.004823202225547885,0.0015999886024027354,0.006389815581060887
2024-09-23,3,0.7025190914670626,0.38100231634759024,1.0,0.0,0.0,1,2024-09-23,2024-09-23,2024-09-23,5.631840705871582,6.260000228881836,6.28000020980835,6.21999979019165,6.25,6249300,2024-09-23,5.631840705871582,0.0015999886024027354,0.006389815581060887,-0.019047651097335194
2024-09-24,1,-0.6586505547165871,0.0,0.0,1.0,0.0,1,2024-09-24,2024-09-24,2024-09-24,5.667827129364014,6.300000190734863,6.349999904632568,6.260000228881836,6.269999980926514,6224200,2024-09-24,5.667827129364014,0.006389815581060887,-0.019047651097335194,0.0
2024-09-25,3,0.24714697183420262,0.6667055383378437,0.6666666666666666,0.3333333333333333,0.0,1,2024-09-25,2024-09-25,2024-09-25,5.559868335723877,6.179999828338623,6.340000152587891,6.159999847412109,6.340000152587891,5063200,2024-09-25,5.559868335723877,-0.019047651097335194,0.0,-0.012944977435033866
2024-09-26,5,0.6812076594680547,0.3027877831212534,1.0,0.0,0.0,1,2024-09-26,2024-09-26,2024-09-26,5.559868335723877,6.179999828338623,6.230000019073486,6.119999885559082,6.179999828338623,5550600,2024-09-26,5.559868335723877,0.0,-0.012944977435033866,0.013114747546084216
2024-09-27,4,0.3928881603060291,0.90899564241288,0.75,0.25,0.0,1,2024-09-27,2024-09-27,2024-09-27,5.487895965576172,6.099999904632568,6.199999809265137,6.090000152587891,6.190000057220459,3868900,2024-09-27,5.487895965576172,-0.012944977435033866,0.013114747546084216,0.006472445835462137
2024-09-30,3,0.056140278155604996,0.916582958793834,0.6666666666666666,0.3333333333333333,0.0,1,2024-09-30,2024-09-30,2024-09-30,5.559868335723877,6.179999828338623,6.190000057220459,6.059999942779541,6.099999904632568,8827000,2024-09-30,5.559868335723877,0.013114747546084216,0.006472445835462137,-0.01768484759347333
2024-10-01,2,0.97438394499477,0.00013911835049210217,1.0,0.0,0.0,1,2024-10-01,2024-10-01,2024-10-01,5.59585428237915,6.21999979019165,6.21999979019165,6.150000095367432,6.190000057220459,2756800,2024-10-01,5.59585428237915,0.006472445835462137,-0.01768484759347333,0.006546598276742532
2024-10-02,5,0.7061537502333521,0.3068168537665953,1.0,0.0,0.0,1,2024-10-02,2024-10-02,2024-10-02,5.49689245223999,6.110000133514404,6.190000057220459,6.099999904632568,6.190000057220459,3786800,2024-10-02,5.49689245223999,-0.01768484759347333,0.006546598276742532,0.006504105259139026
2024-10-03,4,-0.03259914182126525,0.9461149660794256,0.5,0.5,0.0,1,2024-10-03,2024-10-03,2024-10-03,5.532878398895264,6.150000095367432,6.170000076293945,6.099999904632568,6.119999885559082,5762500,2024-10-03,5.532878398895264,0.006546598276742532,0.006504105259139026,-0.004846492212012943
2024-10-04,5,0.09926657904870803,0.7790580975117014,0.6,0.4,0.0,1,2024-10-04,2024-10-04,2024-10-04,5.568864822387695,6.190000057220459,6.190000057220459,6.150000095367432,6.150000095367432,5128900,2024-10-04,5.568864822387695,0.006504105259139026,-0.004846492212012943,0.006493460119917582
2024-10-07,3,0.017025528553252418,0.7595551186016434,0.3333333333333333,0.3333333333333333,0.3333333333333333,2,2024-10-05,2024-10-07,2024-10-07,5.54187536239624,6.159999847412109,6.199999809265137,6.139999866485596,6.190000057220459,6860500,2024-10-07,5.54187536239624,-0.004846492212012943,0.006493460119917582,0.0
2024-10-09,3,0.30402119023104507,0.7056833222383242,0.6666666666666666,0.3333333333333333,0.0,1,2024-10-09,2024-10-09,2024-10-09,5.577861309051514,6.199999809265137,6.21999979019165,6.199999809265137,6.199999809265137,2910600,2024-10-09,5.577861309051514,0.0,0.0032257835630367104,0.004823202225547885
2024-10-10,6,0.6862417873926461,0.20184899744959103,1.0,0.0,0.0,1,2024-10-10,2024-10-10,2024-10-10,5.59585428237915,6.21999979019165,6.230000019073486,6.199999809265137,6.210000038146973,4232500,2024-10-10,5.59585428237915,0.0032257835630367104,0.004823202225547885,0.003199977204805471
2024-10-11,4,0.5640309366863221,0.6817479048050962,0.75,0.25,0.0,1,2024-10-11,2024-10-11,2024-10-11,5.622844219207764,6.25,6.25,6.21999979019165,6.230000019073486,6309300,2024-10-11,5.622844219207764,0.004823202225547885,0.003199977204805471,0.00159496953978433
2024-10-14,3,0.520981706213206,0.48933548313456404,0.6666666666666666,0.0,0.3333333333333333,1,2024-10-14,2024-10-14,2024-10-14,5.6408371925354,6.269999980926514,6.28000020980835,6.25,6.25,2534800,2024-10-14,5.6408371925354,0.003199977204805471,0.00159496953978433,0.0015922608661085302
2024-10-15,2,0.08395163342356687,0.9400089963839366,0.5,0.5,0.0,1,2024-10-15,2024-10-15,2024-10-15,5.649834156036377,6.28000020980835,6.289999961853027,6.260000228881836,6.269999980926514,5321200,2024-10-15,5.649834156036377,0.00159496953978433,0.0015922608661085302,0.03020671624944482
2024-10-16,4,0.5350247282767668,0.784326720627816,0.75,0.25,0.0,1,2024-10-16,2024-10-16,2024-10-16,5.658830165863037,6.289999961853027,6.289999961853027,6.269999980926514,6.28000020980835,8393100,2024-10-16,5.658830165863037,0.0015922608661085302,0.03020671624944482,-0.00925927516356051
2024-10-17,3,0.06901483579228329,0.7561234261240086,0.3333333333333333,0.6666666666666666,0.0,1,2024-10-17,2024-10-17,2024-10-17,5.8297648429870605,6.480000019073486,6.489999771118164,6.28000020980835,6.289999961853027,25986400,2024-10-17,5.8297648429870605,0.03020671624944482,-0.00925927516356051,-0.001557703897562046
2024-10-18,3,0.8101113128165404,0.12979698281865382,1.0,0.0,0.0,1,2024-10-18,2024-10-18,2024-10-18,5.775785446166992,6.420000076293945,6.460000038146973,6.400000095367432,6.460000038146973,5695800,2024-10-18,5.775785446166992,-0.00925927516356051,-0.001557703897562046,0.0
2024-10-21,2,0.6459918187465519,0.3890731130960691,1.0,0.0,0.0,1,2024-10-21,2024-10-21,2024-10-21,5.766788482666016,6.409999847412109,6.440000057220459,6.360000133514404,6.380000114440918,6849600,2024-10-21,5.766788482666016,-0.001557703897562046,0.0,0.012480576875881777
2024-10-22,3,0.3123889278310041,0.9262351124183569,0.6666666666666666,0.3333333333333333,0.0,1,2024-10-22,2024-10-22,2024-10-22,5.766788482666016,6.409999847412109,6.420000076293945,6.389999866485596,6.409999847412109,7055300,2024-10-22,5.766788482666016,0.0,0.012480576875881777,-0.006163284406322078
2024-10-23,4,0.057014709338545744,0.8690025149171086,0.5,0.5,0.0,1,2024-10-23,2024-10-23,2024-10-23,5.838761329650879,6.489999771118164,6.53000020980835,6.389999866485596,6.420000076293945,11972100,2024-10-23,5.838761329650879,0.012480576875881777,-0.006163284406322078,-0.006201670399830661
2024-10-24,2,0.5626912228763103,0.015566711958187965,1.0,0.0,0.0,1,2024-10-24,2024-10-24,2024-10-24,5.8027753829956055,6.449999809265137,6.489999771118164,6.440000057220459,6.489999771118164,10096400,2024-10-24,5.8027753829956055,-0.006163284406322078,-0.006201670399830661,-0.0078001745021759605
2024-10-25,1,-0.8716794103384017,0.0,0.0,1.0,0.0,1,2024-10-25,2024-10-25,2024-10-25,5.766788482666016,6.409999847412109,6.480000019073486,6.409999847412109,6.480000019073486,8756200,2024-10-25,5.766788482666016,-0.006201670399830661,-0.0078001745021759605,0.00786149553922999
2024-10-28,3,0.7210660216708978,0.4134276679920931,0.6666666666666666,0.0,0.3333333333333333,1,2024-10-28,2024-10-28,2024-10-28,5.721806526184082,6.360000133514404,6.460000038146973,6.329999923706055,6.409999847412109,5841500,2024-10-28,5.721806526184082,-0.0078001745021759605,0.00786149553922999,0.0
2024-10-29,3,0.6379403045090537,0.32778800179776013,1.0,0.0,0.0,1,2024-10-29,2024-10-29,2024-10-29,5.766788482666016,6.409999847412109,6.420000076293945,6.360000133514404,6.369999885559082,8537900,2024-10-29,5.766788482666016,0.00786149553922999,0.0,-0.0031201028755815097
2024-10-30,5,0.5004499246366322,0.541783728594973,0.6,0.2,0.2,1,2024-10-30,2024-10-30,2024-10-30,5.766788482666016,6.409999847412109,6.429999828338623,6.389999866485596,6.409999847412109,11584000,2024-10-30,5.766788482666016,0.0,-0.0031201028755815097,0.0031298683869358523
2024-11-01,6,0.25646309360551334,0.8372985161338465,0.5,0.3333333333333333,0.16666666666666666,2,2024-10-31,2024-11-01,2024-11-01,5.748795509338379,6.389999866485596,6.429999828338623,6.340000152587891,6.400000095367432,6590000,2024-11-01,5.748795509338379,-0.0031201028755815097,0.0031298683869358523,0.006240371124718758
2024-11-04,3,0.11594708589836956,0.7749907791252156,0.6666666666666666,0.3333333333333333,0.0,1,2024-11-04,2024-11-04,2024-11-04,5.766788482666016,6.409999847412109,6.449999809265137,6.389999866485596,6.389999866485596,2388100,2024-11-04,5.766788482666016,0.0031298683869358523,0.006240371124718758,-0.0015504586869484749
2024-11-05,1,0.613402619957924,0.0,1.0,0.0,0.0,1,2024-11-05,2024-11-05,2024-11-05,5.8027753829956055,6.449999809265137,6.449999809265137,6.400000095367432,6.409999847412109,6473800,2024-11-05,5.8027753829956055,0.006240371124718758,-0.0015504586869484749,0.007764002503943379
2024-11-06,3,0.4708539545536041,0.4258568452920351,0.6666666666666666,0.0,0.3333333333333333,1,2024-11-06,2024-11-06,2024-11-06,5.793778419494629,6.440000057220459,6.46999979019165,6.429999828338623,6.440000057220459,4513500,2024-11-06,5.793778419494629,-0.0015504586869484749,0.007764002503943379,-0.006163284406322078
2024-11-07,4,0.9018811731948517,0.0555827455993483,1.0,0.0,0.0,1,2024-11-07,2024-11-07,2024-11-07,5.838761329650879,6.489999771118164,6.53000020980835,6.429999828338623,6.460000038146973,3488000,2024-11-07,5.838761329650879,0.007764002503943379,-0.006163284406322078,-0.009302423425764261
2024-11-08,4,0.021057974779978283,1.0589916872060028,0.5,0.5,0.0,1,2024-11-08,2024-11-08,2024-11-08,5.8027753829956055,6.449999809265137,6.5,6.449999809265137,6.5,4912300,2024-11-08,5.8027753829956055,-0.006163284406322078,-0.009302423425764261,-0.0015648512478912968
2024-11-11,3,0.29138566926121706,0.8558147432752471,0.6666666666666666,0.3333333333333333,0.0,1,2024-11-11,2024-11-11,2024-11-11,5.748795509338379,6.389999866485596,6.480000019073486,6.369999885559082,6.449999809265137,2771300,2024-11-11,5.748795509338379,-0.009302423425764261,-0.0015648512478912968,0.010971791521505958
2024-11-12,3,0.6638595396652818,0.39571576841664574,1.0,0.0,0.0,1,2024-11-12,2024-11-12,2024-11-12,5.739799499511719,6.380000114440918,6.429999828338623,6.369999885559082,6.389999866485596,1826200,2024-11-12,5.739799499511719,-0.0015648512478912968,0.010971791521505958,-0.007751964738815786
2024-11-13,4,0.6413304060697556,0.33556431569311085,0.75,0.0,0.25,1,2024-11-13,2024-11-13,2024-11-13,5.8027753829956055,6.449999809265137,6.449999809265137,6.380000114440918,6.400000095367432,2520500,2024-11-13,5.8027753829956055,0.010971791521505958,-0.007751964738815786,0.007812527173989503
2024-11-14,4,0.28107188642024994,0.2837311905710855,0.5,0.25,0.25,1,2024-11-14,2024-11-14,2024-11-14,5.7577924728393555,6.400000095367432,6.449999809265137,6.360000133514404,6.449999809265137,5826600,2024-11-14,5.7577924728393555,-0.007751964738815786,0.007812527173989503,0.004651129538900456
2024-11-15,3,-0.2993415538221598,1.0661324781713202,0.3333333333333333,0.6666666666666666,0.0,1,2024-11-15,2024-11-15,2024-11-15,5.8027753829956055,6.449999809265137,6.46999979019165,6.360000133514404,6.400000095367432,12785500,2024-11-15,5.8027753829956055,0.007812527173989503,0.004651129538900456,0.0015431988950018738
2024-11-18,2,0.08605965971946716,0.5070292217640872,0.5,0.5,0.0,1,2024-11-18,2024-11-18,2024-11-18,5.8297648429870605,6.480000019073486,6.539999961853027,6.389999866485596,6.440000057220459,7381100,2024-11-18,5.8297648429870605,0.004651129538900456,0.0015431988950018738,0.0015408211015806028
2024-11-19,5,0.4749740658327937,0.592748277949729,0.8,0.2,0.0,1,2024-11-19,2024-11-19,2024-11-19,5.838761329650879,6.489999771118164,6.519999980926514,6.460000038146973,6.480000019073486,5172900,2024-11-19,5.838761329650879,0.0015431988950018738,0.0015408211015806028,-0.0015384506243947271
2024-11-20,1,0.8039584867656231,0.0,1.0,0.0,0.0,1,2024-11-20,2024-11-20,2024-11-20,5.847757816314697,6.5,6.519999980926514,6.480000019073486,6.5,6652700,2024-11-20,5.847757816314697,0.0015408211015806028,-0.0015384506243947271,0.0015408211015806028
2024-11-21,1,-0.9578344277106227,0.0,0.0,1.0,0.0,1,2024-11-21,2024-11-21,2024-11-21,5.838761329650879,6.489999771118164,6.519999980926514,6.480000019073486,6.5,3498800,2024-11-21,5.838761329650879,-0.0015384506243947271,0.0015408211015806028,0.016923201493977746
2024-11-22,2,0.9207088771509007,0.0660463412836389,1.0,0.0,0.0,1,2024-11-22,2024-11-22,2024-11-22,5.847757816314697,6.5,6.510000228881836,6.489999771118164,6.5,3437500,2024-11-22,5.847757816314697,0.0015408211015806028,0.016923201493977746,0.009077010133045071
2024-11-25,5,0.06878779996186497,0.12126099182160978,0.0,0.0,1.0,2,2024-11-23,2024-11-25,2024-11-25,5.946720600128174,6.610000133514404,6.630000114440918,6.460000038146973,6.5,12083500,2024-11-25,5.946720600128174,0.016923201493977746,0.009077010133045071,0.01649179641615972
2024-11-26,4,0.4958069014828652,0.3363038788653884,0.75,0.0,0.25,1,2024-11-26,2024-11-26,2024-11-26,6.000699043273926,6.670000076293945,6.679999828338623,6.570000171661377,6.610000133514404,5741200,2024-11-26,6.000699043273926,0.009077010133045071,0.01649179641615972,-0.016224229722566208
2024-11-27,6,0.4776936300719778,0.46611131611477574,0.8333333333333334,0.0,0.16666666666666666,1,2024-11-27,2024-11-27,2024-11-27,6.099661350250244,6.78000020980835,6.829999923706055,6.679999828338623,6.679999828338623,12429200,2024-11-27,6.099661350250244,0.01649179641615972,-0.016224229722566208,0.013493237409111458
2024-11-28,10,-0.0057269472628831974,0.5700618958438874,0.3,0.6,0.1,1,2024-11-28,2024-11-28,2024-11-28,6.000699043273926,6.670000076293945,6.760000228881836,6.619999885559082,6.760000228881836,22842800,2024-11-28,6.000699043273926,-0.016224229722566208,0.013493237409111458,-0.029585825261079113
2024-11-29,10,0.46853989583905786,0.7642504462674066,0.7,0.3,0.0,1,2024-11-29,2024-11-29,2024-11-29,6.081667900085449,6.760000228881836,6.789999961853027,6.579999923706055,6.650000095367432,17010400,2024-11-29,6.081667900085449,0.013493237409111458,-0.029585825261079113,-0.00609743731820378
2024-12-02,5,0.6994185174349696,0.33449772071499534,1.0,0.0,0.0,1,2024-12-02,2024-12-02,2024-12-02,5.901736736297607,6.559999942779541,6.710000038146973,6.559999942779541,6.699999809265137,11914800,2024-12-02,5.901736736297607,-0.029585825261079113,-0.00609743731820378,0.007668738088727034
2024-12-03,1,-0.25106281042099,0.0,0.0,1.0,0.0,1,2024-12-03,2024-12-03,2024-12-03,5.865751266479492,6.519999980926514,6.570000171661377,6.480000019073486,6.559999942779541,15574600,2024-12-03,5.865751266479492,-0.00609743731820378,0.007668738088727034,0.0015219784138187364
2024-12-04,5,0.5972710279747844,0.4922118968305178,0.8,0.2,0.0,1,2024-12-04,2024-12-04,2024-12-04,5.910734176635742,6.570000171661377,6.599999904632568,6.53000020980835,6.550000190734863,14826600,2024-12-04,5.910734176635742,0.007668738088727034,0.0015219784138187364,-0.010638222463372538
2024-12-05,7,0.7024644863392625,0.3843104846539263,0.8571428571428571,0.0,0.14285714285714285,1,2024-12-05,2024-12-05,2024-12-05,5.919730186462402,6.579999923706055,6.630000114440918,6.559999942779541,6.570000171661377,6401100,2024-12-05,5.919730186462402,0.0015219784138187364,-0.010638222463372538,0.009216605244614096
2024-12-06,2,0.8123754058033228,0.20475432914973293,1.0,0.0,0.0,1,2024-12-06,2024-12-06,2024-12-06,5.856754779815674,6.510000228881836,6.599999904632568,6.510000228881836,6.579999923706055,6420900,2024-12-06,5.856754779815674,-0.010638222463372538,0.009216605244614096,0.003044118173806565
2024-12-09,3,0.11665077197055018,0.5954850803080018,0.3333333333333333,0.3333333333333333,0.3333333333333333,1,2024-12-09,2024-12-09,2024-12-09,5.910734176635742,6.570000171661377,6.590000152587891,6.480000019073486,6.519999980926514,4095200,2024-12-09,5.910734176635742,0.009216605244614096,0.003044118173806565,0.0
2024-12-10,2,0.6052957884967327,0.38654208190260675,1.0,0.0,0.0,1,2024-12-10,2024-12-10,2024-12-10,5.928727149963379,6.590000152587891,6.599999904632568,6.550000190734863,6.570000171661377,8099700,2024-12-10,5.928727149963379,0.003044118173806565,0.0,-0.00455248031880473
2024-12-11,1,0.9151008208282292,0.0,1.0,0.0,0.0,1,2024-12-11,2024-12-11,2024-12-11,5.928727149963379,6.590000152587891,6.619999885559082,6.550000190734863,6.599999904632568,4012900,2024-12-11,5.928727149963379,0.0,-0.00455248031880473,-0.0015242179364214348
2024-12-12,3,0.8363320793335637,0.10444366394087358,1.0,0.0,0.0,1,2024-12-12,2024-12-12,2024-12-12,5.901736736297607,6.559999942779541,6.579999923706055,6.53000020980835,6.570000171661377,4554600,2024-12-12,5.901736736297607,-0.00455248031880473,-0.0015242179364214348,-0.0015267874815079185
2024-12-13,2,0.6034141263226047,0.5382448117848158,1.0,0.0,0.0,1,2024-12-13,2024-12-13,2024-12-13,5.8927412033081055,6.550000190734863,6.579999923706055,6.539999961853027,6.559999942779541,5970400,2024-12-13,5.8927412033081055,-0.0015242179364214348,-0.0015267874815079185,-0.012232409706181335
2024-12-16,3,0.16903289733454585,0.7069854571785187,0.3333333333333333,0.3333333333333333,0.3333333333333333,1,2024-12-16,2024-12-16,2024-12-16,5.883744239807129,6.539999961853027,6.559999942779541,6.5,6.550000190734863,5376500,2024-12-16,5.883744239807129,-0.0015267874815079185,-0.012232409706181335,0.003095953132911111
2024-12-17,4,0.4313826574361884,0.7304785635023722,0.75,0.25,0.0,1,2024-12-17,2024-12-17,2024-12-17,5.811771869659424,6.460000038146973,6.539999961853027,6.440000057220459,6.539999961853027,4264500,2024-12-17,5.811771869659424,-0.012232409706181335,0.003095953132911111,-0.012345672953564257
2024-12-18,3,0.49873933258155984,0.2711921969916644,1.0,0.0,0.0,1,2024-12-18,2024-12-18,2024-12-18,5.8297648429870605,6.480000019073486,6.5,6.420000076293945,6.460000038146973,2827700,2024-12-18,5.8297648429870605,0.003095953132911111,-0.012345672953564257,-0.015624971532010923
2024-12-19,4,0.10497534612659368,0.5764984759446415,0.25,0.5,0.25,1,2024-12-19,2024-12-19,2024-12-19,5.7577924728393555,6.400000095367432,6.449999809265137,6.400000095367432,6.440000057220459,4292700,2024-12-19,5.7577924728393555,-0.012345672953564257,-0.015624971532010923,0.009523825548667597
2024-12-20,3,-0.3180833575315774,0.9319390754200354,0.3333333333333333,0.6666666666666666,0.0,1,2024-12-20,2024-12-20,2024-12-20,5.667827129364014,6.300000190734863,6.409999847412109,6.28000020980835,6.400000095367432,7712000,2024-12-20,5.667827129364014,-0.015624971532010923,0.009523825548667597,0.009433894651259545
2024-12-23,2,-0.13288469705730677,0.7074193092878789,0.0,0.5,0.5,1,2024-12-23,2024-12-23,2024-12-23,5.721806526184082,6.360000133514404,6.380000114440918,6.300000190734863,6.300000190734863,3831200,2024-12-23,5.721806526184082,0.009523825548667597,0.009433894651259545,0.001557621339585813
2024-12-24,7,0.7040762259691421,0.2984256217468492,0.7142857142857143,0.0,0.2857142857142857,1,2024-12-24,2024-12-24,2024-12-24,5.775785446166992,6.420000076293945,6.429999828338623,6.349999904632568,6.360000133514404,2825700,2024-12-24,5.775785446166992,0.009433894651259545,0.001557621339585813,0.0046656792152242055
2024-12-26,6,0.20250303752254695,0.9079716871218304,0.6666666666666666,0.3333333333333333,0.0,2,2024-12-25,2024-12-26,2024-12-26,5.7847819328308105,6.429999828338623,6.440000057220459,6.400000095367432,6.420000076293945,1414500,2024-12-26,5.7847819328308105,0.001557621339585813,0.0046656792152242055,0.0
2024-12-27,3,-0.2677469694366058,1.0472974369650645,0.3333333333333333,0.6666666666666666,0.0,1,2024-12-27,2024-12-27,2024-12-27,5.811771869659424,6.460000038146973,6.5,6.420000076293945,6.429999828338623,1874600,2024-12-27,5.811771869659424,0.0046656792152242055,0.0,0.003095953132911111
2024-12-30,1,0.8837806140072644,0.0,1.0,0.0,0.0,1,2024-12-30,2024-12-30,2024-12-30,5.811771869659424,6.460000038146973,6.480000019073486,6.420000076293945,6.480000019073486,3820300,2024-12-30,5.811771869659424,0.0,0.003095953132911111,-0.004629596685005621
2024-12-31,2,0.8882279634708539,0.07039070770705694,1.0,0.0,0.0,1,2024-12-31,2024-12-31,2024-12-31,5.8297648429870605,6.480000019073486,6.5,6.440000057220459,6.46999979019165,1933200,2024-12-31,5.8297648429870605,0.003095953132911111,-0.004629596685005621,-0.0031008351999153305
2025-01-02,4,0.9016963527537882,0.09769804805457578,1.0,0.0,0.0,2,2025-01-01,2025-01-02,2025-01-02,5.8027753829956055,6.449999809265137,6.489999771118164,6.400000095367432,6.480000019073486,2979100,2025-01-02,5.8027753829956055,-0.004629596685005621,-0.0031008351999153305,-0.0015551989285472745
2025-01-03,3,0.03520062503715349,0.8013863412051472,0.3333333333333333,0.6666666666666666,0.0,1,2025-01-03,2025-01-03,2025-01-03,5.7847819328308105,6.429999828338623,6.460000038146973,6.409999847412109,6.449999809265137,5490500,2025-01-03,5.7847819328308105,-0.0031008351999153305,-0.0015551989285472745,0.001557621339585813
2025-01-06,1,-0.0215771738439798,0.0,0.0,0.0,1.0,1,2025-01-06,2025-01-06,2025-01-06,5.775785446166992,6.420000076293945,6.460000038146973,6.369999885559082,6.429999828338623,4508200,2025-01-06,5.775785446166992,-0.0015551989285472745,0.001557621339585813,0.0
2025-01-07,2,0.9366512945853175,0.004340979199741156,1.0,0.0,0.0,1,2025-01-07,2025-01-07,2025-01-07,5.7847819328308105,6.429999828338623,6.429999828338623,6.389999866485596,6.389999866485596,6732700,2025-01-07,5.7847819328308105,0.001557621339585813,0.0,-0.012441756287543071
2025-01-08,5,0.8102368510793895,0.32985343854816057,1.0,0.0,0.0,1,2025-01-08,2025-01-08,2025-01-08,5.7847819328308105,6.429999828338623,6.449999809265137,6.420000076293945,6.440000057220459,2643600,2025-01-08,5.7847819328308105,0.0,-0.012441756287543071,0.007874127476946269
2025-01-09,2,0.14456111192703253,1.0839608673182508,0.5,0.5,0.0,1,2025-01-09,2025-01-09,2025-01-09,5.712809085845947,6.349999904632568,6.440000057220459,6.349999904632568,6.420000076293945,3675600,2025-01-09,5.712809085845947,-0.012441756287543071,0.007874127476946269,-0.018749949275219446
2025-01-10,9,0.5220870577937199,0.6075912446901967,0.7777777777777778,0.1111111111111111,0.1111111111111111,1,2025-01-10,2025-01-10,2025-01-10,5.7577924728393555,6.400000095367432,6.429999828338623,6.349999904632568,6.349999904632568,4286600,2025-01-10,5.7577924728393555,0.007874127476946269,-0.018749949275219446,-0.001592429662977679
2025-01-13,4,0.4603222880978137,0.5300821664310454,0.75,0.25,0.0,2,2025-01-11,2025-01-13,2025-01-13,5.649834156036377,6.28000020980835,6.400000095367432,6.269999980926514,6.400000095367432,7363200,2025-01-13,5.649834156036377,-0.018749949275219446,-0.001592429662977679,0.01594893460041602
2025-01-14,2,0.8114179990952834,0.2209468906920798,1.0,0.0,0.0,1,2025-01-14,2025-01-14,2025-01-14,5.6408371925354,6.269999980926514,6.349999904632568,6.269999980926514,6.300000190734863,4628200,2025-01-14,5.6408371925354,-0.001592429662977679,0.01594893460041602,-0.0031397784257490846
2025-01-15,5,0.34378276783972983,0.5995002423961238,0.6,0.2,0.2,1,2025-01-15,2025-01-15,2025-01-15,5.730802536010742,6.369999885559082,6.369999885559082,6.289999961853027,6.300000190734863,6790600,2025-01-15,5.730802536010742,0.01594893460041602,-0.0031397784257490846,0.0
2025-01-16,2,0.7968758051283658,0.19873210623599166,1.0,0.0,0.0,1,2025-01-16,2025-01-16,2025-01-16,5.712809085845947,6.349999904632568,6.369999885559082,6.320000171661377,6.369999885559082,5251400,2025-01-16,5.712809085845947,-0.0031397784257490846,0.0,0.0015749590443039363
2025-01-17,3,0.742965864793708,0.18069339007272825,1.0,0.0,0.0,1,2025-01-17,2025-01-17,2025-01-17,5.712809085845947,6.349999904632568,6.369999885559082,6.300000190734863,6.349999904632568,3607600,2025-01-17,5.712809085845947,0.0,0.0015749590443039363,0.0015722324383904418
2025-01-20,2,0.12757645547389984,0.4332192793548687,0.5,0.0,0.5,1,2025-01-20,2025-01-20,2025-01-20,5.721806526184082,6.360000133514404,6.360000133514404,6.309999942779541,6.349999904632568,1865300,2025-01-20,5.721806526184082,0.0015749590443039363,0.0015722324383904418,0.0
2025-01-21,5,0.20510043017566204,0.56294975618168,0.4,0.4,0.2,1,2025-01-21,2025-01-21,2025-01-21,5.730802536010742,6.369999885559082,6.389999866485596,6.349999904632568,6.380000114440918,2131700,2025-01-21,5.730802536010742,0.0015722324383904418,0.0,0.0
2025-01-22,6,0.63576239751031,0.25455413748776584,1.0,0.0,0.0,1,2025-01-22,2025-01-22,2025-01-22,5.730802536010742,6.369999885559082,6.389999866485596,6.360000133514404,6.369999885559082,1623800,2025-01-22,5.730802536010742,0.0,0.0,0.0015699308158747538
2025-01-23,5,0.6520375821273774,0.43327397895439723,0.8,0.2,0.0,1,2025-01-23,2025-01-23,2025-01-23,5.730802536010742,6.369999885559082,6.400000095367432,6.369999885559082,6.389999866485596,2962500,2025-01-23,5.730802536010742,0.0,0.0015699308158747538,0.0
2025-01-24,3,0.9393244058204194,0.008849493048274443,1.0,0.0,0.0,1,2025-01-24,2025-01-24,2025-01-24,5.739799499511719,6.380000114440918,6.389999866485596,6.320000171661377,6.380000114440918,3202900,2025-01-24,5.739799499511719,0.0015699308158747538,0.0,0.0
2025-01-27,6,0.05197143314095835,0.47687085438752963,0.16666666666666666,0.16666666666666666,0.6666666666666666,1,2025-01-27,2025-01-27,2025-01-27,5.739799499511719,6.380000114440918,6.389999866485596,6.349999904632568,6.380000114440918,2541400,2025-01-27,5.739799499511719,0.0,0.0,0.007836934604234624
2025-01-28,8,0.15655270378920252,0.9067137989919892,0.5,0.375,0.125,1,2025-01-28,2025-01-28,2025-01-28,5.739799499511719,6.380000114440918,6.389999866485596,6.360000133514404,6.389999866485596,2099400,2025-01-28,5.739799499511719,0.0,0.007836934604234624,-0.0015551989285472745
2025-01-31,10,0.5618853135034442,0.3999387296416049,0.9,0.1,0.0,2,2025-01-29,2025-01-31,2025-01-31,5.7847819328308105,6.429999828338623,6.449999809265137,6.369999885559082,6.380000114440918,5059200,2025-01-31,5.7847819328308105,0.007836934604234624,-0.0015551989285472745,0.003115242679171404
2025-02-03,2,0.655971098691225,0.14525807552665157,1.0,0.0,0.0,1,2025-02-03,2025-02-03,2025-02-03,5.775785446166992,6.420000076293945,6.429999828338623,6.400000095367432,6.429999828338623,4070500,2025-02-03,5.775785446166992,-0.0015551989285472745,0.003115242679171404,0.0015528663420583122
2025-02-04,3,0.6631918497538817,0.5049738056476278,0.6666666666666666,0.0,0.3333333333333333,1,2025-02-04,2025-02-04,2025-02-04,5.793778419494629,6.440000057220459,6.449999809265137,6.420000076293945,6.440000057220459,1800800,2025-02-04,5.793778419494629,0.003115242679171404,0.0015528663420583122,0.0031007530259337113
2025-02-05,2,0.4180603604763746,0.055316008015581494,1.0,0.0,0.0,1,2025-02-05,2025-02-05,2025-02-05,5.8027753829956055,6.449999809265137,6.449999809265137,6.440000057220459,6.449999809265137,4704500,2025-02-05,5.8027753829956055,0.0015528663420583122,0.0031007530259337113,0.0015455840385822928
2025-02-06,3,0.20239590108394623,0.5047572508954218,0.3333333333333333,0.3333333333333333,0.3333333333333333,1,2025-02-06,2025-02-06,2025-02-06,5.820768356323242,6.46999979019165,6.480000019073486,6.449999809265137,6.449999809265137,5586900,2025-02-06,5.820768356323242,0.0031007530259337113,0.0015455840385822928,0.0
2025-02-07,5,0.8265285418368876,0.13820043852641659,1.0,0.0,0.0,1,2025-02-07,2025-02-07,2025-02-07,5.8297648429870605,6.480000019073486,6.489999771118164,6.460000038146973,6.46999979019165,5014200,2025-02-07,5.8297648429870605,0.0015455840385822928,0.0,0.015432070743568005
2025-02-10,2,0.0248762927949428,1.3006868270292191,0.5,0.5,0.0,1,2025-02-10,2025-02-10,2025-02-10,5.8297648429870605,6.480000019073486,6.489999771118164,6.460000038146973,6.480000019073486,4809100,2025-02-10,5.8297648429870605,0.0,0.015432070743568005,-0.00607898426478426
2025-02-12,6,0.8306382119189948,0.14040904159101134,1.0,0.0,0.0,2,2025-02-11,2025-02-12,2025-02-12,5.919730186462402,6.579999923706055,6.599999904632568,6.46999979019165,6.480000019073486,11834200,2025-02-12,5.919730186462402,0.015432070743568005,-0.00607898426478426,0.0015291221260276266
2025-02-13,4,-0.07421295158565047,0.7746363076351293,0.5,0.5,0.0,1,2025-02-13,2025-02-13,2025-02-13,5.883744239807129,6.539999961853027,6.599999904632568,6.539999961853027,6.579999923706055,3003000,2025-02-13,5.883744239807129,-0.00607898426478426,0.0015291221260276266,0.003053413124190163
2025-02-14,4,0.27882833644980565,0.8078253947733466,0.75,0.25,0.0,1,2025-02-14,2025-02-14,2025-02-14,5.8927412033081055,6.550000190734863,6.570000171661377,6.539999961853027,6.539999961853027,1919700,2025-02-14,5.8927412033081055,0.0015291221260276266,0.003053413124190163,0.0015219784138187364
2025-02-18,2,0.8811167734675109,0.056778463487694476,1.0,0.0,0.0,1,2025-02-18,2025-02-18,2025-02-18,5.919730186462402,6.579999923706055,6.610000133514404,6.559999942779541,6.579999923706055,6300900,2025-02-18,5.919730186462402,0.0015219784138187364,0.019756859961525874,-0.007451590844660294
2025-02-19,3,0.9383205367873112,0.03958587325442857,1.0,0.0,0.0,1,2025-02-19,2025-02-19,2025-02-19,6.036685466766357,6.710000038146973,6.710000038146973,6.570000171661377,6.590000152587891,5126600,2025-02-19,6.036685466766357,0.019756859961525874,-0.007451590844660294,0.0015014908665473836
2025-02-20,6,0.04961918798896176,0.7215663635120435,0.3333333333333333,0.6666666666666666,0.0,1,2025-02-20,2025-02-20,2025-02-20,5.991702556610107,6.659999847412109,6.699999809265137,6.659999847412109,6.699999809265137,5960700,2025-02-20,5.991702556610107,-0.007451590844660294,0.0015014908665473836,0.0
2025-02-21,5,0.1741883598268032,0.46766865511879013,0.6,0.4,0.0,1,2025-02-21,2025-02-21,2025-02-21,6.000699043273926,6.670000076293945,6.699999809265137,6.639999866485596,6.659999847412109,2905200,2025-02-21,6.000699043273926,0.0015014908665473836,0.0,-0.019490196496004808
2025-02-24,5,-0.011755977943539567,0.574784469773,0.4,0.2,0.4,1,2025-02-24,2025-02-24,2025-02-24,6.000699043273926,6.670000076293945,6.690000057220459,6.659999847412109,6.670000076293945,2837000,2025-02-24,6.000699043273926,0.0,-0.019490196496004808,0.015290491871939427
2025-02-25,3,0.8682446482901772,0.11415978970863033,1.0,0.0,0.0,1,2025-02-25,2025-02-25,2025-02-25,5.883744239807129,6.539999961853027,6.690000057220459,6.539999961853027,6.670000076293945,2655000,2025-02-25,5.883744239807129,-0.019490196496004808,0.015290491871939427,0.018072240589850797
2025-02-26,8,0.21234763995744294,0.77779643101047,0.625,0.375,0.0,1,2025-02-26,2025-02-26,2025-02-26,5.973709583282471,6.639999866485596,6.699999809265137,6.539999961853027,6.539999961853027,4624700,2025-02-26,5.973709583282471,0.015290491871939427,0.018072240589850797,0.022189349344395426
2025-02-27,9,0.8169762380938563,0.21363382184381136,0.8888888888888888,0.0,0.1111111111111111,1,2025-02-27,2025-02-27,2025-02-27,6.081667900085449,6.760000228881836,6.800000190734863,6.639999866485596,6.670000076293945,4447100,2025-02-27,6.081667900085449,0.018072240589850797,0.022189349344395426,0.0
2025-02-28,7,0.24954544217325753,0.8218154891363314,0.5714285714285714,0.2857142857142857,0.14285714285714285,1,2025-02-28,2025-02-28,2025-02-28,6.216616153717041,6.909999847412109,6.909999847412109,6.800000190734863,6.800000190734863,13433700,2025-02-28,6.216616153717041,0.022189349344395426,0.0,-0.007235762249055422
2025-03-03,2,0.0008414308540523052,1.3535568525696384,0.5,0.5,0.0,1,2025-03-03,2025-03-03,2025-03-03,6.216616153717041,6.909999847412109,6.949999809265137,6.889999866485596,6.889999866485596,6996300,2025-03-03,6.216616153717041,0.0,-0.007235762249055422,0.01166172378505359
2025-03-04,2,-0.021112763322889777,0.6605229771993189,0.5,0.5,0.0,1,2025-03-04,2025-03-04,2025-03-04,6.171634197235107,6.860000133514404,6.909999847412109,6.840000152587891,6.909999847412109,4407700,2025-03-04,6.171634197235107,-0.007235762249055422,0.01166172378505359,-0.004322812239786034
2025-03-05,7,0.2118540521644588,0.7302158850111368,0.5714285714285714,0.42857142857142855,0.0,1,2025-03-05,2025-03-05,2025-03-05,6.243606090545654,6.940000057220459,7.0,6.860000133514404,6.860000133514404,10313200,2025-03-05,6.243606090545654,0.01166172378505359,-0.004322812239786034,-0.004341426667972659
2025-03-06,6,0.5921307856527468,0.3005371332992959,0.8333333333333334,0.0,0.16666666666666666,1,2025-03-06,2025-03-06,2025-03-06,6.216616153717041,6.909999847412109,6.96999979019165,6.900000095367432,6.909999847412109,7118800,2025-03-06,6.216616153717041,-0.004322812239786034,-0.004341426667972659,0.005813911834047003
2025-03-07,9,0.6062801642757324,0.5957479840605182,0.8888888888888888,0.1111111111111111,0.0,1,2025-03-07,2025-03-07,2025-03-07,6.189627170562744,6.880000114440918,6.909999847412109,6.849999904632568,6.909999847412109,4848700,2025-03-07,6.189627170562744,-0.004341426667972659,0.005813911834047003,-0.008670458469965281
2025-03-10,3,0.242834265033404,0.9588916933641026,0.6666666666666666,0.3333333333333333,0.0,1,2025-03-10,2025-03-10,2025-03-10,6.225613117218018,6.920000076293945,6.949999809265137,6.860000133514404,6.909999847412109,4958900,2025-03-10,6.225613117218018,0.005813911834047003,-0.008670458469965281,-0.008746447364202048
2025-03-11,2,0.928815210936591,0.06676349081984,1.0,0.0,0.0,1,2025-03-11,2025-03-11,2025-03-11,6.171634197235107,6.860000133514404,6.920000076293945,6.840000152587891,6.900000095367432,12044300,2025-03-11,6.171634197235107,-0.008670458469965281,-0.008746447364202048,0.0044117334134810005
2025-03-12,4,0.11055870889686045,0.9407785777356671,0.5,0.5,0.0,1,2025-03-12,2025-03-12,2025-03-12,6.117654323577881,6.800000190734863,6.880000114440918,6.730000019073486,6.849999904632568,13490000,2025-03-12,6.117654323577881,-0.008746447364202048,0.0044117334134810005,0.0029282370079368736
2025-03-13,6,0.6067947257931033,0.23508369020826939,0.8333333333333334,0.0,0.16666666666666666,1,2025-03-13,2025-03-13,2025-03-13,6.144643783569336,6.829999923706055,6.880000114440918,6.789999961853027,6.840000152587891,8745200,2025-03-13,6.144643783569336,0.0044117334134810005,0.0029282370079368736,0.021897888159272183
2025-03-14,6,-0.05730033526197076,0.5643106168751728,0.5,0.3333333333333333,0.16666666666666666,1,2025-03-14,2025-03-14,2025-03-14,6.162636756896973,6.849999904632568,6.909999847412109,6.800000190734863,6.800000190734863,13806900,2025-03-14,6.162636756896973,0.0029282370079368736,0.021897888159272183,-0.0014286369782555708
2025-03-17,4,-0.2548290267586708,0.2952547192698952,0.0,0.75,0.25,1,2025-03-17,2025-03-17,2025-03-17,6.297585487365723,7.0,7.0,6.889999866485596,6.889999866485596,12610300,2025-03-17,6.297585487365723,0.021897888159272183,-0.0014286369782555708,-0.010014235532781579
2025-03-19,2,0.43070860626176005,0.7531742829867953,0.5,0.0,0.5,2,2025-03-18,2025-03-19,2025-03-19,6.288588523864746,6.989999771118164,7.0,6.949999809265137,7.0,10087900,2025-03-19,6.288588523864746,-0.0014286369782555708,-0.010014235532781579,0.018072301614492137
2025-03-20,2,0.9232592023909092,0.045947050717015214,1.0,0.0,0.0,1,2025-03-20,2025-03-20,2025-03-20,6.225613117218018,6.920000076293945,7.039999961853027,6.900000095367432,6.989999771118164,10097700,2025-03-20,6.225613117218018,-0.010014235532781579,0.018072301614492137,-0.007396473520558611
2025-03-21,5,0.5139075059443712,0.4889696260217399,0.8,0.2,0.0,1,2025-03-21,2025-03-21,2025-03-21,6.3381242752075195,6.760000228881836,6.78000020980835,6.650000095367432,6.699999809265137,16240700,2025-03-21,6.3381242752075195,0.018072301614492137,-0.007396473520558611,0.008941921960305965
2025-03-24,2,0.5880996948108077,0.530228226176683,1.0,0.0,0.0,1,2025-03-24,2025-03-24,2025-03-24,6.2912445068359375,6.710000038146973,6.769999980926514,6.690000057220459,6.760000228881836,6817900,2025-03-24,6.2912445068359375,-0.007396473520558611,0.008941921960305965,0.004431298755610991
2025-03-25,2,-0.11956789903342727,0.8588723222207473,0.5,0.5,0.0,1,2025-03-25,2025-03-25,2025-03-25,6.347500324249268,6.769999980926514,6.800000190734863,6.710000038146973,6.710000038146973,11032300,2025-03-25,6.347500324249268,0.008941921960305965,0.004431298755610991,0.013235246933565925
2025-03-26,7,0.6959678936816219,0.6245495317599663,0.8571428571428571,0.14285714285714285,0.0,1,2025-03-26,2025-03-26,2025-03-26,6.3756279945373535,6.800000190734863,6.849999904632568,6.75,6.78000020980835,12287300,2025-03-26,6.3756279945373535,0.004431298755610991,0.013235246933565925,-0.0072569177254315775
2025-03-27,7,0.746138057970841,0.31155916818792995,0.8571428571428571,0.0,0.14285714285714285,1,2025-03-27,2025-03-27,2025-03-27,6.460011005401611,6.889999866485596,6.889999866485596,6.760000228881836,6.769999980926514,18048700,2025-03-27,6.460011005401611,0.013235246933565925,-0.0072569177254315775,0.008771973523401977
2025-03-28,6,0.3537530108199765,0.6804769899260901,0.6666666666666666,0.16666666666666666,0.16666666666666666,1,2025-03-28,2025-03-28,2025-03-28,6.413131237030029,6.840000152587891,6.929999828338623,6.75,6.889999866485596,17914400,2025-03-28,6.413131237030029,-0.0072569177254315775,0.008771973523401977,0.0
2025-04-02,7,0.5853010658839983,0.3378037343031505,0.8571428571428571,0.14285714285714285,0.0,2,2025-04-01,2025-04-02,2025-04-02,6.469387054443359,6.900000095367432,6.900000095367432,6.769999980926514,6.849999904632568,14827300,2025-04-02,6.469387054443359,0.008771973523401977,0.0,-0.015942021721658706
2025-04-03,5,0.03595749586820605,0.7394065233227276,0.6,0.4,0.0,1,2025-04-03,2025-04-03,2025-04-03,6.469387054443359,6.900000095367432,6.920000076293945,6.840000152587891,6.849999904632568,4538400,2025-04-03,6.469387054443359,0.0,-0.015942021721658706,-0.0441826895637315
2025-04-04,1,-0.7182201556861401,0.0,0.0,1.0,0.0,1,2025-04-04,2025-04-04,2025-04-04,6.3662519454956055,6.789999961853027,6.880000114440918,6.760000228881836,6.840000152587891,7496100,2025-04-04,6.3662519454956055,-0.015942021721658706,-0.0441826895637315,-0.001540774454269811
2025-04-07,3,-0.42053520244856674,0.6219502457758589,0.3333333333333333,0.6666666666666666,0.0,1,2025-04-07,2025-04-07,2025-04-07,6.0849738121032715,6.489999771118164,6.78000020980835,6.329999923706055,6.760000228881836,32116000,2025-04-07,6.0849738121032715,-0.0441826895637315,-0.001540774454269811,-0.03858021530197542
2025-04-08,1,0.48352278769016266,0.0,1.0,0.0,0.0,1,2025-04-08,2025-04-08,2025-04-08,6.075598239898682,6.480000019073486,6.519999980926514,6.429999828338623,6.489999771118164,15373300,2025-04-08,6.075598239898682,-0.001540774454269811,-0.03858021530197542,0.036918060863428526
2025-04-09,5,-0.37406822484917945,0.7963090867015398,0.2,0.8,0.0,1,2025-04-09,2025-04-09,2025-04-09,5.841200351715088,6.230000019073486,6.449999809265137,6.070000171661377,6.449999809265137,21192300,2025-04-09,5.841200351715088,-0.03858021530197542,0.036918060863428526,0.0030960169111835523
2025-04-10,2,0.5932980075012892,0.4197603006683909,1.0,0.0,0.0,1,2025-04-10,2025-04-10,2025-04-10,6.0568461418151855,6.460000038146973,6.559999942779541,6.420000076293945,6.519999980926514,11881000,2025-04-10,6.0568461418151855,0.036918060863428526,0.0030960169111835523,0.01697530101158784
2025-04-11,5,0.2971422153525055,0.7198793246649033,0.8,0.2,0.0,1,2025-04-11,2025-04-11,2025-04-11,6.075598239898682,6.480000019073486,6.489999771118164,6.340000152587891,6.420000076293945,13602500,2025-04-11,6.075598239898682,0.0030960169111835523,0.01697530101158784,0.00758727812397586
2025-04-14,1,0.0180549863725901,0.0,0.0,0.0,1.0,1,2025-04-14,2025-04-14,2025-04-14,6.1787333488464355,6.590000152587891,6.590000152587891,6.480000019073486,6.510000228881836,8035300,2025-04-14,6.1787333488464355,0.01697530101158784,0.00758727812397586,-0.01204820107632798
2025-04-15,9,0.15787835289827654,0.5813004445158487,0.6666666666666666,0.3333333333333333,0.0,1,2025-04-15,2025-04-15,2025-04-15,6.225613117218018,6.639999866485596,6.659999847412109,6.550000190734863,6.590000152587891,8655300,2025-04-15,6.225613117218018,0.00758727812397586,-0.01204820107632798,0.0
2025-04-16,6,0.28011226363014435,0.62281750964873,0.8333333333333334,0.16666666666666666,0.0,1,2025-04-16,2025-04-16,2025-04-16,6.15060567855835,6.559999942779541,6.690000057220459,6.489999771118164,6.650000095367432,5752500,2025-04-16,6.15060567855835,-0.01204820107632798,0.0,0.006097565230132718
2025-04-17,4,0.22821310581639412,0.7296106396400812,0.5,0.5,0.0,1,2025-04-17,2025-04-17,2025-04-17,6.15060567855835,6.559999942779541,6.590000152587891,6.5,6.5,2652000,2025-04-17,6.15060567855835,0.0,0.006097565230132718,-0.004545438433535942
2025-04-18,7,0.26596050682876793,0.568720629804471,0.7142857142857143,0.14285714285714285,0.14285714285714285,1,2025-04-18,2025-04-18,2025-04-18,6.188109397888184,6.599999904632568,6.610000133514404,6.550000190734863,6.550000190734863,2624800,2025-04-18,6.188109397888184,0.006097565230132718,-0.004545438433535942,-0.01065447797090946
2025-04-21,4,0.014165358617901858,0.5639519300118372,0.75,0.25,0.0,1,2025-04-21,2025-04-21,2025-04-21,6.159981727600098,6.570000171661377,6.619999885559082,6.550000190734863,6.599999904632568,1694200,2025-04-21,6.159981727600098,-0.004545438433535942,-0.01065447797090946,0.0
2025-04-22,5,0.019941854104399682,0.5441349307807264,0.2,0.6,0.2,1,2025-04-22,2025-04-22,2025-04-22,6.094350337982178,6.5,6.570000171661377,6.449999809265137,6.570000171661377,3519900,2025-04-22,6.094350337982178,-0.01065447797090946,0.0,0.006153772004038327
2025-04-23,3,-0.4208546156684558,0.6080537304005741,0.3333333333333333,0.6666666666666666,0.0,1,2025-04-23,2025-04-23,2025-04-23,6.094350337982178,6.5,6.559999942779541,6.460000038146973,6.559999942779541,6015300,2025-04-23,6.094350337982178,0.0,0.006153772004038327,-0.0030580673527572655
2025-04-24,7,-0.32219079456159044,0.7121168637286388,0.2857142857142857,0.7142857142857143,0.0,1,2025-04-24,2025-04-24,2025-04-24,6.1318535804748535,6.539999961853027,6.559999942779541,6.480000019073486,6.480000019073486,8109400,2025-04-24,6.1318535804748535,0.006153772004038327,-0.0030580673527572655,0.01840492089611745
2025-04-25,4,0.369157487526536,0.2895137101124157,1.0,0.0,0.0,1,2025-04-25,2025-04-25,2025-04-25,6.113101959228516,6.519999980926514,6.579999923706055,6.5,6.579999923706055,8087600,2025-04-25,6.113101959228516,-0.0030580673527572655,0.01840492089611745,-0.010542156793586277
2025-04-28,5,0.5988944138400256,0.2539477625211507,1.0,0.0,0.0,1,2025-04-28,2025-04-28,2025-04-28,6.225613117218018,6.639999866485596,6.639999866485596,6.53000020980835,6.539999961853027,7008600,2025-04-28,6.225613117218018,0.01840492089611745,-0.010542156793586277,0.012176490960425612
2025-04-29,4,0.47385720768943435,0.872934869841331,0.75,0.25,0.0,1,2025-04-29,2025-04-29,2025-04-29,6.159981727600098,6.570000171661377,6.659999847412109,6.570000171661377,6.650000095367432,4338000,2025-04-29,6.159981727600098,-0.010542156793586277,0.012176490960425612,-0.001503703161562231
2025-04-30,5,0.4258551511913538,0.689933534242448,0.6,0.4,0.0,1,2025-04-30,2025-04-30,2025-04-30,6.234988689422607,6.650000095367432,6.650000095367432,6.579999923706055,6.599999904632568,10088400,2025-04-30,6.234988689422607,0.012176490960425612,-0.001503703161562231,0.013554168766266805
2025-05-02,5,0.22454231977462769,0.7011333133251524,0.6,0.2,0.2,2,2025-05-01,2025-05-02,2025-05-02,6.225613117218018,6.639999866485596,6.679999828338623,6.610000133514404,6.679999828338623,3108400,2025-05-02,6.225613117218018,-0.001503703161562231,0.013554168766266805,-0.0074293693027465135
2025-05-05,3,0.20251422499616942,0.558208270635478,0.6666666666666666,0.0,0.3333333333333333,1,2025-05-05,2025-05-05,2025-05-05,6.309996128082275,6.730000019073486,6.730000019073486,6.619999885559082,6.630000114440918,3360600,2025-05-05,6.309996128082275,0.013554168766266805,-0.0074293693027465135,0.010479030062944705
2025-05-06,6,0.1126696001350259,0.7252923508674646,0.5,0.5,0.0,1,2025-05-06,2025-05-06,2025-05-06,6.263116836547852,6.679999828338623,6.730000019073486,6.619999885559082,6.730000019073486,3339900,2025-05-06,6.263116836547852,-0.0074293693027465135,0.010479030062944705,-0.011851860111855128
2025-05-07,7,0.19239599936242616,0.5863282906889263,0.7142857142857143,0.2857142857142857,0.0,1,2025-05-07,2025-05-07,2025-05-07,6.3287482261657715,6.75,6.769999980926514,6.690000057220459,6.699999809265137,9121400,2025-05-07,6.3287482261657715,0.010479030062944705,-0.011851860111855128,0.0
2025-05-08,8,-0.007743001449853161,0.5534050198473205,0.375,0.625,0.0,1,2025-05-08,2025-05-08,2025-05-08,6.2537407875061035,6.670000076293945,6.800000190734863,6.670000076293945,6.769999980926514,6628900,2025-05-08,6.2537407875061035,-0.011851860111855128,0.0,0.02248882866966917
2025-05-09,6,0.6855126224302998,0.2407178133756141,1.0,0.0,0.0,1,2025-05-09,2025-05-09,2025-05-09,6.2537407875061035,6.670000076293945,6.71999979019165,6.659999847412109,6.71999979019165,4246700,2025-05-09,6.2537407875061035,0.0,0.02248882866966917,-0.0058651809282141976
2025-05-13,5,0.5530063295736909,0.3448290853239329,1.0,0.0,0.0,1,2025-05-13,2025-05-13,2025-05-13,6.39438009262085,6.820000171661377,6.820000171661377,6.699999809265137,6.699999809265137,14279200,2025-05-13,6.39438009262085,0.02248882866966917,-0.0058651809282141976,-0.013274289484136448
2025-05-14,9,0.11245151873057087,0.5383503307184454,0.4444444444444444,0.4444444444444444,0.1111111111111111,1,2025-05-14,2025-05-14,2025-05-14,6.356875896453857,6.78000020980835,6.840000152587891,6.769999980926514,6.829999923706055,3973300,2025-05-14,6.356875896453857,-0.0058651809282141976,-0.013274289484136448,0.0014947122899300336
2025-05-15,7,-0.0714711608099086,0.7140280397503208,0.42857142857142855,0.42857142857142855,0.14285714285714285,1,2025-05-15,2025-05-15,2025-05-15,6.2724928855896,6.690000057220459,6.800000190734863,6.679999828338623,6.789999961853027,6738100,2025-05-15,6.2724928855896,-0.013274289484136448,0.0014947122899300336,-0.007462710925348337
2025-05-16,9,0.4092952426936891,0.6336954071654343,0.6666666666666666,0.3333333333333333,0.0,1,2025-05-16,2025-05-16,2025-05-16,6.2818684577941895,6.699999809265137,6.75,6.670000076293945,6.670000076293945,6632500,2025-05-16,6.2818684577941895,0.0014947122899300336,-0.007462710925348337,0.009022601357523863
2025-05-19,4,0.24170561647042632,0.48776300559343466,0.75,0.25,0.0,1,2025-05-19,2025-05-19,2025-05-19,6.234988689422607,6.650000095367432,6.71999979019165,6.639999866485596,6.699999809265137,4004500,2025-05-19,6.234988689422607,-0.007462710925348337,0.009022601357523863,0.0
2025-05-20,7,0.6065423137375286,0.37022410358118535,1.0,0.0,0.0,1,2025-05-20,2025-05-20,2025-05-20,6.2912445068359375,6.710000038146973,6.71999979019165,6.650000095367432,6.650000095367432,8351100,2025-05-20,6.2912445068359375,0.009022601357523863,0.0,0.0
2025-05-21,11,0.5484656769443642,0.5561703311093436,0.9090909090909091,0.09090909090909091,0.0,1,2025-05-21,2025-05-21,2025-05-21,6.2912445068359375,6.710000038146973,6.75,6.699999809265137,6.71999979019165,9047900,2025-05-21,6.2912445068359375,0.0,0.0,0.01192251208455919
2025-05-22,9,0.06774109182879329,0.8314065424499826,0.4444444444444444,0.5555555555555556,0.0,1,2025-05-22,2025-05-22,2025-05-22,6.2912445068359375,6.710000038146973,6.730000019073486,6.679999828338623,6.710000038146973,8673400,2025-05-22,6.2912445068359375,0.0,0.01192251208455919,0.013254814359196176
2025-05-23,9,0.05616548636721238,0.6888273404350186,0.4444444444444444,0.5555555555555556,0.0,1,2025-05-23,2025-05-23,2025-05-23,6.3662519454956055,6.789999961853027,6.789999961853027,6.71999979019165,6.739999771118164,4839400,2025-05-23,6.3662519454956055,0.01192251208455919,0.013254814359196176,-0.0043605234579663366
2025-05-26,9,0.20348955401115948,0.6788552546525414,0.5555555555555556,0.4444444444444444,0.0,2,2025-05-24,2025-05-26,2025-05-26,6.4506354331970215,6.880000114440918,6.929999828338623,6.78000020980835,6.820000171661377,5327000,2025-05-26,6.4506354331970215,0.013254814359196176,-0.0043605234579663366,-0.026277354162239863
2025-05-27,10,-0.22909121410921215,0.6177280086896645,0.3,0.7,0.0,1,2025-05-27,2025-05-27,2025-05-27,6.422507286071777,6.849999904632568,6.900000095367432,6.820000171661377,6.880000114440918,9908500,2025-05-27,6.422507286071777,-0.0043605234579663366,-0.026277354162239863,-0.022488752421360392
2025-05-28,10,0.18814087179489436,0.650060829799614,0.6,0.3,0.1,1,2025-05-28,2025-05-28,2025-05-28,6.2537407875061035,6.670000076293945,6.880000114440918,6.619999885559082,6.860000133514404,9963200,2025-05-28,6.2537407875061035,-0.026277354162239863,-0.022488752421360392,-0.013803710172709982
2025-05-29,14,-0.10741322688824899,0.7545463652949596,0.42857142857142855,0.5714285714285714,0.0,1,2025-05-29,2025-05-29,2025-05-29,6.113101959228516,6.519999980926514,6.690000057220459,6.5,6.679999828338623,15500600,2025-05-29,6.113101959228516,-0.022488752421360392,-0.013803710172709982,0.007776075229418922
2025-05-30,12,0.29290153555727255,0.6797472941044731,0.6666666666666666,0.3333333333333333,0.0,1,2025-05-30,2025-05-30,2025-05-30,6.0287184715271,6.429999828338623,6.570000171661377,6.429999828338623,6.53000020980835,32828300,2025-05-30,6.0287184715271,-0.013803710172709982,0.007776075229418922,-0.010802535629178212
2025-06-03,11,0.06538286093961111,0.7033497963621362,0.45454545454545453,0.5454545454545454,0.0,4,2025-05-31,2025-06-03,2025-06-03,6.075598239898682,6.480000019073486,6.539999961853027,6.449999809265137,6.449999809265137,9090300,2025-06-03,6.075598239898682,0.007776075229418922,-0.010802535629178212,-0.0015600041035200851
2025-06-04,6,0.1358321619530519,0.49421443646151686,0.6666666666666666,0.3333333333333333,0.0,1,2025-06-04,2025-06-04,2025-06-04,6.0099663734436035,6.409999847412109,6.539999961853027,6.360000133514404,6.539999961853027,12377200,2025-06-04,6.0099663734436035,-0.010802535629178212,-0.0015600041035200851,-0.007812525453644081
2025-06-05,8,0.0782639211975038,0.6241689164773905,0.625,0.25,0.125,1,2025-06-05,2025-06-05,2025-06-05,6.000590801239014,6.400000095367432,6.449999809265137,6.380000114440918,6.449999809265137,8388700,2025-06-05,6.000590801239014,-0.0015600041035200851,-0.007812525453644081,0.0015748243389690497
2025-06-06,9,0.2924250493136545,0.7163563609401286,0.6666666666666666,0.2222222222222222,0.1111111111111111,1,2025-06-06,2025-06-06,2025-06-06,5.953711032867432,6.349999904632568,6.409999847412109,6.349999904632568,6.400000095367432,5824400,2025-06-06,5.953711032867432,-0.007812525453644081,0.0015748243389690497,0.0031446963336132505
2025-06-09,6,0.0347758123340706,0.6105153936677769,0.6666666666666666,0.3333333333333333,0.0,1,2025-06-09,2025-06-09,2025-06-09,5.96308708190918,6.360000133514404,6.409999847412109,6.360000133514404,6.369999885559082,2677100,2025-06-09,5.96308708190918,0.0015748243389690497,0.0031446963336132505,0.0
2025-06-10,8,-0.10063285334035757,0.4632981549623728,0.375,0.5,0.125,1,2025-06-10,2025-06-10,2025-06-10,5.981839179992676,6.380000114440918,6.400000095367432,6.360000133514404,6.380000114440918,5473900,2025-06-10,5.981839179992676,0.0031446963336132505,0.0,0.001567419109679058
2025-06-11,5,0.6998258650302887,0.21148030360826936,1.0,0.0,0.0,1,2025-06-11,2025-06-11,2025-06-11,5.981839179992676,6.380000114440918,6.409999847412109,6.349999904632568,6.369999885559082,11334700,2025-06-11,5.981839179992676,0.0,0.001567419109679058,-0.004694898455480323
2025-06-12,9,0.033997712035973876,0.5154124506911357,0.5555555555555556,0.4444444444444444,0.0,1,2025-06-12,2025-06-12,2025-06-12,5.991215229034424,6.389999866485596,6.389999866485596,6.360000133514404,6.380000114440918,9988500,2025-06-12,5.991215229034424,0.001567419109679058,-0.004694898455480323,-0.006289232737595407
2025-06-13,7,0.3108281098372702,0.7199412138106325,0.5714285714285714,0.42857142857142855,0.0,1,2025-06-13,2025-06-13,2025-06-13,5.96308708190918,6.360000133514404,6.389999866485596,6.340000152587891,6.380000114440918,5609400,2025-06-13,5.96308708190918,-0.004694898455480323,-0.006289232737595407,-0.0047468988520823485
2025-06-16,8,-0.07672091515269133,0.47682813084071735,0.5,0.5,0.0,1,2025-06-16,2025-06-16,2025-06-16,5.925583839416504,6.320000171661377,6.360000133514404,6.28000020980835,6.340000152587891,7009100,2025-06-16,5.925583839416504,-0.006289232737595407,-0.0047468988520823485,0.0
2025-06-17,6,0.26457770727574825,0.36674152034192614,0.6666666666666666,0.3333333333333333,0.0,1,2025-06-17,2025-06-17,2025-06-17,5.89745569229126,6.289999961853027,6.329999923706055,6.25,6.320000171661377,7402200,2025-06-17,5.89745569229126,-0.0047468988520823485,0.0,-0.007949151433703894
2025-06-18,6,-0.011650791003679209,0.8178374214421393,0.3333333333333333,0.6666666666666666,0.0,1,2025-06-18,2025-06-18,2025-06-18,5.89745569229126,6.289999961853027,6.320000171661377,6.28000020980835,6.289999961853027,11784500,2025-06-18,5.89745569229126,0.0,-0.007949151433703894,0.009615432419795233
2025-06-19,8,0.017965711653232574,0.39998509212011,0.5,0.375,0.125,1,2025-06-19,2025-06-19,2025-06-19,5.850575923919678,6.239999771118164,6.300000190734863,6.239999771118164,6.300000190734863,4314600,2025-06-19,5.850575923919678,-0.007949151433703894,0.009615432419795233,0.0
2025-06-20,7,-0.15490143905792916,0.7440114176008477,0.42857142857142855,0.5714285714285714,0.0,1,2025-06-20,2025-06-20,2025-06-20,5.906831741333008,6.300000190734863,6.349999904632568,6.239999771118164,6.25,7881600,2025-06-20,5.906831741333008,0.009615432419795233,0.0,0.006349210705868247
2025-06-23,4,0.7308593564666809,0.34640734098136755,1.0,0.0,0.0,1,2025-06-23,2025-06-23,2025-06-23,5.906831741333008,6.300000190734863,6.340000152587891,6.239999771118164,6.28000020980835,6349800,2025-06-23,5.906831741333008,0.0,0.006349210705868247,-0.009463768958802521
2025-06-24,10,0.3374177145306021,0.5371430592794457,0.7,0.3,0.0,1,2025-06-24,2025-06-24,2025-06-24,5.944335460662842,6.340000152587891,6.360000133514404,6.300000190734863,6.309999942779541,7079400,2025-06-24,5.944335460662842,0.006349210705868247,-0.009463768958802521,0.004777134283075135
2025-06-25,10,0.2742516769561917,0.5006156766725037,0.6,0.3,0.1,1,2025-06-25,2025-06-25,2025-06-25,5.888079643249512,6.28000020980835,6.420000076293945,6.28000020980835,6.380000114440918,8055000,2025-06-25,5.888079643249512,-0.009463768958802521,0.004777134283075135,-0.0015848072572776095
2025-06-26,11,0.22905999947000633,0.6081963888381775,0.6363636363636364,0.36363636363636365,0.0,1,2025-06-26,2025-06-26,2025-06-26,5.916207790374756,6.309999942779541,6.320000171661377,6.289999961853027,6.300000190734863,8830900,2025-06-26,5.916207790374756,0.004777134283075135,-0.0015848072572776095,0.012698421411736494
2025-06-30,12,0.27319057293546695,0.6220214049750472,0.6666666666666666,0.3333333333333333,0.0,2,2025-06-27,2025-06-30,2025-06-30,5.906831741333008,6.300000190734863,6.349999904632568,6.28000020980835,6.329999923706055,6014000,2025-06-30,5.906831741333008,-0.0015848072572776095,0.012698421411736494,-0.006269596724577942
2025-07-01,5,0.023829070292413233,0.7645647442695841,0.4,0.6,0.0,1,2025-07-01,2025-07-01,2025-07-01,5.981839179992676,6.380000114440918,6.380000114440918,6.300000190734863,6.309999942779541,2543800,2025-07-01,5.981839179992676,0.012698421411736494,-0.006269596724577942,0.0047318443708674884
2025-07-02,6,-0.14642640824119252,0.49701738915701854,0.16666666666666666,0.6666666666666666,0.16666666666666666,1,2025-07-02,2025-07-02,2025-07-02,5.944335460662842,6.340000152587891,6.420000076293945,6.320000171661377,6.380000114440918,6683400,2025-07-02,5.944335460662842,-0.006269596724577942,0.0047318443708674884,0.007849319006866473
2025-07-03,7,0.26605254750964896,0.7015569700968682,0.7142857142857143,0.2857142857142857,0.0,1,2025-07-03,2025-07-03,2025-07-03,5.972463130950928,6.369999885559082,6.400000095367432,6.340000152587891,6.340000152587891,3640600,2025-07-03,5.972463130950928,0.0047318443708674884,0.007849319006866473,-0.00623053379033367
2025-07-04,3,-0.05420572186509768,0.8793347094659566,0.3333333333333333,0.6666666666666666,0.0,1,2025-07-04,2025-07-04,2025-07-04,6.01934289932251,6.420000076293945,6.420000076293945,6.380000114440918,6.380000114440918,2577300,2025-07-04,6.01934289932251,0.007849319006866473,-0.00623053379033367,-0.012539193449155883
2025-07-07,6,-0.03004103495428956,0.7572785520728201,0.5,0.5,0.0,1,2025-07-07,2025-07-07,2025-07-07,5.981839179992676,6.380000114440918,6.420000076293945,6.380000114440918,6.420000076293945,4842600,2025-07-07,5.981839179992676,-0.00623053379033367,-0.012539193449155883,0.001587322858062734
2025-07-08,3,0.14284318188826248,0.18840046680832193,0.6666666666666666,0.3333333333333333,0.0,1,2025-07-08,2025-07-08,2025-07-08,5.906831741333008,6.300000190734863,6.400000095367432,6.289999961853027,6.380000114440918,4914800,2025-07-08,5.906831741333008,-0.012539193449155883,0.001587322858062734,0.006339067832216827
2025-07-09,9,0.09506390533513491,0.6486504993670626,0.5555555555555556,0.4444444444444444,0.0,1,2025-07-09,2025-07-09,2025-07-09,5.916207790374756,6.309999942779541,6.340000152587891,6.28000020980835,6.309999942779541,5257500,2025-07-09,5.916207790374756,0.001587322858062734,0.006339067832216827,0.009448785852322006
2025-07-10,8,-0.12336586118908599,0.6932952286549592,0.25,0.75,0.0,1,2025-07-10,2025-07-10,2025-07-10,5.953711032867432,6.349999904632568,6.380000114440918,6.289999961853027,6.320000171661377,3328000,2025-07-10,5.953711032867432,0.006339067832216827,0.009448785852322006,-0.015600517081616472
2025-07-11,7,0.45778810725148233,0.3407936690319368,0.8571428571428571,0.14285714285714285,0.0,1,2025-07-11,2025-07-11,2025-07-11,6.0099663734436035,6.409999847412109,6.420000076293945,6.320000171661377,6.360000133514404,6745900,2025-07-11,6.0099663734436035,0.009448785852322006,-0.015600517081616472,-0.0015848072572776095
2025-07-14,5,-0.01353660654276605,0.7631552038961792,0.4,0.6,0.0,1,2025-07-14,2025-07-14,2025-07-14,5.916207790374756,6.309999942779541,6.409999847412109,6.309999942779541,6.389999866485596,6481200,2025-07-14,5.916207790374756,-0.015600517081616472,-0.0015848072572776095,-0.023809519965410364
2025-07-15,3,0.5508536684016386,0.35902624065459066,1.0,0.0,0.0,1,2025-07-15,2025-07-15,2025-07-15,5.906831741333008,6.300000190734863,6.360000133514404,6.300000190734863,6.309999942779541,4448600,2025-07-15,5.906831741333008,-0.0015848072572776095,-0.023809519965410364,0.004878031434640606
2025-07-16,4,0.3887849843595177,0.4278214345611927,1.0,0.0,0.0,1,2025-07-16,2025-07-16,2025-07-16,5.76619291305542,6.150000095367432,6.320000171661377,6.110000133514404,6.300000190734863,14669400,2025-07-16,5.76619291305542,-0.023809519965410364,0.004878031434640606,0.003236289365383227
2025-07-17,4,0.43277573864907026,0.48567224285146793,0.75,0.25,0.0,1,2025-07-17,2025-07-17,2025-07-17,5.794320583343506,6.179999828338623,6.25,6.150000095367432,6.150000095367432,7188000,2025-07-17,5.794320583343506,0.004878031434640606,0.003236289365383227,-0.00322584958268457
2025-07-18,8,0.4228299090173096,0.5009143181827617,0.625,0.25,0.125,1,2025-07-18,2025-07-18,2025-07-18,5.813072681427002,6.199999809265137,6.25,6.179999828338623,6.179999828338623,6453400,2025-07-18,5.813072681427002,0.003236289365383227,-0.00322584958268457,-0.006472496436880415
2025-07-21,5,0.016354519873857498,0.5798935406538209,0.4,0.6,0.0,1,2025-07-21,2025-07-21,2025-07-21,5.794320583343506,6.179999828338623,6.230000019073486,6.170000076293945,6.210000038146973,3145600,2025-07-21,5.794320583343506,-0.00322584958268457,-0.006472496436880415,0.01791530135211694
2025-07-22,8,0.2551437553483993,0.5116571367298361,0.875,0.125,0.0,1,2025-07-22,2025-07-22,2025-07-22,5.756816864013672,6.139999866485596,6.199999809265137,6.119999885559082,6.179999828338623,8059600,2025-07-22,5.756816864013672,-0.006472496436880415,0.01791530135211694,0.0
2025-07-23,7,0.3702163553929755,0.5512565872310957,0.8571428571428571,0.14285714285714285,0.0,1,2025-07-23,2025-07-23,2025-07-23,5.859951972961426,6.25,6.25,6.119999885559082,6.139999866485596,5705400,2025-07-23,5.859951972961426,0.01791530135211694,0.0,-0.00480006444677894
2025-07-24,7,0.2457431224840028,0.2789913389424816,0.8571428571428571,0.14285714285714285,0.0,1,2025-07-24,2025-07-24,2025-07-24,5.859951972961426,6.25,6.260000228881836,6.179999828338623,6.25,3473200,2025-07-24,5.859951972961426,0.0,-0.00480006444677894,0.009646350626043576
2025-07-25,9,0.14847486429951257,0.7539824945688871,0.5555555555555556,0.4444444444444444,0.0,1,2025-07-25,2025-07-25,2025-07-25,5.831823825836182,6.21999979019165,6.260000228881836,6.21999979019165,6.239999771118164,2807700,2025-07-25,5.831823825836182,-0.00480006444677894,0.009646350626043576,-0.011146484693556058
2025-07-28,3,0.11183880145351088,0.6580492897289543,0.3333333333333333,0.6666666666666666,0.0,1,2025-07-28,2025-07-28,2025-07-28,5.888079643249512,6.28000020980835,6.320000171661377,6.230000019073486,6.25,6685700,2025-07-28,5.888079643249512,0.009646350626043576,-0.011146484693556058,-0.0016102456898164919
2025-07-29,5,0.36076457900926473,0.3556619353439275,1.0,0.0,0.0,1,2025-07-29,2025-07-29,2025-07-29,5.822448253631592,6.210000038146973,6.309999942779541,6.210000038146973,6.28000020980835,4354900,2025-07-29,5.822448253631592,-0.011146484693556058,-0.0016102456898164919,-0.011290309482559047
2025-07-30,7,-0.025949223765305087,0.6290038541803562,0.2857142857142857,0.5714285714285714,0.14285714285714285,1,2025-07-30,2025-07-30,2025-07-30,5.813072681427002,6.199999809265137,6.230000019073486,6.170000076293945,6.210000038146973,5839700,2025-07-30,5.813072681427002,-0.0016102456898164919,-0.011290309482559047,0.009787893032738637
2025-07-31,7,0.4859061094799212,0.7350272795157591,0.7142857142857143,0.2857142857142857,0.0,1,2025-07-31,2025-07-31,2025-07-31,5.747441291809082,6.130000114440918,6.230000019073486,6.130000114440918,6.199999809265137,18300000,2025-07-31,5.747441291809082,-0.011290309482559047,0.009787893032738637,0.0
2025-08-01,7,0.610223204961845,0.524587855390836,0.8571428571428571,0.14285714285714285,0.0,1,2025-08-01,2025-08-01,2025-08-01,5.803696632385254,6.190000057220459,6.230000019073486,6.139999866485596,6.139999866485596,8720600,2025-08-01,5.803696632385254,0.009787893032738637,0.0,0.0016155305205700632
2025-08-04,8,0.4241979523503687,0.6564595319437573,0.75,0.25,0.0,2,2025-08-02,2025-08-04,2025-08-04,5.803696632385254,6.190000057220459,6.230000019073486,6.170000076293945,6.190000057220459,7363400,2025-08-04,5.803696632385254,0.0,0.0016155305205700632,0.009677466719635097
2025-08-05,4,0.40494850371032953,0.531515524023452,0.75,0.25,0.0,1,2025-08-05,2025-08-05,2025-08-05,5.813072681427002,6.199999809265137,6.25,6.170000076293945,6.199999809265137,10261500,2025-08-05,5.813072681427002,0.0016155305205700632,0.009677466719635097,0.0
2025-08-06,6,0.13744594653447464,0.5046883052480243,0.6666666666666666,0.3333333333333333,0.0,1,2025-08-06,2025-08-06,2025-08-06,5.869328498840332,6.260000228881836,6.28000020980835,6.199999809265137,6.199999809265137,12993400,2025-08-06,5.869328498840332,0.009677466719635097,0.0,0.012779479260247584
2025-08-07,7,0.4659798395088209,0.6596908707159298,0.7142857142857143,0.2857142857142857,0.0,1,2025-08-07,2025-08-07,2025-08-07,5.869328498840332,6.260000228881836,6.28000020980835,6.25,6.260000228881836,5081300,2025-08-07,5.869328498840332,0.0,0.012779479260247584,0.009463688741735199
2025-08-08,7,0.4169719124079815,0.6589553951772463,0.8571428571428571,0.14285714285714285,0.0,1,2025-08-08,2025-08-08,2025-08-08,5.944335460662842,6.340000152587891,6.340000152587891,6.260000228881836,6.260000228881836,5190000,2025-08-08,5.944335460662842,0.012779479260247584,0.009463688741735199,-0.004687483486172428
2025-08-11,6,0.3080571024135377,0.6192469079845523,0.5,0.3333333333333333,0.16666666666666666,1,2025-08-11,2025-08-11,2025-08-11,6.000590801239014,6.400000095367432,6.420000076293945,6.340000152587891,6.340000152587891,6052500,2025-08-11,6.000590801239014,0.009463688741735199,-0.004687483486172428,0.015698558174452426
2025-08-12,5,0.15614827089011668,0.6001774623746263,0.6,0.4,0.0,1,2025-08-12,2025-08-12,2025-08-12,5.972463130950928,6.369999885559082,6.429999828338623,6.360000133514404,6.400000095367432,3091000,2025-08-12,5.972463130950928,-0.004687483486172428,0.015698558174452426,-0.0077279219355137485
2025-08-13,7,0.06135714799165729,0.5083999994927355,0.5714285714285714,0.2857142857142857,0.14285714285714285,1,2025-08-13,2025-08-13,2025-08-13,6.066222190856934,6.46999979019165,6.480000019073486,6.369999885559082,6.369999885559082,10392600,2025-08-13,6.066222190856934,0.015698558174452426,-0.0077279219355137485,0.0015575740344755395
2025-08-14,8,0.5920293165545445,0.4936756276087452,0.875,0.125,0.0,1,2025-08-14,2025-08-14,2025-08-14,6.01934289932251,6.420000076293945,6.550000190734863,6.400000095367432,6.480000019073486,5087600,2025-08-14,6.01934289932251,-0.0077279219355137485,0.0015575740344755395,0.0
2025-08-15,7,0.2069201857250716,0.7894862930758326,0.7142857142857143,0.2857142857142857,0.0,1,2025-08-15,2025-08-15,2025-08-15,6.0287184715271,6.429999828338623,6.46999979019165,6.400000095367432,6.449999809265137,5307200,2025-08-15,6.0287184715271,0.0015575740344755395,0.0,0.006220844364678735
2025-08-18,9,0.3741624717497164,0.4163363645206703,0.7777777777777778,0.1111111111111111,0.1111111111111111,1,2025-08-18,2025-08-18,2025-08-18,6.0287184715271,6.429999828338623,6.460000038146973,6.400000095367432,6.429999828338623,9686100,2025-08-18,6.0287184715271,0.0,0.006220844364678735,0.0015456158292190825
2025-08-19,5,0.08678709212690591,0.5435521232976201,0.4,0.6,0.0,1,2025-08-19,2025-08-19,2025-08-19,6.066222190856934,6.46999979019165,6.489999771118164,6.429999828338623,6.440000057220459,8408700,2025-08-19,6.066222190856934,0.006220844364678735,0.0015456158292190825,0.0030864611751892923
2025-08-20,9,0.37400145906334126,0.8055755766125624,0.7777777777777778,0.2222222222222222,0.0,1,2025-08-20,2025-08-20,2025-08-20,6.075598239898682,6.480000019073486,6.489999771118164,6.449999809265137,6.46999979019165,6121400,2025-08-20,6.075598239898682,0.0015456158292190825,0.0030864611751892923,0.006153772004038327
2025-08-21,6,0.16839747530563423,0.6551071137018974,0.5,0.5,0.0,1,2025-08-21,2025-08-21,2025-08-21,6.094350337982178,6.5,6.519999980926514,6.480000019073486,6.489999771118164,6073600,2025-08-21,6.094350337982178,0.0030864611751892923,0.006153772004038327,0.0030581451167077667
2025-08-22,9,0.2100023690145463,0.7127759898352849,0.5555555555555556,0.4444444444444444,0.0,1,2025-08-22,2025-08-22,2025-08-22,6.1318535804748535,6.539999961853027,6.570000171661377,6.5,6.5,3787500,2025-08-22,6.1318535804748535,0.006153772004038327,0.0030581451167077667,-0.013719541149514014
2025-08-25,6,0.1390438632418712,0.30924556316404883,0.5,0.3333333333333333,0.16666666666666666,1,2025-08-25,2025-08-25,2025-08-25,6.15060567855835,6.559999942779541,6.590000152587891,6.539999961853027,6.559999942779541,6463600,2025-08-25,6.15060567855835,0.0030581451167077667,-0.013719541149514014,0.003091153053147444
2025-08-26,5,0.1492706596851349,0.4163684846699304,0.4,0.6,0.0,1,2025-08-26,2025-08-26,2025-08-26,6.066222190856934,6.46999979019165,6.570000171661377,6.46999979019165,6.559999942779541,11004600,2025-08-26,6.066222190856934,-0.013719541149514014,0.003091153053147444,0.004622558451984782
2025-08-27,5,0.11225112900137901,0.5470275526436769,0.4,0.4,0.2,1,2025-08-27,2025-08-27,2025-08-27,6.0849738121032715,6.489999771118164,6.519999980926514,6.449999809265137,6.489999771118164,1601000,2025-08-27,6.0849738121032715,0.003091153053147444,0.004622558451984782,0.003067447814775859
2025-08-28,10,-0.03208116912283006,0.8266016096701325,0.4,0.6,0.0,1,2025-08-28,2025-08-28,2025-08-28,6.113101959228516,6.519999980926514,6.559999942779541,6.5,6.5,7468100,2025-08-28,6.113101959228516,0.004622558451984782,0.003067447814775859,0.009174357586172688
2025-08-29,9,0.23394582081689602,0.7820187306252528,0.5555555555555556,0.4444444444444444,0.0,1,2025-08-29,2025-08-29,2025-08-29,6.1318535804748535,6.539999961853027,6.550000190734863,6.489999771118164,6.53000020980835,9549500,2025-08-29,6.1318535804748535,0.003067447814775859,0.009174357586172688,0.0
2025-09-02,6,0.2209533747906486,0.6877876448088203,0.6666666666666666,0.3333333333333333,0.0,1,2025-09-02,2025-09-02,2025-09-02,6.188109397888184,6.599999904632568,6.639999866485596,6.550000190734863,6.550000190734863,4654500,2025-09-02,6.188109397888184,0.009174357586172688,0.0,-0.015151487130787178
2025-09-03,3,0.19802149633566538,0.5828944580194901,0.6666666666666666,0.3333333333333333,0.0,1,2025-09-03,2025-09-03,2025-09-03,6.188109397888184,6.599999904632568,6.639999866485596,6.559999942779541,6.599999904632568,5061300,2025-09-03,6.188109397888184,0.0,-0.015151487130787178,0.012307700493060736
2025-09-04,6,0.10613876123291753,0.2914377311822634,0.5,0.3333333333333333,0.16666666666666666,1,2025-09-04,2025-09-04,2025-09-04,6.094350337982178,6.5,6.599999904632568,6.46999979019165,6.599999904632568,13123200,2025-09-04,6.094350337982178,-0.015151487130787178,0.012307700493060736,0.01063820824742101
2025-09-08,9,0.2178459922886557,0.5832892284137842,0.5555555555555556,0.3333333333333333,0.1111111111111111,3,2025-09-05,2025-09-08,2025-09-08,6.169357776641846,6.579999923706055,6.590000152587891,6.5,6.539999961853027,3750100,2025-09-08,6.169357776641846,0.012307700493060736,0.01063820824742101,-0.006014965601509159
2025-09-09,5,0.315385143365711,0.3865150662988678,0.6,0.2,0.2,1,2025-09-09,2025-09-09,2025-09-09,6.234988689422607,6.650000095367432,6.650000095367432,6.579999923706055,6.590000152587891,7451600,2025-09-09,6.234988689422607,0.01063820824742101,-0.006014965601509159,-0.0015128795576910825
2025-09-10,2,0.3073601946234703,0.3402678083221091,1.0,0.0,0.0,1,2025-09-10,2025-09-10,2025-09-10,6.197485446929932,6.610000133514404,6.650000095367432,6.590000152587891,6.650000095367432,7256200,2025-09-10,6.197485446929932,-0.006014965601509159,-0.0015128795576910825,0.015503868800899046
2025-09-11,4,-0.30550945177674294,0.4254672395207816,0.25,0.75,0.0,1,2025-09-11,2025-09-11,2025-09-11,6.188109397888184,6.599999904632568,6.630000114440918,6.590000152587891,6.610000133514404,8793400,2025-09-11,6.188109397888184,-0.0015128795576910825,0.015503868800899046,0.0
2025-09-12,12,0.6632115799778452,0.5246876688998378,0.9166666666666666,0.08333333333333333,0.0,1,2025-09-12,2025-09-12,2025-09-12,6.284049034118652,6.550000190734863,6.550000190734863,6.429999828338623,6.5,7147500,2025-09-12,6.284049034118652,0.015503868800899046,0.0,-0.007633584310814068
2025-09-17,4,0.15342248603701591,0.7451993697255815,0.5,0.5,0.0,1,2025-09-17,2025-09-17,2025-09-17,6.284049034118652,6.550000190734863,6.590000152587891,6.5,6.539999961853027,4528800,2025-09-17,6.284049034118652,0.0,-0.007633584310814068,0.0015384608326376448
2025-09-18,6,-0.40309344573567313,0.6448919953252091,0.3333333333333333,0.6666666666666666,0.0,1,2025-09-18,2025-09-18,2025-09-18,6.236079216003418,6.5,6.559999942779541,6.489999771118164,6.550000190734863,4664300,2025-09-18,6.236079216003418,-0.007633584310814068,0.0015384608326376448,0.006144390426538804
2025-09-19,7,0.09931134006806783,0.7060469014251208,0.5714285714285714,0.42857142857142855,0.0,1,2025-09-19,2025-09-19,2025-09-19,6.245673179626465,6.510000228881836,6.550000190734863,6.46999979019165,6.53000020980835,9901600,2025-09-19,6.245673179626465,0.0015384608326376448,0.006144390426538804,0.0030534337243255383
2025-09-22,4,0.5363216124242172,0.444879828335783,0.75,0.25,0.0,1,2025-09-22,2025-09-22,2025-09-22,6.284049034118652,6.550000190734863,6.570000171661377,6.5,6.510000228881836,4238000,2025-09-22,6.284049034118652,0.006144390426538804,0.0030534337243255383,-0.004566207973071168
2025-09-23,5,0.2849766341969371,0.5550712450828668,0.6,0.4,0.0,1,2025-09-23,2025-09-23,2025-09-23,6.303236961364746,6.570000171661377,6.579999923706055,6.550000190734863,6.550000190734863,3779900,2025-09-23,6.303236961364746,0.0030534337243255383,-0.004566207973071168,-0.004587153871653649
2025-09-24,4,0.13220998266479,0.8182052053990244,0.75,0.25,0.0,1,2025-09-24,2025-09-24,2025-09-24,6.2744550704956055,6.539999961853027,6.579999923706055,6.53000020980835,6.570000171661377,5878900,2025-09-24,6.2744550704956055,-0.004566207973071168,-0.004587153871653649,0.009216585639808317
2025-09-25,3,0.14949644628601774,0.8499918770663328,0.6666666666666666,0.3333333333333333,0.0,1,2025-09-25,2025-09-25,2025-09-25,6.245673179626465,6.510000228881836,6.539999961853027,6.5,6.539999961853027,3784700,2025-09-25,6.245673179626465,-0.004587153871653649,0.009216585639808317,0.009132415946142336
2025-09-26,8,0.4074282086221501,0.43741905318812385,0.75,0.25,0.0,1,2025-09-26,2025-09-26,2025-09-26,6.303236961364746,6.570000171661377,6.570000171661377,6.5,6.510000228881836,14466800,2025-09-26,6.303236961364746,0.009216585639808317,0.009132415946142336,-0.00452488484258029
2025-09-29,6,-0.026094392097244654,0.39311576963754824,0.3333333333333333,0.5,0.16666666666666666,2,2025-09-27,2025-09-29,2025-09-29,6.360800743103027,6.630000114440918,6.630000114440918,6.559999942779541,6.570000171661377,5080400,2025-09-29,6.360800743103027,0.009132415946142336,-0.00452488484258029,0.009090904983324988
2025-09-30,4,0.15660085156559947,0.5561502830862117,0.5,0.5,0.0,1,2025-09-30,2025-09-30,2025-09-30,6.332018852233887,6.599999904632568,6.639999866485596,6.599999904632568,6.630000114440918,9851700,2025-09-30,6.332018852233887,-0.00452488484258029,0.009090904983324988,0.021021011608571616
2025-10-01,13,0.3807864357144214,0.6195229753676644,0.6923076923076923,0.15384615384615385,0.15384615384615385,1,2025-10-01,2025-10-01,2025-10-01,6.389582633972168,6.659999847412109,6.679999828338623,6.599999904632568,6.599999904632568,5001400,2025-10-01,6.389582633972168,0.009090904983324988,0.021021011608571616,0.0
2025-10-02,12,0.4563913209325013,0.520037162286511,0.75,0.16666666666666666,0.08333333333333333,1,2025-10-02,2025-10-02,2025-10-02,6.523898124694824,6.800000190734863,6.820000171661377,6.650000095367432,6.659999847412109,8668200,2025-10-02,6.523898124694824,0.021021011608571616,0.0,0.004411762771124872
2025-10-03,4,0.12952509918250144,0.5756290467273484,0.5,0.25,0.25,1,2025-10-03,2025-10-03,2025-10-03,6.523898124694824,6.800000190734863,6.829999923706055,6.769999980926514,6.800000190734863,3756000,2025-10-03,6.523898124694824,0.0,0.004411762771124872,-0.005856512816288406
2025-10-06,13,0.5067127477735854,0.6254206152829352,0.7692307692307693,0.23076923076923078,0.0,1,2025-10-06,2025-10-06,2025-10-06,6.552680015563965,6.829999923706055,6.849999904632568,6.78000020980835,6.800000190734863,3290400,2025-10-06,6.552680015563965,0.004411762771124872,-0.005856512816288406,-0.0014727534032534795
2025-10-07,1,0.0015508830547332764,0.0,1.0,0.0,0.0,1,2025-10-07,2025-10-07,2025-10-07,6.514304161071777,6.789999961853027,6.829999923706055,6.769999980926514,6.829999923706055,11407100,2025-10-07,6.514304161071777,-0.005856512816288406,-0.0014727534032534795,-0.0014749256049577664
2025-10-08,6,0.1534570946047704,0.6913695141904334,0.6666666666666666,0.3333333333333333,0.0,1,2025-10-08,2025-10-08,2025-10-08,6.5047101974487305,6.78000020980835,6.800000190734863,6.75,6.789999961853027,5077000,2025-10-08,6.5047101974487305,-0.0014727534032534795,-0.0014749256049577664,-0.0059084168951945015
2025-10-09,6,0.6694193857256323,0.28049202391767336,1.0,0.0,0.0,1,2025-10-09,2025-10-09,2025-10-09,6.495116233825684,6.769999980926514,6.800000190734863,6.760000228881836,6.78000020980835,6686500,2025-10-09,6.495116233825684,-0.0014749256049577664,-0.0059084168951945015,-0.002971766885270788
2025-10-10,4,0.3109008191386238,0.5658658999267508,0.75,0.25,0.0,1,2025-10-10,2025-10-10,2025-10-10,6.456740379333496,6.730000019073486,6.789999961853027,6.730000019073486,6.769999980926514,7447000,2025-10-10,6.456740379333496,-0.0059084168951945015,-0.002971766885270788,0.004470862838973799
2025-10-13,5,0.12430383451282978,0.759007983961876,0.4,0.6,0.0,1,2025-10-13,2025-10-13,2025-10-13,6.437552452087402,6.710000038146973,6.71999979019165,6.630000114440918,6.650000095367432,6554300,2025-10-13,6.437552452087402,-0.002971766885270788,0.004470862838973799,0.0
2025-10-14,5,0.3680365804582834,0.7232989045485761,0.8,0.2,0.0,1,2025-10-14,2025-10-14,2025-10-14,6.466333866119385,6.739999771118164,6.75,6.710000038146973,6.710000038146973,6693400,2025-10-14,6.466333866119385,0.004470862838973799,0.0,0.0014837527196787104
2025-10-15,5,0.14354133522138,0.735762166241688,0.4,0.6,0.0,1,2025-10-15,2025-10-15,2025-10-15,6.466333866119385,6.739999771118164,6.78000020980835,6.710000038146973,6.739999771118164,10849000,2025-10-15,6.466333866119385,0.0,0.0014837527196787104,-0.002962961653945273
2025-10-16,5,0.6207142957486214,0.43900256061477533,0.8,0.2,0.0,1,2025-10-16,2025-10-16,2025-10-16,6.47592830657959,6.75,6.78000020980835,6.730000019073486,6.739999771118164,3251700,2025-10-16,6.47592830657959,0.0014837527196787104,-0.002962961653945273,-0.004457724178971834
2025-10-17,8,0.23420327942585573,0.6706986370051844,0.625,0.375,0.0,1,2025-10-17,2025-10-17,2025-10-17,6.456740379333496,6.730000019073486,6.789999961853027,6.71999979019165,6.75,6016000,2025-10-17,6.456740379333496,-0.002962961653945273,-0.004457724178971834,-0.004477536097765578
2025-10-21,7,0.30015458199860795,0.6771868362701239,0.5714285714285714,0.2857142857142857,0.14285714285714285,2,2025-10-20,2025-10-21,2025-10-21,6.427958011627197,6.699999809265137,6.78000020980835,6.690000057220459,6.75,4533900,2025-10-21,6.427958011627197,-0.004457724178971834,-0.004477536097765578,0.013493247340582881
2025-10-22,11,0.34294774798168376,0.5336357201802487,0.6363636363636364,0.2727272727272727,0.09090909090909091,1,2025-10-22,2025-10-22,2025-10-22,6.399176597595215,6.670000076293945,6.78000020980835,6.659999847412109,6.75,5412600,2025-10-22,6.399176597595215,-0.004477536097765578,0.013493247340582881,-0.002958652099833481
2025-10-23,11,0.5350255848501216,0.41845760394597253,0.9090909090909091,0.09090909090909091,0.0,1,2025-10-23,2025-10-23,2025-10-23,6.485522270202637,6.760000228881836,6.78000020980835,6.670000076293945,6.690000057220459,5171700,2025-10-23,6.485522270202637,0.013493247340582881,-0.002958652099833481,0.004451110676036318
2025-10-24,5,0.12348413169384005,0.6695035365474131,0.6,0.4,0.0,1,2025-10-24,2025-10-24,2025-10-24,6.466333866119385,6.739999771118164,6.789999961853027,6.739999771118164,6.78000020980835,2486300,2025-10-24,6.466333866119385,-0.002958652099833481,0.004451110676036318,0.0014771042237986531
2025-10-27,3,0.7220866251736879,0.41825328082134683,1.0,0.0,0.0,1,2025-10-27,2025-10-27,2025-10-27,6.495116233825684,6.769999980926514,6.820000171661377,6.75,6.78000020980835,10492600,2025-10-27,6.495116233825684,0.004451110676036318,0.0014771042237986531,0.0014749256049577664
2025-10-28,5,0.2197780892252922,0.7444771963905403,0.6,0.4,0.0,1,2025-10-28,2025-10-28,2025-10-28,6.5047101974487305,6.78000020980835,6.820000171661377,6.769999980926514,6.769999980926514,8474200,2025-10-28,6.5047101974487305,0.0014771042237986531,0.0014749256049577664,0.004418260209760438
2025-10-29,2,0.5201254989951849,0.6289486406126912,1.0,0.0,0.0,1,2025-10-29,2025-10-29,2025-10-29,6.514304161071777,6.789999961853027,6.820000171661377,6.769999980926514,6.789999961853027,6447900,2025-10-29,6.514304161071777,0.0014749256049577664,0.004418260209760438,-0.00733137509340942
2025-10-30,5,-0.30980041697621347,0.42438921738235513,0.2,0.8,0.0,1,2025-10-30,2025-10-30,2025-10-30,6.543086051940918,6.820000171661377,6.820000171661377,6.769999980926514,6.789999961853027,13207700,2025-10-30,6.543086051940918,0.004418260209760438,-0.00733137509340942,0.01033972956659035
2025-10-31,8,0.38682324084220454,0.6917186755288471,0.625,0.375,0.0,1,2025-10-31,2025-10-31,2025-10-31,6.495116233825684,6.769999980926514,6.820000171661377,6.769999980926514,6.820000171661377,5369700,2025-10-31,6.495116233825684,-0.00733137509340942,0.01033972956659035,0.011695901333562464
2025-11-03,5,0.23037691237404942,0.6470600429558004,0.8,0.2,0.0,1,2025-11-03,2025-11-03,2025-11-03,6.562273979187012,6.840000152587891,6.840000152587891,6.760000228881836,6.769999980926514,7982100,2025-11-03,6.562273979187012,0.01033972956659035,0.011695901333562464,-0.0072254304122819635
2025-11-04,4,0.7683574164984748,0.13491436509827692,1.0,0.0,0.0,1,2025-11-04,2025-11-04,2025-11-04,6.639025688171387,6.920000076293945,7.019999980926514,6.840000152587891,6.840000152587891,9096400,2025-11-04,6.639025688171387,0.011695901333562464,-0.0072254304122819635,-0.00727801721923893
2025-11-05,5,0.26437101224437365,0.7923356433422447,0.6,0.4,0.0,1,2025-11-05,2025-11-05,2025-11-05,6.591055870056152,6.869999885559082,6.949999809265137,6.840000152587891,6.920000076293945,3555300,2025-11-05,6.591055870056152,-0.0072254304122819635,-0.00727801721923893,-0.00733137509340942
2025-11-06,6,0.7440975186570237,0.25970864838749286,1.0,0.0,0.0,1,2025-11-06,2025-11-06,2025-11-06,6.543086051940918,6.820000171661377,6.900000095367432,6.820000171661377,6.900000095367432,3987700,2025-11-06,6.543086051940918,-0.00727801721923893,-0.00733137509340942,0.014771042237986087
2025-11-07,6,0.6013881534648439,0.467690787115792,0.8333333333333334,0.16666666666666666,0.0,1,2025-11-07,2025-11-07,2025-11-07,6.495116233825684,6.769999980926514,6.849999904632568,6.760000228881836,6.820000171661377,6189700,2025-11-07,6.495116233825684,-0.00733137509340942,0.014771042237986087,-0.008733620663086694
2025-11-10,4,-0.5990678197704256,0.35682810568734746,0.0,0.75,0.25,1,2025-11-10,2025-11-10,2025-11-10,6.591055870056152,6.869999885559082,6.880000114440918,6.78000020980835,6.78000020980835,3113200,2025-11-10,6.591055870056152,0.014771042237986087,-0.008733620663086694,0.011747425105421039
2025-11-11,5,0.5221374190412462,0.41197351282559547,0.8,0.2,0.0,1,2025-11-11,2025-11-11,2025-11-11,6.533492088317871,6.809999942779541,6.909999847412109,6.809999942779541,6.869999885559082,2855200,2025-11-11,6.533492088317871,-0.008733620663086694,0.011747425105421039,0.0014513781816885007
2025-11-12,5,0.6743368943221867,0.22902532198388442,1.0,0.0,0.0,1,2025-11-12,2025-11-12,2025-11-12,6.610243797302246,6.889999866485596,6.96999979019165,6.820000171661377,6.820000171661377,10751200,2025-11-12,6.610243797302246,0.011747425105421039,0.0014513781816885007,-0.002898549471915146
2025-11-13,6,0.6797960444431131,0.27927948945604514,1.0,0.0,0.0,1,2025-11-13,2025-11-13,2025-11-13,6.619837760925293,6.900000095367432,6.929999828338623,6.880000114440918,6.909999847412109,5813600,2025-11-13,6.619837760925293,0.0014513781816885007,-0.002898549471915146,0.005813950968339254
2025-11-14,6,0.3865965909790248,0.6620387934855858,0.8333333333333334,0.16666666666666666,0.0,1,2025-11-14,2025-11-14,2025-11-14,6.600649833679199,6.880000114440918,6.900000095367432,6.849999904632568,6.889999866485596,4446600,2025-11-14,6.600649833679199,-0.002898549471915146,0.005813950968339254,-0.004335258247369134
2025-11-17,5,0.06333534121513366,0.5344073797306262,0.4,0.6,0.0,1,2025-11-17,2025-11-17,2025-11-17,6.639025688171387,6.920000076293945,6.940000057220459,6.880000114440918,6.880000114440918,5861500,2025-11-17,6.639025688171387,0.005813950968339254,-0.004335258247369134,0.0
2025-11-18,6,0.4274978561637302,0.636094896992591,0.5,0.16666666666666666,0.3333333333333333,1,2025-11-18,2025-11-18,2025-11-18,6.610243797302246,6.889999866485596,6.949999809265137,6.869999885559082,6.920000076293945,2662900,2025-11-18,6.610243797302246,-0.004335258247369134,0.0,0.0029027563633772235
2025-11-19,6,0.5807888589333744,0.7467147370888182,0.8333333333333334,0.16666666666666666,0.0,1,2025-11-19,2025-11-19,2025-11-19,6.610243797302246,6.889999866485596,6.929999828338623,6.880000114440918,6.929999828338623,3756900,2025-11-19,6.610243797302246,0.0,0.0029027563633772235,0.001447177378344655
2025-11-20,3,0.08860915402571364,0.6333442092699394,0.6666666666666666,0.3333333333333333,0.0,1,2025-11-20,2025-11-20,2025-11-20,6.62943172454834,6.909999847412109,6.949999809265137,6.889999866485596,6.889999866485596,3949300,2025-11-20,6.62943172454834,0.0029027563633772235,0.001447177378344655,0.0072254304122818525
2025-11-21,5,0.021657600393518772,0.5927620526230591,0.4,0.6,0.0,1,2025-11-21,2025-11-21,2025-11-21,6.639025688171387,6.920000076293945,6.920000076293945,6.889999866485596,6.909999847412109,5418800,2025-11-21,6.639025688171387,0.001447177378344655,0.0072254304122818525,-0.002869439231423798
2025-11-24,5,0.495392591226846,0.6825489240230522,0.8,0.2,0.0,1,2025-11-24,2025-11-24,2025-11-24,6.686995506286621,6.96999979019165,6.96999979019165,6.889999866485596,6.900000095367432,5622400,2025-11-24,6.686995506286621,0.0072254304122818525,-0.002869439231423798,0.0057553932139280395
2025-11-25,8,0.6928596660727635,0.2917811724914822,1.0,0.0,0.0,1,2025-11-25,2025-11-25,2025-11-25,6.667807579040527,6.949999809265137,6.980000019073486,6.909999847412109,6.960000038146973,2621300,2025-11-25,6.667807579040527,-0.002869439231423798,0.0057553932139280395,0.0
2025-11-26,6,0.6340872881313165,0.2816687285607121,1.0,0.0,0.0,1,2025-11-26,2025-11-26,2025-11-26,6.706183433532715,6.989999771118164,7.0,6.949999809265137,6.96999979019165,4815100,2025-11-26,6.706183433532715,0.0057553932139280395,0.0,-0.005722458216740334
2025-11-27,9,0.582625987008214,0.4128264095259321,0.8888888888888888,0.0,0.1111111111111111,1,2025-11-27,2025-11-27,2025-11-27,6.706183433532715,6.989999771118164,7.0,6.980000019073486,7.0,3418600,2025-11-27,6.706183433532715,0.0,-0.005722458216740334,0.012949634731338033
2025-11-28,7,0.5306085641163268,0.3652068587885831,0.8571428571428571,0.0,0.14285714285714285,1,2025-11-28,2025-11-28,2025-11-28,6.667807579040527,6.949999809265137,7.0,6.929999828338623,6.989999771118164,4541500,2025-11-28,6.667807579040527,-0.005722458216740334,0.012949634731338033,0.029829532818910653
2025-12-01,7,0.3995521431788802,0.45708615605065006,0.5714285714285714,0.14285714285714285,0.2857142857142857,2,2025-11-29,2025-12-01,2025-12-01,6.754153251647949,7.039999961853027,7.110000133514404,6.949999809265137,6.949999809265137,9549900,2025-12-01,6.754153251647949,0.012949634731338033,0.029829532818910653,0.0013793783316466968
2025-12-02,4,0.7517027818830685,0.18097029664072684,1.0,0.0,0.0,1,2025-12-02,2025-12-02,2025-12-02,6.955626487731934,7.25,7.25,7.059999942779541,7.059999942779541,9027500,2025-12-02,6.955626487731934,0.029829532818910653,0.0013793783316466968,0.002754819616479054
2025-12-03,2,0.35531548224389564,0.734922824022453,0.5,0.5,0.0,1,2025-12-03,2025-12-03,2025-12-03,6.965220928192139,7.260000228881836,7.289999961853027,7.199999809265137,7.239999771118164,3339500,2025-12-03,6.965220928192139,0.0013793783316466968,0.002754819616479054,0.004120808879848559
2025-12-04,6,0.30315964672869694,0.6932757498088099,0.6666666666666666,0.16666666666666666,0.16666666666666666,1,2025-12-04,2025-12-04,2025-12-04,6.984408855438232,7.28000020980835,7.340000152587891,7.260000228881836,7.260000228881836,12998400,2025-12-04,6.984408855438232,0.002754819616479054,0.004120808879848559,-0.008207930988107903
2025-12-05,3,0.48286206213136523,0.4274814712616726,1.0,0.0,0.0,1,2025-12-05,2025-12-05,2025-12-05,7.013190269470215,7.309999942779541,7.309999942779541,7.239999771118164,7.28000020980835,5176600,2025-12-05,7.013190269470215,0.004120808879848559,-0.008207930988107903,0.020689715216405613
2025-12-08,4,0.006259175017476082,0.6703454161425995,0.5,0.5,0.0,1,2025-12-08,2025-12-08,2025-12-08,6.955626487731934,7.25,7.309999942779541,7.21999979019165,7.309999942779541,2898700,2025-12-08,6.955626487731934,-0.008207930988107903,0.020689715216405613,-0.006756820744603598
2025-12-09,5,0.4470772325992585,0.41460876444334915,0.8,0.2,0.0,1,2025-12-09,2025-12-09,2025-12-09,7.099536418914795,7.400000095367432,7.400000095367432,7.230000019073486,7.25,6238700,2025-12-09,7.099536418914795,0.020689715216405613,-0.006756820744603598,0.019047611319452873
2025-12-10,4,0.23154010251164442,0.6177542559457758,0.75,0.25,0.0,1,2025-12-10,2025-12-10,2025-12-10,7.051566123962402,7.349999904632568,7.360000133514404,7.320000171661377,7.360000133514404,1685900,2025-12-10,7.051566123962402,-0.006756820744603598,0.019047611319452873,0.0013351793105800258
2025-12-11,4,0.052850914653390715,0.6549096241769996,0.5,0.25,0.25,1,2025-12-11,2025-12-11,2025-12-11,7.185881614685059,7.489999771118164,7.489999771118164,7.329999923706055,7.349999904632568,6678400,2025-12-11,7.185881614685059,0.019047611319452873,0.0013351793105800258,0.003999998144467387
2025-12-12,6,0.025801920642455418,0.6920101054727538,0.5,0.5,0.0,1,2025-12-12,2025-12-12,2025-12-12,7.195476055145264,7.5,7.519999980926514,7.409999847412109,7.489999771118164,6423600,2025-12-12,7.195476055145264,0.0013351793105800258,0.003999998144467387,0.015936247616971988
2025-12-15,6,0.20934595788518587,0.48720681591829496,0.8333333333333334,0.16666666666666666,0.0,1,2025-12-15,2025-12-15,2025-12-15,7.224257946014404,7.53000020980835,7.539999961853027,7.46999979019165,7.489999771118164,5409100,2025-12-15,7.224257946014404,0.003999998144467387,0.015936247616971988,-0.006536009709581236
2025-12-16,4,0.40496721491217613,0.6241357417316449,0.5,0.5,0.0,1,2025-12-16,2025-12-16,2025-12-16,7.339385509490967,7.650000095367432,7.690000057220459,7.519999980926514,7.53000020980835,8360800,2025-12-16,7.339385509490967,0.015936247616971988,-0.006536009709581236,-0.007894668347284028
2025-12-17,8,0.3049420159950387,0.5973289444255168,0.625,0.375,0.0,1,2025-12-17,2025-12-17,2025-12-17,7.291415214538574,7.599999904632568,7.650000095367432,7.510000228881836,7.650000095367432,4928900,2025-12-17,7.291415214538574,-0.006536009709581236,-0.007894668347284028,0.02254640869472424
2025-12-18,4,0.04685894958674908,0.496101300808005,0.5,0.5,0.0,1,2025-12-18,2025-12-18,2025-12-18,7.233851909637451,7.539999961853027,7.579999923706055,7.519999980926514,7.550000190734863,3299700,2025-12-18,7.233851909637451,-0.007894668347284028,0.02254640869472424,0.0025940325518853946
2025-12-19,5,0.048513476923108124,0.8092117326019972,0.6,0.4,0.0,1,2025-12-19,2025-12-19,2025-12-19,7.396949291229248,7.710000038146973,7.75,7.53000020980835,7.539999961853027,7925600,2025-12-19,7.396949291229248,0.02254640869472424,0.0025940325518853946,0.001293596181309642
2025-12-22,4,0.43156566005200153,0.5497061720832392,0.75,0.25,0.0,2,2025-12-20,2025-12-22,2025-12-22,7.416137218475342,7.730000019073486,7.75,7.639999866485596,7.710000038146973,3530300,2025-12-22,7.416137218475342,0.0025940325518853946,0.001293596181309642,0.0
2025-12-23,9,0.3643832210865286,0.3981182624197896,0.7777777777777778,0.1111111111111111,0.1111111111111111,1,2025-12-23,2025-12-23,2025-12-23,7.4257307052612305,7.739999771118164,7.75,7.670000076293945,7.730000019073486,3292200,2025-12-23,7.4257307052612305,0.001293596181309642,0.0,0.007751999211963678
2025-12-24,3,0.8704308718442917,0.023045190819553793,1.0,0.0,0.0,1,2025-12-24,2025-12-24,2025-12-24,7.4257307052612305,7.739999771118164,7.739999771118164,7.699999809265137,7.739999771118164,1132800,2025-12-24,7.4257307052612305,0.0,0.007751999211963678,-0.007692367981433468
2025-12-26,3,0.17322817693154022,0.34954171299447867,0.6666666666666666,0.0,0.3333333333333333,2,2025-12-25,2025-12-26,2025-12-26,7.48329496383667,7.800000190734863,7.800000190734863,7.670000076293945,7.739999771118164,2060200,2025-12-26,7.48329496383667,0.007751999211963678,-0.007692367981433468,0.01162796671085875
2025-12-29,5,0.02674097064882521,0.6849308259045364,0.4,0.4,0.2,1,2025-12-29,2025-12-29,2025-12-29,7.4257307052612305,7.739999771118164,7.789999961853027,7.659999847412109,7.789999961853027,7571200,2025-12-29,7.4257307052612305,-0.007692367981433468,0.01162796671085875,-0.01532566368839039
2025-12-30,3,0.2800540601213773,0.34464162244501917,0.6666666666666666,0.3333333333333333,0.0,1,2025-12-30,2025-12-30,2025-12-30,7.5120768547058105,7.829999923706055,7.829999923706055,7.71999979019165,7.71999979019165,6025200,2025-12-30,7.5120768547058105,0.01162796671085875,-0.01532566368839039,
2025-12-31,8,0.08377676783129573,0.7448102142071258,0.625,0.375,0.0,1,2025-12-31,2025-12-31,2025-12-31,7.396949291229248,7.710000038146973,7.829999923706055,7.679999828338623,7.829999923706055,9360100,2025-12-31,7.396949291229248,-0.01532566368839039,,
