Date,Adj Close ^KLSE,Close ^KLSE,High ^KLSE,Low ^KLSE,Open ^KLSE,Volume ^KLSE,date,close
2023-01-03,1473.989990234375,1473.989990234375,1488.5400390625,1473.800048828125,1488.5400390625,59804600,2023-01-03,1473.989990234375
2023-01-04,1469.550048828125,1469.550048828125,1476.1400146484375,1469.550048828125,1472.8499755859375,99239400,2023-01-04,1469.550048828125
2023-01-05,1480.9300537109375,1480.9300537109375,1481.010009765625,1471.9100341796875,1472.4599609375,114428100,2023-01-05,1480.9300537109375
2023-01-06,1480.550048828125,1480.550048828125,1482.3900146484375,1474.47998046875,1479.530029296875,73345700,2023-01-06,1480.550048828125
2023-01-09,1493.4200439453125,1493.4200439453125,1493.4200439453125,1483.9300537109375,1484.56005859375,107069100,2023-01-09,1493.4200439453125
2023-01-10,1485.1300048828125,1485.1300048828125,1491.219970703125,1480.3699951171875,1490.4000244140625,148942700,2023-01-10,1485.1300048828125
2023-01-11,1487.8699951171875,1487.8699951171875,1489.0,1484.2099609375,1487.0400390625,130154200,2023-01-11,1487.8699951171875
2023-01-12,1488.6600341796875,1488.6600341796875,1491.3499755859375,1486.1500244140625,1488.5699462890625,147707800,2023-01-12,1488.6600341796875
2023-01-13,1495.030029296875,1495.030029296875,1495.030029296875,1488.050048828125,1488.050048828125,120946200,2023-01-13,1495.030029296875
2023-01-16,1493.56005859375,1493.56005859375,1496.050048828125,1489.0,1494.81005859375,118165300,2023-01-16,1493.56005859375
2023-01-17,1499.3800048828125,1499.3800048828125,1499.3800048828125,1488.949951171875,1492.530029296875,109129200,2023-01-17,1499.3800048828125
2023-01-18,1495.5,1495.5,1496.6300048828125,1491.050048828125,1495.31005859375,112489800,2023-01-18,1495.5
2023-01-19,1496.219970703125,1496.219970703125,1501.7099609375,1493.4200439453125,1494.800048828125,132631400,2023-01-19,1496.219970703125
2023-01-20,1500.3299560546875,1500.3299560546875,1500.3299560546875,1495.800048828125,1496.8800048828125,106940500,2023-01-20,1500.3299560546875
2023-01-25,1499.449951171875,1499.449951171875,1501.8599853515625,1494.72998046875,1501.300048828125,83468600,2023-01-25,1499.449951171875
2023-01-26,1498.3900146484375,1498.3900146484375,1498.3900146484375,1494.030029296875,1497.4100341796875,94842000,2023-01-26,1498.3900146484375
2023-01-27,1497.550048828125,1497.550048828125,1500.9100341796875,1493.0699462890625,1499.969970703125,116233200,2023-01-27,1497.550048828125
2023-01-30,1499.3900146484375,1499.3900146484375,1500.949951171875,1494.1500244140625,1499.75,154968600,2023-01-30,1499.3900146484375
2023-01-31,1485.5,1485.5,1493.8900146484375,1485.5,1493.7900390625,227210500,2023-01-31,1485.5
2023-02-02,1489.800048828125,1489.800048828125,1493.2099609375,1485.9000244140625,1488.8199462890625,190424300,2023-02-02,1489.800048828125
2023-02-03,1490.469970703125,1490.469970703125,1493.3399658203125,1485.25,1490.56005859375,123555800,2023-02-03,1490.469970703125
2023-02-07,1476.3800048828125,1476.3800048828125,1487.989990234375,1471.7900390625,1487.8199462890625,157016900,2023-02-07,1476.3800048828125
2023-02-08,1470.75,1470.75,1479.949951171875,1469.010009765625,1476.3900146484375,143187400,2023-02-08,1470.75
2023-02-09,1464.6400146484375,1464.6400146484375,1471.300048828125,1463.75,1471.300048828125,133461000,2023-02-09,1464.6400146484375
2023-02-10,1474.5899658203125,1474.5899658203125,1476.030029296875,1463.31005859375,1465.050048828125,105719000,2023-02-10,1474.5899658203125
2023-02-13,1475.1700439453125,1475.1700439453125,1475.1700439453125,1469.260009765625,1474.719970703125,110899900,2023-02-13,1475.1700439453125
2023-02-14,1483.969970703125,1483.969970703125,1485.5799560546875,1476.06005859375,1477.1300048828125,117992500,2023-02-14,1483.969970703125
2023-02-15,1488.18994140625,1488.18994140625,1488.18994140625,1478.31005859375,1482.800048828125,95417000,2023-02-15,1488.18994140625
2023-02-16,1484.260009765625,1484.260009765625,1494.5400390625,1483.5400390625,1487.8399658203125,128062600,2023-02-16,1484.260009765625
2023-02-17,1476.9000244140625,1476.9000244140625,1484.760009765625,1473.1500244140625,1484.030029296875,153358600,2023-02-17,1476.9000244140625
2023-02-20,1473.4599609375,1473.4599609375,1477.47998046875,1471.0699462890625,1474.25,160268400,2023-02-20,1473.4599609375
2023-02-21,1474.010009765625,1474.010009765625,1477.3599853515625,1471.8499755859375,1474.1099853515625,94234300,2023-02-21,1474.010009765625
2023-02-22,1464.0,1464.0,1473.22998046875,1462.5999755859375,1472.489990234375,142969300,2023-02-22,1464.0
2023-02-23,1457.6500244140625,1457.6500244140625,1467.6300048828125,1456.300048828125,1464.5799560546875,138265300,2023-02-23,1457.6500244140625
2023-02-24,1456.800048828125,1456.800048828125,1460.18994140625,1448.0899658203125,1458.6600341796875,166737000,2023-02-24,1456.800048828125
2023-02-27,1455.5,1455.5,1458.1800537109375,1447.550048828125,1456.0400390625,173142300,2023-02-27,1455.5
2023-02-28,1454.18994140625,1454.18994140625,1458.969970703125,1452.4300537109375,1456.489990234375,246842100,2023-02-28,1454.18994140625
2023-03-01,1450.199951171875,1450.199951171875,1454.3800048828125,1444.3900146484375,1454.3800048828125,137107700,2023-03-01,1450.199951171875
2023-03-02,1455.489990234375,1455.489990234375,1457.02001953125,1447.06005859375,1451.3399658203125,103775800,2023-03-02,1455.489990234375
2023-03-03,1453.550048828125,1453.550048828125,1457.780029296875,1452.6199951171875,1457.780029296875,101759100,2023-03-03,1453.550048828125
2023-03-06,1452.6800537109375,1452.6800537109375,1460.97998046875,1452.1199951171875,1458.77001953125,97343200,2023-03-06,1452.6800537109375
2023-03-07,1458.6700439453125,1458.6700439453125,1461.4200439453125,1452.6400146484375,1453.969970703125,114286600,2023-03-07,1458.6700439453125
2023-03-08,1454.6600341796875,1454.6600341796875,1458.6300048828125,1451.0799560546875,1455.469970703125,116583700,2023-03-08,1454.6600341796875
2023-03-09,1449.530029296875,1449.530029296875,1455.1199951171875,1448.449951171875,1454.8199462890625,112442800,2023-03-09,1449.530029296875
2023-03-10,1433.0799560546875,1433.0799560546875,1445.800048828125,1433.0799560546875,1445.800048828125,118232000,2023-03-10,1433.0799560546875
2023-03-13,1421.8299560546875,1421.8299560546875,1423.6600341796875,1409.9300537109375,1419.4200439453125,130371500,2023-03-13,1421.8299560546875
2023-03-14,1393.8299560546875,1393.8299560546875,1416.9599609375,1393.8299560546875,1416.9599609375,208134800,2023-03-14,1393.8299560546875
2023-03-15,1403.9300537109375,1403.9300537109375,1406.5699462890625,1399.800048828125,1400.0999755859375,158859400,2023-03-15,1403.9300537109375
2023-03-16,1391.5999755859375,1391.5999755859375,1403.9300537109375,1391.0400390625,1400.8199462890625,123798800,2023-03-16,1391.5999755859375
2023-03-17,1411.72998046875,1411.72998046875,1416.9200439453125,1397.22998046875,1397.280029296875,281587900,2023-03-17,1411.72998046875
2023-03-20,1401.81005859375,1401.81005859375,1408.52001953125,1400.489990234375,1408.1800537109375,95554800,2023-03-20,1401.81005859375
2023-03-21,1406.550048828125,1406.550048828125,1412.81005859375,1403.9599609375,1407.1600341796875,89710500,2023-03-21,1406.550048828125
2023-03-22,1412.0400390625,1412.0400390625,1413.52001953125,1406.510009765625,1408.5999755859375,104359400,2023-03-22,1412.0400390625
2023-03-23,1410.97998046875,1410.97998046875,1410.97998046875,1403.550048828125,1406.969970703125,106373400,2023-03-23,1410.97998046875
2023-03-24,1399.699951171875,1399.699951171875,1411.6700439453125,1399.699951171875,1411.1300048828125,116712200,2023-03-24,1399.699951171875
2023-03-27,1396.5999755859375,1396.5999755859375,1404.6500244140625,1396.5999755859375,1400.949951171875,109243200,2023-03-27,1396.5999755859375
2023-03-28,1409.0899658203125,1409.0899658203125,1409.22998046875,1398.4200439453125,1401.5999755859375,89163800,2023-03-28,1409.0899658203125
2023-03-29,1420.3499755859375,1420.3499755859375,1422.68994140625,1407.47998046875,1407.47998046875,98993200,2023-03-29,1420.3499755859375
2023-03-30,1424.6099853515625,1424.6099853515625,1425.3699951171875,1415.0999755859375,1417.81005859375,105758500,2023-03-30,1424.6099853515625
2023-03-31,1422.5899658203125,1422.5899658203125,1429.47998046875,1421.3599853515625,1424.7900390625,138336300,2023-03-31,1422.5899658203125
2023-04-03,1433.3900146484375,1433.3900146484375,1433.3900146484375,1426.77001953125,1426.77001953125,96205600,2023-04-03,1433.3900146484375
2023-04-04,1429.6099853515625,1429.6099853515625,1432.8299560546875,1426.6300048828125,1432.239990234375,99190200,2023-04-04,1429.6099853515625
2023-04-05,1429.550048828125,1429.550048828125,1430.199951171875,1425.7099609375,1429.2900390625,54635100,2023-04-05,1429.550048828125
2023-04-06,1424.8900146484375,1424.8900146484375,1431.3199462890625,1416.6700439453125,1431.3199462890625,101716000,2023-04-06,1424.8900146484375
2023-04-07,1427.0400390625,1427.0400390625,1427.0799560546875,1421.6199951171875,1424.8599853515625,76320400,2023-04-07,1427.0400390625
2023-04-10,1428.1300048828125,1428.1300048828125,1429.6500244140625,1425.18994140625,1427.8900146484375,57424000,2023-04-10,1428.1300048828125
2023-04-11,1435.8900146484375,1435.8900146484375,1435.8900146484375,1426.5,1429.1199951171875,92736300,2023-04-11,1435.8900146484375
2023-04-12,1434.739990234375,1434.739990234375,1437.0799560546875,1429.0,1437.02001953125,92391900,2023-04-12,1434.739990234375
2023-04-13,1434.219970703125,1434.219970703125,1435.010009765625,1430.8900146484375,1433.8699951171875,99529900,2023-04-13,1434.219970703125
2023-04-14,1435.1300048828125,1435.1300048828125,1438.280029296875,1431.81005859375,1434.8399658203125,72150500,2023-04-14,1435.1300048828125
2023-04-17,1434.9000244140625,1434.9000244140625,1436.0400390625,1429.4300537109375,1434.7900390625,87631200,2023-04-17,1434.9000244140625
2023-04-18,1432.3599853515625,1432.3599853515625,1435.469970703125,1429.5899658203125,1435.469970703125,76820400,2023-04-18,1432.3599853515625
2023-04-19,1425.0699462890625,1425.0699462890625,1431.5699462890625,1423.050048828125,1431.5699462890625,97047400,2023-04-19,1425.0699462890625
2023-04-20,1422.1099853515625,1422.1099853515625,1428.6400146484375,1418.8199462890625,1428.6400146484375,79987200,2023-04-20,1422.1099853515625
2023-04-25,1425.18994140625,1425.18994140625,1427.0,1420.8399658203125,1422.27001953125,86166500,2023-04-25,1425.18994140625
2023-04-26,1414.25,1414.25,1422.47998046875,1412.75,1421.969970703125,108165700,2023-04-26,1414.25
2023-04-27,1418.050048828125,1418.050048828125,1418.1700439453125,1413.4599609375,1416.43994140625,87781900,2023-04-27,1418.050048828125
2023-04-28,1415.949951171875,1415.949951171875,1420.5,1412.8399658203125,1418.239990234375,92223200,2023-04-28,1415.949951171875
2023-05-02,1426.1099853515625,1426.1099853515625,1428.3199462890625,1415.9200439453125,1416.2099609375,95430800,2023-05-02,1426.1099853515625
2023-05-03,1425.989990234375,1425.989990234375,1425.989990234375,1415.469970703125,1423.9000244140625,108563000,2023-05-03,1425.989990234375
2023-05-05,1431.0400390625,1431.0400390625,1431.22998046875,1421.780029296875,1423.6099853515625,83059100,2023-05-05,1431.0400390625
2023-05-08,1433.739990234375,1433.739990234375,1438.3299560546875,1430.8599853515625,1432.300048828125,79483400,2023-05-08,1433.739990234375
2023-05-09,1432.6300048828125,1432.6300048828125,1432.75,1428.52001953125,1431.5799560546875,95374100,2023-05-09,1432.6300048828125
2023-05-10,1425.6800537109375,1425.6800537109375,1433.6800537109375,1424.530029296875,1433.1099853515625,90411500,2023-05-10,1425.6800537109375
2023-05-11,1425.1800537109375,1425.1800537109375,1428.780029296875,1424.8199462890625,1425.5799560546875,122493500,2023-05-11,1425.1800537109375
2023-05-12,1422.9200439453125,1422.9200439453125,1429.9200439453125,1422.9200439453125,1426.47998046875,153286800,2023-05-12,1422.9200439453125
2023-05-15,1417.3699951171875,1417.3699951171875,1427.3599853515625,1415.93994140625,1423.530029296875,92214400,2023-05-15,1417.3699951171875
2023-05-16,1423.5,1423.5,1426.1199951171875,1417.9200439453125,1417.9200439453125,93493100,2023-05-16,1423.5
2023-05-17,1424.3399658203125,1424.3399658203125,1427.4000244140625,1421.3399658203125,1422.010009765625,92504200,2023-05-17,1424.3399658203125
2023-05-18,1428.0400390625,1428.0400390625,1428.0400390625,1421.9200439453125,1424.739990234375,88484500,2023-05-18,1428.0400390625
2023-05-19,1428.5400390625,1428.5400390625,1428.5400390625,1423.6500244140625,1425.449951171875,91861400,2023-05-19,1428.5400390625
2023-05-22,1419.0,1419.0,1425.6600341796875,1416.199951171875,1423.6199951171875,116266900,2023-05-22,1419.0
2023-05-23,1411.5400390625,1411.5400390625,1419.6099853515625,1409.510009765625,1418.3199462890625,106577700,2023-05-23,1411.5400390625
2023-05-24,1409.6199951171875,1409.6199951171875,1414.6600341796875,1406.27001953125,1411.3599853515625,122164200,2023-05-24,1409.6199951171875
2023-05-25,1402.47998046875,1402.47998046875,1411.4200439453125,1402.47998046875,1408.93994140625,116408900,2023-05-25,1402.47998046875
2023-05-26,1402.97998046875,1402.97998046875,1405.449951171875,1397.97998046875,1402.9300537109375,149780100,2023-05-26,1402.97998046875
2023-05-29,1404.9300537109375,1404.9300537109375,1406.530029296875,1401.9300537109375,1405.469970703125,130205600,2023-05-29,1404.9300537109375
2023-05-30,1396.9100341796875,1396.9100341796875,1406.0400390625,1396.9100341796875,1406.0400390625,152265400,2023-05-30,1396.9100341796875
2023-05-31,1387.1199951171875,1387.1199951171875,1398.3800048828125,1380.9000244140625,1396.6800537109375,657523800,2023-05-31,1387.1199951171875
2023-06-01,1383.010009765625,1383.010009765625,1386.4100341796875,1378.5799560546875,1383.300048828125,139957800,2023-06-01,1383.010009765625
2023-06-02,1381.260009765625,1381.260009765625,1385.8199462890625,1376.780029296875,1385.8199462890625,128952300,2023-06-02,1381.260009765625
2023-06-06,1383.1700439453125,1383.1700439453125,1383.5799560546875,1377.3499755859375,1382.0999755859375,120094000,2023-06-06,1383.1700439453125
2023-06-07,1378.6500244140625,1378.6500244140625,1383.550048828125,1371.739990234375,1382.0,118413400,2023-06-07,1378.6500244140625
2023-06-08,1374.6400146484375,1374.6400146484375,1376.6199951171875,1369.4100341796875,1375.7900390625,109443600,2023-06-08,1374.6400146484375
2023-06-09,1376.0799560546875,1376.0799560546875,1381.260009765625,1373.0799560546875,1375.5799560546875,92008800,2023-06-09,1376.0799560546875
2023-06-12,1386.77001953125,1386.77001953125,1390.550048828125,1377.6099853515625,1377.6099853515625,100957500,2023-06-12,1386.77001953125
2023-06-13,1380.6099853515625,1380.6099853515625,1387.7900390625,1378.1500244140625,1387.68994140625,139291300,2023-06-13,1380.6099853515625
2023-06-14,1385.4200439453125,1385.4200439453125,1386.7900390625,1381.489990234375,1381.699951171875,134350100,2023-06-14,1385.4200439453125
2023-06-15,1381.72998046875,1381.72998046875,1382.9599609375,1378.8299560546875,1382.9599609375,109127300,2023-06-15,1381.72998046875
2023-06-16,1388.6099853515625,1388.6099853515625,1388.6099853515625,1373.1500244140625,1382.4200439453125,305649700,2023-06-16,1388.6099853515625
2023-06-19,1387.3299560546875,1387.3299560546875,1390.5,1379.8299560546875,1383.8900146484375,75445100,2023-06-19,1387.3299560546875
2023-06-20,1388.3299560546875,1388.3299560546875,1388.75,1383.8599853515625,1387.239990234375,96573400,2023-06-20,1388.3299560546875
2023-06-21,1393.449951171875,1393.449951171875,1395.8499755859375,1383.8800048828125,1385.72998046875,118222400,2023-06-21,1393.449951171875
2023-06-22,1394.6700439453125,1394.6700439453125,1402.43994140625,1391.760009765625,1392.1199951171875,116525600,2023-06-22,1394.6700439453125
2023-06-23,1390.8900146484375,1390.8900146484375,1397.5400390625,1389.699951171875,1395.699951171875,89365400,2023-06-23,1390.8900146484375
2023-06-26,1389.8800048828125,1389.8800048828125,1394.300048828125,1388.4100341796875,1391.550048828125,79124900,2023-06-26,1389.8800048828125
2023-06-27,1386.739990234375,1386.739990234375,1393.3800048828125,1385.300048828125,1390.8699951171875,85691700,2023-06-27,1386.739990234375
2023-06-28,1388.3699951171875,1388.3699951171875,1394.56005859375,1387.6700439453125,1387.6700439453125,71393900,2023-06-28,1388.3699951171875
2023-06-30,1376.6800537109375,1376.6800537109375,1391.47998046875,1370.1500244140625,1388.52001953125,172513900,2023-06-30,1376.6800537109375
2023-07-03,1395.8900146484375,1395.8900146484375,1397.3699951171875,1379.31005859375,1379.3900146484375,70750600,2023-07-03,1395.8900146484375
2023-07-04,1392.489990234375,1392.489990234375,1396.3299560546875,1388.8499755859375,1393.56005859375,63595600,2023-07-04,1392.489990234375
2023-07-05,1389.9000244140625,1389.9000244140625,1395.8199462890625,1389.9000244140625,1392.3800048828125,68297000,2023-07-05,1389.9000244140625
2023-07-06,1385.949951171875,1385.949951171875,1389.7099609375,1381.8599853515625,1389.7099609375,92373100,2023-07-06,1385.949951171875
2023-07-07,1377.6700439453125,1377.6700439453125,1385.739990234375,1377.6700439453125,1382.199951171875,85665300,2023-07-07,1377.6700439453125
2023-07-10,1383.06005859375,1383.06005859375,1386.93994140625,1377.56005859375,1377.56005859375,77577500,2023-07-10,1383.06005859375
2023-07-11,1391.4599609375,1391.4599609375,1391.4599609375,1384.8399658203125,1386.0899658203125,105063900,2023-07-11,1391.4599609375
2023-07-12,1398.06005859375,1398.06005859375,1400.050048828125,1389.93994140625,1390.27001953125,81189300,2023-07-12,1398.06005859375
2023-07-13,1396.22998046875,1396.22998046875,1401.760009765625,1396.22998046875,1401.0999755859375,71844700,2023-07-13,1396.22998046875
2023-07-14,1412.0899658203125,1412.0899658203125,1414.219970703125,1399.3900146484375,1399.530029296875,160012400,2023-07-14,1412.0899658203125
2023-07-17,1406.0999755859375,1406.0999755859375,1412.0899658203125,1403.1199951171875,1411.77001953125,92626300,2023-07-17,1406.0999755859375
2023-07-18,1403.030029296875,1403.030029296875,1407.9000244140625,1399.469970703125,1407.5400390625,78504600,2023-07-18,1403.030029296875
2023-07-20,1406.68994140625,1406.68994140625,1409.3399658203125,1402.7099609375,1404.5699462890625,100328400,2023-07-20,1406.68994140625
2023-07-21,1413.52001953125,1413.52001953125,1413.52001953125,1405.6400146484375,1407.47998046875,86987100,2023-07-21,1413.52001953125
2023-07-24,1424.68994140625,1424.68994140625,1424.68994140625,1412.3800048828125,1412.6800537109375,87448700,2023-07-24,1424.68994140625
2023-07-25,1436.7900390625,1436.7900390625,1437.81005859375,1425.280029296875,1425.760009765625,135600500,2023-07-25,1436.7900390625
2023-07-26,1449.2900390625,1449.2900390625,1449.2900390625,1436.699951171875,1436.699951171875,133082000,2023-07-26,1449.2900390625
2023-07-27,1451.27001953125,1451.27001953125,1456.3599853515625,1446.9200439453125,1447.6600341796875,123234900,2023-07-27,1451.27001953125
2023-07-28,1450.3499755859375,1450.3499755859375,1454.239990234375,1446.4599609375,1448.2099609375,101845900,2023-07-28,1450.3499755859375
2023-07-31,1459.4300537109375,1459.4300537109375,1464.699951171875,1451.0699462890625,1451.0699462890625,164867900,2023-07-31,1459.4300537109375
2023-08-01,1451.239990234375,1451.239990234375,1462.56005859375,1449.02001953125,1458.9000244140625,98171000,2023-08-01,1451.239990234375
2023-08-02,1444.56005859375,1444.56005859375,1450.280029296875,1441.8499755859375,1449.449951171875,91589600,2023-08-02,1444.56005859375
2023-08-03,1441.8499755859375,1441.8499755859375,1442.780029296875,1433.0400390625,1441.3699951171875,89240200,2023-08-03,1441.8499755859375
2023-08-04,1445.2099609375,1445.2099609375,1447.1300048828125,1442.22998046875,1442.489990234375,70523900,2023-08-04,1445.2099609375
2023-08-07,1445.81005859375,1445.81005859375,1449.3800048828125,1442.1300048828125,1444.8900146484375,48138700,2023-08-07,1445.81005859375
2023-08-08,1451.0,1451.0,1452.469970703125,1441.6300048828125,1444.2099609375,87847500,2023-08-08,1451.0
2023-08-09,1462.030029296875,1462.030029296875,1462.030029296875,1446.7099609375,1450.300048828125,140193500,2023-08-09,1462.030029296875
2023-08-10,1458.9300537109375,1458.9300537109375,1460.699951171875,1453.3699951171875,1460.3599853515625,140203100,2023-08-10,1458.9300537109375
2023-08-11,1457.1600341796875,1457.1600341796875,1458.969970703125,1449.6700439453125,1458.469970703125,116246300,2023-08-11,1457.1600341796875
2023-08-14,1457.0,1457.0,1457.4300537109375,1452.1500244140625,1457.18994140625,83404700,2023-08-14,1457.0
2023-08-15,1460.280029296875,1460.280029296875,1463.2900390625,1456.27001953125,1456.8599853515625,84618900,2023-08-15,1460.280029296875
2023-08-16,1463.510009765625,1463.510009765625,1464.27001953125,1458.3699951171875,1459.030029296875,120690800,2023-08-16,1463.510009765625
2023-08-17,1447.97998046875,1447.97998046875,1460.760009765625,1447.97998046875,1460.6099853515625,154807600,2023-08-17,1447.97998046875
2023-08-18,1446.0899658203125,1446.0899658203125,1449.22998046875,1442.260009765625,1449.22998046875,127832700,2023-08-18,1446.0899658203125
2023-08-21,1450.5699462890625,1450.5699462890625,1451.6800537109375,1445.0999755859375,1446.68994140625,121972100,2023-08-21,1450.5699462890625
2023-08-22,1451.530029296875,1451.530029296875,1456.4000244140625,1449.18994140625,1450.8699951171875,99704700,2023-08-22,1451.530029296875
2023-08-23,1440.1099853515625,1440.1099853515625,1451.719970703125,1439.1300048828125,1451.6300048828125,101613400,2023-08-23,1440.1099853515625
2023-08-24,1444.6700439453125,1444.6700439453125,1446.75,1441.52001953125,1441.52001953125,87375800,2023-08-24,1444.6700439453125
2023-08-25,1444.489990234375,1444.489990234375,1444.81005859375,1438.510009765625,1444.2099609375,110374500,2023-08-25,1444.489990234375
2023-08-28,1444.06005859375,1444.06005859375,1445.31005859375,1441.780029296875,1443.6700439453125,90966700,2023-08-28,1444.06005859375
2023-08-29,1454.43994140625,1454.43994140625,1455.800048828125,1441.52001953125,1443.469970703125,124595100,2023-08-29,1454.43994140625
2023-08-30,1451.93994140625,1451.93994140625,1462.800048828125,1451.93994140625,1456.22998046875,323180900,2023-08-30,1451.93994140625
2023-09-01,1463.4300537109375,1463.4300537109375,1463.4300537109375,1454.6700439453125,1461.9100341796875,163156900,2023-09-01,1463.4300537109375
2023-09-04,1462.719970703125,1462.719970703125,1465.9300537109375,1460.8399658203125,1464.0699462890625,95591500,2023-09-04,1462.719970703125
2023-09-05,1454.8299560546875,1454.8299560546875,1462.5799560546875,1452.47998046875,1462.5799560546875,112482000,2023-09-05,1454.8299560546875
2023-09-06,1460.6199951171875,1460.6199951171875,1463.0400390625,1454.25,1455.010009765625,106479500,2023-09-06,1460.6199951171875
2023-09-07,1460.0699462890625,1460.0699462890625,1463.300048828125,1458.27001953125,1458.969970703125,81318800,2023-09-07,1460.0699462890625
2023-09-08,1454.949951171875,1454.949951171875,1460.22998046875,1454.699951171875,1459.5400390625,82555700,2023-09-08,1454.949951171875
2023-09-11,1455.0400390625,1455.0400390625,1455.56005859375,1450.6800537109375,1453.719970703125,69955700,2023-09-11,1455.0400390625
2023-09-12,1453.3900146484375,1453.3900146484375,1454.3199462890625,1447.9599609375,1454.2900390625,98947900,2023-09-12,1453.3900146484375
2023-09-13,1453.5400390625,1453.5400390625,1453.5400390625,1444.81005859375,1447.030029296875,87516400,2023-09-13,1453.5400390625
2023-09-14,1449.5799560546875,1449.5799560546875,1455.0899658203125,1445.31005859375,1449.219970703125,117849500,2023-09-14,1449.5799560546875
2023-09-15,1459.030029296875,1459.030029296875,1459.030029296875,1448.75,1449.0899658203125,318200600,2023-09-15,1459.030029296875
2023-09-18,1457.989990234375,1457.989990234375,1458.4599609375,1452.8599853515625,1456.9599609375,83396200,2023-09-18,1457.989990234375
2023-09-19,1457.6600341796875,1457.6600341796875,1459.0,1454.6099853515625,1456.719970703125,78288600,2023-09-19,1457.6600341796875
2023-09-20,1451.56005859375,1451.56005859375,1456.77001953125,1450.3699951171875,1452.6300048828125,103370600,2023-09-20,1451.56005859375
2023-09-21,1448.2099609375,1448.2099609375,1453.969970703125,1446.800048828125,1452.77001953125,106609700,2023-09-21,1448.2099609375
2023-09-22,1450.22998046875,1450.22998046875,1450.68994140625,1441.5,1445.8800048828125,85968500,2023-09-22,1450.22998046875
2023-09-25,1443.449951171875,1443.449951171875,1450.3199462890625,1441.1700439453125,1449.8299560546875,85332300,2023-09-25,1443.449951171875
2023-09-26,1445.550048828125,1445.550048828125,1447.050048828125,1441.8900146484375,1442.7900390625,87996700,2023-09-26,1445.550048828125
2023-09-27,1440.1099853515625,1440.1099853515625,1441.8699951171875,1436.75,1440.8599853515625,100446200,2023-09-27,1440.1099853515625
2023-09-29,1424.1700439453125,1424.1700439453125,1436.969970703125,1424.1700439453125,1436.3900146484375,170332100,2023-09-29,1424.1700439453125
2023-10-02,1418.760009765625,1418.760009765625,1428.0400390625,1418.760009765625,1424.0699462890625,77411100,2023-10-02,1418.760009765625
2023-10-03,1420.010009765625,1420.010009765625,1424.1099853515625,1417.93994140625,1418.5799560546875,119741100,2023-10-03,1420.010009765625
2023-10-04,1415.8399658203125,1415.8399658203125,1419.6600341796875,1412.699951171875,1417.9100341796875,146327300,2023-10-04,1415.8399658203125
2023-10-05,1415.5999755859375,1415.5999755859375,1420.6099853515625,1412.1700439453125,1413.43994140625,147628100,2023-10-05,1415.5999755859375
2023-10-06,1416.8800048828125,1416.8800048828125,1419.9599609375,1415.280029296875,1415.2900390625,136679500,2023-10-06,1416.8800048828125
2023-10-09,1417.260009765625,1417.260009765625,1420.7099609375,1415.800048828125,1417.06005859375,85675400,2023-10-09,1417.260009765625
2023-10-10,1435.1700439453125,1435.1700439453125,1435.8900146484375,1419.3299560546875,1419.3299560546875,99011700,2023-10-10,1435.1700439453125
2023-10-11,1436.489990234375,1436.489990234375,1438.449951171875,1432.27001953125,1434.75,147588000,2023-10-11,1436.489990234375
2023-10-12,1443.8199462890625,1443.8199462890625,1446.06005859375,1437.9599609375,1437.9599609375,108247800,2023-10-12,1443.8199462890625
2023-10-13,1444.1400146484375,1444.1400146484375,1444.969970703125,1440.489990234375,1443.3699951171875,75517900,2023-10-13,1444.1400146484375
2023-10-16,1438.9599609375,1438.9599609375,1446.1199951171875,1436.5,1445.3599853515625,122051500,2023-10-16,1438.9599609375
2023-10-17,1444.1300048828125,1444.1300048828125,1444.1300048828125,1438.949951171875,1439.0400390625,105407700,2023-10-17,1444.1300048828125
2023-10-18,1446.5400390625,1446.5400390625,1446.5400390625,1441.06005859375,1443.22998046875,146818700,2023-10-18,1446.5400390625
2023-10-19,1442.6600341796875,1442.6600341796875,1445.18994140625,1441.3399658203125,1443.260009765625,118185700,2023-10-19,1442.6600341796875
2023-10-20,1441.0400390625,1441.0400390625,1443.75,1438.3599853515625,1443.3499755859375,113336900,2023-10-20,1441.0400390625
2023-10-23,1438.1199951171875,1438.1199951171875,1443.8599853515625,1435.050048828125,1441.72998046875,100413700,2023-10-23,1438.1199951171875
2023-10-24,1435.6500244140625,1435.6500244140625,1440.280029296875,1430.1500244140625,1438.280029296875,112931800,2023-10-24,1435.6500244140625
2023-10-25,1442.510009765625,1442.510009765625,1444.530029296875,1437.8199462890625,1437.969970703125,80810800,2023-10-25,1442.510009765625
2023-10-26,1440.5999755859375,1440.5999755859375,1445.1400146484375,1438.800048828125,1443.030029296875,107249600,2023-10-26,1440.5999755859375
2023-10-27,1441.9000244140625,1441.9000244140625,1444.1500244140625,1439.3299560546875,1440.7099609375,79766900,2023-10-27,1441.9000244140625
2023-10-30,1439.199951171875,1439.199951171875,1441.800048828125,1436.97998046875,1440.0400390625,66151800,2023-10-30,1439.199951171875
2023-10-31,1442.1400146484375,1442.1400146484375,1443.4599609375,1437.97998046875,1438.75,99312300,2023-10-31,1442.1400146484375
2023-11-01,1435.3299560546875,1435.3299560546875,1441.5899658203125,1434.9300537109375,1441.1700439453125,97118400,2023-11-01,1435.3299560546875
2023-11-02,1439.77001953125,1439.77001953125,1441.3499755859375,1435.8599853515625,1435.93994140625,87395200,2023-11-02,1439.77001953125
2023-11-03,1449.9300537109375,1449.9300537109375,1453.18994140625,1444.7900390625,1446.719970703125,115015400,2023-11-03,1449.9300537109375
2023-11-06,1464.6700439453125,1464.6700439453125,1464.6700439453125,1452.2900390625,1452.3900146484375,146756600,2023-11-06,1464.6700439453125
2023-11-07,1463.3699951171875,1463.3699951171875,1465.550048828125,1458.6600341796875,1464.050048828125,115794000,2023-11-07,1463.3699951171875
2023-11-08,1457.5999755859375,1457.5999755859375,1462.010009765625,1454.4599609375,1461.1300048828125,86519800,2023-11-08,1457.5999755859375
2023-11-09,1452.27001953125,1452.27001953125,1457.8399658203125,1450.6400146484375,1456.8399658203125,95897900,2023-11-09,1452.27001953125
2023-11-10,1445.1800537109375,1445.1800537109375,1451.219970703125,1425.010009765625,1450.56005859375,67169000,2023-11-10,1445.1800537109375
2023-11-14,1451.719970703125,1451.719970703125,1453.989990234375,1444.9000244140625,1444.9000244140625,95686900,2023-11-14,1451.719970703125
2023-11-15,1466.8399658203125,1466.8399658203125,1466.8399658203125,1453.0699462890625,1453.6099853515625,168947800,2023-11-15,1466.8399658203125
2023-11-16,1464.6800537109375,1464.6800537109375,1465.1600341796875,1460.4599609375,1464.780029296875,105484500,2023-11-16,1464.6800537109375
2023-11-17,1460.6700439453125,1460.6700439453125,1462.31005859375,1458.530029296875,1461.5899658203125,100760200,2023-11-17,1460.6700439453125
2023-11-20,1456.9200439453125,1456.9200439453125,1460.260009765625,1454.1199951171875,1460.260009765625,74149400,2023-11-20,1456.9200439453125
2023-11-21,1463.4000244140625,1463.4000244140625,1463.4000244140625,1456.1600341796875,1458.1300048828125,138326700,2023-11-21,1463.4000244140625
2023-11-22,1455.8900146484375,1455.8900146484375,1460.5899658203125,1454.52001953125,1460.5899658203125,97164200,2023-11-22,1455.8900146484375
2023-11-23,1453.2900390625,1453.2900390625,1456.6800537109375,1451.3499755859375,1456.6800537109375,93608000,2023-11-23,1453.2900390625
2023-11-24,1453.9200439453125,1453.9200439453125,1456.050048828125,1451.0799560546875,1455.780029296875,136984500,2023-11-24,1453.9200439453125
2023-11-27,1448.1500244140625,1448.1500244140625,1455.780029296875,1448.0,1453.1500244140625,116835700,2023-11-27,1448.1500244140625
2023-11-28,1448.02001953125,1448.02001953125,1452.5999755859375,1444.5999755859375,1450.18994140625,156887400,2023-11-28,1448.02001953125
2023-11-29,1446.0699462890625,1446.0699462890625,1450.4200439453125,1445.6099853515625,1448.6300048828125,128149700,2023-11-29,1446.0699462890625
2023-11-30,1452.739990234375,1452.739990234375,1452.739990234375,1440.6199951171875,1444.3399658203125,530926800,2023-11-30,1452.739990234375
2023-12-01,1456.3800048828125,1456.3800048828125,1456.52001953125,1450.0899658203125,1452.0,165174800,2023-12-01,1456.3800048828125
2023-12-04,1451.02001953125,1451.02001953125,1457.02001953125,1448.1700439453125,1454.969970703125,106529100,2023-12-04,1451.02001953125
2023-12-05,1449.4599609375,1449.4599609375,1451.5899658203125,1444.5799560546875,1451.1300048828125,101068000,2023-12-05,1449.4599609375
2023-12-06,1445.8199462890625,1445.8199462890625,1452.0699462890625,1444.6300048828125,1450.9100341796875,92070800,2023-12-06,1445.8199462890625
2023-12-07,1442.8499755859375,1442.8499755859375,1447.6600341796875,1441.02001953125,1442.8900146484375,103661100,2023-12-07,1442.8499755859375
2023-12-08,1441.969970703125,1441.969970703125,1446.1300048828125,1441.0899658203125,1443.969970703125,84182800,2023-12-08,1441.969970703125
2023-12-11,1446.3900146484375,1446.3900146484375,1446.3900146484375,1440.4000244140625,1441.3199462890625,102401500,2023-12-11,1446.3900146484375
2023-12-12,1447.1199951171875,1447.1199951171875,1447.719970703125,1444.260009765625,1446.1199951171875,127330900,2023-12-12,1447.1199951171875
2023-12-13,1448.0400390625,1448.0400390625,1448.47998046875,1443.719970703125,1446.0799560546875,130353700,2023-12-13,1448.0400390625
2023-12-14,1456.260009765625,1456.260009765625,1456.260009765625,1448.1400146484375,1448.8800048828125,165231500,2023-12-14,1456.260009765625
2023-12-15,1462.449951171875,1462.449951171875,1464.780029296875,1455.68994140625,1455.949951171875,284775700,2023-12-15,1462.449951171875
2023-12-18,1465.280029296875,1465.280029296875,1468.739990234375,1460.4200439453125,1461.56005859375,216394300,2023-12-18,1465.280029296875
2023-12-19,1465.6700439453125,1465.6700439453125,1467.6099853515625,1464.550048828125,1466.56005859375,162662200,2023-12-19,1465.6700439453125
2023-12-20,1464.56005859375,1464.56005859375,1470.7900390625,1464.0899658203125,1466.4300537109375,200419300,2023-12-20,1464.56005859375
2023-12-21,1455.5799560546875,1455.5799560546875,1463.1700439453125,1454.969970703125,1463.1700439453125,157053500,2023-12-21,1455.5799560546875
2023-12-22,1454.3800048828125,1454.3800048828125,1457.8599853515625,1451.989990234375,1456.760009765625,127764000,2023-12-22,1454.3800048828125
2023-12-26,1450.780029296875,1450.780029296875,1456.6600341796875,1450.780029296875,1454.0799560546875,130077700,2023-12-26,1450.780029296875
2023-12-27,1454.219970703125,1454.219970703125,1455.43994140625,1452.0799560546875,1452.3699951171875,158320100,2023-12-27,1454.219970703125
2023-12-28,1457.4100341796875,1457.4100341796875,1459.0999755859375,1453.06005859375,1453.8599853515625,142538600,2023-12-28,1457.4100341796875
2023-12-29,1454.6600341796875,1454.6600341796875,1461.4000244140625,1454.6600341796875,1457.5699462890625,265621800,2023-12-29,1454.6600341796875
2024-01-02,1453.0999755859375,1453.0999755859375,1453.56005859375,1446.3599853515625,1452.199951171875,103277400,2024-01-02,1453.0999755859375
2024-01-03,1462.3699951171875,1462.3699951171875,1465.68994140625,1450.1700439453125,1452.5400390625,215534000,2024-01-03,1462.3699951171875
2024-01-04,1477.260009765625,1477.260009765625,1477.56005859375,1461.030029296875,1462.8499755859375,286041200,2024-01-04,1477.260009765625
2024-01-05,1487.6099853515625,1487.6099853515625,1487.6099853515625,1476.8499755859375,1476.8900146484375,280921700,2024-01-05,1487.6099853515625
2024-01-08,1495.699951171875,1495.699951171875,1498.52001953125,1488.5999755859375,1488.5999755859375,301573200,2024-01-08,1495.699951171875
2024-01-09,1498.8299560546875,1498.8299560546875,1503.9300537109375,1496.8399658203125,1497.1700439453125,311176200,2024-01-09,1498.8299560546875
2024-01-10,1486.8599853515625,1486.8599853515625,1497.800048828125,1486.719970703125,1497.800048828125,208376900,2024-01-10,1486.8599853515625
2024-01-11,1483.0,1483.0,1492.43994140625,1483.0,1487.1500244140625,232402500,2024-01-11,1483.0
2024-01-12,1487.3399658203125,1487.3399658203125,1487.3399658203125,1482.02001953125,1483.239990234375,225717600,2024-01-12,1487.3399658203125
2024-01-15,1501.1099853515625,1501.1099853515625,1501.8599853515625,1487.81005859375,1488.280029296875,196067000,2024-01-15,1501.1099853515625
2024-01-16,1493.8699951171875,1493.8699951171875,1503.72998046875,1492.4000244140625,1500.3900146484375,227111300,2024-01-16,1493.8699951171875
2024-01-17,1491.2099609375,1491.2099609375,1494.3199462890625,1487.52001953125,1491.8900146484375,216723800,2024-01-17,1491.2099609375
2024-01-18,1479.1800537109375,1479.1800537109375,1492.530029296875,1478.030029296875,1488.489990234375,315341100,2024-01-18,1479.1800537109375
2024-01-19,1486.3699951171875,1486.3699951171875,1486.3699951171875,1477.050048828125,1480.1800537109375,199948900,2024-01-19,1486.3699951171875
2024-01-22,1491.18994140625,1491.18994140625,1493.97998046875,1485.510009765625,1487.3499755859375,234169100,2024-01-22,1491.18994140625
2024-01-23,1496.1099853515625,1496.1099853515625,1500.3900146484375,1490.199951171875,1492.56005859375,202846800,2024-01-23,1496.1099853515625
2024-01-24,1504.0999755859375,1504.0999755859375,1504.43994140625,1497.1600341796875,1497.1600341796875,197527000,2024-01-24,1504.0999755859375
2024-01-26,1506.280029296875,1506.280029296875,1509.3900146484375,1502.8900146484375,1503.449951171875,238367000,2024-01-26,1506.280029296875
2024-01-29,1515.3900146484375,1515.3900146484375,1518.43994140625,1507.8800048828125,1508.1099853515625,211720800,2024-01-29,1515.3900146484375
2024-01-30,1512.75,1512.75,1520.31005859375,1511.8399658203125,1517.75,213783400,2024-01-30,1512.75
2024-01-31,1512.97998046875,1512.97998046875,1516.4000244140625,1509.550048828125,1512.5999755859375,247472800,2024-01-31,1512.97998046875
2024-02-02,1516.5799560546875,1516.5799560546875,1521.22998046875,1508.5,1509.3499755859375,290509400,2024-02-02,1516.5799560546875
2024-02-05,1511.3399658203125,1511.3399658203125,1520.97998046875,1511.3399658203125,1515.9100341796875,200808500,2024-02-05,1511.3399658203125
2024-02-06,1512.97998046875,1512.97998046875,1513.97998046875,1508.989990234375,1510.31005859375,186936700,2024-02-06,1512.97998046875
2024-02-07,1513.1099853515625,1513.1099853515625,1514.050048828125,1510.199951171875,1512.510009765625,174829400,2024-02-07,1513.1099853515625
2024-02-08,1512.3599853515625,1512.3599853515625,1521.1800537109375,1512.3599853515625,1513.18994140625,171566000,2024-02-08,1512.3599853515625
2024-02-09,1512.280029296875,1512.280029296875,1514.719970703125,1509.56005859375,1513.8199462890625,79147200,2024-02-09,1512.280029296875
2024-02-13,1531.3699951171875,1531.3699951171875,1533.1600341796875,1512.6300048828125,1512.6300048828125,181535700,2024-02-13,1531.3699951171875
2024-02-14,1529.3299560546875,1529.3299560546875,1530.949951171875,1521.7900390625,1527.7900390625,152259500,2024-02-14,1529.3299560546875
2024-02-15,1528.3800048828125,1528.3800048828125,1532.6600341796875,1525.3900146484375,1529.2900390625,172624700,2024-02-15,1528.3800048828125
2024-02-16,1533.550048828125,1533.550048828125,1534.530029296875,1529.300048828125,1530.6800537109375,192387100,2024-02-16,1533.550048828125
2024-02-19,1538.6099853515625,1538.6099853515625,1539.25,1530.5799560546875,1533.3499755859375,160694400,2024-02-19,1538.6099853515625
2024-02-20,1555.5899658203125,1555.5899658203125,1555.5899658203125,1537.93994140625,1538.719970703125,268959800,2024-02-20,1555.5899658203125
2024-02-21,1552.4000244140625,1552.4000244140625,1554.949951171875,1547.489990234375,1554.0999755859375,241602800,2024-02-21,1552.4000244140625
2024-02-22,1545.489990234375,1545.489990234375,1551.969970703125,1542.719970703125,1550.7099609375,172375600,2024-02-22,1545.489990234375
2024-02-23,1549.1099853515625,1549.1099853515625,1551.1500244140625,1544.1800537109375,1546.3499755859375,340781400,2024-02-23,1549.1099853515625
2024-02-26,1547.5999755859375,1547.5999755859375,1553.9000244140625,1544.469970703125,1548.9300537109375,314099700,2024-02-26,1547.5999755859375
2024-02-27,1558.800048828125,1558.800048828125,1559.02001953125,1545.1600341796875,1545.52001953125,309551300,2024-02-27,1558.800048828125
2024-02-28,1545.5899658203125,1545.5899658203125,1556.68994140625,1545.5899658203125,1556.300048828125,298350600,2024-02-28,1545.5899658203125
2024-02-29,1551.43994140625,1551.43994140625,1554.7900390625,1544.6700439453125,1547.6199951171875,973066200,2024-02-29,1551.43994140625
2024-03-01,1538.02001953125,1538.02001953125,1556.219970703125,1537.1099853515625,1553.1600341796875,304487800,2024-03-01,1538.02001953125
2024-03-04,1539.27001953125,1539.27001953125,1547.0999755859375,1537.030029296875,1539.0999755859375,234915700,2024-03-04,1539.27001953125
2024-03-05,1536.97998046875,1536.97998046875,1537.9200439453125,1518.8399658203125,1537.9200439453125,292974200,2024-03-05,1536.97998046875
2024-03-06,1531.510009765625,1531.510009765625,1535.199951171875,1527.9200439453125,1532.449951171875,266505400,2024-03-06,1531.510009765625
2024-03-07,1535.8299560546875,1535.8299560546875,1539.5999755859375,1531.699951171875,1531.699951171875,235394700,2024-03-07,1535.8299560546875
2024-03-08,1539.8599853515625,1539.8599853515625,1541.1500244140625,1535.3199462890625,1536.52001953125,334762200,2024-03-08,1539.8599853515625
2024-03-11,1544.7099609375,1544.7099609375,1547.47998046875,1540.77001953125,1542.010009765625,282742100,2024-03-11,1544.7099609375
2024-03-12,1554.56005859375,1554.56005859375,1556.7099609375,1541.3599853515625,1544.949951171875,236872900,2024-03-12,1554.56005859375
2024-03-13,1538.1300048828125,1538.1300048828125,1544.739990234375,1536.760009765625,1543.510009765625,230016100,2024-03-13,1538.1300048828125
2024-03-14,1543.75,1543.75,1543.75,1533.800048828125,1535.5999755859375,226515700,2024-03-14,1543.75
2024-03-15,1552.8299560546875,1552.8299560546875,1552.8299560546875,1535.469970703125,1536.949951171875,499854300,2024-03-15,1552.8299560546875
2024-03-18,1553.6400146484375,1553.6400146484375,1557.3299560546875,1544.3199462890625,1547.449951171875,263219400,2024-03-18,1553.6400146484375
2024-03-19,1544.9599609375,1544.9599609375,1552.0999755859375,1544.9599609375,1551.5899658203125,299513700,2024-03-19,1544.9599609375
2024-03-20,1535.7900390625,1535.7900390625,1546.0,1535.77001953125,1545.06005859375,182483300,2024-03-20,1535.7900390625
2024-03-21,1541.4100341796875,1541.4100341796875,1542.3299560546875,1534.6600341796875,1539.1199951171875,186197400,2024-03-21,1541.4100341796875
2024-03-22,1542.3900146484375,1542.3900146484375,1543.8399658203125,1537.9200439453125,1541.56005859375,153442100,2024-03-22,1542.3900146484375
2024-03-25,1537.5400390625,1537.5400390625,1540.22998046875,1532.72998046875,1540.22998046875,144717400,2024-03-25,1537.5400390625
2024-03-26,1538.4200439453125,1538.4200439453125,1540.510009765625,1532.0699462890625,1536.06005859375,201823400,2024-03-26,1538.4200439453125
2024-03-27,1530.5999755859375,1530.5999755859375,1536.5799560546875,1528.52001953125,1536.510009765625,213452700,2024-03-27,1530.5999755859375
2024-03-29,1536.0699462890625,1536.0699462890625,1542.0,1532.030029296875,1532.1099853515625,197606300,2024-03-29,1536.0699462890625
2024-04-01,1544.02001953125,1544.02001953125,1544.7099609375,1537.0699462890625,1537.5,113539400,2024-04-01,1544.02001953125
2024-04-02,1547.989990234375,1547.989990234375,1550.989990234375,1540.77001953125,1543.530029296875,188490400,2024-04-02,1547.989990234375
2024-04-03,1537.010009765625,1537.010009765625,1548.4200439453125,1537.010009765625,1547.2900390625,185700600,2024-04-03,1537.010009765625
2024-04-04,1553.239990234375,1553.239990234375,1554.3299560546875,1537.25,1538.97998046875,208034400,2024-04-04,1553.239990234375
2024-04-05,1555.25,1555.25,1555.969970703125,1547.9599609375,1551.0699462890625,183477400,2024-04-05,1555.25
2024-04-08,1559.97998046875,1559.97998046875,1560.260009765625,1554.1500244140625,1556.780029296875,136336200,2024-04-08,1559.97998046875
2024-04-09,1553.510009765625,1553.510009765625,1565.5699462890625,1553.4300537109375,1559.9100341796875,148751200,2024-04-09,1553.510009765625
2024-04-12,1551.0400390625,1551.0400390625,1556.6400146484375,1548.27001953125,1554.0899658203125,225170600,2024-04-12,1551.0400390625
2024-04-15,1542.530029296875,1542.530029296875,1548.3399658203125,1542.530029296875,1545.449951171875,242539900,2024-04-15,1542.530029296875
2024-04-16,1535.0,1535.0,1541.5899658203125,1532.489990234375,1541.0799560546875,299007700,2024-04-16,1535.0
2024-04-17,1540.4200439453125,1540.4200439453125,1541.8800048828125,1532.949951171875,1535.050048828125,201296200,2024-04-17,1540.4200439453125
2024-04-18,1544.760009765625,1544.760009765625,1548.4599609375,1538.6800537109375,1539.8399658203125,192585300,2024-04-18,1544.760009765625
2024-04-19,1547.5699462890625,1547.5699462890625,1552.449951171875,1545.9000244140625,1546.300048828125,217831000,2024-04-19,1547.5699462890625
2024-04-22,1559.5899658203125,1559.5899658203125,1559.93994140625,1548.3800048828125,1548.5699462890625,162909500,2024-04-22,1559.5899658203125
2024-04-23,1561.6400146484375,1561.6400146484375,1567.5699462890625,1559.81005859375,1559.81005859375,215225200,2024-04-23,1561.6400146484375
2024-04-24,1571.47998046875,1571.47998046875,1572.47998046875,1564.8900146484375,1565.489990234375,217218900,2024-04-24,1571.47998046875
2024-04-25,1569.25,1569.25,1574.449951171875,1569.030029296875,1573.2900390625,229077400,2024-04-25,1569.25
2024-04-26,1575.1600341796875,1575.1600341796875,1575.5699462890625,1566.3399658203125,1567.6700439453125,249177600,2024-04-26,1575.1600341796875
2024-04-29,1582.6600341796875,1582.6600341796875,1583.3399658203125,1575.0,1576.300048828125,284290000,2024-04-29,1582.6600341796875
2024-04-30,1575.969970703125,1575.969970703125,1589.06005859375,1575.969970703125,1583.5799560546875,333275400,2024-04-30,1575.969970703125
2024-05-02,1580.300048828125,1580.300048828125,1582.6800537109375,1574.27001953125,1574.969970703125,246289200,2024-05-02,1580.300048828125
2024-05-03,1589.5899658203125,1589.5899658203125,1590.56005859375,1581.5899658203125,1581.5899658203125,262487200,2024-05-03,1589.5899658203125
2024-05-06,1597.3900146484375,1597.3900146484375,1598.260009765625,1591.1700439453125,1591.800048828125,201147700,2024-05-06,1597.3900146484375
2024-05-07,1605.6800537109375,1605.6800537109375,1610.3199462890625,1600.6600341796875,1600.8499755859375,265320400,2024-05-07,1605.6800537109375
2024-05-08,1604.75,1604.75,1610.25,1602.2900390625,1606.9599609375,216508600,2024-05-08,1604.75
2024-05-09,1601.219970703125,1601.219970703125,1607.3800048828125,1599.2900390625,1606.2099609375,168553600,2024-05-09,1601.219970703125
2024-05-10,1600.6700439453125,1600.6700439453125,1604.0699462890625,1599.8399658203125,1603.4599609375,180639100,2024-05-10,1600.6700439453125
2024-05-13,1602.9100341796875,1602.9100341796875,1604.800048828125,1600.4300537109375,1602.300048828125,163107600,2024-05-13,1602.9100341796875
2024-05-14,1605.8800048828125,1605.8800048828125,1607.4200439453125,1601.43994140625,1601.6199951171875,208290100,2024-05-14,1605.8800048828125
2024-05-15,1603.22998046875,1603.22998046875,1607.6400146484375,1603.22998046875,1605.75,194095600,2024-05-15,1603.22998046875
2024-05-16,1611.1099853515625,1611.1099853515625,1611.5699462890625,1604.3800048828125,1604.3800048828125,183263300,2024-05-16,1611.1099853515625
2024-05-17,1616.6199951171875,1616.6199951171875,1619.449951171875,1611.9300537109375,1612.4200439453125,219231700,2024-05-17,1616.6199951171875
2024-05-20,1627.5,1627.5,1629.81005859375,1618.280029296875,1618.280029296875,200289800,2024-05-20,1627.5
2024-05-21,1622.0899658203125,1622.0899658203125,1628.3800048828125,1620.800048828125,1628.3800048828125,230614000,2024-05-21,1622.0899658203125
2024-05-23,1629.1800537109375,1629.1800537109375,1632.7900390625,1620.6600341796875,1620.6600341796875,249478800,2024-05-23,1629.1800537109375
2024-05-24,1619.4000244140625,1619.4000244140625,1624.9599609375,1614.8299560546875,1624.9599609375,307419100,2024-05-24,1619.4000244140625
2024-05-27,1618.27001953125,1618.27001953125,1622.4000244140625,1617.97998046875,1620.6700439453125,177466500,2024-05-27,1618.27001953125
2024-05-28,1615.8199462890625,1615.8199462890625,1622.9300537109375,1612.9599609375,1620.6500244140625,214978500,2024-05-28,1615.8199462890625
2024-05-29,1605.3499755859375,1605.3499755859375,1614.7099609375,1605.3499755859375,1614.7099609375,218199800,2024-05-29,1605.3499755859375
2024-05-30,1604.260009765625,1604.260009765625,1608.8399658203125,1602.3199462890625,1603.2099609375,219690300,2024-05-30,1604.260009765625
2024-05-31,1596.6800537109375,1596.6800537109375,1612.31005859375,1595.3599853515625,1608.8800048828125,652449300,2024-05-31,1596.6800537109375
2024-06-04,1615.4000244140625,1615.4000244140625,1617.4100341796875,1595.3499755859375,1595.93994140625,280419400,2024-06-04,1615.4000244140625
2024-06-05,1608.530029296875,1608.530029296875,1622.6500244140625,1608.530029296875,1614.81005859375,197151900,2024-06-05,1608.530029296875
2024-06-06,1614.72998046875,1614.72998046875,1617.050048828125,1609.3399658203125,1611.8199462890625,233096300,2024-06-06,1614.72998046875
2024-06-07,1617.8599853515625,1617.8599853515625,1622.489990234375,1614.9300537109375,1615.969970703125,213524300,2024-06-07,1617.8599853515625
2024-06-10,1614.3699951171875,1614.3699951171875,1619.239990234375,1613.010009765625,1619.239990234375,158084400,2024-06-10,1614.3699951171875
2024-06-11,1611.489990234375,1611.489990234375,1617.3699951171875,1609.260009765625,1617.0,273386100,2024-06-11,1611.489990234375
2024-06-12,1608.949951171875,1608.949951171875,1618.989990234375,1608.949951171875,1616.6300048828125,202814000,2024-06-12,1608.949951171875
2024-06-13,1610.1700439453125,1610.1700439453125,1616.8399658203125,1609.1300048828125,1612.5799560546875,218593000,2024-06-13,1610.1700439453125
2024-06-14,1607.3199462890625,1607.3199462890625,1611.9000244140625,1604.47998046875,1611.0,225453600,2024-06-14,1607.3199462890625
2024-06-18,1606.1300048828125,1606.1300048828125,1615.0899658203125,1606.1300048828125,1609.3900146484375,232582800,2024-06-18,1606.1300048828125
2024-06-19,1599.7900390625,1599.7900390625,1609.219970703125,1599.7900390625,1608.469970703125,211950200,2024-06-19,1599.7900390625
2024-06-20,1592.68994140625,1592.68994140625,1596.27001953125,1590.3699951171875,1596.27001953125,189841500,2024-06-20,1592.68994140625
2024-06-21,1590.3699951171875,1590.3699951171875,1598.1600341796875,1590.0,1593.4100341796875,497243500,2024-06-21,1590.3699951171875
2024-06-24,1589.6600341796875,1589.6600341796875,1594.0899658203125,1582.780029296875,1589.8699951171875,218922400,2024-06-24,1589.6600341796875
2024-06-25,1585.3800048828125,1585.3800048828125,1594.7099609375,1582.3499755859375,1589.7099609375,229698100,2024-06-25,1585.3800048828125
2024-06-26,1590.949951171875,1590.949951171875,1593.4200439453125,1581.760009765625,1586.3900146484375,203208300,2024-06-26,1590.949951171875
2024-06-27,1584.93994140625,1584.93994140625,1592.260009765625,1582.31005859375,1591.530029296875,198108200,2024-06-27,1584.93994140625
2024-06-28,1590.0899658203125,1590.0899658203125,1590.0899658203125,1581.52001953125,1583.530029296875,213091600,2024-06-28,1590.0899658203125
2024-07-01,1598.199951171875,1598.199951171875,1598.3599853515625,1587.030029296875,1590.260009765625,163914800,2024-07-01,1598.199951171875
2024-07-02,1597.9599609375,1597.9599609375,1602.52001953125,1595.6199951171875,1598.5799560546875,232831300,2024-07-02,1597.9599609375
2024-07-03,1615.3199462890625,1615.3199462890625,1615.3199462890625,1599.5999755859375,1599.5999755859375,207024100,2024-07-03,1615.3199462890625
2024-07-04,1616.75,1616.75,1619.75,1614.7099609375,1615.9599609375,213023400,2024-07-04,1616.75
2024-07-05,1611.02001953125,1611.02001953125,1616.260009765625,1608.4100341796875,1615.760009765625,151108400,2024-07-05,1611.02001953125
2024-07-09,1614.4200439453125,1614.4200439453125,1618.02001953125,1613.1500244140625,1617.1400146484375,251992400,2024-07-09,1614.4200439453125
2024-07-10,1618.3800048828125,1618.3800048828125,1620.8299560546875,1613.6500244140625,1613.7099609375,223438200,2024-07-10,1618.3800048828125
2024-07-11,1623.1199951171875,1623.1199951171875,1628.3499755859375,1620.02001953125,1621.1600341796875,266203500,2024-07-11,1623.1199951171875
2024-07-12,1619.06005859375,1619.06005859375,1622.969970703125,1616.219970703125,1622.72998046875,235110500,2024-07-12,1619.06005859375
2024-07-15,1629.8199462890625,1629.8199462890625,1632.68994140625,1619.18994140625,1619.8599853515625,224771200,2024-07-15,1629.8199462890625
2024-07-16,1625.9599609375,1625.9599609375,1633.969970703125,1624.3900146484375,1631.72998046875,234839500,2024-07-16,1625.9599609375
2024-07-17,1633.5400390625,1633.5400390625,1638.030029296875,1629.8900146484375,1629.97998046875,205720300,2024-07-17,1633.5400390625
2024-07-18,1633.81005859375,1633.81005859375,1634.239990234375,1627.9300537109375,1633.699951171875,247984400,2024-07-18,1633.81005859375
2024-07-19,1636.550048828125,1636.550048828125,1638.2900390625,1632.530029296875,1634.06005859375,209483800,2024-07-19,1636.550048828125
2024-07-22,1622.0699462890625,1622.0699462890625,1637.1199951171875,1616.739990234375,1637.1199951171875,197940000,2024-07-22,1622.0699462890625
2024-07-23,1629.6800537109375,1629.6800537109375,1632.5,1625.22998046875,1625.22998046875,208960700,2024-07-23,1629.6800537109375
2024-07-24,1621.1400146484375,1621.1400146484375,1631.31005859375,1619.7099609375,1631.31005859375,167169600,2024-07-24,1621.1400146484375
2024-07-25,1615.1800537109375,1615.1800537109375,1618.0,1610.5799560546875,1617.0799560546875,161845600,2024-07-25,1615.1800537109375
2024-07-26,1612.8800048828125,1612.8800048828125,1616.8299560546875,1610.6500244140625,1613.989990234375,157390600,2024-07-26,1612.8800048828125
2024-07-29,1624.56005859375,1624.56005859375,1625.550048828125,1616.3499755859375,1617.1600341796875,169030700,2024-07-29,1624.56005859375
2024-07-30,1611.93994140625,1611.93994140625,1629.3699951171875,1611.93994140625,1624.780029296875,188249200,2024-07-30,1611.93994140625
2024-07-31,1625.5699462890625,1625.5699462890625,1627.93994140625,1611.5999755859375,1613.3299560546875,223534700,2024-07-31,1625.5699462890625
2024-08-01,1624.25,1624.25,1626.3499755859375,1621.43994140625,1625.8699951171875,176147500,2024-08-01,1624.25
2024-08-02,1611.050048828125,1611.050048828125,1619.31005859375,1607.75,1619.31005859375,244657700,2024-08-02,1611.050048828125
2024-08-05,1536.47998046875,1536.47998046875,1593.3599853515625,1532.239990234375,1593.3599853515625,560210500,2024-08-05,1536.47998046875
2024-08-06,1574.3900146484375,1574.3900146484375,1574.3900146484375,1529.0899658203125,1542.1400146484375,352168600,2024-08-06,1574.3900146484375
2024-08-07,1591.8699951171875,1591.8699951171875,1596.5999755859375,1563.77001953125,1576.1199951171875,240479600,2024-08-07,1591.8699951171875
2024-08-08,1590.3800048828125,1590.3800048828125,1593.239990234375,1579.68994140625,1585.9599609375,214625200,2024-08-08,1590.3800048828125
2024-08-09,1596.050048828125,1596.050048828125,1604.06005859375,1591.75,1601.1600341796875,170811600,2024-08-09,1596.050048828125
2024-08-12,1606.6600341796875,1606.6600341796875,1609.5699462890625,1598.530029296875,1598.530029296875,161802300,2024-08-12,1606.6600341796875
2024-08-13,1609.52001953125,1609.52001953125,1609.52001953125,1598.300048828125,1605.8399658203125,165937700,2024-08-13,1609.52001953125
2024-08-14,1612.3499755859375,1612.3499755859375,1613.6300048828125,1606.489990234375,1611.7900390625,168958900,2024-08-14,1612.3499755859375
2024-08-15,1612.93994140625,1612.93994140625,1614.68994140625,1605.68994140625,1614.6300048828125,168628700,2024-08-15,1612.93994140625
2024-08-16,1623.9000244140625,1623.9000244140625,1624.7099609375,1617.1800537109375,1622.199951171875,192800500,2024-08-16,1623.9000244140625
2024-08-19,1648.699951171875,1648.699951171875,1653.3499755859375,1624.5799560546875,1625.1400146484375,400059100,2024-08-19,1648.699951171875
2024-08-20,1642.77001953125,1642.77001953125,1660.2900390625,1637.449951171875,1649.56005859375,435814900,2024-08-20,1642.77001953125
2024-08-21,1635.3199462890625,1635.3199462890625,1646.3800048828125,1633.6400146484375,1641.719970703125,229135100,2024-08-21,1635.3199462890625
2024-08-22,1641.6600341796875,1641.6600341796875,1642.1400146484375,1634.68994140625,1640.3299560546875,258146100,2024-08-22,1641.6600341796875
2024-08-23,1635.739990234375,1635.739990234375,1644.43994140625,1633.31005859375,1643.3299560546875,157513400,2024-08-23,1635.739990234375
2024-08-26,1638.9599609375,1638.9599609375,1643.949951171875,1634.719970703125,1639.8199462890625,191621700,2024-08-26,1638.9599609375
2024-08-27,1652.2900390625,1652.2900390625,1653.1199951171875,1639.1600341796875,1639.1600341796875,281615500,2024-08-27,1652.2900390625
2024-08-28,1675.239990234375,1675.239990234375,1681.3699951171875,1657.77001953125,1657.77001953125,436809600,2024-08-28,1675.239990234375
2024-08-29,1653.550048828125,1653.550048828125,1684.6800537109375,1651.72998046875,1672.949951171875,333067600,2024-08-29,1653.550048828125
2024-08-30,1678.800048828125,1678.800048828125,1679.8499755859375,1651.0999755859375,1658.47998046875,713923400,2024-08-30,1678.800048828125
2024-09-02,1678.18994140625,1678.18994140625,1683.4300537109375,1671.9000244140625,1680.3599853515625,207989000,2024-09-02,1678.18994140625
2024-09-03,1676.6500244140625,1676.6500244140625,1684.06005859375,1673.8599853515625,1677.8199462890625,216652100,2024-09-03,1676.6500244140625
2024-09-04,1670.239990234375,1670.239990234375,1675.530029296875,1662.219970703125,1662.6500244140625,231641900,2024-09-04,1670.239990234375
2024-09-05,1664.8199462890625,1664.8199462890625,1677.4599609375,1663.1800537109375,1670.550048828125,301092500,2024-09-05,1664.8199462890625
2024-09-06,1653.1199951171875,1653.1199951171875,1671.8299560546875,1648.4200439453125,1669.469970703125,338233700,2024-09-06,1653.1199951171875
2024-09-09,1651.489990234375,1651.489990234375,1659.1099853515625,1642.31005859375,1647.199951171875,344983500,2024-09-09,1651.489990234375
2024-09-10,1660.3499755859375,1660.3499755859375,1661.0899658203125,1649.530029296875,1653.800048828125,343812800,2024-09-10,1660.3499755859375
2024-09-11,1639.800048828125,1639.800048828125,1654.3800048828125,1638.9000244140625,1653.5699462890625,289597400,2024-09-11,1639.800048828125
2024-09-12,1638.31005859375,1638.31005859375,1649.8699951171875,1637.9100341796875,1644.0400390625,260029100,2024-09-12,1638.31005859375
2024-09-13,1652.1500244140625,1652.1500244140625,1652.25,1638.43994140625,1642.6300048828125,234704000,2024-09-13,1652.1500244140625
2024-09-17,1664.280029296875,1664.280029296875,1664.989990234375,1651.550048828125,1654.31005859375,0,2024-09-17,1664.280029296875
2024-09-18,1660.5899658203125,1660.5899658203125,1664.780029296875,1654.0,1664.3299560546875,174843900,2024-09-18,1660.5899658203125
2024-09-19,1665.6500244140625,1665.6500244140625,1665.8399658203125,1657.1300048828125,1663.27001953125,297365300,2024-09-19,1665.6500244140625
2024-09-20,1668.8199462890625,1668.8199462890625,1674.0400390625,1668.47998046875,1670.6800537109375,512720600,2024-09-20,1668.8199462890625
2024-09-23,1665.300048828125,1665.300048828125,1671.6199951171875,1658.47998046875,1669.9100341796875,234422400,2024-09-23,1665.300048828125
2024-09-24,1670.3699951171875,1670.3699951171875,1671.469970703125,1665.510009765625,1667.25,209130800,2024-09-24,1670.3699951171875
2024-09-25,1673.3800048828125,1673.3800048828125,1675.72998046875,1665.18994140625,1674.06005859375,239938800,2024-09-25,1673.3800048828125
2024-09-26,1671.3199462890625,1671.3199462890625,1672.5999755859375,1666.18994140625,1670.18994140625,223455500,2024-09-26,1671.3199462890625
2024-09-27,1660.0899658203125,1660.0899658203125,1668.5899658203125,1658.489990234375,1668.5899658203125,204790600,2024-09-27,1660.0899658203125
2024-09-30,1648.9100341796875,1648.9100341796875,1661.8900146484375,1647.280029296875,1661.8900146484375,279911900,2024-09-30,1648.9100341796875
2024-10-01,1656.3900146484375,1656.3900146484375,1657.3199462890625,1643.1099853515625,1647.4200439453125,175516900,2024-10-01,1656.3900146484375
2024-10-02,1639.31005859375,1639.31005859375,1647.300048828125,1633.0799560546875,1642.780029296875,209417000,2024-10-02,1639.31005859375
2024-10-03,1641.550048828125,1641.550048828125,1643.8199462890625,1630.449951171875,1640.699951171875,196807000,2024-10-03,1641.550048828125
2024-10-04,1629.969970703125,1629.969970703125,1639.2900390625,1625.3499755859375,1638.489990234375,207710900,2024-10-04,1629.969970703125
2024-10-07,1635.2900390625,1635.2900390625,1637.2900390625,1628.1199951171875,1633.5799560546875,204278000,2024-10-07,1635.2900390625
2024-10-08,1635.6199951171875,1635.6199951171875,1638.8699951171875,1629.219970703125,1631.6300048828125,217848800,2024-10-08,1635.6199951171875
2024-10-09,1634.9100341796875,1634.9100341796875,1642.2900390625,1634.9100341796875,1637.6600341796875,157353300,2024-10-09,1634.9100341796875
2024-10-10,1640.93994140625,1640.93994140625,1646.1400146484375,1638.6700439453125,1639.75,146543200,2024-10-10,1640.93994140625
2024-10-11,1633.550048828125,1633.550048828125,1643.0699462890625,1631.8900146484375,1635.7900390625,301967800,2024-10-11,1633.550048828125
2024-10-14,1636.5400390625,1636.5400390625,1642.56005859375,1632.3699951171875,1637.1700439453125,208720300,2024-10-14,1636.5400390625
2024-10-15,1641.969970703125,1641.969970703125,1643.6400146484375,1636.8900146484375,1638.56005859375,274146500,2024-10-15,1641.969970703125
2024-10-16,1632.6300048828125,1632.6300048828125,1643.800048828125,1629.81005859375,1643.800048828125,272688900,2024-10-16,1632.6300048828125
2024-10-17,1641.43994140625,1641.43994140625,1642.9300537109375,1633.719970703125,1634.469970703125,178991000,2024-10-17,1641.43994140625
2024-10-18,1645.989990234375,1645.989990234375,1649.31005859375,1641.7099609375,1643.2900390625,166904600,2024-10-18,1645.989990234375
2024-10-21,1645.6800537109375,1645.6800537109375,1648.050048828125,1642.52001953125,1646.7099609375,130424800,2024-10-21,1645.6800537109375
2024-10-22,1642.5400390625,1642.5400390625,1648.31005859375,1642.3499755859375,1647.4599609375,166832000,2024-10-22,1642.5400390625
2024-10-23,1641.530029296875,1641.530029296875,1645.9000244140625,1641.530029296875,1644.2099609375,157102800,2024-10-23,1641.530029296875
2024-10-24,1632.22998046875,1632.22998046875,1643.0799560546875,1632.22998046875,1639.050048828125,183426400,2024-10-24,1632.22998046875
2024-10-25,1618.300048828125,1618.300048828125,1635.280029296875,1617.5999755859375,1633.02001953125,187850900,2024-10-25,1618.300048828125
2024-10-28,1610.469970703125,1610.469970703125,1630.3900146484375,1609.8699951171875,1622.3399658203125,165445500,2024-10-28,1610.469970703125
2024-10-29,1615.0799560546875,1615.0799560546875,1619.050048828125,1609.699951171875,1612.3699951171875,191664000,2024-10-29,1615.0799560546875
2024-10-30,1601.8800048828125,1601.8800048828125,1615.3599853515625,1601.449951171875,1614.9000244140625,258086300,2024-10-30,1601.8800048828125
2024-11-01,1603.97998046875,1603.97998046875,1607.0400390625,1589.27001953125,1591.06005859375,200505300,2024-11-01,1603.97998046875
2024-11-04,1616.4300537109375,1616.4300537109375,1616.4300537109375,1607.75,1607.75,149138400,2024-11-04,1616.4300537109375
2024-11-05,1620.699951171875,1620.699951171875,1620.699951171875,1613.9100341796875,1618.199951171875,165303900,2024-11-05,1620.699951171875
2024-11-06,1634.1700439453125,1634.1700439453125,1634.1700439453125,1623.52001953125,1624.4100341796875,186223800,2024-11-06,1634.1700439453125
2024-11-07,1623.280029296875,1623.280029296875,1639.550048828125,1622.75,1636.1400146484375,248637300,2024-11-07,1623.280029296875
2024-11-08,1621.239990234375,1621.239990234375,1627.6199951171875,1621.239990234375,1627.6199951171875,124916600,2024-11-08,1621.239990234375
2024-11-11,1609.260009765625,1609.260009765625,1627.22998046875,1609.239990234375,1625.6300048828125,139228000,2024-11-11,1609.260009765625
2024-11-12,1608.4300537109375,1608.4300537109375,1615.9599609375,1605.4300537109375,1610.02001953125,188480100,2024-11-12,1608.4300537109375
2024-11-13,1611.5,1611.5,1611.5400390625,1602.7099609375,1608.6099853515625,137174800,2024-11-13,1611.5
2024-11-14,1600.6800537109375,1600.6800537109375,1615.8399658203125,1598.6400146484375,1614.8900146484375,196289600,2024-11-14,1600.6800537109375
2024-11-15,1592.43994140625,1592.43994140625,1604.510009765625,1592.43994140625,1601.4300537109375,256533800,2024-11-15,1592.43994140625
2024-11-18,1604.0400390625,1604.0400390625,1605.4100341796875,1591.489990234375,1592.9100341796875,173933200,2024-11-18,1604.0400390625
2024-11-19,1602.3399658203125,1602.3399658203125,1608.8800048828125,1601.02001953125,1603.1800537109375,161534500,2024-11-19,1602.3399658203125
2024-11-20,1598.1800537109375,1598.1800537109375,1606.280029296875,1594.510009765625,1602.8800048828125,185770600,2024-11-20,1598.1800537109375
2024-11-21,1588.6800537109375,1588.6800537109375,1599.93994140625,1588.6800537109375,1599.81005859375,204393700,2024-11-21,1588.6800537109375
2024-11-22,1589.780029296875,1589.780029296875,1593.8499755859375,1587.739990234375,1593.0400390625,204266200,2024-11-22,1589.780029296875
2024-11-25,1597.449951171875,1597.449951171875,1609.2900390625,1588.4599609375,1593.8699951171875,637394100,2024-11-25,1597.449951171875
2024-11-26,1603.1500244140625,1603.1500244140625,1607.760009765625,1596.030029296875,1600.5,176537000,2024-11-26,1603.1500244140625
2024-11-27,1604.25,1604.25,1609.4100341796875,1600.8299560546875,1601.3399658203125,244744300,2024-11-27,1604.25
2024-11-28,1597.489990234375,1597.489990234375,1608.010009765625,1597.489990234375,1606.3199462890625,186825600,2024-11-28,1597.489990234375
2024-11-29,1594.2900390625,1594.2900390625,1603.5899658203125,1586.3900146484375,1596.3599853515625,264216600,2024-11-29,1594.2900390625
2024-12-02,1595.47998046875,1595.47998046875,1603.93994140625,1593.3699951171875,1596.8399658203125,169145800,2024-12-02,1595.47998046875
2024-12-03,1606.9599609375,1606.9599609375,1606.9599609375,1594.0699462890625,1599.3199462890625,275533700,2024-12-03,1606.9599609375
2024-12-04,1614.0899658203125,1614.0899658203125,1616.030029296875,1606.530029296875,1606.969970703125,231303800,2024-12-04,1614.0899658203125
2024-12-05,1615.6400146484375,1615.6400146484375,1617.780029296875,1610.77001953125,1616.1400146484375,190971200,2024-12-05,1615.6400146484375
2024-12-06,1613.25,1613.25,1617.5699462890625,1611.25,1615.8499755859375,219299100,2024-12-06,1613.25
2024-12-09,1611.4300537109375,1611.4300537109375,1611.4300537109375,1602.93994140625,1610.6199951171875,151300500,2024-12-09,1611.4300537109375
2024-12-10,1608.969970703125,1608.969970703125,1615.9300537109375,1607.8800048828125,1612.6500244140625,182557200,2024-12-10,1608.969970703125
2024-12-11,1603.199951171875,1603.199951171875,1605.010009765625,1598.9300537109375,1603.18994140625,178589300,2024-12-11,1603.199951171875
2024-12-12,1602.0799560546875,1602.0799560546875,1605.949951171875,1597.1199951171875,1601.8299560546875,160848300,2024-12-12,1602.0799560546875
2024-12-13,1608.75,1608.75,1611.97998046875,1603.739990234375,1603.8599853515625,145118100,2024-12-13,1608.75
2024-12-16,1606.8499755859375,1606.8499755859375,1609.4300537109375,1603.2099609375,1608.8800048828125,142536000,2024-12-16,1606.8499755859375
2024-12-17,1597.3299560546875,1597.3299560546875,1606.81005859375,1594.510009765625,1605.260009765625,179740700,2024-12-17,1597.3299560546875
2024-12-18,1599.5799560546875,1599.5799560546875,1602.3800048828125,1594.75,1597.3299560546875,145107900,2024-12-18,1599.5799560546875
2024-12-19,1600.0899658203125,1600.0899658203125,1600.72998046875,1590.8299560546875,1595.1800537109375,310879600,2024-12-19,1600.0899658203125
2024-12-20,1591.4100341796875,1591.4100341796875,1606.280029296875,1591.4100341796875,1600.4100341796875,419509500,2024-12-20,1591.4100341796875
2024-12-23,1596.199951171875,1596.199951171875,1601.9000244140625,1592.5699462890625,1594.0999755859375,164811900,2024-12-23,1596.199951171875
2024-12-24,1602.989990234375,1602.989990234375,1603.8900146484375,1596.6400146484375,1596.6400146484375,95048400,2024-12-24,1602.989990234375
2024-12-26,1613.699951171875,1613.699951171875,1615.280029296875,1602.7900390625,1603.5799560546875,120934600,2024-12-26,1613.699951171875
2024-12-27,1628.1400146484375,1628.1400146484375,1632.6300048828125,1616.68994140625,1617.56005859375,130614200,2024-12-27,1628.1400146484375
2024-12-30,1637.6800537109375,1637.6800537109375,1638.56005859375,1624.9200439453125,1626.1400146484375,134711300,2024-12-30,1637.6800537109375
2024-12-31,1642.3299560546875,1642.3299560546875,1644.5400390625,1632.8499755859375,1638.4300537109375,161319700,2024-12-31,1642.3299560546875
2025-01-02,1632.8699951171875,1632.8699951171875,1641.3199462890625,1629.22998046875,1641.3199462890625,105628200,2025-01-02,1632.8699951171875
2025-01-03,1629.4599609375,1629.4599609375,1636.0799560546875,1626.0400390625,1634.93994140625,165072500,2025-01-03,1629.4599609375
2025-01-06,1625.469970703125,1625.469970703125,1631.7099609375,1623.6400146484375,1629.739990234375,152866300,2025-01-06,1625.469970703125
2025-01-07,1629.7900390625,1629.7900390625,1634.27001953125,1624.5,1624.5,264411300,2025-01-07,1629.7900390625
2025-01-08,1614.8299560546875,1614.8299560546875,1631.1500244140625,1614.8299560546875,1628.9200439453125,235170400,2025-01-08,1614.8299560546875
2025-01-09,1600.81005859375,1600.81005859375,1618.1700439453125,1600.75,1618.1700439453125,237734300,2025-01-09,1600.81005859375
2025-01-10,1602.4100341796875,1602.4100341796875,1605.739990234375,1599.7099609375,1603.5400390625,183779800,2025-01-10,1602.4100341796875
2025-01-13,1585.5899658203125,1585.5899658203125,1599.3599853515625,1578.969970703125,1598.9599609375,225808500,2025-01-13,1585.5899658203125
2025-01-14,1576.4599609375,1576.4599609375,1599.4300537109375,1576.4599609375,1592.969970703125,258188800,2025-01-14,1576.4599609375
2025-01-15,1562.1199951171875,1562.1199951171875,1586.2099609375,1558.5999755859375,1582.3299560546875,291412300,2025-01-15,1562.1199951171875
2025-01-16,1555.5400390625,1555.5400390625,1576.5699462890625,1555.5400390625,1572.6099853515625,262005600,2025-01-16,1555.5400390625
2025-01-17,1566.719970703125,1566.719970703125,1569.4300537109375,1545.6700439453125,1553.4300537109375,319234200,2025-01-17,1566.719970703125
2025-01-20,1572.3399658203125,1572.3399658203125,1575.1099853515625,1563.47998046875,1571.1400146484375,206696900,2025-01-20,1572.3399658203125
2025-01-21,1580.4599609375,1580.4599609375,1582.3199462890625,1570.969970703125,1574.9100341796875,207221800,2025-01-21,1580.4599609375
2025-01-22,1587.800048828125,1587.800048828125,1590.81005859375,1581.4000244140625,1583.219970703125,175761600,2025-01-22,1587.800048828125
2025-01-23,1577.199951171875,1577.199951171875,1586.52001953125,1575.6700439453125,1586.52001953125,174593300,2025-01-23,1577.199951171875
2025-01-24,1573.72998046875,1573.72998046875,1577.5,1566.8399658203125,1577.5,364513300,2025-01-24,1573.72998046875
2025-01-27,1558.969970703125,1558.969970703125,1573.31005859375,1558.969970703125,1573.31005859375,249788000,2025-01-27,1558.969970703125
2025-01-28,1552.68994140625,1552.68994140625,1557.43994140625,1544.8699951171875,1557.43994140625,252246900,2025-01-28,1552.68994140625
2025-01-31,1556.9200439453125,1556.9200439453125,1563.030029296875,1545.8399658203125,1553.780029296875,244494100,2025-01-31,1556.9200439453125
2025-02-03,1553.6300048828125,1553.6300048828125,1556.739990234375,1546.6800537109375,1547.56005859375,143945600,2025-02-03,1553.6300048828125
2025-02-04,1564.56005859375,1564.56005859375,1564.969970703125,1554.5899658203125,1557.030029296875,172653100,2025-02-04,1564.56005859375
2025-02-05,1574.510009765625,1574.510009765625,1576.449951171875,1564.4300537109375,1565.6300048828125,215008500,2025-02-05,1574.510009765625
2025-02-06,1585.1700439453125,1585.1700439453125,1585.1700439453125,1573.9000244140625,1576.4300537109375,150941600,2025-02-06,1585.1700439453125
2025-02-07,1590.9100341796875,1590.9100341796875,1591.489990234375,1582.9200439453125,1583.6199951171875,181303100,2025-02-07,1590.9100341796875
2025-02-10,1589.949951171875,1589.949951171875,1590.489990234375,1584.199951171875,1587.6500244140625,152037700,2025-02-10,1589.949951171875
2025-02-12,1603.050048828125,1603.050048828125,1603.050048828125,1592.3199462890625,1592.3199462890625,231113400,2025-02-12,1603.050048828125
2025-02-13,1592.280029296875,1592.280029296875,1605.47998046875,1592.199951171875,1601.97998046875,162305100,2025-02-13,1592.280029296875
2025-02-14,1591.5999755859375,1591.5999755859375,1595.010009765625,1587.5799560546875,1592.9100341796875,155369300,2025-02-14,1591.5999755859375
2025-02-17,1582.760009765625,1582.760009765625,1592.47998046875,1580.93994140625,1592.47998046875,133784600,2025-02-17,1582.760009765625
2025-02-18,1584.8399658203125,1584.8399658203125,1584.8399658203125,1575.6800537109375,1580.219970703125,164129600,2025-02-18,1584.8399658203125
2025-02-19,1580.8800048828125,1580.8800048828125,1583.75,1578.8900146484375,1583.219970703125,162777600,2025-02-19,1580.8800048828125
2025-02-20,1577.6700439453125,1577.6700439453125,1581.489990234375,1572.510009765625,1580.6199951171875,185999400,2025-02-20,1577.6700439453125
2025-02-21,1591.030029296875,1591.030029296875,1591.030029296875,1578.1400146484375,1579.9200439453125,228060300,2025-02-21,1591.030029296875
2025-02-24,1584.25,1584.25,1586.3900146484375,1577.949951171875,1586.3900146484375,181639400,2025-02-24,1584.25
2025-02-25,1568.030029296875,1568.030029296875,1583.739990234375,1564.3199462890625,1582.72998046875,207845600,2025-02-25,1568.030029296875
2025-02-26,1588.7099609375,1588.7099609375,1588.7099609375,1565.4599609375,1566.27001953125,187285900,2025-02-26,1588.7099609375
2025-02-27,1586.5999755859375,1586.5999755859375,1588.2900390625,1583.449951171875,1587.989990234375,199594400,2025-02-27,1586.5999755859375
2025-02-28,1574.699951171875,1574.699951171875,1581.969970703125,1573.8199462890625,1581.969970703125,587048700,2025-02-28,1574.699951171875
2025-03-03,1571.3900146484375,1571.3900146484375,1580.800048828125,1568.5899658203125,1572.27001953125,170194100,2025-03-03,1571.3900146484375
2025-03-04,1555.6600341796875,1555.6600341796875,1564.260009765625,1555.0400390625,1561.699951171875,219136200,2025-03-04,1555.6600341796875
2025-03-05,1564.4200439453125,1564.4200439453125,1569.6099853515625,1560.56005859375,1560.56005859375,241461300,2025-03-05,1564.4200439453125
2025-03-06,1558.9100341796875,1558.9100341796875,1569.4300537109375,1554.8499755859375,1568.949951171875,221145000,2025-03-06,1558.9100341796875
2025-03-07,1547.27001953125,1547.27001953125,1556.4599609375,1543.2099609375,1555.75,202245800,2025-03-07,1547.27001953125
2025-03-10,1536.4599609375,1536.4599609375,1550.0,1536.4599609375,1545.5799560546875,190074000,2025-03-10,1536.4599609375
2025-03-11,1520.1500244140625,1520.1500244140625,1527.18994140625,1514.47998046875,1526.010009765625,275241700,2025-03-11,1520.1500244140625
2025-03-12,1484.8299560546875,1484.8299560546875,1505.3299560546875,1478.8399658203125,1504.7099609375,411940800,2025-03-12,1484.8299560546875
2025-03-13,1510.030029296875,1510.030029296875,1513.969970703125,1487.0,1488.7900390625,298233900,2025-03-13,1510.030029296875
2025-03-14,1512.1500244140625,1512.1500244140625,1516.25,1493.2900390625,1499.949951171875,244594300,2025-03-14,1512.1500244140625
2025-03-17,1527.81005859375,1527.81005859375,1531.6300048828125,1517.5799560546875,1517.5799560546875,228162100,2025-03-17,1527.81005859375
2025-03-19,1517.6600341796875,1517.6600341796875,1523.3900146484375,1512.2099609375,1513.2900390625,293983100,2025-03-19,1517.6600341796875
2025-03-20,1504.1600341796875,1504.1600341796875,1524.22998046875,1504.1400146484375,1522.4000244140625,260956200,2025-03-20,1504.1600341796875
2025-03-21,1505.449951171875,1505.449951171875,1513.22998046875,1503.7099609375,1503.8699951171875,463348500,2025-03-21,1505.449951171875
2025-03-24,1503.8199462890625,1503.8199462890625,1508.9000244140625,1502.97998046875,1506.5,143484800,2025-03-24,1503.8199462890625
2025-03-25,1513.5999755859375,1513.5999755859375,1515.8699951171875,1509.4000244140625,1510.0699462890625,234960900,2025-03-25,1513.5999755859375
2025-03-26,1518.050048828125,1518.050048828125,1525.72998046875,1514.6500244140625,1516.6099853515625,227859000,2025-03-26,1518.050048828125
2025-03-27,1535.72998046875,1535.72998046875,1535.72998046875,1512.81005859375,1513.0799560546875,251004300,2025-03-27,1535.72998046875
2025-03-28,1513.6500244140625,1513.6500244140625,1533.52001953125,1513.6500244140625,1531.5699462890625,214329300,2025-03-28,1513.6500244140625
2025-04-02,1526.52001953125,1526.52001953125,1526.52001953125,1514.0799560546875,1517.1400146484375,192846200,2025-04-02,1526.52001953125
2025-04-03,1518.9100341796875,1518.9100341796875,1524.4100341796875,1512.3199462890625,1517.300048828125,135519700,2025-04-03,1518.9100341796875
2025-04-04,1504.1400146484375,1504.1400146484375,1515.739990234375,1500.9000244140625,1509.010009765625,167969200,2025-04-04,1504.1400146484375
2025-04-07,1443.800048828125,1443.800048828125,1475.31005859375,1419.050048828125,1475.31005859375,433196400,2025-04-07,1443.800048828125
2025-04-08,1443.56005859375,1443.56005859375,1454.5799560546875,1440.8900146484375,1451.4300537109375,270115200,2025-04-08,1443.56005859375
2025-04-09,1400.5899658203125,1400.5899658203125,1438.989990234375,1386.6300048828125,1437.010009765625,388230000,2025-04-09,1400.5899658203125
2025-04-10,1463.1300048828125,1463.1300048828125,1473.3599853515625,1453.1300048828125,1464.300048828125,329775100,2025-04-10,1463.1300048828125
2025-04-11,1454.760009765625,1454.760009765625,1462.1500244140625,1434.9200439453125,1441.6600341796875,222545200,2025-04-11,1454.760009765625
2025-04-14,1480.8599853515625,1480.8599853515625,1480.8599853515625,1472.1400146484375,1474.050048828125,170780900,2025-04-14,1480.8599853515625
2025-04-15,1486.4300537109375,1486.4300537109375,1489.9000244140625,1480.02001953125,1484.010009765625,160107300,2025-04-15,1486.4300537109375
2025-04-16,1476.9200439453125,1476.9200439453125,1487.5,1472.8399658203125,1486.449951171875,127491300,2025-04-16,1476.9200439453125
2025-04-17,1483.27001953125,1483.27001953125,1487.27001953125,1473.2099609375,1475.1700439453125,147707100,2025-04-17,1483.27001953125
2025-04-18,1499.4000244140625,1499.4000244140625,1499.4000244140625,1480.52001953125,1481.6400146484375,92423500,2025-04-18,1499.4000244140625
2025-04-21,1499.469970703125,1499.469970703125,1502.0799560546875,1494.27001953125,1502.0799560546875,90688500,2025-04-21,1499.469970703125
2025-04-22,1486.25,1486.25,1492.43994140625,1482.699951171875,1492.43994140625,146820900,2025-04-22,1486.25
2025-04-23,1501.18994140625,1501.18994140625,1501.18994140625,1493.260009765625,1497.3599853515625,185262000,2025-04-23,1501.18994140625
2025-04-24,1506.52001953125,1506.52001953125,1507.449951171875,1500.4000244140625,1500.550048828125,177143300,2025-04-24,1506.52001953125
2025-04-25,1509.199951171875,1509.199951171875,1512.2900390625,1505.6800537109375,1511.6400146484375,144754400,2025-04-25,1509.199951171875
2025-04-28,1521.5899658203125,1521.5899658203125,1521.5899658203125,1511.47998046875,1511.8299560546875,115127200,2025-04-28,1521.5899658203125
2025-04-29,1515.56005859375,1515.56005859375,1524.5,1515.56005859375,1520.97998046875,124750500,2025-04-29,1515.56005859375
2025-04-30,1540.219970703125,1540.219970703125,1540.219970703125,1518.0699462890625,1518.0699462890625,193655400,2025-04-30,1540.219970703125
2025-05-02,1542.489990234375,1542.489990234375,1542.489990234375,1532.22998046875,1537.4200439453125,197063700,2025-05-02,1542.489990234375
2025-05-05,1539.5400390625,1539.5400390625,1548.949951171875,1534.52001953125,1541.780029296875,165133400,2025-05-05,1539.5400390625
2025-05-06,1536.800048828125,1536.800048828125,1544.97998046875,1533.1500244140625,1540.6400146484375,156487400,2025-05-06,1536.800048828125
2025-05-07,1549.9000244140625,1549.9000244140625,1549.9000244140625,1536.56005859375,1536.56005859375,227016800,2025-05-07,1549.9000244140625
2025-05-08,1542.739990234375,1542.739990234375,1551.5899658203125,1541.449951171875,1550.2099609375,224050100,2025-05-08,1542.739990234375
2025-05-09,1546.5,1546.5,1547.739990234375,1542.739990234375,1544.989990234375,135391100,2025-05-09,1546.5
2025-05-13,1582.3900146484375,1582.3900146484375,1582.550048828125,1561.3900146484375,1561.3900146484375,386090800,2025-05-13,1582.3900146484375
2025-05-14,1583.510009765625,1583.510009765625,1583.6700439453125,1573.43994140625,1583.22998046875,230706300,2025-05-14,1583.510009765625
2025-05-15,1573.02001953125,1573.02001953125,1586.8499755859375,1572.27001953125,1582.75,182969300,2025-05-15,1573.02001953125
2025-05-16,1571.75,1571.75,1580.06005859375,1568.699951171875,1575.5999755859375,176460500,2025-05-16,1571.75
2025-05-19,1556.1400146484375,1556.1400146484375,1566.5699462890625,1550.9300537109375,1566.5699462890625,183818900,2025-05-19,1556.1400146484375
2025-05-20,1548.8699951171875,1548.8699951171875,1561.0999755859375,1545.77001953125,1556.9200439453125,191012100,2025-05-20,1548.8699951171875
2025-05-21,1544.800048828125,1544.800048828125,1553.8399658203125,1542.469970703125,1552.93994140625,197463300,2025-05-21,1544.800048828125
2025-05-22,1527.02001953125,1527.02001953125,1541.4599609375,1527.02001953125,1541.4599609375,202422700,2025-05-22,1527.02001953125
2025-05-23,1535.3800048828125,1535.3800048828125,1536.75,1531.760009765625,1531.9300537109375,199840200,2025-05-23,1535.3800048828125
2025-05-26,1534.300048828125,1534.300048828125,1537.27001953125,1528.9300537109375,1536.3299560546875,121986000,2025-05-26,1534.300048828125
2025-05-27,1526.1600341796875,1526.1600341796875,1535.4100341796875,1521.9300537109375,1535.239990234375,186428700,2025-05-27,1526.1600341796875
2025-05-28,1523.47998046875,1523.47998046875,1532.800048828125,1523.47998046875,1530.1400146484375,194154500,2025-05-28,1523.47998046875
2025-05-29,1518.97998046875,1518.97998046875,1526.93994140625,1518.3800048828125,1525.5999755859375,174288200,2025-05-29,1518.97998046875
2025-05-30,1508.3499755859375,1508.3499755859375,1522.06005859375,1508.3499755859375,1521.219970703125,518591100,2025-05-30,1508.3499755859375
2025-06-03,1503.25,1503.25,1514.1199951171875,1497.4200439453125,1512.719970703125,185951100,2025-06-03,1503.25
2025-06-04,1507.969970703125,1507.969970703125,1507.969970703125,1501.1099853515625,1507.0999755859375,216742500,2025-06-04,1507.969970703125
2025-06-05,1518.1199951171875,1518.1199951171875,1520.3399658203125,1509.25,1510.699951171875,253379700,2025-06-05,1518.1199951171875
2025-06-06,1516.7900390625,1516.7900390625,1518.7099609375,1513.3900146484375,1516.9100341796875,152100800,2025-06-06,1516.7900390625
2025-06-09,1519.4100341796875,1519.4100341796875,1521.6400146484375,1518.030029296875,1518.06005859375,144419200,2025-06-09,1519.4100341796875
2025-06-10,1516.949951171875,1516.949951171875,1522.4300537109375,1516.22998046875,1519.7099609375,173082800,2025-06-10,1516.949951171875
2025-06-11,1523.8399658203125,1523.8399658203125,1530.8499755859375,1520.8599853515625,1520.8599853515625,275860200,2025-06-11,1523.8399658203125
2025-06-12,1526.6199951171875,1526.6199951171875,1528.719970703125,1523.219970703125,1527.7099609375,189752800,2025-06-12,1526.6199951171875
2025-06-13,1518.1099853515625,1518.1099853515625,1522.699951171875,1515.0999755859375,1522.469970703125,160097400,2025-06-13,1518.1099853515625
2025-06-16,1519.989990234375,1519.989990234375,1521.3800048828125,1512.260009765625,1517.8699951171875,166021000,2025-06-16,1519.989990234375
2025-06-17,1511.6400146484375,1511.6400146484375,1520.8900146484375,1510.9200439453125,1518.8199462890625,147877300,2025-06-17,1511.6400146484375
2025-06-18,1511.949951171875,1511.949951171875,1512.9599609375,1509.4200439453125,1511.8900146484375,153701600,2025-06-18,1511.949951171875
2025-06-19,1501.43994140625,1501.43994140625,1512.93994140625,1501.3800048828125,1512.93994140625,123664800,2025-06-19,1501.43994140625
2025-06-20,1502.739990234375,1502.739990234375,1507.969970703125,1500.0400390625,1500.93994140625,404511300,2025-06-20,1502.739990234375
2025-06-23,1516.6099853515625,1516.6099853515625,1516.6099853515625,1488.8900146484375,1493.18994140625,152617200,2025-06-23,1516.6099853515625
2025-06-24,1514.2900390625,1514.2900390625,1519.06005859375,1511.0899658203125,1514.25,166304200,2025-06-24,1514.2900390625
2025-06-25,1519.7900390625,1519.7900390625,1524.7099609375,1515.8599853515625,1518.6700439453125,180417200,2025-06-25,1519.7900390625
2025-06-26,1528.1600341796875,1528.1600341796875,1528.1600341796875,1520.239990234375,1520.239990234375,214545600,2025-06-26,1528.1600341796875
2025-06-30,1532.9599609375,1532.9599609375,1538.0999755859375,1526.300048828125,1533.4100341796875,275196200,2025-06-30,1532.9599609375
2025-07-01,1541.530029296875,1541.530029296875,1541.530029296875,1532.2900390625,1533.989990234375,210974600,2025-07-01,1541.530029296875
2025-07-02,1550.2099609375,1550.2099609375,1550.2099609375,1539.1800537109375,1539.72998046875,227442000,2025-07-02,1550.2099609375
2025-07-03,1548.989990234375,1548.989990234375,1548.989990234375,1540.3499755859375,1546.1400146484375,246417400,2025-07-03,1548.989990234375
2025-07-04,1550.18994140625,1550.18994140625,1551.780029296875,1547.699951171875,1550.739990234375,213981000,2025-07-04,1550.18994140625
2025-07-07,1537.5400390625,1537.5400390625,1544.739990234375,1534.6700439453125,1544.739990234375,239519500,2025-07-07,1537.5400390625
2025-07-08,1530.1400146484375,1530.1400146484375,1531.1400146484375,1526.27001953125,1529.68994140625,175341200,2025-07-08,1530.1400146484375
2025-07-09,1529.239990234375,1529.239990234375,1532.6199951171875,1523.2099609375,1529.0,164963400,2025-07-09,1529.239990234375
2025-07-10,1536.52001953125,1536.52001953125,1536.52001953125,1523.25,1531.4300537109375,204036900,2025-07-10,1536.52001953125
2025-07-11,1536.0699462890625,1536.0699462890625,1541.93994140625,1530.77001953125,1537.8800048828125,195392700,2025-07-11,1536.0699462890625
2025-07-14,1537.510009765625,1537.510009765625,1538.3299560546875,1533.9300537109375,1535.56005859375,115095900,2025-07-14,1537.510009765625
2025-07-15,1525.4000244140625,1525.4000244140625,1538.56005859375,1525.4000244140625,1536.06005859375,165557600,2025-07-15,1525.4000244140625
2025-07-16,1511.5,1511.5,1526.2900390625,1510.1400146484375,1523.77001953125,178459700,2025-07-16,1511.5
2025-07-17,1520.93994140625,1520.93994140625,1521.1500244140625,1511.6400146484375,1511.8900146484375,197536400,2025-07-17,1520.93994140625
2025-07-18,1525.8599853515625,1525.8599853515625,1529.52001953125,1522.969970703125,1522.969970703125,231202000,2025-07-18,1525.8599853515625
2025-07-21,1524.5899658203125,1524.5899658203125,1526.699951171875,1520.02001953125,1526.4599609375,160470400,2025-07-21,1524.5899658203125
2025-07-22,1519.4000244140625,1519.4000244140625,1527.9000244140625,1518.75,1526.2900390625,123201100,2025-07-22,1519.4000244140625
2025-07-23,1529.7900390625,1529.7900390625,1529.7900390625,1519.47998046875,1519.47998046875,163155000,2025-07-23,1529.7900390625
2025-07-24,1540.3199462890625,1540.3199462890625,1540.3199462890625,1529.7099609375,1531.050048828125,171355500,2025-07-24,1540.3199462890625
2025-07-25,1533.760009765625,1533.760009765625,1539.8199462890625,1525.97998046875,1538.6600341796875,156077500,2025-07-25,1533.760009765625
2025-07-28,1529.3800048828125,1529.3800048828125,1539.3800048828125,1528.3399658203125,1538.050048828125,180890200,2025-07-28,1529.3800048828125
2025-07-29,1523.8199462890625,1523.8199462890625,1537.6199951171875,1523.8199462890625,1529.5799560546875,177935200,2025-07-29,1523.8199462890625
2025-07-30,1524.5,1524.5,1524.5,1516.9599609375,1524.0999755859375,164771700,2025-07-30,1524.5
2025-07-31,1513.25,1513.25,1524.050048828125,1513.25,1523.989990234375,275598100,2025-07-31,1513.25
2025-08-01,1533.3499755859375,1533.3499755859375,1534.47998046875,1519.1700439453125,1519.8699951171875,146055100,2025-08-01,1533.3499755859375
2025-08-04,1526.97998046875,1526.97998046875,1530.280029296875,1522.9599609375,1530.280029296875,127162100,2025-08-04,1526.97998046875
2025-08-05,1538.6400146484375,1538.6400146484375,1538.6400146484375,1528.6300048828125,1528.6300048828125,239523700,2025-08-05,1538.6400146484375
2025-08-06,1541.47998046875,1541.47998046875,1542.8900146484375,1533.06005859375,1537.9200439453125,186087600,2025-08-06,1541.47998046875
2025-08-07,1549.1099853515625,1549.1099853515625,1549.1099853515625,1537.739990234375,1540.5,177650300,2025-08-07,1549.1099853515625
2025-08-08,1556.97998046875,1556.97998046875,1556.97998046875,1546.4100341796875,1549.0,215176600,2025-08-08,1556.97998046875
2025-08-11,1563.239990234375,1563.239990234375,1565.43994140625,1554.949951171875,1557.739990234375,186306900,2025-08-11,1563.239990234375
2025-08-12,1567.9000244140625,1567.9000244140625,1572.969970703125,1561.8299560546875,1561.8299560546875,168959000,2025-08-12,1567.9000244140625
2025-08-13,1586.5999755859375,1586.5999755859375,1590.6099853515625,1569.0699462890625,1569.0699462890625,308045100,2025-08-13,1586.5999755859375
2025-08-14,1581.050048828125,1581.050048828125,1595.31005859375,1575.7900390625,1586.9100341796875,279484200,2025-08-14,1581.050048828125
2025-08-15,1576.3399658203125,1576.3399658203125,1581.7900390625,1571.18994140625,1581.75,180941100,2025-08-15,1576.3399658203125
2025-08-18,1584.9599609375,1584.9599609375,1588.6099853515625,1575.47998046875,1578.260009765625,291643200,2025-08-18,1584.9599609375
2025-08-19,1590.239990234375,1590.239990234375,1594.4000244140625,1584.6199951171875,1587.4300537109375,255717800,2025-08-19,1590.239990234375
2025-08-20,1588.2099609375,1588.2099609375,1591.0400390625,1583.4000244140625,1588.030029296875,273827300,2025-08-20,1588.2099609375
2025-08-21,1592.8699951171875,1592.8699951171875,1596.02001953125,1589.8800048828125,1591.9200439453125,305189800,2025-08-21,1592.8699951171875
2025-08-22,1597.469970703125,1597.469970703125,1603.18994140625,1593.4200439453125,1593.800048828125,244636700,2025-08-22,1597.469970703125
2025-08-25,1602.449951171875,1602.449951171875,1609.6500244140625,1599.5899658203125,1602.8199462890625,298785900,2025-08-25,1602.449951171875
2025-08-26,1581.5899658203125,1581.5899658203125,1604.52001953125,1581.5899658203125,1602.9000244140625,922433700,2025-08-26,1581.5899658203125
2025-08-27,1587.9100341796875,1587.9100341796875,1587.9100341796875,1576.75,1581.77001953125,292236900,2025-08-27,1587.9100341796875
2025-08-28,1587.0699462890625,1587.0699462890625,1596.1600341796875,1587.0699462890625,1589.260009765625,307603100,2025-08-28,1587.0699462890625
2025-08-29,1575.1199951171875,1575.1199951171875,1587.300048828125,1572.239990234375,1586.8299560546875,323883300,2025-08-29,1575.1199951171875
2025-09-02,1576.699951171875,1576.699951171875,1576.9100341796875,1561.3599853515625,1576.8599853515625,261521800,2025-09-02,1576.699951171875
2025-09-03,1578.52001953125,1578.52001953125,1582.3399658203125,1573.949951171875,1575.22998046875,270878800,2025-09-03,1578.52001953125
2025-09-04,1578.1500244140625,1578.1500244140625,1581.8900146484375,1575.989990234375,1579.9200439453125,219533800,2025-09-04,1578.1500244140625
2025-09-08,1585.5899658203125,1585.5899658203125,1587.1600341796875,1579.5699462890625,1581.219970703125,168392900,2025-09-08,1585.5899658203125
2025-09-09,1586.81005859375,1586.81005859375,1587.530029296875,1581.8900146484375,1586.97998046875,242971400,2025-09-09,1586.81005859375
2025-09-10,1590.75,1590.75,1590.800048828125,1585.2099609375,1588.0400390625,202912700,2025-09-10,1590.75
2025-09-11,1582.8499755859375,1582.8499755859375,1583.8199462890625,1580.1600341796875,1582.8299560546875,205392000,2025-09-11,1582.8499755859375
2025-09-12,1600.1300048828125,1600.1300048828125,1600.1300048828125,1585.06005859375,1588.0400390625,156386900,2025-09-12,1600.1300048828125
2025-09-17,1611.699951171875,1611.699951171875,1611.699951171875,1599.6099853515625,1602.219970703125,271473600,2025-09-17,1611.699951171875
2025-09-18,1598.9300537109375,1598.9300537109375,1606.8599853515625,1597.4100341796875,1606.8599853515625,197844300,2025-09-18,1598.9300537109375
2025-09-19,1598.22998046875,1598.22998046875,1600.4000244140625,1595.6800537109375,1598.989990234375,315299300,2025-09-19,1598.22998046875
2025-09-22,1603.3399658203125,1603.3399658203125,1604.31005859375,1596.4599609375,1599.780029296875,164779800,2025-09-22,1603.3399658203125
2025-09-23,1603.550048828125,1603.550048828125,1608.489990234375,1602.030029296875,1604.9000244140625,163967500,2025-09-23,1603.550048828125
2025-09-24,1599.6600341796875,1599.6600341796875,1602.81005859375,1597.800048828125,1602.81005859375,236874400,2025-09-24,1599.6600341796875
2025-09-25,1598.469970703125,1598.469970703125,1600.8900146484375,1595.0400390625,1599.5699462890625,210716300,2025-09-25,1598.469970703125
2025-09-26,1609.050048828125,1609.050048828125,1611.3199462890625,1595.3199462890625,1597.010009765625,231477100,2025-09-26,1609.050048828125
2025-09-29,1610.949951171875,1610.949951171875,1613.530029296875,1606.760009765625,1609.75,184578100,2025-09-29,1610.949951171875
2025-09-30,1611.8800048828125,1611.8800048828125,1619.1099853515625,1608.68994140625,1611.8199462890625,299730100,2025-09-30,1611.8800048828125
2025-10-01,1620.8699951171875,1620.8699951171875,1624.0400390625,1612.6199951171875,1612.6199951171875,175175200,2025-10-01,1620.8699951171875
2025-10-02,1637.800048828125,1637.800048828125,1640.1700439453125,1621.6800537109375,1621.6800537109375,269241100,2025-10-02,1637.800048828125
2025-10-03,1635.06005859375,1635.06005859375,1658.72998046875,1631.4300537109375,1658.72998046875,163922700,2025-10-03,1635.06005859375
2025-10-06,1638.0899658203125,1638.0899658203125,1638.0899658203125,1629.9300537109375,1636.1400146484375,180593900,2025-10-06,1638.0899658203125
2025-10-07,1630.030029296875,1630.030029296875,1636.5,1624.3499755859375,1636.06005859375,203738200,2025-10-07,1630.030029296875
2025-10-08,1627.5,1627.5,1628.1500244140625,1621.1700439453125,1628.1500244140625,190616300,2025-10-08,1627.5
2025-10-09,1629.6700439453125,1629.6700439453125,1632.530029296875,1626.6700439453125,1628.8699951171875,254565400,2025-10-09,1629.6700439453125
2025-10-10,1622.25,1622.25,1628.2099609375,1621.739990234375,1628.1600341796875,208692800,2025-10-10,1622.25
2025-10-13,1615.18994140625,1615.18994140625,1618.1300048828125,1601.75,1601.75,182977700,2025-10-13,1615.18994140625
2025-10-14,1611.4599609375,1611.4599609375,1622.75,1610.050048828125,1617.2900390625,230412700,2025-10-14,1611.4599609375
2025-10-15,1611.550048828125,1611.550048828125,1619.5799560546875,1611.1199951171875,1615.0699462890625,251767500,2025-10-15,1611.550048828125
2025-10-16,1612.2900390625,1612.2900390625,1617.280029296875,1611.280029296875,1611.3900146484375,149365700,2025-10-16,1612.2900390625
2025-10-17,1607.1800537109375,1607.1800537109375,1616.3599853515625,1604.719970703125,1613.68994140625,185412200,2025-10-17,1607.1800537109375
2025-10-21,1616.8299560546875,1616.8299560546875,1617.1500244140625,1609.02001953125,1611.780029296875,183064200,2025-10-21,1616.8299560546875
2025-10-22,1602.68994140625,1602.68994140625,1617.56005859375,1602.06005859375,1617.56005859375,146927500,2025-10-22,1602.68994140625
2025-10-23,1608.0,1608.0,1608.0,1601.260009765625,1601.260009765625,190152300,2025-10-23,1608.0
2025-10-24,1613.27001953125,1613.27001953125,1615.300048828125,1607.030029296875,1607.030029296875,172155600,2025-10-24,1613.27001953125
2025-10-27,1618.3800048828125,1618.3800048828125,1623.22998046875,1617.449951171875,1620.1099853515625,192924600,2025-10-27,1618.3800048828125
2025-10-28,1613.56005859375,1613.56005859375,1620.22998046875,1610.1800537109375,1620.22998046875,218172100,2025-10-28,1613.56005859375
2025-10-29,1611.5400390625,1611.5400390625,1617.02001953125,1606.43994140625,1614.5699462890625,131280300,2025-10-29,1611.5400390625
2025-10-30,1614.199951171875,1614.199951171875,1615.1800537109375,1611.6199951171875,1614.1600341796875,193579600,2025-10-30,1614.199951171875
2025-10-31,1609.1500244140625,1609.1500244140625,1615.0999755859375,1607.6600341796875,1609.8900146484375,180138900,2025-10-31,1609.1500244140625
2025-11-03,1622.4200439453125,1622.4200439453125,1622.4200439453125,1608.8499755859375,1610.7900390625,81104400,2025-11-03,1622.4200439453125
2025-11-04,1623.5,1623.5,1630.9100341796875,1621.219970703125,1621.219970703125,167092600,2025-11-04,1623.5
2025-11-05,1621.550048828125,1621.550048828125,1623.1600341796875,1614.300048828125,1622.239990234375,166965600,2025-11-05,1621.550048828125
2025-11-06,1618.93994140625,1618.93994140625,1624.2900390625,1618.93994140625,1621.489990234375,177591400,2025-11-06,1618.93994140625
2025-11-07,1619.1300048828125,1619.1300048828125,1621.18994140625,1616.5,1617.6300048828125,176091000,2025-11-07,1619.1300048828125
2025-11-10,1627.3800048828125,1627.3800048828125,1633.52001953125,1620.489990234375,1621.530029296875,156713600,2025-11-10,1627.3800048828125
2025-11-11,1634.8299560546875,1634.8299560546875,1642.9000244140625,1630.77001953125,1631.52001953125,248402700,2025-11-11,1634.8299560546875
2025-11-12,1631.6099853515625,1631.6099853515625,1641.27001953125,1630.1199951171875,1636.739990234375,251510200,2025-11-12,1631.6099853515625
2025-11-13,1632.27001953125,1632.27001953125,1635.27001953125,1631.1500244140625,1633.7900390625,209492900,2025-11-13,1632.27001953125
2025-11-14,1625.6700439453125,1625.6700439453125,1630.9599609375,1623.81005859375,1630.81005859375,199969600,2025-11-14,1625.6700439453125
2025-11-17,1627.4300537109375,1627.4300537109375,1633.8399658203125,1626.22998046875,1627.469970703125,188900100,2025-11-17,1627.4300537109375
2025-11-18,1614.06005859375,1614.06005859375,1627.3199462890625,1613.760009765625,1627.0,234678400,2025-11-18,1614.06005859375
2025-11-19,1623.8900146484375,1623.8900146484375,1623.8900146484375,1613.050048828125,1613.43994140625,201224100,2025-11-19,1623.8900146484375
2025-11-20,1619.9599609375,1619.9599609375,1629.68994140625,1619.260009765625,1628.43994140625,185279400,2025-11-20,1619.9599609375
2025-11-21,1617.5699462890625,1617.5699462890625,1618.8599853515625,1614.5999755859375,1617.719970703125,203131600,2025-11-21,1617.5699462890625
2025-11-24,1618.780029296875,1618.780029296875,1621.260009765625,1609.8800048828125,1620.1400146484375,489576500,2025-11-24,1618.780029296875
2025-11-25,1611.739990234375,1611.739990234375,1620.989990234375,1611.25,1619.5400390625,181857200,2025-11-25,1611.739990234375
2025-11-26,1624.5,1624.5,1624.969970703125,1614.4100341796875,1616.1300048828125,224037400,2025-11-26,1624.5
2025-11-27,1617.4599609375,1617.4599609375,1629.260009765625,1615.969970703125,1627.1600341796875,207334000,2025-11-27,1617.4599609375
2025-11-28,1604.469970703125,1604.469970703125,1617.260009765625,1597.6800537109375,1616.75,277401500,2025-11-28,1604.469970703125
2025-12-01,1624.5699462890625,1624.5699462890625,1625.4200439453125,1608.260009765625,1608.260009765625,197661800,2025-12-01,1624.5699462890625
2025-12-02,1630.5999755859375,1630.5999755859375,1634.3499755859375,1624.469970703125,1627.0699462890625,262521100,2025-12-02,1630.5999755859375
2025-12-03,1622.8399658203125,1622.8399658203125,1632.949951171875,1617.7900390625,1631.4599609375,151137200,2025-12-03,1622.8399658203125
2025-12-04,1621.0699462890625,1621.0699462890625,1625.989990234375,1616.489990234375,1624.6300048828125,182264300,2025-12-04,1621.0699462890625
2025-12-05,1616.52001953125,1616.52001953125,1621.25,1609.6700439453125,1620.699951171875,159772100,2025-12-05,1616.52001953125
2025-12-08,1612.780029296875,1612.780029296875,1616.489990234375,1601.5,1616.030029296875,151561400,2025-12-08,1612.780029296875
2025-12-09,1614.1700439453125,1614.1700439453125,1620.72998046875,1606.22998046875,1619.1400146484375,176320100,2025-12-09,1614.1700439453125
2025-12-10,1611.0,1611.0,1612.5,1606.1099853515625,1611.0400390625,134862500,2025-12-10,1611.0
2025-12-11,1625.3900146484375,1625.3900146484375,1625.3900146484375,1609.9599609375,1612.8599853515625,203357400,2025-12-11,1625.3900146484375
2025-12-12,1637.81005859375,1637.81005859375,1640.3599853515625,1622.030029296875,1622.56005859375,202172000,2025-12-12,1637.81005859375
2025-12-15,1643.719970703125,1643.719970703125,1644.050048828125,1632.5400390625,1635.0799560546875,166903100,2025-12-15,1643.719970703125
2025-12-16,1648.31005859375,1648.31005859375,1648.7099609375,1636.5,1642.77001953125,180710600,2025-12-16,1648.31005859375
2025-12-17,1641.43994140625,1641.43994140625,1646.6600341796875,1639.1300048828125,1645.3199462890625,190602200,2025-12-17,1641.43994140625
2025-12-18,1646.9000244140625,1646.9000244140625,1647.800048828125,1636.6099853515625,1640.22998046875,202204600,2025-12-18,1646.9000244140625
2025-12-19,1665.9000244140625,1665.9000244140625,1668.1500244140625,1647.5999755859375,1648.050048828125,290716800,2025-12-19,1665.9000244140625
2025-12-22,1671.2900390625,1671.2900390625,1671.2900390625,1663.1199951171875,1664.280029296875,151411900,2025-12-22,1671.2900390625
2025-12-23,1676.6400146484375,1676.6400146484375,1676.6400146484375,1666.9599609375,1668.780029296875,137369300,2025-12-23,1676.6400146484375
2025-12-24,1678.31005859375,1678.31005859375,1678.8499755859375,1673.6400146484375,1676.0,154290900,2025-12-24,1678.31005859375
2025-12-26,1677.0999755859375,1677.0999755859375,1678.2900390625,1670.8299560546875,1677.5,95594100,2025-12-26,1677.0999755859375
2025-12-29,1680.989990234375,1680.989990234375,1680.989990234375,1668.47998046875,1677.31005859375,130192300,2025-12-29,1680.989990234375
2025-12-30,1684.530029296875,1684.530029296875,1684.530029296875,1673.8699951171875,1677.6600341796875,150847100,2025-12-30,1684.530029296875
2025-12-31,1680.1099853515625,1680.1099853515625,1681.780029296875,1671.5899658203125,1681.780029296875,196453800,2025-12-31,1680.1099853515625
