url,title,date,body
https://www.freemalaysiatoday.com/category/business/2025/08/29/ringgit-closes-lower-ahead-of-us-pce-data,Ringgit closes lower ahead of US PCE data,2025-08-29,"Bank Muamalat Malaysia Bhd chief economist Afzanizam Rashid said the ringgit, which was seen as stronger against the US dollar during the morning session, weakened in the afternoon as traders and investors braced themselves for the latest US inflation data, which could influence the Federal Reserve’s (Fed) monetary policy outlook.
“The PCE inflation rate, which is the Fed’s favourite inflation gauge, is expected to be sustained at 2.6% in July based on consensus estimates.
“Should the PCE inflation be higher than expected, it could boost the value of the US dollar,” he told Bernama.
Meanwhile, he noted that markets are anticipating the core PCE inflation to rise to 2.9% in July, up from 2.8% in June.
At 6pm, the local currency slid to 4.2230/4.2275 versus the greenback from yesterday’s close of 4.2140/4.2195.
At the close, the ringgit settled mostly lower against a basket of major currencies.
It fell versus the euro to 4.9291/4.9343 from 4.9089/4.9153 at yesterday’s close and eased vis-à-vis the Japanese yen to 2.8708/2.8741 from 2.8639/2.8679 yesterday, but the local currency edged up against the British pound to 5.6833/5.6894 from 5.6893/5.6967.
The ringgit also traded mostly lower against other Asean currencies.
The local currency depreciated versus the Singapore dollar to 3.2859/3.2899 from 3.2809/3.2854 yesterday, declined against the Thai baht to 13.0327/13.0519 from 13.0142/13.0364 previously, and slipped vis-a-vis the Philippine peso to 7.39/7.40 from 7.38/7.39.
However, it gained versus the Indonesian rupiah at 255.9/256.3 from 257.6/258.1 at yesterday’s close.
Stay current - Follow FMT on WhatsApp, Google news and Telegram
Subscribe to our newsletter and get news delivered to your mailbox.
Registration on or use of this site constitutes acceptance of our Terms of Service, Privacy Policy and Cookies Policy.
Copyright © 2009 -2025FMT Media Sdn Bhd (1235453-U) All Rights Reserved. A part of Media Prima Group."
https://www.freemalaysiatoday.com/category/business/2025/09/02/bursa-opens-lower-on-muted-trading-after-long-holiday,Bursa opens lower on muted trading after long holiday,2025-09-02,"The exchange was closed yesterday for the replacement National Day public holiday while Wall Street was closed yesterday in conjunction with Labour Day.
At 9.10am, the FTSE Bursa Malaysia KLCI (FBM KLCI) eased 3.24 points to 1,571.88 after closing at 1,575.12 on Friday.
However, the index opened 1.74 points higher at 1,576.86.
In the broader market, decliners beat gainers 235 to 164, while 322 counters were unchanged, with 1,818 untraded and seven suspended.
Turnover was 163.65 million shares worth RM135.91 million.
In a note today, Malacca Securities Sdn Bhd said the local bourse was soft, tracking US negative index futures.
“The US indices futures are currently trading mildly negative as investors assess trade policy uncertainty after a federal appeals court ruled most of Trump’s tariffs illegal, a decision he vowed to appeal to the Supreme Court,” it said.
The brokerage firm said while a final ruling against broad-based tariffs could be market-positive, near-term sentiment remains clouded by potential renegotiations and seasonal weakness, with September historically being the worst month for the US equities.
Investors will also be focusing on the August data for S&P Global US Manufacturing PMI and ISM Manufacturing PMI today.
On the local front, Malacca Securities said a positive spillover effect may be seen in 99 Speed Mart Retail Holdings Bhd as more than RM50 million was spent on the first day of the RM100 SARA cash handout.
“Gamuda Bhd recently bagged a RM2.1 billion job to build hyperscale data centres in Eco Business Park V, Selangor. This is expected to bode well for data centre-related sectors, including construction and property developers with exposure to industrial tech parks.
“Lastly, traders can monitor NEXG Bhd as it bagged a six-year contract worth RM1.7 billion to supply Malaysian passports and is currently pending a retest of its 52-week high resistance,” it said.
Among heavyweight stocks, Maybank added seven sen to RM9.97, IHH Healthcare and Press Metal Aluminium rose three sen each to RM6.82 and RM5.59, respectively, while Public Bank shaved one sen to RM4.26 and CIMB Group slipped 22 sen to RM7.21.
In actively traded stocks, NEXG climbed half-a-sen to 49.5 sen, Genetec Technology increased one sen to 52 sen, TA Win Holdings and Mestron Holdings were flat each at 1.5 sen and 23 sen, respectively and Ekovest declined 1.5 sen to 36 sen.
On the index board, the FBM Emas Index ticked down 27.35 points to 11,675.54, the FBMT 100 Index eased 27.43 points to 11,447.14, and the FBM Emas Shariah Index weakened 7.50 points to 11,641.58. The FBM 70 Index gave up 56.35 points to 16,419.88, and the FBM ACE Index gave up 13.15 points to 4,708.87.
Sector-wise, the Financial Services Index declined 75.75 points to 18,035.27, the Industrial Products and Services Index trimmed 0.29 of-a-point to 161.93, the Plantation Index was 13.37 points lower at 7,581.08, and the Energy Index was weaker by 0.62 points to 739.60.
Stay current - Follow FMT on WhatsApp, Google news and Telegram
Subscribe to our newsletter and get news delivered to your mailbox.
Registration on or use of this site constitutes acceptance of our Terms of Service, Privacy Policy and Cookies Policy.
Copyright © 2009 -2025FMT Media Sdn Bhd (1235453-U) All Rights Reserved. A part of Media Prima Group."
https://www.freemalaysiatoday.com/category/business/2025/09/02/bursa-stages-rebound-on-late-bargain-hunting,Bursa stages rebound on late bargain hunting,2025-09-02,"Rakuten Trade Sdn Bhd vice-president of equity research Thong Pak Leng expects BNM to maintain the overnight policy rate (OPR) at its meeting on Thursday.
However, he said the looming decision was unlikely to have impacted the FTSE Bursa Malaysia KLCI’s (FBM KLCI) performance today.
“Actually, the market was good; it just needed to take a breather. But then, late buying emerged unexpectedly,” he told Bernama.
Thong said he sees the FBM KLCI trending within the range of 1,570-1,600 for the week.
Meanwhile, Hong Leong Investment Bank Bhd anticipated the FBM KLCI to trend sideways in the holiday-shortened week for the Maulidur Rasul holiday on Sept 5.
“Sentiment is likely to stay cautious as investors monitor potential spillover effects from Indonesia’s political unrest, particularly on Malaysian blue chips with exposure to the banking and plantation sectors,” it said in a note today.
At 5pm, the FBM KLCI climbed 1.58 points to 1,576.70 from last Friday’s close of 1,575.12.
The index opened 1.74 points higher at 1,576.86 and moved between 1,561.36 and 1,576.91 throughout the day.
On the broader market, decliners trounced advancers 735 to 336, while 490 counters were unchanged, 978 untraded and seven suspended.
Turnover declined to 2.90 billion units worth RM2.79 billion from 3.08 billion units worth RM3.16 billion last Friday.
At the close, heavyweight counters Maybank jumped 16 sen to RM10.06, Public Bank rose 3 sen to RM4.30, and Tenaga Nasional gained 4 sen to RM13.24.
IHH Healthcare was higher by 1 sen at RM6.80, while CIMB Group slid 19 sen to RM7.24.
In the actively traded counters, Ekovest dropped 3 sen to 34.5 sen, Sime Darby dipped 5 sen to RM2.02, and Oxford Innotech lost 4.5 sen to 36.5 sen.
NexG and Tanco Holdings were flat at 49 sen and 70.5 sen, respectively.
On the index board, the FBM Emas Index dropped 13.58 points to 11,689.31, the FBMT 100 Index chopped off 10.38 points to 11,464.19, and the FBM Emas Shariah Index fell 19.79 points to 11,629.29. The FBM 70 Index lost 111.72 points to 16,364.52, and the FBM ACE Index shed 44.90 points to 4,677.12.
Sector-wise, the financial services index gained 35.79 points to 18,146.81, the industrial products and services index dipped 0.86 of a point to 161.36, and the energy index shed 1.32 points to 738.90, while the plantation index slipped 8.97 points to 7,585.48.
The Main Market volume slipped to 1.56 billion units valued at RM2.54 billion from 1.75 billion units valued at RM2.89 billion last Friday.
Warrants turnover expanded to 976.94 million units worth RM134.03 million from 923.30 million units worth RM143.49 million previously.
The ACE Market volume dropped to 359.72 million units worth RM119.32 million from 405.71 million units worth RM131.93 million previously.
Consumer products and services counters accounted for 265.85 million shares traded on the Main Market, industrial products and services (276.05 million), construction (208.50 million), technology (178.98 million), financial services (128.43 million), property (180.45 million), plantation (21.59 million), REITs (25.93 million), closed/fund (11,000), energy (112.56 million), healthcare (59.36 million), telecommunications and media (34.44 million), transportation and logistics (30.28 million), utilities (40.39 million), and business trusts (232,800).
Stay current - Follow FMT on WhatsApp, Google news and Telegram
Subscribe to our newsletter and get news delivered to your mailbox.
Registration on or use of this site constitutes acceptance of our Terms of Service, Privacy Policy and Cookies Policy.
Copyright © 2009 -2025FMT Media Sdn Bhd (1235453-U) All Rights Reserved. A part of Media Prima Group."
https://www.freemalaysiatoday.com/category/business/2025/09/02/dbss-plan-to-buy-alliance-bank-stake-stalls,DBS’s plan to buy Alliance Bank stake stalls,2025-09-02,"“DBS and Alliance’s largest shareholder, Vertical Theme Sdn Bhd submitted separate applications to Malaysia’s central bank about eight months ago but haven’t heard back from the regulator,” said the people, asking not to be identified because the process is private.
Local rules require them to seek approval to start discussions.
Bloomberg News reported in January that Vertical Theme, a Malaysian holding company backed by Singapore state investor Temasek Holdings Pte Ltd, was considering selling its 29% stake in Alliance Bank to DBS.
“If a deal goes through, DBS may want to raise its stake in Alliance to as much as 49% via a voluntary partial general offer,” the people said.
“Malaysia currently caps foreign ownership of commercial banks at 30%, but there has recently been talk of the government relaxing the limit in some sectors,” the people said.
“A deal for the Alliance Bank stake is unlikely to proceed if DBS cannot get a green light to buy as much as 49% of the Malaysian lender,” one of the people said.
“Considerations are ongoing and no final decisions have been made,” the people said.
Representatives for DBS and Vertical Theme’s backers declined to comment, while Alliance Bank said it had no knowledge on the matter.
Bank Negara Malaysia (BNM), the country’s central bank, said it does not comment publicly on specific applications on acquisition or disposal of interest in shares of its regulated entities as a matter of policy.
Applications concerning the shareholding of licensed banks, including those submitted by foreign entities, are assessed in accordance with the relevant provisions under the Financial Services Act 2013 and the Islamic Financial Services Act 2013, BNM said in a statement in response to queries from Bloomberg News.
A transaction for Alliance would give DBS a wider footprint in Malaysia, where Singaporean rivals Oversea-Chinese Banking Corp and United Overseas Bank Ltd already have an established presence.
DBS is Southeast Asia’s largest bank by total assets.
Temasek owns 49% of Vertical Theme via Duxton Investment & Development Pte Ltd, while the remainder is held by RRJ Capital founder Richard Ong, hotelier Ong Beng Seng and corporate adviser Seow Lun Hoo through Langkah Bahagia Sdn Bhd.
Temasek is also DBS’s biggest shareholder with a 28.3% stake in the company.
Alliance Bank’s shares have fallen 4.8% this year, roughly in line with the performance of Kuala Lumpur’s main stock benchmark index.
The Malaysian lender has a market capitalisation of about RM7.8 billion (US$1.8 billion).
Stay current - Follow FMT on WhatsApp, Google news and Telegram
Subscribe to our newsletter and get news delivered to your mailbox.
Registration on or use of this site constitutes acceptance of our Terms of Service, Privacy Policy and Cookies Policy.
Copyright © 2009 -2025FMT Media Sdn Bhd (1235453-U) All Rights Reserved. A part of Media Prima Group."
https://www.freemalaysiatoday.com/category/business/2025/09/02/foreign-investors-extend-selling-streak-to-8-weeks-with-rm1-41bil-outflow,Foreign investors extend selling streak to 8 weeks with RM1.41bil outflow,2025-09-02,"In its weekly fund flow report for the week ended Aug 29, 2025, MBSB Investment Bank Bhd (MBSB IB) said foreign investors were net sellers throughout the week, on every trading day.
“Outflows ranged from RM95.4 million to RM510.1 million, with the largest recorded on Tuesday, followed by Friday (RM330.9 million), Monday (RM267.1 million) and Thursday (RM201.9 million),” it said.
Wednesday saw the smallest outflow of RM95.4 million.
According to MBSB IB, the top three sectors that recorded net foreign inflows last week were transportation and logistics (RM44.5 million), construction (RM30.6 million) and industrial products and services (RM23.9 million).
The top three sectors that recorded the highest net foreign outflows were financial services (RM752.6 million), consumer products and services (RM279.9 million) and utilities (RM159.4 million).
Meanwhile, local institutions extended their net buying streak on Bursa Malaysia for the fifth consecutive week, registering purchases of RM1.16 billion from RM391.8 million in the previous week.
MBSB IB said local retailers turned net buyers, ending their two-week consecutive net selling streak, posting a net inflow of RM249.4 million.
The investment bank said the average daily trading volume recorded a broad-based rise, with foreign investors and local institutions posting gains of 76.4% and 13.3%, respectively, while retail investors registered a more modest increase of 14.9%.
Stay current - Follow FMT on WhatsApp, Google news and Telegram
Subscribe to our newsletter and get news delivered to your mailbox.
Registration on or use of this site constitutes acceptance of our Terms of Service, Privacy Policy and Cookies Policy.
Copyright © 2009 -2025FMT Media Sdn Bhd (1235453-U) All Rights Reserved. A part of Media Prima Group."
https://www.freemalaysiatoday.com/category/business/2025/09/02/petronas-commits-to-strengthening-ogse-ecosystem,Petronas commits to strengthening OGSE ecosystem,2025-09-02,"Petronas executive vice-president and CEO of gas and maritime business Adif Zulkifli said the national oil company’s vendor financing programme has channelled more than RM2.2 billion to suppliers since 2018, including over RM300 million in 2024 alone.
He noted that through Petronas’s vendor development programme (VDP) and VDPx, more than 170 small and medium-sized enterprises (SMEs) have been nurtured, with 20 successfully expanding internationally.
“Our supplier support programme, launched last year, has already enrolled over 400 vendors to build sustainability capabilities,” he said in his keynote address at the Oil and Gas Asia (OGA) 2025 here today.
Adif delivered the address on behalf of Petronas president and group CEO Tengku Taufik Aziz.
For smaller vendors, he said, the special OGSE financing programme has provided RM73.4 million to 47 applicants since 2022, with RM31.9 million disbursed to 20 applicants last year.
Adif emphasised that Petronas was equally focussed on developing talent and people.
“Together with the Malaysia Petroleum Resources Corporation and the Malaysia Oil, Gas and Energy Services Council, we are leading the Industry Talent Framework.
“The initiative aims to map talent demand and supply in the OGSE sector, with results to be published this year under the National OGSE Industry Blueprint,” he noted.
Alongside this, Adif said Petronas was also working with the Human Resource Development Corporation and the Construction Industry Development Board (CIDB) through ‘Program Latihan Madani’, to upskill and equip local graduates with the skills needed to succeed in the oil and gas sector.
He stressed that these efforts were guided by a single objective, which is to ensure that the whole supply chain remains strong, competitive, and ready to thrive amid growing energy demand and the transition to a lower-carbon future.
“In order to power progress and shape tomorrow, we must foster deeper collaboration across the energy ecosystem, drive sustainability across the value chain, strengthen resilience through operational excellence, and invest in talent.
Held from Sept 2 to Sept 4, OGA 2025 is taking place under the theme “Powering progress, shaping tomorrow” as the region seeks to strengthen economic integration with energy as a key cornerstone under Malaysia’s chairmanship of Asean this year.
OGA 2025 is part of the Informa Markets Energy Series – a regional portfolio of industry-defining events.
Stay current - Follow FMT on WhatsApp, Google news and Telegram
Subscribe to our newsletter and get news delivered to your mailbox.
Registration on or use of this site constitutes acceptance of our Terms of Service, Privacy Policy and Cookies Policy.
Copyright © 2009 -2025FMT Media Sdn Bhd (1235453-U) All Rights Reserved. A part of Media Prima Group."
https://www.freemalaysiatoday.com/category/business/2025/09/02/ringgit-ends-lower-ahead-of-bnms-policy-meeting,Ringgit ends lower ahead of BNM’s policy meeting,2025-09-02,"Bank Muamalat Malaysia Bhd chief economist Afzanizam Rashid told Bernama that many market participants view BNM’s preemptive overnight policy rate cut in July as sufficient, with the central bank seen as comfortable keeping rates at the current level.
He said market sentiment was also guarded ahead of the US federal open market committee meeting on Sept 16-17, as the odds of a 25-basis-points cut remain elevated.
“The US dollar-ringgit pair was seen oscillating between RM4.22 and RM4.23.
“Compared with Friday’s closing, the ringgit depreciated 0.1% to RM4.2295,” he said.
Meanwhile, he said regional currencies were mixed, with local factors largely driving market sentiment.
“For instance, the Indonesian rupiah depreciated to IDR16,560 per US dollar yesterday morning, prompting Bank Indonesia to intervene in the foreign exchange market amid social unrest in an effort to bring the currency closer to IDR16,300 per US dollar,” he added.
At 6pm, the local currency eased to 4.2270/4.2350 against the US dollar compared with last Friday’s close of 4.2230/4.2275.
At the close, the ringgit settled mostly higher against a basket of major currencies.
It strengthened against the Japanese yen to 2.8451/2.8507 from 2.8708/2.8741 last Friday, rose against the British pound to 5.6638/5.6745 from 5.6833/5.6894 last week and advanced against the euro to 4.9194/4.9287 from 4.9291/4.9343 previously.
At the same time, the local currency was mixed against other Asean currencies, rising against the Singapore dollar to 3.2808/3.2873 from 3.2859/3.2899 last Friday, and increased against the Philippine peso to 7.35/7.37 from 7.39/7.40 previously.
However, the local currency depreciated against the Thai baht to 13.0459/13.0762 from 13.0327/13.0519 last week and slipped against the Indonesian rupiah to 257.5/258.1 from 255.9/256.3 previously.
Stay current - Follow FMT on WhatsApp, Google news and Telegram
Subscribe to our newsletter and get news delivered to your mailbox.
Registration on or use of this site constitutes acceptance of our Terms of Service, Privacy Policy and Cookies Policy.
Copyright © 2009 -2025FMT Media Sdn Bhd (1235453-U) All Rights Reserved. A part of Media Prima Group."
https://www.freemalaysiatoday.com/category/business/2025/09/02/ringgit-rises-ahead-of-bnms-policy-meeting-us-jobs-report,"Ringgit rises ahead of BNM’s policy meeting, US jobs report",2025-09-02,"At 8am, the local note rose to 4.2205/4.2300 against the US dollar from Friday’s close of 4.2230/4.2275.
Bank Muamalat Malaysia Bhd chief economist Afzanizam Rashid expects BNM to maintain the overnight policy rate (OPR) at 2.75%.
“BNM has delivered a pre-emptive cut in OPR. I suppose the degree of monetary policy accommodation is sufficient to support growth.
“More importantly, markets would want to see the latest assessment by the central bank concerning the current state of the economy and its prospects,” he noted.
Globally, he said the latest University of Michigan consumer sentiment index (CSI) fell more than expected to 58.2 points in August, below the consensus estimates of 58.6 points.
“The CSI has averaged at 59.8 points in the first eight months of this year against 73.0 points in the same period last year, suggesting consumers have become more wary of the state of the US economy,” he said.
Meanwhile, Afzanizam said the NFP is an important barometer for the Federal Reserve’s decision on Sept 17, especially given the significant downward revision in the June and May outturn.
“Consensus estimates have put NFP at 74,000 in August, slightly higher than July’s 73,000,” he added.
Therefore, he said the ringgit could trade between RM4.21 and RM4.22 today as the US dollar has shown a depreciating trend against other major currencies.
At the same time, the ringgit opened mostly lower against a basket of major currencies.
It strengthened against the Japanese yen to 2.869/2.8758 from 2.8708/2.8741 last Friday, eased against the British pound to 5.7171/5.7300 from 5.6833/5.6894 and weakened against the euro to 4.9443/4.9554 from 4.9291/4.9343.
The ringgit was mostly lower against other Asean currencies. It depreciated against the Indonesian rupiah to 257.0/257.7 from 255.9/256.3, down against the Singapore dollar to 3.2875/3.2952 from 3.2859/3.2899 and slipped against the Thai baht to 13.0601/13.0976 from 13.0327/13.0519 last Friday.
The local note firmed against the Philippine peso to 7.37/7.40 from last Friday’s 7.39/7.40.
Stay current - Follow FMT on WhatsApp, Google news and Telegram
Subscribe to our newsletter and get news delivered to your mailbox.
Registration on or use of this site constitutes acceptance of our Terms of Service, Privacy Policy and Cookies Policy.
Copyright © 2009 -2025FMT Media Sdn Bhd (1235453-U) All Rights Reserved. A part of Media Prima Group."
https://www.freemalaysiatoday.com/category/business/2025/09/03/bursa-closes-higher-on-selective-buying,Bursa closes higher on selective buying,2025-09-03,"Rakuten Trade Sdn Bhd vice-president of equity research Thong Pak Leng said the local bourse remains in consolidation mode despite today’s brief gains.
“We reckon that a clear breakthrough above the 1,585 level with decent volume will pave the way toward 1,600 and beyond.
“As for now, we expect the FTSE Bursa Malaysia KLCI (FBM KLCI) to trend within the range of 1,575-1,590 towards the weekend,” he told Bernama.
Market players will turn their attention to the US job openings and labour turnover survey (JOLTS) data for July later today, as well as Bank Negara Malaysia’s (BNM) monetary policy committee meeting tomorrow.
At 5pm, the FBM KLCI climbed 1.82 points to 1,578.52 from yesterday’s close of 1,576.70.
The index opened 1.47 points lower at 1,575.23 and moved between 1,573.95 and 1,582.34 throughout the day.
In the broader market, gainers beat decliners 604 to 409, while 532 counters were unchanged, with 1,013 untraded and seven suspended.
Turnover declined to 2.70 billion units worth RM2.80 billion from 2.90 billion units worth RM2.79 billion yesterday.
Among heavyweight stocks, PPB Group added 36 sen to RM9.40 and Maxis jumped 8 sen to RM3.61.
Maybank shed 8 sen to RM9.98 and Public Bank dropped 4 sen to RM4.26.
In actively traded stocks, Tanco Holdings grew 9.5 sen to 80 sen, Sime Darby gained 4 sen to RM2.06, and TWL slipped 0.5 sen to 2.5 sen. NexG shed 2 sen to 47 sen and TWL Holdings went down 0.5 sen to 2.5 sen.
On the index board, the FBM Emas Index climbed 37.22 points to 11,726.53, the FBMT 100 Index gained 31.33 points to 11,495.52, and the FBM Emas Shariah Index rose by 78.33 points to 11,707.62.
The FBM Mid 70 Index gained 124.88 points to 16,489.40, and the FBM ACE Index bounced 76.97 points to 4,754.09.
Sector-wise, the industrial products and services index added 2.13 points to 163.49, the energy index increased by 11.02 points to 749.92, and the plantation index was 20.41 points higher at 7,605.89.
The financial services index declined 74.85 points to 18,071.96.
The Main Market volume improved to 1.60 billion units valued at RM2.54 billion from 1.56 billion units valued at RM2.54 billion yesterday.
Warrants turnover declined to 744.83 million units worth RM117.03 million from 976.94 million units worth RM134.03 million previously.
The ACE Market volume fell to 354.82 million units worth RM145.97 million from 359.72 million units worth RM119.32 million yesterday.
Consumer products and services counters accounted for 257.73 million shares traded on the Main Market, industrial products and services (225.94 million), construction (117.96 million), technology (193.60 million), financial services (98.70 million), property (196.08 million), plantation (22.18 million), REITs (22.90 million), closed/fund (131,900), energy (223.91 million), healthcare (107.84 million), telecommunications and media (46.47 million), transportation and logistics (27.88 million), utilities (55.40 million), and business trusts (367,700).
Stay current - Follow FMT on WhatsApp, Google news and Telegram
Subscribe to our newsletter and get news delivered to your mailbox.
Registration on or use of this site constitutes acceptance of our Terms of Service, Privacy Policy and Cookies Policy.
Copyright © 2009 -2025FMT Media Sdn Bhd (1235453-U) All Rights Reserved. A part of Media Prima Group."
https://www.freemalaysiatoday.com/category/business/2025/09/03/bursa-continues-upward-momentum-amid-strong-buying-interest,Bursa continues upward momentum amid strong buying interest,2025-09-03,"At 9.10am, the FTSE Bursa Malaysia KLCI (FBM KLCI) rose 0.17 of-a-point to 1,576.87 after closing at 1,576.70 on Tuesday.
However, the index opened 1.47 points lower at 1,575.23.
In the broader market, gainers beat decliners 194 to 117, while 273 counters were unchanged, with 1,974 untraded and seven suspended.
Turnover was 972.51 million shares worth RM75.13 million.
Meanwhile, the regional market opens mixed today. At the time of writing, Indonesia’s IDX Composite Index rose 0.85% to 7,801.58, South Korea’s Kospi Index increased 0.20% to 3,176.94, and Hong Kong’s Hang Seng Index gained 0.85% to 25,713.89.
However, Singapore’s Straits Times Index weakened 0.30% to 4,287.85, Japan’s Nikkei 225 Index fell 0.42% to 42,133.01, and China’s SSE Composite Index lost 0.41% to 3,842.41.
According to Malacca Securities Sdn Bhd, investors turned cautious after US President Donald Trump vowed to appeal a federal ruling that deemed most of his imposed tariffs illegal.
“Rising bond yields weighed on rate-sensitive sectors, while sticky inflation data and lingering doubts over the US Federal Reserve’s rate-cut path kept sentiment fragile.
“Attention will turn to US Job Openings and Labour Turnover Survey (JOLTS) for July data later today,” it said in a note today.
Among heavyweight stocks, Tenaga Nasional added two sen to RM13.26, while Maybank and Public Bank shed two sen each to RM10.04 and RM4.28, respectively. CIMB Group and IHH Healthcare decreased one sen each to RM7.23 and RM6.79.
In actively traded stocks, Magma Group climbed half-a-sen to 31.5 sen, Oppstar gained 7.5 sen to 55.5 sen, Zetrix AI up one sen to 86.5 sen, while Perak Transit and TA Win Holdings were unchanged at 69 sen and 1.5 sen, respectively.
On the index board, the FBM Emas Index climbed 10.92 points to 11,700.23, the FBMT 100 Index gained 9.81 points to 11,474.00, and the FBM Emas Shariah Index rose by 23.93 points to 11,653.22.
The FBM 70 Index soared 52.03 points to 16,416.55, and the FBM ACE Index advanced 14.80 points to 4,691.92.
Sector-wise, the Industrial Products and Services Index accumulated 0.79 of-a-point to 162.15, the Plantation Index was 9.14 points higher at 7,594.62, and the Energy Index increased by 5.45 points to 744.35, while the Financial Services Index declined 27.61 points to 18,119.20.
Stay current - Follow FMT on WhatsApp, Google news and Telegram
Subscribe to our newsletter and get news delivered to your mailbox.
Registration on or use of this site constitutes acceptance of our Terms of Service, Privacy Policy and Cookies Policy.
Copyright © 2009 -2025FMT Media Sdn Bhd (1235453-U) All Rights Reserved. A part of Media Prima Group."
https://www.freemalaysiatoday.com/category/business/2025/09/03/ringgit-edges-up-against-dollar-ahead-of-key-us-labour-data,Ringgit edges up against dollar ahead of key US labour data,2025-09-03,"At 8am, the local note rose to 4.2255/4.2370 from yesterday’s close of 4.2270/4.2350.
Bank Muamalat Malaysia Bhd chief economist Afzanizam Rashid said the odds for a 25 basis points cut are still at an elevated level, but market participants are still edgy given the mixed signals from data points and Federal Reserve officials.
“Tonight, the Job Opening and Labour Turnover Survey (JOLTS) will be published, with consensus estimates pegged at 7.39 million job openings in July compared with 7.437 million in June,” he added.
He noted that the ringgit fell by 0.13% against the US dollar to RM4.2310 yesterday. Therefore, he expects the USDMYR could range between RM4.23 and RM4.25 today.
Meanwhile, the ringgit opened higher against a basket of major currencies.
It strengthened against the Japanese yen to 2.8437/2.8519 from 2.8451/2.8507 on Tuesday, gained against the British pound to 5.6541/5.6695 from 5.6638/5.6745 and appreciated against the euro to 4.9155/4.9289 from 4.9194/4.9287.
The ringgit was mostly higher against other Asean currencies.
It inched up against the Indonesian rupiah to 257.4/258.2 from 257.5/258.1, advanced against the Singapore dollar to 3.2776/3.2870 from 3.2808/3.2873, and firmed against the Philippine peso to 7.34/7.37 from yesterday’s 7.35/7.37.
However, the local note fell against the Thai baht to 13.0691/13.1120 from 13.0459/13.0762 yesterday.
Stay current - Follow FMT on WhatsApp, Google news and Telegram
Subscribe to our newsletter and get news delivered to your mailbox.
Registration on or use of this site constitutes acceptance of our Terms of Service, Privacy Policy and Cookies Policy.
Copyright © 2009 -2025FMT Media Sdn Bhd (1235453-U) All Rights Reserved. A part of Media Prima Group."
https://www.freemalaysiatoday.com/category/business/2025/09/03/ringgit-ends-higher-ahead-of-us-labour-data,Ringgit ends higher ahead of US labour data,2025-09-03,"Bank Muamalat Malaysia Bhd chief economist Afzanizam Rashid said the federal open market committee (FOMC) meeting on Sept 16 and 17, along with geopolitical events like China’s military parade, would provide important inputs for traders and investors.
He also said that the US dollar-ringgit pair oscillated within a tight range of between RM4.2268 and RM4.2345, while the US Dollar Index (DXY) was slightly higher at 98.444 points.
“Regional currencies such as the Thai baht were weaker against the greenback as domestic politics and policies dominated market sentiments,” he told Bernama.
At 6pm, the local currency rose to 4.2230/4.2285 versus the US dollar from yesterday’s close of 4.2270/4.2350.
The ringgit traded mostly higher against a basket of major currencies.
It strengthened versus the Japanese yen to 2.8430/2.8469 from 2.8451/2.8507 yesterday and gained vis-a-vis the British pound to 5.6614/5.6687 from 5.6638/5.6745 yesterday, but depreciated against the euro to 4.9223/4.9287 from 4.9194/4.9287.
Meanwhile, the ringgit performed mixed against other Asean currencies.
It advanced versus the Singapore dollar to 3.2777/3.2822 from 3.2808/3.2873 at yesterday’s close and edged up against the Indonesian rupiah to 257.2/257.7 from 257.5/258.1 previously.
However, the local currency fell versus the Thai baht to 13.0529/13.0759 from 13.0459/13.0762 yesterday and slipped against the Philippine peso to 7.37/7.38 from 7.35/7.37.
Stay current - Follow FMT on WhatsApp, Google news and Telegram
Subscribe to our newsletter and get news delivered to your mailbox.
Registration on or use of this site constitutes acceptance of our Terms of Service, Privacy Policy and Cookies Policy.
Copyright © 2009 -2025FMT Media Sdn Bhd (1235453-U) All Rights Reserved. A part of Media Prima Group."
https://www.freemalaysiatoday.com/category/business/2025/09/04/bursa-ends-lower-on-lack-of-buying-interest,Bursa ends lower on lack of buying interest,2025-09-04,"Rakuten Trade Sdn Bhd vice-president of equity research Thong Pak Leng attributed the muted trading today to a lack of buying interest, especially in a shortened trading week.
“With only three trading days, we see low volume, which means less trade for this week,” he told Bernama.
Besides, Thong said Bank Negara Malaysia monetary policy committee’s decision to maintain the overnight policy rate at 2.75% has no impact on the local stock market.
At 5pm, the FTSE Bursa Malaysia KLCI (FBM KLCI) shed 0.37 of-a-point to 1,578.15 from yesterday’s close of 1,578.52.
The index opened 1.40 points higher at 1,579.92 and moved between 1,575.99 and 1,581.89 throughout the day.
In the broader market, decliners beat gainers 552 to 385, while 527 counters were unchanged, with 1,094 untraded and seven suspended.
Turnover declined to 2.32 billion units worth RM2.30 billion from 2.70 billion units worth RM2.80 billion yesterday.
Among the heavyweights, Maybank and Public Bank added 1 sen to RM9.99 and RM4.27 respectively, CIMB Group gained 7 sen to RM7.30, IHH Healthcare was flat at RM6.91 and Tenaga Nasional shed 4 sen to RM13.06.
As for the active counters, Sime Darby eased 3 sen to RM2.03, Zetrix AI slipped 0.5 sen to 86.5 sen, Velesto Energy ticked down 1 sen to 20.5 sen and Tanco Holdings slipped 0.5 sen to 79.5 sen, while DneX was unchanged at 24.5 sen.
Across the broader market, the FBM Emas Index trimmed 11.24 points to 11,715.29, the FBMT 100 Index slipped 11.36 points to 11,484.16, and the FBM Emas Shariah Index dipped 32.10 points to 11,675.52.
The FBM 70 Index lost 54.69 points to 16,434.71, while the FBM ACE Index was 15.36 points lower at 4,738.73.
Sector-wise, the financial services index edged up 42.48 points to 18,114.44, the industrial products and services index slid 0.50 of a point to 162.99, the energy index fell 6.30 points to 743.62, and the plantation index eased 1.46 of a point to 7,604.43.
The Main Market volume dwindled to 1.24 billion units valued at RM2.09 billion from 1.60 billion units valued at RM2.54 billion yesterday.
Warrants turnover declined to 723.44 million units worth RM108.28 million from 744.83 million units worth RM117.03 million previously.
The ACE Market volume was higher at 363.27 million units worth RM96.72 million from 354.82 million units worth RM145.97 million yesterday.
Consumer products and services counters accounted for 246.16 million shares traded on the Main Market, industrial products and services (193.73 million), construction (109.50 million), technology (165.55 million), financial services (78.18 million), property (130.41 million), plantation (21.28 million), REITs (31.29 million), closed/fund (288,900), energy (105.52 million), healthcare (53.84 million), telecommunications and media (19.59 million), transportation and logistics (32.34 million), utilities (48.04 million), and business trusts (390,200).
Stay current - Follow FMT on WhatsApp, Google news and Telegram
Subscribe to our newsletter and get news delivered to your mailbox.
Registration on or use of this site constitutes acceptance of our Terms of Service, Privacy Policy and Cookies Policy.
Copyright © 2009 -2025FMT Media Sdn Bhd (1235453-U) All Rights Reserved. A part of Media Prima Group."
https://www.freemalaysiatoday.com/category/business/2025/09/04/bursa-malaysia-opens-higher-ahead-of-bnm-rate-decision,Bursa closes higher ahead of BNM rate decision,2025-09-04,"The index started the session 1.40 points higher at 1,579.92.
Market breadth was positive, with 163 stocks rising against 80 losers, while 256 were unchanged. Another 2,059 counters were untraded, and seven were suspended.
CIMB Treasury and Market Research said it expects BNM to hold the OPR at 2.75% today, as the worst-case outcome on US tariffs has been averted.
Malacca Securities Sdn Bhd said the local market should trade firmer, tracking overnight gains on Wall Street.
It noted that US equities recovered modestly, led by Alphabet after an antitrust victory, though weak labour data and a global sell-off in long-term bonds capped sentiment.
“Investors remain cautious over debt sustainability and inflation, even as US Federal Reserve rate-cut bets persist,” it said.
The brokerage added that solar-related companies are likely to see strong buying interest following the rollout of the LSS5+ large-scale solar packages.
“On the construction play, we believe traders may focus on Sunway Construction Group Bhd and Gamuda Bhd, as we expect the data centre boom to be sustained.
“On a more defensive angle, attention may turn to banks and consumer stocks such as AMMB Holdings Bhd and 99 Speed Mart Retail Holdings Bhd, the latter having just announced its expansion into China,” it said.
At 9.05am, the benchmark FTSE Bursa Malaysia KLCI (FBM KLCI) added 3.30 points to 1,581.82 from yesterday’s close of 1,578.52.
Among heavyweights, Maybank rose 2 sen to RM10.00, Public Bank gained 3 sen to RM4.29, and Tenaga Nasional advanced 4 sen to RM13.14.
CIMB Group eased one sen to RM7.22, while IHH Healthcare was flat at RM6.19.
In active trade, MTouche Technology edged up 0.5 sen to 4.5 sen, while Farm Fresh slipped 2 sen to RM2.00.
Velesto, Auro Holdings and Reservoir Link Energy were unchanged at 21.5 sen, 15 sen and 20 sen respectively.
On the broader index board, the FBM Emas Index added 26.54 points to 11,753.07, the FBMT 100 Index gained 25.93 points to 11,521.45, and the FBM Emas Shariah Index rose 27.71 points to 11,735.33.
The FBM 70 Index climbed 45.45 points to 16,534.85, while the FBM ACE Index was 11.54 points higher at 4,765.63.
By sector, the industrial products and services index edged up 0.66 of 1.0 point to 164.15, the plantation index gained 8.85 points to 7,614.74, the energy index was 1.32 points higher at 751.24, and the financial services index advanced 37.46 points to 18,109.42.
Stay current - Follow FMT on WhatsApp, Google news and Telegram
Subscribe to our newsletter and get news delivered to your mailbox.
Registration on or use of this site constitutes acceptance of our Terms of Service, Privacy Policy and Cookies Policy.
Copyright © 2009 -2025FMT Media Sdn Bhd (1235453-U) All Rights Reserved. A part of Media Prima Group."
https://www.freemalaysiatoday.com/category/business/2025/09/04/ringgit-opens-slightly-firmer-against-greenback-ahead-of-bnm-policy-decision,Ringgit opens slightly firmer ahead of BNM policy decision,2025-09-04,"IPP Wealth Managers Ltd investment strategist and country economist Sedek Jantan said BNM was likely to keep the OPR steady at 2.75% at today’s monetary policy committee (MPC) meeting, in line with efforts to support domestic economic growth.
“With headline inflation at 1.2% and unemployment at 3.0%, this approach ensures policy stability, supports domestic demand and keeps monetary conditions accommodative without adding inflationary pressure.
“The latest macroeconomic indicators also show resilience, with July exports posting positive growth, reinforcing confidence in Malaysia’s external sector,” he told Bernama.
Meanwhile, Bank Muamalat Malaysia Bhd chief economist Afzanizam Rashid said the US job openings and labour turnover survey for July showed job openings fell below expectations to 7.181 million, compared with the consensus forecast of 7.38 million.
That, he said, had fuelled hopes of a potential US Federal Reserve rate cut in September.
“This suggests employers are cautious about expanding their workforce amid a weaker economic outlook.
“On that note, the ringgit could see further appreciation,” he said.
Afzanizam said the ringgit closed 0.13% higher against the US dollar at RM4.2257 yesterday and expects it to trade in the RM4.21–RM4.23 range today.
The US will release its closely watched non-farm payrolls report on Friday.
At 8am, the local note rose to 4.2125/4.2330 from yesterday’s close of 4.2230/4.2285.
The ringgit was mixed against major currencies. It rose against the euro to 4.9126/4.9365 from 4.9223/4.9287 but slipped versus the yen to 2.8469/2.8609 from 2.8430/2.8469 and the pound to 5.6620/5.6896 from 5.6614/5.6687.
Against Asean currencies, the ringgit traded mostly firmer. It strengthened against the rupiah to 256.5/257.9 from 257.2/257.7, advanced against the Singapore dollar to 3.2706/3.2867 from 3.2777/3.2822, gained on the peso to 7.35/7.39 from 7.37/7.38, and edged up against the baht to 13.0454/13.1158 from 13.0529/13.0759.
Stay current - Follow FMT on WhatsApp, Google news and Telegram
Subscribe to our newsletter and get news delivered to your mailbox.
Registration on or use of this site constitutes acceptance of our Terms of Service, Privacy Policy and Cookies Policy.
Copyright © 2009 -2025FMT Media Sdn Bhd (1235453-U) All Rights Reserved. A part of Media Prima Group."
https://www.freemalaysiatoday.com/category/business/2025/09/04/ringgit-slips-as-us-dollar-strengthens-despite-weak-jobs-data,Ringgit slips as US dollar strengthens despite weak jobs data,2025-09-04,"Bank Muamalat Malaysia Bhd chief economist Afzanizam Rashid said market attention is now on the ADP employment change report, which measures private-sector job creation in the US, with consensus expectations at 65,000 new jobs in August compared with 104,000 in the previous month.
“Initial jobless claims were expected to edge slightly higher to 230,000 last week from 229,000 the week before.
“In a sense, traders and markets can agree that signs of economic weakness in the US are becoming clearer,” he told Bernama.
He said the case for an interest rate cut has therefore become more compelling, with futures pricing now showing a more than 90% probability of a rate reduction.
“However, the US dollar seems to gain some strength. On that note, traders and investors are likely to be more guarded as the nonfarm payrolls (NFP) data point could surprise on the upside this Friday,” he added.
At 6pm, the local currency eased to 4.2260/4.2320 from yesterday’s close of 4.2230/4.2285.
At the close, the ringgit was mostly lower against major currencies.
It rose against the euro to 4.9203/4.9273 from 4.9223/4.9287, but slipped versus the yen to 2.8489/2.8531 from 2.8430/2.8469 and reduced against the pound to 5.6793/5.6874 from 5.6614/5.6687.
Against Asean currencies, the ringgit was also mostly lower, except for a slight strengthening against the Singapore dollar to 3.2775/3.2824 from 3.2777/3.2822 previously.
The local currency eased against the Thai baht to 13.0666/13.0908 from 13.0529/13.0759, was marginally lower versus the Indonesian rupiah at 257.3/257.7 from 257.2/257.7, and slipped against the Philippine peso to 7.40/7.42 from 7.37/7.38.
Stay current - Follow FMT on WhatsApp, Google news and Telegram
Subscribe to our newsletter and get news delivered to your mailbox.
Registration on or use of this site constitutes acceptance of our Terms of Service, Privacy Policy and Cookies Policy.
Copyright © 2009 -2025FMT Media Sdn Bhd (1235453-U) All Rights Reserved. A part of Media Prima Group."
https://www.freemalaysiatoday.com/category/business/2025/09/08/bursa-ends-0-47-higher-on-large-cap-gains,Bursa ends 0.47% higher on large-cap gains,2025-09-08,"Rakuten Trade Sdn Bhd vice-president of equity research Thong Pak Leng said the optimism was buoyed by softer US payroll data that strengthened expectations of a September interest rate cut.
“Investors stayed upbeat on expectations of a Federal Reserve rate cut of at least 25 basis points at the Sept 16-17 policy meeting, even as attention this week centred on crucial US consumer inflation readings,” he told Bernama.
Thong added that for the local bourse, the benchmark index regained the 1,585 level and is now attempting to reverse the downtrend seen from late 2024 to early 2025.
“However, trading volume has remained relatively subdued, suggesting that while the technical setup is constructive, stronger participation from investors will be essential to sustain momentum and validate the uptrend.
“Hopes are that this emerging uptrend will entice more participants into the market, boosting volume and reinforcing the rally,” he said.
The benchmark index is anticipated to trend within the range of 1,570-1,600 for the week.
At 5pm, the FTSE Bursa Malaysia KLCI (FBM KLCI) climbed 7.44 points to 1,585.59 from last Thursday’s close of 1,578.15.
The index began the session 3.07 points firmer at 1,581.22, and traded between 1,579.57 and 1,587.16 during the morning session.
In the wider market, gainers beat decliners 548 to 434, while 524 counters were unchanged, with 1,062 untraded and eight suspended.
Turnover declined to 2.15 billion units worth RM1.94 billion from 2.32 billion units worth RM2.3 billion last Thursday.
The local bourse was closed on Friday for the Maulidur Rasul holiday.
Among the heavyweights, Maybank and Public Bank added one sen each to RM10 and RM4.28, respectively.
Tenaga Nasional accumulated 26 sen to RM13.32, IHH Healthcare rose one sen to RM6.92, while CIMB Group decreased three sen to RM7.27.
Pharmaniaga emerged as the most active counter at the close, advancing 1.5 sen to 19.5 sen, followed by NexG and Jaks, which were one sen better at 49 sen and 11 sen respectively. Tanco was 1.5 sen higher at 81 sen, while Velesto improved one sen to 21.5 sen.
Consumer stocks led the broader market, with Nestle increasing by 76 sen to RM94, followed by Petronas Dagangan, which improved by 34 sen to RM22.14, and PPB, which gained 30 sen to RM9.90.
On the index board, the FBM Emas Index rose 46.73 points to 11,762.02, the FBMT 100 Index added 43.08 points to 11,527.24, and the FBM Emas Shariah Index improved 60.03 points to 11,735.55.
The FBM 70 Index climbed 12.74 points to 16,447.45, while the FBM ACE Index was 30.23 points weaker at 4,768.96.
By sector, the financial services index firmed 11.62 points to 18,126.06, the industrial products and services index edged up 1.76 points to 164.75, the plantation index edged up 31.93 points to 7,636.36, while the energy index shed 3.30 points to 740.32.
The Main Market volume inched up to 1.29 billion units valued at RM1.75 billion from 1.24 billion units valued at RM2.09 billion on Thursday.
Warrants turnover declined to 596.79 million units worth RM91.02 million from 723.44 million units worth RM108.28 million previously.
The ACE Market volume narrowed to 262.34 million units worth RM100.3 million from 363.27 million units worth RM96.72 million.
Consumer products and services counters accounted for 208.85 million shares traded on the Main Market, industrial products and services (184.78 million), construction (119.46 million), technology (185.48 million), financial services (62.11 million), property (136.03 million), plantation (27.88 million), REITs (29.2 million), closed/fund (32,100), energy (85.36 million), healthcare (165.16 million), telecommunications and media (22.69 million), transportation and logistics (26.58 million), utilities (32.91 million), and business trusts (156,300).
Stay current - Follow FMT on WhatsApp, Google news and Telegram
Subscribe to our newsletter and get news delivered to your mailbox.
Registration on or use of this site constitutes acceptance of our Terms of Service, Privacy Policy and Cookies Policy.
Copyright © 2009 -2025FMT Media Sdn Bhd (1235453-U) All Rights Reserved. A part of Media Prima Group."
https://www.freemalaysiatoday.com/category/business/2025/09/08/bursa-malaysia-rises-in-catch-up-trade,Bursa Malaysia rises in catch-up trade,2025-09-08,"At 9.21am, the benchmark FTSE Bursa Malaysia KLCI (FBM KLCI) rose 4.06 points to 1,582.21 from last Thursday’s close of 1,578.15.
The index began the session 3.07 points firmer at 1,581.22.
Market breadth was positive, with 283 gainers and 151 decliners, while 340 counters were unchanged. Another 2,568 were untraded and eight suspended.
The local bourse was closed on Friday for the Maulidur Rasul holiday.
Rakuten Trade Sdn Bhd’s vice president of equity research Thong Pak Leng said the FBM KLCI ended last week on a flat note during a short trading week with muted buying support.
He said that the barometer index is expected to play catch-up with the strong regional performance last Friday and hover within the 1,580-1,595 range.
“We noticed that although the recently concluded earnings season had been decent, most research houses prefer to remain cautious. Hence, the KLCI is expected to trend between 1,620 and 1,690 by end-2025,” he added.
Among the heavyweights, Maybank rose one sen to RM10.00, Public Bank gained two sen to RM4.29, Tenaga Nasional added 10 sen to RM13.16, while IHH Healthcare and Press Metal were flat at RM6.91 and RM5.58, respectively. CIMB eased five sen to RM7.25.
In active trade, Jaks advanced 0.5 sen to 10.5 sen, NexG was one sen higher at 49 sen, while Velesto and Wawasan Dengkil both gained 0.5 sen to 21 sen and 26 sen, respectively.
On the broader market, the FBM Emas Index added 35.15 points to 11,750.44, the FBMT 100 Index gained 32.72 points to 11,516.88, and the FBM Emas Shariah Index rose 45.73 points to 11,721.25.
The FBM 70 Index climbed 60.87 points to 16,495.58, while the FBM ACE Index was 12.68 points higher at 4,751.41.
By sector, the Industrial Products and Services Index edged up 0.53 of 1.0 point to 163.52, the Plantation Index advanced 16.22 points to 7,620.65, and the Financial Services Index gained 29.35 points to 18,143.79. The Energy Index eased 1.59 points to 742.03.
Stay current - Follow FMT on WhatsApp, Google news and Telegram
Subscribe to our newsletter and get news delivered to your mailbox.
Registration on or use of this site constitutes acceptance of our Terms of Service, Privacy Policy and Cookies Policy.
Copyright © 2009 -2025FMT Media Sdn Bhd (1235453-U) All Rights Reserved. A part of Media Prima Group."
https://www.freemalaysiatoday.com/category/business/2025/09/08/hanif-ghulam-mohammed-appointed-ceo-of-affin-hwang-investment-bank,Hanif Ghulam Mohammed appointed CEO of Affin Hwang Investment Bank,2025-09-08,"Hanif, who has more than 20 years of experience in the banking sector, has served as executive director of group treasury at Affin Bank Bhd since December 2021.
In a statement, Affin Group said Hanif’s career has spanned senior roles, including as regional head of Islamic treasury and director of fixed income, underlining his expertise in debt capital markets and Islamic finance.
In addition to his corporate responsibilities, Hanif has been actively involved in the development of Malaysia’s financial markets and sits on Bank Negara Malaysia’s financial markets committee and chairs the Islamic financial markets subcommittee.
Affin Group president and CEO Wan Razly Abdullah said Hanif’s appointment reflected the group’s commitment to leadership continuity and strategic growth.
“Hanif’s proven track record, deep knowledge of debt capital markets, and leadership in Islamic finance put him in a strong position to steer Affin Hwang Investment Bank forward in line with our strategic plan,” he said.
Stay current - Follow FMT on WhatsApp, Google news and Telegram
Subscribe to our newsletter and get news delivered to your mailbox.
Registration on or use of this site constitutes acceptance of our Terms of Service, Privacy Policy and Cookies Policy.
Copyright © 2009 -2025FMT Media Sdn Bhd (1235453-U) All Rights Reserved. A part of Media Prima Group."
https://www.freemalaysiatoday.com/category/business/2025/09/08/ringgit-closes-firmer-on-weak-us-nonfarm-payrolls-report,Ringgit closes firmer on weak US nonfarm payrolls report,2025-09-08,"Bank Muamalat Malaysia Bhd chief economist Afzanizam Abdul Rashid said the weaker-than-expected US nonfarm payrolls report for August has strengthened the case for an interest rate cut when the federal open market committee (FOMC) reconvenes next week.
“For now, the Fed officials are in a blackout period, during which they are not allowed to share their views with the public a week before the FOMC meeting.
“Hence, traders and investors are left with only a few data points to digest, namely the producer price index and consumer price index,” he told Bernama.
At 6pm, the local note appreciated to 4.2165/4.2205 from last Thursday’s close of 4.2260/4.2320.
The market was closed on Friday for the Maulidur Rasul holiday.
At the close, the ringgit was lower against a basket of major currencies.
It depreciated against the euro to 4.9430/4.9477 from 4.9203/4.9273, slipped versus the yen to 2.8536/2.8565 from 2.8489/2.8531, and shed against the pound to 5.6956/5.7011 from 5.6793/5.6874 last week.
Against Asean currencies, the ringgit was also lower.
It dropped against the Singapore dollar to 3.2831/3.2865 from 3.2775/3.2824, eased against the baht to 13.2299/13.2491 from 13.0666/13.0908, was lower versus the rupiah at 258.5/258.8 from 257.3/257.7, and slipped against the Philippine peso to 7.43/7.44 from 7.40/7.42 previously.
Stay current - Follow FMT on WhatsApp, Google news and Telegram
Subscribe to our newsletter and get news delivered to your mailbox.
Registration on or use of this site constitutes acceptance of our Terms of Service, Privacy Policy and Cookies Policy.
Copyright © 2009 -2025FMT Media Sdn Bhd (1235453-U) All Rights Reserved. A part of Media Prima Group."
https://www.freemalaysiatoday.com/category/business/2025/09/08/ringgit-rises-on-weak-us-jobs-data,Ringgit rises on weak US jobs data,2025-09-08,"At 8am, the local currency stood at 4.2030/4.2285 per dollar, up from Thursday’s close of 4.2260/4.2320. Markets were closed on Friday for the Maulidur Rasul holiday.
Bank Muamalat Malaysia Bhd chief economist Afzanizam Rashid said the softer-than-expected US August NFP report should pave the way for a rate cut at next week’s Federal Open Market Committee (FOMC) meeting.
However, he noted the ringgit may trade cautiously amid political developments in Japan, which could lend support to the dollar.
“The situation in Japan, where the prime minister has offered his resignation, appears dollar-positive as the next leadership is expected to be more dovish on fiscal policy. On that note, the US dollar against the ringgit could range between 4.21 and 4.23 today,” he told Bernama.
The ringgit was mostly higher against major currencies in early trade. It strengthened to 2.8322/2.8496 versus the yen from 2.8489/2.8531 last week and rose to 5.6694/5.7038 against the pound from 5.6793/5.6874. It was little changed against the euro at 4.9213/4.9512 compared with 4.9203/4.9273 previously.
Against Asean currencies, the ringgit traded mostly firmer. It advanced to 256.5/257.9 against the rupiah from Thursday’s 257.3/257.7, climbed to 3.2706/3.2867 versus the Singapore dollar from 3.2775/3.2824, and gained to 7.35/7.39 against the peso from 7.40/7.42.
It slipped to 13.0454/13.1158 against the baht from 13.0666/13.0908 last week.
Stay current - Follow FMT on WhatsApp, Google news and Telegram
Subscribe to our newsletter and get news delivered to your mailbox.
Registration on or use of this site constitutes acceptance of our Terms of Service, Privacy Policy and Cookies Policy.
Copyright © 2009 -2025FMT Media Sdn Bhd (1235453-U) All Rights Reserved. A part of Media Prima Group."
https://www.freemalaysiatoday.com/category/business/2025/09/09/bursa-rebounds-as-late-buying-offsets-profit-taking,Bursa rebounds as late buying offsets profit-taking,2025-09-09,"Rakuten Trade Sdn Bhd vice-president of equity research Thong Pak Leng said the key index staged a late recovery to close with small gains, overcoming earlier declines caused by ex-dividend adjustments in Maxis and MISC, as well as profit-taking in Tenaga Nasional and CIMB.
“Supportive buying in other index-linked stocks provided enough momentum to offset the selling pressure, leaving the benchmark slightly higher at closing,” he told Bernama.
Thong added that overall, the trend looks constructive, whereby the FBM KLCI is consolidating in a healthy way and any decisive move above 1,600 is likely to strengthen long-term sentiment.
“Notably, trading volume has returned to more normal levels after a short period of weakness, suggesting investors are starting to re-engage the market.
“This recovery in participation adds weight for further uptrend, hence, we maintain our weekly FBM KLCI target at 1,570-1,600,” he added.
Meanwhile, key regional indices ended mixed as investors are cautiously awaiting a slew of economic data from today till Thursday that could shape the interest rate outlook.
Elsewhere, at the time of writing, Hong Kong’s Hang Seng Index rose 1.19% to 25,938.13, Singapore’s Straits Times Index slipped 0.30% to 4,295.44, South Korea’s Kospi added 1.26% to 3,260.05 and Japan’s Nikkei 225 eased by 0.42% to 43,459.29.
At 5pm, the FBM KLCI gained 1.22 points to 1,586.81 from yesterday’s close of 1,585.59.
The index opened 1.39 points firmer at 1,586.98 and moved between 1,581.89 and 1,587.53 throughout today’s trading session.
In the broader market, gainers beat decliners 506 to 447, while 536 counters were unchanged, 1,104 untraded and eight suspended.
Turnover jumped to 3.01 billion units worth RM2.61 billion from 2.15 billion units worth RM1.94 billion.
Among the heavyweights, Maybank added four sen to RM10.04, Public Bank gained one sen to RM4.29, IHH Healthcare improved two sen to RM6.94, but CIMB and Tenaga Nasional lost 11 sen and 22 sen to RM7.16 and RM13.10, respectively.
Pharmaniaga was the most active counter at the close, advancing two sen to 21.5 sen.
Zetrix AI and Velesto were 0.5 sen lower at 85.5 sen and 21 sen, respectively, while Tanco was 2.5 sen lower at 78.5 sen.
Top gainers for the day were led by Nestle, which jumped RM2.10 to RM96.10, followed by PPB, which added 30 sen to RM10.20, Bintulu Port earned 20 sen to RM5.30 and Petronas Dagangan was 18 sen better at RM22.32.
F&N and United Plantations were the top losers, dropping 34 sen to RM27.30 and 26 sen to RM22.34, respectively.
On the index board, the FBM Emas Index rose 10.82 points to 11,772.84, the FBMT 100 Index added 10.24 points to 11,537.48, and the FBM Emas Shariah Index improved 10.51 points to 11,746.06.
The FBM 70 Index climbed 20.91 points to 16,468.36, while the FBM ACE Index eased 48.12 points to 4,720.84.
By sector, the financial services index firmed 1.26 points to 18,127.32, the industrial products and services index edged up 0.48 of-a-point to 165.23, the plantation index edged up 32.42 points to 7,668.78, while the energy index rose 0.07 of-a-point to 740.39.
The Main Market volume increased to 1.49 billion units valued at RM2.29 billion from 1.29 billion units valued at RM1.75 billion yesterday.
Warrants turnover surged to 1.2 billion units worth RM1.99 billion from 596.79 million units worth RM91.02 million previously.
The ACE Market volume climbed to 317.83 million units worth RM123.19 million from 262.34 million units worth RM100.3 million.
Consumer products and services counters accounted for 246.67 million shares traded on the Main Market, industrial products and services (241.92 million), construction (110.69 million), technology (171.93 million), financial services (97.82 million), property (172.24 million), plantation (27 million), REITs (18.85 million), closed/fund (30,500), energy (119.57 million), healthcare (174.38 million), telecommunications and media (43.73 million), transportation and logistics (29.2 million), utilities (36.41 million), and business trusts (141,200).
Stay current - Follow FMT on WhatsApp, Google news and Telegram
Subscribe to our newsletter and get news delivered to your mailbox.
Registration on or use of this site constitutes acceptance of our Terms of Service, Privacy Policy and Cookies Policy.
Copyright © 2009 -2025FMT Media Sdn Bhd (1235453-U) All Rights Reserved. A part of Media Prima Group."
https://www.freemalaysiatoday.com/category/business/2025/09/09/bursa-starts-higher-on-local-institutional-support,Bursa starts higher on local institutional support,2025-09-09,"At 9.05am, the benchmark FTSE Bursa Malaysia KLCI (FBM KLCI) edged up 1.31 points to 1,586.90 from Monday’s close of 1,585.59.
The index opened 1.39 points firmer at 1,586.98.
Market breadth was positive, with 146 gainers outpacing 88 decliners, while 65.82 million shares worth RM40.74 million were traded.
Among the heavyweights, Maybank rose four sen to RM10.04, Public Bank gained one sen to RM4.29, while Tenaga Nasional, IHH Healthcare and Press Metal were unchanged at RM13.32, RM6.92 and RM5.55, respectively. CIMB slipped three sen to RM7.24.
In active trade, Pharmaniaga added half a sen to 20 sen, MRCB rose two sen to 49 sen, Scientex-WA improved half a sen to 8.5 sen, while Dagang Nexchange was flat at 24 sen.
Top gainers included Nestle, which climbed 60 sen to RM94.60, Hong Leong Bank, up 18 sen to RM20.26, Paragon Union, which advanced 12 sen to RM2.88, and Teck Guan and Country View, both eight sen higher at RM2.00 and RM2.23, respectively.
On the broader market, the FBM Emas Index added 14.76 points to 11,776.78, the FBMT 100 Index gained 10.67 points to 11,537.91 and the FBM Emas Shariah Index rose 7.70 points to 11,743.25.
The FBM 70 Index climbed 20.30 points to 16,467.75, while the FBM ACE Index was 4.77 points higher at 4,764.19.
By sector, the Industrial Products and Services Index edged up 0.23 of-a-point to 164.98, the Plantation Index advanced 18.67 points to 7,655.03 and the Financial Services Index added 41.47 points to 18,167.53. The Energy Index eased 2.19 points to 738.13.
Stay current - Follow FMT on WhatsApp, Google news and Telegram
Subscribe to our newsletter and get news delivered to your mailbox.
Registration on or use of this site constitutes acceptance of our Terms of Service, Privacy Policy and Cookies Policy.
Copyright © 2009 -2025FMT Media Sdn Bhd (1235453-U) All Rights Reserved. A part of Media Prima Group."
https://www.freemalaysiatoday.com/category/business/2025/09/09/ringgit-ends-higher-ahead-of-us-jobs-data-revision,Ringgit ends higher ahead of US jobs data revision,2025-09-09,"Bank Muamalat Malaysia Bhd chief economist Afzanizam Abdul Rashid said the greenback continued its retreat in tandem with the decline in the US Dollar Index (DXY) to 97.330 points.
He said last Friday’s weak US labour market report has strengthened the conviction of an interest rate cut in the upcoming US federal open market committee meeting next week.
“There is also an impression that the US Federal Reserve (Fed) could be behind the curve in delivering timely monetary easing as the previous series of labour market data, such as the US nonfarm payrolls (NFP), saw sizeable downward revision.
“As such, the ringgit has breached the psychological level of RM4.20,” he told Bernama.
SPI Asset Management managing director Stephen Innes said expectations of Fed interest rate cuts have narrowed yield gaps, giving the local currency more room to rise.
He said the potential rate cuts signal a broader reassessment of how much policy support the Fed may be compelled to provide this year.
“The real inflection point may come (later today), when the annual revision to the NFP lands.
“Fed governor Christopher Waller has already cautioned that last year’s job tally may have been overstated by as many as 720,000 positions, a gap that would recast the entire narrative around US labour resilience.
“For markets, such a revision is weighing heavily on the US dollar, which continues to drift lower as investors prepare for the possibility of a larger policy shift,” he added.
At 6pm, the local note bounced to 4.2025/4.2080 from yesterday’s close of 4.2165/4.2205.
At the close, the ringgit was lower against a basket of major currencies.
It eased against the euro to 4.9451/4.9516 from 4.9430/4.9477, slipped versus the yen to 2.8711/2.8751 from 2.8536/2.8565, and was down vis-a-vis the pound to 5.7095/5.7170 from 5.6956/5.7011 yesterday.
However, the local note was mostly higher against Asean currencies.
It inched up versus the Singapore dollar to 3.2824/3.2870 from 3.2831/3.2865, fell against the baht to 13.2688/13.2925 from 13.2299/13.2491, gained vis-a-vis the rupiah to 254.9/255.4 from 258.5/258.8 and increased against the Philippine peso to 7.37/7.39 from 7.43/7.44 previously.
Stay current - Follow FMT on WhatsApp, Google news and Telegram
Subscribe to our newsletter and get news delivered to your mailbox.
Registration on or use of this site constitutes acceptance of our Terms of Service, Privacy Policy and Cookies Policy.
Copyright © 2009 -2025FMT Media Sdn Bhd (1235453-U) All Rights Reserved. A part of Media Prima Group."
https://www.freemalaysiatoday.com/category/business/2025/09/09/ringgit-extends-gains-on-growing-fed-rate-cut-expectations,Ringgit extends gains on growing Fed rate cut expectations,2025-09-09,"At 8am, the local currency stood at 4.2070/4.2275 versus the dollar, up from Monday’s close of 4.2165/4.2205.
Bank Muamalat Malaysia Bhd chief economist Afzanizam Rashid said the US Dollar Index (DXY) continued to fall as markets priced in a possible Federal Reserve (Fed) rate cut next week, following softer US jobs data.
He said economists would be watching the Quarterly Census of Employment and Wages (QCEW), due from the US Bureau of Labour Statistics later today, amid expectations of a downward revision in job growth.
“The key message is that the labour market is weak and the Fed is seen as behind the curve in cutting interest rates,” he added.
Back home, Afzanizam said the ringgit was likely to maintain its appreciating bias and hover around 4.21 to 4.22 per dollar.
The ringgit, however, was marginally lower against major currencies in early trade. It eased to 2.8545/2.8686 against the yen from 2.8536/2.8565 on Monday, slipped to 5.7009/5.7287 against the pound from 5.6956/5.7011, and fell to 4.9508/4.9749 against the euro from 4.9430/4.9477.
Against Asean currencies, the ringgit traded mostly firmer. It rose to 257.9/259.3 against the rupiah from 258.5/258.8, strengthened to 3.2795/3.2958 versus the Singapore dollar from 3.2831/3.2865, and edged up to 7.42/7.46 against the peso from 7.43/7.44.
It slipped, however, to 13.2734/13.3452 against the baht from 13.2299/13.2491.
Stay current - Follow FMT on WhatsApp, Google news and Telegram
Subscribe to our newsletter and get news delivered to your mailbox.
Registration on or use of this site constitutes acceptance of our Terms of Service, Privacy Policy and Cookies Policy.
Copyright © 2009 -2025FMT Media Sdn Bhd (1235453-U) All Rights Reserved. A part of Media Prima Group."
https://www.freemalaysiatoday.com/category/business/2025/09/10/bursa-ends-higher-as-fed-rate-cut-hopes-lift-sentiment,Bursa ends higher as Fed rate cut hopes lift sentiment,2025-09-10,"The regional markets closed higher on optimism that signs of softness in the US labour market could prompt the US Federal Reserve (Fed) to deliver at least a quarter-point rate cut next week.
Rakuten Trade Sdn Bhd vice-president of equity research Thong Pak Leng said the benchmark index has managed to hold above key support levels and continues to display resilience after the August rally.
“This shows that buying interest is still present even though the pace has slowed slightly.
“The key breakout level to monitor is the 1,600-resistance, whereby a decisive close above this level with stronger volume would validate fresh upside momentum and open the path towards the 1,620-1,650 zone,” he told Bernama.
Thong said the FTSE Bursa Malaysia KLCI (FBM KLCI) will trend within the 1,570–1,600 range for the rest of the week.
Elsewhere, at the time of writing, Hong Kong’s Hang Seng Index rose 1.01% to 26,200.26, Singapore’s Straits Times Index advanced 1.23% to 4,350.62, South Korea’s Kospi added 1.67% to 3,314.53 and Japan’s Nikkei 225 perked up by 0.87% to 43,837.67.
At 5pm, the FBM KLCI gained 3.94 points to 1,590.75 from yesterday’s close of 1,586.81.
The index had opened 1.23 points firmer at 1,588.04 and moved between 1,585.21 and 1,590.80 throughout today’s trading session.
In the broader market, gainers beat decliners 518 to 487, while 506 counters were unchanged, 1,082 untraded and eight suspended.
Turnover, however, trimmed to 2.66 billion units worth RM2.29 billion from 3.01 billion units worth RM2.61 billion yesterday.
Among the heavyweights, Maybank was down seven sen to RM9.97, Public Bank increased one sen to RM4.30, CIMB gained five sen to RM7.21, Tenaga Nasional was eight sen higher to RM13.18, IHH Healthcare was 16 sen better at RM7.10 and Press Metal was up nine sen to RM5.62.
For active stocks, VS Industry erased 10 sen to 54 sen, Classita added one sen to 9.5 sen, Pharmaniaga perked up 0.5 sen to 22 sen, Zetrix AI increased one sen to 86.5 sen, Tanco was 1.5 sen better at 80 sen and 99 Speedmart was down three sen to RM2.49.
Top gainers for the day were led by Riverview, earning 20 sen to RM3.00, LPI Capital was 18 sen higher at RM14.46 and Ranhill Utilities improved 13 sen to RM1.90.
Nestle and Malaysian Pacific Industries were the top losers, dropping 60 sen and 30 sen to RM95.50 and RM27.70, respectively.
On the index board, the FBM Emas Index rose 13.61 points to 11,786.45, the FBMT 100 Index added 13.98 points to 11,551.46, and the FBM Emas Shariah Index improved 23.86 points to 11,769.92.
The FBM 70 Index fell 45.03 points to 16,423.33, while the FBM ACE Index gained 7.26 points to 4,728.10.
By sector, the financial services index lost 35.17 points to 18,092.15, the industrial products and services index edged down 1.15 points to 164.08, the plantation index edged up 13.35 points to 7,682.13, while the energy index slipped 0.33 of-a-point to 740.06.
The Main Market volume slipped to 1.46 billion units valued at RM2.04 billion from 1.49 billion units valued at RM2.29 billion yesterday.
Warrants turnover declined to 945.49 million units worth RM151.63 million from 1.2 billion units worth RM1.99 billion previously.
The ACE Market volume dropped to 257.12 million units worth RM102.18 million from 317.83 million units worth RM123.19 million.
Consumer products and services counters accounted for 288.93 million shares traded on the Main Market, industrial products and services (331.55 million), construction (109.01 million), technology (141.3 million), financial services (78.47 million), property (137.03 million), plantation (29.61 million), REITs (25.82 million), closed/fund (24,400), energy (93.46 million), healthcare (102.61 million), telecommunications and media (60.17 million), transportation and logistics (21.49 million), utilities (35.94 million), and business trusts (59,800).
Stay current - Follow FMT on WhatsApp, Google news and Telegram
Subscribe to our newsletter and get news delivered to your mailbox.
Registration on or use of this site constitutes acceptance of our Terms of Service, Privacy Policy and Cookies Policy.
Copyright © 2009 -2025FMT Media Sdn Bhd (1235453-U) All Rights Reserved. A part of Media Prima Group."
https://www.freemalaysiatoday.com/category/business/2025/09/10/bursa-opens-higher-for-third-day-on-fed-cut-hopes,Bursa opens higher for third day on Fed cut hopes,2025-09-10,"At 9.06am, the benchmark FTSE Bursa Malaysia KLCI (FBM KLCI) edged up 0.77 of-a-point to 1,587.58 from Tuesday’s close of 1,586.81.
The index had opened 1.23 points firmer at 1,588.04.
Market breadth was positive, with 168 gainers outpacing 99 decliners. Another 247 counters were unchanged, 2,079 untraded and seven suspended.
Turnover stood at 104.41 million shares worth RM55.65 million.
Rakuten Trade Sdn Bhd vice-president of equity research Thong Pak Leng said Wall Street ended higher with all three major indices closing at record highs on prospects of a Fed rate cut, while investors awaited crucial inflation data.
“Market sentiment was further lifted by regional strength after Citigroup upgraded the Hang Seng index,” he said.
Back home, Thong noted the FBM KLCI remained in positive territory despite Maxis and MISC trading ex-dividend, underscoring resilient market undertones.
“We believe the benchmark index will re-test the 1,600 level soon. For today, we expect it to hover between 1,585 and 1,600,” he added.
Among the heavyweights, Maybank rose two sen to RM10.06, Public Bank edged up one sen to RM4.30, Tenaga Nasional gained six sen to RM13.16, and IHH Healthcare was one sen higher at RM6.95, while CIMB was flat at RM7.16.
In active trade, Classita advanced one sen to 9.5 sen and its warrant added half-a-sen to 3.5 sen, NexG improved half-a-sen to 49 sen, OCK Group warrant slipped one sen to five sen and Cahya Mata Sarawak gained five sen to RM1.25.
Top gainers included United Plantations, which added 22 sen to RM22.56, UWC up 14 sen to RM3.04, Petronas Gas higher by 10 sen at RM18.70 and QL Resources up six sen to RM4.28.
On the broader market, the FBM Emas Index rose 8.10 points to 11,780.94, the FBMT 100 Index gained 7.81 points to 11,545.30 and the FBM Emas Shariah Index added 13.10 points to 11,759.16.
The FBM 70 Index climbed 20.73 points to 16,489.09, while the FBM ACE Index was 3.70 points higher at 4,724.54.
By sector, the Industrial Products and Services Index eased 0.15 of-a-point to 165.08, the Plantation Index fell 8.56 points to 7,660.22 and the Financial Services Index slipped 0.95 of a point to 18,126.37. The Energy Index rose 2.05 points to 742.44.
Stay current - Follow FMT on WhatsApp, Google news and Telegram
Subscribe to our newsletter and get news delivered to your mailbox.
Registration on or use of this site constitutes acceptance of our Terms of Service, Privacy Policy and Cookies Policy.
Copyright © 2009 -2025FMT Media Sdn Bhd (1235453-U) All Rights Reserved. A part of Media Prima Group."
https://www.freemalaysiatoday.com/category/business/2025/09/10/ringgit-eases-as-investors-take-profit-ahead-of-us-inflation-data,Ringgit eases as investors take profit ahead of US inflation data,2025-09-10,"The US producer price inflation data is due later today, followed by the consumer price index report tomorrow.
Bank Muamalat Malaysia Bhd chief economist Afzanizam Abdul Rashid said traders were wary of the upcoming US inflation reports, despite the weaker American job market.
“Consensus estimates are expecting the headline producer price index (PPI) to remain at 3.3% in August, while core PPI would moderate to 3.5% from 3.7%.
“Our general sense is that the traders are wary of the figure turning out to be higher than expected and that could sway the US Federal Reserve’s decision next week,” he told Bernama.
Meanwhile, SPI Asset Management managing director Stephen Innes said the recent US nonfarm payrolls revision showed job growth had slowed, but the greenback drew support from safe-haven demand after the Israeli strike against Hamas in Qatar.
“Traders are squaring up positions ahead of the US consumer price index release, which could lift US yields if inflation comes in hot,” he added.
At 6pm, the local note fell to 4.2185/4.2220 from yesterday’s close of 4.2025/4.2080.
At the close, the ringgit was mostly higher against a basket of major currencies.
It gained against the euro to 4.9416/4.9457 from 4.9451/4.9516, climbed up versus the yen to 2.8614/2.8639 from 2.8711/2.8751, but went down vis-à-vis the pound to 5.7127/5.7174 from 5.7095/5.7170 yesterday.
However, the local note was mostly lower against Asean currencies.
It edged down against the Philippine peso to 7.38/7.39 from 7.37/7.39 previously and slipped versus the Singapore dollar to 3.2883/3.2912 from 3.2824/3.2870.
The ringgit inched down against the baht to 13.2699/13.2872 from 13.2688/13.2925, and eased vis-à-vis the rupiah to 256.1/256.4 from 254.9/255.4.
Stay current - Follow FMT on WhatsApp, Google news and Telegram
Subscribe to our newsletter and get news delivered to your mailbox.
Registration on or use of this site constitutes acceptance of our Terms of Service, Privacy Policy and Cookies Policy.
Copyright © 2009 -2025FMT Media Sdn Bhd (1235453-U) All Rights Reserved. A part of Media Prima Group."
https://www.freemalaysiatoday.com/category/business/2025/09/10/ringgit-opens-higher-tracks-us-jobs-revision-and-rate-cut-hopes,"Ringgit opens higher, tracks US jobs revision and rate cut hopes",2025-09-10,"At 8am, the local currency stood at 4.2005/4.2170 versus the greenback, up from Tuesday’s close of 4.2025/4.2080.
Bank Muamalat Malaysia Bhd chief economist Afzanizam Rashid said a preliminary revision of benchmark payrolls between April 2024 and March 2025 by the US Labour Department showed 911,000 fewer jobs created than previously estimated.
“The figure reinforces market conviction that the labour market is weak and the Federal Reserve will need to resume its rate cut cycle next week,” he added.
Still, Afzanizam said investors would be watching closely for the release of the US Producer Price Index (PPI) later today to gauge sentiment.
He noted consensus estimates indicated headline PPI would remain at 3.3% in August while core PPI was expected to ease from 3.7% to 3.5%.
At home, he said the ringgit was likely to keep its appreciating bias and hover around 4.20 to 4.22 per dollar.
The ringgit was higher against major currencies in early trade. It strengthened to 2.8497/2.8611 against the yen from 2.8711/2.8751 on Tuesday, appreciated to 5.6791/5.7014 against the pound from 5.7095/5.7170, and rose to 4.9154/4.9347 against the euro from 4.9451/4.9516.
Against Asean currencies, the ringgit traded mostly firmer. It advanced to 3.2735/3.2866 versus the Singapore dollar from 3.2824/3.2870 yesterday and to 13.2174/13.2794 against the baht from 13.2688/13.2925.
The local note was little changed at 254.8/255.9 against the rupiah from 254.9/255.4 on Tuesday and steady at 7.37/7.40 against the peso from 7.37/7.39 previously.
Stay current - Follow FMT on WhatsApp, Google news and Telegram
Subscribe to our newsletter and get news delivered to your mailbox.
Registration on or use of this site constitutes acceptance of our Terms of Service, Privacy Policy and Cookies Policy.
Copyright © 2009 -2025FMT Media Sdn Bhd (1235453-U) All Rights Reserved. A part of Media Prima Group."
https://www.freemalaysiatoday.com/category/business/2025/09/11/bursa-ends-in-the-red-on-profit-taking-after-3-day-rally,Bursa ends in the red on profit-taking after 3-day rally,2025-09-11,"Rakuten Trade Sdn Bhd vice-president of equity research Thong Pak Leng said the US data fuelled expectations that the Federal Reserve is now more likely to cut interest rates at its meeting next week, with investors betting on at least a quarter-point reduction.
“The prospect of looser monetary policy lifted sentiment across regional markets, providing a boost to equities despite ongoing concerns over global growth,” he said.
On the domestic front, Thong said Rakuten viewed the profit-taking as a healthy correction to digest the recent uptrend.
“We reckon that as long as the benchmark index is able to hold above the 1,580 level, chances of breaching 1,600 are higher.
“We anticipate the FTSE Bursa Malaysia KLCI (FBM KLCI) to trend within the range of 1,575-1,600 towards the weekend,” he added.
At 5pm, the FBM KLCI erased 7.90 points, or 0.5% to 1,582.85 from yesterday’s close of 1,590.75.
The index had opened 7.92 points lower at 1,582.83 and moved between 1,580.16 and 1,583.82 throughout today’s trading session.
In the broader market, losers were ahead of gainers 483 to 461, while 554 counters were unchanged, 1,124 untraded and 11 suspended.
Turnover was, however, trimmed to 2.48 billion units worth RM2.32 billion from 2.66 billion units worth RM2.29 billion yesterday.
Elsewhere, at the time of writing, Hong Kong’s Hang Seng Index fell 0.43% to 26,086.32, Singapore’s Straits Times Index advanced 0.05% to 4,348.70, South Korea’s Kospi added 0.90% to 3,344.20 and Japan’s Nikkei 225 perked up 1.22% to 44,372.50.
Among the heavyweights, Maybank added 10 sen to RM9.77, Public Bank and CIMB were three sen better at RM4.22 and RM7.24, Tenaga Nasional gained four sen to RM13.22 and IHH Healthcare rose five sen to RM7.15.
For active stocks, VS Industry gained one sen to 55 sen, Pharmaniaga perked up 2.5 sen to 24.5 sen, Tanco advanced one sen to 81 sen, 99 Speedmart was flat at RM2.49 and Sime Darby lost one sen to RM2.15.
Petronas Dagangan and LPI Capital were the top losers, dropping 62 sen and 12 sen to RM21.38 and RM14.34, respectively.
Top gainers for the day were led by Malaysian Pacific Industries, adding 52 sen to RM28.22, Hong Leong Industries rose 30 sen to RM13.78 and UWC raked in 27 sen to RM3.27.
On the index board, the FBM 70 Index advanced 45.41 points to 16,468.74, while the FBM ACE Index earned 21.61 points to 4,749.71 and the FBM Emas Shariah Index improved 6.02 points to 11,775.94.
However, the FBM Emas Index shed 31.41 points to 11,755.04 and the FBMT 100 Index reduced 35.66 points to 11,515.80.
By sector, the industrial products and services index edged up 0.25 of-a-point to 164.33, the plantation index gained 3.43 points to 7,685.56, while the financial services index lost 138.89 points to 17,953.26 and the energy index slipped 2.53 points to 737.53.
The Main Market volume slipped to 1.39 billion units valued at RM2.04 billion from 1.46 billion units valued at RM2.04 billion yesterday.
Warrants turnover declined to 771.31 million units worth RM135.34 million from 945.49 million units worth RM151.63 million previously.
The ACE Market volume rose to 314.81 million units worth RM141.82 million from 257.12 million units worth RM102.18 million.
Consumer products and services counters accounted for 219.51 million shares traded on the Main Market, industrial products and services (316.57 million), construction (98.06 million), technology (151.74 million), financial services (70.13 million), property (122.7 million), plantation (39.89 million), REITs (39.97 million), closed/fund (19,900), energy (92.87 million), healthcare (142.59 million), telecommunications and media (38.97 million), transportation and logistics (30.89 million), utilities (28.82 million), and business trusts (130,300).
Stay current - Follow FMT on WhatsApp, Google news and Telegram
Subscribe to our newsletter and get news delivered to your mailbox.
Registration on or use of this site constitutes acceptance of our Terms of Service, Privacy Policy and Cookies Policy.
Copyright © 2009 -2025FMT Media Sdn Bhd (1235453-U) All Rights Reserved. A part of Media Prima Group."
https://www.freemalaysiatoday.com/category/business/2025/09/11/bursa-opens-lower-ahead-of-us-cpi-data,Bursa opens lower ahead of US CPI data,2025-09-11,"At 9.05am, the benchmark FTSE Bursa Malaysia KLCI (FBM KLCI) retreated 9.61 points to 1,581.14 from Wednesday’s close of 1,590.75, after opening 7.92 points lower at 1,582.83.
Market breadth was flat, with 119 gainers and 117 losers, while 209 counters were unchanged, 2,177 untraded and 11 suspended.
Turnover was 68.44 million shares worth RM47.47 million.
Rakuten Trade Sdn Bhd vice-president of equity research Thong Pak Leng said Wall Street ended mixed overnight, with all three major indices paring gains as investors awaited the CPI report.
He noted that the producer price index (PPI) slipped slightly in August, while the US 10-year Treasury yield eased marginally to 4.045%.
“Additionally, traders are hopeful for a possible rate cut by China in view of its recently weak CPI data,” he said.
On the local front, Thong said the FBM KLCI had closed above the 1,590 level on Wednesday, its highest in two weeks.
“We believe foreign funds may have started nibbling on local equities, which is a positive sign. We expect the index to move within the 1,590-1,600 range today,” he added.
Among heavyweights, Maybank fell six sen to RM9.73, Public Bank slipped four sen to RM4.23, CelcomDigi eased two sen to RM3.64, while Petronas Gas and Press Metal shed four sen each to RM18.50 and RM5.58, respectively.
In active trade, VS Industry rose one sen to 55 sen, TWL and NexG were flat at three sen and 49 sen, respectively, while PA Resources eased half-a-sen to 15.5 sen.
Nestle was the top loser, retreating 50 sen to RM95.00. Petronas Dagangan fell 14 sen to RM21.86, while PIE Industrial and Panasonic dropped six sen each to RM2.86 and RM8.45, respectively.
Across the broader market, the FBM Emas Shariah Index added 3.12 points to 11,773.04 and the FBM 70 Index gained 25.86 points to 16,449.19.
However, the FBM Emas Index shed 38.32 points to 11,748.13, the FBMT 100 Index lost 40.20 points to 11,511.26, and the FBM ACE Index declined 11.68 points to 4,716.42.
By sector, the Industrial Products and Services Index eased 0.43 of-a-point to 163.65, the Plantation Index fell 3.44 points to 7,678.69, and the Financial Services Index dropped 168.78 points to 17,923.37. The Energy Index rose 4.06 points to 744.12.
Stay current - Follow FMT on WhatsApp, Google news and Telegram
Subscribe to our newsletter and get news delivered to your mailbox.
Registration on or use of this site constitutes acceptance of our Terms of Service, Privacy Policy and Cookies Policy.
Copyright © 2009 -2025FMT Media Sdn Bhd (1235453-U) All Rights Reserved. A part of Media Prima Group."
https://www.freemalaysiatoday.com/category/business/2025/09/11/malaysias-industrial-output-surprises-justifying-rate-decision,"Malaysia’s industrial output surprises, justifying rate decision",2025-09-11,"Industrial output rose 4.2% year-on-year in July, according to the statistics department, the fastest pace this year.
The data exceeded all projections in a Bloomberg survey of economists that had a 2.8% median estimate.
A 4.4% growth in the manufacturing sector and a 4.3% rebound in mining fuelled the increase in output, chief statistician Uzir Mahidin said in a statement today.
Higher production in export-oriented industries boosted manufacturing.
Malaysia’s central bank held borrowing costs last week amid low inflation and resilient consumption, after having cut the overnight policy rate by 25 basis points in July – its first such move in five years.
Bank Negara Malaysia governor Abdul Rasheed Ghaffour said that the easing would boost economic growth for the rest of 2025 and into 2026.
“Still, the nation’s industrial production for the first seven months of 2025 grew at a slower pace of 2.4%, compared with 4% in the same period last year,” Uzir said.
Malaysia predicts economic growth of 4% to 4.8% this year, down from 5.1% in 2024, as it grapples with US president Donald Trump’s tariffs.
Stay current - Follow FMT on WhatsApp, Google news and Telegram
Subscribe to our newsletter and get news delivered to your mailbox.
Registration on or use of this site constitutes acceptance of our Terms of Service, Privacy Policy and Cookies Policy.
Copyright © 2009 -2025FMT Media Sdn Bhd (1235453-U) All Rights Reserved. A part of Media Prima Group."
https://www.freemalaysiatoday.com/category/business/2025/09/11/ringgit-holds-steady-ahead-of-us-cpi-report,Ringgit holds steady ahead of US CPI report,2025-09-11,"Bank Muamalat Malaysia Bhd chief economist Afzanizam Abdul Rashid said the US Dollar Index (DXY) was up 0.13% to 97.906 points ahead of the US CPI report.
“Consensus estimates pegged the US August CPI at 2.9% from 2.7% (in July) while the core CPI is expected to be sustained at 3.1%.
“This would be critical data before the US federal open market committee members reconvene next week on Sept 16-17, with the futures market having put a (high) probability of a 25 basis points cut next week,” he told Bernama.
Afzanizam said he expects the ringgit to maintain its narrow range trade in the near-term.
Meanwhile, SPI Asset Management managing director Stephen Innes noted that a stronger-than-expected CPI reading could push yields higher and spark a temporary rebound in the US dollar.
“Many had taken short-dollar bets following the US payroll revisions and weaker (producer price index) data last night, only to be caught off guard.
“The unwinding of those trades is proving to be just as supportive for the greenback as new buying,” he added.
At 6pm, the local note was little changed at 4.2185/4.2240 from yesterday’s close of 4.2185/4.2220.
At the close, the ringgit was higher against a basket of major currencies.
It gained against the euro to 4.9293/4.9357 from 4.9416/4.9457, climbed up versus the yen to 2.8509/2.8548 from 2.8614/2.8639, and advanced vis-à-vis the pound to 5.6954/5.7028 from 5.7127/5.7174 yesterday.
The local note was also mostly higher against Asean currencies.
It inched up versus the Singapore dollar to 3.2829/3.2874 from 3.2883/3.2912, rose against the baht to 13.2432/13.2663 from 13.2699/13.2872, and edged up against the peso to 7.37/7.39 from 7.38/7.39 previously.
However, the ringgit eased marginally vis-à-vis the rupiah to 256.2/256.7 from 256.1/256.4.
Stay current - Follow FMT on WhatsApp, Google news and Telegram
Subscribe to our newsletter and get news delivered to your mailbox.
Registration on or use of this site constitutes acceptance of our Terms of Service, Privacy Policy and Cookies Policy.
Copyright © 2009 -2025FMT Media Sdn Bhd (1235453-U) All Rights Reserved. A part of Media Prima Group."
https://www.freemalaysiatoday.com/category/business/2025/09/11/ringgit-opens-firmer-on-us-rate-cut-hopes,Ringgit opens firmer on US rate cut hopes,2025-09-11,"At 8am, the local unit stood at 4.2085/4.2300 against the greenback, up from Wednesday’s close of 4.2185/4.2220.
Bank Muamalat Malaysia Bhd, chief economist Afzanizam Rashid said the US Producer Price Index (PPI) eased to 2.6% in August, below market forecasts of 3.3%, strengthening the case for a Federal Reserve (Fed) rate cut next week.
He added that the US Consumer Price Index (CPI), due later tonight, would be another key data point ahead of the Fed’s policy decision.
“Consensus estimates show CPI rising to 2.9% in August from 2.7%. On that note, the dollar-ringgit is expected to range between RM4.20 and RM4.22 today as traders remain cautious ahead of the Federal Open Market Committee (FOMC) meeting next week,” he noted.
The ringgit strengthened to 2.8555/2.8703 against the yen from 2.8614/2.8639 at Wednesday’s close, appreciated to 5.6949/5.7240 against the pound from 5.7127/5.7174, and rose to 4.9244/4.9495 against the euro from 4.9416/4.9457.
It also traded higher against Asean currencies, advancing to 3.2820/3.2993 versus the Singapore dollar from 3.2883/3.2912, and edging up to 13.2447/13.3199 against the baht from 13.2699/13.2872.
The local note was little changed at 255.5/256.9 against the rupiah from 256.1/256.4, and steady at 7.37/7.41 against the peso from 7.38/7.39 previously.
Stay current - Follow FMT on WhatsApp, Google news and Telegram
Subscribe to our newsletter and get news delivered to your mailbox.
Registration on or use of this site constitutes acceptance of our Terms of Service, Privacy Policy and Cookies Policy.
Copyright © 2009 -2025FMT Media Sdn Bhd (1235453-U) All Rights Reserved. A part of Media Prima Group."
https://www.freemalaysiatoday.com/category/business/2025/09/12/bermaz-auto-hits-all-time-low-after-q1-profit-tanks-88,Bermaz Auto hits all-time low after Q1 profit tanks 88%,2025-09-12,"With investors and analysts turning bearish, the stock fell as much as 10.4% or 7 sen to 60 sen. It closed 9.6% lower at 61 sen, valuing the group at RM715 million.
It has plummeted nearly 62% year to date, wiping over RM1 billion off its market capitalisation.
In a bourse filing yesterday, Bermaz reported an 88.2% drop in net profit to RM8.28 million from RM70.22 million a year ago for the first quarter ended July 31, 2025 (Q1 FY2026).
Quarterly revenue fell 41.9% to RM491.28 million from RM846.18 million. The board declared a single-tier first interim dividend of 0.75 sen per share.
The latest results follow a disastrous Q4 FY2025 that saw a 76.5% drop in net profit to RM21.2 million from RM90.2 million a year earlier.
The company expects the challenging operating environment that led to seven straight quarters of dwindling earnings to remain as Chinese automakers expand in Malaysia.
Its net profit accounted for just 5% of the consensus full-year forecast, prompting deep cuts in estimates.
Bermaz, formerly known as Berjaya Auto Bhd, now has eight “sell” calls, six “hold”, and only two “buy” ratings from research houses.
TA Research cut its FY2026-FY2027 earnings forecast by 31.1% and 33.1%, lowering its target price by 32% to 51 sen from 75 sen previously.
The research house said the “intensifying competition and irrational pricing from Chinese-made vehicles” will continue to erode Bermaz’s market share and dampen sales volumes.
“The proliferation of Chinese car brands, aggressive pricing, advanced features, and shorter product cycles, are expected to elevate the price war which will dent profit margins,” it said in a note today.
Optimism for recovery
However, there may be some light at the end of the tunnel for Bermaz, according to MBSB Research.
“We expect stronger quarters ahead, with Mazda CX-60 (500 bookings) deliveries starting this month to contribute from Q2 FY2026, while Mazda 3 1.5L variant (1,700 bookings) should drive sales from Q3 as deliveries commence in late October and early November,” it said in a note.
Ironically, a Chinese car brand may well be a catalyst for its recovery. MBSB said Xpeng – introduced in Q2 FY2025 – helped soften the impact with quarterly sales outperforming its expectation and increasing 18% quarter-on-quarter.
MBSB kept its “neutral” call on the stock but lowered its target price to 59 sen from 75 sen previously.
The company’s largest shareholder with a 15.37% stake as of June 23, 2025, is Dynamic Milestone Sdn Bhd, the vehicle of Bermaz executive chairman Yeoh Choon San and group CEO Lee Kok Chuan.
Stay current - Follow FMT on WhatsApp, Google news and Telegram
Subscribe to our newsletter and get news delivered to your mailbox.
Registration on or use of this site constitutes acceptance of our Terms of Service, Privacy Policy and Cookies Policy.
Copyright © 2009 -2025FMT Media Sdn Bhd (1235453-U) All Rights Reserved. A part of Media Prima Group."
https://www.freemalaysiatoday.com/category/business/2025/09/12/bursa-breaks-1600-level-as-investors-position-ahead-of-long-weekend,"Bursa breaks 1,600 level as investors position ahead of long weekend",2025-09-12,"SPI Asset Management managing director Stephen Innes said the anticipation of a shift in US monetary policy expectations has lifted the local bourse, riding the same global wave that has buoyed most equities across Asia.
“With the US inflation calm and the jobs market showing cracks, the Fed looks set to cut rates as soon as next week. That dovish tide has become the rising swell carrying virtually every market, Malaysia included,” he told Bernama.
Innes added that the short-term outlook is optimistic for Bursa as a softer Fed typically weakens the dollar, which in turn makes ringgit-denominated assets more attractive.
“That flow dynamic is important for global funds, especially at a moment when US equities are trading at stretched valuations. The relative discount of Asean markets offers a natural rotation play, and Malaysia’s index is benefitting from that shift in allocation,” he said.
Bursa will close on Sept 15, which is an additional public holiday in conjunction with Malaysia Day on Sept 16.
It will resume operations on Sept 17.
At 5 pm, the FTSE Bursa Malaysia KLCI (FBM KLCI) jumped 17.28 points to 1,600.13 from Thursday’s close of 1,582.85.
The index opened 5.19 points higher this morning, moved between 1,585.06 and 1,600.04, before settling at its intraday high.
In the broader market, gainers thumped losers 639 to 394, while 494 counters were unchanged, with 1,095 untraded and 11 suspended.
Turnover, however, trimmed to 2.23 billion units worth RM2.10 billion from 2.48 billion units worth RM2.32 billion yesterday.
Elsewhere, at the time of writing, South Korea’s Kospi added 1.35% to 3,389.46 and Japan’s Nikkei 225 perked up 1.05% to 44,838.65 but Hong Kong’s Hang Seng fell 0.43% to 26,086.32, and Singapore Strait Times Index was 0.33% down to 4,341.66.
Among the heavyweights, Maybank advanced 10 sen to RM9.87, Public Bank rose 3 sen to RM4.25, CIMB was 13 sen higher at RM7.37 and Tenaga Nasional advanced 16 sen to RM13.38.
For active stocks, Pharmaniaga was 0.5 sen higher at 25 sen, VS Industry lost 0.5 sen to 54.5 sen, Tanco and Velesto both earned 1.5 sen to 82.5 sen and 23 sen respectively.
Top gainers for the day were led by Nestle, which jumped RM2.40 to RM97.90, Telekom was 71 sen higher at RM7.73, KSL Holdings edged up 50 sen to RM2.47.
Hong Leong Industries and PPB Group were the top losers, dropping 18 sen and 17 sen to RM13.60 and RM9.93 respectively.
On the index board, the FBM 70 Index advanced 75.83 points to 16,544.57, while the FBM ACE Index earned 52.56 points to 4,802.27 and the FBM Emas Shariah Index garnered 114.35 points to 11,890.29.
The FBM Emas Index surged 107.68 points to 11,862.72 and the FBMT 100 Index climbed 107.97 points to 11,623.77.
By sector, the industrial products and services index edged up 0.95 of a point to 165.28, the plantation index gained 13.98 points to 7,699.54, while the financial services index added 115.16 points to 18,068.42 and the energy index advanced 5.37 points to 742.90.
The Main Market volume slipped to 1.34 billion units valued at RM1.87 billion from 1.39 billion units valued at RM2.04 billion yesterday.
Warrants turnover declined to 519.23 million units worth RM83.64 million from 771.31 million units worth RM135.34 million previously.
The ACE Market volume rose to 369.5 million worth RM143.0 million from 314.81 million worth RM141.82 million.
Consumer products and services counters accounted for 209.00 million shares traded on the Main Market, industrial products and services (232.11 million), construction (109.18 million), technology (162.90 million), financial services (52.79 million), property (161.81 million), plantation (28.66 million), REITs (23.46 million), closed/fund (546,800), energy (129.37 million), healthcare (109.59 million), telecommunications and media (38.23 million), transportation and logistics (33.90 million), utilities (44.22 million), and business trusts (13,600).
Stay current - Follow FMT on WhatsApp, Google news and Telegram
Subscribe to our newsletter and get news delivered to your mailbox.
Registration on or use of this site constitutes acceptance of our Terms of Service, Privacy Policy and Cookies Policy.
Copyright © 2009 -2025FMT Media Sdn Bhd (1235453-U) All Rights Reserved. A part of Media Prima Group."
https://www.freemalaysiatoday.com/category/business/2025/09/12/bursa-opens-higher-on-fed-rate-cut-hopes,Bursa opens higher on Fed rate-cut hopes,2025-09-12,"Markets are pricing in a rate cut after US jobless claims climbed to their highest level in nearly four years, lifting sentiment on the local bourse, dealers said.
At 9.06 am, the benchmark FTSE Bursa Malaysia KLCI (FBM KLCI) rose 2.86 points to 1,585.71 from Thursday’s close of 1,582.85.
The index had opened 5.19 points higher at 1,588.04.
Market breadth was positive, with 222 gainers outpacing 91 losers. Another 224 counters were unchanged, 2,085 untraded and 11 suspended. Turnover stood at 120.33 million shares worth RM64.91 million.
Rakuten Trade Sdn Bhd vice-president of equity research Thong Pak Leng said the FBM KLCI took a breather on Thursday, slipping towards the 1,580 level after a bright start to the week.
“Hopefully we will see an immediate rebound as the local bourse remains one of the underperformers in the region. However, in view of another extended long weekend, we expect the index to just hover between the 1,575 and 1,585 range today,” he said.
Among heavyweights, Maybank eased one sen to RM9.76, Public Bank was flat at RM4.22, CIMB Group rose two sen to RM7.26, Tenaga Nasional gained six sen to RM13.28, and IHH Healthcare was unchanged at RM7.15.
In active trade, TWL Holdings was flat at three sen, Pharmaniaga added half-a-sen to 25 sen, Classita Holdings slipped half-a-sen to nine sen, and Bermaz Auto shed four sen to RM0.63.
Malaysian Pacific Industries led gainers, rising 36 sen to RM28.58. Hong Leong Bank advanced 16 sen to RM20.30, Country View added 13 sen to RM2.27, and United Plantations climbed 12 sen to RM22.60.
Nestle was the top loser, falling 40 sen to RM95.10. Hong Leong Industries eased 12 sen to RM13.66, Kelington Group warrants dropped five sen to RM3.85, and Coastal Contracts slipped five sen to RM1.13.
Across the broader market, the FBM Emas Shariah Index rose 39.15 points to 11,815.12, the FBM 70 Index added 91.79 points to 16,560.53, the FBM Emas Index gained 29.52 points to 11,784.56, the FBMT 100 Index advanced 31.43 points to 11,547.23, and the FBM ACE Index edged up 7.92 points to 4,757.63.
By sector, the Industrial Products and Services Index improved 0.66 of-a-point to 164.99, the Plantation Index added 4.53 points to 7,690.09, and the Energy Index gained 2.45 points to 739.98, while the Financial Services Index slipped 5.07 points to 17,948.19.
Stay current - Follow FMT on WhatsApp, Google news and Telegram
Subscribe to our newsletter and get news delivered to your mailbox.
Registration on or use of this site constitutes acceptance of our Terms of Service, Privacy Policy and Cookies Policy.
Copyright © 2009 -2025FMT Media Sdn Bhd (1235453-U) All Rights Reserved. A part of Media Prima Group."
https://www.freemalaysiatoday.com/category/business/2025/09/12/ringgit-breaches-4-2-against-greenback-ahead-of-widely-expected-us-interest-rate-cut,Ringgit breaches 4.2 level against greenback,2025-09-12,"Bank Muamalat Malaysia Bhd’s chief economist, Afzanizam Rashid, said the anticipation over the US Federal Reserve’s (Fed) upcoming interest rate decision lifted the ringgit. “The US Federal Open Market Committee (FOMC) members will meet on Sept 16-17 and are expected to deliver a 25 basis points (bps) cut,” he told Bernama.
SPI Asset Management managing director Stephen Innes said the ringgit strengthened today as the US dollar slipped on the back of weaker US labour signals.
“Markets shrugged off the 0.3% US inflation uptick (for August) and instead zeroed in on the deteriorating jobs data. A jump in (US) jobless claims (last week) pushed interest rate-cut expectations higher, with traders now pricing in 72bps of Fed easing for the rest of 2025, up from 68bps before the release,” he added.
At 6pm, the local currency breached the 4.2 level against the US dollar, bouncing to 4.1975/4.2080 from Thursday’s close of 4.2185/4.2240.
At the close, the ringgit was firmer against a basket of major currencies.
It gained against the euro to 4.9203/4.9326 from 4.9293/4.9357, climbed up versus the yen to 2.8373/2.8446 from 2.8509/2.8548, and advanced vis-a-vis the pound to 5.6864/5.7006 from 5.6954/5.7028 yesterday.
The local currency was also mostly higher against Asean currencies.
It inched up versus the Singapore dollar to 3.2719/3.2803 from 3.2829/3.2874, rose against the baht to 13.2317/13.2703 from 13.2432/13.2663, and edged up against the peso to 7.35/7.37 from 7.37/7.39 previously.
However, the ringgit eased marginally vis-à-vis the rupiah to 256.3/257.0 from 256.2/256.7.
Stay current - Follow FMT on WhatsApp, Google news and Telegram
Subscribe to our newsletter and get news delivered to your mailbox.
Registration on or use of this site constitutes acceptance of our Terms of Service, Privacy Policy and Cookies Policy.
Copyright © 2009 -2025FMT Media Sdn Bhd (1235453-U) All Rights Reserved. A part of Media Prima Group."
https://www.freemalaysiatoday.com/category/business/2025/09/12/ringgit-climbs-as-weak-us-jobs-data-pressures-dollar,Ringgit climbs as weak US jobs data pressures dollar,2025-09-12,"At 8am, the local unit stood at 4.2065/4.2225 per dollar, firmer than Thursday’s close of 4.2185/4.2240.
Bank Muamalat Malaysia Bhd, chief economist Afzanizam Rashid said the latest US Consumer Price Index (CPI) matched forecasts, but Initial Jobless Claims rose to 263,000 last week, well above market expectations of 235,000.
The US August CPI rose 2.9%, in line with consensus estimates and up from 2.7% in July. Core CPI held steady at 3.1% for a second straight month, after rising 2.9% in June.
“The CPI print was within expectations, clearing the path for the Federal Reserve to cut interest rates next week,” he noted.
Meanwhile, the ringgit traded lower against a basket of major currencies.
It eased to 2.8569/2.8680 against the yen from 2.8509/2.8548 at Thursday’s close, weakened to 5.7095/5.7312 against the pound from 5.6954/5.7028, and slipped to 4.9351/4.9538 against the euro from 4.9293/4.9357.
Against Asean currencies, the local note was mostly firmer. It strengthened to 255.5/256.6 against the rupiah from 256.2/256.7, inched up to 3.2817/3.2945 versus the Singapore dollar from 3.2829/3.2874, and improved to 7.35/7.39 against the peso from 7.37/7.39.
It, however, fell to 13.2576/13.3156 against the baht from 13.2432/13.2663 previously.
Stay current - Follow FMT on WhatsApp, Google news and Telegram
Subscribe to our newsletter and get news delivered to your mailbox.
Registration on or use of this site constitutes acceptance of our Terms of Service, Privacy Policy and Cookies Policy.
Copyright © 2009 -2025FMT Media Sdn Bhd (1235453-U) All Rights Reserved. A part of Media Prima Group."
https://www.freemalaysiatoday.com/category/business/2025/09/17/bursa-closes-at-intraday-high-stays-above-1600,"Bursa closes at intraday high, stays above 1,600",2025-09-17,"Rakuten Trade Sdn Bhd vice-president of equity research Thong Pak Leng said the FTSE Bursa Malaysia KLCI (FBM KLCI) ended higher with broad-based buying, which is also in line with the encouraging regional performance.
He said the key regional indices ended mostly higher with strong buying in China and Hong Kong on tech stocks driven by technology sector strength, fueled by positive sentiment around US artificial intelligence developments.
“As for the local bourse, the benchmark index has regained momentum, with the latest move above the key 1,600 psychological level, strengthening the case for an advance toward the next resistance zone of 1,620-1,650.
“This healthier base formation suggests the latest breakout attempt has greater durability, potentially setting the stage for a more sustained uptrend if buying interest persists,” he told Bernama.
Meanwhile, Berjaya Research Sdn Bhd head of research Kenneth Leong said the positive bias on the local bourse is expected to sustain, underpinned by a widely anticipated US Federal Reserve (Fed) move to trim interest rates by 25 basis points later tonight.
“A more accommodative monetary stance by the Fed would likely improve global liquidity conditions, bolster risk appetite, and potentially channel renewed foreign fund inflows into emerging equities, with Malaysia set to benefit from its relatively attractive valuations and stable earnings outlook,” he said.
Leong added that technically, the FBM KLCI has formed a bullish trend and might head towards the near-term resistance located at 1,620 points, while the support level is pegged at 1,580 points.
At 5pm, FBM KLCI rose 11.57 points to 1,611.70 from last Friday’s close of 1,600.13.
The index opened 2.09 points higher at 1,602.22, and subsequently hit its lowest level of 1,599.61 in early trade.
On the broader market, gainers led decliners 739 to 409, while 501 counters were unchanged, with 969 untraded and seven suspended.
Turnover widened to 3.13 billion units worth RM3.16 billion from 2.23 billion units worth RM2.10 billion last Friday.
Bursa was closed on Sept 15 (Monday), which was an additional public holiday in conjunction with Malaysia Day on Sept 16 (Tuesday).
Among heavyweights, Maybank rose 7 sen to RM9.94, Public Bank gained 5 sen to RM4.30, CIMB advanced 15 sen to RM7.52, Tenaga gained 6 sen to RM13.44, and IHH jumped 11 sen to RM7.36.
In active trade, Pharmaniaga increased 2.5 sen to 27.5 sen, Zetrix AI and Tanco added 1.5 sen each to 87.5 sen and 84 sen, respectively, while VS Industry and Bumi Armada were 1 sen higher at 55.5 sen and 35 sen, respectively.
Top gainers for the day were led by Petronas Dagangan, which soared RM1.24 to RM22.98. Allianz gained 42 sen to RM18.50, PPB Group rose by 33 sen to RM10.26, Ajinomoto edged up 24 sen to RM1.83, and Sam Engineering was 23 sen higher at RM3.93.
Telekom Malaysia was the top loser, falling 60 sen to RM7.00, Fraser and Neave dropping 26 sen to RM26.80, United Plantations falling 12 sen to RM22.80, Riverview Rubber decreasing 11 sen to RM2.89 and Gamuda trimming 9 sen to RM5.55.
On the index board, the FBM 70 Index advanced 75.52 points to 16,620.10, while the FBM ACE Index earned 47.76 points to 4,850.03 and the FBM Emas Shariah Index garnered 46.11 points to 11,936.40.
The FBM Emas Index surged 81.27 points to 11,943.99, and the FBMT 100 Index climbed 76.47 points to 11,700.24.
By sector, the industrial products and services index edged up 2.27 points to 167.55, the plantation index gained 34.66 points to 7,734.20, while the financial services index widened 173.72 points to 18,242.14, and the energy index advanced 7.84 points to 750.74.
The Main Market volume increased to 1.92 billion units, valued at RM2.89 billion, from 1.34 billion units, valued at RM1.87 billion last Friday.
Warrants turnover increased to 860.43 million units, valued at RM137.02 million, from 519.23 million units worth RM83.64 million previously.
The ACE Market volume fell to 343.55 million, worth RM133.36 million, from 369.5 million, valued at RM143.0 million previously.
Consumer products and services counters accounted for 26.52 million shares traded on the Main Market, industrial products and services (340.87 million), construction (146.12 million), technology (290.82 million), financial services (111.10 million), property (204.89 million), plantation (22.95 million), REITs (44.95 million), closed/fund (426,700), energy (159.12 million), healthcare (194.05 million), telecommunications and media (42.44 million), transportation and logistics (31.25 million), utilities (74.55 million), and business trusts (33,900).
Stay current - Follow FMT on WhatsApp, Google news and Telegram
Subscribe to our newsletter and get news delivered to your mailbox.
Registration on or use of this site constitutes acceptance of our Terms of Service, Privacy Policy and Cookies Policy.
Copyright © 2009 -2025FMT Media Sdn Bhd (1235453-U) All Rights Reserved. A part of Media Prima Group."
https://www.freemalaysiatoday.com/category/business/2025/09/17/bursa-opens-higher-ahead-of-us-interest-rates-decision,Bursa opens higher ahead of US interest rates decision,2025-09-17,"At 9.10am, the benchmark FTSE Bursa Malaysia KLCI (FBM KLCI) gained 1.16 points to 1,601.29 from last Friday’s close of 1,600.13.
The exchange and its subsidiaries were closed on Sept 15, following the additional public holiday declared in conjunction with Malaysia Day on Sept 16.
The index opened 2.09 points higher at 1,602.22 before paring some of its early gains.
Market breadth was positive, with 286 gainers and 152 decliners, while 317 counters were unchanged. Another 1,863 were untraded and seven were suspended.
Turnover stood at 173.30 million shares worth RM150.38 million.
Rakuten Trade Sdn Bhd head of research Kenny Yee Shen Pin said the local bourse appeared to be on solid ground, and he expected the FBM KLCI to hover within the 1,595–1,610 range today.
He noted that the FBM KLCI had surged to reach the 1,600 level last Friday (Sept 12), attributed to last-minute buying ahead of a long weekend.
“While the sustainability of this momentum remains uncertain, the underlying market strength supports a stable trading range,” he added.
Yee said interest was also centred on the purported talks between US President Donald Trump and Chinese President Xi Jinping, as the two powers reached an agreement to keep TikTok operating in the US.
On Wall Street, he said US stocks closed lower as traders locked in profits ahead of the FOMC’s interest rate decision and a statement by Federal Reserve chair Jerome Powell on future policy direction.
Among the heavyweights, Maybank was flat at RM9.87, while Public Bank added one sen to RM4.26, CIMB bagged nine sen to RM7.46 and IHH jumped 13 sen to RM7.38. Tenaga, however, fell eight sen to RM13.30.
In active trade, Pharmaniaga and Bumi Armada increased half a sen each to 25.5 sen and 34.5 sen respectively, Notion gained four sen to 53 sen, and JCY put on two sen to 33.5 sen. VS Industry decreased 1.5 sen to 53 sen.
On the broader market, the FBM Emas Index improved 27.45 points to 11,890.17, the FBMT 100 Index gained 23.63 points to 11,647.40, and the FBM Emas Shariah Index rose 16.62 points to 11,906.91.
The FBM 70 Index surged 100.90 points to 16,645.47, while the FBM ACE Index added 14.73 points to 4,817.00.
By sector, the Industrial Products and Services Index increased 1.37 points to 166.65, the Plantation Index advanced by 17.88 points to 7,717.42, the Financial Services Index rose by 51.73 points to 18,120.15, and the Energy Index climbed 6.38 points to 749.28.
Stay current - Follow FMT on WhatsApp, Google news and Telegram
Subscribe to our newsletter and get news delivered to your mailbox.
Registration on or use of this site constitutes acceptance of our Terms of Service, Privacy Policy and Cookies Policy.
Copyright © 2009 -2025FMT Media Sdn Bhd (1235453-U) All Rights Reserved. A part of Media Prima Group."
https://www.freemalaysiatoday.com/category/business/2025/09/17/ringgit-ends-near-one-year-high-on-fed-rate-cut-hopes,Ringgit ends near one-year high on Fed rate cut hopes,2025-09-17,"Bank Muamalat Malaysia Bhd chief economist Afzanizam Rashid said expectations of a US Federal Reserve (Fed) interest rate cut have fuelled demand for emerging market currencies, including the ringgit.
“Clearly, traders and investors are watching for the Fed’s latest assessment, especially the dot plot chart, which will guide the market on the direction of US interest rates,” he told Bernama.
He said a 25 basis points cut had largely been priced in by the market.
Afzanizam added that the key focus would be how far the Fed is prepared to lower rates and what that means for the US economic outlook.
“In the immediate term, the dollar looks weak as the Fed may need to show the market that it is on top of the game,” he said.
At 6pm, the local currency stood at 4.1860/4.1900 against the US dollar, compared with Friday’s close of 4.1975/4.2080.
The ringgit last closed higher at RM4.1760 on Oct 2, 2024.
The market was closed on Monday and Tuesday for Malaysia Day holidays.
The ringgit, however, traded lower against major currencies, weakening against the yen to 2.8607/2.8636 from 2.8373/2.8446, against the British pound to 5.7131/5.7185 from 5.6864/5.7006, and against the euro to 4.9583/4.9631 from 4.9203/4.9326.
Against Asean currencies, the ringgit strengthened against the Indonesian rupiah to 254.6/255 from 256.3/257 and against the Thai baht to 13.1892/13.2081 from 13.2317/13.2703.
It, however, weakened against the Philippine peso to 7.36/7.37 from 7.35/7.37 and against the Singapore dollar to 3.2793/3.2827 from 3.2719/3.2803.
Stay current - Follow FMT on WhatsApp, Google news and Telegram
Subscribe to our newsletter and get news delivered to your mailbox.
Registration on or use of this site constitutes acceptance of our Terms of Service, Privacy Policy and Cookies Policy.
Copyright © 2009 -2025FMT Media Sdn Bhd (1235453-U) All Rights Reserved. A part of Media Prima Group."
https://www.freemalaysiatoday.com/category/business/2025/09/17/ringgit-opens-higher-against-dollar-on-softer-fed-outlook,Ringgit opens higher against US dollar on softer Fed outlook,2025-09-17,"At 8am, the local note stood at 4.1840/4.2140 per dollar, stronger than Friday’s close of 4.1975/4.2080.
SPI Asset Management managing director Stephen Innes said the ringgit’s performance was also underpinned by resilient global equity markets and signs of easing trade tensions between Washington and Beijing.
“For a trade-sensitive currency like the ringgit, the combination of softer US yields, resilient risk appetite, and easing geopolitical overhang between the US and China is supportive,” he noted.
The US and China on Monday announced a “framework” deal to resolve their dispute over TikTok, which calls for the Chinese-owned app to come under US-controlled ownership.
Innes said the TikTok framework deal was viewed less as a technology issue and more as a signal that tariff disputes and reciprocal trade measures may be cooling.
Meanwhile, the ringgit traded lower against a basket of major currencies.
It eased to 2.8591/2.8798 against the yen from 2.8373/2.8446 at Friday’s close, weakened to 5.7133/5.7542 against the British pound from 5.6864/5.7006, and slipped to 4.9660/5.0016 against the euro from 4.9203/4.9326.
Against Asean currencies, the local note was mixed.
It strengthened to 13.2092/13.3114 against the Thai baht from 13.2317/13.2703 and improved to 254.4/256.4 versus the Indonesian rupiah from 256.3/257.0.
However, it fell to 3.2800/3.3041 against the Singapore dollar from 3.2719/3.2803, and was flat against the Philippine peso at 7.35/7.41 compared with Friday’s 7.35/7.37.
Stay current - Follow FMT on WhatsApp, Google news and Telegram
Subscribe to our newsletter and get news delivered to your mailbox.
Registration on or use of this site constitutes acceptance of our Terms of Service, Privacy Policy and Cookies Policy.
Copyright © 2009 -2025FMT Media Sdn Bhd (1235453-U) All Rights Reserved. A part of Media Prima Group."
https://www.freemalaysiatoday.com/category/business/2025/09/18/bursa-malaysia-ends-lower-on-profit-taking-3,Bursa Malaysia ends lower on profit-taking,2025-09-18,"Berjaya Research Sdn Bhd head of research Kenneth Leong said that while the pullback below the 1,600-level reflected near-term profit-taking, the downside might be cushioned by potential quick bargain-hunting activities amid the attractive valuations and stable macroeconomic environment.
“Still, foreign fund flows will remain a key swing factor, with investors closely monitoring shifts in global risk appetite.
“On the economic front, investors will also be keeping a close watch on Malaysia’s monthly export and import data, which is expected to be released tomorrow,” he told Bernama.
Leong said technically, the FTSE Bursa Malaysia KLCI (FBM KLCI) has formed a bearish candle to close marginally below the 1,600 psychological level.
At 5pm, the FBM KLCI slipped 12.77 points to 1,598.93 from yesterday’s close of 1,611.70.
The index opened 4.84 points weaker at 1,606.86, and traded between 1,597.41 and 1,606.86 throughout the day.
The broader market was negative with decliners leading gainers 515 to 494, while 509 counters were unchanged, 1,118 untraded and seven suspended.
Turnover narrowed to 2.56 billion units worth RM2.52 billion from 3.13 billion units worth RM3.16 billion yesterday.
Among the heavyweights, Maybank fell 6 sen to RM9.88, Public Bank eased 5 sen to RM4.25, Tenaga dropped 16 sen to RM13.28, and IHH decreased 5 sen to RM7.31, while CIMB was flat at RM7.32.
As for the actives, Pharmaniaga was 1 sen higher at 28.5 sen, SNS increased 5 sen to 62.5 sen, and McLean bagged 3 sen to 49.5 sen. VS Industry eased 0.5 sen to 55 sen, and Bumi Armada slid 1 sen to 34 sen.
Top losers were Nestle, which fell RM2.90 to RM95.00, followed by ChinTeck, which shed 16 sen to RM9.90. Dutch Lady fell 16 sen to RM27.20, Petronas Chemicals declined 12 sen to RM4.33, and Ralco trimmed 8.5 sen to 91 sen.
Among the top gainers, Allianz climbed 38 sen to RM18.88, Hong Leong Industries rose by 34 sen to RM13.94, and Formosa gained 21 sen to RM1.66, while Ajinomoto bagged 20 sen to RM13.50 and Scientex increased by 16 sen to RM3.39.
On the broader market, the FBM Emas Index fell 56.09 points to 11,887.90, the FBMT 100 Index shed 59.99 points to 11,640.25, and the FBM Emas Shariah Index lost 21.30 points to 11,915.10.
The FBM 70 Index climbed 59.64 points to 16,679.74, while the FBM ACE Index was 21.65 points lower at 4,871.68.
By sector, the industrial products and services index slipped 0.86 of a point to 166.69, the financial services index lost 145.18 points to 18,096.96, the plantation index decreased 1.63 points to 7,732.57, while the energy index gained 2.31 points to 753.05.
The Main Market volume decreased to 1.57 billion units, valued at RM2.26 billion, from 1.92 billion units, valued at RM2.89 billion yesterday.
Warrants turnover reduced to 641.29 million units, valued at RM107.66 million, from 860.43 million units, valued at RM137.02 million previously.
The ACE Market volume increased to 354.40 million, worth RM145.66 million, from 343.55 million, worth RM133.36 million yesterday.
Consumer products and services counters accounted for 199.97 million shares traded on the Main Market, industrial products and services (291.87 million), construction (91.06 million), technology (236.38 million), financial services (94.31 million), property (146.86 million), plantation (31.14 million), REITs (23.75 million), closed/fund (270,800), energy (149.45 million), healthcare (199.41 million), telecommunications and media (24.94 million), transportation and logistics (35.62 million), utilities (47.42 million), and business trusts (1,100).
Stay current - Follow FMT on WhatsApp, Google news and Telegram
Subscribe to our newsletter and get news delivered to your mailbox.
Registration on or use of this site constitutes acceptance of our Terms of Service, Privacy Policy and Cookies Policy.
Copyright © 2009 -2025FMT Media Sdn Bhd (1235453-U) All Rights Reserved. A part of Media Prima Group."
https://www.freemalaysiatoday.com/category/business/2025/09/18/profit-taking-on-wall-street-weighs-on-bursa,Profit-taking on Wall Street weighs on Bursa,2025-09-18,"Rakuten Trade Sdn Bhd head of research Kenny Yee Shen Pin said funds have recently turned net buyers, which is a positive sign for the local bourse.
“As such, the index is expected to trend within the 1,610–1,625 range today,” he told Bernama.
At 9.10am, the FTSE Bursa Malaysia KLCI (FBM KLCI) slipped 10.81 points to 1,600.89 from yesterday’s close of 1,611.70.
The index opened 4.84 points weaker at 1,606.86.
On the broader market, gainers led decliners 163 to 155, while 303 counters were unchanged, with 2,015 untraded and seven suspended.
Turnover stood at 133.86 million units worth RM89.66 million.
Among the heavyweights, Maybank and Public Bank fell 2 sen each to RM9.92 and RM4.28, respectively.
CIMB dropped 3 sen to RM4.28, Tenaga fell 8 sen to RM13.36 and IHH shed 7 sen to RM7.29.
In active trade, Notion rose 3.5 sen to 59.5 sen, MCLean bagged 4 sen to 50.5 sen, Pharmaniaga added 0.5 sen to 28 sen, L&P Global gained 1 sen to 12.5 sen and Perak Transit inched down 0.5 sen to 68.5 sen.
Top losers are Nestle, which reduced 84 sen to RM97.06, Petronas Dagangan slid 72 sen to RM22.26, Hexza contracted 8 sen to 88 sen, Ralco trimmed 7.5 sen to 92 sen and Petronas Gas weakened 6 sen to RM18.24.
Among the top gainers were Allianz, which climbed 58 sen to RM19.08, Formosa increased 18 sen to RM1.63, CI Holdings strengthened 16 sen to RM2.74, KL Kepong firmed 14 sen to RM20.22 and Kluang Rubber put on 10 sen to RM5.70.
On the broader market, the FBM Emas Index gave up 51.60 points to 11,892.39, the FBMT 100 Index shed 55.60 points to 11,644.64 and the FBM Emas Shariah Index fell 26.89 points to 11,909.51.
The FBM 70 Index climbed 22.28 points to 16,642.38, while the FBM ACE Index was 13.28 points lower at 4,836.75.
By sector, the industrial products and services index edged down 0.59 of-a-point to 166.96, the plantation index advanced 9.66 points to 7,743.86 and the financial services index lost 116.01 points to 18,126.13. The energy index gained 1.40 points to 752.14.
Stay current - Follow FMT on WhatsApp, Google news and Telegram
Subscribe to our newsletter and get news delivered to your mailbox.
Registration on or use of this site constitutes acceptance of our Terms of Service, Privacy Policy and Cookies Policy.
Copyright © 2009 -2025FMT Media Sdn Bhd (1235453-U) All Rights Reserved. A part of Media Prima Group."
https://www.freemalaysiatoday.com/category/business/2025/09/18/ringgit-opens-lower-vs-greenback-amid-us-interest-rate-cut,Ringgit opens lower amid US interest rate cut,2025-09-18,"Bank Muamalat Malaysia Bhd chief economist Afzanizam Rashid said there may be profit-taking in emerging market currencies, including the ringgit, after the US Dollar Index gained 0.25% to 96.873 points.
He noted that the ringgit appreciated 0.35% to close at RM4.1880 against the US dollar yesterday.
“The US dollar-ringgit is likely to hover between RM4.19 and RM4.20 as the Fed has signalled that its rate cuts will be gradual,” he told Bernama.
The Fed lowered its benchmark interest rate at the September meeting yesterday, its first cut since December 2024, and indicated that further reductions are likely before year-end.
At the opening, the ringgit traded mostly lower against a basket of major currencies except for the Japanese yen.
At 8am, the local note eased to 4.1943/4.1988 from yesterday’s close of 4.1860/4.1900.
It strengthened against the yen at 2.8522/2.8585 from 2.8607/2.8636 at yesterday’s close, but weakened to 5.7156/5.7217 against the British pound from 5.7131/5.7185 and was slightly lower vis-a-vis the euro to 4.9589/4.9642 from 4.9583/4.9631 previously.
Against Asean currencies, the local note was mostly lower except for the Thai baht.
It strengthened against the Thai baht at 13.1826/13.2050 from 13.1892/13.2081 yesterday.
It fell to 3.2822/3.2860 against the Singapore dollar from 3.2793/3.2827, depreciated to 255.1/255.5 versus the Indonesian rupiah from 254.6/255.0 and slipped against the Philippine peso at 7.37/7.38 compared with Friday’s 7.36/7.37.
Stay current - Follow FMT on WhatsApp, Google news and Telegram
Subscribe to our newsletter and get news delivered to your mailbox.
Registration on or use of this site constitutes acceptance of our Terms of Service, Privacy Policy and Cookies Policy.
Copyright © 2009 -2025FMT Media Sdn Bhd (1235453-U) All Rights Reserved. A part of Media Prima Group."
https://www.freemalaysiatoday.com/category/business/2025/09/18/ringgit-retreats-as-markets-reassess-us-interest-rate-outlook,Ringgit retreats as markets reassess US interest rate outlook,2025-09-18,"Bank Muamalat Malaysia Bhd chief economist Afzanizam Rashid said the local currency saw some correction due to uncertainty over the US interest rate outlook, although the US federal open market committee (FOMC) cut its key rate by 25 basis points last night.
The US benchmark lending rates now range between 4% and 4.25%.
“Clearly, the measured pace adopted by the Fed to ease its monetary policy suggests that they are still concerned about inflation, although they also acknowledge the fact that the labour market has weakened,” Afzanizam told Bernama.
At 6pm, the local currency stood at 4.1945/4.1995 against the US dollar, down from yesterday’s close of 4.1860/4.1900.
At the close, the ringgit was traded mostly lower against major currencies.
It strengthened against the yen to 2.8484/2.8520 from 2.8607/2.8636 at yesterday’s close, weakened to 5.7238/5.7306 against the British pound from 5.7131/5.7185 and dipped vis-à-vis the euro to 4.9654/4.9714 from 4.9583/4.9631 previously.
Against Asean currencies, the local currency was mixed.
It climbed to 253.7/254.2 versus the Indonesian rupiah from 254.6/255 at yesterday’s close and rose against the Philippine peso to 7.35/7.36 from 7.36/7.37.
However, it weakened against the Thai baht to 13.1903/13.2114 from 13.1892/13.2081 yesterday and fell to 3.2800/3.2842 against the Singapore dollar from 3.2793/3.2827.
Stay current - Follow FMT on WhatsApp, Google news and Telegram
Subscribe to our newsletter and get news delivered to your mailbox.
Registration on or use of this site constitutes acceptance of our Terms of Service, Privacy Policy and Cookies Policy.
Copyright © 2009 -2025FMT Media Sdn Bhd (1235453-U) All Rights Reserved. A part of Media Prima Group."
https://www.freemalaysiatoday.com/category/business/2025/09/19/bursa-ends-flat-amid-lack-of-fresh-leads,Bursa ends flat amid lack of fresh leads,2025-09-19,"Berjaya Research Sdn Bhd head of research Kenneth Leong said mild selling pressure in selected banking heavyweight stocks also weighed on the benchmark index.
He reckons that for now, the key index may attempt to build a base at around the 1,600-point psychological level before resuming its recovery path towards the immediate resistance level at 1,611 points, followed by 1,620 points.
Meanwhile, Rakuten Trade vice-president Thong Pak Leng said the FTSE Bursa Malaysia KLCI (FBM KLCI) trading below 1,600 had been a “healthy pause”, allowing the market to digest gains and build a stronger base for the next uptrend.
“The overall trend remains constructive, as the shallow pullbacks indicate investors are holding their positions, reflecting underlying market confidence,” he told Bernama.
At 5pm, the FBM KLCI ended at 1,598.23, down 0.70 of-a-point or 0.04% from yesterday’s close of 1,598.93.
The benchmark index opened marginally higher at 1,598.99 and fluctuated between 1,595.68 and 1,600.40 throughout the day.
However, the market breadth was positive, with gainers leading decliners 565 to 492, while 482 counters were unchanged, 1,109 untraded and 13 suspended.
Turnover widened to 3.59 billion units worth RM4.16 billion from 2.56 billion units worth RM2.52 billion yesterday.
Among the heavyweights, Maybank lost eight sen to RM9.80, Public Bank eased one sen to RM4.24, and CIMB slipped nine sen to RM7.23. Tenaga rose 10 sen to RM13.38, and IHH added two sen to RM7.33.
In active trade, Focus Dynamics and TWL were 0.5 sen lower at 0.5 sen and 2.5 sen, respectively.
Pharmaniaga erased two sen to 26.5 sen, while VS Industry gained 4.5 sen to 59.5 sen, and Malakoff was flat at 97.5 sen.
Top losers included Nestle, which lost 28 sen to RM94.72, while Hong Leong Financial and Sunway Construction fell 22 sen each to RM16.94 and RM6.13, respectively.
Among the top gainers, MPI surged 58 sen to RM29.12, UWC climbed 37 sen to RM3.70, and Petronas Gas jumped 22 sen to RM18.50.
Sam Engineering bagged 20 sen to RM4.10.
On the broader market, the FBM Emas Index gained 8.53 points to 11,896.43, the FBMT 100 Index added 7.06 points to 11,647.31, and the FBM Emas Shariah Index bounced 48.27 points to 11,963.37.
The FBM 70 Index climbed 63.66 points to 16,743.40, while the FBM ACE Index was 43.75 points higher at 4,915.43.
By sector, the industrial products and services index picked up 1.42 points to 168.11, the financial services index lost 93.66 points to 18,003.30, and the plantation index increased 11.77 points to 7,744.34. The energy index gained 2.27 points to 755.32.
The Main Market volume increased to 2.32 billion units, valued at RM3.90 billion, from 1.57 billion units worth RM2.26 billion yesterday.
Warrants turnover dropped to 637.62 million units, valued at RM93.26 million, from 641.29 million units worth RM107.66 million previously.
The ACE Market volume widened to 626.63 million shares worth RM164.47 million, from 354.4 million shares worth RM145.66 million yesterday.
Consumer products and services counters accounted for 275.93 million shares traded on the Main Market, industrial products and services (377.01 million), construction (151.54 million), technology (237.1 million), financial services (124.51 million), property (341.89 million), plantation (29.96 million), REITs (114.44 million), closed/fund (66,500), energy (137.15 million), healthcare (190.74 million), telecommunications and media (86.35 million), transportation and logistics (94.21 million), utilities (167.49 million), and business trusts (107,000).
Stay current - Follow FMT on WhatsApp, Google news and Telegram
Subscribe to our newsletter and get news delivered to your mailbox.
Registration on or use of this site constitutes acceptance of our Terms of Service, Privacy Policy and Cookies Policy.
Copyright © 2009 -2025FMT Media Sdn Bhd (1235453-U) All Rights Reserved. A part of Media Prima Group."
https://www.freemalaysiatoday.com/category/business/2025/09/19/bursa-malaysia-opens-marginally-higher-retreats-thereafter,"Bursa opens marginally higher, retreats thereafter",2025-09-19,"Rakuten Trade Sdn Bhd vice-president of equity research Thong Pak Leng said the market was taken aback by yesterday’s sell-off, which unfolded as investors took profits despite confidence in continued support for the local bourse.
“Nonetheless, we view this as a brief correction and believe that bargain hunters will return soon.
As such, we anticipate the index to trend within the 1,600-1,610 range today,” he told Bernama.
At 9.10am, the FTSE Bursa Malaysia KLCI (FBM KLCI) eased 1.25 points or 0.07% to 1,597.68 from yesterday’s close of 1,598.93.
The benchmark index had opened marginally higher by 0.06 of a point at 1,598.99.
Market breadth was positive with gainers leading losers 197 to 111, while 257 counters were unchanged, 2,083 untraded and 13 suspended.
Turnover stood at 204.51 million units worth RM91.01 million.
Among the heavyweights, Maybank fell 3 sen to RM9.85 and CIMB eased 2 sen to RM7.30.
Public Bank and IHH gained 1 sen each to RM4.26 and RM7.32 respectively, while Tenaga bagged 2 sen to RM13.30.
In active trade, TWL and Zetrix Ai were 0.5 sen lower at 2.5 sen and 86.5 sen respectively, NexG increased 1 sen to 49.5 sen, 3Ren added 1.5 sen to 41 sen and HHRG was flat at 12 sen.
Top losers included Petronas Dagangan, which reduced 60 sen to RM22.34, Petronas Gas slid 8 sen to RM18.20, Kim Hin slipped 6 sen to 70.5 sen, Go Hub 5.5 sen easier at 81.5 sen and Sunway Construction five sen weaker at RM6.30.
Among the top gainers are Nestle, which climbed RM1 to RM96.00, MPI advanced 34 sen to RM28.88, Fraser & Neave rose 16 sen to RM26.96, UWC jumped 14 sen to RM3.47 and United Malacca bagged 10 sen to RM5.50.
On the broader market, the FBM Emas Index added 6.11 points to 11,894.02, the FBMT 100 Index went up 4.01 points to 11,644.26 and the FBM Emas Shariah Index increased 8.45 points to 11,923.55.
The FBM 70 Index climbed 63.64 points to 16,743.38, while the FBM ACE Index was 7.29 points higher at 4,878.97.
By sector, the industrial products and services index edged up 0.32 of-a-point to 167.01, the plantation index advanced 12.36 points to 7,744.93, the energy index gained 1.62 points to 754.67, but the financial services index lost 10.29 points to 18,086.67.
Stay current - Follow FMT on WhatsApp, Google news and Telegram
Subscribe to our newsletter and get news delivered to your mailbox.
Registration on or use of this site constitutes acceptance of our Terms of Service, Privacy Policy and Cookies Policy.
Copyright © 2009 -2025FMT Media Sdn Bhd (1235453-U) All Rights Reserved. A part of Media Prima Group."
https://www.freemalaysiatoday.com/category/business/2025/09/19/palm-oil-gains-on-weaker-ringgit-and-lower-production-outlook,Palm oil gains on weaker ringgit and lower production outlook,2025-09-19,"“Output trend in Malaysia has been lower this month,” said Abdul Hameed, director of sales at Manzoor Trading Co in Lahore.
“A further fall in the ringgit also attracted bargain buying as some traders are purchasing to cover October demand,” he said.
“However, gains in palm oil prices may not be sustainable as Indian festival buying is largely over,” said Gnanasekar Thiagarajan, head of trading and hedging strategies at Kaleesuwari Intercontinental.
India is the world’s biggest importer of edible oils.
Malaysian palm oil exports rose 2.6% during Sept 1-15 from a month earlier, according to Intertek Testing Services.
AmSpec Agri data showed exports were little changed.
Stay current - Follow FMT on WhatsApp, Google news and Telegram
Subscribe to our newsletter and get news delivered to your mailbox.
Registration on or use of this site constitutes acceptance of our Terms of Service, Privacy Policy and Cookies Policy.
Copyright © 2009 -2025FMT Media Sdn Bhd (1235453-U) All Rights Reserved. A part of Media Prima Group."
https://www.freemalaysiatoday.com/category/business/2025/09/19/ringgit-ends-week-lower-as-fed-rate-cut-lifts-greenback,Ringgit ends week lower as Fed rate cut lifts greenback,2025-09-19,"Bank Muamalat Malaysia Bhd chief economist Afzanizam Abdul Rashid said the ringgit has breached the 4.20 psychological threshold, indicating that the recent rally may be short-lived as the Fed maintains a cautious stance on monetary easing.
“The RM4.20 level per dollar appears to be a key psychological point, which the ringgit may intermittently surpass when expectations of a US rate cut intensify.
“We foresee emerging market currencies, including the ringgit, would gain further traction if traders and investors sense that the Fed could be behind the curve,” he told Bernama.
At 6pm, the local note stood at 4.2040/4.2115 against the US dollar, down from yesterday’s close of 4.1945/4.1995.
At the close, the ringgit traded higher against major currencies.
It strengthened versus the Japanese yen at 2.8419/2.8471 from 2.8484/2.8520, improved to 5.6775/5.6876 against the British pound from 5.7238/5.7306 yesterday and gained vis-à-vis the euro to 4.9447/4.9536 from 4.9654/4.9714 previously.
Meanwhile, the local note traded mixed against Asean currencies.
It appreciated against the Singapore dollar at 3.2744/3.2805 from 3.2800/3.2842 yesterday and rose to 253.2/253.8 against the Indonesian rupiah from 253.7/254.2 previously.
However, it depreciated against the Thai baht at 13.1973/13.2271 from 13.1903/13.2114 yesterday, and declined vis-a-vis the Philippine peso to 7.36/7.38 compared with yesterday’s close of 7.35/7.36.
Stay current - Follow FMT on WhatsApp, Google news and Telegram
Subscribe to our newsletter and get news delivered to your mailbox.
Registration on or use of this site constitutes acceptance of our Terms of Service, Privacy Policy and Cookies Policy.
Copyright © 2009 -2025FMT Media Sdn Bhd (1235453-U) All Rights Reserved. A part of Media Prima Group."
https://www.freemalaysiatoday.com/category/business/2025/09/19/ringgit-opens-higher-vs-us-dollar-tracking-firmer-regional-currencies,"Ringgit opens higher, tracking firmer regional  currencies",2025-09-19,"Bank Muamalat Malaysia Bhd chief economist Afzanizam Rashid said the ringgit was expected to trade within the RM4.19 to RM4.21 range as profit-taking activities may emerge following the stronger performance of the US Dollar Index (DXY).
“The DXY was up 0.49% to 97.348 points, supported by record highs in US equities, while US Treasury yields declined,” he told Bernama.
He noted that yesterday, the ringgit had depreciated by 0.21% against the greenback to RM4.197, staying below the RM4.20 psychological level, although it briefly touched RM4.2013 during mid-day.
At 8am, the local note stood at 4.1865/4.2100 against the greenback compared with yesterday’s close of 4.1945/4.1995.
However, at 8.09am, the ringgit had eased to 4.2005/4.2105.
At the opening, the ringgit was higher against a basket of major currencies.
It strengthened versus the Japanese yen at 2.8297/2.8457 from 2.8484/2.8520 at yesterday’s close, improved to 5.6744/5.7062 against the British pound from 5.7238/5.7306 and was higher vis-a-vis the euro to 4.9355/4.9632 from 4.9654/4.9714 previously.
The local note was also firmer against Asean currencies
It appreciated versus the Singapore dollar at 3.2661/3.2847 from 3.2800/3.2842, increased against the Thai baht at 13.1209/13.2037 from 13.1903/13.2114 yesterday, rose to 253.3/254.8 against the Indonesian rupiah from 253.7/254.2 and firmer vis-a-vis the Philippine peso at 7.33/7.38 compared with yesterday’s 7.35/7.36.
Stay current - Follow FMT on WhatsApp, Google news and Telegram
Subscribe to our newsletter and get news delivered to your mailbox.
Registration on or use of this site constitutes acceptance of our Terms of Service, Privacy Policy and Cookies Policy.
Copyright © 2009 -2025FMT Media Sdn Bhd (1235453-U) All Rights Reserved. A part of Media Prima Group."
https://www.freemalaysiatoday.com/category/business/2025/09/22/bursa-starts-higher-fbm-klci-climbs-above-1600,"Bursa starts higher, FBM KLCI climbs above 1,600",2025-09-22,"At 9.05am, the FBM KLCI was up 2.86 points at 1,601.09, following last Friday’s close of 1,598.23. The benchmark index had opened slightly higher at 1,599.78.
Market breadth was positive, with gainers outnumbering losers 183 to 118. Meanwhile, 273 counters were unchanged, 2,075 untraded, and 24 suspended.
Rakuten Trade Sdn Bhd vice-president of equity research, Thong Pak Leng, said that sentiment improved following a phone call between US President Donald Trump and Chinese President Xi Jinping, coupled with the US Federal Reserve’s easing measures announced last week.
Malacca Securities Sdn Bhd expects the KLCI to trade on a firmer footing amid a narrowing US-Malaysia interest rate differential.
“Positive sentiment on the Nasdaq may also spill over into local technology stocks in the near term,” the firm said in a note.
Among heavyweights, Maybank added three sen to RM9.83, Public Bank rose one sen to RM4.25, Tenaga Nasional gained six sen to RM13.44, CIMB Group climbed RM7.25, and IHH Healthcare inched up six sen to RM7.39.
In active trade, NexG strengthened one sen to 50 sen, PA Resources and Vetece Holdings rose half a sen to 16 sen and 28.5 sen respectively, while VS Industry and TA Win Holdings were flat at 59.5 sen and 1.5 sen.
Top gainers included Allianz Malaysia, which recouped 20 sen to RM18.94, Malaysian Pacific Industries, up 14 sen to RM29.26, KESM Industries, up nine sen to RM3.13, Heitech Padu, up eight sen to RM4.49, and Gamuda, up five sen to RM5.57.
Top losers included Petronas Dagangan, down 60 sen to RM22.40, Dutch Lady Milk Industries, down 22 sen to RM27.16, United Plantations, down 12 sen to RM23, Frontken Corp, down seven sen to RM4.29, and PPB Group, down six sen to RM10.14.
On the broader market, the FBM Emas Index added 17.67 points to 11,914.10, the FBMT 100 Index rose 16.09 points to 11,663.40, and the FBM Emas Shariah Index increased 13.05 points to 11,976.42.
The FBM 70 Index climbed 2.61 points to 16,746.02, while the FBM ACE Index gained 11.02 points to 4,926.45.
By sector, the Industrial Products and Services Index edged up 0.23 of-a-point to 168.34, the Plantation Index advanced 14.08 points to 7,758.42, the Energy Index gained 0.17 of-a-point to 755.49, and the Financial Services Index rose 32.76 points to 18,036.06.
Stay current - Follow FMT on WhatsApp, Google news and Telegram
Subscribe to our newsletter and get news delivered to your mailbox.
Registration on or use of this site constitutes acceptance of our Terms of Service, Privacy Policy and Cookies Policy.
Copyright © 2009 -2025FMT Media Sdn Bhd (1235453-U) All Rights Reserved. A part of Media Prima Group."
https://www.freemalaysiatoday.com/category/business/2025/09/22/fbm-klci-ends-higher-on-gains-in-construction-financial-stocks,"FBM KLCI ends higher on gains in construction, financial stocks",2025-09-22,"Rakuten Trade vice-president Thong Pak Leng said the benchmark index has been showing encouraging signs after reclaiming the 1,600-point level, a development that has helped lift overall market confidence.
“This signals that investor sentiment is gradually improving, supported by renewed optimism over both domestic stability and external drivers. Sustaining levels above this psychological threshold could pave the way towards the 1,630-1,650 level,” he told Bernama.
Thong noticed that trading activity has been somewhat muted in recent weeks, but reckons that stronger momentum at the index level may entice more participants to the market.
At the same time, he noted that investors will be closely monitoring a series of key economic indicators and remarks from US Federal Reserve officials, with Jerome Powell, the Fed chair, set to speak tomorrow.
At 5pm, the FBM KLCI rose 5.11 points to end at 1,603.34, compared with last Friday’s close of 1,598.23.
The benchmark index opened marginally higher at 1,599.78 and fluctuated between 1,596.46 and 1,604.31 throughout the day.
Nevertheless, the market breadth was negative, with losers outpacing gainers 528 to 478 while 509 counters were unchanged, 1,134 untraded and 24 suspended.
Turnover slipped to 2.78 billion units worth RM2.27 billion from 3.59 billion units worth RM4.16 billion last Friday.
Among the heavyweights, Gamuda rallied 17 sen to RM5.69, Public Bank added three sen to RM4.27, and CIMB gained eight sen to RM7.31. Maybank topped up four sen to RM9.84, and Tenaga Nasional climbed four sen to RM13.42.
In active trade, VS Industry added one sen to 60.5 sen, while Tanco Holdings and NexG gained one sen each to 86 sen and 50 sen, respectively. Zetrix AI and KPJ Healthcare were both flat at 87 sen and RM2.51.
Top gainers included Nestle, which gained RM1.78 to RM96.50, while KESM Industries surged 51 sen to RM3.38, and Allianz Malaysia bounced 46 sen to RM18.06. Master-Pack Group rallied 24 sen to RM2.64, and United Plantations jumped 42 sen to RM23.54.
Among top decliners, Petronas Dagangan slid 70 sen to RM22.30, Petronas Gas fell 20 sen to RM18.30, and Dutch Lady Milk Industries lost 20 sen to RM27.18. Kuala Lumpur Kepong slipped 10 sen to RM20.04, while Vitrox Corp shed 12 sen to RM3.74.
On the broader market, the FBM Emas Index gained 30.07 points to 11,926.50, the FBMT 100 Index rose 29.30 points to 11,676.61, and the FBM ACE Index bounced 58.47 points to 4,973.90. The FBM 70 Index climbed 7.70 points to 16,751.11, and the FBM Emas Shariah Index gained 30.07 points to 11,926.50.
By sector, the financial services index added 86.89 points to 18,090.20, the energy index gained 4.05 points to 759.37, and the industrial products and services index edged up 1.07 points to 169.18. The plantation index advanced 23.54 points to 7,767.88.
The Main Market volume fell to 1.47 billion units, valued at RM1.97 billion, from 2.32 billion units worth RM3.9 billion last Friday.
Warrants turnover increased to 895.48 million units, valued at RM148.25 million, from 637.62 million units worth RM93.26 million previously.
The ACE Market volume weakened to 405.44 million shares worth RM157.95 million, from 626.63 million shares worth RM164.47 million last Friday.
Consumer products and services counters accounted for 206.06 million shares traded on the Main Market, industrial products and services (354.41 million), construction (107.24 million), technology (258.9 million), financial services (70.08 million), property (146.83 million), plantation (17.27 million), REITs (19.87 million), closed/fund (586,600), energy (91.37 million), healthcare (112.93 million), telecommunications and media (27.02 million), transportation and logistics (26.04 million), utilities (32.91 million), and business trusts (27,100).
Stay current - Follow FMT on WhatsApp, Google news and Telegram
Subscribe to our newsletter and get news delivered to your mailbox.
Registration on or use of this site constitutes acceptance of our Terms of Service, Privacy Policy and Cookies Policy.
Copyright © 2009 -2025FMT Media Sdn Bhd (1235453-U) All Rights Reserved. A part of Media Prima Group."
https://www.freemalaysiatoday.com/category/business/2025/09/22/ringgit-ends-firmer-on-governments-prudent-ron95-subsidy-move,Ringgit ends firmer on government’s prudent RON95 subsidy move,2025-09-22,"Bank Muamalat Malaysia Bhd chief economist Afzanizam Abdul Rashid said the rationalisation exercise signalled the government’s commitment to fiscal consolidation while remaining mindful of its impact on the rakyat.
“The measured approach shows that the government is pragmatic in its efforts to fix its finances. It can be deemed credit-positive, which should translate into positive sentiment towards the ringgit in the medium to long term,” he told Bernama.
At the close, the ringgit was higher against a basket of major currencies.
At 6pm, the local note stood at 4.1945/4.2040 versus the greenback, compared with 4.2040/4.2115 at Friday’s close.
It rose versus the Japanese yen to 2.8364/2.8430 from 2.8419/2.8471 at Friday’s close, firmed to 5.6630/5.6758 against the British pound from 5.6775/5.6876, and strengthened to 4.9390/4.9502 vis-à-vis the euro from 4.9447/4.9536.
The local note was also firmer against Asean currencies.
It advanced to 3.2688/3.2764 versus the Singapore dollar from 3.2744/3.2805, appreciated to 13.1890/13.2243 against the Thai baht from 13.1973/13.2271, edged up to 252.5/253.1 vis-à-vis the Indonesian rupiah from 253.2/253.8, and strengthened to 7.35/7.37 against the Philippine peso from 7.36/7.38.
Stay current - Follow FMT on WhatsApp, Google news and Telegram
Subscribe to our newsletter and get news delivered to your mailbox.
Registration on or use of this site constitutes acceptance of our Terms of Service, Privacy Policy and Cookies Policy.
Copyright © 2009 -2025FMT Media Sdn Bhd (1235453-U) All Rights Reserved. A part of Media Prima Group."
https://www.freemalaysiatoday.com/category/business/2025/09/22/ringgit-starts-higher-vs-us-dollar-on-stable-sp-outlook,Ringgit starts higher vs US dollar on stable S&P outlook,2025-09-22,"At 8.02am, the local note was quoted at 4.2000/4.2200 versus the greenback, compared with Friday’s close of 4.2040/4.2115.
Bank Muamalat Malaysia Bhd chief economist Afzanizam Rashid said S&P Global Ratings’ recent affirmation indicated that the government’s sovereign rating remains stable.
“The country’s fiscal consolidation exercise has contributed positively to its creditworthiness. Malaysia’s fiscal deficit narrowed to 4.2% of gross domestic product (GDP) in the first half of 2025 from 5.5% in the same period last year, while the government debt level at 62% of GDP remains below the statutory limit of 65%,” he noted.
On Sept 20, the ministry of finance said S&P had reaffirmed Malaysia’s sovereign credit ratings at ‘A-’ with a stable outlook, underscoring confidence in the country’s macroeconomic management despite global trade uncertainty.
It said the rating was supported by Malaysia’s well-diversified economy, political stability, steady growth momentum, balanced external position, and narrowing fiscal deficits.
Meanwhile, Afzanizam said the US Dollar Index (DXY) had rebounded after the US Federal Reserve (Fed)delivered an interest rate cut last week.
“The DXY is hovering around 97 points and may continue to do so as traders and investors await more signals this week. A series of Fed officials are due to speak at public forums, while data such as personal consumption expenditures (PCE) inflation will be closely monitored,” he said.
SPI Asset Management managing director Stephen Innes said expectations of two more US rate cuts this year should limit the ringgit’s downside in the near term.
“This comes after what appears to have been a positive phone conversation between China’s President Xi Jinping and US President Donald Trump on Friday, potentially paving the way for an in-person meeting at the 2025 Apec Economic Leaders’ Meeting in South Korea next month,” he added.
At the opening, the ringgit was also higher against a basket of major currencies.
It rose versus the Japanese yen to 2.8348/2.8485 from 2.8419/2.8471 at Friday’s close, firmed to 5.6540/5.6810 against the British pound from 5.6775/5.6876, and strengthened to 4.9279/4.9513 versus the euro from 4.9447/4.9536.
The local note was firmer against Asean currencies as well.
It advanced to 3.2670/3.2830 versus the Singapore dollar from 3.2744/3.2805, appreciated to 13.1707/13.2405 against the Thai baht from 13.1973/13.2271, edged up to 252.9/254.3 versus the Indonesian rupiah from 253.2/253.8, and strengthened to 7.35/7.39 against the Philippine peso from 7.36/7.38.
Stay current - Follow FMT on WhatsApp, Google news and Telegram
Subscribe to our newsletter and get news delivered to your mailbox.
Registration on or use of this site constitutes acceptance of our Terms of Service, Privacy Policy and Cookies Policy.
Copyright © 2009 -2025FMT Media Sdn Bhd (1235453-U) All Rights Reserved. A part of Media Prima Group."
https://www.freemalaysiatoday.com/category/business/2025/09/23/bursa-ends-flat-but-remains-above-1600-points,"Bursa ends flat but remains above 1,600 points",2025-09-23,"Rakuten Trade vice-resident Thong Pak Leng said the improved trading volume suggests that confidence is gradually returning, with more participants re-entering the market.
“Although the gains were modest, the combination of a positive close and healthier volumes provides a constructive signal that the index may be building a stronger base. With sentiment turning more upbeat, the market looks better positioned (for) an upward bias, as investors await new catalysts to fuel further momentum,” he told Bernama.
Hence, Thong maintains the weekly FBM KLCI target at between 1,580 and 1,620 points.
At 5pm, the FBM KLCI edged up 0.21 of-a-point to close at 1,603.55, compared with yesterday’s close of 1,603.34. The benchmark index opened higher at 1,604.90 and moved between 1,602.03 and 1,608.49 throughout the day.
The market breadth was positive, with gainers outpacing losers 565 to 460 while 521 counters were unchanged, 1,098 untraded and 37 suspended.
Turnover improved to 3.18 billion units worth RM2.36 billion from 2.78 billion units worth RM2.27 billion yesterday.
Among the heavyweights, Public Bank added one sen to RM4.28, but Maybank, CIMB and Tenaga Nasional dropped two sen each to RM9.82, RM7.29 and RM13.40, respectively. IHH Healthcare was flat at RM7.36.
In active trade, ACE Market debutant JS Solar soared nine sen to 40 sen, while Pharmaniaga and NexG edged up one sen each to 27 sen and 51 sen, respectively. XOX Technology climbed three sen to 6.5 sen, and SFP Tech was 1.5 sen better at 17.5 sen.
Top gainers included PJBumi, which gained 48 sen to RM2.70, while KSL Holdings firmed up 28 sen to RM2.94, and KESM Industries surged 25 sen to RM3.63. Malaysian Pacific Industries bounced 22 sen to RM29.50, and Fraser & Neave expanded 20 sen to RM27.40.
Among top decliners, United Plantations fell 66 sen to RM22.88, Petronas Dagangan lost 30 sen to RM22, and Dutch Lady Milk Industries eased 14 sen to RM27.04. UWC and BLD Plantation lost 10 sen each to RM3.63 and RM10.86, respectively.
On the broader market, the FBM Emas Index gained 16.51 points to 11,943.01, the FBMT 100 Index rose 9.93 points to 11,686.54, and the FBM ACE Index bounced 32.40 points to 5,006.30. The FBM 70 Index climbed 50.60 points to 16,801.71, and the FBM Emas Shariah Index gained 26.06 points to 11,998.01.
By sector, the energy index added 5.12 points to 764.49, the industrial products and services index edged up 0.88 of-a-point to 170.06, but the financial services index dipped 6.43 points to 18,083.77 while the plantation index gave up 41.06 points to 7,726.82.
The Main Market volume advanced to 1.52 billion units, valued at RM2.01 billion, from 1.47 billion units valued at RM1.97 billion yesterday.
Warrants turnover expanded to 1.08 billion units, valued at RM166.49 million, from 895.48 million units valued at RM148.25 million previously.
The ACE Market volume strengthened to 560.33 million shares worth RM182.24 million, from 405.44 million shares worth RM157.95 million on Monday.
Consumer products and services counters accounted for 303.41 million shares traded on the Main Market, industrial products and services (250.49 million), construction (132.75 million), technology (240.66 million), financial services (57.66 million), property (172.34 million), plantation (22.3 million), REITs (16.18 million), closed/fund (416,100), energy (109.86 million), healthcare (128.73 million), telecommunications and media (25.95 million), transportation and logistics (26.06 million), utilities (35.79 million), and business trusts (1.70 million).
Stay current - Follow FMT on WhatsApp, Google news and Telegram
Subscribe to our newsletter and get news delivered to your mailbox.
Registration on or use of this site constitutes acceptance of our Terms of Service, Privacy Policy and Cookies Policy.
Copyright © 2009 -2025FMT Media Sdn Bhd (1235453-U) All Rights Reserved. A part of Media Prima Group."
https://www.freemalaysiatoday.com/category/business/2025/09/23/bursa-opens-higher-on-wall-street-tech-gains,Bursa opens higher on Wall Street tech gains,2025-09-23,"At 9.10am, the FTSE Bursa Malaysia KLCI (FBM KLCI) climbed 3.65 points to 1,606.99, from yesterday’s close of 1,603.34, after opening at 1,604.90.
Market breadth was positive, with gainers outnumbering losers 214 to 102.
Meanwhile, 271 counters were unchanged, 2,057 untraded, and 37 suspended.
Turnover stood at 173.33 million units worth RM97.21 million.
In a research note, Malacca Securities Sdn Bhd said the capital expenditure rollout will fund data centres with at least 10 gigawatts (GW) of capacity, powered by Nvidia’s advanced AI chips to train and deploy OpenAI models.
“Also, with Nvidia’s US$5 billion investment in Intel, we expect the technology sector to grow steadily in the near term. This could translate into further buying interest in major tech giants, supporting a sustained uptrend on Wall Street,” it said.
Locally, the brokerage expects the market to trade on firmer footing as Wall Street sentiment may spill over into the domestic technology sector in the near term.
“We favour Itmax System Bhd, given its sticky solutions and services, as well as contract wins of approximately RM51 million stretching over the next 15 years. On the data centre front, we like CBH Engineering Holding Bhd due to its undemanding valuations and strong exposure to DC plays,” it added.
The firm also issued a non-rated report on Cheeding Holdings Bhd with a fair value of RM0.72 (IPO price: RM0.36), citing its niche in overhead infrastructure utilities and robust operational efficiency, with net margins well above peers’ average.
Commenting on the impact of RON95 subsidy rationalisation, Malacca Securities research head Loui Low said the programme is unlikely to have a significant effect for now.
“Sector-wise, we don’t foresee major changes, as the policy is designed to ease inflationary pressures on the rakyat. It may be neutral to foreign investors despite the policy shift,” he noted.
Yesterday, Prime Minister Anwar Ibrahim announced RON95 petrol prices would drop to RM1.99 per litre from RM2.05, effective Sept 30, under the Budi Madani RON95 targeted subsidy programme.
Among heavyweights, Maybank, Public Bank and IHH Healthcare rose 2.0 sen each to RM9.86, RM4.29 and RM7.38. CIMB gained 1.0 sen to RM7.32, while Tenaga Nasional added 6.0 sen to RM13.48.
In active trade, JS Solar, an ACE Market debutant, gained 8.5 sen to 39.5 sen. NexG and IFCA MSC rose 1.0 sen each to 51 sen and 34 sen, NexG Bina added 0.5 sen to 9.0 sen, while JAG was flat at 26 sen.
Top gainers included Malaysian Pacific Industries, up 20 sen to RM29.48; Petronas Gas, 18 sen to RM18.48; KESM Industries, 17 sen to RM3.55; D\&O Green Technologies, 10 sen to RM1.57; and Pentamaster, 6.0 sen to RM3.88.
Top losers were United Plantations, down 8.0 sen to RM23.46; SD Guthrie, 7.0 sen to RM5.23; Chin Hin, 5.0 sen to RM2.23; Ralco Corporation, 4.5 sen to 81 sen; and AMMB Holdings, 3.0 sen to RM5.60.
On the broader market, the FBM Emas Index rose 32.39 points to 11,958.89, the FBMT 100 Index gained 30.81 points to 11,707.42, the FBM Emas Shariah Index added 37.08 points to 12,009.03, the FBM 70 Index climbed 62.66 points to 16,813.77, and the FBM ACE Index advanced 7.34 points to 4,981.24.
By sector, the Industrial Products and Services Index edged up 0.05 of-a-point to 169.23, the Energy Index gained 2.67 points to 762.04, and the Financial Services Index rose 28.11 points to 18,118.31, while the Plantation Index fell 27.78 points to 7,740.10.
Stay current - Follow FMT on WhatsApp, Google news and Telegram
Subscribe to our newsletter and get news delivered to your mailbox.
Registration on or use of this site constitutes acceptance of our Terms of Service, Privacy Policy and Cookies Policy.
Copyright © 2009 -2025FMT Media Sdn Bhd (1235453-U) All Rights Reserved. A part of Media Prima Group."
https://www.freemalaysiatoday.com/category/business/2025/09/23/ringgit-ends-lower-against-greenback-on-profit-taking,Ringgit ends lower against greenback on profit-taking,2025-09-23,"At 6pm, the local note eased to 4.1985/4.2000 against the greenback from Monday’s close of 4.1945/4.2040.
Nonetheless, Bank Muamalat Malaysia Bhd chief economist Afzanizam Abdul Rashid expects the ringgit to improve even as other emerging market currencies weaken against the greenback, as the positive impact from the RON95 fuel subsidy rationalisation continues to support the local note.
“The subsidy rationalisation should enhance credit rating agencies’ assessment of Malaysia’s fiscal position.
“This signals the government’s commitment to fiscal consolidation, which helps to reduce sovereign credit risks and should support Malaysia’s current A3/A- sovereign rating,” he told Bernama.
At the close, the ringgit traded lower against a basket of major currencies.
It declined to 2.8441/2.8453 against the Japanese yen from 2.8364/2.8430 at Monday’s close, fell to 5.6701/5.6721 versus the British pound from 5.6630/5.6758 yesterday, and eased to 4.9546/4.9564 against the euro from 4.9390/4.9502 previously.
The local note, however, traded mixed against Asean currencies.
It appreciated against the Indonesian rupiah to 251.5/251.8 from 252.5/253.1 on Monday and edged up to 7.33/7.33 against the Philippine peso from 7.35/7.37 yesterday.
However, it depreciated to 3.2724/3.2738 versus the Singapore dollar from 3.2688/3.2764 yesterday, and slipped to 13.1900/13.2001 against the Thai baht from 13.1890/13.2243 previously.
Stay current - Follow FMT on WhatsApp, Google news and Telegram
Subscribe to our newsletter and get news delivered to your mailbox.
Registration on or use of this site constitutes acceptance of our Terms of Service, Privacy Policy and Cookies Policy.
Copyright © 2009 -2025FMT Media Sdn Bhd (1235453-U) All Rights Reserved. A part of Media Prima Group."
https://www.freemalaysiatoday.com/category/business/2025/09/23/ringgit-extends-gains-on-ron95-subsidy-reform,Ringgit extends gains on RON95 subsidy reform,2025-09-23,"At 8am, the local note strengthened to 4.1885/4.2085 against the greenback from Monday’s close of 4.1945/4.2040.
Bank Muamalat Malaysia Bhd chief economist Afzanizam Rashid said the RON95 subsidy rationalisation showed the authorities were taking a pragmatic approach to uphold fiscal discipline.
“At the same time, efforts are being made to ensure the risk of higher living costs does not erode consumers’ purchasing power. In some sense, it can be deemed credit-positive as the measure allows the technology embedded in MyKad to be fully utilised as part of policy tools.
“Perhaps there will be more fine-tuning on how subsidies can be further rationalised, focusing on income levels. On that note, such a move can be constructive for the ringgit in the mid to long term,” he added.
On Monday, Prime Minister Anwar Ibrahim announced that the price of RON95 would be reduced to RM1.99 per litre from RM2.05 through targeted subsidies under the Budi Madani RON95 (BUDI95) programme, effective Sept 30, 2025.
Afzanizam also noted that the US Dollar Index (DXY) fell 0.31% to 97.34 points amid mixed views among US Federal Reserve (Fed) officials on interest rates.
“Atlanta Fed president Raphael Bostic, St Louis Fed president Alberto Musalem and Cleveland Fed president Beth Hammack were in the hawkish camp.
“Meanwhile, Fed board member Stephen Miran, who voted for a 50 basis point cut at the last Federal Open Market Committee meeting, said the neutral rate is at 2.0%, suggesting the current monetary policy stance is highly restrictive,” said Afzanizam.
SPI Asset Management managing director Stephen Innes said the government’s RON95 fuel subsidy, providing 300 litres per month to all Malaysians regardless of income, had effectively increased household disposable income.
“With less money spent on fuel, consumers have more to spend elsewhere, offering additional support to the local economy. This, combined with global US dollar weakness, positions the ringgit to continue trading on a favourable trajectory today,” he said.
At the opening, the ringgit was mostly higher against a basket of major currencies.
It rose to 2.8352/2.8488 against the Japanese yen from 2.8364/2.8430 at Monday’s close, firmed to 5.6595/5.6865 versus the British pound from 5.6630/5.6758, but eased to 4.9420/4.9656 against the euro from 4.9390/4.9502.
The local note was also firmer against Asean currencies.
It advanced to 3.2672/3.2830 versus the Singapore dollar from 3.2688/3.2764, appreciated to 13.1822/13.2518 against the Thai baht from 13.1890/13.2243, edged up to 7.34/7.38 against the Philippine peso from 7.35/7.37, and was little changed at 252.1/253.4 against the Indonesian rupiah from 252.5/253.1.
Stay current - Follow FMT on WhatsApp, Google news and Telegram
Subscribe to our newsletter and get news delivered to your mailbox.
Registration on or use of this site constitutes acceptance of our Terms of Service, Privacy Policy and Cookies Policy.
Copyright © 2009 -2025FMT Media Sdn Bhd (1235453-U) All Rights Reserved. A part of Media Prima Group."
https://www.freemalaysiatoday.com/category/business/2025/09/24/bursa-opens-slightly-lower-tracks-wall-street,"Bursa opens slightly lower, tracks Wall Street",2025-09-24,"At 9.05am, the FTSE Bursa Malaysia KLCI (FBM KLCI) fell 3.46 points to 1,600.09, from Tuesday’s close of 1,603.55. The benchmark index had opened at 1,602.81.
Market breadth was negative, with 166 decliners versus 106 gainers. Meanwhile, 283 counters were unchanged, 2,118 untraded, and 49 suspended. Turnover stood at 179.48 million units worth RM68.97 million.
In a research note, Malacca Securities Sdn Bhd said Powell’s comments on Wall Street’s stretched valuations prompted profit-taking.
“Taking a cue from Wall Street’s negative lead, we expect profit-taking on the KLCI, with the technology sector likely to face selling pressure,” it said.
The firm continues to favour Itmax System Bhd, noting its recent contract wins have strengthened recurring revenue, providing earnings visibility for at least the next 15–20 years.
“We also see trading opportunities in construction stocks such as Binastra Corp Bhd and Inta Bina Group Bhd, given their robust earnings from key developers, sizeable order books, and undemanding valuations.
“Additionally, following recent developments in Solarvest Holdings Bhd, we anticipate buying interest in renewable energy-related stocks such as Kawan Renergy Bhd, supported by government initiatives including the National Energy Transition Roadmap and the rollout of Fifth Large Scale Solar (LSS5) packages,” it added.
Among heavyweights, Public Bank shed one sen to RM4.27, CIMB Group fell five sen to RM7.24, Tenaga Nasional down six sen to RM13.34, while Maybank and IHH Healthcare were unchanged at RM9.82 and RM7.36, respectively.
In active trade, ACE Market debutant Express Powerr Solutions rose half a sen to 20.5 sen, NexG added one sen to 52 sen, TWL Holdings and Auro Holdings were flat at three sen and 1.5 sen, respectively, while JS Solar slipped one sen to 39 sen.
Top losers included Malaysian Pacific Industries, down 28 sen to RM29.22; Apollo Food Holdings, 10 sen to RM6.40; Edaran, eight sen to RM1.13; Sunway Construction Group, seven sen to RM6.20; and Plenitude, six sen to RM1.86.
Top gainers were Hong Leong Financial Group, up 16 sen to RM17.10; Binastra Corp, seven sen to RM2.23; 99 Speedmart Retail Holdings, six sen to RM2.70; Teo Guan Lee Corp, six sen to RM1.10; and Life Water, five sen to 96 sen.
On the broader market, the FBM Emas Index fell 16.02 points to 11,926.99, the FBM 100 Index lost 3.46 points to 11,660.14, the FBM Emas Shariah Index slipped 19.59 points to 11,978.42, the FBM 70 Index dropped 43.08 points to 16,758.63, while the FBM ACE Index rose 0.35 of-a-point to 5,006.65.
By sector, the Industrial Products and Services Index edged down 0.42 of-a-point to 169.64, the Financial Services Index fell 3.24 points to 18,080.53, the Plantation Index declined 5.64 points to 7,721.18, while the Energy Index gained 4.23 points to 768.72.
Stay current - Follow FMT on WhatsApp, Google news and Telegram
Subscribe to our newsletter and get news delivered to your mailbox.
Registration on or use of this site constitutes acceptance of our Terms of Service, Privacy Policy and Cookies Policy.
Copyright © 2009 -2025FMT Media Sdn Bhd (1235453-U) All Rights Reserved. A part of Media Prima Group."
https://www.freemalaysiatoday.com/category/business/2025/09/24/fbm-klci-ends-marginally-lower-as-investors-pivot-to-small-cap-stocks,FBM KLCI ends marginally lower as investors pivot to small-cap stocks,2025-09-24,"Rakuten Trade vice-president Thong Pak Leng said the encouraging sign was that trading volumes had shown some improvement despite the negative closure today, indicating that investor participation was gradually picking up.
“Our positive assessment of Malaysian equities remains intact, supported by strong corporate earnings and improving economic conditions. As such, we anticipate the FBM KLCI to trend within the range of 1,580-1,620 for the remainder of the week,” he told Bernama.
At 5pm, the FBM KLCI edged down 3.89 points to close at 1,599.66, compared with yesterday’s close of 1,603.55.
The benchmark index opened lower at 1,602.81 and moved between 1,597.80 and 1,602.81 throughout the day.
Nevertheless, the market breadth was positive with 585 gainers versus 508 decliners, while 496 counters were unchanged, 1,084 untraded, and 49 suspended.
Turnover improved to 3.62 billion units worth RM2.8 billion from 2.78 billion units worth RM2.27 billion yesterday.
Among heavyweight counters, Tenaga Nasional fell 12 sen to RM13.28, CelcomDigi slid four sen to RM3.68, while Sunway and Maxis shed six sen each to RM5.44 and RM3.61, respectively. QL Resources dipped one sen to RM4.30.
In active trade, Magma Group fell 4.5 sen to 31.5 sen, Velesto Energy trimmed 0.5 sen to 23.5 sen, while ACE Market debutant Express Powerr Solutions rose 2.5 sen to 22.5 sen. Pharmaniaga was higher by 0.5 sen at 27.5 sen, and SNS Network Technology added 4.5 sen to 69 sen.
Among top losers, Apollo Food Holdings slipped 22 sen to RM6.28, Allianz Malaysia lost 20 sen to RM18.72, and Sunway Construction Group declined 15 sen to RM6.12. Kuchai Development slumped 13 sen to 45 sen, and Hong Leong Financial Group went down 12 sen to RM16.82.
Top gainers Petronas Dagangan rose by 30 sen to RM22.30, KSL jumped 37 sen to RM3.31, and Malayan Cement increased 19 sen to RM6.50.
Malaysian Pacific Industries jumped 26 sen to RM29.76, and Dutch Lady Milk Industries added 26 sen to RM27.30.
On the broader market, the FBM 100 Index lost 10.28 points to 11,676.26, the FBM Emas Shariah Index slipped 11.41 points to 11,986.60, and the FBM Emas Index inched down 1.06 points to 11,941.95.
The FBM 70 Index added 63.91 points to 16,865.62, and the FBM ACE Index rose 56.46 points to 5,062.76.
By sector, the financial services index fell 1.18 points to 18,082.59, and the plantation index declined 12.59 points to 7,714.23, while the industrial products and services index edged up 1.40 points to 171.46. The energy index gained 4.26 points to 768.75.
The Main Market volume advanced to 1.91 billion units, valued at RM2.45 billion, from 1.52 billion units valued at RM2.01 billion yesterday.
Warrants turnover expanded to 1.12 billion units, valued at RM163.18 million, from 1.08 billion units valued at RM166.49 million previously.
The ACE Market volume strengthened to 574.71 million shares worth RM184.69 million, from 560.33 million shares worth RM182.24 million on Tuesday.
Consumer products and services counters accounted for 479.74 million shares traded on the Main Market, industrial products and services (270.25 million), construction (99.73 million), technology (258.17 million), financial services (92.73 million), property (223.5 million), plantation (21.15 million), REITs (72.22 million), closed/fund (210,000), energy (177.02 million), healthcare (100.8 million), telecommunications and media (36.15 million), transportation and logistics (33.23 million), utilities (49.08 million), and business trusts (105,100).
Stay current - Follow FMT on WhatsApp, Google news and Telegram
Subscribe to our newsletter and get news delivered to your mailbox.
Registration on or use of this site constitutes acceptance of our Terms of Service, Privacy Policy and Cookies Policy.
Copyright © 2009 -2025FMT Media Sdn Bhd (1235453-U) All Rights Reserved. A part of Media Prima Group."
https://www.freemalaysiatoday.com/category/business/2025/09/24/ringgit-ends-softer-against-us-dollar-on-fed-rate-cut-uncertainty,Ringgit ends softer against US dollar on Fed rate cut uncertainty,2025-09-24,"Bank Muamalat Malaysia Bhd chief economist Afzanizam Abdul Rashid said mixed signals from Fed officials continued to lend support to the US dollar.
“The US dollar-ringgit pair surpassed the RM4.20 level as the US Dollar Index rose 0.16% to 97.419 points,” he told Bernama, adding that this weighed on the ringgit and other regional currencies.
At the close, the ringgit was mostly lower against a basket of major currencies, except the Japanese yen.
At 6pm, the local note weakened to 4.2120/4.2170 against the greenback from Tuesday’s close of 4.1985/4.2000.
It strengthened to 2.8400/2.8436 against the Japanese yen from 2.8441/2.8453, but eased to 5.6761/5.6828 versus the British pound from 5.6701/5.6721 and slipped to 4.9567/4.9626 against the euro from 4.9546/4.9564 previously.
The local note was mixed against Asean currencies.
It appreciated to 13.1572/13.1781 against the Thai baht from 13.1900/13.2001, but weakened to 3.2743/3.2784 versus the Singapore dollar from 3.2724/3.2738, and declined to 252.4/252.8 against the Indonesian rupiah from 251.5/251.8.
It was flat against the Philippine peso at 7.33/7.34 compared with 7.33/7.33 yesterday.
Stay current - Follow FMT on WhatsApp, Google news and Telegram
Subscribe to our newsletter and get news delivered to your mailbox.
Registration on or use of this site constitutes acceptance of our Terms of Service, Privacy Policy and Cookies Policy.
Copyright © 2009 -2025FMT Media Sdn Bhd (1235453-U) All Rights Reserved. A part of Media Prima Group."
https://www.freemalaysiatoday.com/category/business/2025/09/24/ringgit-opens-slightly-higher-as-dollar-slips-on-softer-us-data,Ringgit opens slightly higher as dollar slips on softer US data,2025-09-24,"At 8am, the local note rose to 4.1960/4.2020 against the greenback from Tuesday’s close of 4.1985/4.2000.
Bank Muamalat Malaysia Bhd chief economist Afzanizam Rashid said flash US Composite Purchasing Managers’ Index (PMI) data fell to 53.6 in September from 54.5 in the previous month.
“The survey indicated that US firms are facing rising costs from higher import tariffs, while weak demand is limiting their ability to pass on the costs to consumers.
“Owing to the mixed signals, the US Dollar Index (DXY) fell 0.12% to 97.225,” he noted.
Afzanizam added that US Federal Reserve (Fed) chairman Jerome Powell suggested there are no risk-free paths in meeting the Fed’s dual mandate of maximum employment and price stability.
“His remarks suggest the Fed may not be inclined to cut interest rates aggressively. On that note, the ringgit is expected to remain in a tight range, with the ringgit–US dollar likely to oscillate around RM4.19 to RM4.21,” he said.
Meanwhile, SPI Asset Management managing director Stephen Innes said the market looks set for consolidation rather than fresh momentum, with traders waiting for stronger catalysts later in the week.
“Traders’ focus has already shifted to next week’s Non-Farm Payrolls (NFP) report, which will likely reinforce current market expectations for rate cuts, a US dollar-negative factor,” Innes said.
At the opening, the ringgit was mostly lower against a basket of major currencies.
It rose to 2.8438/2.8480 against the Japanese yen from 2.8441/2.8453 at Tuesday’s close, but eased to 5.6743/5.6824 versus the British pound from 5.6701/5.6721 and inched down to 4.9572/4.9642 against the euro from 4.9546/4.9564.
However, the local note was firmer against Asean currencies.
It advanced to 3.2697/3.2746 versus the Singapore dollar from 3.2724/3.2738, appreciated to 13.1577/13.1836 against the Thai baht from 13.1900/13.2001, strengthened to 251.4/251.9 against the Indonesian rupiah from 251.5/251.8, and edged up to 7.32/7.34 against the Philippine peso from 7.33/7.33.
Stay current - Follow FMT on WhatsApp, Google news and Telegram
Subscribe to our newsletter and get news delivered to your mailbox.
Registration on or use of this site constitutes acceptance of our Terms of Service, Privacy Policy and Cookies Policy.
Copyright © 2009 -2025FMT Media Sdn Bhd (1235453-U) All Rights Reserved. A part of Media Prima Group."
https://www.freemalaysiatoday.com/category/business/2025/09/25/bursa-opens-slightly-lower-tracking-wall-street-retreat,Bursa opens slightly lower tracking Wall Street retreat,2025-09-25,"At 9.05am, the FTSE Bursa Malaysia KLCI (FBM KLCI) slid 2.01 points to 1,597.65 from yesterday’s close of 1,599.66.
The benchmark index had opened slightly lower at 1,599.57.
Market breadth was negative, with losers outpacing gainers 147 to 135. Meanwhile, 272 counters were unchanged, 2,109 untraded, and 18 suspended.
Turnover stood at 147.36 million units worth RM55.86 million.
In a research note, Malacca Securities Sdn Bhd said it is positive about HE Group Bhd given its recent contract wins, marking its entry into the data centre segment. It also believes the stock to be trading at attractive prices versus its peers.
“Moreover, with a sizeable order book, rising demand in substation services and undemanding valuation, we believe traders should focus on CBH Engineering Holding Bhd.
“Anyway, following the developments in Solarvest Holdings Bhd and the recent rollout of fifth large-scale solar (LSS5) packages, we foresee buying interest could sustain in renewable energy counters like Kawan Renergy Bhd and Northern Solar Holdings Bhd,” it said.
Among the heavyweights, Public Bank shed one sen to RM4.29, CIMB Group fell three sen to RM7.26, Tenaga Nasional and Maybank were down two sen each to RM13.26 and RM9.81 respectively, while IHH Healthcare was unchanged at RM7.36.
In active trade, NexG Bina added one sen to 10 sen, TWL Holdings and NexG both inched up half-a-sen to three sen and 52 sen, respectively. XOX Technology and Malayan United Industries were flat at 7.5 sen and 6.5 sen, respectively.
Top losers included Petronas Dagangan, down 24 sen to RM22.06; Eurospan Holdings, 11 sen to RM2.44; Press Metal Aluminium Holdings, five sen to RM5.79; Unisem (M), five sen to RM2.79; and Manulife Holdings, five sen to RM2.08.
Top gainers were Malaysian Pacific Industries, up 34 sen to RM30.10; KSL Holdings, 11 sen to RM3.42; Hong Leong Financial Group, eight sen to RM16.90; Hong Leong Bank, six sen to RM20.20 and KUB Malaysia, four sen to 81.5 sen.
On the broader market, the FBM Emas Index fell 9.97 points to 11,931.98, the FBM 100 Index lost 11.52 points to 11,664.73, the FBM Emas Shariah Index slipped 0.19 of-a-point to 11,986.40, the FBM 70 Index dropped 3.08 points to 16,862.54, while the FBM ACE Index rose 1.25 points to 5,064.01.
By sector, the Industrial Products and Services Index edged down 0.68 of-a-point to 170.78, the Financial Services Index dipped 20.92 points to 18,061.67, while the Plantation Index soared 14.08 points to 7,728.31, and the Energy Index gained 2.03 points to 770.78.
Stay current - Follow FMT on WhatsApp, Google news and Telegram
Subscribe to our newsletter and get news delivered to your mailbox.
Registration on or use of this site constitutes acceptance of our Terms of Service, Privacy Policy and Cookies Policy.
Copyright © 2009 -2025FMT Media Sdn Bhd (1235453-U) All Rights Reserved. A part of Media Prima Group."
https://www.freemalaysiatoday.com/category/business/2025/09/25/fbm-klci-ends-slightly-lower-as-focus-shifts-to-small-cap-stocks,FBM KLCI ends slightly lower as focus shifts to small-cap stocks,2025-09-25,"Rakuten Trade vice-president Thong Pak Leng noted that key regional indices also traded cautiously, weighed down by overnight losses in US equities as investors await upcoming economic data that could set the tone for the Federal Reserve’s (Fed) monetary policy direction.
“Fed chair Jerome Powell had struck a cautious tone about further rate cuts, after the central bank delivered the first easing this year just the previous week,” he told Bernama.
Thong said he is still positive on the local market as the underlying sentiment remains resilient.
“The index just needs a stronger catalyst or external boost to regain momentum and attract more active participation from investors.
“Sustaining levels above 1,600 will be crucial in maintaining confidence, and with the right drivers, the market could be well-positioned to extend its upward path in the near term. Hence, we anticipate the FBM KLCI to trend within the range of 1,595-1,610 towards the weekend,” he added.
At 5pm, the FBM KLCI eased 1.19 points to close at 1,598.47, compared with yesterday’s close of 1,599.66. The benchmark index opened lower at 1,599.57 and moved between 1,595.04 and 1,600.89 throughout the day.
Nevertheless, the market breadth was positive with 588 gainers versus 472 decliners, while 504 counters were unchanged, 1,099 untraded, and 18 suspended.
Turnover dropped to 3.55 billion units worth RM2.77 billion from 3.62 billion units worth RM2.8 billion yesterday.
Among the heavyweight counters, CIMB Group and YTL Corp shed five sen each to RM7.24 and RM2.67 respectively, while Maybank inched down four sen to RM9.79. Public Bank dropped two sen to RM4.28, and Press Metal Aluminium Holdings was flat at RM5.84.
In active trade, NexG Bina added one sen to 10 sen, Tanco Holdings rose 0.5 sen to 89 sen, and Bumi Armada gained 1.5 sen to 36 sen. VS Industry went down three sen to 59 sen, and Zetrix AI weakened 0.5 sen to 85.5 sen.
Dutch Lady Milk Industries led the top decliners, going down 24 sen to RM27.06, while Allianz Malaysia lost 22 sen to RM18.50 and Petronas Dagangan erased 18 sen to RM22.12. Malaysian Pacific Industries dipped 16 sen to RM29.60, and LPI Capital lost 14 sen to RM14.10.
Among the top gainers were Malayan Cement, which went up 23 sen to RM6.73, while Kuala Lumpur Kepong gained 22 sen to RM20.26 and Farm Fresh added 24 sen to RM2.41. Ajinamoto jumped 18 sen to RM13.82, and Heitech Padu rallied 18 sen to RM1.95.
On the broader market, the FBM Emas Index trimmed 1.53 points to 11,940.42, the FBM 100 Index reduced 7.93 points to 11,668.33, and the FBM 70 Index slipped 8.14 points to 16,857.48.
The FBM Emas Shariah Index climbed 30.96 points to 12,017.56, and the FBM ACE Index added 88.50 points to 5,151.26.
By sector, the industrial products and services index edged up 0.62 of-a-point to 172.08, the plantation index rose 43.58 points to 7,757.81, and the energy index gained 11.16 points to 779.91. The financial services index fell 51.39 points to 18,031.20.
The Main Market volume advanced to 1.92 billion units, valued at RM2.39 billion, from 1.91 billion units valued at RM2.45 billion yesterday.
Warrants turnover slipped to 913.14 million units, valued at RM139.76 million, from 1.12 billion units valued at RM163.18 million previously.
The ACE Market volume strengthened to 713.16 million shares worth RM227.36 million, from 574.71 million shares worth RM184.69 million on Wednesday.
Consumer products and services counters accounted for 395.54 million shares traded on the Main Market, industrial products and services (381.03 million), construction (134.01 million), technology (238.59 million), financial services (80.87 million), property (237.17 million), plantation (29.67 million), REITs (22.83 million), closed/fund (1.18 million), energy (172.76 million), healthcare (106.58 million), telecommunications and media (30.3 million), transportation and logistics (38.68 million), utilities (47.2 million), and business trusts (29,500).
Stay current - Follow FMT on WhatsApp, Google news and Telegram
Subscribe to our newsletter and get news delivered to your mailbox.
Registration on or use of this site constitutes acceptance of our Terms of Service, Privacy Policy and Cookies Policy.
Copyright © 2009 -2025FMT Media Sdn Bhd (1235453-U) All Rights Reserved. A part of Media Prima Group."
https://www.freemalaysiatoday.com/category/business/2025/09/25/ringgit-holds-steady-after-china-moves-to-curb-yuan-rally,Ringgit holds steady after China moves to curb yuan rally,2025-09-25,"At 8am, the local note remained unchanged at 4.2120/2170.
SPI Asset Management managing director Stephen Innes said the market took another hit after the PBOC set the Chinese yuan’s daily reference rate weaker than anticipated, which is a deliberate move to curb the recent rally in the Chinese currency.
“The move caught many regional players off guard, adding downside momentum on the ringgit. With positioning heavily skewed toward short US dollar trades, the near-term outlook remains fragile, though any sharp moves are likely to be limited over the next 24 hours,” he added.
Innes said investors are now turning their focus to upcoming US data, with Friday’s personal consumption expenditure (PCE) inflation print and next week’s non-farm payrolls (NFP) to gauge whether the US Federal Reserve (Fed) will take cautionary action with its policy.
“Until then, the ringgit is likely to remain under pressure, reflecting the Fed’s pushback on dovish economic outlooks and a softer regional markets backdrop,” he said.
Meanwhile, Bank Muamalat Malaysia Bhd chief economist Afzanizam Rashid said the US Dollar Index (DXY) continues to remain elevated, rising 0.43% to 97.687 points as the Fed is seen to be cautious about reducing the Fed fund rates.
“At the same time, data on the US housing market for new home sales jumped to 800,000 units during August, exceeding the consensus forecast of 650,000 and July’s figure of 652,000.
“As such, the ringgit is likely to remain soft in the near term, hovering around RM4.21 and RM4.23,” Afzanizam said.
At the opening, the ringgit was higher against a basket of major currencies.
It rose to 2.8310/2.8346 against the Japanese yen from 2.8400/2.8436 at Wednesday’s close, but eased to 5.6647/5.6714 versus the British pound from 5.6761/5.6828 and inched down to 4.9453/4.9512 against the euro from 4.9567/4.9626.
However, the local note was mixed against Asean currencies.
It advanced to 3.2687/3.2731 versus the Singapore dollar from 3.2724/3.2738 and appreciated to 13.1109/13.1334 against the Thai baht from 13.1572/13.1781.
It remained unchanged against the Indonesian rupiah and the Philippine peso at 252.4/252.8 and 7.33/7.34, respectively.
Stay current - Follow FMT on WhatsApp, Google news and Telegram
Subscribe to our newsletter and get news delivered to your mailbox.
Registration on or use of this site constitutes acceptance of our Terms of Service, Privacy Policy and Cookies Policy.
Copyright © 2009 -2025FMT Media Sdn Bhd (1235453-U) All Rights Reserved. A part of Media Prima Group."
https://www.freemalaysiatoday.com/category/business/2025/09/25/ringgit-rises-against-major-currencies-ahead-of-us-pce-data,Ringgit rises against major currencies ahead of US PCE data,2025-09-25,"The PCE price index measures the prices paid by American consumers for goods and services and is the US Federal Reserve’s (Fed) preferred gauge of inflation.
However, Bank Muamalat Malaysia Bhd chief economist Afzanizam Abdul Rashid said the market remains cautious as persistent US inflation concerns would continue to justify the Fed’s restrictive monetary stance.
“The cautious tone adopted by the Fed chairman signalled that the US central bank is unlikely to ease its monetary policy aggressively,” he told Bernama.
Hence, he said the ringgit traded within a narrow range against the US dollar today, oscillating between RM4.2050 and RM4.2170.
At 6pm, the local note climbed to 4.2085/4.2120 against the greenback from Wednesday’s close of 4.2120/4.2170.
At the close, the ringgit traded higher against a basket of major currencies.
It strengthened against the Japanese yen to 2.8283/2.8308 from 2.8400/2.8436, gained against the British pound to 5.6600/5.6647 from 5.6761/5.6828, and bounced against the euro to 4.9429/4.9470 from 4.9567/4.9626 previously.
The local note was also higher against Asean currencies.
It appreciated against the Thai baht to 13.0959/13.1133 from 13.1572/13.1781, improved versus the Singapore dollar to 3.2662/3.2692 from 3.2743/3.2784, and climbed against the Indonesian rupiah to 251.2/251.5 from 252.4/252.8. It jumped against the Philippine peso to 7.24/7.25 compared with 7.33/7.34 yesterday.
Stay current - Follow FMT on WhatsApp, Google news and Telegram
Subscribe to our newsletter and get news delivered to your mailbox.
Registration on or use of this site constitutes acceptance of our Terms of Service, Privacy Policy and Cookies Policy.
Copyright © 2009 -2025FMT Media Sdn Bhd (1235453-U) All Rights Reserved. A part of Media Prima Group."
https://www.freemalaysiatoday.com/category/business/2025/09/26/bursa-ends-week-strongly-on-bargain-hunting,Bursa ends week strongly on bargain hunting,2025-09-26,"At 5pm, the FBM KLCI rose 10.58 points to close at 1,609.05, compared with yesterday’s close of 1,598.47.
The benchmark index opened lower at 1,597.01 and moved between 1,595.32 and 1,611.32 throughout the day.
The market breadth was positive with 575 gainers outpacing 559 decliners, while 469 counters were unchanged, 1,047 untraded, and 48 suspended.
Turnover expanded to 4.16 billion units worth RM3.17 billion from 3.55 billion units worth RM2.77 billion yesterday.
Rakuten Trade Sdn Bhd vice-president of equity research Thong Pak Leng said the local bourse was steady, buoyed by improving market volume and strong buying from local institutions, despite negative performances among regional peers.
Other regional bourses slipped after US president Donald Trump revealed additional tariffs targeting furniture, heavy trucks, and pharmaceuticals, with all branded or patented drugs facing 100% levies unless manufactured in the US.
“Reclaiming the 1,600 level is a positive milestone for the benchmark index, reinforcing its ability to withstand recent challenges. This psychologically significant threshold suggests that buyers are stepping back in, laying the groundwork for stronger market sentiment,” he noted.
Among the heavyweight counters, Maybank added 10 sen to RM9.89, Public Bank gained six sen to RM4.34, and Tenaga Nasional increased 14 sen to RM13.34. IHH Healthcare bounced 13 sen to RM7.50, and CIMB Group added one sen to RM7.25.
In active trade, Zetrix AI, Tanco Holdings, and VS Industry edged up one sen each to 86.5 sen, 90 sen, and 60 sen, respectively. Bumi Armada climbed half a sen to 36.5 sen, while Pharmaniaga slid 1.5 sen to 26.5 sen.
Country View led the top gainers, jumping 23 sen to RM2.78, while Malayan Cement was 42 sen higher at RM7.15, and Dutch Lady Milk Industries bagged 22 sen to RM27.28. Petronas Dagangan gained 30 sen to RM22.42, and Ajinomoto added 20 sen to RM14.02.
Top losers Malaysian Pacific shed 30 sen to RM29.30, Nestle fell 56 sen to RM96.04, and Sunway Construction Group dropped 14 sen to RM5.99. PPB Group dropped 20 sen to RM10.12, and Farm Fresh slipped 14 sen to RM2.27.
On the broader market, the FBM Emas Index rose 53.02 points to 11,993.44, the FBM 100 Index bounced 56.71 points to 11,725.04, and the FBM Emas Shariah Index gained 30.91 points to 12,048.47.
The FBM ACE Index added 49.20 points to 5,200.46, while the FBM 70 Index fell 7.13 points to 16,850.35.
Sector-wise, the industrial products and services index edged up 1.68 points to 173.76, the financial services index ballooned 125.64 points to 18,156.84, and the energy index gained 2.61 points to 782.52. The plantation index added 4.84 points to 7,762.65.
The Main Market volume expanded to 1.97 billion units, valued at RM2.72 billion, from 1.92 billion units valued at RM2.39 billion yesterday.
Warrants turnover advanced to 1.44 billion units, valued at RM208.70 million, from 913.14 million units valued at RM139.76 million previously.
The ACE Market volume strengthened to 737.39 million shares worth RM230.36 million, from 713.16 million shares worth RM227.36 million on Thursday.
Consumer products and services counters accounted for 399.61 million shares traded on the Main Market, industrial products and services (378.01 million), construction (141.29 million), technology (246.96 million), financial services (91.27 million), property (192.84 million), plantation (25.31 million), REITs (30.47 million), closed/fund (306,500), energy (219.29 million), healthcare (130.75 million), telecommunications and media (29.55 million), transportation and logistics (44.85 million), utilities (47.08 million), and business trusts (425,700).
Stay current - Follow FMT on WhatsApp, Google news and Telegram
Subscribe to our newsletter and get news delivered to your mailbox.
Registration on or use of this site constitutes acceptance of our Terms of Service, Privacy Policy and Cookies Policy.
Copyright © 2009 -2025FMT Media Sdn Bhd (1235453-U) All Rights Reserved. A part of Media Prima Group."
https://www.freemalaysiatoday.com/category/business/2025/09/26/bursa-malaysia-starts-lower-tracking-wall-street-decline,"Bursa Malaysia starts lower, tracking Wall Street decline",2025-09-26,"At 9.05am, the FTSE Bursa Malaysia KLCI (FBM KLCI) slid 2.28 points to 1,596.19 from yesterday’s close of 1,598.47.
The benchmark index had opened slightly lower at 1,597.01.
Market breadth was negative, with losers outpacing gainers 198 to 108. Meanwhile, 272 counters were unchanged, 2,650 untraded, and 48 suspended.
The US economy grew at a robust 3.8% in the second quarter, according to the final revision of GDP data for April to June.
In a research note, Malacca Securities Sdn Bhd said bargain-hunting activity is expected in selected sectors such as utilities, supported by the ongoing National Energy Transition Roadmap and Tenaga Nasional’s power grid upgrades, while the technology sector has been on a recovery trend after a long consolidation.
“We continue to favour Itmax System Bhd, as its recent contract wins strengthened its recurring income base, offering robust earnings visibility over the next 15-20 years.
“Besides, He Group Bhd has seen follow-through buying interest after the flag breakout, and should observe a higher trading range in the near term,” it said.
Among the heavyweights, PPB Group shed 32 sen to RM10, CIMB Group fell four sen to RM7.20, Gamuda slid 5 sen to RM5.62, while Maybank and IHH Healthcare added 1 sen each to RM9.80 and RM7.38 respectively, and Tenaga Nasional edged up 2 sen to RM13.22.
In active trade, NexG Bina and NexG both eased 0.5 sen to 9.5 sen and 51 sen, while Pegasus Heights and ICT Zone Asia were unchanged at 0.5 sen and 21 sen, respectively.
Top losers included Nestle, down 4 sen to RM96.20, Kuala Lumpur Kepong fell 18 sen to RM20.08, Batu Kawan dropped 16 sen to RM18.76, Ireka Corp slipped 11.5 sen to 0.5 sen, and UMS Holdings reduced 11 sen to RM1.88.
Top gainers were UMS Integration, up 27 sen to RM4.98, LPI Capital was higher 14 sen to RM14.24, Petronas Gas bagged 12 sen to RM18.56, Petronas Dagangan recouped 8 sen to RM22.20 and IGB climbed 8 sen to RM3.30.
On the broader market, the FBM Emas Index fell 18.42 points to 11,922.00, the FBM 100 Index lost 18.85 points to 11,649.48, the FBM Emas Shariah Index slipped 19.54 points to 11,998.02, the FBM 70 Index dropped 36.71 points to 16,820.77, and the FBM ACE Index eased 2.08 points to 5,149.18.
By sector, the Industrial Products and Services Index edged down 0.33 of-a-point to 171.75, the Financial Services Index dipped 14.85 points to 18,016.35, the Plantation Index trimmed 8.78 points to 7,749.03, while the Energy Index gained 1.79 points to 781.70.
Stay current - Follow FMT on WhatsApp, Google news and Telegram
Subscribe to our newsletter and get news delivered to your mailbox.
Registration on or use of this site constitutes acceptance of our Terms of Service, Privacy Policy and Cookies Policy.
Copyright © 2009 -2025FMT Media Sdn Bhd (1235453-U) All Rights Reserved. A part of Media Prima Group."
https://www.freemalaysiatoday.com/category/business/2025/09/26/ringgit-eases-versus-greenback-on-firm-us-economic-data,Ringgit eases versus greenback on firm US economic data,2025-09-26,"At 8.05am, the local note depreciated to 4.2200/4.2300 against the US dollar from yesterday’s close at 4.2085/4.2120.
SPI Asset Management managing director Stephen Innes said a sharp drop in US weekly jobless claims to the lowest level since 2022 had helped ease fears of a meaningful labour market downturn.
“The positive performance was further supported by a stronger-than-expected revision to second-quarter gross domestic product (GDP), which showed the fastest growth pace in nearly two years,” he told Bernama.
Innes said together those data points undercut concerns that President Donald Trump’s trade and tariff policies would derail the US economy and instead reinforced the view that the country remains on solid footing.
“Against this backdrop, the ringgit will likely face renewed selling pressure, with sentiment toward broader emerging markets leaning defensive until there is a clearer read on US inflation and US Federal Reserve policy into October,” said Innes.
Meanwhile, Bank Muamalat Malaysia Bhd chief economist Afzanizam Rashid expects the ringgit to trade within a narrow range of RM4.21 to RM4.22 today.
He said the US Dollar Index (DXY) continued to strengthen, with final estimates for the second-quarter US GDP revised upwards to 3.8% compared with the previous estimate of 3.3%.
At the opening, the ringgit was higher against a basket of major currencies.
It rose to 2.8146/2.8215 against the Japanese yen from 2.8283/2.8308 at Thursday’s close, edged up to 4.9197/4.9313 versus the euro from 4.9429/4.9470, and firmed to 5.6257/5.6390 vis-a-vis the British pound from 5.6600/5.6647.
The local note was mixed against ASEAN currencies.
It advanced to 3.2589/3.2669 versus the Singapore dollar from 3.2662/3.2692 and appreciated to 13.0897/13.1285 against the Thai baht from 13.0959/13.1133.
However, it slipped against the Philippine peso to 7.26/7.28 from yesterday’s close of 7.24/7.25 and was little changed at 251.9/252.6 against the Indonesian rupiah from 251.2/251.5 previously.
Stay current - Follow FMT on WhatsApp, Google news and Telegram
Subscribe to our newsletter and get news delivered to your mailbox.
Registration on or use of this site constitutes acceptance of our Terms of Service, Privacy Policy and Cookies Policy.
Copyright © 2009 -2025FMT Media Sdn Bhd (1235453-U) All Rights Reserved. A part of Media Prima Group."
https://www.freemalaysiatoday.com/category/business/2025/09/26/ringgit-ends-lower-against-dollar-as-trump-ramps-up-trade-war,Ringgit ends lower against dollar as Trump ramps up trade war,2025-09-26,"At 6pm, the local note fell to 4.2200/4.2250 against the greenback compared with Thursday’s close of 4.2085/4.2120.
Bank Muamalat Malaysia Bhd chief economist Afzanizam Rashid said traders remained cautious due to the lack of clear guidance from the US Federal Reserve (Fed) on interest rates.
Trump has announced, in addition to the broad reciprocal tariffs already imposed globally, new duties on specific products, including drugs, heavy trucks, and furniture, that will take effect from Oct 1.
“Erratic policy statements from Trump have further clouded the outlook, making it difficult for investors to form firm opinions and trading positions,”Afzanizam noted.
He added that the local note hovered in a tight range today, trading between RM4.2193 and RM4.2288 against the greenback.
Also in focus today is the release of the US personal consumption expenditures (PCE) inflation data later tonight, the Fed’s preferred gauge of inflation.
At the close, the ringgit traded higher against a basket of major currencies.
It strengthened against the Japanese yen to 2.8171/2.8206 from 2.8283/2.8308, bounced against the British pound to 5.6345/5.6412 from 5.6600/5.6647, and gained against the euro to 4.9281/4.9340 from 4.9429/4.9470 yesterday.
The local currency was traded mixed against Asean currencies.
It appreciated against the Thai baht to 13.0587/13.1069 from 13.0959/13.1133, and improved slightly versus the Singapore dollar to 3.2630/3.2671 from 3.2662/3.2692 previously.
However, it slipped against the Indonesian rupiah to 252.1/252.5 from 251.2/251.5, and eased against the Philippine peso to 7.25/7.27 compared with 7.24/7.25 yesterday.
Stay current - Follow FMT on WhatsApp, Google news and Telegram
Subscribe to our newsletter and get news delivered to your mailbox.
Registration on or use of this site constitutes acceptance of our Terms of Service, Privacy Policy and Cookies Policy.
Copyright © 2009 -2025FMT Media Sdn Bhd (1235453-U) All Rights Reserved. A part of Media Prima Group."
https://www.freemalaysiatoday.com/category/business/2025/09/29/bursa-closes-marginally-higher-amid-positive-regional-sentiment,Bursa closes marginally higher amid positive regional sentiment,2025-09-29,"Rakuten Trade Sdn Bhd vice-president of equity research Thong Pak Leng noted that key regional indices ended higher with strong buying seen in electric vehicle and technology stocks.
On the local front, he said the market had been showing healthier signs of participation, suggesting sentiment is slowly turning more upbeat.
Despite remaining in consolidation mode, the benchmark index appears to be building strength, underpinned by improving confidence.
“If this momentum continues, it could pave the way for an advance toward 1,620 points, reinforcing the cautiously optimistic outlook.
“Hence, we anticipate the FTSE Bursa Malaysia KLCI (FBM KLCI) to trend within the range of 1,590-1,620 for the week,” Thong told Bernama.
At 5pm, the FBM KLCI added 1.90 points to end at 1,610.95, compared with last Friday’s close of 1,609.05.
The benchmark index opened 0.70 of a point higher at 1,609.75, and moved between 1,606.76 and 1,613.53 throughout the day.
The market breadth was, however, negative with decliners outnumbering gainers 645 to 459, while 487 counters were unchanged, 1,057 untraded, and 124 suspended.
Turnover narrowed to 3.77 billion units worth RM2.47 billion, from 4.16 billion units worth RM3.17 billion on Friday.
Among the heavyweight stocks, CIMB bounced 12 sen to RM7.37, Axiata rallied 7 sen to RM2.67 and Mr DIY rose 5 sen to RM1.67.
CelcomDigi gained 4 sen to RM3.70 and IHH Healthcare added 10 sen to RM7.55.
In active trade, EA Holdings, MTouche and NexG were flat at 0.5 sen, 6.5 sen and 9.5 sen, respectively.
Pharmaniaga added 2 sen to 28.5 sen, Tanco dropped 2 sen to 88 sen and Velesto shaved 0.5 sen to 24 sen. CBH Engineering gained 3 sen to 47 sen.
Top gainers Nestle hiked RM1.06 to RM97.10; Plenitude soared 36 sen to RM2.22; Bintulu Port rose 35 sen to RM5.85; Country View grew 22 sen to RM3; and Hong Leong Finance Group gained 18 sen to RM17.10.
Among the top losers, Batu Kawan shed 24 sen to RM18.80; Malayan Cement lost 20 sen to RM6.95; Petronas Chemicals fell 20 sen to RM4.35; and MPI slid 20 sen to RM29.10.
Kelington Group trimmed 13 sen to RM5.48, and PPB Group dropped 12 sen to RM5.48.
On the broader market, the FBM Emas Index shed five points to 11,988.44, the FBMT 100 Index trimmed 1.08 points to 11,723.96, and the FBM Emas Shariah Index lost 38.83 points to 12,009.64.
The FBM 70 Index fell 66.50 points to 16,783.85, and the FBM ACE Index dropped 10.60 points to 5,189.86.
By sector, the industrial products and services index slid 2.01 points to 171.75 and the energy index fell 4.26 points to 778.26, but the financial services index leapt 107.04 points to 18,263.88. The plantation index grew 8.92 points to 7,771.57.
The Main Market volume shrank to 1.68 billion units worth RM2.08 billion, from 1.97 billion units valued at RM2.72 billion on Friday.
Warrants turnover dropped to 1.26 billion units valued at RM191.47 million, from 1.44 billion units worth RM208.70 million previously.
The ACE Market volume strengthened to 815.25 million shares worth RM195.92 million, from 737.39 million shares worth RM230.36 million on Friday.
Consumer products and services counters accounted for 393.77 million shares traded on the Main Market, industrial products and services (279.58 million), construction (105.61 million), technology (189.67 million), financial services (68.73 million), property (172.89 million), plantation (21.16 million), REITs (27.46 million), closed/fund (423,500), energy (140.84 million), healthcare (146.11 million), telecommunications and media (36.53 million), transportation and logistics (50.60 million), utilities (54.73 million), and business trusts (748,900).
Stay current - Follow FMT on WhatsApp, Google news and Telegram
Subscribe to our newsletter and get news delivered to your mailbox.
Registration on or use of this site constitutes acceptance of our Terms of Service, Privacy Policy and Cookies Policy.
Copyright © 2009 -2025FMT Media Sdn Bhd (1235453-U) All Rights Reserved. A part of Media Prima Group."
https://www.freemalaysiatoday.com/category/business/2025/09/29/bursa-opens-higher-tracking-wall-street,"Bursa opens higher, tracking Wall Street",2025-09-29,"At 9.05am, the FTSE Bursa Malaysia KLCI (FBM KLCI) ticked up 2.56 points to 1,611.61, from last Friday’s close of 1,609.50.
The benchmark index was 0.70 of-a-point higher at 1,609.75 at the opening.
Market breadth was positive, with gainers outnumbering losers 206 to 123, while 316 counters were unchanged, 2,003 untraded, and 124 suspended.
Turnover stood at 247.78 million units worth RM66.90 million.
Rakuten Trade vice-president Thong Pak Leng said that sentiment on Wall Street was boosted by the latest personal consumption expenditure (PCE) price index, which came in within expectations, ensuring that the US Federal Reserve (Fed) would stick to its easing policy.
Meanwhile, the US 10-year Treasury yield inched higher at 4.174%.
In Hong Kong, the Hang Seng Index (HSI) continued to slide to just above the 26,000 level as traders became wary of its valuations amid the latest bouts of US President Donald Trump’s tariffs.
On the home front, he said the FBM KLCI surprisingly closed on a strong note due to late buying activities.
“We believe buying activities should persist as more foreign funds are looking for value propositions. We thus expect the index to trend within the 1,605-1,615 range today.
“Gold price has hit another record high and is ready to test US$3,800 per ounce,” said Thong.
Among heavyweights, Petronas Gas was 28 sen better at RM18.78, IHH Healthcare gained 11 sen to RM7.56, SD Guthrie rose seven sen to RM5.31, Maybank added four sen to RM9.93 and Public Bank increased two sen to RM4.36.
In active trade, EA Holdings and TWL were flat each at half-a-sen and 2.5 sen, respectively. MTouche Technology and Luster Industries strengthened by a sen each to 7.5 sen and 5.5 sen, respectively, and SNS Network Technology was 1.5 sen firmer at 68.5 sen.
Top gainers were Nestle, which perked up 94 sen to RM96.98; F&N, 30 sen to RM27.50; KESM Industries, 28 sen to RM18.78; followed by Petronas Gas; and Malaysian Pacific Industries, 24 sen to RM29.54.
Top losers were Pentamaster, down eight sen to RM3.72; Allianz, six sen to RM18.32; Kerjaya Prospek, six sen to RM2.41; PPB Group four sen to RM10.08; and Visdynamic, four sen to 22 sen.
On the broader market, the FBM Emas Index added 23.76 points to 12,017.20, the FBMT 100 Index gained 22.95 points to 11,747.99, the FBM Emas Shariah Index increased 15.00 points to 12,063.47, the FBM 70 Index climbed 51.58 points to 16,901.93, and the FBM ACE Index advanced 4.95 points to 5,205.41.
By sector, the Industrial Products and Services Index edged up 0.13 of-a-point to 173.89, the Energy Index gained 2.40 points to 784.92, the Financial Services Index ticked up 57.64 points to 18,241.48, and the Plantation Index appreciated by 37.66 points to 7,800.31.
Stay current - Follow FMT on WhatsApp, Google news and Telegram
Subscribe to our newsletter and get news delivered to your mailbox.
Registration on or use of this site constitutes acceptance of our Terms of Service, Privacy Policy and Cookies Policy.
Copyright © 2009 -2025FMT Media Sdn Bhd (1235453-U) All Rights Reserved. A part of Media Prima Group."
https://www.freemalaysiatoday.com/category/business/2025/09/29/foreign-investors-turn-net-sellers-in-asia-with-us2-3bil-outflows,Foreign investors turn net sellers in Asia with US$2.3bil outflows,2025-09-29,"MBSB Investment Bank Bhd’s fund flow report for the week ended Sept 26, 2025, reported that only Indonesia and the Philippines recorded net foreign inflows; the rest of the region saw net selling, with Taiwan registering the largest outflow of US$1.16 billion (RM4.89 billion), ending its three-week streak of net foreign purchases.
“This came as Taiwan’s unemployment rate rose in August 2025 for the third straight month as more first-time job seekers entered the labour market during graduation season,” the report said, citing the Directorate General of Budget, Accounting and Statistics (DGBAS) on Monday, Sept 22.
Meanwhile, MBSB IB said India ended its two-week streak of net inflows, turning net sellers with an outflow of US$1.08 billion (RM4.55 billion) despite industrial output growing at its fastest pace in four months in July 2025, driven by manufacturing activity.
Vietnam extended its losing streak to 10 consecutive weeks, posting an outflow of US$201.6 million (RM 849.04 million) last week after the US announced new import tariffs on Thursday.
South Korea also turned net sellers, reversing a three-week buying streak with an outflow of US$114.4 million (RM481.80 million) as its August producer prices fell for the first time in three months, due to a sharp decline in mobile phone charges following discounts offered by a major carrier after a data breach, central bank data showed on Tuesday, Sept 23.
“Thailand saw a third straight week of net selling, with an outflow of US$42.8 million (RM180.25 million), while Indonesia extended its two-week streak of net foreign inflows, recording the highest foreign purchases among tracked markets, with inflows of US$306.7 million (RM1.29 billion),” MBSB IB said.
This followed the conclusion of Indonesia-EU Comprehensive Economic Partnership Agreement (CEPA) negotiations on Sept 23, which removed tariffs on nearly all goods amid Trump’s trade war.
The Philippines also posted its second consecutive week of net foreign purchases, with inflows of US$111.1 million (RM467.90 million), 17.6 times higher than the modest inflow of US$6.3 million (RM 26.53 million) the week before.
On the domestic front, the investment bank said foreign investors turned net sellers last week, ending a two-week consecutive streak of purchases, posting a net outflow of RM451.5 million.
“Foreign investors were net sellers on all trading days, with daily outflows ranging from (–RM17.2 million to – RM223.5 million).
“The largest outflow occurred on Thursday, followed by Tuesday (-RM101.6 million), Wednesday (-RM67.4 million) and Friday (-RM41.8 million).
The smallest outflow was recorded on Monday at (–RM17.2 million),” it said.
The top three sectors that recorded net foreign inflows last week were consumer products and services (RM127 million), plantation (RM61.2 million) and energy (RM49.4 million).
The top three sectors that recorded net foreign outflows were financial services (-RM241.1 million), utilities (-RM177.7 million), and healthcare (-RM137.2 million).
The report also said local institutions reverted to net buying activities, ending a two-week consecutive net selling streak and registered a net inflow of RM696 million.
Local retailers extended a three-week consecutive net selling streak, with a net outflow of -RM244.6 million.
The average daily trading volume experienced a broad-based incline last week. Local retailers and local institutions recorded increases of 2.8% and 1.6%, respectively, while foreign investors saw a 39.7% decrease.
Stay current - Follow FMT on WhatsApp, Google news and Telegram
Subscribe to our newsletter and get news delivered to your mailbox.
Registration on or use of this site constitutes acceptance of our Terms of Service, Privacy Policy and Cookies Policy.
Copyright © 2009 -2025FMT Media Sdn Bhd (1235453-U) All Rights Reserved. A part of Media Prima Group."
https://www.freemalaysiatoday.com/category/business/2025/09/29/maybank-appoints-yasin-as-maybank-islamic-bhd-ceo,Yasin Abdullah appointed Maybank Islamic CEO,2025-09-29,"In a statement today, Maybank said Yasin will be responsible for leading the group’s Islamic banking franchise and spearheading Maybank’s vision of becoming a global leader in Islamic finance, Bernama reported.
“He will oversee all aspects of Maybank group’s Islamic finance business, including business strategies, product development and innovation, while ensuring risk management and shariah-compliant management are of gold standards.
“He will report to Maybank’s president and GCEO, and be a member of the group executive committee,” it said.
Yasin, 52, is currently Maybank’s group chief audit executive (GCAE), where he spearheaded the Maybank Group Audit Strategic Plan 2023-2025 to elevate the audit function through global best practices and enhance assurance across the group.
Meanwhile, Maybank has also appointed Malique Firdauz Ahmad Sidique, 47, as its new GCAE, effective Oct 1, taking over from Yasin.
Maybank president and GCEO Khairussaleh Ramli said that these appointments continued to demonstrate the effectiveness of Maybank’s internal succession planning.
Stay current - Follow FMT on WhatsApp, Google news and Telegram
Subscribe to our newsletter and get news delivered to your mailbox.
Registration on or use of this site constitutes acceptance of our Terms of Service, Privacy Policy and Cookies Policy.
Copyright © 2009 -2025FMT Media Sdn Bhd (1235453-U) All Rights Reserved. A part of Media Prima Group."
https://www.freemalaysiatoday.com/category/business/2025/09/29/ringgit-opens-flat-against-us-dollar-amid-mixed-fed-signals,Ringgit opens flat against US dollar amid mixed Fed signals,2025-09-29,"At 8.01am, the local note was at 4.2200/4.2250 similar to Friday’s close at 4.2200/4.2250.
Bank Muamalat Malaysia Bhd chief economist Afzanizam Rashid said traders and investors remained divided on whether the Fed would prioritise growth or inflation, creating uncertainty that has limited the upside for emerging market currencies, including the ringgit.
He said the US dollar has also gained momentum, with the US Dollar Index (DXY) trading above the 98-point level.
“On that note, the ringgit is expected to trade within the RM4.22 to RM4.23 range today,” he added.
At the opening, the ringgit was lower against a basket of major currencies.
It eased to 2.8265/2.8301 against the Japanese yen from 2.8171/2.8206 at Friday’s close, slipped to 5.6599/5.6666 against the British pound from 5.6345/5.6412, and declined to 4.9416/4.9475 versus the euro from 4.9281/4.9340.
The local note was mostly lower against Asean currencies.
It fell to 3.2680/3.2721 against the Singapore dollar from 3.2630/3.2671 and depreciated to 13.0849/13.1081 against the Thai baht from 13.0587/13.1069 previously.
However, it traded unchanged against the Indonesian rupiah at 252.1/252.5 and the Philippine peso at 7.25/7.27 from Friday’s close.
Stay current - Follow FMT on WhatsApp, Google news and Telegram
Subscribe to our newsletter and get news delivered to your mailbox.
Registration on or use of this site constitutes acceptance of our Terms of Service, Privacy Policy and Cookies Policy.
Copyright © 2009 -2025FMT Media Sdn Bhd (1235453-U) All Rights Reserved. A part of Media Prima Group."
https://www.freemalaysiatoday.com/category/business/2025/09/29/ringgit-rises-as-us-govt-shutdown-fears-weigh-on-dollar,Ringgit rises as US govt shutdown fears weigh on dollar,2025-09-29,"Reports indicated that the federal government is on the brink of a shutdown unless the US Congress can reach a funding agreement before the start of the new fiscal year on Oct 1.
Bank Muamalat Malaysia Bhd chief economist Afzanizam Rashid said a US government shutdown would mean limited services, which, if prolonged, could undermine economic growth.
“The US Congress needs to agree on the spending programme by the end of September to avoid a government shutdown.
“Hence, the thesis for US interest rate cuts has gained momentum from such an event, resulting in a weaker US dollar,” he told Bernama today.
At 6pm, the local currency rose to 4.2150/4.2200 against the greenback compared with Friday’s close at 4.2200/4.2250.
At the close, however, the ringgit was lower against a basket of major currencies.
It eased to 2.8365/2.8400 against the Japanese yen from 2.8171/2.8206 at Friday’s close, slipped to 5.6612/5.6679 against the British pound from 5.6345/5.6412, and declined to 4.9387/4.9446 versus the euro from 4.9281/4.9340.
The local currency was mostly lower against Asean currencies.
It fell to 3.2664/3.2706 vis-à-vis the Singapore dollar from 3.2630/3.2671 and depreciated to 13.0649/13.0857 against the Thai baht from 13.0587/13.1069 previously.
The ringgit also edged lower against the Indonesian rupiah at 252.6/253.1 from 252.1/252.5, and was flat versus the Philippine peso at 7.25/7.26 from 7.25/7.27 previously.
Stay current - Follow FMT on WhatsApp, Google news and Telegram
Subscribe to our newsletter and get news delivered to your mailbox.
Registration on or use of this site constitutes acceptance of our Terms of Service, Privacy Policy and Cookies Policy.
Copyright © 2009 -2025FMT Media Sdn Bhd (1235453-U) All Rights Reserved. A part of Media Prima Group."
https://www.freemalaysiatoday.com/category/business/2025/09/30/bursa-ends-marginally-higher-amid-policy-us-shutdown-concerns,"Bursa ends marginally higher amid policy, US shutdown concerns",2025-09-30,"Research firm IPPFA Sdn Bhd director and country economist Sedek Jantan said the trading today was mixed, with consumer and utilities stocks leading both the gainers and the laggards, “reflecting selective rotation rather than broad-based momentum.
“This underscores a market that is highly stock-specific, awaiting clearer catalysts to drive direction,” he told Bernama.
Sedek said foreign fund flows provided a more constructive signal, with international investors emerging as net buyers of Malaysian equities yesterday.
This reinforces the view that, despite external headwinds, Malaysia’s capital market remains an attractive regional allocation, supported by resilient domestic fundamentals and appealing relative valuations.
“Nevertheless, the sentiment is likely to remain in a holding pattern as investors await the tabling of Budget 2026 by Prime Minister Anwar Ibrahim next week, where attention will focus on potential flagship investment announcements that could reset market tone and influence sectoral positioning,” he added.
Meanwhile, a looming US federal government shutdown appeared even more likely after top Democrats and Republicans met with president Donald Trump at the White House yesterday, according to media reports.
If both sides failed to agree, the shutdown could begin as soon as tomorrow.
At 5pm, the FTSE Bursa Malaysia KLCI (FBM KLCI) tilted up 0.93 of-a-point, or 0.06%, to 1,611.88, up from yesterday’s close of 1,610.95.
The benchmark index opened 0.87 of a point higher at 1,611.82 and moved between 1,608.69 and 1,619.11 throughout the trading session.
The market breadth was almost equally balanced, with decliners marginally outnumbering gainers 557 to 549.
A total of 503 counters were unchanged, 1,006 untraded and 81 suspended.
Turnover narrowed to 3.47 billion units valued at RM3.16 billion, from 3.77 billion units worth RM2.47 billion yesterday.
Of the heavyweight counters, YTL Corporation rose 7 sen to RM2.78, Sunway surged 11 sen to RM5.65 and Tenaga Nasional gained 8 sen to RM13.22.
Petronas Dagangan added 36 sen to RM22.94 and PPB bagged 20 sen to RM10.20.
In active trade, NexG Bina, TWL and Permaju were all flat at 9.5 sen, 2.5 sen and 1 sen respectively.
Zetrix AI dropped 1 sen to 85 sen and VS Industry added 1 sen to 59 sen.
Besides Petronas Dagangan and PPB, top gainers included Ayer, which rallied 33 sen to RM7.50, while PJBumi soared 18 sen to RM2.78 and Aeon Credit Service jumped 18 sen to RM5.53.
Among the top losers, Nestle fell 88 sen to RM96.22, MPI lost 38 sen to RM28.72 and Hume Cement Industries slid 16 sen to RM3.49.
Kluang Rubber fell 15 sen to RM5.55 and Panasonic Manufacturing Malaysia shed 14 sen to RM8.40.
On the index board, the FBM Emas Index trimmed 2.55 points to 11,985.89, the FBM 100 Index dipped 1.34 points to 11,722.62, but the FBM Emas Shariah Index climbed 6.91 points to 12,016.55.
The FBM 70 Index slid 37.26 points to 16,746.59, and the FBM ACE Index fell 18.55 points to 5,171.31.
By sector, the industrial products and services index slipped 0.29 of a point to 171.46, and the energy index lost 1.64 points to 776.62.
The plantation index gained 8.01 points to 7,119.58, and the financial services index declined 17.15 points to 18,246.73.
The Main Market volume expanded to 1.87 billion units worth RM2.83 billion, versus 1.68 billion units valued at RM2.08 billion yesterday.
Warrants turnover narrowed to 1.03 billion units valued at RM155.25 million, against 1.26 billion units worth RM191.47 million yesterday.
The ACE Market volume fell to 565.69 million shares worth RM170.09 million, compared with 815.25 million shares valued at RM195.92 million previously.
Consumer products and services counters accounted for 406.61 million shares traded on the Main Market, industrial products and services (319.40 million), construction (91.47 million), technology (202.24 million), financial services (105.94 million), property (237.64 million), plantation (30.86 million), REITs (20.74 million), closed/fund (306,900), energy (158.90 million), healthcare (134.29 million), telecommunications and media (35.38 million), transportation and logistics (49.07 million), utilities (78.29 million), and business trusts (48,700).
Stay current - Follow FMT on WhatsApp, Google news and Telegram
Subscribe to our newsletter and get news delivered to your mailbox.
Registration on or use of this site constitutes acceptance of our Terms of Service, Privacy Policy and Cookies Policy.
Copyright © 2009 -2025FMT Media Sdn Bhd (1235453-U) All Rights Reserved. A part of Media Prima Group."
https://www.freemalaysiatoday.com/category/business/2025/09/30/bursa-opens-marginally-higher-on-mild-bargain-hunting,Bursa opens marginally higher on mild bargain-hunting,2025-09-30,"At 9.10am, the FTSE Bursa Malaysia KLCI (FBM KLCI) added 0.54 of-a-point to 1,611.49, from Monday’s close of 1,610.95.
The benchmark index was 0.87 of-a-point higher at 1,611.82 at the opening.
Market breadth was positive, with gainers outnumbering losers 208 to 126, while 303 counters were unchanged, 1,978 untraded, and 81 suspended.
Turnover stood at 213.66 million units worth RM77.74 million.
Rakuten Trade vice-president Thong Pak Leng said sentiment on Wall Street improved driven by artificial intelligence (AI) related stocks after earlier concerns over the AI build-up.
Traders were also monitoring the potential US government shutdown on Wednesday that could lead to a mass furlough of federal workers.
Meanwhile, the US 10-year Treasury yield inched lower at 4.141%.
In Hong Kong, the Hang Seng Index rebounded as traders bought shares in car makers, solar energy firms and metal producers amid signs that Beijing’s crackdown on price wars is bearing fruits.
Sentiment was further lifted by the People’s Bank of China’s pledge to step up easing measures to support growth.
Back home, he said the FBM KLCI closed marginally higher on Monday on muted buying activities.
“Foreign funds may have turned into net sellers after encouraging net foreign inflows a few weeks ago.
“For today, we expect the index to hover within the 1,605-1,615 range. Finally, gold price hit another record high topping above the US$3,800 per ounce,” Thong added.
Among heavyweights, Press Metal Aluminium and Gamuda ticked up three sen each to RM5.94 and RM5.55 respectively, while YTL Power International, Petronas Chemicals and SD Guthrie gained two sen each to RM4.20, RM4.37, and RM5.26 respectively.
In active trade, NexG Bina added half-a-sen to 10 sen, TWL, Trive and JS Solar were flat at 2.5 sen, 1.5 sen and 42 sen respectively, while Notion Vtec was 4.5 sen higher at 64.5 sen.
Top gainers included Malaysian Pacific Industries, which rose 18 sen ro RM29.28, United Plantations increased 16 sen to RM23.02; Plenitude rose 13 sen to RM2.35; Panasonic Manufacturing expanded 11 sen to RM8.65; and Malaysian Cement was up 10 sen to RM7.05.
Among top losers, Nestle declined 58 sen to RM96.52, F&N slipped 12 sen to RM27.18; Crescendo fell seven sen to RM1.38; and Kawan Food shed six sen to RM1.01.
On the broader market, the FBM Emas Index accumulated 11.14 points to 11,999.59, the FBMT 100 Index garnered 8.16 points to 11,732.12, the FBM Emas Shariah Index increased 25.98 points to 12,035.62, the FBM 70 Index climbed 30.26 points to 16,814.11, but the FBM ACE Index slid 6.22 points to 5,183.64.
By sector, the Industrial Products and Services Index edged up 0.59 of-a-point to 172.34, the Energy Index advanced 4.78 points to 783.04, the Plantation Index gained 16.91 points to 7,788.48, but the Financial Services Index eased 21.58 points to 18,242.30.
Stay current - Follow FMT on WhatsApp, Google news and Telegram
Subscribe to our newsletter and get news delivered to your mailbox.
Registration on or use of this site constitutes acceptance of our Terms of Service, Privacy Policy and Cookies Policy.
Copyright © 2009 -2025FMT Media Sdn Bhd (1235453-U) All Rights Reserved. A part of Media Prima Group."
https://www.freemalaysiatoday.com/category/business/2025/09/30/ksl-an-under-invested-johor-property-play,KSL an under-invested Johor property play,2025-09-30,"In a recent research note, RHB Research described Johor-based KSL as an “under-invested Johor property play”.
“KSL is an almost-pure Johor property play that is set to benefit from Singapore dollar (SGD)-driven retail spending, and the pick-up in economic activities driven by the JS-SEZ.
“Although the market has turned bullish on the Iskandar Malaysia property market since second half of 2023 (2H 2023), the stock is under-invested – which should change when management meets more investors ahead,” it said.
Not many know that KSL has a large landbank in Johor that is comparable with some of the country’s major property developers.
RHB said KSL has 4,946 acres of land, of which 4,586 acres (or 93%) are located in Johor, with 53% of the total landbank (2,635 acres) in prime Iskandar Malaysia areas. The remaining land is in Klang and Setia Alam, in Selangor.
For comparison, UEM Sunrise Bhd, a major landowner in Iskandar Malaysia, holds about 4,780 acres of land bank in the region.
The research house said KSL’s property sales has picked up significantly post Covid-19.
“KSL’s property sales rose substantially from under RM1 billion before the pandemic to RM1.4 billion in FY2024, and management has set a RM1.2 billion target for FY2025,” it added.
KSL also owns a few investment properties including KSL City Mall in Johor Bahru (net lettable area/NLA: 450,000 sq ft) and KSL Esplanade Mall in Klang (NLA: 650,000 sq ft), as well as three hotels.
KSL City Mall is integrated with the 906-room KSL Hotel and Resort in Iskandar Puteri, 7km away from the Johor-Singapore border.
The investment property segment contributes almost 20% of its total revenue, and RHB expects earnings contributions from the retail malls to strengthen from FY2026 onwards.
Above average profit margin
RHB noted the developer’s earnings before interest and taxes (EBIT) margin of 35-40% (ex-pandemic years) for the property development division is “significantly higher than the industry average”.
This is largely attributed to its low land costs, maximisation of land efficiency, product pricing and in-house construction arm, it said.
“Management has also opportunistically acquired a few parcels of land during the pandemic, and from a few distressed landowners over the last few years,” it added.
RHB has given the stock a fair value of RM4.50, an upside of 35% on yesterday’s closing price of RM3.33. At that price, the group is valued at RM3.64 billion.
“KSL’s low land costs, above-industry profit margins and return on equity, and valuation upside for KSL City Mall should justify our valuation for the stock,” it said.
The company was founded by the low-profile Ku brothers – executive chairman Ku Hwa Seng, group managing director Khoo @ Ku Cheng Hai and executive director Ku Tien Sek – over 30 years ago.
They hold at least 34.1% of the company via their investment vehicles, Premiere Sector Sdn Bhd (31.8%) and Gorgeous Horizon Sdn Bhd (2.3%) as of March 24, 2025.
Stay current - Follow FMT on WhatsApp, Google news and Telegram
Subscribe to our newsletter and get news delivered to your mailbox.
Registration on or use of this site constitutes acceptance of our Terms of Service, Privacy Policy and Cookies Policy.
Copyright © 2009 -2025FMT Media Sdn Bhd (1235453-U) All Rights Reserved. A part of Media Prima Group."
https://www.freemalaysiatoday.com/category/business/2025/09/30/ringgit-closes-higher-on-escalating-us-govt-shutdown-risks,Ringgit closes higher on escalating US govt shutdown risks,2025-09-30,"Reports indicate that the US federal government risks a shutdown if Congress does not reach a funding agreement before the new fiscal year starts on Oct 1.
Bank Muamalat Malaysia Bhd chief economist Afzanizam Rashid said an indication from US vice-president JD Vance that a government shutdown seems likely has taken a toll on the US dollar.
“The US Dollar Index (DXY) fell 0.21% to 97.699 points, as this event appears to increase the likelihood of a US interest rate cut,” he told Bernama today.
At 6pm, the local currency rose to 4.2050/4.2090 against the greenback compared with Monday’s close of 4.2150/4.2200.
At the close, the ringgit was mixed against a basket of major currencies.
It appreciated to 5.6532/5.6586 against the British pound from 5.6612/5.6679 at yesterday’s close, weakened to 2.8420/2.8447 against the Japanese yen from 2.8365/2.8400, and weakened slightly to 4.9405/4.9452 versus the euro from 4.9387/4.9446.
The local currency was traded mostly higher against Asean currencies.
It advanced to 3.2604/3.2638 vis-a-vis the Singapore dollar from 3.2664/3.2706 at yesterday’s close, edged up against the Indonesian rupiah to 252.3/252.6 from 252.6/253.1 previously, and inched up versus the Philippine peso to 7.22/7.24 from 7.25/7.26 at yesterday’s close.
The ringgit also appreciated to 12.9744/12.9927 against the Thai baht from 13.0649/13.0857 previously.
Stay current - Follow FMT on WhatsApp, Google news and Telegram
Subscribe to our newsletter and get news delivered to your mailbox.
Registration on or use of this site constitutes acceptance of our Terms of Service, Privacy Policy and Cookies Policy.
Copyright © 2009 -2025FMT Media Sdn Bhd (1235453-U) All Rights Reserved. A part of Media Prima Group."
https://www.freemalaysiatoday.com/category/business/2025/09/30/ringgit-stronger-at-opening-on-us-shutdown-concerns,Ringgit stronger at opening on US shutdown concerns,2025-09-30,"Reports indicated that the US federal government is on the brink of a shutdown unless the US Congress reaches a funding agreement before the start of the new fiscal year on Oct 1.
At 8am, the local note stood at 4.2125/4.2210 against the greenback compared with Monday’s close at 4.2150/4.2200.
Bank Muamalat Malaysia Bhd chief economist Afzanizam Rashid said a US government shutdown would be significant, as it could hamper the functioning of key agencies such as the Bureau of Labor Statistics.
He noted that the release of important data points, such as the nonfarm payroll report due this Friday, might be delayed.
“If materialised, it would result in difficulties in discerning the latest trend in the US labour market at a time when the Federal Reserve (Fed) has highlighted increased downside risks to employment,” he said.
Afzanizam said the US Dollar Index (DXY) was down about 0.25% to 97.906 points.
He noted that the ringgit, which gained 0.12% to RM4.2175 against the US dollar yesterday, is expected to trade between RM4.20 and RM4.21 today.
“Again, the ringgit could attempt to breach the psychological level of RM4.20, especially if the Fed proceeds with interest rate cuts should a government shutdown occur,” he added.
At the opening, the ringgit was mostly higher against a basket of major currencies.
It firmed to 2.8340/2.8399 against the Japanese yen from 2.8365/2.8400 at Monday’s close, it increased to 5.6582/5.6696 against the British pound from 5.6612/5.6679, but declined to 4.9404/4.9504 versus the euro from 4.9387/4.9446.
The local note was also mostly higher against Asean currencies, except for the Thai baht.
It advanced to 3.2653/3.2723 vis-à-vis the Singapore dollar from 3.2664/3.2706, edged up against the Indonesian rupiah at 252.5/253.1 from 252.6/253.1, appreciated versus the Philippine peso at 7.24/7.26 from 7.25/7.26 previously, but eased to 13.0669/13.1002 against the Thai baht from 13.0649/13.0857 previously.
Stay current - Follow FMT on WhatsApp, Google news and Telegram
Subscribe to our newsletter and get news delivered to your mailbox.
Registration on or use of this site constitutes acceptance of our Terms of Service, Privacy Policy and Cookies Policy.
Copyright © 2009 -2025FMT Media Sdn Bhd (1235453-U) All Rights Reserved. A part of Media Prima Group."
https://www.freemalaysiatoday.com/category/business/2025/10/01/bursa-ends-higher-tracks-regional-gains,"Bursa ends higher, tracks regional gains",2025-10-01,"Rakuten Trade Sdn Bhd vice-president of equity research Thong Pak Leng said the FTSE Bursa Malaysia KLCI (FBM KLCI) tracked regional markets, with most major Asian bourses finishing higher on strong gains in tech stocks amid optimism over the artificial intelligence trade.
China and Hong Kong were closed for National Day, with mainland markets to remain shut until the middle of next week.
Back home, Thong said the FBM KLCI has broken out of its rectangular consolidation pattern that persisted since mid-August, signalling renewed strength in the market.
“The decisive move above 1,600 has been followed by a steady climb, and the index is now testing the 1,620-1,625 resistance band.
“This zone represents a critical breakout level; a successful push beyond it would confirm the end of the consolidation phase and pave the way for a move toward the 1,635-1,650 range in the near-term,” he told Bernama.
Meanwhile, IPPFA Sdn Bhd director of investment strategy and country economist Sedek Jantan said sentiment was also lifted by the latest S&P Malaysia Manufacturing Purchasing Managers’ Index, which reported a second straight month of rising new orders in September.
While export demand softened across the US, Europe and parts of Asia-Pacific, the survey pointed to stronger domestic confidence and the launch of new projects as key growth drivers.
“The uptick in activity also placed pressure on operating capacity, ending more than a year of backlog reduction,” said Sedek.
He noted that the FBM KLCI currently trades at a price-to-earnings ratio of 14.63 – broadly fair but still at a meaningful discount to the US market at 26.76, which is widely considered expensive.
“This valuation gap, combined with firmer domestic demand and upcoming policy catalysts such as Budget 2026, strengthens Malaysia’s positioning as a beneficiary of near-term portfolio reallocation,” he added.
For September, the FBM KLCI gained 1.56%, reflecting steady accumulation despite global uncertainties.
At 5pm, the FBM KLCI rose 8.99 points, or 0.55%, to 1,620.87, compared with yesterday’s close of 1,611.88.
The benchmark index opened 0.74 of-a-point higher at 1,612.62, and moved between 1,612.62 and 1,624.04 throughout the session.
Market breadth was positive, with gainers outnumbering decliners 596 to 437, while 505 counters were unchanged, 1,019 untraded, and five suspended.
Turnover narrowed to 2.47 billion units worth RM2.48 billion, from 3.47 billion units valued at RM3.16 billion yesterday.
Among heavyweights, IHH Healthcare jumped 39 sen to RM7.94, CIMB gained 11 sen to RM7.45, Hong Leong Bank increased 28 sen to RM20.80, 99 Speed Mart bagged 7 sen to RM2.81, and Public Bank added 3 sen to RM4.36.
In active trade, Zetrix AI, VS Industry and Tanco edged up 1 sen each to 86 sen, 60 sen and 91 sen respectively, Tan Chong Motor rose 17.5 sen to 80.5 sen and Malakoff advanced 5 sen to RM1.10.
Besides IHH Healthcare and Hong Leong Bank, top gainers included Nestlé, up RM1.18 to RM97.40, Eurospan, up 51 sen to RM2.91 and Petronas Dagangan, up 30 sen to RM23.24.
Among the top losers, Time Dotcom and Tenaga Nasional fell 12 sen each to RM4.98 and RM13.10, respectively.
Southern Acids and Malayan Cement lost 10 sen each to RM3.40 and RM6.93, while APM shaved 6 sen to RM3.12.
On the index board, the FBM Emas Index strengthened 69.88 points to 12,055.77, the FBMT 100 Index rose 66.92 points to 11,789.54, and the FBM Emas Shariah Index advanced 61.85 points to 12,078.40.
The FBM 70 Index surged 102.29 points to 16,848.88, and the FBM ACE Index added 31.97 points to 5,203.28.
By sector, the industrial products and services index edged up 1.04 points to 172.50, the plantation index gained 8.53 points to 7,788.11, the financial services index jumped 163.03 points to 18,409.77, and the energy index recovered 1.73 points to 778.35.
The Main Market volume slipped to 1.65 billion units valued at RM2.27 billion, from 1.87 billion units worth RM2.83 billion yesterday.
Warrants turnover narrowed to 288.42 million units worth RM27.59 million, compared with 1.03 billion units valued at RM155.25 million yesterday.
The ACE Market volume eased to 531.81 million shares valued at RM184.26 million, against 565.69 million shares worth RM170.09 million previously.
On the Main Market, consumer products and services counters accounted for 340.32 million shares traded, followed by industrial products and services (315.96 million), construction (84.24 million), technology (286.82 million), financial services (63.11 million), property (174.58 million), plantation (26.16 million), REITs (18.25 million), closed/fund (42,400), energy (104.64 million), healthcare (111.14 million), telecommunications and media (29.06 million), transportation and logistics (29.23 million), utilities (75.00 million), and business trusts (111,800).
Stay current - Follow FMT on WhatsApp, Google news and Telegram
Subscribe to our newsletter and get news delivered to your mailbox.
Registration on or use of this site constitutes acceptance of our Terms of Service, Privacy Policy and Cookies Policy.
Copyright © 2009 -2025FMT Media Sdn Bhd (1235453-U) All Rights Reserved. A part of Media Prima Group."
https://www.freemalaysiatoday.com/category/business/2025/10/01/bursa-gains-momentum-despite-choppy-trading,Bursa gains momentum despite choppy trading,2025-10-01,"At 9.10am, the FTSE Bursa Malaysia KLCI (FBM KLCI) rose 1.69 points to 1,613.57 from Tuesday’s close of 1,611.88.
The benchmark had opened 0.74 of-a-point higher at 1,612.62.
Market breadth was slightly positive, with gainers outnumbering losers 164 to 159. Meanwhile, 307 counters were unchanged, 1,927 untraded, and five suspended.
Turnover stood at 166.13 million units, valued at RM73.59 million.
Rakuten Trade vice-president Thong Pak Leng said the higher Wall Street close, alongside the absence of September’s US jobs data and potential rating agency downgrades, tempered concerns over the government shutdown.
Meanwhile, the US 10-year Treasury yield inched up to 4.154%.
In Hong Kong, the Hang Seng Index rebounded strongly to near the 27,000 level ahead of a National Holiday, Thong said.
He said investor sentiment was further supported by expectations of easing measures from Beijing after China’s manufacturing activity fell for a sixth consecutive month.
Locally, the FBM KLCI recovered into positive territory despite a sharp sell-off an hour before closing.
“We suspect foreign funds may have triggered the late sell-down. Meanwhile, encouraging loans growth of 5.6% in August could draw renewed interest in the banking sector. We expect the index to trade between 1,605 and 1,615 today,” Thong added.
Among heavyweights, SD Guthrie advanced 5.0 sen to RM5.27, Petronas Gas rose 14 sen to RM18.64, Maxis added 3.0 sen to RM3.65, Hong Leong Bank gained 10 sen to RM20.62, and Public Bank ticked up 1.0 sen to RM4.34.
In active trade, NexG Bina and Nova MSC were flat at 9.5 sen and 5.5 sen respectively. Key Asic added 0.5 sen to 4.5 sen, Pharmaniaga declined 0.5 sen to 28.5 sen, while TWL was 0.5 sen higher at 3.0 sen.
Other top gainers included Malaysian Pacific Industries, which rose 36 sen to RM29.08; Malayan Cement, up 7.0 sen to RM7.10; and Hong Leong Financial Group, up 6.0 sen to RM17.28.
Among top losers, Petronas Dagangan fell 20 sen to RM22.74, KPJ Healthcare slipped 5.0 sen to RM2.70, Lianson Fleet Group dropped 5.0 sen to RM1.38, IHH Healthcare dipped 4.0 sen to RM7.51, and Pansar lost 3.5 sen to 56.5 sen.
On the index board, the FBM Emas Index gained 11.07 points to 11,996.96, the FBMT 100 Index rose 11.08 points to 11,733.70, the FBM Emas Shariah Index added 13.92 points to 12,030.47, the FBM 70 Index climbed 10.59 points to 16,757.18, while the FBM ACE Index slipped 2.36 points to 5,168.95.
By sector, the Industrial Products and Services Index edged up 0.30 of-a-point to 171.76, the Energy Index fell 0.50 of-a-point to 776.12, the Plantation Index gained 24.51 points to 7,804.09, and the Financial Services Index added 34.90 points to 18,281.63.
Stay current - Follow FMT on WhatsApp, Google news and Telegram
Subscribe to our newsletter and get news delivered to your mailbox.
Registration on or use of this site constitutes acceptance of our Terms of Service, Privacy Policy and Cookies Policy.
Copyright © 2009 -2025FMT Media Sdn Bhd (1235453-U) All Rights Reserved. A part of Media Prima Group."
https://www.freemalaysiatoday.com/category/business/2025/10/01/ringgit-closes-higher-as-us-govt-shutdown-hits-dollar,Ringgit closes higher as US govt shutdown hits dollar,2025-10-01,"The shutdown will see a delay in the release of economic data, including the US nonfarm payrolls (NFP) report due this Friday.
Bank Muamalat Malaysia Bhd chief economist Afzanizam Rashid said the NFP report on Friday could be delayed, and will have an impact on traders as they may not have the latest data points to form their opinion.
“The US government shutdown has caused uncertainties to heighten, and that is negative for the US dollar,” he told Bernama.
Meanwhile, SPI Asset Management managing director Stephen Innes noted that the ringgit remained range-bound, as investors explored other haven assets like the Japanese yen, gold, and US Treasuries.
“The market uncertainty is amplified by the absence of US labour (data) releases during the shutdown.
“The lack of visibility on US jobs is keeping activity light, even as markets still lean on the prospect of US interest rate cuts later this year for medium-term support,” he added.
At 6pm, the local currency climbed to 4.2045/4.2095 against the greenback compared with yesterday’s close of 4.2050/4.2090.
At the close, the ringgit was mostly lower against a basket of major currencies.
It appreciated to 4.9327/4.9386 versus the euro from 4.9405/4.9452 at yesterday’s close, but slipped to 5.6605/5.6672 against the British pound from 5.6532/5.6586, and weakened to 2.8561/2.8597 against the Japanese yen from 2.8420/2.8447.
The local currency was also traded lower against Asean currencies.
It dropped to 3.2623/3.2665 vis-à-vis the Singapore dollar from 3.2604/3.2638 at yesterday’s close, depreciated to 12.9929/13.0128 against the Thai baht from 12.9744/12.9927, and inched down against the Indonesian rupiah to 252.7/253.1 from 252.3/252.6 previously.
The ringgit eased versus the Philippine peso to 7.23/7.24 from 7.22/7.24.
Stay current - Follow FMT on WhatsApp, Google news and Telegram
Subscribe to our newsletter and get news delivered to your mailbox.
Registration on or use of this site constitutes acceptance of our Terms of Service, Privacy Policy and Cookies Policy.
Copyright © 2009 -2025FMT Media Sdn Bhd (1235453-U) All Rights Reserved. A part of Media Prima Group."
https://www.freemalaysiatoday.com/category/business/2025/10/01/ringgit-rises-vs-dollar-on-us-shutdown-rate-cut-expectations,"Ringgit rises vs dollar on US shutdown, rate cut expectations",2025-10-01,"At 8.02am, the local note stood at 4.1980/4.2190 against the US dollar, up from Tuesday’s close of 4.2050/4.2090.
Bank Muamalat Malaysia Bhd chief economist Afzanizam Rashid said persistent worries over a US shutdown were likely to support the ringgit, while expectations of lower US interest rates could further weaken the dollar.
“The local note may attempt to break the psychological level of 4.20 after closing 0.25% higher yesterday,” he noted.
The ringgit also opened higher against a basket of major and regional currencies.
It firmed to 2.8348/2.8491 against the Japanese yen from 2.8420/2.8447 at Tuesday’s close, rose to 5.6417/5.6699 versus the British pound from 5.6532/5.6586, and improved to 4.9251/4.9497 against the euro from 4.9405/4.9452.
The local note advanced to 3.2530/3.2695 against the Singapore dollar from 3.2604/3.2638, edged up against the Indonesian rupiah at 251.9/253.2 from 252.3/252.6, appreciated versus the Philippine peso at 7.21/7.25 from 7.22/7.24, and improved to 12.9265/12.9963 against the Thai baht from 12.9744/12.9927.
Stay current - Follow FMT on WhatsApp, Google news and Telegram
Subscribe to our newsletter and get news delivered to your mailbox.
Registration on or use of this site constitutes acceptance of our Terms of Service, Privacy Policy and Cookies Policy.
Copyright © 2009 -2025FMT Media Sdn Bhd (1235453-U) All Rights Reserved. A part of Media Prima Group."
https://www.freemalaysiatoday.com/category/business/2025/10/02/brazil-sees-asia-summit-as-ideal-spot-for-lula-trump-meeting,Brazil sees Asia summit as ideal spot for Lula-Trump meeting,2025-10-02,"“Brazil’s government sees this month’s summit of the Association of Southeast Asian Nations as an ideal venue for the talks,” the officials said, requesting anonymity to discuss sensitive matters.
“The Asean gathering, which will take place in Malaysia starting Oct 26, would provide an opportunity for the squabbling leaders to meet in a neutral location rather than at the White House or Brasilia,” one of the officials said.
A White House official confirmed that conversations about a potential in-person meeting are ongoing.
US-Brazil relations have deteriorated sharply in recent months after Trump imposed 50% tariffs on many Brazilian goods and sanctions on a Supreme Court judge in an effort to stop the trial of former president Jair Bolsonaro, who was convicted on coup attempt charges in September.
However, signs of a potential thaw emerged after a seconds-long encounter at the UN General Assembly in New York last week, when Trump said he and Lula had “good chemistry” and had discussed a meeting to talk over their differences.
Trump has yet to officially confirm his attendance at the Asean summit, but is widely expected to visit Malaysia as part of an Asia trip that would also include stops in Japan and South Korea.
Lula will head to Kuala Lumpur after a state visit to Indonesia, part of his efforts to deepen trade ties with the region.
A meeting with Trump is a top priority for Lula, according to two officials familiar with the situation.
“However, the Brazilian leader is also focused on ensuring the meeting is effective, and wants to make sure he has enough data and information to present to Trump before scheduling an encounter,” one of the officials said.
Brazil foreign affairs minister Mauro Vieira said yesterday that he had spoken to Trump aides about a possible meeting, and suggested that it could take place in a third country.
“It can be a phone call, a video call, as well as a meeting at a specific moment when both are present in the same international event,” Vieira said during an appearance in Congress, adding that there are currently no arrangements for Trump to visit Brazil or for a Lula trip to Washington.
Stay current - Follow FMT on WhatsApp, Google news and Telegram
Subscribe to our newsletter and get news delivered to your mailbox.
Registration on or use of this site constitutes acceptance of our Terms of Service, Privacy Policy and Cookies Policy.
Copyright © 2009 -2025FMT Media Sdn Bhd (1235453-U) All Rights Reserved. A part of Media Prima Group."
https://www.freemalaysiatoday.com/category/business/2025/10/02/bursa-closes-higher-on-tech-healthcare-banking-gains,"Bursa closes higher on tech, healthcare, banking gains",2025-10-02,"Rakuten Trade Sdn Bhd vice-president of equity research Thong Pak Leng said the FTSE Bursa Malaysia KLCI (FBM KLCI) ended sharply higher as the market sentiment continued to show signs of improvement.
Key regional benchmarks also trended higher, boosted by advances in technology and healthcare, and stronger local currencies against the US dollar.
He noted that the FBM KLCI had posted a solid performance so far this week, breaking past the 1,620-1,625 levels on strong trading volumes, reflecting growing confidence in the index’s ability to sustain its upward trajectory.
He said that with the participation gradually improving and the market breadth showing signs of recovery, the outlook remains positive.
“Nonetheless, we do not rule out the possibility of near-term profit-taking as some investors may look to lock in gains.
“Such activity, however, should be viewed as a healthy part of the market cycle, especially following a sharp climb,” Thong told Bernama, anticipating the FBM KLCI to trend within the range of 1,620-1,650 towards the weekend.
IPPFA Sdn Bhd’s director of investment strategy and country economist Sedek Jantan said that despite today’s upbeat sentiment, he would maintain a measured stance.
“We continue to hold our year-end FBM KLCI target for now, but we may revisit it in November, taking into account three key events – the tabling of Budget 2026 next week, the two remaining US Federal Reserve meetings before year-end, and Bank Negara Malaysia’s monetary policy committee meeting in November,” he said.
These developments, he added, would be critical in shaping the market direction and sentiment going into the final quarter of the year.
“While the near-term momentum is constructive, we caution that lingering risks, such as the trajectory of US monetary policy, domestic policy execution, and broader geopolitical uncertainties, could temper market performance,” he advised.
Looking ahead, he said these catalysts collectively point to a brighter near-term outlook, which should continue to support capital flows.
“Nevertheless, we encourage investors to remain disciplined, secure profits where appropriate, and avoid excessive fear of missing out (FOMO)-driven positioning,” Sedek added.
At 5pm, the FBM KLCI jumped 16.93 points, or 1.04% to 1,637.80, compared with yesterday’s close of 1,620.87.
The benchmark index opened 0.81 of-a-point higher at 1,621.68, and moved between 1,621.68 and 1,640.17 throughout the trading session.
Across the broader market, gainers thumped decliners 854 to 355, while 491 counters were unchanged, 873 untraded, and 16 suspended.
Turnover expanded to 4.27 billion units valued at RM3.92 billion, from 2.47 billion units worth RM2.48 billion yesterday.
Among the heavyweights, IHH Healthcare rallied 32 sen to RM8.26, Tenaga Nasional jumped 36 sen to RM13.46 and 99 Speed Mart gained 7 sen to RM2.88.
AMMB bounced 13 sen to RM5.85 and YTL Power International bagged 9 sen to RM4.31.
In active trade, VS Industry and Borneo Oil were both flat at 60 sen and 0.5 sen, respectively, while ACE Market debutant Camaroe added 1 sen to 15 sen. Pharmaniaga lost 0.5 sen to 28 sen, Tanco gave up 1 sen to 90 sen and CBH Engineering grew 6 sen to 53 sen.
Other top gainers included Malaysian Pacific Industries, which surged RM2.84 to RM31.74, while Sam Engineering & Equipment rallied 37 sen to RM4.28 and Allianz added 34 sen to RM18.74.
On the index board, the FBM Emas Index popped 134.93 points to 12,190.70, the FBMT 100 Index advanced 131.20 points to 11,920.74, and the FBM Emas Shariah Index gained 143.63 points to 12,222.03.
The FBM 70 Index leapt 222.60 points to 17,071.48, and the FBM ACE Index rallied 117.53 points to 5,320.81.
By sector, the industrial products and services index edged up 1.69 points to 174.19, the energy index was 4.81 points higher at 783.16, and the plantation index grew 15.44 points to 7,803.55. The financial services index bounced 169.05 points to 18,578.82.
Main Market volume widened to 2.35 billion units worth RM3.49 billion, versus 1.65 billion units valued at RM2.27 billion yesterday.
Warrants turnover accelerated to 1.18 billion units valued at RM167.26 million, compared with 288.42 million units worth RM27.59 million yesterday.
The ACE Market volume soared to 738.33 million shares worth RM259.22 million, against 531.81 million shares valued at RM184.26 million previously.
On the Main Market, consumer products and services counters accounted for 332.04 million shares traded, followed by industrial products and services (544.96 million), construction (137.83 million), technology (490.48 million), financial services (90.96 million), property (186.15 million), plantation (28.26 million), REITs (17.98 million), closed/fund (55,900), energy (129 million), healthcare (217.59 million), telecommunications and media (61.14 million), transportation and logistics (52.90 million), utilities (63.90 million), and business trusts (66,600).
Stay current - Follow FMT on WhatsApp, Google news and Telegram
Subscribe to our newsletter and get news delivered to your mailbox.
Registration on or use of this site constitutes acceptance of our Terms of Service, Privacy Policy and Cookies Policy.
Copyright © 2009 -2025FMT Media Sdn Bhd (1235453-U) All Rights Reserved. A part of Media Prima Group."
https://www.freemalaysiatoday.com/category/business/2025/10/02/ringgit-rises-as-us-govt-shutdown-weighs-on-dollar,Ringgit rises as US govt shutdown weighs on dollar,2025-10-02,"Bank Muamalat Malaysia Bhd chief economist Afzanizam Rashid said the US government shutdown will restrict government services, including the release of its statistical data, resulting in further uncertainties on the country’s current economic condition.
At 6pm, the local currency inched up to 4.2040/4.2090 against the greenback compared with yesterday’s close of 4.2045/4.2095.
At the close, the ringgit was lower against a basket of major currencies.
It declined versus the euro to 4.9410/4.9468 from 4.9327/4.9386 at yesterday’s close, slipped vis-a-vis the British pound to 5.6741/5.6809 from 5.6605/5.6672 yesterday, and weakened against the Japanese yen to 2.8669/2.8705 from 2.8561/2.8597 previously.
The local currency was traded mostly lower or flat against Asean currencies.
It appreciated versus the Thai baht to 12.9829/13.0040 from 12.9929/13.0128 at yesterday’s close.
However, the ringgit eased vis-a-vis the Singapore dollar to 3.2665/3.2707 from 3.2623/3.2665 yesterday, fell against the Indonesian rupiah to 253.2/253.6 from 252.7/253.1 yesterday and was flat versus the Philippine peso at 7.23/7.25 compared with 7.23/7.24 previously.
Stay current - Follow FMT on WhatsApp, Google news and Telegram
Subscribe to our newsletter and get news delivered to your mailbox.
Registration on or use of this site constitutes acceptance of our Terms of Service, Privacy Policy and Cookies Policy.
Copyright © 2009 -2025FMT Media Sdn Bhd (1235453-U) All Rights Reserved. A part of Media Prima Group."
https://www.freemalaysiatoday.com/category/business/2025/10/02/ringgit-rises-vs-greenback-on-buying-interest-us-shutdown,"Ringgit rises vs greenback on buying interest, US shutdown",2025-10-02,"At 8.02am, the ringgit strengthened to 4.2000/4.2100 against the greenback from Wednesday’s close of 4.2045/4.2095.
Bank Muamalat Malaysia Bhd, chief economist Afzanizam Rashid, said the shutdown has restricted US government services, including the release of statistical data.
“The key question is how quickly the impasse between Republicans and Democrats over spending programmes and concessions can be resolved.
“In the meantime, the shutdown is dollar-negative. The dollar-ringgit could make another attempt to pierce the RM4.20 psychological level today,” he added.
In early trading, the ringgit also rose against a basket of major currencies. It gained to 4.9279/4.9396 versus the euro from 4.9327/4.9386 at Wednesday’s close, edged up to 5.6603/5.6738 against the British pound from 5.6605/5.6672, and strengthened to 2.8542/2.8612 against the Japanese yen from 2.8561/2.8597.
The local note advanced against regional currencies as well, rising to 3.2611/3.2694 against the Singapore dollar from 3.2623/3.2665, and to 12.9478/12.9870 versus the Thai baht from 12.9929/13.0128.
It also gained versus the Philippine peso to 7.22/7.24 from 7.23/7.24 and inched up against the Indonesian rupiah to 252.4/253.2 from 252.7/253.1.
Stay current - Follow FMT on WhatsApp, Google news and Telegram
Subscribe to our newsletter and get news delivered to your mailbox.
Registration on or use of this site constitutes acceptance of our Terms of Service, Privacy Policy and Cookies Policy.
Copyright © 2009 -2025FMT Media Sdn Bhd (1235453-U) All Rights Reserved. A part of Media Prima Group."
https://www.freemalaysiatoday.com/category/business/2025/10/03/bursa-eases-as-profit-taking-halts-recent-gains,Bursa eases as profit-taking halts recent gains,2025-10-03,"Rakuten Trade vice-president of equity research Thong Pak Leng said key regional indices ended broadly higher, largely influenced by a tech-driven rally on Wall Street and optimism over a potential interest rate cut in the US.
He said investors were also awaiting fresh economic data after the delay in the US jobs report.
“As for the local bourse, we view today’s profit-taking as a healthy correction, allowing the market to consolidate its recent rally and build a stronger foundation for a more sustainable uptrend,” he told Bernama.
Meanwhile, IPPFA Sdn Bhd’s director of investment strategy and country economist Sedek Jantan said that despite profit-taking, foreign investors continued to register as net buyers for the second consecutive session.
He noted that consumer counters led gains, supported by the BUDI95 programme, which has bolstered household purchasing power and sustained domestic demand.
“The steady return of foreign inflows is particularly encouraging, underscoring Malaysia’s relative resilience, attractive valuations, and expectations of supportive fiscal measures,” said Sedek.
At 5pm, the FTSE Bursa Malaysia KLCI (FBM KLCI) eased 2.74 points, or 0.16%, to 1,635.06 from yesterday’s close of 1,637.80.
The benchmark index opened 20.93 points firmer at 1,658.73, and fluctuated between 1,631.43 and 1,658.73 throughout the trading session.
Across the broader market, gainers marginally outpaced decliners 521 to 516, while 573 counters were unchanged, 964 were untraded, and 17 suspended.
Turnover declined to 4.03 billion units worth RM2.5 billion, compared with 4.27 billion units valued at RM3.92 billion yesterday.
Among the heavyweights, Maybank added two sen to RM10, Public Bank was three sen lower at RM4.34, CIMB gained eight sen to RM7.68, Tenaga Nasional slipped 18 sen to RM13.28, and IHH Healthcare shed 13 sen to RM8.13.
In active trading, Borneo Oil and Pharmaniaga were flat at 0.5 sen and 28 sen respectively, VS Industry shed three sen to 57 sen, SCIB increased 4.5 sen to 21 sen, while Zetrix AI eased 0.5 sen to 85 sen.
Top gainers included F&N, up 56 sen to RM27.80; LPI, up 36 sen to RM14.58; Hong Leong Industries, up 32 sen to RM14.20; United Plantations, up 32 sen to RM23.30; and Sam Engineering & Equipment, up 27 sen to RM4.55.
Top losers were Malaysian Pacific Industries, down 52 sen to RM31.22; KLK, down 34 sen to RM20.50; Allianz Malaysia, down 24 sen to RM18.50; Kluang Rubber, down 22 sen to RM5.55; and Tenaga, down 18 sen to RM13.28.
On the index board, the FBM Emas Index eased 9.03 points to 12,181.67, the FBM 100 Index reduced 11.78 points to 11,908.96, and the FBM Emas Shariah Index declined 28.30 points to 12,193.73.
The FBM 70 Index, however, gained 18.71 points to 17,090.20, while the FBM ACE Index increased 26.31 points to 5,347.12.
By sector, the industrial products and services index inched up 0.16 of-a-point to 174.35, the energy index improved 4.50 points to 787.66, while the plantation index shed 6.91 points to 7,796.64, and the financial services index added 23.58 points to 18,602.40.
Main Market volume expanded to 2.49 billion units valued at RM2.16 billion, versus 2.35 billion units worth RM3.49 billion yesterday.
Warrants turnover narrowed to 933.77 million units worth RM152.93 million, compared with 1.18 billion units valued at RM167.26 million yesterday.
The ACE Market volume decreased to 603.87 million shares valued at RM188.69 million, against 738.33 million shares worth RM259.22 million previously.
On the Main Market, consumer products and services counters accounted for 268.84 million shares traded, followed by industrial products and services (976.94 million), construction (88.29 million), technology (314.80 million), financial services (59.42 million), property (232.74 million), plantation (14.62 million), REITs (12.46 million), closed/fund (107,600), energy (266.04 million), healthcare (109.58 million), telecommunications and media (51.08 million), transportation and logistics (36.1 million), utilities (67.8 million), and business trusts (113,800).
Stay current - Follow FMT on WhatsApp, Google news and Telegram
Subscribe to our newsletter and get news delivered to your mailbox.
Registration on or use of this site constitutes acceptance of our Terms of Service, Privacy Policy and Cookies Policy.
Copyright © 2009 -2025FMT Media Sdn Bhd (1235453-U) All Rights Reserved. A part of Media Prima Group."
https://www.freemalaysiatoday.com/category/business/2025/10/03/bursa-slips-after-early-gains-amid-mild-profit-taking,Bursa slips after early gains amid mild profit-taking,2025-10-03,"At 9.30am, the FTSE Bursa Malaysia KLCI (FBM KLCI) slipped 2.94 points to 1,634.86, down from Thursday’s close of 1,637.80, after opening 20.93 points higher at 1,658.73.
Market breadth was slightly negative, with decliners outnumbering gainers 297 to 265. Meanwhile, 388 counters remained unchanged, 1,624 were untraded, and 17 were suspended.
Turnover stood at 559.35 million units, valued at RM264.49 million.
Rakuten Trade Sdn Bhd vice-president of equity research Thong Pak Leng said Wall Street largely ignored the government shutdown as all three major indices hit record highs.
“While the US faces an economic data blackout, the 10-year Treasury yield dipped slightly to 4.085%,” he added.
In Hong Kong, the Hang Seng Index closed above the 27,000 mark, supported by renewed optimism around domestic artificial intelligence (AI) initiatives and signs of stabilisation in the property sector.
Back home, Thong said it was a pleasant surprise to see the FBM KLCI maintain levels above 1,630.
“We believe this reflects inflows of foreign funds back into the local bourse,” he added.
He also noted that daily trading volume surging past four billion shares was a positive signal for the market.
“If this holds, we are in for an exciting ride over the next three months. For today, we expect the index to hover within the 1,635–1,650 range,” Thong said.
Among heavyweights, AMMB and CIMB fell 5.0 sen each to RM5.80 and RM7.55 respectively, SD Guthrie and Sunway slipped 3.0 sen each to RM5.22 and RM5.78, while CelcomDigi eased 2.0 sen to RM3.66.
In active trading, Sarawak Consolidated added 4.5 sen to 21 sen, while NexG, Borneo Oil and TWL were flat at 9.5 sen, 0.5 sen and 2.5 sen, respectively. Zetrix AI lost 0.5 sen to 85 sen.
Top gainers included Allianz, up 20 sen to RM18.94; Bursa Malaysia, up 14 sen to RM8.24; Hong Leong Bank, up 12 sen to RM21.10; United Plantations, up 10 sen to RM23.08; and Oriental, up 9.0 sen to RM6.97.
Top losers were Malaysian Pacific Industries, down 62 sen to RM31.12; Nestle, down 48 sen to RM96.64; Panasonic Manufacturing, down 8.0 sen to RM8.47; Alliance Bank, down 7.0 sen to RM4.52; and UMS Integration, down 6.0 sen to RM4.80.
On the index board, the FBM Emas Index slid 17.56 points to 12,173.14, the FBM 100 Index eased 17.74 points to 11,903.00, the FBM Emas Shariah Index fell 9.85 points to 12,212.18, the FBM 70 Index dropped 9.53 points to 17,061.95, and the FBM ACE Index lost 27.80 points to 5,293.01.
By sector, the Industrial Products and Services Index edged up 0.15 of-a-point to 174.34. The Energy Index slipped 0.10 of-a-point to 782.66, the Plantation Index lost 23.34 points to 7,780.21, and the Financial Services Index eased 26.33 points to 18,552.49.
Stay current - Follow FMT on WhatsApp, Google news and Telegram
Subscribe to our newsletter and get news delivered to your mailbox.
Registration on or use of this site constitutes acceptance of our Terms of Service, Privacy Policy and Cookies Policy.
Copyright © 2009 -2025FMT Media Sdn Bhd (1235453-U) All Rights Reserved. A part of Media Prima Group."
https://www.freemalaysiatoday.com/category/business/2025/10/03/regularisation-plan-rejected-knm-group-risks-delisting-next-month,"Regularisation plan rejected, KNM Group risks delisting next month",2025-10-03,"The process equipment manufacturer said trading of its securities on the main market will be suspended from Oct 13.
Its securities will be delisted on Nov 5 unless an appeal against the rejection of the proposed regularisation plan and delisting is submitted to Bursa Securities by Nov 2.
“In the event the company submits an appeal to Bursa Securities within the appeal timeframe, the delisting of the securities from the official list of Bursa Securities on Nov 5 will be deferred pending the decision on the company’s appeal.
“However, Bursa Securities will proceed to suspend the trading of the company’s securities on Oct 13 even though the decision on the company’s appeal is still pending,” it said in a filing with Bursa Malaysia today.
KNM said that upon the company’s delisting, it will continue to operate but as an unlisted entity.
The company slipped into PN17 status in October 2022 after its auditors raised material uncertainties on its ability to continue as a going concern.
KNM’s regularisation plan announced in August included the proposed disposal of Deutsche KNM GmbH, which owns crown jewel Borsig GmbH, for 270 million euros (RM1.3 billion) to pare debts.
Other measures include consolidating every four shares into one to reduce its share base, restructuring its balance sheet, and reducing its share capital to RM275.97 million to offset accumulated losses.
KNM’s shares ended half-a-sen higher at three sen on Friday, compared to 2.5 sen at Thursday’s close, with 842,400 shares changing hands.
Stay current - Follow FMT on WhatsApp, Google news and Telegram
Subscribe to our newsletter and get news delivered to your mailbox.
Registration on or use of this site constitutes acceptance of our Terms of Service, Privacy Policy and Cookies Policy.
Copyright © 2009 -2025FMT Media Sdn Bhd (1235453-U) All Rights Reserved. A part of Media Prima Group."
https://www.freemalaysiatoday.com/category/business/2025/10/03/ringgit-opens-higher-vs-greenback-on-fed-easing-hopes,Ringgit opens higher vs greenback on Fed easing hopes,2025-10-03,"At 8am, the local currency rose 30-pip to 4.2010/4.2150 from Thursday’s close of 4.2040/4.2090.
Bank Muamalat Malaysia Bhd chief economist Afzanizam Rashid said the US dollar-ringgit exchange rate was likely to remain stable, trading between 4.20 and 4.22 during the day.
“Market participants expect economic uncertainty from the shutdown to pressure the Fed to cut interest rates in the coming months, easing demand for the greenback and supporting emerging market currencies such as the ringgit,” he said.
He added that traders and investors are increasingly relying on private company surveys of the labour market to gauge economic conditions following the US government shutdown.
Afzanizam noted that the longest US shutdown, from Dec 22, 2018 to Jan 25, 2019, reduced US gross domestic product growth by 0.1 and 0.2 percentage points in the fourth quarter of 2018 and first quarter of 2019, respectively.
In early trading, the ringgit was also higher against a basket of major currencies.
It rose against the euro to 4.9248/4.9412 from 4.9410/4.9468, gained versus the British pound to 5.6482/5.6671 from 5.6741/5.6809, and strengthened against the Japanese yen to 2.8543/2.8640 from 2.8669/2.8705.
The local note traded mixed to higher against Asean currencies.
It appreciated versus the Thai baht to 12.9409/12.9920 from 12.9829/13.0040, firmed against the Singapore dollar to 3.2596/3.2707 from 3.2665/3.2707, and was largely unchanged against the Indonesian rupiah at 253.0/254.0 from 253.2/253.6.
The ringgit was flat versus the Philippine peso at 7.23/7.26 compared with 7.23/7.25 previously.
Stay current - Follow FMT on WhatsApp, Google news and Telegram
Subscribe to our newsletter and get news delivered to your mailbox.
Registration on or use of this site constitutes acceptance of our Terms of Service, Privacy Policy and Cookies Policy.
Copyright © 2009 -2025FMT Media Sdn Bhd (1235453-U) All Rights Reserved. A part of Media Prima Group."
https://www.freemalaysiatoday.com/category/business/2025/10/03/ringgit-snaps-4-day-winning-streak-to-close-lower-on-profit-taking,Ringgit snaps 4-day winning streak to close lower on profit-taking,2025-10-03,"Bank Muamalat Malaysia Bhd chief economist Afzanizam Abdul Rashid said it remains to be seen how soon the US government shutdown will end, with the non-farm payrolls data for September likely to be delayed.
“This will result in lower visibility about the latest trend in the labour markets, which, to some degree, could complicate the US Federal Reserve’s assessment,” he told Bernama.
At 6pm, the local note inched down to 4.2055/4.2125 against the greenback compared with yesterday’s close of 4.2040/4.2090.
At the close, the ringgit traded higher against a basket of major currencies.
It increased versus the euro to 4.9360/4.9442 from 4.9410/4.9468 at yesterday’s close, gained vis-à-vis the British pound to 5.6577/5.6671 from 5.6741/5.6809, and appreciated against the Japanese yen to 2.8537/2.8586 from 2.8669/2.8705 previously.
The local note traded mixed against Asean currencies.
It was up versus the Thai baht at 12.9807/13.0084 from 12.9829/13.0040 at yesterday’s close and inched up vis-à-vis the Singapore dollar to 3.2621/3.2678 from 3.2665/3.2707 yesterday.
However, it slid against the Indonesian rupiah to 253.9/254.4 from 253.2/253.6 yesterday and fell versus the Philippine peso at 7.26/7.28 compared with 7.23/7.25 previously.
Stay current - Follow FMT on WhatsApp, Google news and Telegram
Subscribe to our newsletter and get news delivered to your mailbox.
Registration on or use of this site constitutes acceptance of our Terms of Service, Privacy Policy and Cookies Policy.
Copyright © 2009 -2025FMT Media Sdn Bhd (1235453-U) All Rights Reserved. A part of Media Prima Group."
https://www.freemalaysiatoday.com/category/business/2025/10/06/bursa-closes-at-intraday-high-on-stronger-regional-performance,Bursa closes at intraday high on stronger regional performance,2025-10-06,"Rakuten Trade vice-president of equity research Thong Pak Leng said regional equities traded broadly stronger, with Japan’s Nikkei 225 reaching new record highs on speculation that newly elected Liberal Democratic Party leader Sanae Takichi will pursue a more accommodative fiscal stance.
“Trading sentiment was quiet overall; mainland China markets stayed closed for Golden Week and Hong Kong is set to be on holiday tomorrow. Back home, we remain positive on the local market with the return of foreign funds and improved trading volume.
“Attention now turns to the 1,650 resistance level. The brief consolidation period is a sign of strength, indicating that the market is digesting gains before resuming its advance. As such, we anticipate the FTSE Bursa Malaysia KLCI (FBM KLCI) to trend within the range of 1,620-1,650 for the week,” Thong told Bernama.
At 5pm, the FBM KLCI gained 3.03 points, or 0.19%, to 1,638.09 from Friday’s close of 1,635.06.
The benchmark index opened 1.08 points higher at 1,636.14, and hit its lowest level at 1,629.93 earlier in the trading session.
However, across the broader market, decliners outpaced gainers 729 to 403, while 464 counters were unchanged, 968 untraded, and seven suspended.
Turnover declined to 3.69 billion units worth RM2.61 billion, compared with 4.03 billion units valued at RM2.5 billion on Friday.
Among the heavyweights, Maybank added two sen to RM10.02, Public Bank was three sen higher at RM4.37, Tenaga Nasional rose eight sen to RM13.36, IHH Healthcare added 22 sen to RM8.35, while CIMB dropped one sen to RM7.67.
In active trading, KNM Group eased 2.5 sen to 0.5 sen, Borneo Oil and NexG were flat at 0.5 sen and 52 sen, respectively, while VS Industry dipped two sen to 55 sen and Tanco inched down 0.5 sen to 88.5 sen.
Besides IHH Healthcare, other top gainers included PPB Group, up 30 sen to RM10.52; Nestle, up 28 sen to RM97.30; Petronas Gas, up 24 sen to RM18.82; PIE Industrial, up 23 sen to RM3.49; and Kuala Lumpur Kepong, up 20 sen to RM20.40.
Top losers were KSL Holdings and Petronas Dagangan, down 34 sen each to RM2.99 and RM23.04, respectively; Malaysian Pacific Industries, down 22 sen to RM31; Allianz Malaysia, down 20 sen to RM17.80; and Far East Holdings, down 15 sen to RM4.10.
On the index board, the FBM Emas Index eased 0.75 of-a-point to 12,180.92, the FBM 100 Index gained 3.51 points to 11,912.47, and the FBM Emas Shariah Index increased 3.98 points to 12,197.71.
The FBM 70 Index fell 75.78 points to 17,014.42, while the FBM ACE Index decreased 13.65 points to 5,333.47.
By sector, the industrial products and services index inched down 0.83 of-a-point to 173.52, the energy index narrowed 1.53 points to 786.13, the plantation index added 23.39 points to 7,820.03, and the financial services index grew 33.51 points to 18,635.91.
Main Market volume fell to 1.99 billion units valued at RM2.27 billion, versus 2.49 billion units worth RM2.16 billion on Friday.
Warrants turnover expanded to 1.12 billion units worth RM154.52 million, compared with 933.77 million units valued at RM152.93 million on Friday.
The ACE Market volume decreased to 573.35 million shares valued at RM182.53 million against 603.87 million shares worth RM188.69 million previously.
On the Main Market, consumer products and services counters accounted for 296.34 million shares traded, followed by industrial products and services (401.58 million), construction (117.51 million), technology (332.71 million), financial services (54.4 million), property (178.36 million), plantation (17.65 million), REITs (19.05 million), closed/fund (58,600), energy (329.16 million), healthcare (102.93 million), telecommunications and media (63.92 million), transportation and logistics (39.57 million), utilities (40.48 million), and business trusts (119,200).
Stay current - Follow FMT on WhatsApp, Google news and Telegram
Subscribe to our newsletter and get news delivered to your mailbox.
Registration on or use of this site constitutes acceptance of our Terms of Service, Privacy Policy and Cookies Policy.
Copyright © 2009 -2025FMT Media Sdn Bhd (1235453-U) All Rights Reserved. A part of Media Prima Group."
https://www.freemalaysiatoday.com/category/business/2025/10/06/bursa-retreats-after-early-lift-on-mild-profit-taking,Bursa retreats after early lift on mild profit-taking,2025-10-06,"At 9.10am, the FTSE Bursa Malaysia KLCI (FBM KLCI) slipped 1.34 points to 1,633.72, down from Friday’s 1,635.06, after opening 1.08 points higher at 1,636.14.
Market breadth remained positive, with 200 gainers outnumbering 177 decliners. Meanwhile, 367 counters were unchanged, 1,820 untraded, and seven suspended.
Turnover stood at 258.73 million units, valued at RM104.81 million.
The local market initially tracked regional gains, with Singapore’s Straits Times Index up 0.09% at 4,415.82, South Korea’s Kospi gaining 2.70%, and Japan’s Nikkei advancing 4.21% to 47,697.07. Hong Kong’s Hang Seng Index was unchanged at 27,140.92.
Rakuten Trade Sdn Bhd vice-president of equity research Thong Pak Leng said Wall Street remained unconcerned about the ongoing US government shutdown, with major indices hitting record highs before profit-taking.
“There are, however, underlying concerns over the US economic and labour market health,” he added, noting that the US 10-year yield inched higher to 4.121%.
“Looking ahead, we believe trading on the local bourse will remain healthy on the back of improving daily volume. The return of foreign funds could act as a catalyst, and we anticipate the index will trend within the 1,635–1,650 range today,” Thong added.
Among heavyweights, Tenaga Nasional rose four sen to RM13.32, while Maybank and Public Bank were flat at RM10 and RM4.34, respectively. CIMB slipped four sen to RM7.64, and IHH Healthcare fell one sen to RM8.12.
In active trading, KNM Group lost 2.5 sen to RM0.50, NexG rose one sen to RM0.53, NexG Bina was unchanged at RM0.095, Erdasan Group gained 1.5 sen to RM0.14, and Sarawak Consolidated added one sen to RM0.22.
Top gainers included KESM Industries, up eight sen to RM3.94; KJTS Group, up seven sen to RM1.79; PJBumi and Sarawak Plantation, each rising six sen to RM2.16 and RM2.14, respectively; and Panasonic Manufacturing Malaysia, up five sen to RM0.588.
Top losers were Malaysian Pacific Industries and Ayer Holdings, each down eight sen to RM31.14 and RM7.60; SAM Engineering and Kein Hing International, down seven sen to RM4.48 and RM1.17, respectively; and Gamuda, which lost six sen to RM5.44.
On the index board, the FBM Emas Index fell 6.83 points to 12,174.84, the FBM 100 Index eased 9.89 points to 11,899.07, while the FBM Emas Shariah Index gained 1.71 points to 12,195.44.
The FBM 70 Index dropped 14.85 points to 17,075.35, while the FBM ACE Index rose 20.50 points to 5,367.62.
By sector, the Industrial Products and Services Index inched down 0.06 of-a-point to 17,429, the Energy Index rose 0.73 of-a-point to 788.39, the Plantation Index gained 12.17 points to 7,808.81, and the Financial Services Index fell 21.63 points to 18,580.77.
Stay current - Follow FMT on WhatsApp, Google news and Telegram
Subscribe to our newsletter and get news delivered to your mailbox.
Registration on or use of this site constitutes acceptance of our Terms of Service, Privacy Policy and Cookies Policy.
Copyright © 2009 -2025FMT Media Sdn Bhd (1235453-U) All Rights Reserved. A part of Media Prima Group."
https://www.freemalaysiatoday.com/category/business/2025/10/06/dnex-strengthens-og-business-after-bagging-petronas-jobs,DNeX strengthens O&G business after bagging Petronas jobs,2025-10-06,"In the downstream sector, its subsidiary OGPC Sdn Bhd clinched a one-year proof of concept (POC) contract from Petronas Dagangan Bhd (PDB) to maintain 50 Petronas stations in the Klang Valley, starting July 1, 2025.
PDB has over 1,000 stations across Malaysia while there are about 3,500 petrol stations of all brands throughout the country.
As part of the contract, OGPC’s full suite of services will leverage on DNeX IT’s solutions and artificial intelligence (AI) services.
DNeX group CEO Faizal Sham Abu Mansor said the contract with PDB aligns with the group’s strategic goal to boost revenue by expanding its footprint in the retail downstream O&G sector.
“This opportunity enables DNeX Energy to leverage on the group’s capability and expertise to offer a suite of services through the POC model, before embarking on a full-fledged opportunity upon conclusion of the POC,” he said in a statement today.
In the upstream sector, its subsidiary Ping Petroleum Sdn Bhd (PPSB) received approval from Petronas Malaysia Petroleum Management for its field development and abandonment plan for the BETA cluster and undeveloped fields within the Abu Cluster.
DNeX said this key approval green lights the development of five fields, collectively referred to as the Greater Abu Development Area, significantly expanding PPSB’s production capabilities in Malaysia.
The Abu Cluster is located in the Malay Basin, approximately 200-250km off the east coast of Peninsular Malaysia in the South China Sea.
DNeX said the expanded development can leverage shared infrastructure, hence creating substantial operational expenditure synergies.
The Greater Abu Development falls under Malaysia’s late-life asset and small field asset production sharing contracts, which Petronas introduced to encourage operators to develop and maintain production from brownfields and untapped marginal fields.
PPSB also recently secured a crude oil offtake arrangement for its crude from both the Anasuria Cluster (in the North Sea) and Abu with Petronas Trading Corp (Petco).
“Our development plan and the offtake arrangement entered with Petco will also ensure sustainable cashflow coming into Ping, once the first oil is produced in the Abu field,” Faizal said.
Its immediate focus will be on the reactivation of the Abu Cluster, where field work is progressing towards a targeted first oil in 2026 with an expected initial production rate of 3,000 barrels per day.
Ping Petroleum operates through two arms, namely PPSB for its Malaysian operations and Ping Petroleum UK Plc for its UK operations.
The Abu and BETA developments represent the next phase in DNeX’s plan to replicate its successful low-cost operating model in the UK where the group has operated the Anasuria Cluster profitably since 2016.
DNeX operates three key business divisions – semiconductor, energy, and information technology.
The stock closed 2% or half a sen higher at 26 sen, valuing it at RM904 million. Year to date, the share price is down 13%.
Stay current - Follow FMT on WhatsApp, Google news and Telegram
Subscribe to our newsletter and get news delivered to your mailbox.
Registration on or use of this site constitutes acceptance of our Terms of Service, Privacy Policy and Cookies Policy.
Copyright © 2009 -2025FMT Media Sdn Bhd (1235453-U) All Rights Reserved. A part of Media Prima Group."
https://www.freemalaysiatoday.com/category/business/2025/10/06/ringgit-extends-losses-as-us-dollar-strengthens,Ringgit extends losses as US dollar strengthens,2025-10-06,"Bank Muamalat Malaysia Bhd chief economist Afzanizam Abdul Rashid said the US dollar-ringgit exchange rate moved in a narrow range today, hovering around RM4.2103 to RM4.2180.
He also noted that the Japanese yen weakened the most against the US dollar with the dollar-yen rate surpassing 150 yen, as incoming prime minister Sanae Takaichi is likely to favour pro-growth policies.
“Such situation appears to have benefitted the US dollar. Regional currencies also depreciated against the US dollar,” he told Bernama.
At 6pm, the local note eased to 4.2135/4.2180 versus the greenback compared with Friday’s close of 4.2055/4.2125.
At the close, the ringgit traded mostly higher against a basket of major currencies.
It increased versus the euro to 4.9155/4.9207 from 4.9360/4.9442 at Friday’s close and appreciated against the Japanese yen to 2.8019/2.8051 from 2.8537/2.8586 at the end of last week, but weakened vis-à-vis the British pound to 5.6608/5.6669 from 5.6577/5.6671.
The local note traded mixed against Asean currencies.
It inched up vis-à-vis the Singapore dollar to 3.2562/3.2599 from 3.2621/3.2678 at Friday’s close and rose versus the Philippine peso to 7.22/7.23 from 7.26/7.28 previously.
However, it slipped against the Thai baht to 12.9810/13.0009 from 12.9807/13.0084 on Friday and slid versus the Indonesian rupiah to 254.0/254.4 from 253.9/254.4.
Stay current - Follow FMT on WhatsApp, Google news and Telegram
Subscribe to our newsletter and get news delivered to your mailbox.
Registration on or use of this site constitutes acceptance of our Terms of Service, Privacy Policy and Cookies Policy.
Copyright © 2009 -2025FMT Media Sdn Bhd (1235453-U) All Rights Reserved. A part of Media Prima Group."
https://www.freemalaysiatoday.com/category/business/2025/10/06/ringgit-opens-lower-as-markets-await-budget-2026-fiscal-cues,Ringgit opens lower as markets await Budget 2026 fiscal cues,2025-10-06,"At 8.08am, the ringgit eased to 4.2110/4.2180 against the greenback from last Friday’s close of 4.2055/4.2125.
Bank Muamalat Malaysia Bhd chief economist, Afzanizam Rashid, said the US dollar-ringgit exchange rate could hover between RM4.21 and RM4.22 today, as markets stay cautious before Friday’s budget announcement.
“All eyes are on Budget 2026 this week. We expect the government to maintain fiscal discipline, with a further narrowing of the budget deficit next year,” he noted.
Afzanizam said the budget allocation is likely to remain stable, supporting domestic demand through both consumption and investment.
He added that sentiment should be broadly positive for the ringgit, as the government remains committed to fiscal prudence while balancing the need to spur economic growth.
At the early session, the ringgit traded higher against a basket of major currencies.
It rose versus the euro to 4.9336/4.9418 from 4.9360/4.9442 last Friday, inched up against the British pound to 5.6571/5.6665 from 5.6577/5.6671, and appreciated against the Japanese yen to 2.8158/2.8206 from 2.8537/2.8586 previously.
The local note, however, was mostly lower against Asean currencies.
It weakened versus the Thai baht to 13.0005/13.0282 from 12.9807/13.0084 last Friday, slipped against the Indonesian rupiah to 254.2/254.7 from 253.9/254.4, and eased versus the Philippine peso to 7.27/7.29 from 7.26/7.28.
However, it strengthened against the Singapore dollar to 3.2598/3.2657 from 3.2621/3.2678.
Stay current - Follow FMT on WhatsApp, Google news and Telegram
Subscribe to our newsletter and get news delivered to your mailbox.
Registration on or use of this site constitutes acceptance of our Terms of Service, Privacy Policy and Cookies Policy.
Copyright © 2009 -2025FMT Media Sdn Bhd (1235453-U) All Rights Reserved. A part of Media Prima Group."
https://www.freemalaysiatoday.com/category/business/2025/10/07/bursa-ends-lower-on-profit-taking-after-recent-gains,Bursa ends lower on profit-taking after recent gains,2025-10-07,"IPPFA Sdn Bhd director of investment strategy and country economist Sedek Jantan said today’s pullback remained orderly and should be viewed as a healthy consolidation rather than a sign of structural weakness.
“Today’s decline was primarily driven by domestic profit-taking rather than any deterioration in market fundamentals. Hence, we expect the FBM KLCI to hold above the 1,609 support level this week,” he told Bernama.
At 5pm, the FTSE Bursa Malaysia KLCI (FBM KLCI) fell 8.06 points, or 0.49%, to 1,630.03, from yesterday’s close of 1,638.09.
The benchmark index opened 2.03 points lower at 1,636.06, and moved between 1,624.35 and 1,636.50 throughout the trading session.
The market breadth was negative, with 717 decliners overwhelming 368 gainers, while 463 counters were unchanged, 1,028 remained untraded, and seven were suspended.
Turnover dropped to 3.48 billion units worth RM2.99 billion, compared with 3.69 billion units valued at RM2.61 billion yesterday.
Among heavyweight counters, IHH Healthcare lost 16 sen to RM8.19, Maybank dropped seven sen to RM9.95, and Maxis eased six sen to RM3.64. Tenaga Nasional fell eight sen to RM13.28, and Gamuda erased seven sen to RM5.40.
In active trade, Borneo Oil and Pharmaniga were unchanged at 0.5 sen and 28.5 sen, respectively. ACE Market debutant Cheeding soared 37.5 sen to 73.5 sen, while NexG slipped 1.5 sen to 87.5 sen, and Tanco dipped 2.5 sen to 86 sen.
Besides Cheeding, other top gainers included Malaysian Pacific Industries, which jumped 48 sen to RM31.48, while Nestle added 36 sen to RM97.66 and Fraser and Neave gained 28 sen to RM28.28. Unisem bounced 21 sen to RM3.56, and PPB was 16 sen firmer at RM10.68.
Top losers included Malayan Cement, which went down 21 sen to RM6.73, while Kluang Rubber lost 20 sen to RM5.50 and LPI slid 18 sen to RM14.40. Batu Kawan slipped 16 sen to RM18.82, and KESM Industries erased 15 sen to RM3.77.
On the index board, the FBM Emas Index eased 53.60 points to 12,127.32, the FBMT 100 Index erased 52.62 points to 11,859.85, and the FBM Emas Shariah Index fell 64.37 points to 12,133.34.
The FBM 70 Index fell 48.82 points to 16,965.60, while the FBM ACE Index reduced 22.06 points to 5,311.41.
By sector, the industrial products and services index inched up 0.07 of a point to 173.59, while the energy index narrowed 5.56 points to 780.57, and the plantation index shed 26.18 points to 7,793.85. The financial services index was 63.96 points lower at 18,571.95.
The Main Market volume rose to 2.37 billion units valued at RM2.63 billion, versus 1.99 billion units worth RM2.27 billion yesterday.
Warrants turnover dropped to 410.23 million units worth RM39.22 million, compared with 1.12 billion units valued at RM154.52 million yesterday.
The ACE Market volume increased to 703.19 million shares, valued at RM316.30 million, compared with 573.35 million shares worth RM182.53 million previously.
On the Main Market, consumer products and services counters accounted for 357 million shares traded, followed by industrial products and services (706.90 million), construction (160.11 million), technology (273.56 million), financial services (63.26 million), property (196.64 million), plantation (25.02 million), REITs (20.32 million), closed/fund (102,000), energy (201.89 million), healthcare (211.33 million), telecommunications and media (56.26 million), transportation and logistics (60.46 million), utilities (36.96 million), and business trusts (6,000).
Stay current - Follow FMT on WhatsApp, Google news and Telegram
Subscribe to our newsletter and get news delivered to your mailbox.
Registration on or use of this site constitutes acceptance of our Terms of Service, Privacy Policy and Cookies Policy.
Copyright © 2009 -2025FMT Media Sdn Bhd (1235453-U) All Rights Reserved. A part of Media Prima Group."
https://www.freemalaysiatoday.com/category/business/2025/10/07/bursa-opens-lower-amid-mixed-wall-street-performance,Bursa opens lower amid mixed Wall Street performance,2025-10-07,"At 9.10am, the FTSE Bursa Malaysia KLCI (FBM KLCI) slipped 6.16 points, or 0.38%, to 1,631.93 against Monday’s close at 1,638.09.
The benchmark index opened 2.03 points lower at 1,636.06.
Market breadth was negative, with 251 decliners outnumbering 112 gainers, 301 counters were unchanged, 1,912 untraded, and seven suspended.
Turnover stood at 474.28 million units, valued at RM134.27 million.
Rakuten Trade Sdn Bhd vice-president of equity research Thong Pak Leng said Wall Street ended on a mixed note overnight, but other major markets touched record highs, spurred by merger and acquisition optimism.
He said the US government shutdown continues, with the US 10-year yield trending higher at 4.16%.
“On the home front, the FBM KLCI saw signs of improving retail participation over the last few days with improved trading volume.
“Therefore, we expect the index to hover within the 1,635-1,645 range today. Meanwhile, gold price surged to another record high at US$3,940 per troy ounce.
Among the heavyweights, Maybank and CIMB lost four sen each to RM9.98 and RM7.63, respectively. Public Bank fell one sen to RM4.36, Tenaga Nasional slipped two sen to RM13.34 and IHH Healthcare dipped six sen to RM8.29.
In active trading, Borneo Oil and KNM Group were flat at half-a-sen, ACE-Market debutant Cheeding Holding grew 40 sen to 76 sen, Mtouche Technology gained one sen to seven sen and Dagang Nexchange inched up half-a-sen to 26.5 sen.
Besides Cheeding, other top gainers included Malaysian Pacific Industries, up 24 sen to RM31.24; Mega First Corporation, up nine sen to RM3.89; UWC rising five sen to RM4.22; and MI Technovation, up four sen to RM2.73.
Top losers were Petronas Gas and Far East Holdings, each down 20 sen to RM18.62 and RM3.90, respectively. United Plantations was down 18 sen to RM23.30; PPB Group fell 14 sen to RM10.38 and PJBumi, lost nine sen to RM2.72.
On the index board, the FBM Emas Index fell 39.13 points to 12,141.79, the FBM 100 Index decreased 39.63 points to 11,872.84 while the FBM Emas Shariah Index dropped 38.59 points to 12,159.12.
The FBM 70 Index narrowed 34.09 points to 16,980.33, while the FBM ACE Index eased 0.60 of a point to 5,332.87.
By sector, the Industrial Products and Services Index inched down 0.05 of a point to 173.47, the Energy Index reduced 1.06 points to 785.07, the Plantation Index declined 21.78 points to 7,798.25, and the Financial Services Index shed 58.56 points to 18,577.35.
Stay current - Follow FMT on WhatsApp, Google news and Telegram
Subscribe to our newsletter and get news delivered to your mailbox.
Registration on or use of this site constitutes acceptance of our Terms of Service, Privacy Policy and Cookies Policy.
Copyright © 2009 -2025FMT Media Sdn Bhd (1235453-U) All Rights Reserved. A part of Media Prima Group."
https://www.freemalaysiatoday.com/category/business/2025/10/07/ringgit-advances-on-fiscal-optimism-ahead-of-budget-2026,Ringgit advances on fiscal optimism ahead of Budget 2026,2025-10-07,"At 8am, the local note increased to 4.2100/4.2205 versus the greenback compared with yesterday’s close of 4.2135/4.2180.
Bank Muamalat Malaysia Bhd chief economist Afzanizam Rashid said attention will be focused on the tabling of Budget 2026 on Friday, which is expected to drive market sentiment this week.
He also highlighted the need to stimulate domestic demand.
“Traders are watching this space. On that note, the ringgit is likely to trade between RM4.21 and RM4.22 today,” he added.
The ringgit was traded mixed against a basket of major currencies in today’s early session.
It decreased versus the euro to 4.9295/4.9418 from 4.9155/4.9207 at Monday’s close, weakened vis-à-vis the British pound to 5.6768/5.6909 from 5.6608/5.66691, but appreciated against the Japanese yen to 2.7996/2.8067 from 2.8019/2.8051 previously.
The local note traded mostly higher against Asean currencies. It appreciated against the Thai baht to 12.9614/12.9994 from 12.9810/13.0009 yesterday, improved versus the Indonesian rupiah to 253.8/254.6 from 254.0/254.4 and rose versus the Philippine peso to 7.21/7.24 from 7.22/7.23 previously.
It fell vis-à-vis the Singapore dollar to 3.2603/3.2687 from 3.2562/3.2599 at Monday’s close.
Stay current - Follow FMT on WhatsApp, Google news and Telegram
Subscribe to our newsletter and get news delivered to your mailbox.
Registration on or use of this site constitutes acceptance of our Terms of Service, Privacy Policy and Cookies Policy.
Copyright © 2009 -2025FMT Media Sdn Bhd (1235453-U) All Rights Reserved. A part of Media Prima Group."
https://www.freemalaysiatoday.com/category/business/2025/10/07/ringgit-ends-higher-against-us-dollar-3,Ringgit ends higher against US dollar,2025-10-07,"At 6pm, the local currency was quoted at 4.2125/4.2155 against the greenback, slightly firmer than yesterday’s 4.2135/4.2180.
Bank Muamalat Malaysia Bhd chief economist Afzanizam Rashid said the USD/MYR pair remained in a narrow range, hovering around RM4.21.
He noted that the US Dollar Index (DXY) stayed elevated, supporting a stronger greenback amid ongoing political uncertainties in advanced economies.
“The upcoming Budget 2026 is likely to provide near-term support for the ringgit,” he told Bernama.
At the close, the ringgit was mostly higher against a basket of major currencies. It rose against the euro to 4.9135/4.9170 from 4.9155/4.9207 and strengthened versus the Japanese yen to 2.7938/2.7960 from 2.8019/2.8051, but eased against the British pound to 5.6620/5.6661 from 5.6608/5.6669.
The local currency traded mostly weaker against Asean currencies.
It inched up against the Thai baht to 12.9532/12.9688 from 12.9810/13.0009 yesterday.
It slipped versus the Singapore dollar to 3.2587/3.2613 from 3.2562/3.2599, fell against the Philippine peso to 7.25/7.26 from 7.22/7.23, and declined versus the Indonesian rupiah to 254.3/254.6 from 254.0/254.4.
Stay current - Follow FMT on WhatsApp, Google news and Telegram
Subscribe to our newsletter and get news delivered to your mailbox.
Registration on or use of this site constitutes acceptance of our Terms of Service, Privacy Policy and Cookies Policy.
Copyright © 2009 -2025FMT Media Sdn Bhd (1235453-U) All Rights Reserved. A part of Media Prima Group."
https://www.freemalaysiatoday.com/category/business/2025/10/08/bursa-extends-loss-amid-weaker-regional-markets,Bursa extends loss amid weaker regional markets,2025-10-08,"IPPFA Sdn Bhd’s director of investment strategy and country economist Sedek Jantan said market sentiment is turning defensive amid rising concerns that the fiscal impasse in Washington could extend beyond one month.
He noted that the trading patterns among the FBM KLCI constituents appeared more defined compared to earlier in the week, with consumer stocks supported by renewed buying interest following the Budi Madani RON95 (BUDI95) initiative, which has bolstered household spending capacity.
“However, the broader market tone remains cautious as investors weigh the potential spillover risks from a prolonged US shutdown, as this could dampen US growth momentum and ripple through trade-dependent economies,” he told Bernama.
At 5pm, the FTSE Bursa Malaysia KLCI (FBM KLCI) dipped 2.53 points, or 0.16%, to 1,627.50, from yesterday’s close of 1,630.03.
The benchmark index had opened 1.88 points lower at 1,628.15, and hit its lowest level at 1,621.17 earlier in the trading session.
The market breadth was negative, with 623 decliners outpacing 463 gainers, while 475 counters were unchanged, 1,023 remained untraded, and eight were suspended.
Turnover expanded to 3.66 billion units worth RM2.72 billion, compared with 3.48 billion units valued at RM2.99 billion yesterday.
Among the heavyweight counters, Maybank gained five sen to RM10, while Public Bank slipped two sen to RM4.34, and CIMB Group lost 10 sen to RM7.66. Tenaga Nasional dipped eight sen to RM13.20, and IHH Healthcare dropped nine sen to RM8.10.
On the most active list, KNM Group and Borneo Oil were both unchanged at 0.5 sen, while VS Industry was flat at 55.5 sen. Zetrix AI slipped 0.5 sen to 83.5 sen and Tanco dipped one sen to 85 sen.
Of the top gainers, Nestle bounced RM1.64 to RM99.30, and Hi Mobility soared 32 sen to RM2.72, while PPB and Kuala Lumpur Kepong added 30 sen each to RM10.98 and RM20.60, respectively. Sunway Construction grew 26 sen to RM6.15.
As for the top decliners, Malaysian Pacific Industries fell 66 sen to RM30.82, Hong Leong Industries dropped 22 sen each to RM14.02, and KSL gave up 16 sen to RM2.80. Unisem lost 14 sen to RM3.42, and Mesiniaga trimmed 10 sen to RM1.27.
On the index board, the FBM Emas Index slid 12.72 points to 12,114.60, and the FBM 100 Index declined 13.95 points to 11,845.90, while the FBM Emas Shariah Index dropped 12.79 points to 12,120.55.
The FBM 70 Index shaved 0.59 of a point to 16,965.01, while the FBM ACE Index weakened 42.38 points to 5,269.03.
Sector-wise, the industrial products and services index trimmed 0.07 of a point to 173.52, the financial services index fell 43.62 points to 18,528.33, while the energy index gained 11.46 points to 792.03. The plantation index added 36.63 points to 7,830.48.
The Main Market volume slipped to 1.74 billion units valued at RM2.34 billion, versus 2.37 billion units worth RM2.63 billion on Tuesday.
Warrants turnover expanded to 1.51 billion units worth RM206.67 million, compared with 410.23 million units valued at RM39.22 million yesterday.
The ACE Market volume fell to 411.47 million shares, valued at RM167.37 million, compared to 703.19 million shares worth RM316.30 million previously.
On the Main Market, consumer products and services counters accounted for 239.50 million shares traded, followed by industrial products and services (321.32 million), construction (128.81 million), technology (222.74 million), financial services (45.56 million), property (238.98 million), plantations (39.28 million), REITs (26.74 million), closed/fund (77,000), energy (268.01 million), healthcare (99.54 million), telecommunications and media (45.38 million), transportation and logistics (35.85 million), utilities (26.30 million) and business trusts (928,100).
Stay current - Follow FMT on WhatsApp, Google news and Telegram
Subscribe to our newsletter and get news delivered to your mailbox.
Registration on or use of this site constitutes acceptance of our Terms of Service, Privacy Policy and Cookies Policy.
Copyright © 2009 -2025FMT Media Sdn Bhd (1235453-U) All Rights Reserved. A part of Media Prima Group."
https://www.freemalaysiatoday.com/category/business/2025/10/08/bursa-opens-lower-dragged-by-wall-street-weakness,"Bursa opens lower, dragged by Wall Street weakness",2025-10-08,"At 11am, the FTSE Bursa Malaysia KLCI (FBM KLCI) declined 5.26 points to 1,624.77 from Tuesday’s closing of 1,630.03.
The benchmark had opened 1.88 points lower at 1,628.15.
Market breadth was negative with 504 decliners against 328 gainers. A total of 424 counters were unchanged, 1,328 untraded, and eight suspended.
Turnover stood at 1.73 billion units, valued at RM801.85 million.
In a note, Maybank Investment Bank Bhd said it is advisable to keep stop-loss levels tight to protect gains.
“We expect the benchmark index to range between 1,620 and 1,640 today, with supports remaining at 1,550 and 1,500,” the investment bank said.
Among heavyweights, Maybank gained one sen to RM9.96, while Public Bank slipped two sen to RM4.34, CIMB Group lost five sen to RM7.62, and Tenaga Nasional and IHH Healthcare were flat at RM13.28 and RM8.19, respectively.
In active trading, KNM Group and TWL were flat at 0.5 sen and three sen, respectively. Tanco gained one sen to 87 sen, while Land & General and Pharmaniaga rose 0.5 sen each to 16 sen and 29 sen, respectively.
Top gainers included PPB, up 24 sen to RM10.92; Nestle, 22 sen higher at RM97.88; Kuala Lumpur Kepong, rising 20 sen to RM20.50; Sunway Construction, increasing 11 sen to RM6; and United Plantations, edging up 10 sen to RM23.62.
Of the top losers, Malaysian Pacific Industries was down 62 sen to RM30.86; Unisem and Fraser and Neave were 12 sen lower at RM3.44 and RM28.16, respectively; MISC dipped 10 sen to RM7.16; and Gamuda shed nine sen to RM5.31.
On the index board, the FBM Emas Index fell 32.27 points to 12,095.05 and the FBM 100 Index declined 34.22 points to 11,825.63, while the FBM Emas Shariah Index dropped 22.40 points to 12,110.94.
The FBM 70 Index narrowed 31.49 points to 16,934.11, while the FBM ACE Index lost 29.67 points to 5,281.74.
Sector-wise, the Industrial Products and Services Index fell 0.37 of a point to 173.22 and the Financial Services Index slid 92.63 points to 18,479.31, while the Energy Index gained 5.09 points to 785.66, and the Plantation Index rose 16.24 points to 7,810.09.
Stay current - Follow FMT on WhatsApp, Google news and Telegram
Subscribe to our newsletter and get news delivered to your mailbox.
Registration on or use of this site constitutes acceptance of our Terms of Service, Privacy Policy and Cookies Policy.
Copyright © 2009 -2025FMT Media Sdn Bhd (1235453-U) All Rights Reserved. A part of Media Prima Group."
https://www.freemalaysiatoday.com/category/business/2025/10/08/ringgit-ends-lower-against-us-dollar-13,Ringgit ends lower against US dollar,2025-10-08,"“The US dollar/ringgit traded within a narrow range of RM4.21 to RM4.22 as traders and investors remained cautious on the state of the US economy with the government shutdown still in place,” Bank Muamalat Malaysia Bhd chief economist Afzanizam Rashid told Bernama.
He noted that the tabling of Budget 2026 this Friday could, to some extent, determine the future trend.
“Should the government remain committed to maintaining fiscal discipline, it could lead to further appreciation of the ringgit. For now, there is a wait-and-see attitude amid the external uncertainties,” he said.
At 6pm, the local currency was pegged at 4.2140/4.2195 versus the greenback, slightly lower than yesterday’s closing rate of 4.2125/4.2155.
At the close, the ringgit was higher against a basket of major currencies.
It appreciated versus the euro to 4.8941/4.9005 from 4.9135/4.9170 at yesterday’s close, strengthened vis-a-vis the Japanese yen to 2.7559/2.7596 from 2.7938/2.7960 yesterday, and rose against the British pound to 5.6501/5.6575 from 5.6620/5.6661 previously.
The ringgit was mostly firmer against Asean currencies.
The local currency advanced versus the Thai baht to 12.9506/12.9739 from 12.9532/12.9688 at yesterday’s close, gained against the Singapore dollar to 3.2503/3.2548 from 3.2587/3.2613 previously, and edged up vis-a-vis the Indonesian rupiah to 254.2/254.7 from 254.3/254.6.
However, the ringgit fell against the Philippine peso to 7.27/7.28 from 7.25/7.26 yesterday.
Stay current - Follow FMT on WhatsApp, Google news and Telegram
Subscribe to our newsletter and get news delivered to your mailbox.
Registration on or use of this site constitutes acceptance of our Terms of Service, Privacy Policy and Cookies Policy.
Copyright © 2009 -2025FMT Media Sdn Bhd (1235453-U) All Rights Reserved. A part of Media Prima Group."
https://www.freemalaysiatoday.com/category/business/2025/10/08/ringgit-rises-vs-us-dollar-other-major-currencies,"Ringgit rises vs US dollar, other major currencies",2025-10-08,"At 8am, the local currency strengthened to 4.2075/4.2260 against the greenback from yesterday’s close of 4.2125/4.2155.
Bank Muamalat Malaysia Bhd chief economist Afzanizam Rashid said the USD/MYR pair is expected to trade within a narrow range, as the upcoming budget announcement is likely to offer greater clarity on Malaysia’s economic outlook.
“The dollar-ringgit is expected to trade between RM4.21 and RM4.22 today,” he added.
Further supporting the ringgit, Kenanga Investment Bank Bhd said Bank Negara Malaysia’s international reserves rose by US$0.9 billion in September to US$123.6 billion – the highest level in nearly 11 years – mainly due to strong gold revaluation gains and higher foreign exchange reserves.
In a note today, the investment bank said in ringgit terms, total reserves reached RM520.9 billion, marking a four-month high.
“Despite bond outflows, net foreign exchange reserves climbed to a three-year high of US$73.3 billion, supported by ongoing corporate forex repatriation, which helps underpin the ringgit’s resilience,” it said.
Kenanga Investment Bank added that the ringgit was among the best-performing Asean-5 currencies in September, extending gains for an eighth straight month.
“While softer global demand may temper growth in the second half of 2025, domestic momentum should hold, driven by services, household spending, targeted policy measures and structural reforms.
“At this juncture, the current policy rate remains supportive of growth, and rate cuts appear unnecessary as long as domestic demand stays firm,” it added.
At the opening, the ringgit was higher against a basket of major currencies.
It rose against the euro to 4.9030/4.9246 from 4.9135/4.9170, strengthened versus the Japanese yen to 2.7663/2.7786 from 2.7938/2.7960, and appreciated against the British pound to 5.6465/5.6713 from 5.6620/5.6661.
Against Asean currencies, the local note also traded higher.
It advanced against the Thai baht to 12.9473/13.0115 from 12.9532/12.9688, firmed versus the Singapore dollar to 3.2520/3.2669 from 3.2587/3.2613, edged up against the Philippine peso to 7.24/7.27 from 7.25/7.26, and strengthened versus the Indonesian rupiah to 254.0/255.2 from 254.3/254.6.
Stay current - Follow FMT on WhatsApp, Google news and Telegram
Subscribe to our newsletter and get news delivered to your mailbox.
Registration on or use of this site constitutes acceptance of our Terms of Service, Privacy Policy and Cookies Policy.
Copyright © 2009 -2025FMT Media Sdn Bhd (1235453-U) All Rights Reserved. A part of Media Prima Group."
https://www.freemalaysiatoday.com/category/business/2025/10/09/asia-bonds-look-vulnerable-as-fed-rate-cuts-deliver-less-support,Asia bonds look vulnerable as Fed rate cuts deliver less support,2025-10-09,"Global funds already have reason to head elsewhere as the current spreads on emerging Asian debt over US Treasuries are below their historical averages, suggesting they are expensive.
Regional policymakers have largely front-loaded rate cuts, trimming their benchmarks by about three times as much as the Fed since the start of 2025.
“One prominent headwind to emerging-market performance relates to the diminished valuations appeal of local assets” due to reasons such as lower nominal bond yields, Societe Generale SA strategists, including Phoenix Kalen and Kiyong Seong, wrote in a research note last week.
Emerging Asian bonds have returned just 4.1% this year, versus 5.5% for Treasuries and 7.1% for developing-nation debt as a whole, according to Bloomberg indexes.
Central banks in Indonesia, India, Malaysia, Thailand, South Korea and the Philippines have trimmed their benchmark rates by a cumulative 450 basis points so far in 2025.
That works out an average of 75 basis points each, versus just 25 basis points for the Fed.
The situation was a lot different when US policymakers began their current easing cycle back in September 2024.
At that time, the prospect of Fed rate cuts was seen as opening the door for more easing from its Asian counterparts.
Yields on 10-year bonds from eight Asian economies climbed by an average six basis points in September as the Fed made its first rate cut this year.
When the US central bank began to ease in September 2024 with a 50 basis-point move, emerging Asian yields fell by an average of 13 basis points.
Narrower spreads
Thailand’s 10-year yield is around 270 basis points lower than that of similar-maturity Treasuries, which is 1.7 standard deviations below its three-year average.
The same gauge for all other Asian peers is also negative, meaning current spreads are below historical levels.
Asian bonds also stand to gain less from any further rally in Treasuries.
The average 30-day correlation between yields on US 10-year notes and similar-maturity emerging-Asian bonds is around 0.05.
That compares with 0.15 for debt from Eastern Europe, Middle East and Africa, and 0.41 for securities from Latin America.
A value of 1 would mean the securities move in lockstep.
With US rate expectations largely priced in over the next six months, the “focus is now shifting to domestic fundamentals,” said Rajeev De Mello, global macro portfolio manager at Gama Asset Management SA.
Investors are likely to reward economies with “coherent and credible policy frameworks,” he said.
Stay current - Follow FMT on WhatsApp, Google news and Telegram
Subscribe to our newsletter and get news delivered to your mailbox.
Registration on or use of this site constitutes acceptance of our Terms of Service, Privacy Policy and Cookies Policy.
Copyright © 2009 -2025FMT Media Sdn Bhd (1235453-U) All Rights Reserved. A part of Media Prima Group."
https://www.freemalaysiatoday.com/category/business/2025/10/09/bursa-ends-higher-ahead-of-budget-2026,Bursa ends higher ahead of Budget 2026,2025-10-09,"Prime Minister Anwar Ibrahim, who is also the finance minister, is scheduled to table Budget 2026 in Parliament tomorrow.
IPPFA Sdn Bhd director of investment strategy and country economist Sedek Jantan said the improving market breadth reflects a more constructive risk appetite and a gradual shift in investor positioning towards cyclical recovery themes.
“The FBM70 recorded a strong rebound, signalling that mid-cap counters outperformed, a pattern typically observed in markets anticipating growth-oriented fiscal policies.
“It has served as a barometer of domestic investor sentiment ahead of the national budget announcements,” he added.
“The recent strength in mid-cap stocks, therefore, suggests that investors are positioning for a fiscal framework that reinforces domestic demand, stimulates private investment and supports Malaysia’s medium-term growth trajectory,” he told Bernama.
At 5pm, the FTSE Bursa Malaysia KLCI (FBM KLCI) rose 2.17 points, or 0.13% to 1,629.67 from yesterday’s close of 1,627.50.
The benchmark index had opened 1.37 points higher at 1,628.87 and moved between 1,626.67 and 1,632.53 throughout the trading session.
Market breadth was positive with gainers outpacing decliners 743 to 391, while 493 counters were unchanged, 975 remained untraded and seven were suspended.
Turnover expanded to 4.74 billion units worth RM3.62 billion, compared with 3.66 billion units valued at RM2.72 billion yesterday.
Among the heavyweights, Maybank and IHH Healthcare remained unchanged at RM10 and RM8.10, respectively. Public Bank lost 5 sen to RM4.29, CIMB fell 9 sen to RM7.57, while Tenaga Nasional gained 8 sen to RM13.28.
On the most active list, Top Glove increased 9 sen to 67 sen, Borneo Oil and Tanco were flat at 0.5 sen and 85 sen respectively, Land & General and Zetrix AI edged up 1.5 sen each to 18 sen and 85 sen.
Top gainers included Malaysian Pacific Industries and Ajinomoto, which surged 34 sen each to RM31.16 and RM13.98. Malayan Cement climbed 30 sen to RM7.08; Nestle and Hong Leong Industries were 26 sen higher at RM99.56 and RM14.28, respectively.
Top losers included Bintulu Port and Petronas Dagangan which declined 30 sen each to RM5.50 and RM22.70 respectively; Fraser and Neave dipped 28 sen to RM28.10 and LPI lost 10 sen to RM14.38.
On the index board, the FBM Emas Index added 66.75 points to 12,181.35, the FBM 100 Index notched up 61.80 points to 11,907.70, and the FBM Emas Shariah Index advanced 125.56 points to 12,246.11.
The FBM 70 Index racked up 288.59 points to 17,253.60 while the FBM ACE Index grew 22.10 points to 5,291.13.
By sector, the industrial products and services index edged up 1.34 points to 174.86, the plantation index rose 73.97 points to 7,904.45, and the energy index inched up 2.93 points to 794.96, while the financial services index slid 75.48 points to 18,452.85.
The Main Market volume rose to 2.18 billion units valued at RM3.13 billion, versus 1.74 billion units worth RM2.34 billion yesterday.
Warrants turnover expanded to 1.99 billion units worth RM280.05 million, compared to 1.51 billion units valued at RM206.67 million yesterday.
The ACE Market volume climbed to 579.29 million shares, valued at RM207.97 million, compared to 411.47 million shares worth RM167.37 million previously.
On the Main Market, consumer products and services counters accounted for 394.05 million shares traded, followed by industrial products and services (365.50 million), construction (109.66 million), technology (317.78 million), financial services (69.89 million), property (236.22 million), plantation (37.04 million), REITs (42.27 million), closed/fund (146,200), energy (163.12 million), healthcare (313.07 million), telecommunications and media (36.66 million), transportation and logistics (36.75 million), utilities (53.38 million) and business trusts (23,600).
Stay current - Follow FMT on WhatsApp, Google news and Telegram
Subscribe to our newsletter and get news delivered to your mailbox.
Registration on or use of this site constitutes acceptance of our Terms of Service, Privacy Policy and Cookies Policy.
Copyright © 2009 -2025FMT Media Sdn Bhd (1235453-U) All Rights Reserved. A part of Media Prima Group."
https://www.freemalaysiatoday.com/category/business/2025/10/09/bursa-opens-higher-tracks-overnight-wall-street-gains,"Bursa opens higher, tracks overnight Wall Street gains",2025-10-09,"At 9.11am, the FTSE Bursa Malaysia KLCI (FBM KLCI) rose 0.54 of-a-point, or 0.03%, to 1,628.04, after closing at 1,627.50 on Wednesday.
The benchmark index opened 1.37 points higher at 1,628.87.
Market breadth was positive, with 220 gainers and 140 decliners, while 271 counters were unchanged, 1,971 untraded and seven suspended.
Turnover stood at 165.68 million shares worth RM90.45 million.
IPPFA Sdn Bhd director of investment strategy and country economist, Sedek Jantan, said market sentiment was further supported by the reopening of China’s markets following the Golden Week holiday.
“This sense of relief may prove short-lived, providing only temporary comfort while underlying risks such as potential tariffs, economic slowdown and forthcoming Fed policy decisions persist.
“Therefore, we expect consumer and communication-related counters within the FBM KLCI to sustain their upward momentum, extending the positive traction seen yesterday,” he told Bernama.
Among the heavyweights, Maybank eased two sen to RM9.98, CIMB Group fell three sen to RM7.63, and IHH Healthcare slipped nine sen to RM8.01, while Public Bank was unchanged at RM4.34 and Tenaga Nasional gained 10 sen to RM13.30.
In active trade, Jadi Imaging added 2.5 sen to 5.5 sen, Land & General gained half-a-sen to 17 sen, while Tanco, Inari Amertron and Cheeding were flat at 85 sen, RM2.37 and 80 sen, respectively.
Other top gainers included Nestle, up 30 sen to RM99.60; Malaysian Pacific Industries, 20 sen higher at RM31.02; Petronas Gas, which rose 14 sen to RM18.80; and Arka, eight sen firmer at 70 sen.
Besides IHH Healthcare and CIMB, top losers included PPB, down 10 sen to RM10.88; Paos, 3.5 sen lower at 28 sen; and Lianson Fleet, slipping three sen to RM2.18.
On the index board, the FBM Emas Index rose 7.41 points to 12,122.01, the FBM 100 Index added 6.64 points to 11,852.54, and the FBM Emas Shariah Index gained 20.96 points to 12,141.51.
The FBM 70 Index advanced 21.14 points to 16,986.15, while the FBM ACE Index edged up 14.59 points to 5,283.62.
By sector, the Industrial Products and Services Index inched up 0.09 of-a-point to 173.61, the Plantation Index added 21.03 points to 7,851.51, while the Energy Index eased 3.65 points to 788.38 and the Financial Services Index declined 25.89 points to 18,502.44.
Stay current - Follow FMT on WhatsApp, Google news and Telegram
Subscribe to our newsletter and get news delivered to your mailbox.
Registration on or use of this site constitutes acceptance of our Terms of Service, Privacy Policy and Cookies Policy.
Copyright © 2009 -2025FMT Media Sdn Bhd (1235453-U) All Rights Reserved. A part of Media Prima Group."
https://www.freemalaysiatoday.com/category/business/2025/10/09/knm-rejects-request-for-egm-over-disposal-of-german-unit,KNM rejects request for EGM over disposal of German unit,2025-10-09,"In a statement, KNM said it received a request on Oct 7 from MAA Group for an EGM to discuss the proposed disposal of Deutsche KNM GmbH (DKNM) to Japan’s NGK Insulators Ltd.
“After careful deliberation, the board of KNM concluded that in light of the listing requirements applicable to PN17 companies, it would not be possible to convene such a meeting within the timeline specified in the notice, without breaching regulatory procedures.”
The oil and gas services provider had fallen under the PN17 classification in October 2022.
KNM said that if it waited for Bursa Malaysia’s decision on the pending appeal on its delisting and interim proposal before calling the EGM, it would not be feasible to issue the necessary 21-day notice to shareholders within the prescribed time frame under Section 312 of the Companies Act.
“Accordingly, the board decided that it will not proceed with the convening of the meeting at this stage to ensure full compliance with the listing requirements and to avoid jeopardising our listing status while the appeal remains under consideration.”
The company said following its refusal to hold the EGM, MAA Group had called for an EGM of KNM’s shareholders on Oct 30 to discuss the proposed sale.
It also said the High Court yesterday ordered the disposal of DKNM as required under the Scheme of Arrangement.
KNM said the disposal would “immediately pare down” the RM1.3 billion debt and allow the group to revitalise its business.
Stay current - Follow FMT on WhatsApp, Google news and Telegram
Subscribe to our newsletter and get news delivered to your mailbox.
Registration on or use of this site constitutes acceptance of our Terms of Service, Privacy Policy and Cookies Policy.
Copyright © 2009 -2025FMT Media Sdn Bhd (1235453-U) All Rights Reserved. A part of Media Prima Group."
https://www.freemalaysiatoday.com/category/business/2025/10/09/ringgit-closes-slightly-lower-on-caution-ahead-of-powells-speech,Ringgit closes slightly lower on caution ahead of Powell’s speech,2025-10-09,"Bank Muamalat Malaysia Bhd chief economist Afzanizam Rashid said Fed chairman Jerome Powell will deliver his speech later tonight, which could shed more light on how the US central bank sees the risk to growth following the ongoing US government shutdown.
Against such a backdrop, he noted that the US dollar/ringgit maintained its narrow range trade of between RM4.21 and RM4.22 today.
“Regional currencies were also mixed, suggesting a lack of conviction among traders.
“As such, Budget 2026 should help steer the ringgit as the government is expected to maintain its stance to reduce the budget gap lower for next year,” he told Bernama.
At 6pm, the local currency eased to 4.2145/4.2185 against the greenback from yesterday’s close of 4.2140/4.2195.
At the close, the ringgit was mostly lower against a basket of major currencies.
It fell versus the euro to 4.8988/4.9044 from 4.8941/4.9005 at yesterday’s close, weakened vis-a-vis the Japanese yen to 2.7625/2.7653 from 2.7559/2.7596, but rose against the British pound to 5.6420/5.6473 from 5.6501/5.6575.
The ringgit was mostly mixed against Asean currencies.
It advanced against the Thai baht to 12.9323/12.9505 from 12.9506/12.9739 at yesterday’s close and rose against the Philippine peso to 7.23/7.24 from 7.27/7.28.
However, the ringgit slipped against the Singapore dollar to 3.2534/3.2568 from 3.2503/3.2548 previously, and was little changed vis-a-vis the Indonesian rupiah at 254.3/254.7 from 254.2/254.7.
Stay current - Follow FMT on WhatsApp, Google news and Telegram
Subscribe to our newsletter and get news delivered to your mailbox.
Registration on or use of this site constitutes acceptance of our Terms of Service, Privacy Policy and Cookies Policy.
Copyright © 2009 -2025FMT Media Sdn Bhd (1235453-U) All Rights Reserved. A part of Media Prima Group."
https://www.freemalaysiatoday.com/category/business/2025/10/09/ringgit-gains-on-upbeat-market-ahead-of-budget-2026,Ringgit gains on upbeat market ahead of Budget 2026,2025-10-09,"At 8am, the local note stood at 4.2120/4.2220 against the greenback, slightly firmer than Wednesday’s close of 4.2140/4.2195.
Bank Muamalat Malaysia Bhd chief economist, Afzanizam Rashid, said the government is likely to maintain its commitment to narrowing the fiscal deficit to below this year’s target of 3.8% of gross domestic product (GDP).
“This would translate into improved fiscal space and, more importantly, a better credit assessment, as the government’s debt-to-GDP ratio is expected to stabilise and gradually trend lower in line with the decline in new borrowings,” he said.
He added that the ringgit is expected to continue trading within a narrow range of RM4.21 to RM4.22 against the US dollar today.
At the opening, the ringgit was mixed against a basket of major currencies.
It strengthened against the British pound to 5.6441/5.6575 from Wednesday’s close of 5.6501/5.6575 but weakened versus the euro to 4.8981/4.9098 from 4.8941/4.9005, and slipped against the Japanese yen to 2.7578/2.7645 from 2.7559/2.7596 previously.
The ringgit was also mixed against Asean currencies.
It rose against the Thai baht to 12.9321/12.9708 from 12.9506/12.9739 and gained versus the Indonesian rupiah to 254.1/254.8 from 254.2/254.7. However, it eased against the Singapore dollar to 3.2508/3.2587 from 3.2503/3.2548 and was little changed against the Philippine peso at 7.27/7.29 compared with 7.27/7.28 previously.
Stay current - Follow FMT on WhatsApp, Google news and Telegram
Subscribe to our newsletter and get news delivered to your mailbox.
Registration on or use of this site constitutes acceptance of our Terms of Service, Privacy Policy and Cookies Policy.
Copyright © 2009 -2025FMT Media Sdn Bhd (1235453-U) All Rights Reserved. A part of Media Prima Group."
https://www.freemalaysiatoday.com/category/business/2025/10/10/bursa-closes-lower-on-cautious-sentiment,Bursa closes lower on cautious sentiment,2025-10-10,"IPPFA Sdn Bhd director of investment strategy and country economist Sedek Jantan told Bernama that investors are adopting a wait-and-see approach due to the weaker regional market performance despite positive local developments.
Prime Minister Anwar Ibrahim today tabled Budget 2026 in the Dewan Rakyat at 4.05pm. He said Budget 2026 public spending has increased to RM470 billion from RM452 billion in Budget 2025.
At 5pm, the FTSE Bursa Malaysia KLCI (FBM KLCI) slipped 7.42 points, or 0.46%, to 1,622.25 from Thursday’s close of 1,629.67.
The benchmark index opened 1.51 points weaker at 1,628.16, and moved between 1,621.74 and 1,628.21 throughout the trading session.
The broader market was negative with 593 decliners outnumbering 435 gainers, while 549 counters were unchanged, 1,052 untraded and eight suspended.
Turnover declined to 3.23 billion units worth RM2.84 billion compared with 4.74 billion units valued at RM3.62 billion on Thursday.
On the local bourse, heavyweights Maybank eased five sen to RM9.95, CIMB Group fell seven sen to RM7.50, Tenaga Nasional was six sen lower at RM13.22, IHH Healthcare slipped 11 sen to RM7.99, while Public Bank was one sen higher at RM4.30.
On the most active list, Top Glove and V.S. Industry increased 0.5 sen each to 67.5 sen and 57 sen, respectively, while Tanco erased 0.5 sen to 84.5 sen, Hartalega shed six sen to RM1.24, and KNM was flat at 0.5 sen.
Top gainers included VSTECS, which rose 22 sen to RM4.28, Hap Seng Consolidated advanced 16 sen to RM2.99, Hong Leong Bank and Hong Leong Financial both climbed 14 sen to RM20.64 and RM17.02, respectively, and Metrod climbed 12 sen to RM1.32.
Among the top losers, Nestle declined RM2 to RM97.56, Malaysian Pacific Industries slid 44 sen to RM30.72, Fraser & Neave was 26 sen lower at RM27.44, Malayan Cement trimmed 25 sen to RM6.83, and KESM dropped 23 sen to RM3.67.
On the index board, the FBM Emas Index fell 50.40 points to 12,131.31, the FBM 100 Index dropped 53.82 points to 11,853.88, and the FBM Emas Shariah Index decreased 47.14 points to 12,198.97.
The FBM 70 Index dipped 76.08 points to 17,177.52 while the FBM ACE Index edged up 7.63 points to 5,298.76.
Sector-wise, the industrial products and services index remained unchanged at 174.86, the plantation index narrowed 13.50 points to 7,890.95, the financial services index slipped 69.41 points to 18,383.44, while the energy index bagged 4.04 points to 799.00.
The Main Market volume dropped to 1.78 billion units valued at RM2.54 billion versus 2.18 billion units worth RM3.13 billion on Thursday.
Warrants turnover decreased to 1.04 billion units worth RM130.19 million compared with 1.99 billion units valued at RM280.05 million yesterday.
The ACE Market volume dwindled to 411.55 million units valued at RM162.59 million from 579.29 million units worth RM207.97 million previously.
Consumer products and services counters accounted for 224.21 million shares traded on the Main Market, industrial products and services (303.71 million), construction (103.39 million), technology (184.84 million), financial services (77.82 million), property (251 million), plantation (37.67 million), REITs (34.76 million), closed/fund (46,200), energy (187.59 million), healthcare (276.70 million), telecommunications and media (28.94 million), transportation and logistics (28.33 million), utilities (42.84 million), and business trusts (58,000).
Stay current - Follow FMT on WhatsApp, Google news and Telegram
Subscribe to our newsletter and get news delivered to your mailbox.
Registration on or use of this site constitutes acceptance of our Terms of Service, Privacy Policy and Cookies Policy.
Copyright © 2009 -2025FMT Media Sdn Bhd (1235453-U) All Rights Reserved. A part of Media Prima Group."
https://www.freemalaysiatoday.com/category/business/2025/10/10/bursa-opens-lower-on-weaker-regional-markets,Bursa opens lower on weaker regional markets,2025-10-10,"Rakuten Trade Sdn Bhd vice-president of equity research Thong Pak Leng said overnight, Wall Street ended lower as the US government stalemate continued with no signs of any agreement.
“Additionally, we suspect foreign funds remained net sellers following massive net outflows amounting to RM878 million over the last three days.
“Despite this, we believe domestic funds are accumulating local stocks and that retail participation may be improving, as observed from the uptick in trading volume above 4.7 billion shares yesterday,” he told Bernama.
At 9.10am, the FTSE Bursa Malaysia KLCI (FBM KLCI) slipped 3.38 points or 0.21% to 1,626.29 after closing at 1,629.67 yesterday.
The benchmark index opened 1.51 points lower at 1,628.16.
Market breadth was negative, with 195 decliners against 157 gainers, while 311 counters were unchanged, 1,966 untraded and 8 suspended.
Turnover stood at 197.41 million shares worth RM95.80 million.
The local market tracked regional losses, with Japan’s Nikkei slipping 0.42% to 48,376.10, and Hong Kong’s Hang Seng Index was 0.29% lower at 26,752.58.
However, Singapore’s Straits Times Index remained unchanged at 4,440.50, while South Korea’s Kospi gained 1.72% to 3,610.31.
Among the heavyweights, Maybank eased 3 sen to RM9.97, Public Bank was 1 sen lower at RM4.28, CIMB Group fell 2 sen to RM7.55, while Tenaga Nasional remained unchanged at RM13.28, and IHH Healthcare gained 3 sen to RM8.13.
On the most active list, Top Glove increased 1.5 sen to 69.5 sen, TWL was flat at 3 sen, Hartalega grew 2 sen to RM1.32, while Borneo Oil and Supermax added 0.5 sen each to 1 sen and 51 sen, respectively.
Top gainers included VSTECS, up 13 sen to RM4.19; Hong Leong Financial climbed 12 sen to RM17; SAM Engineering advanced 11 sen to RM4.65; Malaysian Pacific Industries, 10 sen higher at RM31.26; and UWC advanced seven sen to RM4.39.
Top losers included PPB and United Plantations, down 8 sen each to RM10.92 and RM23.62, respectively; Vitrox, Apex Healthcare and Hong Leong Industries were all 6 sen lower at RM4.48, RM2.41 and RM14.22, respectively.
On the index board, the FBM Emas Index fell 21.08 points to 12,160.27, the FBM 100 Index dropped 21.61 points to 11,886.09 and the FBM Emas Shariah Index decreased 11.56 points to 12,234.55.
The FBM 70 Index dipped 18.0 points to 17,235.60, while the FBM ACE Index edged down 8.28 points to 5,282.85.
By sector, the industrial products and services Index inched down 0.21 of a point to 174.65, the plantation index eased 5.62 points to 7,898.83, the financial services index declined 67.31 points to 18,385.54, while the energy index bagged 2.50 points to 797.46.
Stay current - Follow FMT on WhatsApp, Google news and Telegram
Subscribe to our newsletter and get news delivered to your mailbox.
Registration on or use of this site constitutes acceptance of our Terms of Service, Privacy Policy and Cookies Policy.
Copyright © 2009 -2025FMT Media Sdn Bhd (1235453-U) All Rights Reserved. A part of Media Prima Group."
https://www.freemalaysiatoday.com/category/business/2025/10/10/magma-klcc-holdings-to-sell-impiana-hotel-stakes-for-rm315mil,"Magma, KLCC Holdings to sell Impiana Hotel stakes for RM315mil",2025-10-10,"In a statement, Magma said its wholly owned unit, Astaka Mekar Sdn Bhd, together with KLCC Holdings, had signed a share sale agreement with Harum Aspirasi Sdn Bhd.
KLCC Holdings will sell its 80% stake, while Astaka Mekar will sell its 20% stake in Heritage Lane.
Magma said the sale price is higher than the hotel’s market value of RM300 million, showing strong investor confidence in the property.
Magma managing director and group CEO Thomas Liang said the joint divestment represented a strategic step to unlock value and enable the asset’s next phase of growth with a strong new partner.
“The proceeds will strengthen our balance sheet and support Magma’s expansion into lifestyle and property ventures,” he said.
Magma said its portion of RM63 million will be paid fully in cash when the deal is completed, while the funds will be used for loan repayments, investments, working capital and related expenses.
“Once the sale is completed, Heritage Lane will no longer be an associate company of Magma. The deal is expected to be completed by the first quarter of 2026, subject to shareholders’ approval,” it added.
Stay current - Follow FMT on WhatsApp, Google news and Telegram
Subscribe to our newsletter and get news delivered to your mailbox.
Registration on or use of this site constitutes acceptance of our Terms of Service, Privacy Policy and Cookies Policy.
Copyright © 2009 -2025FMT Media Sdn Bhd (1235453-U) All Rights Reserved. A part of Media Prima Group."
https://www.freemalaysiatoday.com/category/business/2025/10/10/ringgit-ends-lower-against-greenback-gains-versus-major-currencies,"Ringgit ends lower against greenback, gains versus major currencies",2025-10-10,"IPPFA Sdn Bhd director of investment strategy and country economist Sedek Jantan said the US dollar’s rally was initially triggered by developments in Japan and France and has since evolved into a broader reassessment of short-dollar positions.
“The US dollar’s rebound this week reflects not only safe-haven demand but also a recalibration of global foreign exchange sentiment amid heightened policy and political uncertainty,” he told Bernama.
Sedek added that the ringgit’s movement should be seen primarily as an external effect of dollar dynamics rather than a reflection of domestic fundamentals.
“The sustained fiscal consolidation path and improved investor sentiment post-Budget 2026 remain supportive of medium-term ringgit stability,” he said.
In the near-term, however, the global rotation back into the US dollar as a safe-haven asset, amplified by temporary distortions from the US government shutdown, has reinforced downward pressure on emerging-market currencies, including the ringgit, he added.
At 6pm, the local currency stood at 4.2200/4.2260 against the US dollar, down from Thursday’s close of 4.2140/4.2195.
Meanwhile, the ringgit gained against a basket of major currencies. It rose versus the euro to 4.8838/4.8907 from 4.8988/4.9044 at Thursday’s close, strengthened against the Japanese yen to 2.7618/2.7659 from 2.7625/2.7653, and increased versus the British pound to 5.6084/5.6164 from 5.6420/5.6473.
Against Asean currencies, the ringgit closed mixed. It advanced versus the Thai baht to 12.8942/12.9184 from 12.9323/12.9505 and improved against the Singapore dollar to 3.2494/3.2543 from 3.2534/3.2568. However, it fell against the Philippine peso to 7.24/7.26 from 7.23/7.24 and was little changed against the Indonesian rupiah at 254.6/255.1 from 254.3/254.7.
Stay current - Follow FMT on WhatsApp, Google news and Telegram
Subscribe to our newsletter and get news delivered to your mailbox.
Registration on or use of this site constitutes acceptance of our Terms of Service, Privacy Policy and Cookies Policy.
Copyright © 2009 -2025FMT Media Sdn Bhd (1235453-U) All Rights Reserved. A part of Media Prima Group."
https://www.freemalaysiatoday.com/category/business/2025/10/10/ringgit-opens-almost-flat-ahead-of-budget-2026-tabling,Ringgit opens almost flat ahead of Budget 2026 tabling,2025-10-10,"Bank Muamalat Malaysia Bhd chief economist Afzanizam Rashid said the dollar-ringgit pair is expected to remain range-bound as the unveiling of Budget 2026 would provide more clarity on Malaysia’s fiscal position going forward.
“Thus far, the fiscal consolidation exercise has resulted in lower fiscal deficits to 4.2% of gross domestic product in the first half of 2025 compared with 5.5% in the same period last year, and it appears that the government is on track to achieve its target of 3.8% this year,” he told Bernama.
Externally, Afzanizam said the US economic uncertainty has continued to bolster the greenback, supported by unclear signals on the US Federal Reserve’s interest rate direction and limited economic data due to the US government shutdown.
At the opening, the ringgit was higher against a basket of major currencies.
At 8am, the local note stood at 4.2140/4.2255 against the greenback compared with yesterday’s close of 4.2145/4.2185.
It improved versus the euro to 4.8735/4.8868 from 4.8988/4.9044 at yesterday’s close, strengthened vis-a-vis the Japanese yen to 2.7539/2.7616 from 2.7625/2.7653, and firmed against the British pound to 5.6055/5.6208 from 5.6501/5.6575.
The ringgit was mixed against Asean currencies.
It advanced against the Thai baht to 12.8507/12.8924 from 12.9323/12.9505 at yesterday’s close and rose against the Singapore dollar to 3.2433/3.2524 from 3.2534/3.2568 previously.
However, the ringgit was almost flat against the Philippine peso to 7.23/7.26 from 7.23/7.24 and little changed vis-a-vis the Indonesian rupiah at 254.3/255.1 from 254.3/254.7.
Stay current - Follow FMT on WhatsApp, Google news and Telegram
Subscribe to our newsletter and get news delivered to your mailbox.
Registration on or use of this site constitutes acceptance of our Terms of Service, Privacy Policy and Cookies Policy.
Copyright © 2009 -2025FMT Media Sdn Bhd (1235453-U) All Rights Reserved. A part of Media Prima Group."
https://www.freemalaysiatoday.com/category/business/2025/10/10/top-glove-soars-21-after-returning-to-black-in-fy2025,Top Glove soars 21% after returning to black in FY2025,2025-10-10,"The glove maker rose as much as 4.5% or three sen to 70 sen today, adding to the 16% surge yesterday after it posted its financial results via a bourse filing.
At the time of writing, the stock had eased to 68 sen, a half sen or 0.75% gain, giving it a market capitalisation of RM5.59 billion. It was the fourth most actively traded stock with 113 million shares changing hands.
Despite the rebound over the past two days, its share price is still down 47% year-to-date.
Top Glove recorded a net profit of RM38.56 million in the fourth quarter ended Aug 31 (Q4 FY2025) from a net loss of RM6.64 million a year ago.
For the full-year, net profit rose to RM109.07 million from a net loss of RM64.88 million the previous year while revenue jumped 39% to RM3.49 billion.
The company declared a final dividend of 0.48 sen per share for FY2025, amounting to RM38.5 million.
The improved performance was primarily attributed to stronger glove demand, which continued to gain momentum throughout FY2025.
“Enhanced cost management also enabled more competitive pricing, lifting sales volume, which in turn boosted the utilisation rate to approximately 75% of running capacity in August 2025. Raw material prices were on the decline quarter-on-quarter,” the company said in a statement.
Research houses are now more bullish on Top Glove following its turnaround, lifting their target price and earnings forecast.
RHB Research said the results came in ahead of its expectations though it missed consensus.
“While the stock rallied 16% post results, we believe valuations are fair following our earnings reassessment.
“While we expect industry headwinds to persist into 2026 amid intensified competition, we acknowledge Top Glove’s improving cost structure and operating leverage, which should support a gradual earnings recovery,” it said in a note today.
It lifted its FY2026-2027 earnings forecast to RM160 million and RM192 million, from RM32 million and RM70 million previously.
RHB upgraded its recommendation to “hold” from “sell” with a target price (TP) of 61 sen from 54 sen previously.
Meanwhile, Phillip Capital maintained its “hold” call with a higher TP of 67 sen while TA Research kept its “sell” recommendation with a TP of 59 sen.
Stay current - Follow FMT on WhatsApp, Google news and Telegram
Subscribe to our newsletter and get news delivered to your mailbox.
Registration on or use of this site constitutes acceptance of our Terms of Service, Privacy Policy and Cookies Policy.
Copyright © 2009 -2025FMT Media Sdn Bhd (1235453-U) All Rights Reserved. A part of Media Prima Group."
https://www.freemalaysiatoday.com/category/business/2025/10/13/bursa-opens-lower-tracking-weak-wall-street-close,"Bursa opens lower, tracking weak Wall Street close",2025-10-13,"Rakuten Trade Sdn Bhd vice president of equity research Thong Pak Leng said Wall Street closed broadly lower as traders pared holdings amid escalating tensions between China and the US.
“The development followed Beijing’s move to curb rare earth exports, which prompted further tariff threats from President Donald Trump. Meanwhile, the US 10-year treasury yield eased to 4.059%.”
“Back home, given the cautious sentiment, we expect the FBM KLCI index to hover within the 1,615–1,625 range today,” he told Bernama.
At 9.10am, the FTSE Bursa Malaysia KLCI (FBM KLCI) fell 13.55 points to 1,608.70 from Friday’s close of 1,622.25, after opening 20.50 points lower at 1,601.75.
Market breadth was negative, with 688 decliners outnumbering gainers 58, while 239 counters were unchanged, 1,675 untraded, and 35 suspended.
Turnover stood at 418.14 million units, valued at RM239.08 million.
Among heavyweights, Maybank and Tenaga Nasional reduced four sen to RM9.91 and RM13.18, respectively, Public Bank eased three sen to RM4.27, CIMB Group slipped nine sen to RM7.41, and IHH Healthcare shed eight sen to RM7.91.
In active trading, Borneo Oil and Top Glove were unchanged at 0.5 sen and 67.5 sen, respectively, while Malayan United, TWL Holdings and Luster Industries eased 0.5 sen each to six sen, 2.5 sen and 4.5 sen, respectively.
Top gainers included Gas Malaysia up four sen to RM4.76, Tomei Consolidated, Supermax, Poh Kong, Kossan Rubber added two sen each to RM1.80, 51 sen, RM1.12, and RM1.27 respectively. Superlon edged up 1.5 sen to 74.5 sen.
Among the top losers, Malaysia Pacific declined 80 sen to RM29.92, Nestle fell 36 sen to RM97.20, Petronas Dagangan dropped 34 sen to RM22.40, while Carlsberg and Allianz Malaysia shed 26 sen each to RM16.40 and RM17.74, respectively.
On the index board, the FBM Emas Index fell 115.30 points to 12,016.02, the FBMT 100 Index decreased 109.80 points to 11,744.08, the FBM Emas Shariah Index slipped 126.80 points to 12,072.19, the FBM 70 Index tumbled 206.10 points to 16,971.46, and the FBM ACE Index lost 93.68 points to 5,205.08.
Sector-wise, the Financial Services Index was down 130.62 points to 18,252.81, the Industrial Products and Services Index slid 1.77 points to 173.09, the Energy Index shed 12.30 points to 786.67, and the Plantation Index slipped 67.21 points to 7,823.74.
Stay current - Follow FMT on WhatsApp, Google news and Telegram
Subscribe to our newsletter and get news delivered to your mailbox.
Registration on or use of this site constitutes acceptance of our Terms of Service, Privacy Policy and Cookies Policy.
Copyright © 2009 -2025FMT Media Sdn Bhd (1235453-U) All Rights Reserved. A part of Media Prima Group."
https://www.freemalaysiatoday.com/category/business/2025/10/13/bursa-tracks-regional-downturn-amid-fresh-us-china-trade-spat,Bursa tracks regional downturn amid fresh US-China trade spat,2025-10-13,"Rakuten Trade Sdn Bhd vice-president of equity research Thong Pak Leng said the FTSE Bursa Malaysia KLCI (FBM KLCI) ended marginally lower in tandem with the regional sell-off as renewed US tariff threats and potential retaliatory measures from Beijing reignited trade war concerns and dampened investor sentiment.
“Donald Trump declared plans last Friday to implement a 100% tariff on all Chinese exports entering the US following China’s curbs on the export of critical minerals.
“The development had led investors to adopt a cautious stance, resulting in profit-taking activities across the region as they assessed the potential impact on global trade and economic growth,” he told Bernama.
At 5pm, the FBM KLCI slipped 7.06 points, or 0.43%, to 1,615.19 from 1,622.25 at last Friday’s close.
The benchmark index opened 20.50 points lower at 1,601.75 and moved between 1,601.75 and 1,618.13 throughout the trading session.
The broader market was negative with 817 decliners outpacing 377 gainers, while 452 counters were unchanged, 1,014 untraded and 35 suspended.
Turnover increased to 3.57 billion units worth RM2.82 billion compared with 3.23 billion units valued at RM2.84 billion previously.
On the local bourse, heavyweights Tenaga Nasional added 4 sen to RM13.26 and Public Bank was 8 sen higher at RM4.22.
Meanwhile, Maybank eased 2 sen to RM9.93, CIMB Group fell 7 sen to RM7.43, and IHH Healthcare was flat at RM7.99.
Among the actives, Top Glove rose 3 sen to 70.5 sen and Tanco added 0.5 sen to 85 sen.
Zetrix slipped 2 sen to 84 sen, and Pharmaniaga eased 1 sen to 27.5 sen, while XOX edged down 0.5 sen to 10.5 sen.
Top gainers included Nestle, which rose RM2.04 to RM99.60, Petronas Dagangan gained 26 sen to RM23, KSL Holdings added 18 sen to RM2.88, Press Metal improved 14 sen to RM6.25, and Unisem increased 14 sen to RM3.61.
Among the top decliners, Malaysian Pacific Industries slid 42 sen to RM30.30, Heineken Malaysia eased 40 sen to RM20.40, Hong Leong Industries fell 32 sen to RM13.76, UMS Integration declined 22 sen to RM4.63 and Eurospan slipped 20 sen to RM2.68.
On the index board, the FBM Emas Index decreased 52.77 points to 12,078.54, the FBMT 100 Index eased 54.73 points to 11,799.15, the FBM Emas Shariah Index fell 26.17 points to 12,172.80, the FBM 70 Index dipped 93.10 points to 17,084.42, and the FBM ACE Index declined 48.35 points to 5,250.41.
Sector-wise, the financial services index shed 161.39 points to 18,222.05, the industrial products and services index edged down 0.34 of-a-point to 174.52, the energy index slipped 3.83 points to 795.17, and the plantation index narrowed 25.83 points to 7,865.12.
The Main Market volume increased to 1.93 billion units valued at RM2.49 billion from 1.78 billion units worth RM2.54 billion previously.
Warrants turnover climbed to 1.12 billion units worth RM134.92 million compared with 1.04 billion units valued at RM130.19 million previously.
The ACE Market volume expanded to 516.48 million units valued at RM188.52 million from 411.55 million units worth RM162.59 million last Friday.
Consumer products and services counters accounted for 276.22 million shares traded, industrial products and services (380.77 million), construction (86.49 million), technology (342.48 million), financial services (84.81 million), property (229.51 million), plantation (24.51 million), real estate investment trusts (30.75 million), closed/fund (32,900), energy (109.48 million), healthcare (264.73 million), telecommunications and media (27.89 million), transportation and logistics (26.74 million), utilities (41.57 million), and business trusts (nil).
Stay current - Follow FMT on WhatsApp, Google news and Telegram
Subscribe to our newsletter and get news delivered to your mailbox.
Registration on or use of this site constitutes acceptance of our Terms of Service, Privacy Policy and Cookies Policy.
Copyright © 2009 -2025FMT Media Sdn Bhd (1235453-U) All Rights Reserved. A part of Media Prima Group."
https://www.freemalaysiatoday.com/category/business/2025/10/13/ringgit-ends-lower-as-dollar-firms-on-trade-concerns,Ringgit ends lower as dollar firms on trade concerns,2025-10-13,"Bank Muamalat Malaysia Bhd chief economist Afzanizam Rashid said the US Dollar Index (DXY) rose 0.21% to 99.185 points, as concerns over US-China relations appeared to ease following president Donald Trump’s remarks over the weekend.
According to reports, Trump said the US will impose a 100% tariff on imports from China, along with restrictions on tech exports, starting Nov 1, 2025, or sooner, depending on China’s response.
Afzanizam also noted that investors remained wary of the state of trade and the ongoing US government shutdown, which has limited data visibility for the Federal Reserve ahead of its meeting at the end of the month.
“Therefore, the US dollar–ringgit is oscillating within a narrow range of RM4.22 to RM4.23,” he told Bernama.
At 6pm, the local currency slipped to 4.2265/4.2295 against the US dollar from Friday’s close of 4.2200/4.2260.
Meanwhile, the ringgit weakened against a basket of major currencies.
It fell against the euro to 4.9006/4.9041 from 4.8838/4.8907 at Friday’s close, edged lower versus the Japanese yen to 2.7775/2.7796 from 2.7618/2.7659, and dropped against the British pound to 5.6369/5.6409 from 5.6084/5.6164.
Against Asean currencies, the ringgit also closed lower.
It depreciated versus the Thai baht to 12.9878/13.0030 from 12.8942/12.9184, narrowed against the Singapore dollar to 3.2562/3.2587 from 3.2494/3.2543, slid versus the Philippine peso to 7.26/7.26 from 7.24/7.26, and softened against the Indonesian rupiah to 255/255.3 from 254.6/255.1.
Stay current - Follow FMT on WhatsApp, Google news and Telegram
Subscribe to our newsletter and get news delivered to your mailbox.
Registration on or use of this site constitutes acceptance of our Terms of Service, Privacy Policy and Cookies Policy.
Copyright © 2009 -2025FMT Media Sdn Bhd (1235453-U) All Rights Reserved. A part of Media Prima Group."
https://www.freemalaysiatoday.com/category/business/2025/10/13/ringgit-holds-steady-as-post-budget-optimism-balances-stronger-greenback,Ringgit holds steady as post-budget optimism balances stronger greenback,2025-10-13,"Bank Muamalat Malaysia Bhd chief economist Afzanizam Rashid said the recent Budget 2026 announcement showed that the government continues to maintain its fiscal discipline, with the fiscal deficit expected to narrow further to 3.5% of gross domestic product in 2026 from 3.8% this year.
“Perhaps there could be some support for the ringgit after experiencing a correction. The ringgit is expected to hover around RM4.20 to RM4.21 today,” he told Bernama.
At the same time, Afzanizam said the US Dollar Index (DXY) was on a weaker trajectory at 98.978 points, down 0.58% last Friday after US President Donald Trump threatened to raise import tariffs to 100% on all exports from China to the US.
At 8am, the local note was unchanged at 4.2200/4.2260 against the greenback compared with Friday’s close of 4.2200/4.2260.
At the opening, the ringgit was lower against a basket of major currencies.
It eased vis-a-vis the Japanese yen to 2.7756/2.7799 from 2.7618/2.7659 at Friday’s close, slipped against the British pound to 5.6295/5.6375 from 5.6084/5.6164 and fell against the euro to 4.8960/4.9030 from 4.8838/4.8907.
The ringgit was mixed against Asean currencies.
It declined against the Singapore dollar to 3.2524/3.2575 from 3.2494/3.2543 and weakened against the Thai baht to 12.9186/12.9457 from 12.8942/12.9184 at Friday’s close.
However, the ringgit was flat vis-a-vis the Indonesian rupiah at 254.6/255.1 from 254.6/255.1 and remained unchanged against the Philippine peso at 7.24/7.26 from 7.24/7.26.
Stay current - Follow FMT on WhatsApp, Google news and Telegram
Subscribe to our newsletter and get news delivered to your mailbox.
Registration on or use of this site constitutes acceptance of our Terms of Service, Privacy Policy and Cookies Policy.
Copyright © 2009 -2025FMT Media Sdn Bhd (1235453-U) All Rights Reserved. A part of Media Prima Group."
https://www.freemalaysiatoday.com/category/business/2025/10/14/bursa-ends-lower-on-late-selling-as-investors-turn-cautious,Bursa ends lower on late selling as investors turn cautious,2025-10-14,"Rakuten Trade Sdn Bhd vice-president of equity research Thong Pak Leng said key regional indices ended mostly lower as investors remained cautious amid lingering uncertainty over US-China trade tensions, which continued to weigh on market sentiment.
“Even though US president Donald Trump mentioned that he might still meet with Chinese president Xi Jinping later this month at a regional summit, investors remained doubtful. Back home, the FTSE Bursa Malaysia KLCI (FBM KLCI) reversed its earlier gains to close in the red due to late selling in selected heavyweight counters,” he told Bernama.
IPPFA Sdn Bhd director of investment strategy and country economist Sedek Jantan said the FBM KLCI’s late-session weakness underscored the fragile equilibrium currently shaping regional markets.
“Domestic resilience, supported by fiscal stimulus, is being offset by external uncertainties. While Budget 2026 provides a credible domestic anchor, the global backdrop, marked by inconsistent trade signals and persistent geopolitical risks, continues to restrain a sustained market recovery,” he noted.
At 5pm, the FBM KLCI slipped 3.73 points, or 0.23%, to 1,611.46 from 1,615.19 at Monday’s close.
The benchmark index opened 2.10 points higher at 1,617.29 and moved between 1,610.05 and 1,622.75 throughout the trading session.
The broader market was negative with 811 decliners thumping 390 gainers, while 503 counters were unchanged, 955 untraded, and nine suspended.
Turnover increased to 3.66 billion units worth RM3.78 billion compared with 3.57 billion units valued at RM2.82 billion previously.
On the local bourse, heavyweights Tenaga Nasional eased 6 sen to RM13.20, and CIMB Group fell 8 sen to RM7.35, while Maybank and Public Bank slipped 1 sen each to RM9.92 and RM4.21, respectively. IHH Healthcare, however, added 6 sen to RM8.05.
On the most active list, Tanco Holdings added 1 sen to 86 sen while Pharmaniaga eased 1.5 sen to 26 sen, and VS Industry declined 3 sen to 53 sen. NexG fell 4 sen to 46 sen, while Zetrix AI was unchanged at 84 sen.
Top gainers included Nestle, which rose RM2.50 to RM102.10, while Fraser & Neave advanced 44 sen to RM28.10, and Genting Malaysia jumped 18 sen to RM2.32. Genting Bhd bounced 15 sen to RM3.01, and Malayan Cement improved 14 sen to RM6.82.
Among the top decliners, Malaysian Pacific Industries slid RM1.26 to RM29.04, Petronas Gas declined 38 sen to RM18.56, and Petronas Dagangan eased 30 sen to RM22.70. PIE Industrial slumped 30 sen to RM3.23, and KESM Industries reduced 15 sen to RM3.47.
On the index board, the FBM Emas Index lost 41.51 points to 12,037.03, the FBMT 100 Index fell 31.07 points to 11,768.08, and the FBM Emas Shariah Index shed 61.31 points to 12,111.48.
The FBM 70 Index erased 61.40 points to 17,023.02, and the FBM ACE Index declined 56.98 points to 5,193.43.
Sector-wise, the financial services index shed 44.07 points to 18,177.98, the industrial products and services index went down 0.95 of a point to 173.57, the energy index slipped 5.33 points to 789.84, and the plantation index narrowed 35.74 points to 7,829.38.
The Main Market volume increased to 2.35 billion units valued at RM3.48 billion from 1.93 billion units worth RM2.49 billion previously.
Warrants turnover fell to 752.78 million units worth RM87.72 million compared with 1.12 billion units valued at RM134.92 million on Monday.
The ACE Market volume expanded to 549.25 million units valued at RM219.25 million from 516.48 million units worth RM188.52 million yesterday.
On the Main Market, consumer products and services counters accounted for 601.98 million shares traded, industrial products and services (373.70 million), construction (110.99 million), technology (350.65 million), financial services (105.94 million), property (209.96 million), plantation (48.83 million), real estate investment trusts (30.84 million), closed/fund (88,900), energy (145.19 million), healthcare (242.64 million), telecommunications and media (44.22 million), transportation and logistics (30.29 million), utilities (56.21 million), and business trusts (12,200).
Stay current - Follow FMT on WhatsApp, Google news and Telegram
Subscribe to our newsletter and get news delivered to your mailbox.
Registration on or use of this site constitutes acceptance of our Terms of Service, Privacy Policy and Cookies Policy.
Copyright © 2009 -2025FMT Media Sdn Bhd (1235453-U) All Rights Reserved. A part of Media Prima Group."
https://www.freemalaysiatoday.com/category/business/2025/10/14/bursa-opens-higher-tracking-wall-street-gains-2,"Bursa opens higher, tracking Wall Street gains",2025-10-14,"At 9.10am, the FTSE Bursa Malaysia KLCI (FBM KLCI) rose 4.72 points to 1,619.91 from Monday’s close of 1,615.19, after opening 2.10 points higher at 1,617.29.
Market breadth was positive, with gainers outpacing losers at 275 to 129, while 280 counters were unchanged, 1,975 untraded and nine suspended.
Turnover stood at 282.52 million units, valued at RM278.95 million.
Rakuten Trade Sdn Bhd vice-president of equity research Thong Pak Leng said Wall Street experienced a broad-based rebound as traders reacted positively to President Donald Trump’s assurance that trade relations with China “will be fine.”
“He may not proceed with his threat of imposing massive tariffs on the country. Meanwhile, the US 10-year Treasury yield was flat at 4.06%,” he added.
Back home, Thong anticipated the FBM KLCI to trend within the 1,610 to 1,620 range today.
“Nonetheless, we expect bargain hunting to emerge if the index hovers near the 1,600 mark,” he added.
Among the heavyweights, Maybank added one sen to RM9.94, Tenaga Nasional rose four sen to RM13.30, Public Bank gained two sen to RM4.24, IHH Healthcare increased two sen to RM8.01, while CIMB Group was unchanged at RM7.43.
In active trading, Genting Malaysia surged 20 sen to RM2.34, Genting Bhd rose 12 sen to RM2.98, ECA Integrated added one sen to 25 sen, Top Glove eased one sen to 69.5 sen, and NexG slipped four sen to 46 sen.
Among other top gainers were Heineken Malaysia, which added 20 sen to RM20.60, PPB Group rose 12 sen to RM11.12, Malayan Cement advanced 10 sen to RM6.78, QL Resources gained eight sen to RM4.45, and Petronas Chemicals increased eight sen to RM4.21.
As for the top losers, ABM Fujiya fell 4.5 sen to 26.5 sen, NexG and Hong Leong Financial declined four sen each to 46 sen and RM16.84, respectively. PIE Industrial and Pentamaster eased three sen each to RM3.50 and RM4.27, respectively.
On the index board, the FBM Emas Index increased 43.63 points to 12,122.17, the FBMT 100 Index expanded 44.46 points to 11,843.61, the FBM Emas Shariah Index advanced 34.82 points to 12,207.62, the FBM 70 Index jumped 107.77 points to 17,192.20, and the FBM ACE Index gained 40.53 points to 5,290.94.
Sector-wise, the Financial Services Index added 28.06 points to 18,250.11, the Industrial Products and Services Index improved 0.75 of-a-point to 175.27, the Energy Index rose 2.13 points to 797.30, and the Plantation Index climbed 8.46 points to 7,873.58.
Stay current - Follow FMT on WhatsApp, Google news and Telegram
Subscribe to our newsletter and get news delivered to your mailbox.
Registration on or use of this site constitutes acceptance of our Terms of Service, Privacy Policy and Cookies Policy.
Copyright © 2009 -2025FMT Media Sdn Bhd (1235453-U) All Rights Reserved. A part of Media Prima Group."
https://www.freemalaysiatoday.com/category/business/2025/10/14/ringgit-up-against-major-currencies-but-eases-versus-dollar,Ringgit up against major currencies but eases versus dollar,2025-10-14,"Bank Muamalat Malaysia Bhd chief economist Afzanizam Rashid said the DXY index climbed 0.08% to 99.347 points.
“Investors remained wary of the state of trade (between the US and China) and the ongoing US government shutdown. It is increasingly difficult to assess the macroeconomic condition in the US in the absence of key data points. It appears that until the government shutdown is resolved, the US dollar will continue to be in a favourable condition,” he added.
President Donald Trump has said the US will impose a 100% tariff on imports from China, along with restrictions on US tech exports, starting Nov 1, or sooner, depending on China’s response to trade issues.
At 6 pm, the local currency eased to 4.2305/4.2355 against the US dollar from Monday’s close of 4.2265/4.2295.
The ringgit mostly strengthened against a basket of major currencies.
It rose against the euro to 4.8879/4.8937 from 4.9006/4.9041 at yesterday’s close, strengthened against the British pound to 5.6118/5.6184 from 5.6369/5.6409, but edged lower versus the Japanese yen to 2.7808/2.7843 from 2.7775/2.7796.
Against Asean currencies, the ringgit also closed mostly higher.
It appreciated versus the Thai baht to 12.8975/12.9182 from 12.9878/13.0030, ticked up against the Singapore dollar to 3.2512/3.2553 from 3.2562/3.2587, and improved against the Indonesian rupiah to 254.8/255.2 from 255.0/255.3 previously.
The local currency traded flat versus the Philippine peso at 7.26/7.27 from 7.26/7.26.
Stay current - Follow FMT on WhatsApp, Google news and Telegram
Subscribe to our newsletter and get news delivered to your mailbox.
Registration on or use of this site constitutes acceptance of our Terms of Service, Privacy Policy and Cookies Policy.
Copyright © 2009 -2025FMT Media Sdn Bhd (1235453-U) All Rights Reserved. A part of Media Prima Group."
https://www.freemalaysiatoday.com/category/business/2025/10/15/bursa-malaysia-closes-marginally-higher-amid-bargain-hunting,Bursa closes marginally higher amid bargain-hunting,2025-10-15,"Rakuten Trade Sdn Bhd vice-president of equity research Thong Pak Leng said the local market closed broadly higher today, in tandem with regional markets, as bargain-hunting emerged after recent losses.
“The FTSE Bursa Malaysia KLCI (FBM KLCI) pared early gains to stay in positive territory, supported by dovish remarks from US Federal Reserve chair Jerome Powell.
Investor sentiment was further lifted by president Donald Trump’s assurance of a “fair relationship” with China, easing concerns over trade tensions.
“Buying interest was mainly seen in small and mid-cap stocks, reflecting a more active broader market,” he told Bernama.
Overall, Thong said the benchmark index is expected to remain rangebound between 1,600 and 1,625 points in the near-term as investors await fresh catalysts from global economic data and policy signals.
IPPFA Sdn Bhd director of investment strategy and country economist Sedek Jantan said market reaction to Budget 2026 has been broadly positive, as reflected by the stronger performances across the broader indices.
“We expect wider sectoral participation as market sentiment continues to stabilise, given that the prevailing investor caution is largely influenced by short-term external uncertainties rather than domestic fundamentals,” he said.
At 5pm, the FBM KLCI edged up 0.09 of-a-point, or 0.01%, to 1,611.55 from 1,611.46 at yesterday’s close.
The benchmark index opened 3.61 points higher at 1,615.07 and moved between 1,611.12 and 1,619.58 throughout the trading session.
Meanwhile, the broader market was negative, with 726 decliners thumping 426 gainers, while 472 counters were unchanged, 1,048 untraded, and eight suspended.
Turnover increased to 4.26 billion units worth RM3.71 billion compared with 3.66 billion units valued at RM3.78 billion yesterday.
On the local bourse, heavyweights IHH Healthcare gained 2 sen to RM8.07. CIMB Group and Public Bank shed 1 sen each to RM7.34 and RM4.20, respectively, while Tenaga Nasional dipped 2 sen to RM13.18 and Maybank was unchanged at RM9.92.
On the most active list, Velesto Energy perked up 1 sen to 26.5 sen, Genting Malaysia rose 2 sen to RM2.34, Dagang NeXchange increased 3.5 sen to 29 sen, and Tanco Holdings and Zetrix AI edged up 0.5 sen to 86.5 sen and 84.5 sen, respectively.
Top gainers included Nestle, which rose 60 sen to RM102.70, Genting Bhd jumped 39 sen to RM3.40, Petronas Dagangan advanced 30 sen to RM23.00, Spritzer gained 29 sen to RM2.40, and Lim Seong Hai Capital added 21 sen to RM2.37.
Among the top decliners, United Plantations slid 20 sen to RM23.24, Malaysian Pacific Industries slipped 20 sen to RM28.84, Unisem fell 17 sen to RM3.42, PPB Group eased 16 sen to RM10.90, and Uchi Technologies declined 14 sen to RM3.02.
On the index board, the FBM Emas Index rose 30.21 points to 12,067.24, the FBMT 100 Index improved 21.78 points to 11,789.86, the FBM Emas Shariah Index gained 30.65 points to 12,142.14, the FBM 70 Index jumped 123.13 points to 17,146.15, and the FBM ACE Index surged 151.94 points to 5,345.37.
Sector-wise, the financial services index added 17.21 points to 18,195.20, the industrial products and services index was up 0.37 of-a-point to 173.94, the energy index climbed 10.19 points to 800.03, and the plantation index rose 16.97 points to 7,846.35.
The Main Market volume decreased to 2.27 billion units valued at RM3.32 billion from 2.35 billion units worth RM3.48 billion yesterday.
Warrants turnover soared to 1.45 billion units worth RM185.30 million compared with 752.78 million units valued at RM87.72 million yesterday.
The ACE Market volume declined to 538.34 million units valued at RM187.88 million from 549.25 million units worth RM219.25 million previously.
Consumer products and services counters accounted for 541.99 million shares traded on the Main Market, industrial products and services (337.13 million), construction (93.64 million), technology (391.71 million), financial services (93.90 million), property (212.12 million), plantation (36.44 million), real estate investment trusts (24.90 million), closed/fund (17,800), energy (229.19 million), healthcare (185.57 million), telecommunications and media (48.34 million), transportation and logistics (27.36 million), utilities (48.49 million), and business trusts (2,600).
Stay current - Follow FMT on WhatsApp, Google news and Telegram
Subscribe to our newsletter and get news delivered to your mailbox.
Registration on or use of this site constitutes acceptance of our Terms of Service, Privacy Policy and Cookies Policy.
Copyright © 2009 -2025FMT Media Sdn Bhd (1235453-U) All Rights Reserved. A part of Media Prima Group."
https://www.freemalaysiatoday.com/category/business/2025/10/15/bursa-opens-higher-amid-mixed-wall-street-cues,Bursa opens higher amid mixed Wall Street cues,2025-10-15,"At 9.10am, the FTSE Bursa Malaysia KLCI (FBM KLCI) rose 7.52 points to 1,618.98 from Tuesday’s close of 1,611.46, after opening 3.61 points higher at 1,615.07.
Market breadth was positive, with gainers leading losers 291 to 112, while 275 counters were unchanged, 1,994 untraded and eight suspended.
Turnover stood at 157.93 million shares worth RM109.24 million.
Rakuten Trade Sdn Bhd vice-president of equity research Thong Pak Leng said Wall Street ended mixed overnight after a volatile session, as sentiment was dampened by renewed trade tensions between the US and China.
“The tension between the world’s two largest economies has now extended beyond soybeans and rare earths to global shipping charges,” he noted.
He added that the US 10-year Treasury yield eased slightly to 4.03%.
Back home, Thong expects the FBM KLCI to trade within the 1,605–1,620 range today.
Among the heavyweights, CIMB Group and Public Bank gained three sen each to RM7.38 and RM4.24, respectively, while IHH Healthcare added two sen to RM8.07. Maybank and Tenaga Nasional were flat at RM9.92 and RM13.20, respectively.
In active trading, ECA Integrated rose one sen to 25 sen, while Pharmaniaga and Tanco Holdings edged up half-a-sen each to 26.5 sen and 86.5 sen. TWL and Genting Malaysia were unchanged at 2.5 sen and RM2.32, respectively.
Among the top gainers were Petronas Gas, which added 54 sen to RM19.10, Allianz Malaysia, up 22 sen to RM18.40, United Plantations, which gained 14 sen to RM23.58, Hong Leong Financial, up 12 sen to RM17.02, and 99 Speedmart, which rose nine sen to RM3.12.
As for the top losers, Fraser & Neave fell 16 sen to RM27.94, Dutch Lady declined 14 sen to RM26.64, Malayan Cement and PJBumi slipped five sen each to RM6.77 and RM2.64, while Woodlandor Holdings dropped four sen to 53.5 sen.
On the index board, the FBM Emas Index increased 48.81 points to 12,085.85, the FBMT 100 Index rose 52.57 points to 11,820.65, the FBM Emas Shariah Index gained 49.63 points to 12,161.11, the FBM 70 Index advanced 65.66 points to 17,088.68, and the FBM ACE Index added 31.20 points to 5,224.63.
By sector, the Financial Services Index improved 56.98 points to 18,234.96, the Industrial Products and Services Index inched up 0.43 of-a-point to 174.00, the Energy Index climbed 2.14 points to 791.98, and the Plantation Index rose 33.07 points to 7,862.45.
Stay current - Follow FMT on WhatsApp, Google news and Telegram
Subscribe to our newsletter and get news delivered to your mailbox.
Registration on or use of this site constitutes acceptance of our Terms of Service, Privacy Policy and Cookies Policy.
Copyright © 2009 -2025FMT Media Sdn Bhd (1235453-U) All Rights Reserved. A part of Media Prima Group."
https://www.freemalaysiatoday.com/category/business/2025/10/15/ringgit-holds-steady-amid-fed-chairs-dovish-remarks,Ringgit holds steady amid Fed chair’s dovish remarks,2025-10-15,"According to reports, Powell told a conference that the US has a weak job market and above-target inflation, which creates a policy dilemma and economic uncertainty.
Bank Muamalat Malaysia Bhd chief economist Afzanizam Rashid said Powell also has reignited the expectation that an interest rate cut of 25 basis points is still on the table.
“The dovish remarks dampened the US Dollar Index (DXY) down by 0.21% to 98.842 points.
“The rise in DXY of late has been largely associated with the US government shutdown, which resulted in delayed key data point releases,” he told Bernama.
Afzanizam said the ringgit has maintained its narrow range against the US dollar, hovering around RM4.22 to RM4.23 during the trading session.
At 6pm, the local currency stood at 4.2305/4.2355 versus the US dollar.
The ringgit weakened against a basket of major currencies.
It slipped against the euro to 4.9213/4.9272 from 4.8879/4.8937 at yesterday’s close, softened versus the British pound to 5.6469/5.6535 from 5.6118/5.6184 yesterday, and declined vis-a-vis the Japanese yen to 2.7948/2.7983 from 2.7808/2.7843.
The ringgit also closed lower against Asean currencies.
The local currency depreciated versus the Thai baht to 12.9933/13.0151 from 12.8975/12.9182 at yesterday’s close, ticked down against the Singapore dollar to 3.2648/3.2689 from 3.2512/3.2553 previously, eased against the Indonesian rupiah to 255.2/255.6 from 254.8/255.2, and dropped versus the Philippine peso to 7.29/7.30 from 7.26/7.27 previously.
Stay current - Follow FMT on WhatsApp, Google news and Telegram
Subscribe to our newsletter and get news delivered to your mailbox.
Registration on or use of this site constitutes acceptance of our Terms of Service, Privacy Policy and Cookies Policy.
Copyright © 2009 -2025FMT Media Sdn Bhd (1235453-U) All Rights Reserved. A part of Media Prima Group."
https://www.freemalaysiatoday.com/category/business/2025/10/15/ringgit-rises-against-us-dollar-on-softer-greenback,Ringgit rises against US dollar on softer greenback,2025-10-15,"At 8.01am, the local note stood at 4.2220/4.2365 against the US dollar, up from Tuesday’s close of 4.2305/4.2355.
Bank Muamalat Malaysia Bhd chief economist Afzanizam Rashid said the US Dollar Index (DXY) eased 0.20% to 99.064 points after the Fed chairman signalled rising risks in the labour market, boosting expectations of an interest rate cut at the upcoming Federal Open Market Committee (FOMC) meeting.
“The latest International Monetary Fund forecast shows the global economy is expected to grow 3.2% in 2025, an upward revision from its July projection.
“Meanwhile, ongoing trade negotiations between the United States and other major economies are progressing positively, providing greater policy clarity compared to April 2025, when markets were caught off guard,” he added.
Afzanizam said the ringgit could perform slightly better today, with the USD/MYR pair expected to trade between RM4.22 and RM4.23.
However, the ringgit traded lower against a basket of major currencies.
It fell against the euro to 4.8988/4.9156 from 4.8879/4.8937 at Tuesday’s close, weakened against the British pound to 5.6241/5.6434 from 5.6118/5.6184, and slipped versus the Japanese yen to 2.7840/2.7938 from 2.7808/2.7843.
Against Asean currencies, the ringgit also eased.
It depreciated against the Thai baht to 12.9358/12.9866 from 12.8975/12.9182, edged lower versus the Singapore dollar to 3.2514/3.2631 from 3.2512/3.2553, and eased against the Indonesian rupiah to 254.2/255.2 from 254.8/255.2. It was little changed against the Philippine peso at 7.25/7.28 from 7.26/7.27 previously.
Stay current - Follow FMT on WhatsApp, Google news and Telegram
Subscribe to our newsletter and get news delivered to your mailbox.
Registration on or use of this site constitutes acceptance of our Terms of Service, Privacy Policy and Cookies Policy.
Copyright © 2009 -2025FMT Media Sdn Bhd (1235453-U) All Rights Reserved. A part of Media Prima Group."
https://www.freemalaysiatoday.com/category/business/2025/10/15/trumps-trade-war-unites-lula-modi-in-a-hunt-for-new-markets,"Trump’s trade war unites Lula, Modi, in a hunt for new markets",2025-10-15,"Government officials and business executives from Brazil and India are converging this week in New Delhi, seeking to forge new relationships and triple the countries’ US$12 billion trade partnership as economists warn that Trump’s policies could shave about one percentage point from the countries’ economic growth.
The Brazilian delegation is likely to discuss potential partnerships with Indian business leaders in areas including agribusiness, biofuels and defence.
The burgeoning partnership between Brazilian President Luiz Inacio Lula da Silva and India’s Narendra Modi is among the clearest examples of the global realignments taking place as the White House tears up decades-old partnerships and practices of commerce.
That reboot in American diplomacy has also pushed New Delhi to thaw relations with China, and gave impetus to the South American bloc Mercosur and the European Union to ink a long-elusive trade deal.
While both Modi and Lula are maneuvering to improve their standing in Washington, they’re also effectively hedging their economic bets to cope with being squeezed by Trump.
“Trump’s trade war is generating a total reorganisation of trade everywhere,” said Thiago de Aragao, head of Arko International, a consultancy in Washington.
“Although everyone wants to solve the problems they have with the US, everyone is weary that this mindset from the Trump administration might be a long-term trend,” he said.
India and Brazil were hit by some of the harshest tariffs since the Trump administration came to power – 50% on their goods.
While the White House later issued carve outs for hundreds of Brazilian products and exempted Indian pharmaceutical and electronics, the levies pose a serious economic risk.
About 12% of Brazil’s exports went to the US last year, so the South American country has much to lose if tariffs curtail demand for key goods like beef and steel.
Vice-president Geraldo Alckmin will lead the Brazilian delegation in India, which will also include executives from oil giant Petrobras, the mining company Vale SA and food processor BRF SA.
The delegation is particularly interested in tapping into coffee and ethanol markets, according to a Brazilian government official involved in the trip’s preparations who asked not to be identified discussing private internal deliberations.
The two countries will also discuss expanding the Mercosur–India preferential trade agreement, signed in 2004.
Lula, 79, had already been looking to diversify Brazil’s trading partners when he started his term in 2023 – targeting Indonesia, Malaysia and Turkey, among others – but he has doubled down on that effort since Trump came to power promising to shrink the US trade gap.
In August, the US slapped levies on Latin America’s largest economy in response to the prosecution of former President Jair Bolsonaro, a Trump ally who was convicted of attempting a coup last month.
Washington and Brasilia have since taken steps to repair relations following an impromptu face-to-face between the two presidents at the UN General Assembly in September.
However, the 50% import taxes remain in place.
Brazil has rerouted some of its US exports to Argentina and China over the past few months.
India, Brazilian officials say, is the destination that holds the most potential growth.
Both India and Brazil are founding members and de facto leaders of the BRICS, the bloc of emerging world powers that Trump loathes.
“Perhaps the biggest increase in trade flows we’ll see, regardless of the tariff hike, but also because of it, will be with India,” Jorge Viana, head of the Brazilian Trade and Investment Promotion Agency, or Apex Brasil, said in an interview.
India is even more dependent on its trade relationship with the US, the Asian nation’s top export destination.
Nearly a fifth of all Indian exports are shipped to the US, led by electronics, jewelry and pharmaceuticals.
Modi has tried to strike a balance between staying loyal to developing-world allies and cozying up to Trump.
So much so that the 75-year-old prime minister was initially reluctant to attend the annual BRICS summit that Brazil hosted in July, fearing harm to US-India relations, according to people familiar with his thinking.
However, Trump had exasperated Modi with claims that he had “solved” the latest military escalation between India and Pakistan, an idea the Indian leader squarely rejected.
Meanwhile, the Brazilians rolled out the red carpet for Modi at the BRICS meeting in Rio de Janeiro, followed by a lavish state luncheon at the presidential palace.
Ultimately, Lula’s entreaties proved persuasive and Modi cast his lot with Brazil, blasting the “double standards” their countries faced from the West.
The White House hit India with two rounds of 25% levies shortly after Modi’s Rio visit over the Asian nation’s continued purchase of Russian fuel, which the US says is funding Vladimir Putin’s war machine.
There’s been a notable cooling in tensions since the tariffs were imposed, with Modi and Trump holding two calls in recent weeks and calling each other “friend”, and US and Indian trade negotiators resuming talks.
Brazil and India have previously banded together to confront Washington.
In the early 2000s, the countries successfully partnered with other emerging-market allies against Western powers during World Trade Organization negotiations known as the Doha Round.
Developing nations resisted demands to liberalise trade, which scuttled the talks and helped foster their own domestic industries.
Still, regardless of how much Lula and Modi want to improve their trade ties, they are unlikely to wean themselves off the US.
Part of the challenge is that they sell many of same products abroad, such as coffee and sugar.
Then there is their mutual reliance on China, which is Brazil’s top trade partner and India’s No 2.
“Washington provides markets for Brazil and India that they cannot provide for one another,” said Matias Spektor, an international relations professor at the Getulio Vargas Foundation in Sao Paulo.
Changing patterns of trade and the structure for value chains is “not something governments can do by fiat,” he said.
Stay current - Follow FMT on WhatsApp, Google news and Telegram
Subscribe to our newsletter and get news delivered to your mailbox.
Registration on or use of this site constitutes acceptance of our Terms of Service, Privacy Policy and Cookies Policy.
Copyright © 2009 -2025FMT Media Sdn Bhd (1235453-U) All Rights Reserved. A part of Media Prima Group."
https://www.freemalaysiatoday.com/category/business/2025/10/16/bursa-ends-slightly-higher-amid-global-volatility,Bursa ends slightly higher amid global volatility,2025-10-16,"Rakuten Trade Sdn Bhd vice-president of equity research Thong Pak Leng said the FTSE Bursa Malaysia KLCI (FBM KLCI) ended almost flat as investors remained cautious, refraining from taking long positions amid heightened global volatility.
“Volatility is expected to persist as investors await clarity from the potential meeting between US president Donald Trump and Chinese president Xi Jinping later this month in South Korea, a development that could influence sentiment across both global and domestic markets.
“Given the prevailing uncertainty, we expect the benchmark index to remain rangebound within the 1,610-1,620 level towards the weekend,” he told Bernama.
At 5pm, the FBM KLCI edged up 0.74 of-a-point, or 0.05%, to 1,612.29 from yesterday’s close of 1,611.55.
The benchmark index opened 0.16 of-a-point lower at 1,611.39 and fluctuated in a narrow range between 1,611.28 and 1,617.28 throughout the trading session.
The broader market was mixed, with 578 decliners leading 536 gainers, while 548 counters were unchanged, 1,011 untraded, and 18 suspended.
Turnover shrank to 3.49 billion units worth RM2.85 billion compared with 4.26 billion units valued at RM3.71 billion yesterday.
Among heavyweights, Public Bank rose 2 sen to RM4.22, while IHH Healthcare eased 3 sen to RM8.04.
Maybank, Tenaga Nasional and CIMB Group were flat at RM9.92, RM13.18 and RM7.34, respectively.
On the most active list, Genting Bhd added 7 sen to RM3.47, Tanco Holdings gained 1.5 sen to 88 sen and Zetrix AI edged up 1 sen to 85.5 sen.
Meanwhile, Genting Malaysia eased 1 sen to RM2.33 and TWL Holdings was unchanged at 2.5 sen.
Top gainers included Nestle, which rose RM2 to RM104.70, Malaysian Pacific Industries jumped 76 sen to RM29.60, Petronas Gas rose 48 sen to RM19.00, United Plantations climbed 36 sen to RM23.60, and Frontken Corp added 22 sen to RM4.78.
Among the top decliners, Petronas Dagangan slipped 70 sen to RM22.30, PLB Engineering fell 13.5 sen to 86.5 sen, PIE Industrial declined 13 sen to RM3.13, Sunway Construction eased 12 sen to RM5.99, and Gamuda shed 10 sen to RM5.19.
On the index board, the FBM Emas Index rose 14.81 points to 12,082.05, the FBMT 100 Index increased 13.97 points to 11,803.83, the FBM Emas Shariah Index advanced 19.66 points to 12,161.80, the FBM 70 Index rose 57.40 points to 17,203.55, and the FBM ACE Index was up 30.39 points to 5,375.76.
By sector, the financial services index gained 27.21 points to 18,222.41 and the plantation index improved 14.88 points to 7,861.23, while the industrial products and services index eased 0.31 of-a-point to 173.63, and the energy index dipped 4.47 points to 795.56.
The Main Market volume decreased to 2.01 billion units valued at RM2.55 billion from 2.27 billion units worth RM3.32 billion yesterday.
Warrants turnover dwindled to 997.49 million units worth RM117.36 million compared with 1.45 billion units valued at RM185.30 million yesterday.
The ACE Market volume slid to 479.68 million units valued at RM179.84 million from 538.34 million units worth RM187.88 million previously.
Consumer products and services counters accounted for 436.91 million shares traded on the Main Market, industrial products and services (316.17 million), construction (74.82 million), technology (406.81 million), financial services (48.96 million), property (253.78 million), plantation (26.32 million), real estate investment trusts (29.04 million), closed-end fund (6,800), energy (163.37 million), healthcare (96.28 million), telecommunications and media (90.96 million), transportation and logistics (24.68 million), utilities (39.36 million), and business trusts (72,700).
Stay current - Follow FMT on WhatsApp, Google news and Telegram
Subscribe to our newsletter and get news delivered to your mailbox.
Registration on or use of this site constitutes acceptance of our Terms of Service, Privacy Policy and Cookies Policy.
Copyright © 2009 -2025FMT Media Sdn Bhd (1235453-U) All Rights Reserved. A part of Media Prima Group."
https://www.freemalaysiatoday.com/category/business/2025/10/16/bursa-opens-higher-on-regional-gains-cautious-sentiment,"Bursa opens higher on regional gains, cautious sentiment",2025-10-16,"At 9.10am, the FTSE Bursa Malaysia KLCI (FBM KLCI) rose 4.72 points to 1,616.27 from Wednesday’s close of 1,611.55, after opening 0.16 of-a-point lower at 1,611.39.
Market breadth was positive, with gainers leading losers 232 to 154, while 316 counters were unchanged, 1,970 untraded, and 18 suspended. Turnover stood at 249.51 million shares worth RM133.94 million.
Rakuten Trade Sdn Bhd vice-president of equity research Thong Pak Leng said Wall Street ended mixed in a volatile session, buoyed by strong earnings from Bank of America and Morgan Stanley, which lifted expectations for a better-than-expected earnings season.
“Meanwhile, the US 10-year Treasury yield remained flat at 4.03 per cent,” he noted.
On the domestic front, Thong noted that the FBM KLCI closed flat amid continued foreign selling, but improving daily volumes indicated stronger retail participation. He expects the benchmark index to hover within the 1,610–1,620 range today.
Among heavyweights, Maybank added five sen to RM9.97, Tenaga Nasional rose six sen to RM13.24, while Public Bank and CIMB Group gained two sen to RM4.22 and RM7.36, respectively. IHH Healthcare was unchanged at RM8.07.
In active trading, Sedania Innovator advanced three sen to 29 sen, ECA Integrated climbed 1.5 sen to 26 sen, and Pegasus Heights gained half-a-sen to one sen. Dagang Nexchange fell half-a-sen to 28.5 sen, while TWL remained at two sen.
Top gainers included United Malacca, which rose 20 sen to RM5.90, Hong Leong Bank up 10 sen to RM20.74, and Genting, which added eight sen to RM3.48. Southern Cable and Kein Hing gained five sen each to RM2.23 and RM1.43.
Among the top losers, Malaysian Pacific Industries and Hong Leong Industries fell eight sen each to RM28.76 and RM13.56. OM Holdings slipped 5.5 sen to 74.5 sen, Rhone Ma Holdings declined five sen to 66 sen, while Hong Leong Financial eased four sen to RM16.96.
On the index board, the FBM Emas Index climbed 35.06 points to 12,102.31, the FBMT 100 Index added 35.81 points to 11,825.67, the FBM Emas Shariah Index rose 21.11 points to 12,163.25, the FBM 70 Index jumped 57.52 points to 17,203.68, and the FBM ACE Index gained 13.25 points to 5,358.62.
By sector, the Financial Services Index advanced 78.84 points to 18,274.04, and the Energy Index increased 1.87 points to 801.90. The Plantation Index slipped 7.58 points to 7,838.77, while the Industrial Products and Services Index remained unchanged at 173.94.
Stay current - Follow FMT on WhatsApp, Google news and Telegram
Subscribe to our newsletter and get news delivered to your mailbox.
Registration on or use of this site constitutes acceptance of our Terms of Service, Privacy Policy and Cookies Policy.
Copyright © 2009 -2025FMT Media Sdn Bhd (1235453-U) All Rights Reserved. A part of Media Prima Group."
https://www.freemalaysiatoday.com/category/business/2025/10/16/ringgit-closes-higher-as-us-china-trade-tension-weighs-on-greenback,Ringgit closes higher as US-China trade tension weighs on greenback,2025-10-16,"Bank Muamalat Malaysia Bhd chief economist Afzanizam Rashid said the weaker performance of the greenback resulted in the decline of the US Dollar Index, which fell by 0.21% to 98.584.
“The trade tension, coupled with a dovish tilt by the US Federal Reserve (Fed), along with the ongoing US government shutdown, has raised the prospects of an interest rate cut in the US at the end of this month,” he told Bernama.
At 6pm, the local currency climbed to 4.2275/4.2300 against the US dollar from 4.2305/4.2355 at yesterday’s close.
However, the ringgit weakened against a basket of major currencies.
It slipped against the euro to 4.9284/4.9313 from 4.9213/4.9272 at yesterday’s close, softened further versus the British pound to 5.6792/5.6826 from 5.6469/5.6535, and was almost flat vis-à-vis the Japanese yen at 2.7943/2.7961 from 2.7948/2.7983.
The ringgit traded mostly higher against Asean currencies.
It was marginally higher against the Singapore dollar at 3.2630/3.2651 from 3.2648/3.2689 previously, strengthened against the Indonesian rupiah to 254.9/255.2 from 255.2/255.6, and advanced versus the Philippine peso to 7.27/7.28 from 7.29/7.30 previously.
The ringgit, however, depreciated versus the Thai baht to 12.9933/13.0151 from 12.8975/12.9182 at yesterday’s close.
Stay current - Follow FMT on WhatsApp, Google news and Telegram
Subscribe to our newsletter and get news delivered to your mailbox.
Registration on or use of this site constitutes acceptance of our Terms of Service, Privacy Policy and Cookies Policy.
Copyright © 2009 -2025FMT Media Sdn Bhd (1235453-U) All Rights Reserved. A part of Media Prima Group."
https://www.freemalaysiatoday.com/category/business/2025/10/16/ringgit-opens-higher-amid-ongoing-global-developments,Ringgit opens higher amid ongoing global developments,2025-10-16,"At 8am, the local note stood at 4.2220/4.2430 versus the greenback, strengthening from yesterday’s close of 4.2305/4.2355.
Bank Muamalat Malaysia Bhd’s chief economist, Afzanizam Rashid, noted that renewed trade tensions between the United States and China had led to a weaker US dollar.
“The US Dollar Index (DXY) declined by 0.26% to 98.793 points, as the escalating trade conflict is expected to reinforce the case for a potential interest rate cut by the US Federal Reserve.
“In light of this, the ringgit is likely to remain resilient, with the USD/MYR exchange rate expected to hover between RM4.22 and RM4.23,” he added.
The ringgit, however, traded mostly lower against a basket of major currencies, except for the euro, which appreciated to 4.9165/4.9410 from yesterday’s close of 4.9213/4.9272. It softened against the British pound to 5.6579/5.6860 from 5.6469/5.6535 on Wednesday and declined vis-à-vis the Japanese yen to 2.7957/2.8097 from 2.7948/2.7983.
In contrast, the ringgit trended higher against Asean currencies. The local note improved against the Thai baht to 12.9708/13.0425 from 12.9933/13.0151 at yesterday’s close, rose against the Singapore dollar to 3.2585/3.2749 from 3.2648/3.2689 previously, gained against the Indonesian rupiah to 254.7/256.0 from 255.2/255.6, and appreciated against the Philippine peso to 7.27/7.31 from 7.29/7.30 previously.
Stay current - Follow FMT on WhatsApp, Google news and Telegram
Subscribe to our newsletter and get news delivered to your mailbox.
Registration on or use of this site constitutes acceptance of our Terms of Service, Privacy Policy and Cookies Policy.
Copyright © 2009 -2025FMT Media Sdn Bhd (1235453-U) All Rights Reserved. A part of Media Prima Group."
https://www.freemalaysiatoday.com/category/business/2025/10/17/airasia-in-talks-with-vietravel-as-it-expands-regional-push,AirAsia in talks with Vietravel as it expands regional push,2025-10-17,"Discussions centre around Malaysia-based AirAsia taking a small interest in Vietravel, as it is more commonly known.
“Considering Vietnam caps foreign ownership of carriers at no more than 34%,” the people said, asking not to be identified because the details are private.
“Discussions aren’t final and may change,” they added.
Representatives for AirAsia didn’t respond to a request for comment.
Vietravel said in a statement that it’s actively negotiating with aircraft manufacturers and international airlines to expand its fleet and routes, without expanding on any potential transaction.
“The outcome of any talks would be announced in due course, it said.
Fernandes, speaking in Jakarta on Wednesday on the sidelines of the Forbes Global CEO Conference, said talks were “progressing very well” with a single partner, declining to elaborate.
“We’re down to a few more terms and then ready to execute a term sheet,” he said.
Vietnam is one of Southeast Asia’s fastest growing aviation markets.
Passenger volumes have rebounded sharply in the post-pandemic era, fueled by a growing middle class, increasing domestic travel demand and robust inbound visitors from places like China, South Korea and India.
It’s also a competitive landscape. Just this week new entrant Sun PhuQuoc Airways said it plans to acquire 100 Airbus SE and Boeing Co jets within five years as it seeks to crack the nation’s congested skies.
The market is currently dominated by Vietnam Airlines JSC and budget airline VietJet Aviation JSC, while smaller player Bamboo Airways JSC is also seeking more business.
In 2019, AirAsia terminated a proposed joint venture arrangement with Gumin Co and Hai Au Aviation JSC to set up a low cost carrier in Vietnam but said it remained interested in the nation due to its favourable geographical location and overall growth potential.
Last month, Fernandes again said discussions were underway with a local partner in Vietnam but no agreement had been finalised.
“It is no secret that I have wanted to operate in Vietnam for a long time.
“As an Asean airline, it is only logical for us to be in one of the most promising countries in the region,” he said on the sidelines of the Asean Economic Ministers’ Meeting 2025 in September.
Shares in Capital A rose as much as 6.8% on Friday, their highest intraday level since Feb 7.
Stay current - Follow FMT on WhatsApp, Google news and Telegram
Subscribe to our newsletter and get news delivered to your mailbox.
Registration on or use of this site constitutes acceptance of our Terms of Service, Privacy Policy and Cookies Policy.
Copyright © 2009 -2025FMT Media Sdn Bhd (1235453-U) All Rights Reserved. A part of Media Prima Group."
https://www.freemalaysiatoday.com/category/business/2025/10/17/bursa-ends-lower-on-regional-wall-street-weakness,"Bursa ends lower on regional, Wall Street weakness",2025-10-17,"Rakuten Trade Sdn Bhd vice-president of equity research Thong Pak Leng said regional markets closed mostly in the red, with selling pressure concentrated in technology counters following a weak lead from Wall Street overnight.
“Renewed concerns over US regional banks rattled investor confidence after reports of deteriorating loan quality at two lenders triggered a broad sell-off on Wall Street, offsetting earlier gains in the technology and artificial intelligence sectors,” he told Bernama.
He noted that China and Hong Kong declined sharply as trade tensions between Beijing and Washington remained elevated.
Key economic data to watch for next week include China’s third-quarter gross domestic product figures, the US consumer price index for September, and the Eurozone’s October purchasing managers’ index.
Hong Kong’s Hang Seng Index tumbled 2.48% to 25,247.10, Japan’s Nikkei 225 Index slipped 1.44% to 47,582.15, Indonesia’s IDX Composite Index dropped 2.57% to 7,915.66, China’s SSE Composite Index fell 1.95% to 3,839.76, and Singapore’s Straits Times Index shed 0.63% to 4,328.93.
“As for the local bourse, investors should stay cautious amid increasing market volatility.
“We expect the benchmark index to remain in consolidation mode in the short term, although bargain-hunting activities may emerge,” said Thong.
At 5pm, the FTSE Bursa Malaysia KLCI (FBM KLCI) slid 5.11 points, or 0.32%, to 1,607.18 from yesterday’s close of 1,612.29.
The benchmark index opened 1.40 points firmer at 1,613.69 and fluctuated between 1,604.72 and 1,616.36 throughout the trading session.
The broader market was negative with 985 decliners trouncing 292 gainers, while 430 counters were unchanged, 975 untraded, and 18 suspended.
Turnover improved to 3.81 billion units worth RM3.03 billion compared with 3.49 billion units valued at RM2.85 billion yesterday.
Among heavyweights, Maybank fell three sen to RM9.89, Public Bank eased two sen to RM4.20, and Tenaga Nasional slipped eight sen to RM13.10.
Meanwhile, IHH Healthcare rose 26 sen to RM8.30, and CIMB Group was unchanged at RM7.34.
On the most active list, Aizo and Pharmaniaga perked up 0.5 sen each to eight sen and 27 sen, respectively, and Genting Malaysia rose one sen to RM2.34. Zetrix AI declined two sen to 83.5 sen and Tanco Holdings shed two sen to 86 sen.
Top gainers included Nestle, which rose 30 sen to RM105, Hong Leong Bank advanced 18 sen to RM20.96, Seremban Engineering gained 8.5 sen to 65 sen, Hong Leong Financial Group increased eight sen to RM17.08, and Westports Holdings added seven sen to RM5.34.
Among the top decliners, Malaysian Pacific Industries slipped 68 sen to RM28.92, Ajinomoto and Petronas Gas fell 30 sen each to RM13.50 and RM18.70, respectively, while Kelington declined 28 sen to RM5.52, and Pentamaster Corp dipped 27 sen to RM3.91.
On the index board, the FBM Emas Index tumbled 77.14 points to 12,004.91, the FBMT 100 Index fell 61.81 points to 11,742.02, the FBM Emas Shariah Index sank 104.53 points to 12,057.27, the FBM 70 Index slipped 195.61 points to 17,007.94, and the FBM ACE Index dipped 96.87 points to 5,278.89.
By sector, the financial services index shrank 29.97 points to 18,192.44, the industrial products and services index slid 2.58 points to 171.05, the energy index gave up 6.63 points to 788.93, and the plantation index eased 0.37 of-a-point to 7,860.86.
The Main Market volume climbed to 2.24 billion units valued at RM2.69 billion from 2.01 billion units worth RM2.55 billion yesterday.
Warrants turnover expanded to 1.07 billion units worth RM116.62 million compared with 997.49 million units valued at RM117.36 million yesterday.
The ACE Market volume increased to 497.93 million units valued at RM216.54 million from 479.68 million units worth RM179.84 million previously.
Consumer products and services counters accounted for 497.58 million shares traded on the Main Market, industrial products and services (475.2 million), construction (134.11 million), technology (373.32 million), financial services (60.94 million), property (184.36 million), plantation (25.03 million), real estate investment trusts (23.16 million), closed-end fund (83,800), energy (146.91 million), healthcare (157.12 million), telecommunications and media (72.52 million), transportation and logistics (35.21 million), utilities (55.94 million), and business trusts (125,000).
Bursa and its subsidiaries will be closed on Monday, Oct 20, in conjunction with the Deepavali public holiday.
Stay current - Follow FMT on WhatsApp, Google news and Telegram
Subscribe to our newsletter and get news delivered to your mailbox.
Registration on or use of this site constitutes acceptance of our Terms of Service, Privacy Policy and Cookies Policy.
Copyright © 2009 -2025FMT Media Sdn Bhd (1235453-U) All Rights Reserved. A part of Media Prima Group."
https://www.freemalaysiatoday.com/category/business/2025/10/17/bursa-opens-higher-despite-cautious-market-sentiment,Bursa opens higher despite cautious market sentiment,2025-10-17,"At 9.10am, the FTSE Bursa Malaysia KLCI (FBM KLCI) rose 1.82 points to 1,614.11 from Thursday’s close of 1,612.29, after opening 1.40 points firmer at 1,613.69.
Market breadth was negative, with decliners outnumbering gainers 239 to 129, while 311 counters remained unchanged, 2,003 were untraded, and 18 suspended.
Turnover stood at 172.58 million shares worth RM107.37 million.
Rakuten Trade Sdn Bhd vice-president of equity research Thong Pak Leng said the FBM KLCI remained well supported at current levels.
“The benchmark index closed marginally higher yesterday despite persistent foreign selling. Overall, the local bourse is expected to hover within the 1,610–1,620 range today ahead of another long weekend,” he added.
Thong noted that Wall Street closed broadly lower overnight amid renewed concerns over regional banks and fears of rising bad loans, signalling potential challenges in the banking sector.
Among heavyweights, Maybank edged up one sen to RM9.93, Tenaga Nasional rose four sen to RM13.22, and IHH Healthcare gained seven sen to RM8.11. Public Bank eased one sen to RM4.21, while CIMB Group was unchanged at RM7.34.
In active trading, Salutica advanced five sen to 25.5 sen, L&P Global added two sen to 15.5 sen, Propel Global rose 1.5 sen to nine sen, and Niche Capital Emas inched up one sen to 15 sen. Dagang Nexchange was flat at 28 sen.
Top gainers included Nestle, which climbed 90 sen to RM105.60, Tomei Consolidated up 14 sen to RM2.12, Gas Malaysia and PGF Capital adding nine sen each to RM4.60 and RM1.84, and Sunway Construction up six sen to RM6.05.
Among the top losers, Petronas Gas fell 20 sen to RM18.80, Malaysian Pacific Industries declined 14 sen to RM29.46, and Frontken eased 10 sen to RM4.68. MI Technovation and Genting Bhd lost six sen each to RM2.89 and RM3.41, respectively.
On the index board, the FBMT 100 Index added 2.19 points to 11,806.02, the FBM Emas Shariah Index rose 0.39 of-a-point to 12,162.19, and the FBM ACE Index gained 4.28 points to 5,380.04. The FBM Emas Index slipped 1.33 points to 12,080.72, while the FBM 70 Index decreased 45.19 points to 17,158.36.
By sector, the Financial Services Index added 4.03 points to 18,226.44, and the Plantation Index rose 11.26 points to 7,872.49. The Industrial Products and Services Index eased 0.02 of-a-point to 173.61, and the Energy Index fell 2.52 points to 793.04.
Stay current - Follow FMT on WhatsApp, Google news and Telegram
Subscribe to our newsletter and get news delivered to your mailbox.
Registration on or use of this site constitutes acceptance of our Terms of Service, Privacy Policy and Cookies Policy.
Copyright © 2009 -2025FMT Media Sdn Bhd (1235453-U) All Rights Reserved. A part of Media Prima Group."
https://www.freemalaysiatoday.com/category/business/2025/10/17/miti-reports-malaysias-september-trade-up-9-8-to-rm257-5bil,Miti reports Malaysia’s September trade up 9.8% to RM257.5bil,2025-10-17,"In a statement today, the ministry of investment, trade and industry (Miti) said export growth remained robust for the third straight month, rising 12.2% y-o-y to RM138.68 billion, while imports rebounded by 7.3% to RM118.82 billion, resulting in a trade surplus of RM19.86 billion.
The ministry said that September’s export growth was recorded across all sectors, with expansion in the manufacturing sector led by electrical and electronic (E&E) products, which posted their highest value, increasing by nearly RM11 billion.
It said other main contributors included machinery, equipment and parts, as well as optical and scientific equipment.
“Meanwhile, the mining sector rebounded after 13 months of contraction, mainly due to higher exports of metalliferous ores and metal scrap.
“As for the agriculture sector, palm oil and palm oil-based agriculture products recorded the largest increase,” it said.
According to Miti, Malaysia recorded an uptick in exports to major trading partners, namely Asean, China, the US, Taiwan and the European Union.
“Exports continued to expand to free trade agreement partners with significant increases registered for Mexico, India, Australia, New Zealand, Turkiye, the UK, Pakistan and Canada,” it said.
For the period from January to September 2025, it said that trade, exports, and imports recorded their highest cumulative value, with trade rising 4.4% to RM2.235 trillion y-o-y, with exports rising 4.8% to RM1.170 trillion and imports up by 4.0% to RM1.064 trillion, resulting in a trade surplus of RM105.65 billion.
Miti said the World Trade Organization has raised its forecast for world merchandise trade volume growth in 2025 to 2.4% (compared with 0.9% in April 2025), driven by higher spending on artificial intelligence-related products, a rise in North American imports ahead of tariff hikes and strong trade in other regions.
It said that in line with the global trend, the World Bank has revised Malaysia’s 2025 economic growth upward to 4.1% (compared with 3.9% in April 2025), reflecting steady domestic demand and stronger-than-expected external demand, especially in the E&E sector.
Furthermore, the Economic Outlook 2026 projects Malaysia’s trade to expand by 3.9% in 2025, with exports growing by 3.3% and imports increasing by 4.6%, it said.
However, the ministry said ongoing trade tensions and the possibility of new tariff measures among major economies remain key challenges.
It said this may lead to supply chain disruptions, increased costs for exporters, and volatility in Malaysia’s trade environment, potentially affecting the country’s ability to sustain steady growth.
“Malaysian exporters are therefore advised to diversify their markets, strengthen supply chain resilience and keep abreast of trade policy changes.
“With the support and guidance from Miti and Malaysia external trade development corporation, exporters can better navigate these risks and seize new opportunities in the global market,” said the ministry.
Stay current - Follow FMT on WhatsApp, Google news and Telegram
Subscribe to our newsletter and get news delivered to your mailbox.
Registration on or use of this site constitutes acceptance of our Terms of Service, Privacy Policy and Cookies Policy.
Copyright © 2009 -2025FMT Media Sdn Bhd (1235453-U) All Rights Reserved. A part of Media Prima Group."
https://www.freemalaysiatoday.com/category/business/2025/10/17/ringgit-closes-marginally-higher-as-us-banking-worries-weigh-on-greenback,Ringgit closes marginally higher as US banking worries weigh on greenback,2025-10-17,"Bank Muamalat Malaysia Bhd chief economist Afzanizam Abdul Rashid said worries over credit markets in US banks have resulted in the weakening of the greenback amid trade tension concerns.
“All things considered, talk of an interest rate cut by the US Federal Reserve is gaining momentum, and this can be dollar-negative,” he told Bernama.
At 6pm, the local note climbed to 4.2240/4.2275 against the US dollar from 4.2275/4.2300 at yesterday’s close.
At the close, the ringgit traded mostly lower against major currencies, except for the British pound, where it climbed to 5.6741/5.6788 from 5.6792/5.6826 at yesterday’s close.
It slipped against the euro to 4.9421/4.9462 from 4.9284/4.9313 and weakened against the Japanese yen to 2.8218/2.8244 from 2.7943/2.7961 previously.
The local note was mostly higher against Asean currencies.
It was flat against the Singapore dollar at 3.2635/3.2665 from 3.2630/3.2651 at yesterday’s close and gained versus the Indonesian rupiah to 254.6/254.9 from 254.9/255.2.
The ringgit rose against the Philippine peso to 7.26/7.27 from 7.27/7.28 and gained vis-à-vis the Thai baht to 12.9301/12.9471 from 12.9849/12.9986.
Stay current - Follow FMT on WhatsApp, Google news and Telegram
Subscribe to our newsletter and get news delivered to your mailbox.
Registration on or use of this site constitutes acceptance of our Terms of Service, Privacy Policy and Cookies Policy.
Copyright © 2009 -2025FMT Media Sdn Bhd (1235453-U) All Rights Reserved. A part of Media Prima Group."
https://www.freemalaysiatoday.com/category/business/2025/10/17/ringgit-opens-higher-vs-us-dollar-on-global-risk-off-sentiment,Ringgit opens higher vs US dollar on global risk-off sentiment,2025-10-17,"At 8am, the local note climbed to 4.2160/4.2335 against the greenback from 4.2275/4.2300 at Thursday’s close.
Bank Muamalat Malaysia Bhd chief economist Afzanizam Rashid said markets were in a risk-off mode, with gold prices reaching new highs and US Treasury yields declining.
“These developments are being compounded by the ongoing US government shutdown, which has delayed key economic data releases needed for informed monetary policy decisions,” he noted.
He added that the US Dollar Index slipped 0.46% to 98.336, further weighing on the greenback.
“With the US Federal Reserve expected to cut interest rates at the upcoming Federal Open Market Committee meeting at the end of this month, the ringgit may see further appreciation.
“Additionally, the latest issues surrounding US lenders warrant closer scrutiny to assess how they might evolve and affect credit markets. Again, such news can be dollar-negative,” he said.
At the opening, the ringgit traded mostly lower against major currencies, except for the British pound, which firmed to 5.6663/5.6898 from 5.6792/5.6826 at Thursday’s close. It slipped against the euro to 4.9306/4.9511 from 4.9284/4.9313 and eased versus the Japanese yen to 2.8073/2.8191 from 2.7943/2.7961 previously.
Meanwhile, the local note strengthened against most Asean currencies. It appreciated against the Singapore dollar to 3.2601/3.2739 from 3.2630/3.2651, advanced versus the Indonesian rupiah to 254.2/255.4 from 254.9/255.2, rose against the Philippine peso to 7.25/7.28 from 7.27/7.28, and gained vis-à-vis the Thai baht to 12.9623/13.0229 from 12.9933/13.0151.
Stay current - Follow FMT on WhatsApp, Google news and Telegram
Subscribe to our newsletter and get news delivered to your mailbox.
Registration on or use of this site constitutes acceptance of our Terms of Service, Privacy Policy and Cookies Policy.
Copyright © 2009 -2025FMT Media Sdn Bhd (1235453-U) All Rights Reserved. A part of Media Prima Group."
https://www.freemalaysiatoday.com/category/business/2025/10/21/bursa-starts-on-firm-footing-tracking-wall-street-gains,"Bursa starts on firm footing, tracking Wall Street gains",2025-10-21,"At 9.19am, the FTSE Bursa Malaysia KLCI (FBM KLCI) rose 3.54 points to 1,610.72 from Friday’s close of 1,607.18.
Rakuten Trade Sdn Bhd vice-president of equity research Thong Pak Leng noted that Wall Street closed broadly higher as traders decided to concentrate on the good and looked past the bad amid the ongoing shutdown and outstanding credit risks.
“We believe bargain hunting activities will emerge anytime soon; hence, expect the index to hover between the 1,605-1,620 range today,” he said.
In active trading, MMAG and EA Holdings were flat at 59 sen and half-a-sen, respectively, Computer Forms rose half-a-sen to 11 sen, while Dagang Nexchange and PA Resources increased one sen each to 28 sen and 18 sen.
Top gainers included Nestle, which climbed RM1.40 to RM106.40, Malaysian Pacific Industries added 64 sen to RM29.56, MI Technovation was 14 sen firmer at RM2.84 and Tenaga Nasional gained 12 sen to RM13.22.
Among the top losers, Batu Kawan fell 30 sen to RM19, Fraser & Neave slipped 12 sen to RM28.02, Hong Leong Financial and Petronas Dagangan decreased eight sen each to RM17.0 and RM22.14, respectively.
On the index board, the FBMT 100 Index added 40.13 points to 11,782.15, the FBM Emas Shariah Index rose 61.61 points to 12,118.88, and the FBM ACE Index gained 47.96 points to 5,326.85. The FBM Emas Index strengthened 44.57 points to 12,049.48 and the FBM Mid 70 Index improved 107.55 points to 17,115.49.
By sector, the Financial Services Index added 10.61 points to 18,203.05, and the Plantation Index declined 5.11 points to 7,855.75. The Industrial Products and Services Index inched up 0.31 of-a-point to 171.36, and the Energy Index expanded 3.60 points to 792.53.
Stay current - Follow FMT on WhatsApp, Google news and Telegram
Subscribe to our newsletter and get news delivered to your mailbox.
Registration on or use of this site constitutes acceptance of our Terms of Service, Privacy Policy and Cookies Policy.
Copyright © 2009 -2025FMT Media Sdn Bhd (1235453-U) All Rights Reserved. A part of Media Prima Group."
https://www.freemalaysiatoday.com/category/business/2025/10/21/fbm-klci-closes-higher-as-bursa-plays-catch-up-to-regional-global-uptrend,"FBM KLCI closes higher as Bursa plays catch-up with regional, global uptrend",2025-10-21,"Rakuten Trade Sdn Bhd vice-president of equity research Thong Pak Leng said key regional indices extended their gains from yesterday as optimism grew over the potential easing of trade tensions between the US and China. This followed after US president Donald Trump expressed confidence that he could reach a fair trade agreement with Chinese president Xi Jinping.
On the domestic front, Thong said the local market appeared to be catching up with regional peers.
“Trading activity has picked up, indicating that investors are gradually re-entering the market after a round of profit-taking. Overall sentiment is turning more constructive, with the benchmark index maintaining stability above the 1,600 level. We expect the FBM KLCI to trade within the 1,600-1,630 range for the week,” he told Bernama.
At 5pm, the FTSE Bursa Malaysia KLCI (FBM KLCI) gained 9.65 points, or 0.60%, to 1,616.83 from Friday’s close of 1,607.18.
The benchmark index opened 4.6 points firmer at 1,611.78 and moved between 1,609.02 and 1,617.15 throughout the trading session.
The broader market was positive with 779 gainers thumping 369 losers, while 496 counters were unchanged, 1,028 untraded and 31 suspended.
However, turnover dropped to 3.68 billion units worth RM2.55 billion compared with 3.81 billion units worth RM3.03 billion on Friday.
Among heavyweight counters, Maybank and CIMB added one sen each to RM9.90 and RM7.35, respectively. Public Bank gained seven sen to RM4.27, Tenaga Nasional was 14 sen firmer at RM13.24, while IHH Healthcare was flat at RM8.30.
On the most active list, Tanco and Velesto added one sen each to 87 sen and 26 sen, respectively, while both EA Holdings and TWL were flat at 0.5 sen and 2.5 sen, and HHRG fell 0.5 sen to seven sen.
Top gainers included Nestle, which jumped RM4.50 to RM109.50, while Malaysian Pacific Industries gained 92 sen to RM29.84, and Petronas Dagangan added 32 sen to RM22.54. KSL bounced 28 sen to RM3.11.
Among the top decliners, Dutch Lady lost 38 sen to RM26.18, Malayan Cement fell 13 sen to RM6.57, and Binastra slid 10 sen to RM2.22. Cyberjaya Education was 8.5 sen weaker at 78 sen.
On the index board, the FBM Emas Index bounced 77.79 points to 12,082.70, the FBMT 100 Index chalked up 71.37 points to 11,813.39, and the FBM Emas Shariah Index jumped 100.18 points to 12,157.45.
The FBM 70 Index gained 106.99 points to 17,114.93, and the FBM ACE Index advanced 32.54 points to 5,311.43.
By sector, the financial services index widened 61.04 points to 18,253.48, the industrial products and services index ticked up 0.33 of-a-point to 171.38, and the energy index added 3.35 points to 792.28. The plantation index grew 41.21 points to 7,902.07.
The Main Market volume narrowed to 1.68 billion units valued at RM2.21 billion from 2.24 billion units valued at RM2.69 billion on Friday.
Warrants turnover expanded to 1.58 billion units worth RM189.8 million compared with 1.07 billion units worth RM116.62 million.
The ACE Market volume fell to 425.07 million units valued at RM145.5 million from 497.93 million units valued at RM216.54 million previously.
Consumer products and services counters accounted for 376.41 million shares traded on the Main Market, industrial products and services (354.02 million), construction (93.25 million), technology (290.65 million), financial services (53.1 million), property (219.92 million), plantation (25.36 million), real estate investment trusts (13.64 million), closed-end fund (12,600), energy (110.08 million), healthcare (80.53 million), telecommunications and media (24.14 million), transportation and logistics (14.96 million), utilities (22.46 million), and business trusts (29,500).
Stay current - Follow FMT on WhatsApp, Google news and Telegram
Subscribe to our newsletter and get news delivered to your mailbox.
Registration on or use of this site constitutes acceptance of our Terms of Service, Privacy Policy and Cookies Policy.
Copyright © 2009 -2025FMT Media Sdn Bhd (1235453-U) All Rights Reserved. A part of Media Prima Group."
https://www.freemalaysiatoday.com/category/business/2025/10/21/ringgit-edges-lower-against-greenback-stronger-versus-major-currencies,"Ringgit edges lower against greenback, stronger versus major currencies",2025-10-21,"Bank Muamalat Malaysia Bhd chief economist Afzanizam Abdul Rashid said the upcoming meeting between US president Donald Trump and Chinese president Xi Jinping in South Korea next week has become the main focus for investors.
“So far, Trump has indicated that his administration is aiming to reach a fair deal with China, suggesting that a more amicable trade outcome could be in sight. Such a development appears to be dollar-positive for now,” he told Bernama.
He added that the ringgit hovered around RM4.2200 to RM4.2288 against the US dollar today, following the generally stronger performance of the greenback.
At 6pm, the local note eased to 4.2280/4.2315 against the US dollar from 4.2240/4.2275 at Friday’s close.
At the close, the ringgit traded higher against major currencies.
It advanced against the British pound to 5.6592/5.6639 from 5.6741/5.6788, gained against the euro to 4.9134/4.9174 from 4.9421/4.9462, and strengthened against the Japanese yen to 2.7851/2.7875 from 2.8218/2.8244 at Friday’s close.
The local note was mixed against Asean currencies.
It appreciated against the Singapore dollar at 3.2598/3.2628 from 3.2635/3.2665, and improved versus the Thai baht to 12.9048/12.9218 from 12.9301/12.9471, previously.
However, it slipped against the Indonesian rupiah to 254.8/255.2 from 254.6/254.9, and was flat against the Philippine peso at 7.26/7.27.
Stay current - Follow FMT on WhatsApp, Google news and Telegram
Subscribe to our newsletter and get news delivered to your mailbox.
Registration on or use of this site constitutes acceptance of our Terms of Service, Privacy Policy and Cookies Policy.
Copyright © 2009 -2025FMT Media Sdn Bhd (1235453-U) All Rights Reserved. A part of Media Prima Group."
https://www.freemalaysiatoday.com/category/business/2025/10/21/ringgit-opens-higher-amid-us-shutdown-china-trade-tensions,"Ringgit opens higher amid US shutdown, China trade tensions",2025-10-21,"At 8am, the local note rose to 4.2165/4.2300 against the greenback from 4.2240/4.2275 at last Friday’s close.
Bank Muamalat Malaysia Bhd chief economist Afzanizam Rashid said the US dollar index (DXY) stays resillient, hovering around 98.532 points, slightly lower than yesterday’s closing of 98.586 points.
“The odds for a quarter point interest cut by the US Federal Reserve remain fairly high at 98.9%, despite the lack of the official data points.
“From the technical standpoint, ringgit was already in the oversold position, implying a potential upside for ringgit to appreciate,” he added.
Hence, he expects the US dollar-ringgit to linger in a narrow range of 4.21 to 4.22 today.
Meanwhile, Afzanizam said the market will be on the cautious mode, as the investors watch on the meeting between US president Donald Trump and Chinese President Xi Jinping next week.
He opined that the market sentiments may be wary about the outcome from the meeting, as China’s decision not to buy soyabean from the US is hurting the American farmers.
“Perhaps the market is hoping for a better deal, but Trump is unpredictable. Hence, markets will be on the cautious mode,” he said.
The market was close on Monday, Oct 20, 2025, due to the Deepavali holiday celebration, and resumes its operation today.
At the opening, the ringgit traded higher against a basket of major currencies.
The local note increased against the British pound to 5.6522/5.66703 from 5.6741/5.66788 at Friday’s close, rose against the euro to 4.9110/4.9267 from 4.9421/4.9462 and appreciated against the Japanese yen to 2.7966/2.8058 from 2.8218/2.8244 previously.
However, the ringgit was mostly higher against the Asean currencies.
It gained against the Singapore dollar at 3.2595/3.2702 from 3.2635/3.2665 at Friday’s close and inched up versus the Indonesian rupiah to 254.3/255.3 from 254.6/254.9.
The local note was marginally higher against the Philippine peso to 7.25/7.27 from 7.26/7.27, but weakened vis-a-vis the Thai baht to 12.9543/13.0030 from 12.9301/12.9471.
Stay current - Follow FMT on WhatsApp, Google news and Telegram
Subscribe to our newsletter and get news delivered to your mailbox.
Registration on or use of this site constitutes acceptance of our Terms of Service, Privacy Policy and Cookies Policy.
Copyright © 2009 -2025FMT Media Sdn Bhd (1235453-U) All Rights Reserved. A part of Media Prima Group."
https://www.freemalaysiatoday.com/category/business/2025/10/22/bursa-ends-lower-on-profit-taking-in-line-with-regional-weakness,Bursa ends lower on profit-taking in line with regional weakness,2025-10-22,"Rakuten Trade Sdn Bhd vice-president of equity research Thong Pak Leng said technology stocks took a breather after earlier gains, slipping 0.24% from yesterday, and tracking the drop in the US Nasdaq Composite Index.
According to reports, the Nasdaq correction was largely catalysed by a pivotal earnings warning from Dutch semiconductor equipment giant ASML Holding, which sent shockwaves through the global chip supply chain and highlighted a growing bifurcation within the technology market.
Thong also noted that investors took a step back after US president Donald Trump suggested that a planned meeting with Chinese president Xi Jinping may not happen.
He believes such political uncertainty will increase market volatility and cautious trading.
“The 1,600 level continues to serve as a crucial support for the benchmark index, where bargain-hunting activities may surface should the index approach this mark. As such, we expect the FTSE Bursa Malaysia KLCI (FBM KLCI) to remain in a range-bound trend within 1,600-1,630 points for the rest of the week,” he told Bernama.
At 5pm, the FBM KLCI declined 14.14 points, or 0.87%, to 1,602.69 from Tuesday’s close of 1,616.83.
The benchmark index opened 0.73 of-a-point firmer at 1,617.56, which marked its day’s high, and hit its intraday low of 1,602.06 in late trading.
The broader market was negative with 699 decliners thumping 355 gainers, while 491 counters were unchanged, 1,148 untraded, and 31 suspended.
Turnover dropped to 3.41 billion units worth RM2.34 billion compared with 3.68 billion units worth RM2.55 billion on Tuesday.
Among heavyweight counters, CIMB lost 15 sen to RM7.20, Public Bank fell six sen to RM4.21, Hong Leong Bank slid 46 sen to RM20.50, and Tenaga Nasional dipped 16 sen to RM13.08. Maxis rose one sen to RM3.81.
On the most active list, newly listed Verdant Solar Bhd closed at 37 sen, up six sen from its issue price, Tanco and Land & General rose 0.5 sen each to 87.5 sen and 18.5 sen, respectively. Perak Transit slid 30 sen to 33.5 sen and Pharmaniaga was 1.5 sen easier at 26 sen.
Top gainers included United Plantations which jumped 76 sen to RM24.42, while Fraser & Neave rose 18 sen to RM28.32, Bursa Malaysia was 17 sen firmer at RM8.49, Sungei Bagan Rubber improved 15 sen to RM5.77, and Vitrox bagged 12 sen to RM4.47.
Among the top decliners, Nestle slipped RM1.20 to RM108.30, Petronas Dagangan decreased 30 sen to RM22.24, Hi Mobility weakened 16 sen to RM2.50, and Bintulu Port fell 15 sen to RM5.18.
On the index board, the FBM Emas Index declined 82.50 points to 12,000.20, the FBMT 100 Index slumped 77.54 points to 11,735.85, and the FBM Emas Shariah Index dipped 58.93 points to 12,098.52.
The FBM 70 Index eased 0.73 of-a-point to 17,114.20 and the FBM ACE Index eased 21.17 points to 5,290.26.
By sector, the financial services index tumbled 185.25 points to 18,068.23, the industrial products and services index fell 1.02 points to 170.36, the energy index slid 6.88 points to 785.40, while the plantation index perked up 5.75 points to 7,907.82.
The Main Market volume increased to 1.76 billion units valued at RM2.02 billion from 1.68 billion units valued at RM2.21 billion on Tuesday.
Warrants turnover declined to 1.16 billion units worth RM140.62 million compared with 1.58 billion units worth RM189.8 million yesterday.
The ACE Market volume climbed to 482.47 million units valued at RM168.77 million from 425.07 million units valued at RM145.5 million previously.
Consumer products and services counters accounted for 554.74 million shares traded on the Main Market, industrial products and services (250.7 million), construction (113.11 million), technology (194.9 million), financial services (52.26 million), property (262.99 million), plantation (22.22 million), real estate investment trusts (11.33 million), closed-end fund (2,400), energy (103.65 million), healthcare (131.94 million), telecommunications and media (21.98 million), transportation and logistics (18.12 million), utilities (26.11 million), and business trusts (19,900).
Stay current - Follow FMT on WhatsApp, Google news and Telegram
Subscribe to our newsletter and get news delivered to your mailbox.
Registration on or use of this site constitutes acceptance of our Terms of Service, Privacy Policy and Cookies Policy.
Copyright © 2009 -2025FMT Media Sdn Bhd (1235453-U) All Rights Reserved. A part of Media Prima Group."
https://www.freemalaysiatoday.com/category/business/2025/10/22/bursa-opens-higher-but-retreats-amid-trade-war-stalemate,Bursa opens higher but retreats amid trade war stalemate,2025-10-22,"At 9.10am, the FTSE Bursa Malaysia KLCI (FBM KLCI) weakened 0.30 of a point to 1,616.53 from Tuesday’s close of 1,616.83, after opening 0.73 of a point firmer at 1,617.56.
Market breadth was negative, with decliners outpacing gainers 185 to 146, while 291 counters were unchanged, 2,071 untraded and 31 suspended.
Turnover stood at 194.92 million shares worth RM105.22 million.
Malacca Securities Sdn Bhd said in a research note that Wall Street inched higher ahead of inflation data and the third-quarter corporate earnings.
“We expect that in view of a mixed Wall Street performance, coupled with Malaysia’s upcoming Asean summit as well as positive developments from Budget 2026, the FBM KLCI would trade on a firmer note,” it said.
Among heavyweights, Maybank edged up one sen to RM9.91, and IHH Healthcare rose three sen to RM8.33. Public Bank fell three sen to RM4.24, CIMB was one sen weaker at RM7.34, while Tenaga Nasional slid two sen to RM13.22.
In active trading, ACE Market debutant Verdant Solar added seven sen to 38 sen, HHRG and Land & General increased half-a-sen each to 7.5 sen and 18.5 sen, Mlabs System and Yong Tai went up one sen each to 8.5 sen and 15.5 sen.
Top gainers included Nestle, which climbed RM1.10 to RM110.60, Hong Leong Industries was 10 sen firmer at RM13.78, 99 Speed Mart and LPI Capital added eight sen each to RM3.38 and RM14.30, while Malayan Cement gained seven sen to RM6.64.
Among the top losers, Malaysian Pacific fell 28 sen to RM29.56, Fraser & Neave slipped 18 sen to RM27.96, UMS decreased nine sen to RM1.90, while Solarvest and Tomei shed seven sen each to RM3.10 and RM1.91.
On the index board, the FBMT 100 Index weakened 2.96 points to 11,910.43, the FBM Emas Shariah Index sank 1.35 points to 12,156.10, and the FBM ACE Index narrowed 3.32 points to 5,308.11. The FBM Emas Index declined 5.77 points to 12,076.93, and the FBM Mid 70 Index edged down 9.54 points to 17,105.38.
By sector, the Financial Services Index gave up 8.21 points to 18,245.27, the Plantation Index eased 6.04 points to 7,896.03, and the Energy Index dropped 3.14 points to 789.14. The Industrial Products and Services Index inched up 0.18 of a point to 171.56.
Stay current - Follow FMT on WhatsApp, Google news and Telegram
Subscribe to our newsletter and get news delivered to your mailbox.
Registration on or use of this site constitutes acceptance of our Terms of Service, Privacy Policy and Cookies Policy.
Copyright © 2009 -2025FMT Media Sdn Bhd (1235453-U) All Rights Reserved. A part of Media Prima Group."
https://www.freemalaysiatoday.com/category/business/2025/10/22/ringgit-ends-flat-against-us-dollar-higher-versus-major-currencies,"Ringgit ends flat against US dollar, higher versus major currencies",2025-10-22,"Bank Muamalat Malaysia Bhd chief economist Afzanizam Abdul Rashid said the uncertainty surrounding the US-China meeting on trade issues supported the greenback for now.
“Such a development seems to have (supported) the value of the US dollar. (However) the US government shutdown (has continued), and there is a lack of important data points being released for the US Federal Reserve to make an informed decision. This can be risky, and it remains to be seen how the present situation can continue to support the US dollar,” he told Bernama.
At 6pm, the local note was unchanged at 4.2280/4.2325 against the US dollar from 4.2280/4.2315 at yesterday’s close.
At the close, the ringgit traded higher against major currencies.
It advanced against the British pound to 5.6309/5.6368 from 5.6592/5.6639, gained against the euro to 4.9019/4.9072 from 4.9134/4.9174, and strengthened marginally against the Japanese yen to 2.7849/2.7880 from 2.7851/2.7875 at yesterday’s close.
The local note also traded mostly higher against Asean currencies.
It appreciated slightly against the Singapore dollar to 3.2556/3.2593 from 3.2598/3.2628, improved versus the Thai baht to 12.8573/12.8769 from 12.9048/12.9218, and strengthened against the Philippine peso to 7.23/7.25 from 7.26/7.27, yesterday.
However, the ringgit edged down against the Indonesian rupiah to 254.9/255.3 from 254.8/255.2 previously.
Stay current - Follow FMT on WhatsApp, Google news and Telegram
Subscribe to our newsletter and get news delivered to your mailbox.
Registration on or use of this site constitutes acceptance of our Terms of Service, Privacy Policy and Cookies Policy.
Copyright © 2009 -2025FMT Media Sdn Bhd (1235453-U) All Rights Reserved. A part of Media Prima Group."
https://www.freemalaysiatoday.com/category/business/2025/10/22/ringgit-rises-amid-us-shutdown-trump-xi-meeting-uncertainty,"Ringgit rises amid US shutdown, Trump-Xi meeting uncertainty",2025-10-22,"At 8.02am, the local note inched up to 4.2235/4.2345 against the greenback from 4.2280/4.2315 at Tuesday’s close.
Bank Muamalat Malaysia Bhd chief economist Afzanizam Rashid said the US government shutdown has gone into its third week with no concrete signs the impasse will be resolved soon.
“The latest indication from Trump on his meeting with Xi next week remains uncertain, suggesting the trade tension is likely to be persistent.
“The lack of US data due to the government shutdown has resulted in greater degree of economic uncertainties,” he added.
On that note, he expected the ringgit to trade cautiously with dollar-ringgit expected to range between RM4.22 and RM4.23 today.
At the opening, the ringgit traded higher against major currencies and Asean currencies.
It advanced against the British pound 5.6447/5.6594 from 5.6592/5.6639, strengthened against the euro to 4.8993/4.9120 from 4.9134/4.9174 and gained against the Japanese yen to 2.7817/2.7892 from 2.7851/2.7875 at Tuesday’s close.
Against its Asean peers, the ringgit appreciated against the Singapore dollar at 3.2523/3.2613 from 3.2598/3.2628 at yesterday’s close and improved versus the Thai baht to 12.8413/12.8806 from 12.9048/12.9218 previously.
It was marginally higher against the Indonesian rupiah to 254.6/255.4 from 254.8/255.2 and rose against the Philippine peso at 7.25/7.27 from 7.26/7.27 previously.
Stay current - Follow FMT on WhatsApp, Google news and Telegram
Subscribe to our newsletter and get news delivered to your mailbox.
Registration on or use of this site constitutes acceptance of our Terms of Service, Privacy Policy and Cookies Policy.
Copyright © 2009 -2025FMT Media Sdn Bhd (1235453-U) All Rights Reserved. A part of Media Prima Group."
https://www.freemalaysiatoday.com/category/business/2025/10/23/bursa-edges-higher-on-sector-driven-buying,Bursa edges higher on sector-driven buying,2025-10-23,"At 9.15am, the FTSE Bursa Malaysia KLCI (FBM KLCI) was firmer at 0.85 of a point to 1,603.54 from Wednesday’s close of 1,602.69, after opening 1.43 points weaker at 1,602.26.
Market breadth was negative, with decliners outpacing gainers 222 to 145, while 298 counters were unchanged, 2,031 untraded and eight suspended.
Turnover stood at 254.08 million shares worth RM183.56 million.
Rakuten Trade Sdn Bhd’s vice-president of equity research Thong Pak Leng noted that Wall Street closed broadly lower due to concerns over the trade tension between the United States and China, coupled with the ongoing government shutdown.
Back home, he said the FBM KLCI slid to almost the 1,600 mark at yesterday’s closing as the market undertone was impacted by the regional sell-down.
“Judging by the decline, we suspect foreign funds as the persistent sellers. Nonetheless, we believe bargain hunting activities should emerge; thus, expect the index to recover within the 1,600-1,610 range today,” he said.
Among heavyweights, Maybank fell one sen to RM9.85, CIMB added four sen to RM7.24, and IHH Healthcare rose two sen to RM8.34. Both Public Bank and Tenaga Nasional were flat at RM4.21 and RM13.08, respectively.
In active trading, ACE Market debutant THMY gained 48 sen to 79 sen, ECA Integrated increased two sen to 25.5 sen, Innature was one sen firmer at 21.5 sen, and Nationgate improved five sen to RM1.22.
Top gainers included United Plantations, which climbed 36 sen to RM24.78, Kerjaya Prospek increased 11 sen to RM2.60, Petronas Dagangan appreciated six sen to RM22.30, and Hwa Tai was 5.5 sen higher at 48 sen.
Among the top losers, Solarvest decreased 10 sen to RM3.01, VSTECS slipped seven sen to RM3.74, Sunway Construction and Lim Seong Hai Capital lost six sen each to RM5.85 and RM2.40.
On the index board, the FBMT 100 Index strengthened 4.02 points to 11,739.87, the FBM Emas Shariah Index widened 2.0 points to 12,100.52, and the FBM Emas Index expanded 2.38 points to 12,002.58.
The FBM ACE Index narrowed 19.98 points to 5,270.28, and the FBM Mid 70 Index edged down 3.54 points to 17,110.65.
By sector, the Financial Services Index inched up 9.36 points to 18,077.60, the Plantation Index grew 16.29 points to 7,924.11, while the Energy Index dropped 0.85 of a point to 784.55, and the Industrial Products and Services Index fell 0.01 of a point to 170.35.
Stay current - Follow FMT on WhatsApp, Google news and Telegram
Subscribe to our newsletter and get news delivered to your mailbox.
Registration on or use of this site constitutes acceptance of our Terms of Service, Privacy Policy and Cookies Policy.
Copyright © 2009 -2025FMT Media Sdn Bhd (1235453-U) All Rights Reserved. A part of Media Prima Group."
https://www.freemalaysiatoday.com/category/business/2025/10/23/fbm-klci-ends-at-intraday-high-on-late-bargain-hunting,FBM KLCI ends at intraday high on late bargain-hunting,2025-10-23,"Berjaya Research Sdn Bhd head of research Kenneth Leong said market sentiment is likely to remain cautious in the near term as investors await the release of the US inflation print on Friday, which could offer further cues on the Federal Reserve’s policy direction.
However, Rakuten Trade Sdn Bhd’s vice-president of equity research Thong Pak Leng said that the market’s upside is limited following reports that Washington has once again escalated trade tensions with Beijing, prompting investors to hesitate in taking longer positions.
As for the local bourse, he noted that the benchmark index is well supported around the 1,600 level and that the stockbroking firm has maintained a cautious outlook given the prevailing macroeconomic uncertainties, acknowledging that investor sentiment is likely to remain fragile.
“Hence, we anticipate the FTSE Bursa Malaysia KLCI (FBM KLCI) to trend within the 1,600-1,615 range towards the weekend,” he said.
At 5pm, the FBM KLCI rose 5.31 points to 1,608 from yesterday’s close of 1,602.69.
The market barometer opened 1.43 points weaker at 1,601.26 before gaining momentum in the afternoon session to end in positive territory.
The broader market, however, was negative with 589 decliners outpacing 470 gainers, while 486 counters were unchanged, 1,151 untraded and eight suspended.
Turnover improved to 3.44 billion units worth RM2.66 billion compared with 3.41 billion units worth RM2.34 billion yesterday.
Among heavyweight counters, CIMB added 13 sen to RM7.33, Press Metal increased seven sen to RM6.20, MISC was 16 sen firmer at RM7.51, while Public Bank was flat at RM4.21 and Maxis lost one sen to RM3.80.
On the most active list, newly listed THMY rose 60 sen to 91 sen, Tanco and Zetrix AI gained 0.5 sen each to 88 sen and 85.5 sen, respectively, while Perak Transit fell 0.5 sen to 33 sen and Genting Malaysia was one sen weaker at RM2.33.
Top gainers included Dutch Lady which jumped 24 sen to RM26.44, PPB and Petronas Dagangan added 20 sen each to RM11.10 and RM22.44, respectively, and Telekom Malaysia climbed 19 sen to RM7.41.
Among the top decliners, Nestle slipped 30 sen to RM108, Petronas Gas slid 20 sen to RM18.54, and both Malaysian Pacific Industries and Kuala Lumpur Kepong fell 18 sen to RM29.70 and RM20.54, respectively.
On the index board, the FBM Emas Index perked up 30.83 points to 12,031.03, the FBMT 100 Index gained 31.08 points to 11,766.93, and the FBM Emas Shariah Index climbed 15.73 points to 12,114.25.
The FBM 70 Index advanced 11.61 points to 17,125.81 while the FBM ACE Index tumbled 44.86 points to 5,245.40.
By sector, the financial services index jumped 77.02 points to 18,145.26, the industrial products and services index rose 0.93 of-a-point to 171.29, the energy index edged up 0.34 of-a-point to 785.74, and the plantation index added 9.93 points to 7,917.75.
The Main Market volume increased to 1.9 billion units valued at RM2.27 billion from 1.76 billion units valued at RM2.02 billion on Wednesday.
Warrants turnover declined to 1 billion units worth RM120.24 million compared with 1.16 billion units worth RM140.62 million yesterday.
The ACE Market volume expanded to 544.53 million units valued at RM268.54 million from 482.47 million units valued at RM168.77 million previously.
Consumer products and services counters accounted for 729.56 million shares traded on the Main Market, industrial products and services (291.62 million), construction (92.69 million), technology (189.06 million), financial services (63.06 million), property (198.87 million), plantation (27.1 million), real estate investment trusts (16.3 million), closed-end fund (2,000), energy (102.04 million), healthcare (73.73 million), telecommunications and media (52.16 million), transportation and logistics (28.45 million), utilities (38.83 million), and business trusts (28,800).
Stay current - Follow FMT on WhatsApp, Google news and Telegram
Subscribe to our newsletter and get news delivered to your mailbox.
Registration on or use of this site constitutes acceptance of our Terms of Service, Privacy Policy and Cookies Policy.
Copyright © 2009 -2025FMT Media Sdn Bhd (1235453-U) All Rights Reserved. A part of Media Prima Group."
https://www.freemalaysiatoday.com/category/business/2025/10/23/ringgit-ends-firmer-against-us-dollar-on-stronger-oil-prices,Ringgit ends firmer against US dollar on stronger oil prices,2025-10-23,"Bank Muamalat Malaysia Bhd chief economist Afzanizam Abdul Rashid said as Malaysia is a net oil and gas exporter, the situation favoured the ringgit, which traded on a firmer note today.
“Brent crude oil prices have risen to US$64.73 per barrel as sanctions heightened fears of supply disruption.
“Meanwhile, the US dollar-ringgit pair was quoted at RM4.23 during the morning session before improving to around RM4.22 later in the day,” he told Bernama.
He added that regional currencies were mixed as traders digested recent developments, including uncertainty caused by the ongoing US government shutdown, which has limited access to key data ahead of the US federal open market committee (FOMC) meeting on Oct 28-29.
At 6pm, the ringgit appreciated to 4.2250/4.2285 against the US dollar from 4.2280/4.2325 at yesterday’s close.
At the close, the ringgit traded mostly higher against major currencies.
It gained against the euro to 4.8976/4.9017 from 4.9019/4.9072, and strengthened against the Japanese yen to 2.7687/2.7712 from 2.7849/2.7880 at yesterday’s close.
Meanwhile, it weakened against the British pound to 5.6395/5.6442 from 5.6309/5.6368.
The local note also traded mostly higher against Asean currencies.
It appreciated against the Singapore dollar to 3.2513/3.2542 from 3.2556/3.2593, strengthened against the Philippine peso to 7.21/7.22 from 7.23/7.25, and improved against the Indonesian rupiah to 254.0/254.4 from 254.9/255.3 previously.
However, it edged down versus the Thai baht to 12.8772/12.8937 from 12.8573/12.8769.
Stay current - Follow FMT on WhatsApp, Google news and Telegram
Subscribe to our newsletter and get news delivered to your mailbox.
Registration on or use of this site constitutes acceptance of our Terms of Service, Privacy Policy and Cookies Policy.
Copyright © 2009 -2025FMT Media Sdn Bhd (1235453-U) All Rights Reserved. A part of Media Prima Group."
https://www.freemalaysiatoday.com/category/business/2025/10/23/ringgit-opens-higher-amid-us-china-trade-tensions,Ringgit opens higher amid US-China trade tensions,2025-10-23,"At 8am, the local note inched up to 4.2240/4.2340 against the greenback from 4.2280/4.2325 at Wednesday’s close.
Bank Muamalat Malaysia Bhd chief economist Afzanizam Rashid said the US dollar index (DXY) trended lower by 0.04% to 98.897 points, as signs of US-China trade uncertainties resurfaced, with the White House weighing its options to restrict critical software exports.
“At the same time, the US President Donald Trump administration has also announced sanctions on Russia’s biggest oil producers due to a lack of commitment by the Russian government to end the war in Ukraine.
“On that note, ringgit is set to exhibit positive momentum today with dollar-ringgit possibly hovering around 4.21 and 4.22,” he added.
At the opening, the ringgit traded mostly lower against major currencies.
It strengthened against the Japanese yen to 2.7791/2.7859 from 2.7849/2.7880 at Wednesday’s close, but weakened against the British pound to 5.6386/5.6520 from 5.6309/5.6368 and slid against the euro to 4.9024/4.9140 from 4.9019/4.9072 previously.
The local note also traded mostly lower against Asean currencies.
It was marginally higher against the Singapore dollar at 3.2540/3.2619 from Wednesday’s close of 3.2556/3.2593 and slightly gained against the Indonesian rupiah to 254.6/255.4 from 254.9/255.3 previously.
However, it inched down versus the Thai baht to 12.8647/12.9050 from 12.8573/12.8769, and remained unchanged against the Philippine peso at 7.23/7.25 from yesterday’s close.
Stay current - Follow FMT on WhatsApp, Google news and Telegram
Subscribe to our newsletter and get news delivered to your mailbox.
Registration on or use of this site constitutes acceptance of our Terms of Service, Privacy Policy and Cookies Policy.
Copyright © 2009 -2025FMT Media Sdn Bhd (1235453-U) All Rights Reserved. A part of Media Prima Group."
https://www.freemalaysiatoday.com/category/business/2025/10/24/brazils-lula-says-he-would-tell-trump-tariffs-were-mistake,Brazil’s Lula says he would tell Trump tariffs were ‘mistake’,2025-10-24,"Officials from both countries told AFP this week that talks are underway for a meeting between the two leaders at the regional summit of Southeast Asian nations (Asean) in Kuala Lumpur.
“I am very interested in having this meeting. I am fully prepared to defend Brazil’s interests and show that there was a mistake in the tariffs imposed on Brazil,” the leftist president told a news conference at the Asean headquarters in Jakarta.
He said the basis of Trump’s decision that their trade relationship was in favour of the South American giant was “untrue”.
Trump has instituted a 50% tariff on many Brazilian products and imposed sanctions on several top officials, including a Supreme Court judge, to punish Brazil for what he termed a “witch hunt” against former president Jair Bolsonaro.
In September, Brazil’s Supreme Court sentenced Bolsonaro to 27 years in prison for his role in a botched coup bid after his 2022 election loss to Lula.
However, relations between Trump and Lula began to thaw when the two 79-year-old leaders had a brief meeting on the sidelines of the UN General Assembly in September.
They then spoke by phone on Oct 6 and first raised the possibility of meeting at the Asean summit.
During that meeting, Lula asked Trump to lift the tariffs and sanctions.
Stay current - Follow FMT on WhatsApp, Google news and Telegram
Subscribe to our newsletter and get news delivered to your mailbox.
Registration on or use of this site constitutes acceptance of our Terms of Service, Privacy Policy and Cookies Policy.
Copyright © 2009 -2025FMT Media Sdn Bhd (1235453-U) All Rights Reserved. A part of Media Prima Group."
https://www.freemalaysiatoday.com/category/business/2025/10/24/bursa-ends-higher-on-positive-sentiment-ahead-of-trump-xi-meeting,Bursa ends higher on positive sentiment ahead of Trump-Xi meeting,2025-10-24,"Rakuten Trade Sdn Bhd’s vice-president of equity research Thong Pak Leng said the meeting may ease concerns over the ongoing trade tensions between the world’s two largest economies.
“As for the local bourse, the FTSE Bursa Malaysia KLCI (FBM KLCI) remains stuck in a consolidation mode and we reckon a breakout at 1,630 will pave the way for further upside,” he told Bernama.
At 5pm, the FBM KLCI rose 5.27 points to 1,613.27 from yesterday’s close of 1,608.0.
The market barometer opened 0.97 of-a-point weaker at 1,607.03 and moved between 1,607.03 and 1,615.30 throughout the trading session.
The broader market was positive with 610 gainers outpacing 445 losers, while 537 counters were unchanged, 1,104 untraded, and 12 suspended.
Turnover declined to 2.98 billion units worth RM2.43 billion compared with 3.44 billion units worth RM2.66 billion yesterday.
Among heavyweight counters, Maybank rose 6 sen to RM9.90, Public Bank added 1 sen to RM4.22, CIMB increased 4 sen to RM7.37, and Tenaga Nasional was 10 sen firmer at RM13.22. IHH Healthcare was flat at RM8.33.
On the most active list, Perak Transit and Tanco gained 0.5 sen each to 33.5 sen and 88.5 sen, respectively.
Zetrix AI lost 1.5 sen to 84 sen, Pharmaniaga fell 1 sen to 25.5 sen, while TWL was flat at 2.5 sen.
Among the top gainers, Malaysian Pacific Industries rose 28 sen to RM29.98, MI Technovation and MISC climbed 24 sen each to RM3.09 and RM7.75, respectively.
KESM advanced 23 sen to RM3.44, and Petronas Gas gained 20 sen to RM18.74.
Among the top decliners, United Plantations decreased 42 sen to RM24.0, Ayer Holdings dipped 38 sen to RM7.02, Fraser & Neave shed 30 sen to RM28.16, and Allianz slipped 26 sen to RM17.88.
On the index board, the FBM Emas Index rose 39.97 points to 12,071.0, the FBMT 100 Index gained 36.66 points to 11,803.59, and the FBM Emas Shariah Index climbed 32.44 points to 12,146.69.
The FBM 70 Index advanced 45.17 points to 17,170.98 and the FBM ACE Index jumped 47.26 points to 5,292.66.
By sector, the financial services index rose 59.37 points to 18,204.63, the industrial products and services index edged up 0.62 of-a-point to 171.91, the energy index perked up 5.58 points to 791.32, while the plantation index eased 8.46 points to 7,909.29.
The Main Market volume declined to 1.56 billion units valued at RM2.15 billion from 1.90 billion units valued at RM2.27 billion yesterday.
Warrants turnover narrowed to 971.32 million units worth RM111.42 million compared with 1 billion units worth RM120.24 million yesterday.
The ACE Market volume dwindled to 447.39 million units valued at RM172.25 million from 544.53 million units valued at RM268.54 million previously.
Consumer products and services counters accounted for 3.73 million shares traded on the Main Market, industrial products and services (304.54 million), construction (67.02 million), technology (244.34 million), financial services (60.48 million), property (197.82 million), plantation (27.39 million), real estate investment trusts (18.16 million), closed-end funds (3,500), energy (89.37 million), healthcare (91.84 million), telecommunications and media (33.59 million), transportation and logistics (28.78 million), utilities (26.45 million), and business trusts (600,900).
Stay current - Follow FMT on WhatsApp, Google news and Telegram
Subscribe to our newsletter and get news delivered to your mailbox.
Registration on or use of this site constitutes acceptance of our Terms of Service, Privacy Policy and Cookies Policy.
Copyright © 2009 -2025FMT Media Sdn Bhd (1235453-U) All Rights Reserved. A part of Media Prima Group."
https://www.freemalaysiatoday.com/category/business/2025/10/24/bursa-opens-lower-but-turns-firmer-in-early-trade,"Bursa opens lower, but turns firmer in early trade",2025-10-24,"At 9.10am, the FTSE Bursa Malaysia KLCI (FBM KLCI) was firmer by 0.99 of a point to 1,608.99 from Thursday’s close of 1,608.0, after opening 0.97 of a point weaker at 1,607.03.
The market breadth was positive, with gainers leading decliners 250 to 96, while 270 counters were unchanged, 2,080 untraded and 12 suspended.
Turnover stood at 210.31 million shares worth RM98.94 million.
Rakuten Trade Sdn Bhd vice-president of equity research Thong Pak Leng noted that Wall Street ended higher overnight as sentiment turned positive following the confirmation that US President Donald Trump will meet with Chinese President Xi Jinping next Thursday, in addition to a solid earnings reporting season so far.
“We believe the market undertone received a boost after China confirmed that a meeting has been scheduled with the US in Malaysia.
“We believe sentiment should be bolstered from such upbeat developments, hence expect the index to react positively and hover between the 1,610-1,620 range today,” he said in reference to a separate trade meeting between the two sides before the Trump-Xi meet in South Korea.
Among the heavyweights, Hong Leong Bank added 14 sen to RM20.72, and Petronas Chemicals gained five sen to RM4.01, while Petronas Gas and Maxis were flat at RM18.54 and RM3.80, respectively. QL Resources dipped one sen to RM4.30.
In active trading, Perak Transit rose two sen to 35 sen, while MMAG was one sen firmer at 11 sen, and G3 Global and Ingenieur were flat at two sen and three sen, respectively. THMY dipped half a sen to 90.5 sen.
Top gainers included Malaysian Pacific, which bounced 50 sen to RM30.20, while Vitrox added 20 sen to RM4.72, and Pentamaster gained 11 sen to RM4.16. Malayan Cement advanced 10 sen to RM6.59.
Among the top losers, Nestle dropped 60 sen to RM107.40, and Kuala Lumpur Kepong fell 26 sen to RM20.28, while PPB and Telekom Malaysia went down 10 sen each to RM11.0 and RM7.31, respectively.
On the index board, the FBMT 100 Index strengthened 18.78 points to 11,785.71, the FBM Emas Shariah Index widened 16.86 points to 12,131.11, and the FBM Emas Index expanded 20.30 points to 12,051.33.
The FBM ACE Index grew 35.08 points to 5,280.48, and the FBM Mid 70 Index gained 77.49 points to 17,203.30.
By sector, the Financial Services Index garnered 43.74 points to 18,1889.0, the Energy Index firmed 4.20 points to 789.94, and the Industrial Products and Services Index rose 0.59 of a point to 171.88. The Plantation Index declined 48.20 points to 7,869.55.
Stay current - Follow FMT on WhatsApp, Google news and Telegram
Subscribe to our newsletter and get news delivered to your mailbox.
Registration on or use of this site constitutes acceptance of our Terms of Service, Privacy Policy and Cookies Policy.
Copyright © 2009 -2025FMT Media Sdn Bhd (1235453-U) All Rights Reserved. A part of Media Prima Group."
https://www.freemalaysiatoday.com/category/business/2025/10/24/chinas-pacific-gas-owns-lng-ship-skirting-russian-sanctions,China’s Pacific Gas owns LNG ship skirting Russian sanctions,2025-10-24,"Satellite images taken on Oct 18 and Oct 23 show the Chinese LNG tanker, CCH Gas, immediately parallel to the Perle, a ship carrying LNG fuel from the Portovaya plant on Russia’s Baltic coast, which was blacklisted by the US in January.
The Perle itself was also sanctioned at the time. The position of the two vessels is typical of a ship-to-ship transfer, which can take several days.
Pacific Gas, a firm with offices in Hong Kong, Shanghai and Singapore, took over ownership of CCH Gas earlier this year, according to the people, who declined to be named discussing a sensitive matter.
The company is primarily the owner of liquid petroleum gas vessels.
The transfer would be the first documented occurrence of a Chinese-owned vessel assisting with the transport of blacklisted Russian LNG, and as such is a test of the White House’s measures to curb Moscow’s energy revenues that it’s using to fund its war in Ukraine.
China began importing US-sanctioned Russian LNG in late August, a move that coincided with a visit to Beijing by president Vladimir Putin.
Moscow has a longstanding agreement with Beijing to supply gas via overland pipelines that isn’t subject to US measures.
Pacific Gas, a unit of state-owned Shandong Marine Energy Group, didn’t respond to a request for comment.
In its quarterly earnings report on Tuesday, the company said it owned a single LNG vessel as of September. In its previous report, it said it didn’t own any LNG vessels.
CCH Gas, previously known as Condor LNG, was owned by Greek-shipping firm TMS Cardiff Gas until earlier in 2025, according to shipping database Equasis.
In an emailed statement, Cardiff Gas confirmed that the vessel had been sold, though it didn’t name the buyer.
Cardiff Gas said it didn’t sell the vessel to Pacific Gas. It is common for dark fleet tankers to have ownership change multiple times before landing on the ships ultimate operator.
A Hong Kong-based firm called CCH-1 Shipping Co has been registered as the owner of CCH Gas since May, according to Equasis.
Its address is listed as a postbox company, Samxin Secretarial Services Ltd, in a industrial building in the city.
On visiting the company, a Bloomberg reporter found the door locked with no-one available to comment.
CCH Gas had been idling off the coast of Singapore and Malaysia since around February, according to ship-tracking and satellite images.
The vessel secured a crew around end-August or early-September, said people with knowledge of the matter.
It then moved to its current location in eastern Malaysia in October.
The ship’s signaling is currently masking its whereabouts, a common practice by shadow-fleet vessels engaged in illicit trade.
Stay current - Follow FMT on WhatsApp, Google news and Telegram
Subscribe to our newsletter and get news delivered to your mailbox.
Registration on or use of this site constitutes acceptance of our Terms of Service, Privacy Policy and Cookies Policy.
Copyright © 2009 -2025FMT Media Sdn Bhd (1235453-U) All Rights Reserved. A part of Media Prima Group."
https://www.freemalaysiatoday.com/category/business/2025/10/24/ringgit-ends-marginally-higher-ahead-of-us-cpi-data-report,Ringgit ends marginally higher ahead of US CPI data report,2025-10-24,"Bank Muamalat Malaysia Bhd chief economist Afzanizam Rashid said that the ringgit traded on a firmer footing as market participants awaited the latest inflation reading (CPI), scheduled for release today, which could provide further clues on the US Federal Reserve’s interest rate outlook.
“Meanwhile, the US Dollar Index (DXY) edged up to 99.06 points as consensus expectations pointed towards a higher CPI print, reflecting lingering concerns over persistent inflationary pressures in the world’s largest economy,” he told Bernama.
Afzanizam also noted uncertainty caused by the ongoing US government shutdown, which has limited access to key data ahead of the US federal open market committee (FOMC) meeting on Oct 28-29.
At 6pm, the ringgit appreciated to 4.2210/4.2255 against the US dollar from 4.2250/4.2285 at yesterday’s close.
At the close, the ringgit traded mostly higher against major currencies.
It strengthened against the Japanese yen to 2.7592/2.7623 from 2.7687/2.7712, and advanced against the British pound to 5.6232/5.6292 from 5.6395/5.6442, at yesterday’s close.
Meanwhile, it depreciated against the euro to 4.9010/4.9062 from 4.8976/4.9017.
The local note was traded mostly higher against Asean currencies.
It appreciated against the Singapore dollar to 3.2484/3.2521 from 3.2513/3.2542, strengthened against the Philippine peso to 7.20/7.21 from 7.21/7.22, and edged up versus the Thai baht to 12.8768/12.8952 from 12.8772/12.8937 previously.
However, it slipped against the Indonesian rupiah to 254.2/254.6 from 254/254.4.
Stay current - Follow FMT on WhatsApp, Google news and Telegram
Subscribe to our newsletter and get news delivered to your mailbox.
Registration on or use of this site constitutes acceptance of our Terms of Service, Privacy Policy and Cookies Policy.
Copyright © 2009 -2025FMT Media Sdn Bhd (1235453-U) All Rights Reserved. A part of Media Prima Group."
https://www.freemalaysiatoday.com/category/business/2025/10/24/ringgit-strengthens-ahead-of-us-inflation-figures,Ringgit strengthens ahead of US inflation figures,2025-10-24,"At 8.02am, the ringgit appreciated to 4.2190/4.2285 against the greenback from 4.2250/4.2285 at Thursday’s close.
Bank Muamalat Malaysia Bhd chief economist Afzanizam Rashid said the US consumer price index (CPI) report will be in focus today, which is being released despite the US government shutdown.
He said consensus estimates pegged the US headline CPI to rise by 3.1% in September after increasing 2.9% in August.
“It seems that the US tariff on imports has started to have an impact on the general prices, with the collection of US Customs duties having jumped 200% in the first nine months of this year to US$174 billion. Thus far, the US Dollar Index (DXY) has been hovering around 98 to 99 points. Therefore, expect the ringgit to trade in a narrow range versus the dollar, lingering at around RM4.22 to RM4.23 today,” he noted.
At the opening, the ringgit traded mostly higher against major currencies.
It advanced against the British pound to 5.6227/5.6353 from 5.6395/5.6442 and inched up against the Japanese yen to 2.7655/2.7719 from 2.7687/2.7712 at Thursday’s close, but weakened vis-à-vis the euro to 4.9021/4.9131 from 4.8976/4.9017.
The local note also traded higher against Asean currencies.
It appreciated against the Singapore dollar to 3.2491/3.2570 from 3.2513/3.2542 at Thursday’s close, and strengthened vis-à-vis the Philippine peso to 7.20/7.22 from 7.21/7.22.
The local note also edged up versus the Thai baht to 12.8608/12.8977 from 12.8772/12.8937 at yesterday’s close and improved against the Indonesian rupiah to 253.6/254.4 from 254.0/254.4.
Stay current - Follow FMT on WhatsApp, Google news and Telegram
Subscribe to our newsletter and get news delivered to your mailbox.
Registration on or use of this site constitutes acceptance of our Terms of Service, Privacy Policy and Cookies Policy.
Copyright © 2009 -2025FMT Media Sdn Bhd (1235453-U) All Rights Reserved. A part of Media Prima Group."
https://www.freemalaysiatoday.com/category/business/2025/10/26/brazil-eyes-potential-biofuel-production-collaboration-with-asean,Brazil eyes potential biofuel production collaboration with Asean,2025-10-26,"“(The potential) for expanding (collaboration with) Southeast Asia is immense. Together, we can create global biofuel markets based on sustainability parameters developed by the Global South instead of standards imposed by richer countries,” he said.
Biofuels offer a cost-effective and rapidly deployable solution for a wide range of sectors — from light vehicles to aviation and maritime transport — with the potential to reduce emissions. They are therefore a key component of the global clean energy transition.
Lula was speaking at the Leader Fireside Chat session, moderated by Asean Business Advisory Council Indonesia chairman Anindya Novyan Bakrie, during the Asean Business and Investment Summit 2025 held at the Malaysia International Trade and Exhibition Centre here today.
The event coincided with the 47th Asean Summit and Related Summits taking place from today at the Kuala Lumpur Convention Centre.
Lula also called on Asean countries to take part in the 30th Conference of the Parties (COP 30) to the UN Framework Convention on Climate Change held in Belem, Brazil, from Nov 10-21, 2025.
“l’d like to invite all Asean countries to attend COP 30. I hope that all Asean countries are able to contribute.
“This is going to be a definitive moment in relation to our world leaders, and a call to action to adopt declarations with practical propositions and a road map on how we can increase climate financing to US$1.3 trillion,” he said.
Furthermore, he also highlighted Brazil’s new collaboration with Malaysia in a semiconductor programme which is going to incentivise the sector through financing and tax breaks for Brazilian and Malaysian researchers.
“Through the partnership, we are going to collaborate on the development of new materials for manufacturing chips. Brazilian and Malaysian companies are going to work together in the implementation of semiconductor plants in the south of Brazil,” he added.
Lula was among the high-profile leaders who attended the opening ceremony of the summit, hosted by prime minister and Asean chair 2025 Anwar Ibrahim. Today marks the second day of Lula’s three-day official visit to Malaysia from Oct 25 to Oct 27.
This is Lula’s first official visit to Malaysia since returning to office in January 2023.
Stay current - Follow FMT on WhatsApp, Google news and Telegram
Subscribe to our newsletter and get news delivered to your mailbox.
Registration on or use of this site constitutes acceptance of our Terms of Service, Privacy Policy and Cookies Policy.
Copyright © 2009 -2025FMT Media Sdn Bhd (1235453-U) All Rights Reserved. A part of Media Prima Group."
https://www.freemalaysiatoday.com/category/business/2025/10/26/canada-sets-sights-on-asean-amid-push-to-increase-non-us-exports,Canada sets sights on Asean amid push to increase non-US exports,2025-10-26,"Carney said on Oct 22 that Canada intends to double its non-US exports by 2035, which would generate US$214.4 billion more in trade. Therefore, Canada is looking to conclude a comprehensive free trade agreement with Asean by next year.
“I have met with Malaysian prime minister Anwar Ibrahim, who is the chairman of Asean 2025, as well as Philippine president Ferdinand Marcos Jr, who will be the chairman next year … and we will pursue a series of bilateral free trade agreements and accelerate them.
“Our strategy is to broaden and deepen ties with partners who believe in rules-based trade, who are complementary to us, and who share the same values,” he said during the Asean Business and Investment Summit panel session today.
Canada and Asean have completed six rounds of negotiations, with the aim of concluding the agreement by 2025.
Elaborating on the partnership, Carney said Canada is looking to work closely with Asean particularly in energy, nuclear modular reactors, defence and investments.
“We are an energy superpower with the third-largest oil reserves and the fourth-largest reserves of liquefied natural gas (LNG), and we aim to double LNG production by 2040.
“We also have one of the largest reserves of critical minerals and are among the major centres of mining finance in the world. So, with resources, mining finance and strong sustainable development standards, it is a natural partnership with many Asean countries, who have their own reserves and potential,” he added.
Carney emphasised that the partnership is timely, as both Canada and Asean have been calling for the need for diversification.
He is currently undertaking a working visit to Malaysia from Oct 25 to Oct 28 , which marks his first visit to Malaysia since taking office in March 2025.
Anwar and Carney are expected to hold a bilateral meeting tomorrow and discussions are anticipated to focus on strengthening Malaysia-Canada relations, charting new directions for future collaboration, and exploring opportunities in trade and investment, halal cooperation, energy cooperation, cybersecurity, and people-to-people connectivity.
In 2024, total trade between Malaysia and Canada amounted to RM11.32 billion, marking an increase of 33.6% from the previous year.
This positive momentum continued into the first quarter of 2025, with total trade reaching RM3.26 billion, a 38.7% increase compared with the same period in 2024.
Stay current - Follow FMT on WhatsApp, Google news and Telegram
Subscribe to our newsletter and get news delivered to your mailbox.
Registration on or use of this site constitutes acceptance of our Terms of Service, Privacy Policy and Cookies Policy.
Copyright © 2009 -2025FMT Media Sdn Bhd (1235453-U) All Rights Reserved. A part of Media Prima Group."
https://www.freemalaysiatoday.com/category/business/2025/10/26/china-trade-negotiator-vice-premier-arrive-for-second-day-of-us-china-trade-talks,"China trade negotiator, vice premier arrive for second day of US-China trade talks",2025-10-26,"The Chinese economic officials are meeting with US treasury secretary Scott Bessent and US trade representative Jamieson Greer on the sidelines of the Association of Southeast Asian Nations (Asean) summit to de-escalate a trade war.
The world’s two largest economies are looking to avert an escalation of their trade war after US President Donald Trump threatened new 100% tariffs on Chinese goods and other trade curbs starting on Nov 1, in retaliation for China’s vastly expanded export controls on rare earth magnets and minerals.
A US treasury spokesman told reporters yesterday that the first day of talks had been “very constructive”.
A positive outcome for the talks would remove roadblocks for a meeting next week between Trump and Chinese President Xi Jinping in South Korea.
The White House has officially announced the meeting, but Beijing has yet to confirm that the two leaders will meet.
Trump is expected to arrive in the Malaysian capital this morning for the summit, as part of a five-day trip in Asia.
Stay current - Follow FMT on WhatsApp, Google news and Telegram
Subscribe to our newsletter and get news delivered to your mailbox.
Registration on or use of this site constitutes acceptance of our Terms of Service, Privacy Policy and Cookies Policy.
Copyright © 2009 -2025FMT Media Sdn Bhd (1235453-U) All Rights Reserved. A part of Media Prima Group."
https://www.freemalaysiatoday.com/category/business/2025/10/26/eu-and-asean-must-work-towards-a-comprehensive-strategic-partnership-by-2027,EU and Asean must work towards a comprehensive strategic partnership by 2027,2025-10-26,"The EU is proud to engage with Asean as a reliable partner amid today’s shifting geopolitical landscape.
“We live in a multipolar world marked by growing fragmentation and uncertainty, and so it is therefore crucial that we weave a global network of cooperation across regions, that we strengthen our partnership,” he said.
The upcoming 50th anniversary of EU-Asean relations in 2027 presents a timely opportunity to strengthen collaboration by addressing shared challenges such as climate change, ocean protection and technological transformation.
Costa said this in his remarks at the 47th Asean Summit and the Handover Ceremony of the Second Protocol to Amend the Asean Trade in Goods Agreement on Sunday.
The EU is Asean’s third-largest trading partner and its third-largest investor, with deeply interlinked economies that continue to generate opportunities, growth, and stability.
Costa also said the EU and Asean need to secure supply chains, diversify partnerships, promote sustainable trade, and build resilience in critical sectors.
He said the EU has just concluded a free trade agreement with Indonesia, its third such agreement with an Asean member, following earlier agreements with Singapore and Vietnam, while negotiations with Thailand, the Philippines and Malaysia are progressing well.
He said the EU reaffirmed its support at the Global Gateway Forum in Brussels for key regional connectivity projects, including the Asean Power Grid, in line with the theme “Inclusivity and Sustainability”.
The EU-Asean partnership is also rooted in shared security interests, particularly maritime security, and a joint commitment to a free and open Indo-Pacific grounded in international law.
Both regions, he said, share a commitment to multilateralism, the rules-based international order and the principles of the UN Charter.
Costa underscored that international law must prevail, reaffirming the EU’s commitment to a just and lasting peace in Ukraine and to protecting the sovereignty of all nations.
Meanwhile, Costa congratulated Prime Minister Anwar Ibrahim on his leadership in brokering the ceasefire between Cambodia and Thailand in July, adding that it is a demonstration of Asean’s commitment to peace, stability and dialogue.
He also congratulated Anwar on the successful chairmanship of Asean this year and expressed appreciation for the prime minister’s invitation to the EU to participate in the summit for the first time.
In addition, Costa congratulated Asean on the inclusion of Timor-Leste as its 11th member state, calling it an important milestone in fostering Timor-Leste’s economic and political interdependence and in strengthening regional integration.
The 47th Asean Summit, which began today at the Kuala Lumpur Convention Centre, brings together Asean leaders and their dialogue partners – including the US, China, Japan, and India (attending virtually) – in what is expected to be the largest Asean gathering since the bloc’s founding in 1967.
Stay current - Follow FMT on WhatsApp, Google news and Telegram
Subscribe to our newsletter and get news delivered to your mailbox.
Registration on or use of this site constitutes acceptance of our Terms of Service, Privacy Policy and Cookies Policy.
Copyright © 2009 -2025FMT Media Sdn Bhd (1235453-U) All Rights Reserved. A part of Media Prima Group."
https://www.freemalaysiatoday.com/category/business/2025/10/26/malaysia-ready-to-deepen-cooperation-with-japan-in-rare-earth-critical-mineral-sectors,"Malaysia ready to deepen cooperation with Japan in rare earth, critical mineral sectors",2025-10-26,"He said Malaysia also welcomes Japan’s participation and investment across the entire value chain, from upstream exploration and sustainable mining utilising Japanese technology to midstream refining and separation processes and downstream manufacturing of high-value products.
“The collaboration could also extend to joint research and development initiatives to enhance innovation and technological advancement in the sector,” he said during his bilateral meeting with Japanese prime minister Sanae Takaichi on the sidelines of the 47th Asean Summit and Related Summits here today.
Takaichi, who is the president of Japan’s ruling Liberal Democratic Party, was elected prime minister last Tuesday (Oct 21), becoming the country’s first female leader. This visit marks her maiden trip to Kuala Lumpur.
Anwar also reaffirmed Malaysia’s commitment to strengthening bilateral engagement at all levels to further enhance cooperation and mutual understanding between the two countries.
The prime minister expressed his appreciation to Japan for its continued support and assistance to Asean since 1973, particularly its steadfast commitment to upholding Asean Centrality.
He noted that there has been substantial progress under Malaysia’s Comprehensive Strategic Partnership with Japan, which covers five key areas: peace and security; economic prosperity; science, technology, innovation, and the environment; society, culture, and people-to-people exchange; and regional and global cooperation.
Anwar also expressed his appreciation to Japan for its Official Security Assistance contribution, which includes 14 unmanned aerial vehicles, two road-cleaning trucks and seven rescue boats, valued at RM12.63 million, to be fully delivered to the Malaysian Armed Forces this year.
Regarding maritime cooperation, he expressed appreciation for the joint exercises conducted between the Malaysian Maritime Enforcement Agency and the Japan Coast Guard, describing them as a strategic form of collaboration and an important initiative to enhance regional maritime security.
On the situation in Palestine, Anwar acknowledged Japan’s assistance through the Conference on Cooperation Among East Asian Countries for Palestinian Development.
Stay current - Follow FMT on WhatsApp, Google news and Telegram
Subscribe to our newsletter and get news delivered to your mailbox.
Registration on or use of this site constitutes acceptance of our Terms of Service, Privacy Policy and Cookies Policy.
Copyright © 2009 -2025FMT Media Sdn Bhd (1235453-U) All Rights Reserved. A part of Media Prima Group."
https://www.freemalaysiatoday.com/category/business/2025/10/26/trade-talks-with-china-moving-toward-agreement-for-leaders-to-review-says-greer,"Trade talks with China moving toward agreement for leaders to review, says Greer",2025-10-26,"US trade representative Jamieson Greer and treasury secretary Scott Bessent met with Chinese vice premier He Lifeng on the sidelines of the Association of Southeast Asian Nations (Asean) for a fifth round of in-person discussions since May, as both sides seek to de-escalate a trade war.
“I think that we’re getting to a spot where the leaders will have a very productive meeting,” Greer said as he stepped away from the talks to meet Trump.
Also participating in the talks is China’s top trade negotiator Li Chenggang.
Asked by a reporter if rare earths were discussed at the talks, which started yesterday, Greer said a broad range of topics were discussed, including extending the truce on trade measures.
Both sides are looking to avert an escalation of their trade war after US President Donald Trump threatened new 100% tariffs on Chinese goods and other trade curbs starting on Nov 1, in retaliation for China’s vastly expanded export controls on rare earth magnets and minerals.
Talking points
Trump arrived in the Malaysian capital this morning for the summit, his first stop in a five-day Asia tour that is expected to culminate in a face-to-face with Xi in South Korea.
A positive outcome for the Kuala Lumpur talks would remove roadblocks for the high-stakes meeting to take place on Oct 30.
While the White House has officially announced the highly anticipated Trump-Xi talks, Beijing has yet to confirm that the two leaders will meet.
Among Trump’s talking points with Xi are Chinese purchases of US soybeans, concerns around democratically-governed Taiwan, which Beijing views as its own territory, and the release of jailed Hong Kong media tycoon Jimmy Lai.
The detention of the founder of the now-defunct pro-democracy newspaper Apple Daily has become the most high-profile example of China’s crackdown on rights and freedoms in the Asian financial hub.
Trump also said that he would seek China’s help in Washington’s dealings with Russia, as Moscow’s war in Ukraine approaches its fourth year.
US secretary of state Marco Rubio said today that the US will not walk away from Taiwan in return for trade benefits with China.
Fragile truce
Tensions between the world’s two largest economies flared in the past few weeks as a delicate trade truce – reached after their first round of trade talks in Geneva in May and extended in August – failed to prevent the two sides from hitting each other with more sanctions, export curbs and threats of stronger retaliatory measures.
The latest round of talks is likely to centre around China’s expanded controls of rare earths exports that have caused a global shortage.
That has prompted the Trump administration to consider a block on “critical software” exports to China, from laptops to jet engines, according to a Reuters report.
A day before the talks commenced, the US launched a new tariff investigation into China’s “apparent failure” to comply with the “Phase One” trade deal signed in 2020.
The new unfair trade practices probe bolsters Trump’s toolkit against China.
Any agreement from today’s talks is likely to be fragile as the world’s most important trade relationship, worth US$660 billion a year, hangs in the balance.
Stay current - Follow FMT on WhatsApp, Google news and Telegram
Subscribe to our newsletter and get news delivered to your mailbox.
Registration on or use of this site constitutes acceptance of our Terms of Service, Privacy Policy and Cookies Policy.
Copyright © 2009 -2025FMT Media Sdn Bhd (1235453-U) All Rights Reserved. A part of Media Prima Group."
https://www.freemalaysiatoday.com/category/business/2025/10/27/bursa-ends-higher-on-optimism-over-us-china-trade-talks-asean-summit,"Bursa ends higher on optimism over US-China trade talks, Asean summit",2025-10-27,"Regionally, Hong Kong’s Hang Seng Index rose 1.05% to 26,433.70, South Korea’s Kospi Index soared 2.57% to 4,042.83, and Japan’s Nikkei 225 Index surged 2.46% to 50,512.32.
Singapore’s Straits Times Index increased 0.41% to 4,440.30, and China’s SSE Composite Index gained 1.18% to 3,996.94.
US treasury secretary Scott Bessent said that the US and China have agreed on the framework of a possible trade deal, which will be discussed when their respective leaders meet later this week.
Bessent told CBS that the framework includes a final agreement on TikTok’s US operations and a delay in China’s new rare earth mineral controls.
He did not anticipate that the 100% tariff on Chinese goods proposed by president Donald Trump would come into force, and that China would resume large soybean purchases from the US, while both countries seek to avoid further escalation in their trade dispute.
Meanwhile, Rakuten Trade Sdn Bhd vice-president of equity research Thong Pak Leng said regional sentiment continued to improve with equities moving higher, driven by growing investor confidence in a potential US rate cut and encouraging signs from the US-China trade discussions.
“On the domestic front, sentiment has also turned more positive amid improving geopolitical and economic developments, providing investors with some relief after weeks of uncertainty,” he told Bernama.
At 5pm, the FTSE Bursa Malaysia KLCI (FBM KLCI) gained 5.11 points, or 0.32% to 1,618.38 from Friday’s close of 1,613.27.
The benchmark index opened 6.84 points firmer at 1,620.11 and moved between 1,617.45 and 1,623.23 throughout the trading session.
Market breadth was mixed with 543 gainers matching 543 losers, while 540 counters were unchanged, 1,099 untraded, and 12 suspended.
Turnover expanded to 3.44 billion units worth RM2.91 billion compared with 2.98 billion units worth RM2.43 billion last Friday.
Among heavyweights, Maybank added 1 sen to RM9.91, CIMB Group rose 8 sen to RM7.45, Tenaga Nasional gained 14 sen to RM13.36, and IHH Healthcare increased 2 sen to RM8.35, while Public Bank was unchanged at RM4.22.
On the most active list, ACE Market debutant Insights Analytics surged 29.5 sen to 65.5 sen, Top Glove added 1 sen to 68.5 sen, and Tanco edged up 0.5 sen to 89 sen, while Land & General slid 1 sen to 15.5 sen. TWL Holdings and Perak Transit were flat at 2.5 sen and 33.5 sen, respectively.
Top gainers included UMS Integration, which rose RM1.08 to RM5.80, Malaysian Pacific Industries added 56 sen to RM30.54 and United Plantations advanced 50 sen to RM24.50, while Kuala Lumpur Kepong and Fraser & Neave rose 38.0 sen each to RM20.90 and RM28.54, respectively.
Top decliners included Nestle, which declined RM1.40 to RM106.60 and Dutch Lady slipped 20 sen to RM26.10.
Petronas Gas and Hi Mobility shed 14 sen to RM18.60 and RM2.38, respectively, while Eco-Shop Marketing fell 11 sen to RM1.44.
On the index board, the FBM Emas Index increased 38.00 points to 12,109.0, the FBMT 100 Index gained 41.04 points to 11,844.63, the FBM Emas Shariah Index climbed 53.22 points to 12,199.91, the FBM 70 Index increased 75.58 points to 17,246.56, while the FBM ACE Index dropped 55.91 points to 5,236.75.
By sector, the financial services index went up 45.28 points to 18,249.92, the industrial products and services index edged up 0.34 of-a-point to 172.25, and the plantation index jumped 107.13 points to 8,016.42. The energy index fell 7.93 points to 783.39.
The Main Market volume improved to 1.77 billion units valued at RM2.49 billion from 1.56 billion units valued at RM2.15 billion last Friday.
Warrants turnover expanded to 1.08 billion units worth RM124.39 million compared with 971.32 million units worth RM111.42 million previously.
The ACE Market volume climbed to 587.10 million units valued at RM291.77 million from 447.39 million units valued at RM172.25 million last Friday.
Consumer products and services counters accounted for 345.30 million shares traded on the Main Market, industrial products and services (297.42 million), construction (89.81 million), technology (225 million), financial services (68.65 million), property (360.13 million), plantation (51.94 million), real estate investment trusts (23.01 million), closed-end fund (49,200), energy (91.21 million), healthcare (139.50 million), telecommunications and media (25.10 million), transportation and logistics (16.74 million), utilities (39.25 million), and business trusts (25,500).
Stay current - Follow FMT on WhatsApp, Google news and Telegram
Subscribe to our newsletter and get news delivered to your mailbox.
Registration on or use of this site constitutes acceptance of our Terms of Service, Privacy Policy and Cookies Policy.
Copyright © 2009 -2025FMT Media Sdn Bhd (1235453-U) All Rights Reserved. A part of Media Prima Group."
https://www.freemalaysiatoday.com/category/business/2025/10/27/bursa-tracks-wall-streets-positive-sentiment-to-open-higher,Bursa tracks Wall Street’s positive sentiment to open higher,2025-10-27,"At 9.11am, the FTSE Bursa Malaysia KLCI (FBM KLCI) rose 9.32 points to 1,622.59 from Friday’s close of 1,613.27 after opening 6.84 points firmer at 1,620.11.
Market breadth was positive, with gainers outpacing decliners 404 to 112, while 309 counters were unchanged, 1,900 untraded and 12 suspended.
Turnover stood at 393.52 million shares worth RM238.42 million.
Rakuten Trade Sdn Bhd vice-president of equity research Thong Pak Leng said Wall Street staged another record-breaking session after cooling US inflation data spurred optimism that the Federal Reserve was staying on course to cut interest rates going forward.
“As a result, all three major indices – Dow Jones Industrial Average, S&P 500 and Nasdaq Composite – touched record highs, although the US 10-year yield remains elevated at 4.003%,” he added.
Back home, on the FBM KLCI, Thong said he remains hopeful that positive developments will emerge from the ongoing Asean meeting. Hence, he expects the index to hover within the 1,610–1,620 range today.
Among the heavyweights, Maybank advanced six sen to RM9.96, Public Bank improved three sen to RM4.25, CIMB Group gained nine sen to RM7.46, Tenaga Nasional added eight sen to RM13.30, while IHH Healthcare slipped two sen to RM8.31.
On the most active list, ACE Market debutant Insights Analytics surged 35.0 sen to 71 sen, Top Glove advanced 2.5 sen to 70 sen, Perak Transit added one sen to 34.5 sen, while TWL Holdings and Tanco added half-a-sen to three sen and 89 sen, respectively.
Top gainers include Malaysian Pacific Industries, which jumped 72.0 sen to RM30.70, Sam Engineering rose 19.0 sen to RM4.73, Kuala Lumpur Kepong and United Plantations gained 18.0 sen each to RM20.70 and RM24.18, respectively and Vstecs added 14 sen to RM4.04.
Top losers include Nestle, which fell 80 sen to RM107.20, Pecca Group slid five sen to RM1.31, Malayan Cement, Petronas Gas, and Manulife Holdings eased four sen to RM6.44, RM18.70, and RM2.06, respectively.
On the index board, the FBMT 100 Index added 78.51 points to 11,882.10, the FBM Emas Shariah Index rose 79.80 points to 12,226.49, the FBM ACE Index gained 36.23 points to 5,328.89, the FBM Emas Index strengthened 81.51 points to 12,152.51, and the FBM 70 Index improved 158.77 points to 17,329.76.
By sector, the Financial Services Index added 124.98 points to 18,329.62, the Plantation Index increased 48.40 points to 7,957.69, the Industrial Products and Services Index inched up 0.67 of-a-point to 172.58, and the Energy Index expanded 2.34 points to 793.66.
Stay current - Follow FMT on WhatsApp, Google news and Telegram
Subscribe to our newsletter and get news delivered to your mailbox.
Registration on or use of this site constitutes acceptance of our Terms of Service, Privacy Policy and Cookies Policy.
Copyright © 2009 -2025FMT Media Sdn Bhd (1235453-U) All Rights Reserved. A part of Media Prima Group."
https://www.freemalaysiatoday.com/category/business/2025/10/27/chinas-foreign-minister-holds-phone-call-with-rubio-ahead-of-trump-xi-meeting,China’s foreign minister holds phone call with Rubio ahead of Trump-Xi meeting,2025-10-27,"Chinese President Xi Jinping and US President Donald Trump have “long-standing exchanges and respect each other”, Wang said, calling Xi and Trump’s relationship “the most valuable strategic asset in China-US relations”.
The call came ahead of an expected meeting between Xi and Trump in South Korea later this week on the sidelines of the Asia-Pacific Economic Cooperation (Apec) CEO Summit.
The Chinese readout of today’s call stopped short of directly confirming the two would meet, but the White House has previously said they will on Thursday.
There has been a new flare-up of trade friction between the world’s two largest economies in recent weeks after a period of relative calm, with Beijing expanding its rare earths control and Washington pressing through with additional port fees on Chinese ships, sparking a wave of mutual countermeasures.
Trade negotiators from the two countries met in Malaysia at the weekend to hash out a framework trade deal for the presidents to consider, on issues including soybeans and TikTok.
“China-US trade and economic relations (have) experienced some twists and turns,” Wang said, according to the readout released by his ministry.
“The two sides clarified their positions and enhanced understanding” during the trade talks in Kuala Lumpur, he said.
Bilateral relations can move forward as long as both sides are “committed to resolving conflicts through dialogue and abandon the practice of exerting pressure at will,” Wang added.
Trump, en route to Japan today, said the US and China are set to “come away with” a trade deal.
Stay current - Follow FMT on WhatsApp, Google news and Telegram
Subscribe to our newsletter and get news delivered to your mailbox.
Registration on or use of this site constitutes acceptance of our Terms of Service, Privacy Policy and Cookies Policy.
Copyright © 2009 -2025FMT Media Sdn Bhd (1235453-U) All Rights Reserved. A part of Media Prima Group."
https://www.freemalaysiatoday.com/category/business/2025/10/27/malaysia-us-trade-deals-lift-ringgit-higher-against-greenback,Malaysia-US trade pact lift ringgit higher against greenback,2025-10-27,"Bank Muamalat Malaysia Bhd chief economist Afzanizam Rashid noted that the local currency was on “firmer footing” as it rose 0.27% against the greenback.
Apart from that, he said the latest US consumer price index reading, which came in lower than expected in September, suggested that the US Federal Reserve (Fed) is on track to deliver a 25 basis points interest rate cut when it meets from Oct 28-29.
“This would narrow the gap between the Fed funds rate and the overnight policy rate, which could be positive for the ringgit,” he told Bernama.
At 6pm, the ringgit appreciated to 4.2085/4.2135 against the US dollar from 4.2210/4.2255 at Friday’s close.
At the close, the ringgit also traded higher against major currencies.
It climbed against the Japanese yen to 2.7550/2.7582 from 2.7592/2.7623 at Friday’s close, gained against the British pound to 5.6158/5.6225 from 5.6232/5.6292, and was higher versus the euro at 4.8974/4.9032 from 4.9010/4.9062.
The local currency traded stronger against Asean currencies.
It inched up against the Singapore dollar to 3.2460/3.2502 from 3.2484/3.2521 at Friday’s close, gained versus the Thai baht to 12.8633/12.8837 from 12.8768/12.8952, and edged up vis-a-vis the Indonesian rupiah to 253.1/253.6 from 254.2/254.6.
The ringgit strengthened versus the Philippine peso to 7.14/7.16 from 7.20/7.21 previously.
Stay current - Follow FMT on WhatsApp, Google news and Telegram
Subscribe to our newsletter and get news delivered to your mailbox.
Registration on or use of this site constitutes acceptance of our Terms of Service, Privacy Policy and Cookies Policy.
Copyright © 2009 -2025FMT Media Sdn Bhd (1235453-U) All Rights Reserved. A part of Media Prima Group."
https://www.freemalaysiatoday.com/category/business/2025/10/27/ringgit-opens-higher-against-dollar-ahead-of-fomc-meeting,Ringgit opens higher against dollar ahead of FOMC meeting,2025-10-27,"At 8am, the ringgit appreciated to 4.2145/4.2350 against the US dollar from 4.2210/4.2255 at Friday’s close.
Bank Muamalat Malaysia Bhd chief economist Afzanizam Rashid said September’s 3% consumer price index (CPI) print is below the 3.1% consensus estimate.
This suggests that the US Federal Reserve (Fed) is on track to deliver its second interest rate cut with possibly more cuts in 2026 as the US central bank has shifted its focus to reviving the job market, he noted.
“It means that the interest rate differential between the Fed fund rate and overnight policy rate (OPR) will be narrowing in the near future,” he said.
On the other hand, Afzanizam said Bank Negara Malaysia (BNM) is in no hurry to cut the OPR. Therefore, he is of the view that the benchmark interest will be kept steady for the remainder of 2025.
“From a policy rate perspective, it should be ringgit-positive. Therefore, we shall see the dollar-ringgit pair to linger around RM4.21 and RM4.22 today,” he added.
Meanwhile, Afzanizam also said US President Donald Trump’s presence at the Asean Summit is positive for Malaysia; it indicates that the US is all for global trade and open for active negotiations to arrive at a win-win solution
Hence, this is a plus for the ringgit as well, albeit over the mid to long term, he said.
At the opening, the ringgit traded mostly higher against major currencies.
It inched up against the Japanese yen to 2.7553/2.7689 from 2.7592/2.7623 at Friday’s close, advanced against the British pound to 5.6150/5.6423 from 5.6232/5.6292, but was down versus the euro to 4.9023/4.9262 from 4.9010/4.9062.
The local note was traded mostly higher against Asean currencies.
It appreciated against the Singapore dollar to 3.2472/3.2632 from 3.2484/3.2521 at Friday’s close, strengthened versus the Philippine peso to 7.18/7.22 from 7.20/7.21, and edged up vis-a-vis the Indonesian rupiah to 253.8/255.2 from 254.2/254.6 previously.
The local note weakened versus the Thai baht to 12.8939/12.9630 from 12.8768/12.8952 at Friday’s close.
Stay current - Follow FMT on WhatsApp, Google news and Telegram
Subscribe to our newsletter and get news delivered to your mailbox.
Registration on or use of this site constitutes acceptance of our Terms of Service, Privacy Policy and Cookies Policy.
Copyright © 2009 -2025FMT Media Sdn Bhd (1235453-U) All Rights Reserved. A part of Media Prima Group."
https://www.freemalaysiatoday.com/category/business/2025/10/28/bursa-eases-on-profit-taking-after-early-gains,Bursa eases on profit-taking after early gains,2025-10-28,"At 9.10am, the FTSE Bursa Malaysia KLCI (FBM KLCI) slipped 1.93 points to 1,616.45 from Monday’s close of 1,618.38, after rising 1.85 points to 1,620.23 at the opening bell.
Market breadth was slightly negative, with decliners leading advancers 192 to 146, while 304 counters were unchanged, 2,082 untraded and 36 suspended.
Turnover stood at 203.18 million shares worth RM101.14 million.
Rakuten Trade Sdn Bhd vice-president of equity research, Thong Pak Leng, said it was another record-breaking day on Wall Street as all three major indices closed at new highs after the United States and China reached a preliminary framework deal.
“Meanwhile, the 10-year US Treasury yield eased to 3.99%,” he added.
Back home, Thong said the FBM KLCI is expected to trend within the 1,615–1,630 range today.
Among the heavyweights, IHH Healthcare gained two sen to RM8.37, Maybank added one sen to RM9.92, while Public Bank and CIMB Group were flat at RM4.92 and RM7.45 respectively, and Tenaga Nasional slipped eight sen to RM13.28.
On the most active list, Powertechnic Group added 3.5 sen to 38.5 sen, while Perak Transit and Tanco Holdings gained half a sen each to 34 sen and 89.5 sen, respectively. Land & General and Borneo Oil were flat at 15.5 sen and half a sen, respectively.
Top gainers included Malaysian Pacific, which advanced 20 sen to RM30.74, Telekom Malaysia added eight sen to RM7.34, DKSH Holdings rose seven sen to RM5.10, Vitrox Corporation increased six sen to RM4.72, and MI Technovation gained four sen to RM3.10.
Top losers included Fraser & Neave, which dropped 30 sen to RM28.24, Petronas Gas eased 12 sen to RM18.48, Petronas Chemicals declined six sen to RM4.00, while Kelington Group and Solarvest slipped half a sen to RM5.59 and RM3.04.
On the index board, the FBM Emas Index slipped 10.70 points to 12,098.30, the FBMT 100 Index declined 13.89 points to 11,830.73, the FBM Emas Shariah Index fell 17.68 points to 12,182.23, the FBM 70 Index eased 19.32 points to 17,227.24, and the FBM ACE Index decreased 16.18 points to 5,220.57.
By sector, the Financial Services Index edged up 1.89 points to 18,251.81, while the Plantation Index gained 2.54 points to 8,018.96. However, the Industrial Products and Services Index slipped 0.69 of a point to 171.56, and the Energy Index shed 3.74 points to 779.65.
Stay current - Follow FMT on WhatsApp, Google news and Telegram
Subscribe to our newsletter and get news delivered to your mailbox.
Registration on or use of this site constitutes acceptance of our Terms of Service, Privacy Policy and Cookies Policy.
Copyright © 2009 -2025FMT Media Sdn Bhd (1235453-U) All Rights Reserved. A part of Media Prima Group."
https://www.freemalaysiatoday.com/category/business/2025/10/28/bursa-slips-on-profit-taking-after-recent-gains,Bursa slips on profit-taking after recent gains,2025-10-28,"Rakuten Trade Sdn Bhd vice-president of equity research Thong Pak Leng said sentiment turned cautious as investors awaited key policy signals from the US Federal Reserve’s (Fed) two-day meeting, which begins today and will conclude tomorrow.
“The Fed is widely expected to announce a 25 basis points rate cut, marking a pivotal moment for global monetary direction. Traders are holding back fresh positions ahead of the decision.
“On the local front, the benchmark index continues to consolidate above the 1,600 level. A firm breakout above 1,630 with strong volume could attract renewed buying interest,” he told Bernama.
At 5pm, the FTSE Bursa Malaysia KLCI (FBM KLCI) slid 4.82 points, or 0.30% to 1,613.56 from yesterday’s close of 1,618.38.
The benchmark index opened 1.85 points firmer at 1,620.23 and moved between 1,610.18 and 1,620.23 throughout the trading session.
Market breadth was negative with 751 losers trouncing 331 gainers, while 476 counters were unchanged, 1,166 untraded and 36 suspended.
Turnover expanded to 3.86 billion units worth RM3.03 billion compared with 3.44 billion units worth RM2.91 billion yesterday.
Among the heavyweights, Maybank eased 3 sen to RM9.88, Public Bank inched down 1 sen to RM4.21, CIMB Group lost 6 sen to RM7.39, Tenaga Nasional decreased 14 sen to RM13.22, while IHH Healthcare gave up 7 sen to RM8.28.
On the most active list, Perak Transit rose 6 sen to 39.5 sen, Borneo Oil was unchanged at 0.5 sen, Powertechnic Group eased 2 sen to 33 sen, Zetrix AI dipped 1.5 sen to 83.5 sen and Pharmaniaga slid 1.5 sen to 24 sen.
Top gainers included Malaysian Pacific Industries, which surged RM1.08 to RM31.62, Nestle gained 50 sen to RM107.10, SAM Engineering added 31 sen to RM4.93, Dutch Lady improved 20 sen to RM26.30 and MISC advanced 11 sen to RM7.86.
Among top losers, UMS Integration tumbled 95 sen to RM4.85, United Plantations sank 42 sen to RM24.08, Kelington Group fell 29 sen to RM5.35, Fraser & Neave shed 22 sen to RM28.32 and Time dotCom declined 12 sen to RM4.69.
On the index board, the FBM Emas Index dropped 42.91 points to 12,066.09, the FBMT 100 Index declined 37.27 points to 11,807.36, the FBM Emas Shariah Index slid 47.90 points to 12,152.01, the FBM 70 Index dipped 63.03 points to 17,183.53, and the FBM ACE Index plummeted 56.50 points to 5,180.25.
By sector, the financial services index decreased 56.61 points to 18,193.30, the industrial products and services index eased 1.30 points to 170.95, the energy index lost 10.31 points to 773.08, and the plantation index tumbled 37.34 points to 7,979.08.
The Main Market volume improved to 2.01 billion units valued at RM2.68 billion from 1.77 billion units valued at RM2.49 billion yesterday.
Warrants turnover expanded to 1.34 billion units worth RM152.13 million compared with 1.08 billion units worth RM124.39 million previously.
The ACE Market volume shrank to 502.65 million units valued at RM193.25 million from 587.10 million units valued at RM291.77 million yesterday.
Consumer products and services counters accounted for 524.25 million shares traded on the Main Market, industrial products and services (360.01 million), construction (101.02 million), technology (245.17 million), financial services (84.16 million), property (205.54 million), plantation (43.01 million), real estate investment trusts (34.67 million), closed-end fund (7,200), energy (90.92 million), healthcare (128.11 million), telecommunications and media (67.26 million), transportation and logistics (79.39 million), utilities (43.94 million), and business trusts (269,800).
Stay current - Follow FMT on WhatsApp, Google news and Telegram
Subscribe to our newsletter and get news delivered to your mailbox.
Registration on or use of this site constitutes acceptance of our Terms of Service, Privacy Policy and Cookies Policy.
Copyright © 2009 -2025FMT Media Sdn Bhd (1235453-U) All Rights Reserved. A part of Media Prima Group."
https://www.freemalaysiatoday.com/category/business/2025/10/28/ringgit-ends-higher-on-upbeat-sentiment-after-asean-summit,Ringgit ends higher on upbeat sentiment after Asean summit,2025-10-28,"The bullish sentiment was supported by Prime Minister Anwar Ibrahim’s comment during a press conference at the 47th Asean Summit and related summits that the signing of economic cooperation agreements between Asean countries and strategic partners underscores the bloc’s central role in strengthening regional cooperation.
He added that while cooperation with Washington remains important, Malaysia, as Asean chair in 2025, would continue to deepen engagement with other markets to preserve regional peace and sustain economic growth.
Meanwhile, Bank Muamalat Malaysia Bhd chief economist Afzanizam Rashid said the expectation for improved trade relations between the US and China has also lifted emerging market currencies, including the ringgit.
“The local currency breached the RM4.20 per US dollar level at RM4.1985 during the morning session today,” he told Bernama.
At 6pm, the ringgit appreciated to 4.1935/4.1985 per US dollar from 4.2085/4.2135 at yesterday’s close.
At the closing, the ringgit traded mostly higher against major currencies.
It gained against the British pound to 5.5845/5.5911 from 5.6158/5.6225, climbed versus the euro to 4.8884/4.8942 from 4.8974/4.9032, but slipped against the Japanese yen to 2.7605/2.7640 from 2.7550/2.7582.
The local currency also trended mostly stronger against Asean currencies.
It inched up against the Singapore dollar to 3.2387/3.2431 from 3.2460/3.2502 at yesterday’s close, edged up vis-à-vis the Indonesian rupiah to 252.4/252.9 from 253.1/253.6 and strengthened versus the Philippine peso at 7.09/7.10 from 7.14/7.16 previously.
However, the ringgit weakened versus the Thai baht at 12.9214/12.9424 from 12.8633/12.8837 at yesterday’s close.
Stay current - Follow FMT on WhatsApp, Google news and Telegram
Subscribe to our newsletter and get news delivered to your mailbox.
Registration on or use of this site constitutes acceptance of our Terms of Service, Privacy Policy and Cookies Policy.
Copyright © 2009 -2025FMT Media Sdn Bhd (1235453-U) All Rights Reserved. A part of Media Prima Group."
https://www.freemalaysiatoday.com/category/business/2025/10/28/ringgit-opens-higher-on-us-malaysia-trade-deal-boost,Ringgit opens higher on US-Malaysia trade deal boost,2025-10-28,"At 8am, the ringgit appreciated to 4.2040/4.2140 per US dollar from 4.2085/4.2135 at Monday’s close.
Bank Muamalat Malaysia Bhd chief economist Afzanizam Rashid said the signed deals should have a positive impact on the ringgit, as Malaysia continues to maintain good relations with foreign countries.
“The nation’s foreign and trade policies are consistently geared towards promoting greater global integration, especially in areas related to the supply chain,” he noted.
Meanwhile, Afzanizam said the US dollar index declined 0.17% to 98.783 points amid optimism that the United States and China would reach an amicable trade deal ahead of the meeting between the two leaders on Thursday.
At the same time, anticipation of a 25-basis-point interest rate cut by the US Federal Reserve on Wednesday also added to market euphoria.
“In light of the market optimism, the ringgit could make another attempt to break the RM4.20 level today,” he said.
At the opening, the ringgit also traded mostly higher against major currencies.
It climbed against the Japanese yen to 2.7538/2.7606 from 2.7550/2.7582 at Monday’s close, gained against the British pound to 5.6077/5.6211 from 5.6158/5.6225, but slipped versus the euro to 4.8981/4.9097 from 4.8974/4.9032.
The local note traded stronger against most Asean currencies.
It inched up against the Singapore dollar to 3.2433/3.2513 from 3.2460/3.2502 at Monday’s close, edged up vis-à-vis the Indonesian rupiah to 252.9/253.6 from 253.1/253.6, and strengthened versus the Philippine peso to 7.13/7.16 from 7.14/7.16 previously.
However, the ringgit weakened versus the Thai baht to 12.8767/12.9145 from 12.8633/12.8837 at Monday’s close.
Stay current - Follow FMT on WhatsApp, Google news and Telegram
Subscribe to our newsletter and get news delivered to your mailbox.
Registration on or use of this site constitutes acceptance of our Terms of Service, Privacy Policy and Cookies Policy.
Copyright © 2009 -2025FMT Media Sdn Bhd (1235453-U) All Rights Reserved. A part of Media Prima Group."
https://www.freemalaysiatoday.com/category/business/2025/10/29/bursa-climbs-on-improved-sentiment-after-asean-summit,Bursa climbs on improved sentiment after Asean summit,2025-10-29,"At 9.10am, the FTSE Bursa Malaysia KLCI (FBM KLCI) rose 3.09 points to 1,616.65 from Tuesday’s close of 1,613.56, after opening 1.01 points higher at 1,614.57.
Market breadth was positive, with 171 gainers outpacing 144 losers, while 272 counters were unchanged, 2,149 untraded and 77 suspended. Turnover stood at 178.78 million shares valued at RM94.08 million.
Rakuten Trade Sdn Bhd vice-president of equity research Thong Pak Leng said strong buying in technology stocks had pushed the Nasdaq to fresh record highs, while the Federal Reserve commenced its two-day policy meeting.
“Domestically, we remain optimistic, buoyed by improving market volume, which indicates broader participation. We expect the benchmark index to trend within the 1,610–1,620 range today,” he added.
Among heavyweights, Maybank and CIMB Group added three sen each to RM9.91 and RM7.42, respectively, Tenaga Nasional gained two sen to RM13.24, Public Bank rose one sen to RM4.22, and IHH Healthcare expanded six sen to RM8.34.
On the most active list, TWL Holdings, EA Holdings and HHRG were unchanged at 2.5 sen, 0.5 sen and 7.5 sen respectively. Tanco gained one sen to 91.5 sen, while Perak Transit eased 0.5 sen to 39 sen.
Top gainers included Nestle, which rose RM2.30 to RM109.40, United Plantations added 24 sen to RM24.32, Malayan Cement gained 16 sen to RM6.58, Kuala Lumpur Kepong advanced 14 sen to RM21.00, and Sam Engineering rose 12 sen to RM5.05.
Top losers included Petronas Dagangan, down eight sen to RM22.38, Apex Healthcare fell six sen to RM2.41, Pimpinan Ehsan eased four sen to 77.5 sen, while Chin Hin and KESM Industries shed three sen each to RM2.21 and RM3.40.
On the index board, the FBM Emas Index gained 18.24 points to 12,084.33, the FBMT 100 Index rose 19.62 points to 11,826.98, the FBM Emas Shariah Index added 18.80 points to 12,170.81, the FBM 70 Index increased 15.70 points to 17,199.23, while the FBM ACE Index slipped 6.55 points to 5,173.70.
By sector, the Financial Services Index advanced 33.95 points to 18,227.26, the Industrial Products and Services Index edged up 0.59 of-a-point to 171.54, the Energy Index climbed 2.26 points to 775.34, and the Plantation Index strengthened 24.48 points to 8,003.56.
Stay current - Follow FMT on WhatsApp, Google news and Telegram
Subscribe to our newsletter and get news delivered to your mailbox.
Registration on or use of this site constitutes acceptance of our Terms of Service, Privacy Policy and Cookies Policy.
Copyright © 2009 -2025FMT Media Sdn Bhd (1235453-U) All Rights Reserved. A part of Media Prima Group."
https://www.freemalaysiatoday.com/category/business/2025/10/29/bursa-ends-marginally-lower-ahead-of-us-fed-rate-decision,Bursa ends marginally lower ahead of US Fed rate decision,2025-10-29,"Rakuten Trade Sdn Bhd vice-president of equity research Thong Pak Leng said the FTSE Bursa Malaysia KLCI (FBM KLCI) closed slightly lower amid persistent selling in telecommunications, consumer, and plantation counters, although losses were capped by strong support around the 1,610 level.
“The benchmark index remained well supported above the 1,600-point level, reflecting the underlying resilience despite cautious sentiment ahead of the crucial policy announcement,” he told Bernama.
Regionally, Thong added that key markets ended mixed, with buying interest seen in technology and artificial intelligence-related stocks, while commodity-linked counters experienced profit-taking.
At 5pm, the FBM KLCI slid 2.02 points, or 0.13% to 1,611.54 from yesterday’s close of 1,613.56.
The benchmark index opened 1.01 points higher at 1,614.57 and moved between 1,606.44 and 1,617.02 throughout the trading session.
Market breadth was negative with 546 losers beating 443 gainers, while 529 counters were unchanged, 1,218 untraded and 77 suspended.
Turnover dwindled to 2.73 billion units worth RM2.37 billion compared with 3.86 billion units worth RM3.03 billion yesterday.
Among the heavyweights, Tenaga Nasional rose 8 sen to RM13.30, while Maybank and CIMB Group inched down 1 sen each to RM9.87 and RM7.38, respectively. Public Bank lost 2 sen to RM4.19 and IHH Healthcare decreased 3 sen to RM8.25.
On the most active list, Zetrix AI slid 2 sen to 81.5 sen, Perak Transit eased 1 sen to 38.5 sen, and Ekovest trimmed 2.5 sen to 35.5 sen, while Tanco Holdings added 2 sen to 92.5 sen and Borneo Oil was flat at 0.5 sen.
Top gainers included Nestle, which surged RM2.10 to RM109.20, Malayan Cement rose 33 sen to RM6.75, Chin Teck Plantations advanced 32 sen to RM11.32, United Plantations climbed 20 sen to RM24.28 and Dufu Technology gained 15 sen to RM1.88.
Among top losers, Malaysian Pacific Industries dropped 50 sen to RM31.12, Bintulu Port Holdings declined 21 sen to RM5.05, Petronas Dagangan shed 16 sen to RM22.30, Ecomate Holdings slipped 11 sen to RM1.41 and Dutch Lady dipped 10 sen to RM26.20.
On the index board, the FBM Emas Index fell 12.39 points to 12,053.70, the FBMT 100 Index slid 14.80 points to 11,792.56, the FBM Emas Shariah Index dropped 12.43 points to 12,139.57, and the FBM 70 Index slipped 21.53 points to 17,161.99, while the FBM ACE Index soared 45.31 points to 5,225.56.
By sector, the financial services index sank 23.70 points to 18,169.60, and the plantation index declined 17.09 points to 7,961.99, while the industrial products and services index added 1.22 points to 172.17, and the energy index perked up 1.94 points to 775.02.
The Main Market volume dipped to 1.99 billion units valued at RM2.18 billion from 2.01 billion units valued at RM2.68 billion yesterday.
Warrants turnover tumbled to 352 million units worth RM31 million compared with 1.34 billion units worth RM152.13 million previously.
The ACE Market volume shrank to 368.17 million units valued at RM157.61 million from 502.65 million units valued at RM193.25 million yesterday.
Consumer products and services counters accounted for 479.43 million shares traded on the Main Market, industrial products and services (405.01 million), construction (141.07 million), technology (318.67 million) financial services (45.66 million), property (220.13 million), plantation (28.33 million), real estate investment trusts (24.99 million), closed-end fund (15,400), energy (102.83 million), healthcare (110.74 million), telecommunications and media (61.15 million), transportation and logistics (29.84 million), utilities (28.19 million), and business trusts (69,000).
Stay current - Follow FMT on WhatsApp, Google news and Telegram
Subscribe to our newsletter and get news delivered to your mailbox.
Registration on or use of this site constitutes acceptance of our Terms of Service, Privacy Policy and Cookies Policy.
Copyright © 2009 -2025FMT Media Sdn Bhd (1235453-U) All Rights Reserved. A part of Media Prima Group."
https://www.freemalaysiatoday.com/category/business/2025/10/29/ringgit-extends-gains-for-5th-day-on-improved-investor-confidence,Ringgit extends gains for 5th day on improved investor confidence,2025-10-29,"Bank Muamalat Malaysia Bhd chief economist Afzanizam Rashid said the ringgit strengthened on optimism over the US Federal Reserve’s (Fed) monetary outlook, appreciating as high as RM4.1865 against the US dollar during the early morning session ahead of the federal open market committee decision tonight.
“The Fed is on track to deliver a 25 basis points rate cut tonight, which would bring the federal funds rate to between 3.75% and 4%.
“Should the Fed decide to cut the interest rate, the gap between the federal fund rates and the overnight policy rate would narrow from 150 basis points to 125 basis points.
“This would contribute positively to the ringgit’s appreciation,” he told Bernama.
At 6pm, the ringgit appreciated to 4.1850/4.1900 per US dollar from yesterday’s close of 4.1935/4.1985.
The ringgit traded higher by 1.02% over the past five days.
At the opening, the ringgit traded higher against most major currencies.
It rose against the Japanese yen to 2.7493/2.7528 from 2.7605/2.7640 at yesterday’s close, inched up against the British pound to 5.5326/5.5392 from 5.5845/5.5911 and climbed versus the euro to 4.8722/4.8780 from 4.8884/4.8942.
The local currency trended mixed against most Asean currencies.
It improved against the Singapore dollar to 3.2324/3.2365 from 3.2387/3.2431 at yesterday’s close and appreciated vis-a-vis the Indonesian rupiah to 251.8/252.2 from 252.4/252.9.
The ringgit eased against the Thai baht to 12.9651/12.9858 from 12.9214/12.9424 and slipped against the Philippine peso to 7.12/7.14 from 7.09/7.10 previously.
Stay current - Follow FMT on WhatsApp, Google news and Telegram
Subscribe to our newsletter and get news delivered to your mailbox.
Registration on or use of this site constitutes acceptance of our Terms of Service, Privacy Policy and Cookies Policy.
Copyright © 2009 -2025FMT Media Sdn Bhd (1235453-U) All Rights Reserved. A part of Media Prima Group."
https://www.freemalaysiatoday.com/category/business/2025/10/30/airasia-plans-up-to-us600mil-bond-to-replace-private-credit,AirAsia plans up to US$600mil bond to replace private credit,2025-10-30,"“The Malaysian budget carrier operator is targeting a coupon rate of below 10% for the proposed note,” said the people, who requested anonymity.
“AirAsia is taking advantage of the improved travel numbers to get cheaper refinancing,” they added.
The company received a US$443 million dual-tranche private financing last year to use partly for refurbishing planes grounded during the pandemic, with borrowing costs as high as 11%.
“AirAsia continues to explore various financing initiatives, including potential options in the public bond markets, and will make further announcements in due course should there be any material developments,” deputy CEO Farouk Kamal said in an emailed response to Bloomberg’s request for comment.
The budget carrier’s bond plan comes as the Federal Reserve delivered another interest rate cut yesterday, with yields on the benchmark 10-year US Treasuries now down over 70 basis points from a January high.
The group is also seeking a RM6.8 billion (US$1.6 billion) restructuring to create a new listed entity that will simplify its operations by combining its various airline units.
“AirAsia is holding non-deal investor meetings in Hong Kong on Nov 18, and in Singapore on Nov 21,” Kamal said in the email.
“Our strong earnings performance despite a challenging environment has generated significant investor interest and demand,” he wrote.
Deutsche Bank AG is the sole arranger for the proposed bond, said the people familiar with the matter. The bank declined to comment.
As part of the borrowing facility AirAsia secured last year, private credit funds Ares Management Corp and Indies Capital Partners Pte Ltd provided a US$200 million tranche while aircraft lessors supplied the other US$243 million portion.
The private credit tranche of the securitised deal pays a coupon of 11% per annum and has a four-year tenor.
The lessor piece offers 7% per year and carries a two-year maturity.
Stay current - Follow FMT on WhatsApp, Google news and Telegram
Subscribe to our newsletter and get news delivered to your mailbox.
Registration on or use of this site constitutes acceptance of our Terms of Service, Privacy Policy and Cookies Policy.
Copyright © 2009 -2025FMT Media Sdn Bhd (1235453-U) All Rights Reserved. A part of Media Prima Group."
https://www.freemalaysiatoday.com/category/business/2025/10/30/bursa-ends-marginally-higher-as-investors-digest-corporate-earnings,Bursa ends marginally higher as investors digest corporate earnings,2025-10-30,"IPPFA Sdn Bhd director of investment strategy and country economist Sedek Jantan said consumer and utilities counters led the gainers among key index constituents, reflecting continued optimism towards Malaysia’s economic prospects and trade outlook.
“Across the region, Asian markets were mixed following the meeting between US president Donald Trump and China’s president Xi Jinping in South Korea, which resulted in a broad agreement to ease trade tensions.
“Globally, sentiment remained cautious despite the US Federal Reserve reducing its federal funds rate by 25 basis points to 3.75%-4%, signalling a more accommodative stance amid signs of slowing global growth,” he told Bernama.
On the local front, Sedek noted that sentiment turned more cautious after Bursa reported softer earnings for the first nine months of 2025 and a downward revision to its full-year performance targets, which suggests ongoing normalisation in trading activity.
At 5pm, the FTSE Bursa Malaysia KLCI (FBM KLCI) added 2.66 points, or 0.17% to 1,614.20 from yesterday’s close of 1,611.54.
The benchmark index opened 2.62 points higher at 1,614.16 and moved between 1,611.62 and 1,615.18 throughout the trading session.
Market breadth was negative with 607 losers trouncing 393 gainers, while 514 counters were unchanged, 1,196 untraded and 101 suspended.
Turnover increased to 3.46 billion units worth RM2.62 billion compared with 2.73 billion units worth RM2.37 billion yesterday.
Among heavyweights, Maybank and Tenaga Nasional rose 2 sen each to RM9.89 and RM13.32 respectively, Public Bank added 3 sen to RM4.22, while CIMB Group slipped 7 sen to RM7.31 and IHH Healthcare eased 5 sen to RM8.20.
On the most active list, Borneo Oil, Zetrix AI and TWL Holdings were all unchanged at 0.5 sen, 81.5 sen, and 2.5 sen, respectively. Perak Transit eased 2 sen to 36.5 sen and Tanco added 0.5 sen to 93 sen.
Top gainers included Nestle, which surged RM1.30 to RM110.50, Chin Teck Plantations advanced 42 sen to RM11.74, LEAP Market debutant LPC Group soared 40 sen to 50 sen, Petronas Dagangan climbed 38 sen to RM22.68, and United Plantations firmed 36 sen to RM24.64.
Among the top losers, Malaysian Pacific Industries tumbled 86 sen to RM30.26, LTKM declined 12 sen to RM1.44, Oriental Holdings shed 10 sen to RM6.83, Heitech Padu slipped 9 sen to RM1.91 and Southern Cable lost 8 sen to RM2.04.
On the index board, the FBM Emas Index eased 2.40 points to 12,051.30, the FBMT 100 Index slid 0.09 of-a-point to 11,792.47, the FBM Emas Shariah Index decreased 14.44 points to 12,125.13, and the FBM 70 Index fell 84.85 points to 17,077.14, while the FBM ACE Index gained 4.28 points to 5,229.84.
By sector, the financial services index improved 23.65 points to 18,193.25, and the plantation index jumped 58.18 points to 8,020.17, while the industrial products and services index edged down 0.67 of-a-point to 171.50, and the energy index fell 6.59 points to 768.43.
The Main Market volume declined to 1.67 billion units valued at RM2.30 billion from 1.99 billion units valued at RM2.18 billion yesterday.
Warrants turnover surged to 1.40 billion units worth RM152.73 million compared with 352 million units worth RM31 million previously.
The ACE Market volume expanded to 386.48 million units valued at RM165.60 million from 368.17 million units valued at RM157.61 million yesterday.
Consumer products and services counters accounted for 306.55 million shares traded on the Main Market, industrial products and services (338.10 million), construction (107.04 million), technology (245.37 million), financial services (67.96 million), property (255.04 million), plantation (33.02 million), real estate investment trusts (22.46 million), closed-end fund (40,000), energy (93.48 million), healthcare (92.24 million), telecommunications and media (57.55 million), transportation and logistics (33.50 million), utilities (22.03 million), and business trusts (494,000).
Stay current - Follow FMT on WhatsApp, Google news and Telegram
Subscribe to our newsletter and get news delivered to your mailbox.
Registration on or use of this site constitutes acceptance of our Terms of Service, Privacy Policy and Cookies Policy.
Copyright © 2009 -2025FMT Media Sdn Bhd (1235453-U) All Rights Reserved. A part of Media Prima Group."
https://www.freemalaysiatoday.com/category/business/2025/10/30/bursa-opens-higher-on-us-feds-second-rate-cut,Bursa opens higher on US Fed’s second rate cut,2025-10-30,"At 9.10am, the FTSE Bursa Malaysia KLCI (FBM KLCI) added 1.62 points to 1,613.16 from Wednesday’s close of 1,611.54, after opening 2.62 points higher at 1,614.16.
Market breadth was slightly negative, with 184 losers outpacing 136 gainers while 304 counters were unchanged, 2,086 untraded and 101 suspended.
Turnover stood at 163.55 million shares valued at RM84.54 million.
Rakuten Trade Sdn Bhd vice-president of equity research Thong Pak Leng said Wall Street ended mixed after the Fed reduced its benchmark rate by 25 basis points.
He said the Dow Jones Industrial Average slipped 0.16% to 47,632.00 points, the S&P 500 was almost flat at 6,809.59 points, while the Nasdaq added 0.55% to 23,958.47 points.
“As for the local bourse, we are hopeful that the US interest rate cut will boost investor confidence. Hence, we anticipate the benchmark FBM KLCI to trend higher within the 1,610–1,620 range today,” he noted.
Among the heavyweights, Public Bank and Tenaga Nasional added two sen each to RM4.21 and RM13.32, respectively. IHH Healthcare rose 17 sen to RM8.42 while Maybank and CIMB group were flat at RM9.87 and RM7.38, respectively.
On the most active list, Systech added one sen to 21.5 sen, TWL Holdings and Insights Analytics were unchanged at 2.5 sen and 69 sen, respectively. Tanco eased one sen to 91.5 sen, and Perak Transit slipped half-a-sen to 38 sen.
Top gainers included LPC Group, which surged 30 sen to 40 sen, Far East Holdings added 18 sen to RM4.28, United Plantations gained 12 sen to RM24.40, Hong Leong Industries and KESM Industries rose 12 sen to RM13.82 and RM13.56, respectively.
Top losers included Mentiga Corporation, which fell eight sen to 52 sen, Scientex and Solarvest eased six sen each to RM3.48 and RM3.02, respectively, Petronas Chemicals declined five sen to RM3.97, and Sam Engineering slipped four sen to RM4.95.
On the index board, the FBM Emas Index improved 1.31 points to 12,055.01, the FBMT 100 Index advanced 2.43 points to 11,794.99, and the FBM Emas Shariah Index added 1.53 points to 12,141.10.
Meanwhile, the FBM 70 Index decreased 37.09 points to 17,124.90, and the FBM ACE Index slipped 10.58 points to 5,214.98.
By sector, the Financial Services Index rose 11.66 points to 18,181.26, and the Plantation Index increased 11.50 points to 7,973.49, while the Industrial Products and Services Index eased 0.59 of-a-point to 171.58, and the Energy Index fell 1.69 points to 773.33.
Stay current - Follow FMT on WhatsApp, Google news and Telegram
Subscribe to our newsletter and get news delivered to your mailbox.
Registration on or use of this site constitutes acceptance of our Terms of Service, Privacy Policy and Cookies Policy.
Copyright © 2009 -2025FMT Media Sdn Bhd (1235453-U) All Rights Reserved. A part of Media Prima Group."
https://www.freemalaysiatoday.com/category/business/2025/10/30/ringgit-climbs-for-7th-straight-session-after-us-rate-cut,Ringgit climbs for 7th straight session after US rate cut,2025-10-30,"At 8am, the ringgit appreciated to 4.1835/4.2050 against the greenback from Wednesday’s close of 4.1850/4.1900.
Bank Muamalat Malaysia Bhd chief economist Afzanizam Rashid said the decision comes with a catch, however.
“Monetary policy is not a preset course, and views are polarised among Federal Open Market Committee (FOMC) members.
“The gap between the US federal funds rate (FFR) and Malaysia’s overnight policy rate (OPR) will not be narrowed soon enough. US dollar returns may look attractive to some degree,” he added.
Afzanizam said the ringgit could experience some profit-taking after staging significant gains after the dollar-ringgit passed the RM4.20 psychological level. The local unit could range between RM4.19 to RM4.20 today.
At the opening, the ringgit traded higher against most major currencies.
It rose against the Japanese yen to 2.7383/2.7525 from 2.7493/2.7528 at Wednesday’s close, strengthened against the British pound to 5.5189/5.5472 from 5.5326/5.5392 and climbed versus the euro to 4.8533/4.8782 from 4.8722/4.8780.
The local note also traded mostly higher against most Asean currencies.
It improved against the Singapore dollar to 3.2245/3.2416 from 3.2324/3.2365 at Wednesday’s close and inched up vis-a-vis the Indonesian rupiah to 251.7/253.1 from 251.8/252.2.
The ringgit gained against the Thai baht to 12.9096/12.9840 from 12.9651/12.9858 but was almost flat against the Philippine peso at 7.12/7.16 from 7.12/7.14 previously.
Stay current - Follow FMT on WhatsApp, Google news and Telegram
Subscribe to our newsletter and get news delivered to your mailbox.
Registration on or use of this site constitutes acceptance of our Terms of Service, Privacy Policy and Cookies Policy.
Copyright © 2009 -2025FMT Media Sdn Bhd (1235453-U) All Rights Reserved. A part of Media Prima Group."
https://www.freemalaysiatoday.com/category/business/2025/10/30/ringgit-retreats-after-5-day-rally-amid-mixed-fed-signals,Ringgit retreats after 5-day rally amid mixed Fed signals,2025-10-30,"Bank Muamalat Malaysia Bhd chief economist Afzanizam Rashid said that although the Fed had delivered a 25 basis points rate cut, the decision was not unanimous.
“One member voted to maintain the Fed funds rate, while another preferred a 50 basis points reduction.
“It appears the ringgit has returned to its psychological level of RM4.20,” he told Bernama.
He added that the precondition for further ringgit appreciation depends largely on how quickly the Fed proceeds with additional rate cuts.
“Nonetheless, there remains upside potential for the ringgit, especially if the Fed is perceived to be behind the curve.
“This is particularly relevant given that the ongoing US government shutdown has limited the federal open market committee members’ access to key economic data needed for informed decision-making,” he said.
At 6pm, the ringgit eased to 4.1935/4.1985 against the greenback from yesterday’s close of 4.1850/4.1900.
At the closing, the ringgit traded higher against most major currencies.
It rose against the Japanese yen to 2.7266/2.7300 from 2.7493/2.7528 at yesterday’s close, strengthened against the British pound to 5.5304/5.5370 from 5.5326/5.5392 and climbed versus the euro to 4.8716/4.8774 from 4.8722/4.8780.
The local currency also traded mostly higher against Asean currencies.
It improved against the Singapore dollar to 3.2285/3.2326 from 3.2324/3.2365 at yesterday’s close and inched up vis-a-vis the Thai baht to 12.9501/12.9723 from 12.9651/12.9858 but slipped against the Indonesian rupiah to 252/252.4 from 251.8/252.2, and was flat against the Philippine peso at 7.12/7.13 from 7.12/7.14 previously.
Stay current - Follow FMT on WhatsApp, Google news and Telegram
Subscribe to our newsletter and get news delivered to your mailbox.
Registration on or use of this site constitutes acceptance of our Terms of Service, Privacy Policy and Cookies Policy.
Copyright © 2009 -2025FMT Media Sdn Bhd (1235453-U) All Rights Reserved. A part of Media Prima Group."
https://www.freemalaysiatoday.com/category/business/2025/10/31/bursa-ends-week-on-softer-note-amid-regional-weakness,Bursa ends week on softer note amid regional weakness,2025-10-31,"IPPFA Sdn Bhd director of investment strategy and country economist Sedek Jantan said the regional weakness was triggered by a sharp sell-off in major US technology counters.
“Investor sentiment was further weighed down by comments from US Federal Reserve chair Jerome Powell, who played down the prospects of another interest rate cut in December, a move previously priced in by markets,” he told Bernama.
Meanwhile, Rakuten Trade Sdn Bhd’s vice-president of equity research Thong Pak Leng said the local market continues to demonstrate resilience as the FTSE Bursa Malaysia KLCI (FBM KLCI) consolidates.
“The index appears to be stabilising, although stronger catalysts are needed to reignite buying momentum.
“Sustaining above the 1,600 level will be key to defending the current uptrend, while a firm breakout beyond 1,630 may signal the start of a new upward leg,” he added.
At 5pm, the FBM KLCI eased 5.05 points, or 0.31%, to 1,609.15 from yesterday’s close of 1,614.20.
The benchmark index opened 4.31 points lower at 1,609.89 and moved between 1,607.66 and 1,615.10 throughout the trading session.
Market breadth was negative with 563 losers leading 470 gainers, while 510 counters were unchanged, 1,126 untraded, and 60 suspended.
Turnover improved to 3.55 billion units worth RM2.68 billion compared with 3.46 billion units worth RM2.62 billion yesterday.
At the time of writing, Indonesia’s IDX Composite Index slid 0.25% to 8,163.88, Hong Kong’s Hang Seng Index sank 1.43% to 25,906.65, China’s SSE Composite Index dipped 0.81% to 3,954.79, and Singapore’s Straits Times Index was 0.20% lower at 4,428.62.
Among heavyweights, Maybank shed two sen to RM9.87, CIMB Group eased one sen to RM7.30, Tenaga Nasional lost four sen to RM13.28, while Public Bank was unchanged at RM4.22, and IHH Healthcare added five sen to RM8.25.
On the most active list, Perak Transit edged down 2.5 sen to 34 sen, Dagang NeXchange perked up 2.5 sen to 30.5 sen, Zetrix AI climbed three sen to 84.5 sen, Tanco inched up 0.5 sen to 93.5 sen and Ekovest was 1.5 sen lower at 33.5 sen.
Top gainers included Nestle, which surged RM2.50 to RM113.00, Dufu Technology soared 30 sen to RM2.20, Sarawak Oil Palms rose 21 sen to RM3.73, United Plantations put on 16 sen to RM24.80 and KESM Industries advanced 11 sen to RM3.63.
Among the top losers, Chin Teck Plantations plummeted 70 sen to RM11.04, PPB Group sank 46 sen to RM11.14, Kuala Lumpur Kepong declined 38 sen to RM20.50, Malaysian Pacific Industries dropped 26 sen to RM30, and Hong Leong Bank dipped 24 sen to RM20.56.
On the index board, the FBM Emas Index slipped 27.93 points to 12,023.36, the FBMT 100 Index decreased 31.30 points to 11,761.17, the FBM Emas Shariah Index fell 27.02 points to 12,098.11, the FBM 70 Index lost 21.07 points to 17,056.07, and the FBM ACE Index gave up 8.45 points to 5,221.39.
By sector, the financial services index dropped 69.99 points to 18,123.26 and the plantation index tumbled 33.08 points to 7,987.09.
However, the industrial products and services index edged up 0.11 of-a-point to 171.61 and the energy index added 2.81 points to 771.24.
The Main Market volume climbed to 1.88 billion units valued at RM2.4 billion from 1.67 billion units valued at RM2.3 billion yesterday.
Warrants turnover dwindled to 1.28 billion units worth RM123.62 million compared with 1.4 billion units worth RM152.73 million previously.
The ACE Market volume dipped to 381.42 million units valued at RM155.65 million from 386.48 million units valued at RM165.6 million yesterday.
Consumer products and services counters accounted for 353.62 million shares traded on the Main Market, industrial products and services (317.56 million), construction (161.04 million), technology (426.16 million), financial services (60.33 million), property (218.99 million), plantation (33.07 million), real estate investment trusts (30.81 million), closed-end fund (6,200), energy (82.71 million), healthcare (72.94 million), telecommunications and media (52.01 million), transportation and logistics (36.38 million), utilities (33.96 million), and business trusts (4,200).
Stay current - Follow FMT on WhatsApp, Google news and Telegram
Subscribe to our newsletter and get news delivered to your mailbox.
Registration on or use of this site constitutes acceptance of our Terms of Service, Privacy Policy and Cookies Policy.
Copyright © 2009 -2025FMT Media Sdn Bhd (1235453-U) All Rights Reserved. A part of Media Prima Group."
https://www.freemalaysiatoday.com/category/business/2025/10/31/bursa-opens-lower-tracking-wall-street-weakness,"Bursa opens lower, tracking Wall Street’s weakness",2025-10-31,"At 9.10am, the FTSE Bursa Malaysia KLCI (FBM KLCI) declined 5.28 points to 1,608.92 from Thursday’s close of 1,614.20, after opening 4.31 points lower at 1,609.89.
Market breadth was slightly negative, with 197 losers outpacing 112 gainers. Meanwhile, 263 counters were unchanged, 2,097 untraded, and 60 suspended. Turnover stood at 147.02 million shares worth RM63.60 million.
Rakuten Trade Sdn Bhd’s vice-president of equity research, Thong Pak Leng, attributed the weakness to disappointing corporate earnings in the US.
“The Dow slipped 0.23% to 47,522.12, the S&P 500 declined nearly one per cent to 6,822.34, while the Nasdaq fell 1.57% to 23,581.14,” he noted.
He added that sentiment was supported by the recent US-China trade deal and expectations of a more accommodative US Federal Reserve.
“We anticipate buying interest on attractive valuations and stronger turnover, with the benchmark index likely to hover between 1,610 and 1,620 today,” Thong said.
Among heavyweights, Maybank and Public Bank eased one sen each to RM9.88 and RM4.21, while CIMB Group rose four sen to RM7.35. Tenaga Nasional declined four sen to RM13.28, and IHH Healthcare added three sen to RM8.23.
On the most active list, Perak Transit and Revenue Group dipped half-a-sen to 36 sen and 7.5 sen, while TWL Holdings and NEXG Bina were unchanged at 2.5 sen and five sen. Omesti slid 1.5 sen to 6.5 sen.
Top gainers included Malaysian Pacific, which surged 22 sen to RM30.48; See Hup Consolidated rose six sen to 79 sen; and Sarawak Oil Palms and KSL Holdings advanced four sen each to RM3.56 and RM3.02. AirAsia X added three sen to RM1.84.
Top losers were MISC, which fell 43 sen to RM7.40; Chin Teck Plantations dropped 36 sen to RM11.38; Bursa Malaysia eased 14 sen to RM8.18; Kuala Lumpur Kepong fell 12 sen to RM20.76; and Petronas Dagangan dipped 10 sen to RM22.58.
On the index board, the FBM Emas Index fell 35.42 points to 12,015.88, the FBMT 100 Index declined 35.23 points to 11,757.23, and the FBM Emas Shariah Index eased 48.82 points to 12,076.31. The FBM 70 Index shed 36.41 points to 17,040.73, while the FBM ACE Index slipped 8.04 points to 5,221.80.
By sector, the Financial Services Index eased 10.02 points to 18,183.23, the Plantation Index declined 27.72 points to 7,992.45, the Industrial Products and Services Index inched down 0.19 of-a-point to 171.31, and the Energy Index eased 0.44 of-a-point to 767.99.
Stay current - Follow FMT on WhatsApp, Google news and Telegram
Subscribe to our newsletter and get news delivered to your mailbox.
Registration on or use of this site constitutes acceptance of our Terms of Service, Privacy Policy and Cookies Policy.
Copyright © 2009 -2025FMT Media Sdn Bhd (1235453-U) All Rights Reserved. A part of Media Prima Group."
https://www.freemalaysiatoday.com/category/business/2025/10/31/japans-biggest-lng-buyer-sees-opportunities-in-southeast-asia,Japan’s biggest LNG buyer sees opportunities in Southeast Asia,2025-10-31,"“It is ‘very difficult to fill the gap’ between declining domestic gas production and rising energy demand in Southeast Asia with renewables and battery storage alone,” Izumi Kai, CEO of Singapore-based unit Jera Asia Pte said in an interview late yesterday.
The company is “always looking for new opportunities,” and will consider divestment of existing assets to “recycle cash for new investments,” he said.
Southeast Asia’s LNG demand will almost double from last year’s level by 2030, according to BloombergNEF.
That’s helping turn the region into a magnet for global LNG traders, including Jera, which currently has projects in countries including the Philippines, Thailand and Indonesia.
Malaysia’s state energy firm Petroliam Nasional Bhd expects the country to be increasingly dependent on imports in the next five years, and is working to start a third regasification terminal.
Indonesia earlier this year asked overseas buyers to accept delays to some scheduled shipments as domestic energy demand rises.
“Outside the region, Jera also sees potential to develop infrastructure and power generation facilities in Bangladesh,” Kai said.
The utility recently opened its newest office in the nation.
Stay current - Follow FMT on WhatsApp, Google news and Telegram
Subscribe to our newsletter and get news delivered to your mailbox.
Registration on or use of this site constitutes acceptance of our Terms of Service, Privacy Policy and Cookies Policy.
Copyright © 2009 -2025FMT Media Sdn Bhd (1235453-U) All Rights Reserved. A part of Media Prima Group."
https://www.freemalaysiatoday.com/category/business/2025/10/31/ringgit-ends-firmer-on-improved-risk-sentiment-as-us-china-trade-tensions-ease,Ringgit ends firmer on improved risk sentiment as US-China trade tensions ease,2025-10-31,"Bank Muamalat Malaysia Bhd chief economist Afzanizam Abdul Rashid said the easing of US-China trade tensions has improved sentiment towards regional currencies, including the ringgit.
“In the afternoon session, the local currency continued to strengthen against the US dollar, with the US dollar-ringgit pair reaching RM4.1853,” he told Bernama.
At 6pm, the ringgit rose to 4.1860/4.1930 against the US dollar from yesterday’s close of 4.1935/4.1985.
At the close, the ringgit inched up against the Japanese yen to 2.7162/2.7210 from 2.7266/2.7300 at yesterday’s close, strengthened against the British pound to 5.5025/5.5117 from 5.5304/5.5370 and rose versus the euro to 4.8453/4.8534 from 4.8716/4.8774 previously.
The local note traded mostly higher against Asean currencies.
It improved against the Singapore dollar to 3.2185/3.2241 from 3.2285/3.2326 at yesterday’s close, advanced vis-a-vis the Thai baht to 12.9429/12.9702 from 12.9501/12.9723, was higher against the Indonesian rupiah at 251.7/252.2 from 252.0/252.4 and was almost flat against the Philippine peso at 7.12/7.14 from 7.12/7.13 previously.
Stay current - Follow FMT on WhatsApp, Google news and Telegram
Subscribe to our newsletter and get news delivered to your mailbox.
Registration on or use of this site constitutes acceptance of our Terms of Service, Privacy Policy and Cookies Policy.
Copyright © 2009 -2025FMT Media Sdn Bhd (1235453-U) All Rights Reserved. A part of Media Prima Group."
https://www.freemalaysiatoday.com/category/business/2025/10/31/ringgit-opens-flat-as-markets-digest-feds-hawkish-rate-cut,Ringgit opens flat as markets digest Fed’s hawkish rate cut,2025-10-31,"At 8am, the ringgit stood nearly unchanged at 4.1935/4.2050 against the greenback, compared with Thursday’s close of 4.1935/4.1985.
Bank Muamalat Malaysia Bhd chief economist Afzanizam Rashid said market sentiment remained cautious as investors assessed how the Fed might set its benchmark rate in December, amid limited economic data due to the US government shutdown.
“There appears to be a de-escalation in trade tensions between the United States and China following the meeting between US President Donald Trump and Chinese President Xi Jinping in South Korea.
“The discussion resulted in trade concessions, including a reduction in average tariff rates for Chinese goods from 57% to 47%, and China’s agreement to resume purchases of US soybeans,” he added.
Afzanizam said the ringgit depreciated 0.20% against the US dollar to close at 4.1960 on Thursday, with the dollar-ringgit intermittently breaching the 4.20 level during the session.
He said the ringgit is expected to maintain a cautious tone, with the dollar-ringgit likely to trade within the 4.19 to 4.20 range.
At the opening, the ringgit traded mostly higher against major currencies.
It inched up against the Japanese yen to 2.7246/2.7323 from 2.7266/2.7300 at Thursday’s close and strengthened against the British pound to 5.5182/5.5334 from 5.5304/5.5370, but eased versus the euro to 4.8527/4.8660 from 4.8716/4.8774 previously.
The local note traded mixed against Asean currencies.
It improved against the Singapore dollar to 3.2260/3.2354 from 3.2285/3.2326 at Thursday’s close but slipped vis-à-vis the Thai baht to 12.9693/13.0129 from 12.9501/12.9723 previously.
It was almost flat against the Indonesian rupiah at 252.0/252.8 from 252.0/252.4 and steady against the Philippine peso at 7.12/7.14 from 7.12/7.13 previously.
Stay current - Follow FMT on WhatsApp, Google news and Telegram
Subscribe to our newsletter and get news delivered to your mailbox.
Registration on or use of this site constitutes acceptance of our Terms of Service, Privacy Policy and Cookies Policy.
Copyright © 2009 -2025FMT Media Sdn Bhd (1235453-U) All Rights Reserved. A part of Media Prima Group."
https://www.freemalaysiatoday.com/category/business/2025/11/03/airasia-plans-middle-east-hub-in-bahrain-amid-growth-ambitions,AirAsia plans Middle East hub in Bahrain amid growth ambitions,2025-11-03,"Tony Fernandes, the Malaysian carrier group’s founder, made the announcement at an investor forum in Bahrain, confirming an earlier Bloomberg News report. The Malaysian entrepreneur’s Capital A Bhd signed a letter of intent with Bahrain’s transport ministry.
“Bahrain will be a powerful launchpad for us in the Middle East,” Fernandes said in a statement.
Bahrain said the deal reinforced the nation’s role as a strategic connector between Europe, the Middle East and Asia. The Malaysian budget carrier aims to operate more than 25 daily flights via Bahrain by 2030. The newly established hub will explore obtaining a local airline operating license to operate flights from Bahrain elsewhere in the Middle East, Central Asia, Africa and Europe.
The move expands on a effort to strengthen the Malaysian carrier’s ties to the Middle East. Saudi Arabia’s sovereign wealth fund played the single biggest role in an AirAsia fund raising earlier this year, investing about US$100 million, as the airline sought funds to reboot its growth ambitions after years of Covid-induced losses.
AirAsia Group needs a Gulf hub to connect flights and passengers between Asia and Europe using its Airbus SE aircraft. The longer-term plan is to have a fleet of 600 planes in 10 years, significantly more than the 255 in service now that are shared among its operating airlines across Southeast Asia. The company plans to expand destinations from 143 to 175 in the same period.
Bahrain is working to grow its position as an aviation and logistics hub to better compete with its neighbors, the UAE and Qatar. The country’s national carrier has been on a mission to become profitable and expand its fleet, placing an order with Boeing Co. for as many as 18 widebody jets during a meeting in Washington between Bahrain Crown Prince Salman bin Hamad Al Khalifa and US President Donald Trump in July.
Stay current - Follow FMT on WhatsApp, Google news and Telegram
Subscribe to our newsletter and get news delivered to your mailbox.
Registration on or use of this site constitutes acceptance of our Terms of Service, Privacy Policy and Cookies Policy.
Copyright © 2009 -2025FMT Media Sdn Bhd (1235453-U) All Rights Reserved. A part of Media Prima Group."
https://www.freemalaysiatoday.com/category/business/2025/11/03/bursa-ends-at-intraday-high-amid-renewed-bargain-hunting,Bursa ends at intraday high amid renewed bargain-hunting,2025-11-03,"Rakuten Trade Sdn Bhd vice-president of equity research Thong Pak Leng said regional markets also advanced, supported by optimism over the US-China trade truce and continued enthusiasm for artificial intelligence-related investments, which helped maintain a healthy risk appetite.
“At the same time, investors remain attentive to key developments, including last week’s US central bank meeting and the US-China agreement on a year-long trade truce, which broadly met expectations,” he told Bernama.
On the local bourse, Thong noted that the index continues to hold well above key support levels seen in recent weeks, indicating that investor sentiment remains resilient despite lingering global uncertainties, and renewed buying interest, particularly in select blue-chips, helped to lift the overall market tone.
Meanwhile, IPPFA Sdn Bhd director of investment strategy and country economist Sedek Jantan said banking stocks led the gains among the FTSE Bursa Malaysia KLCI (FBM KLCI) components, supported by “delayed rate cut” optimism following the US Federal Reserve’s policy easing last week and expectations of stable domestic monetary settings.
“We maintain our view that Bank Negara Malaysia will leave the overnight policy rate unchanged at the upcoming Monetary Policy Committee meeting, balancing the need to sustain growth while preserving monetary space amid heightened external uncertainty,” he said.
At 5pm, the FBM KLCI rose 13.27 points, or 0.82%, to 1,622.42 from Friday’s close of 1,609.15.
The benchmark index opened 1.64 points firmer at 1,610.79 and hit a low of 1,608.85 in the early trading session before gaining momentum for the rest of the day.
Market breadth was negative with 762 losers outpacing 450 gainers, while 520 counters were unchanged, 905 untraded, and 13 suspended.
Turnover slid to 3.25 billion units worth RM2.48 billion compared with 3.55 billion units worth RM2.68 billion last Friday.
Among heavyweights, Maybank advanced eight sen to RM9.95, Public Bank added two sen to RM4.24, CIMB Group jumped 12 sen to RM7.42, Tenaga Nasional improved six sen to RM13.34, and IHH Healthcare rose 10 sen to RM8.35.
On the most active list, Genting Malaysia perked up one sen to RM2.34, and Dagang NeXchange gained 2.5 sen to 33 sen. Meanwhile, Perak Transit and Zetrix AI eased three sen each to 31 sen and 81.5 sen respectively, and MMAG Holdings tumbled 27.5 sen to 18.5 sen.
For top gainers, Malaysian Pacific surged RM1 to RM31, Hong Leong Bank jumped 36 sen to RM20.92, Allianz Malaysia climbed 34 sen to RM18.30, while Hong Leong Industries and Dutch Lady advanced 30 sen each to RM14.06 and RM26.50 respectively.
Among top losers, Fraser & Neave slipped 24 sen to RM27.92, Perak Corporation declined 19.5 sen to 75 sen, Pentamaster Corporation slid 19 sen to RM4.10, and Petronas Dagangan dipped 16 sen to RM22.52.
Meanwhile, Bursa Malaysia Securities Bhd has issued an unusual market activity query to MMAG today following the sharp fall in the price of its shares.
It has also suspended the intraday short-selling (IDSS) for the stock after its last done price dropped by more than 15% or 15 sen from the reference price. The short selling under IDSS will be activated on Nov 4 at 8.30 am.
On the index board, the FBM Emas Index rose 59.64 points to 12,083.00, the FBMT 100 Index garnered 67.39 points to 11,828.56 and the FBM Emas Shariah Index gained 36.98 points to 12,135.10.
The FBM 70 Index slid 30.43 points to 17,025.64 and the FBM ACE Index slipped 49.62 points to 5,171.77.
By sector, the financial services index jumped 186.40 points to 18,309.66, the plantation index surged 65.09 points to 8,052.18, the energy index edged up 2.15 points to 773.39, and the industrial products and services index inched up 0.78 of-a-point to 172.39.
The Main Market volume shrank to 1.7 billion units valued at RM2.2 billion from 1.88 billion units valued at RM2.4 billion last Friday.
Warrants turnover dipped to 1.05 billion units worth RM131.14 million compared with 1.28 billion units worth RM123.62 million previously.
The ACE Market volume expanded to 490.56 million units valued at RM144.1 million from 381.42 million units valued at RM155.65 million last Friday.
Consumer products and services counters accounted for 409.18 million shares traded on the Main Market, industrial products and services (273.41 million), construction (124.85 million), technology (363.04 million), financial services (61.7 million), property (159.98 million), plantation (28.71 million), real estate investment trusts (23.30 million), closed-end fund (16,500), energy (81.37 million), healthcare (70.75 million), telecommunications and media (44.78 million), transportation and logistics (26.30 million), utilities (37.37 million), and business trusts (128,900).
Stay current - Follow FMT on WhatsApp, Google news and Telegram
Subscribe to our newsletter and get news delivered to your mailbox.
Registration on or use of this site constitutes acceptance of our Terms of Service, Privacy Policy and Cookies Policy.
Copyright © 2009 -2025FMT Media Sdn Bhd (1235453-U) All Rights Reserved. A part of Media Prima Group."
https://www.freemalaysiatoday.com/category/business/2025/11/03/bursa-opens-higher-tracking-positive-wall-street-cue,"Bursa opens higher, tracking positive Wall Street cue",2025-11-03,"At 9.10am, the FTSE Bursa Malaysia KLCI (FBM KLCI) added 1.54 points to 1,610.69 from Friday’s close of 1,609.15, after opening 1.64 points firmer at 1,610.79.
Market breadth was positive, with gainers outpacing decliners 214 to 153, while 333 counters were unchanged, 1,937 untraded and 13 suspended.
Turnover stood at 195.89 million shares worth RM121.96 million.
Rakuten Trade Sdn Bhd vice-president of equity research Thong Pak Leng said investors reacted favourably to strong corporate earnings and sustained interest in artificial intelligence-related counters in the United States market.
“Meanwhile, the US 10-year Treasury yield rose to 4.083% after the Federal Reserve signalled that a rate cut in December is unlikely,” he noted.
Thong added that although foreign selling pressured the FBM KLCI last week, bargain-hunting is expected to emerge, with the benchmark index anticipated to trend between 1,605 and 1,615 today.
Among heavyweights, Maybank and CIMB Group improved two sen to RM9.89 and RM7.32, respectively. Public Bank and IHH Healthcare bagged one sen to RM4.23 and RM8.26, respectively, while Tenaga Nasional remained unchanged at RM13.28.
On the most active list, Dagang Nexchange improved two sen to 32.5 sen, and Digistar Corp added half-a-sen to 6.5 sen. Genting Malaysia and MAG Holdings were unchanged at RM2.33 and 17 sen, respectively, while Careplus eased 1.5 sen to eight sen.
Top gainers, Nestle surged RM1.10 to RM114.10, Malaysian Pacific climbed 76 sen to RM30.76, Fraser & Neave added 34 sen to RM28.50, Malayan Cement rose 14 sen to RM7.00, and KESM Industries improved eight sen to RM3.71.
Top losers included Petronas Dagangan, which shed 20 sen to RM22.48, MMAG slid 19.5 sen to 26.5 sen, MISC fell 13 sen to RM7.66, HI Mobility trimmed seven sen to RM2.42, and Petronas Gas slid six sen to RM18.44.
On the index board, the FBMT 100 Index added 16.82 points to 11,777.99, the FBM Emas Shariah Index elevated 3.43 points to 12,101.54, the FBM ACE Index gained 12.12 points to 5,233.51, the FBM Emas Index strengthened 13.88 points to 12,037.24, and the FBM Mid 70 Index improved 48.73 points to 17,104.80.
By sector, the Financial Services Index added 24.18 points to 18,147.45, the Plantation Index increased 13.67 points to 8,000.76, the Industrial Products and Services Index inched up 0.20 of-a-point to 171.81, while the Energy Index eased 0.88 of-a-point to 770.36.
Meanwhile, trading in the securities of GPP Resources Bhd resumes at 10am today, after being halted at 9am, according to Bursa Malaysia.
Stay current - Follow FMT on WhatsApp, Google news and Telegram
Subscribe to our newsletter and get news delivered to your mailbox.
Registration on or use of this site constitutes acceptance of our Terms of Service, Privacy Policy and Cookies Policy.
Copyright © 2009 -2025FMT Media Sdn Bhd (1235453-U) All Rights Reserved. A part of Media Prima Group."
https://www.freemalaysiatoday.com/category/business/2025/11/03/malaysias-solar-energy-ambitions-to-get-a-boost,Malaysia’s solar energy ambitions to get a boost,2025-11-03,"Under a tripartite agreement signed on Oct 17, 2025, the three parties will work together to develop a photovoltaic platform in Malaysia that will also serve the region’s energy needs.
The Malaysian partner, Amerivexx Sdn Bhd, will offer insights into the local market, while Anhui Huasun Energy Co Ltd will provide the expertise and technology. The third party in the partnership, Shanghai Investigation, Design and Research Institute, with its expertise in the clean energy engineering sector such as core technologies in wind power, photovoltaics, and new energy storage, will come in with the technical and experiential support.
In a statement, Amerivexx said that a 120MW large-scale ground-mounted photovoltaic power station will be built at the initial stage “to solidify the foundation of the cooperation” among the three companies.
Leading up to 2030, the three parties will expand into other areas. They will jointly develop enough offshore photovoltaic platforms to supply up to 1GW of energy as well as five medium-size integrated photovoltaic storage power supply modules.
The objective is to integrate the more efficient and reliable heterojunction photovoltaic technology into Malaysia’s energy structure, the statement said. This, it added, would raise the proportion of clean energy in the country’s power mix.
Currently, wind and solar energy account for only 2% of Malaysia’s energy generation.
Heterojunction technology deploys highly efficient solar cells to capture more sunlight, it operates efficiently in hot climates and has a longer lifespan than traditional solar panels. This ensures higher power generation and performance. It also makes it more resilient to degradation.
There also are plans to expand into related areas such as agro-photovoltaics (harnessing solar energy on agricultural land), and photovoltaic hydrogen production.
Also on the drawing board are an efficient “direct power supply” scheme and green electricity trading mechanisms to serve the entire chain from green power production to consumption, both within Malaysia and other Southeast Asian countries.
These initiatives, it said, would not only meet the growing demand for green energy in the region but will also aid in managing carbon footprint.
The alliance among the three companies not only aligns with Malaysia’s ambitious goals under its National Energy Transition Roadmap (NETR) but also plans to drive regional energy transformation.
The agreement among the three companies was inked at the 2025 Malaysia International Green Energy and Environmental Protection Exhibition (IGEM 2025) held in Kuala Lumpur recently. Amerivexx was represented by its co-founder DK Yeo, while vice-president of international business Jacky Chan signed on behalf of Anhui Huasun Energy.
Shanghai Investigation, Design and Research Institute was represented by Zhou Lifeng, general manager for overseas business at its parent company China Three Gorges Corporation.
Dubbed the “golden triangle”, the three parties will offer their core capabilities, experience, and expertise to cover the entire project development cycle.
Amerivexx will leverage its strong relationship with the Malaysian government, insights into the local market, and its ability to bring together multinational corporations and local investments to push the project forward.
It will count on its Corporate Renewable Energy Supply Scheme (CRESS) initiative to help address the demand for green energy of international and local blue-chip enterprises to ensure that the project is efficiently executed and returns are stable.
With its expertise in heterojunction technology, Anhui Huasan Energy will serve as the technology partner and will provide the core of photovoltaic technology in the project, while the Three Gorges Shanghai Institute, will draw on its position as the “national team” in China’s clean energy engineering sector to provide the necessary support.
Stay current - Follow FMT on WhatsApp, Google news and Telegram
Subscribe to our newsletter and get news delivered to your mailbox.
Registration on or use of this site constitutes acceptance of our Terms of Service, Privacy Policy and Cookies Policy.
Copyright © 2009 -2025FMT Media Sdn Bhd (1235453-U) All Rights Reserved. A part of Media Prima Group."
https://www.freemalaysiatoday.com/category/business/2025/11/03/ringgit-eases-vs-greenback-ahead-of-key-us-economic-data,Ringgit eases vs greenback ahead of key US economic data,2025-11-03,"It was reported that the greenback hovered near a three-month high today as investors are waiting for a series of US economic data this week to assess the state of the US economy and see if it might prompt a shift in the Federal Reserve’s hawkish stance.
Among them are the S&P Global US Manufacturing and US ISM Manufacturing data which will be released later and the US export and import (month-on-month) data which will be released tomorrow.
Bank Muamalat Malaysia Bhd chief economist Afzanizam Abdul Rashid said the US ISM Manufacturing Index is expected to come in at 49.4 points for October compared with 49.1 points in the previous month.
“The index has been below the 50-point demarcation line, which suggests that manufacturers’ sentiments have been cautious ever since US president Donald Trump’s administration announced the Liberation Day tariff measures in early April,” he said.
At the closing, the ringgit traded lower against most major currencies.
At 6pm, the ringgit shed to 4.1980/4.2025 against the US dollar from last Friday’s close of 4.1860/4.1930.
It inched down against the yen to 2.7230/2.7261 from 2.7162/2.7210, weakened against the British pound to 5.5099/5.5158 from 5.5025/5.5117, but rose versus the euro to 4.8344/4.8396 from 4.8453/4.8534 previously.
The local note traded mixed against Asean currencies.
It slid against the Singapore dollar to 3.2206/3.2243 from 3.2185/3.2241 and was down against the Philippine peso at 7.14/7.15 from 7.12/7.14 previously.
Meanwhile, the local note advanced vis-a-vis the Thai baht to 12.9285/12.9483 from 12.9429/12.9702 and was flat against the Indonesian rupiah at 251.7/252.1 from 251.7/252.2 on Friday.
Stay current - Follow FMT on WhatsApp, Google news and Telegram
Subscribe to our newsletter and get news delivered to your mailbox.
Registration on or use of this site constitutes acceptance of our Terms of Service, Privacy Policy and Cookies Policy.
Copyright © 2009 -2025FMT Media Sdn Bhd (1235453-U) All Rights Reserved. A part of Media Prima Group."
https://www.freemalaysiatoday.com/category/business/2025/11/03/ringgit-nears-one-year-high-ahead-of-opr-decision,Ringgit nears one-year high ahead of OPR decision,2025-11-03,"At 8am, the ringgit stood at 4.1795/4.2005 against the greenback, compared with last Friday’s close of 4.1860/4.1930.
The level was last seen on Oct 2, 2024, when the local note traded at RM4.1760.
Bank Muamalat Malaysia Bhd chief economist Afzanizam Rashid said the ringgit is expected to maintain positive momentum ahead of the Bank Negara Malaysia’s monetary policy committee (MPC) decision on Nov 6.
“We expect the OPR to remain unchanged as the narrowing of interest rate differentials between the OPR and the developed countries’ policy rate is seen to be the key driver for the ringgit, especially when the BNM is anticipated to maintain their monetary stance in light of steady economic growth as well as benign inflation rate going forward,” he noted.
Afzanizam further said that a strong commitment by the federal government to reduce the budget gap to 3.5% of gross domestic product next year would be credit-positive, which would incentivise foreign investors to purchase government securities.
“Given that there is a lack of United States data due to the US government shutdown, traders would probably be looking at the domestic factors in order to form their opinion on the currency movement.
“Expect USDMYR to range between 4.18 and 4.20 today,” he added.
At the opening, the ringgit traded higher against major currencies.
The ringgit inched up against the yen to 2.7104/2.7242 from 2.7162/2.7210 at last Friday’s close, strengthened against the British pound to 5.4889/5.5165 from 5.5025/5.5117 and rose versus the euro to 4.8177/4.8419 from 4.8453/4.8534 previously.
The local note traded mostly higher against Asean currencies.
It improved against the Singapore dollar to 3.2103/3.2267 from 3.2185/3.2241 at last Friday’s close, advanced vis-a-vis the Thai baht to 12.8683/12.9425 from 12.9429/12.9702, was almost flat against the Indonesian rupiah at 251.3/252.6 from 251.7/252.2 and was slightly better against the Philippine peso at 7.11/7.15 from 7.12/7.14 previously.
Stay current - Follow FMT on WhatsApp, Google news and Telegram
Subscribe to our newsletter and get news delivered to your mailbox.
Registration on or use of this site constitutes acceptance of our Terms of Service, Privacy Policy and Cookies Policy.
Copyright © 2009 -2025FMT Media Sdn Bhd (1235453-U) All Rights Reserved. A part of Media Prima Group."
https://www.freemalaysiatoday.com/category/business/2025/11/04/bursa-bucks-regional-trend-to-close-marginally-higher,Bursa bucks regional trend to close marginally higher,2025-11-04,"IPPFA Sdn Bhd director of investment strategy and country economist Sedek Jantan said, while the financial services counters remained the main driver supporting the benchmark index, broader market participation was mixed as investors turned increasingly selective ahead of key global data releases.
“Globally, market volatility eased slightly as investors adjusted to the ongoing US government shutdown, which continues to delay several key economic data releases, including the US job opening and labour turnover survey (JOLTS) and potentially Friday’s non-farm payrolls.
“Global sentiment will likely hinge on how these data shape expectations for the US Federal Reserve’s policy path and the broader risk environment,” he told Bernama.
Meanwhile, across the region, most Asian markets closed lower as investor sentiment remained cautious amid concerns that the rally in artificial intelligence and technology-related stocks may be running ahead of fundamentals.
“The sharp rise in tech valuations has raised fears of a potential bubble, leaving regional markets vulnerable to corrections in US tech shares, given their close correlation with global risk appetite,” he said.
At 5pm, the FTSE Bursa Malaysia KLCI (FBM KLCI) rose 1.08 points, or 0.07%, to 1,623.50 from yesterday’s close of 1,622.42.
The benchmark index opened 1.20 points lower at 1,621.22, its lowest level for the day, and hit its highest level of 1,630.91 in the mid-morning session.
However, market breadth was negative with 905 losers thumping 321 gainers, while 511 counters were unchanged, 910 untraded, and 13 suspended.
Turnover rose to 3.59 billion units worth RM2.65 billion compared with 3.25 billion units worth RM2.48 billion yesterday.
Among heavyweights, Maybank was unchanged at RM9.95, Public Bank gained two sen to RM4.26, CIMB Group added 13 sen to RM7.55, while Tenaga Nasional slipped four sen to RM13.30, and IHH Healthcare fell seven sen to RM8.28.
On the most active list, NexG lost seven sen to 28 sen, MMAG slid 4.5 sen to 14 sen, Tanco fell nine sen to 85 sen, VS Industry dipped two sen to 46.5 sen, while Genting Malaysia was flat at RM2.34.
Top gainers included Hong Leong Bank, which garnered 32 sen to RM21.24, Fraser & Neave climbed 26 sen to RM28.18, Kuala Lumpur Kepong bagged 22 sen to RM21, PPB Group advanced 20 sen to RM11.50 and Hong Leong Financial put on 18 sen to RM17.22.
Among top losers, PJBumi tumbled 75 sen to RM1.77, Chin Teck Plantations was 56 sen lower at RM10.42, Malaysian Pacific Industries dipped 44 sen to RM30.56, Allianz Malaysia trimmed 28 sen to RM18.02 and Nestle decreased 20 sen to RM113.
On the index board, the FBMT 100 Index eased 17.51 points to 11,811.05, the FBM Emas Index fell 28.84 points to 12,054.16 and the FBM Emas Shariah Index declined 79.67 points to 12,055.43.
The FBM ACE Index dropped 95.68 points to 5,076.09 and the FBM Mid 70 Index lost 135.64 points to 16,890.00.
By sector, the financial services index jumped 141.76 points to 18,451.42, while the plantation index slipped 27.38 points to 8,024.80, the industrial products and services index eased 2.48 points to 169.91, and the energy index shed 6.64 points to 766.75.
The Main Market volume increased to 1.91 billion units valued at RM2.28 billion from 1.7 billion units valued at RM2.2 billion yesterday.
Warrants turnover dipped to 1.02 billion units worth RM186.45 million compared with 1.05 billion units worth RM131.14 million previously.
The ACE Market volume expanded to 666.89 million units valued at RM180.34 million from 490.56 million units valued at RM144.1 million yesterday.
Consumer products and services counters accounted for 290.61 million shares traded on the Main Market, industrial products and services (368.89 million), construction (126.72 million), technology (486.34 million), financial services (66.38 million), property (268.42 million), plantation (27.7 million), real estate investment trusts (14.18 million), closed-end fund (209,300), energy (100 million), healthcare (68.1 million), telecommunications and media (37.18 million), transportation and logistics (24.99 million), utilities (25.81 million), and business trusts (385,200).
Stay current - Follow FMT on WhatsApp, Google news and Telegram
Subscribe to our newsletter and get news delivered to your mailbox.
Registration on or use of this site constitutes acceptance of our Terms of Service, Privacy Policy and Cookies Policy.
Copyright © 2009 -2025FMT Media Sdn Bhd (1235453-U) All Rights Reserved. A part of Media Prima Group."
https://www.freemalaysiatoday.com/category/business/2025/11/04/bursa-rebounds-after-soft-open-tracking-regional-markets,"Bursa rebounds after soft open, tracking regional markets",2025-11-04,"At 9.10am, the FTSE Bursa Malaysia KLCI (FBM KLCI) rose 1.78 points, or 0.11%, to 1,624.20 from Monday’s close of 1,622.42.
The benchmark index had opened 1.20 points weaker at 1,621.22.
Market breadth, however, was negative, with decliners outpacing gainers 228 to 156, while 310 counters were unchanged, 1,953 untraded and 13 suspended.
Turnover stood at 228.39 million shares worth RM101.04 million.
Rakuten Trade Sdn Bhd vice-president of equity research, Thong Pak Leng, said Wall Street closed mixed overnight as artificial intelligence (AI)-related stocks continued to prosper.
He added that Hong Kong’s Hang Seng Index rebounded following recent trade negotiations that appeared to ease tensions between the two superpowers and improve overall investor sentiment.
“Additionally, we expect local institutions to be the main buyers and hope that foreign funds will stay a tad longer. Hence, we anticipate the FBM KLCI to trend between the 1,620 and 1,630 range today,” he noted.
Among the heavyweights, Maybank and CIMB Group advanced four sen each to RM9.99 and RM7.46, respectively. Public Bank added two sen to RM4.26, while Tenaga Nasional and IHH Healthcare were unchanged at RM13.34 and RM8.35, respectively.
On the most active list, Borneo Oil and MMAG were flat at half-a-sen and 18.5 sen, respectively. NexG eased half-a-sen to 34.5 sen, while Perak Transit gained one sen to 32 sen and Dagang Nexchange inched up half-a-sen to 33.5 sen.
Among the top gainers, Fraser & Neave surged 40 sen to RM28.32, Ajinomoto climbed 36 sen to RM13.88, Petronas Dagangan rose 16 sen to RM22.68, KLCC Properties & REITS added nine sen to RM8.79, and United Plantations gained eight sen to RM24.98.
Top losers included Nestle, which shed 90 sen to RM112.30, Batu Kawan, which slid 30 sen to RM19, Malaysian Pacific Industries, which fell 20 sen to RM30.80, Hong Leong Industries, which trimmed 16 sen to RM13.90, and Lim Seong Hai Capital, which eased nine sen to RM2.21.
On the index board, the FBMT 100 Index gained 6.73 points to 11,835.29, and the FBM Emas Index strengthened 5.44 points to 12,088.44.
The FBM Emas Shariah Index fell 10.23 points to 12,124.87, the FBM ACE Index declined 29.44 points to 5,142.33, and the FBM Mid 70 Index decreased 17.49 points to 17,008.15.
By sector, the Financial Services Index grew 69.60 points to 18,379.26, the Plantation Index dipped 20.17 points to 8,032.01, the Industrial Products and Services Index edged down 0.03 of-a-point to 172.36, and the Energy Index eased 1.13 points to 772.26.
Stay current - Follow FMT on WhatsApp, Google news and Telegram
Subscribe to our newsletter and get news delivered to your mailbox.
Registration on or use of this site constitutes acceptance of our Terms of Service, Privacy Policy and Cookies Policy.
Copyright © 2009 -2025FMT Media Sdn Bhd (1235453-U) All Rights Reserved. A part of Media Prima Group."
https://www.freemalaysiatoday.com/category/business/2025/11/04/ringgit-nears-1-year-high-on-rate-outlook-growth-optimism,"Ringgit nears 1-year high on rate outlook, growth optimism",2025-11-04,"The currency is 0.6% away from breaching RM4.1805 per dollar, a level that would mark its highest since October 2024, and is on track for its biggest annual gain versus the greenback since 2017.
“Malaysia’s ‘resilient macro fundamentals, prudent fiscal management, and narrowing policy rate gap with the US’ will support the ringgit,” said Lloyd Chan, a strategist at MUFG Bank Ltd.
He expects the currency to strengthen to RM4.15 per dollar by year-end.
The ringgit has gained about 6.4% against the dollar so far this year, making it one of Asia’s top-performing currencies.
Against the Singapore dollar, it’s trading less than 1% away from its strongest level since September 2022.
Both economies have tight trading ties and share one of the busiest land borders in the world.
Malaysia’s trade-dependent economy has been buoyed by signs that global demand is picking up.
Confidence rose when the US and China – Malaysia’s largest export partners – agreed at a landmark summit last week to extend their tariff truce, roll back export controls and reduce other trade barriers.
President Donald Trump and Prime Minister Anwar Ibrahim also signed a trade deal last month, although the pact has since fuelled concerns about Malaysia’s interests and sovereignty in trade matters.
The improving external demand may provide a further boost to Malaysia’s growth story, which has been driven mainly by domestic consumption.
Third-quarter gross domestic product grew by 5.2%, beating all estimates in a Bloomberg survey, and faster than the pace of expansion seen in the previous three quarters.
Meanwhile, ringgit swaps are pricing for Malaysia’s policy rates to be held over the next 12 months.
In mid-August, markets were expecting a quarter-point cut over the same time frame.
Economists surveyed by Bloomberg also expect the nation’s benchmark rate to remain unchanged through 2026, even if the US lowers rates further.
“We expect BNM to keep its policy rate at 2.75% in November, given favorable growth-inflation dynamics,” MUFG’s Chan said.
Stay current - Follow FMT on WhatsApp, Google news and Telegram
Subscribe to our newsletter and get news delivered to your mailbox.
Registration on or use of this site constitutes acceptance of our Terms of Service, Privacy Policy and Cookies Policy.
Copyright © 2009 -2025FMT Media Sdn Bhd (1235453-U) All Rights Reserved. A part of Media Prima Group."
https://www.freemalaysiatoday.com/category/business/2025/11/04/ringgit-rebounds-as-weak-us-data-fed-uncertainty-weigh-on-greenback,"Ringgit rebounds as weak US data, Fed uncertainty weigh on greenback",2025-11-04,"Bank Muamalat Malaysia Bhd chief economist Afzanizam Abdul Rashid said the US ISM Manufacturing Index, which fell to 48.7 points in October from 49.1 in September, offered a glimpse into the US economy.
“The index has remained below the 50-point demarcation line since March this year, and this suggests that the US tariff has resulted in higher input costs, leading to weak sentiments among the manufacturers,” he told Bernama.
Afzanizam also noted that views on a rate cut in December remain divided among Fed members, as some believe interest rates should be kept steady to contain the risk of higher inflation.
“Thus far, the ringgit has been fluctuating within the current range, with the RM4.2000 level (against the US dollar) appearing to be a psychological hurdle.
“The upcoming Bank Negara Malaysia monetary policy committee (MPC) decision could provide some support to the ringgit, as the overnight policy rate (OPR) is expected to remain steady at 2.75%.
“Further US rate cuts would narrow the gap between the Fed funds rate and the OPR, which could be ringgit-positive,” he added.
At 6pm, the ringgit climbed to 4.1950/4.1985 against the US dollar from yesterday’s close of 4.1980/4.2025.
At the close, the ringgit traded mostly higher against most major currencies.
It rose against the British pound to 5.4795/5.4841 from 5.5099/5.5158 at yesterday’s close, and climbed versus the euro to 4.8238/4.8279 from 4.8344/4.8396.
However, the local currency went down against the yen to 2.7331/2.7355 from 2.7230/2.7261 previously.
The local note also traded mostly higher against Asean currencies.
It strengthened against the Singapore dollar to 3.2131/3.2160 from 3.2206/3.2243 at yesterday’s close, advanced vis-a-vis the Thai baht to 12.8859/12.9026 from 12.9285/12.9483, and was slightly higher against the Indonesian rupiah at 251.0/251.4 from 251.7/252.1 yesterday.
The ringgit went down against the Philippine peso to 7.16/7.18 from 7.14/7.15 previously.
Stay current - Follow FMT on WhatsApp, Google news and Telegram
Subscribe to our newsletter and get news delivered to your mailbox.
Registration on or use of this site constitutes acceptance of our Terms of Service, Privacy Policy and Cookies Policy.
Copyright © 2009 -2025FMT Media Sdn Bhd (1235453-U) All Rights Reserved. A part of Media Prima Group."
https://www.freemalaysiatoday.com/category/business/2025/11/04/ringgit-rises-as-weaker-us-dollar-faces-policy-uncertainties,Ringgit rises as weaker US dollar faces policy uncertainties,2025-11-04,"At 8am, the ringgit stood at 4.1900/4.2065 against the US dollar, compared with Monday’s close of 4.1980/4.2025.
Bank Muamalat Malaysia Bhd chief economist Afzanizam Rashid said the US dollar-ringgit pair is expected to remain in a narrow range, hovering around the RM4.20 level today.
He said US Federal Reserve (Fed) governor Lisa Cook acknowledged that the labour market is weakening but stopped short of giving rate guidance for the December meeting. Meanwhile, Fed governor Stephen Miran, who voted for a 50-basis-point cut, described the current monetary policy stance as restrictive.
“The US Dollar Index (DXY) remained at an elevated level, rising 0.07% to 99.871 points in response to the remarks,” Afzanizam noted.
On the US economy, he said the ISM Manufacturing Index fell to 48.7 points in October, marking the eighth consecutive month below the 50-point demarcation line.
“Judging from the ISM survey responses, most businesses have been pessimistic, as tariffs have led to higher prices and supply chain disruptions, given the limited options to source production inputs domestically,” he added.
At the opening, the ringgit traded higher against major currencies.
It strengthened against the yen to 2.7157/2.7265 from 2.7230/2.7261 at Monday’s close, edged up against the British pound to 5.5006/5.5223 from 5.5099/5.5158, and rose versus the euro to 4.8244/4.8434 from 4.8344/4.8396 previously.
The local note also traded better against Asean currencies.
It improved against the Singapore dollar to 3.2095/3.2224 from 3.2206/3.2243, firmed against the Philippine peso to 7.12/7.16 from 7.14/7.15, and advanced against the Thai baht to 12.8852/12.9431 from 12.9285/12.9483.
It was little changed against the Indonesian rupiah at 251.2/252.3 from 251.7/252.1 previously.
Stay current - Follow FMT on WhatsApp, Google news and Telegram
Subscribe to our newsletter and get news delivered to your mailbox.
Registration on or use of this site constitutes acceptance of our Terms of Service, Privacy Policy and Cookies Policy.
Copyright © 2009 -2025FMT Media Sdn Bhd (1235453-U) All Rights Reserved. A part of Media Prima Group."
https://www.freemalaysiatoday.com/category/business/2025/11/05/bursa-ends-slightly-lower-tracking-regional-markets-2,"Bursa ends slightly lower, tracking regional markets",2025-11-05,"IPPFA Sdn Bhd director of investment strategy and country economist Sedek Jantan said the slide in the FTSE Bursa Malaysia KLCI (FBM KLCI) was led by declines in selected consumer counters, but the weakness was not broad-based, as several other consumer-related counters within the index continued to show resilience.
“As we move towards 2026, corporate earnings profiles, domestic consumption dynamics, and sectoral outlooks remain broadly constructive.
“Near-term volatility is more likely a recalibration of positioning rather than a shift in the medium-term trajectory of the local market,” he told Bernama.
“Across Asia, Japan’s Nikkei 225 and South Korea’s Kospi saw sharper intraday swings in high-growth sectors, which had rallied strongly in recent months.
“Although selling pressure moderated later in the session, the scale of the movements reflected the market’s heightened caution,” he said.
This was due to weaker global risk sentiment after Wall Street’s technology sector experienced a sharp pullback overnight as valuation concerns resurfaced following an extended rally.
On the home front, Sedek remained firm on financial stocks ahead of Bank Negara Malaysia’s monetary policy committee meeting tomorrow.
Sedek said he expects the overnight policy rate to remain at 2.75%, thus maintaining a measured and data-dependent policy stance.
At 5pm, the FBM KLCI fell 1.95 points, or 0.12%, to 1,621.55 from yesterday’s close of 1,623.50.
The benchmark index opened 1.26 points lower at 1,622.24, and moved between 1,614.30 and 1,623.16 throughout the trading session.
The broader market was negative with 752 losers thumping 427 gainers, while 576 counters were unchanged, 887 untraded, and eight suspended.
Turnover rose to 4.77 billion units worth RM2.7 billion compared with 3.59 billion units worth RM2.65 billion yesterday.
Among the heavyweights, Maybank edged down three sen to RM9.92, CIMB Group slid five sen to RM7.50, Tenaga Nasional dipped 10 sen to RM13.20, while Public Bank gained eight sen to RM4.34, and IHH Healthcare was flat at RM8.28.
On the most active list, NexG Bina (formerly Classita) slipped 0.5 sen to four sen, MMAG fell 3.5 sen to 10.5 sen, while NexG gained two sen to 30 sen and Tanco perked up 3.5 sen to 88.5 sen. Borneo Oil was flat at 0.5 sen.
As for the top gainers, Nestle surged RM3 to RM116, United Plantations added 46 sen to RM25.46, VSTECS and Westports both advanced 25 sen to RM4.05 and RM5.35, and Time Dotcom bagged 21 sen to RM5.05.
Among the top losers, PJBumi fell 52 sen to RM1.25, Fraser & Neave fell 38 sen to RM27.80, Hong Leong Bank erased 28 sen to RM20.96, Sunway Construction slid 13 sen to RM5.67, and Malaysian Pacific Industries lost 12 sen to RM30.44.
On the index board, the FBMT 100 Index slipped 3.90 points to 11,807.15, the FBM Emas Index declined 5.24 points to 12,048.92, and the FBM Emas Shariah Index shrank 5.82 points to 12,049.61.
In contrast, the FBM ACE Index inched up 0.86 of-a-point to 5,076.95 and the FBM Mid 70 Index increased 39.37 points to 16,929.37.
By sector, the plantation index rose 26.54 points to 8,051.34, the financial services index slid 27.63 points to 18,423.79, the industrial products and services index eased 1.07 points to 168.84, and the energy index shed 4.92 points to 761.83.
The Main Market volume increased to 2.05 billion units valued at RM2.16 billion from 1.91 billion units valued at RM2.28 billion yesterday.
Warrants turnover climbed to 2.04 billion units worth RM369.98 million compared with 1.02 billion units worth RM186.45 million previously.
The ACE Market volume expanded to 670.68 million units valued at RM160.92 million from 666.89 million units valued at RM180.34 million yesterday.
Consumer products and services counters accounted for 586.89 million shares traded on the Main Market, industrial products and services (342.43 million), construction (134.76 million), technology (359.05 million), financial services (59.87 million), property (217.66 million), plantation (41.69 million), real estate investment trusts (18.29 million), closed-end fund (9,100), energy (99.02 million), healthcare (94.65 million), telecommunications and media (33.54 million), transportation and logistics (43.59 million), utilities (21.68 million), and business trusts (184,300).
Stay current - Follow FMT on WhatsApp, Google news and Telegram
Subscribe to our newsletter and get news delivered to your mailbox.
Registration on or use of this site constitutes acceptance of our Terms of Service, Privacy Policy and Cookies Policy.
Copyright © 2009 -2025FMT Media Sdn Bhd (1235453-U) All Rights Reserved. A part of Media Prima Group."
https://www.freemalaysiatoday.com/category/business/2025/11/05/bursa-pares-gains-opens-lower-amid-regional-losses,"Bursa pares gains, opens lower amid regional losses",2025-11-05,"At 9.10am, the FTSE Bursa Malaysia KLCI (FBM KLCI) fell 3.65 points, or 0.23%, to 1,619.85, down from Tuesday’s close of 1,623.50. The benchmark had opened 1.26 points lower at 1,622.24.
Market breadth was negative, with decliners outnumbering gainers 305 to 100. A further 292 counters were unchanged, 1,945 untraded, and eight suspended.
Turnover stood at 237.78 million shares worth RM80.22 million.
Regionally, Hong Kong’s Hang Seng Index slipped 0.79% to 25,952.40, South Korea’s Kospi Index fell 4.24% to 3,947, Japan’s Nikkei 225 dropped 2.49% to 50,216.40, while Singapore’s Straits Times Index remained unchanged at 4,422.72.
Rakuten Trade Sdn Bhd vice-president of equity research, Thong Pak Leng, said Wall Street fell on concerns over an inflated artificial intelligence (AI) valuation bubble, as traders begin to recognise AI-related stocks are overstretched and due for a pullback.
“Back home, FBM KLCI trading remains lacklustre, as illustrated by daily volume. We expect the index to hover within the 1,620–1,630 range today,” he added.
Among heavyweights, Maybank, Public Bank and IHH Healthcare were flat at RM9.95, RM4.26 and RM8.28, respectively. CIMB Group eased six sen to RM7.49, while Tenaga Nasional rose two sen to RM13.32.
On the most active list, NexG Bina added one sen to 5.5 sen, Borneo Oil and NexG remained unchanged at 0.5 sen and 28 sen, respectively. MMAG gained 0.5 sen to 14.5 sen, while Zetrix AI eased 0.5 sen to 81.5 sen.
Top gainers included Petronas Dagangan, up 16 sen to RM22.76; Westports, eight sen higher at RM5.18; United Plantations and LPI Capital, six sen each to RM25.06 and RM14.42; and Deleum, four sen higher at RM1.27.
Top losers included PJBumi, down 53 sen to RM1.24; Malaysian Pacific Industries, 44 sen lower at RM30.12; Hong Leong Financial, 14 sen down at RM21.38; KESM Industries, 12 sen lower at RM3.40; and Nestle, eased 10 sen to RM112.90.
On the index board, the FBMT 100 Index fell 29.77 points to 11,781.28, and the FBM Emas Index erased 31.12 points to 12,023.04. The FBM Emas Shariah Index lost 29.96 points to 12,025.47, the FBM ACE Index declined 17.92 points to 5,058.17, and the FBM Mid 70 Index decreased 56.38 points to 16,833.62.
By sector, the Plantation Index inched up 5.72 points to 8,030.52, while the Financial Services Index shed 38.09 points to 18,413.33. The Industrial Products and Services Index edged down 0.84 of-a-point to 169.07, and the Energy Index eased 2.90 points to 763.85.
Stay current - Follow FMT on WhatsApp, Google news and Telegram
Subscribe to our newsletter and get news delivered to your mailbox.
Registration on or use of this site constitutes acceptance of our Terms of Service, Privacy Policy and Cookies Policy.
Copyright © 2009 -2025FMT Media Sdn Bhd (1235453-U) All Rights Reserved. A part of Media Prima Group."
https://www.freemalaysiatoday.com/category/business/2025/11/05/petronas-inks-20-year-deal-with-canadas-pembina-for-cedar-lng-capacity,Petronas inks 20-year deal with Canada’s Pembina for Cedar LNG capacity,2025-11-05,"Petronas said the agreement is a synthetic liquefaction service structure for 1.0 mtpa of capacity, under which Pembina will provide transportation and liquefaction capacity to Petronas LNG Ltd over a 20-year term.
It enables Petronas to access an additional natural gas export outlet for its sizeable Canadian upstream investment, while providing Pembina with a stable long-term, take-or-pay revenue stream and the potential for value enhancement.
“The agreement also demonstrates the shared commitment of both Pembina and Petronas to realise the long-term potential of Canadian LNG, supporting energy security and advancing the transition to cleaner fuels in Asia,” it said in a statement.
Petronas Gas and Maritime Business vice-president of LNG marketing and trading Shamsairi M Ibrahim said the agreement reflects Petronas’s long-standing commitment to investment in Canada and continued effort to fortify its global LNG supply portfolio.
“We welcome this partnership with Pembina and the Cedar LNG project as it underscores Petronas’s role as an integrated energy player and demonstrates our dedication to responsibly monetise our gas resources.
“This arrangement improves supply diversity and enhances reliability of supply for customers, while reinforcing our steadfast commitment to deliver reliable, lower-carbon energy solutions to meet Asia’s growing energy needs,” he said.
Pembina senior vice-president and corporate development officer Stu Taylor said the partnership further validates Cedar LNG and highlights the strong demand for global export capacity given the clear advantages of Canadian West Coast LNG, including competitively priced feedstock and advantaged shipping distances to Asian markets.
“This agreement is an extension of our existing relationship with them and an important development in Pembina’s ongoing expansion of its export business,” he said.
According to the statement, the agreement marks a significant first step in Pembina’s remarketing efforts as it expects to reach definitive agreements for the remaining 0.5mtpa of capacity by the end of this year.
The US$4 billion Cedar LNG project remains on time and on budget, with an expected in-service date in late 2028, said the statement.
Stay current - Follow FMT on WhatsApp, Google news and Telegram
Subscribe to our newsletter and get news delivered to your mailbox.
Registration on or use of this site constitutes acceptance of our Terms of Service, Privacy Policy and Cookies Policy.
Copyright © 2009 -2025FMT Media Sdn Bhd (1235453-U) All Rights Reserved. A part of Media Prima Group."
https://www.freemalaysiatoday.com/category/business/2025/11/05/ringgit-closes-higher-ahead-of-opr-announcement-tomorrow,Ringgit closes higher ahead of OPR announcement tomorrow,2025-11-05,"Bank Negara Malaysia’s monetary policy committee (MPC) is expected to maintain the OPR, according to market consensus.
Bank Muamalat Malaysia Bhd chief economist Afzanizam Abdul Rashid told Bernama the anticipation for no change in the OPR tomorrow seems to have contributed to the local currency’s strength.
Besides, he said the latest US ISM Manufacturing Index, which fell to 48.7 points in October from 49.1 in September, suggests business sentiments are still weak as a result of the higher import tariffs contributing to higher operating costs, weighing on the greenback.
At 6pm, the ringgit climbed to 4.1890/4.1925 against the US dollar from yesterday’s close of 4.1950/4.1985.
At the close, the ringgit traded higher against most major currencies.
It rose against the British pound to 5.4612/5.4658 from 5.4795/5.4841 at yesterday’s close, climbed versus the euro to 4.8106/4.8147 from 4.8238/4.8279, and was up against the yen to 2.7254/2.7279 from 2.7331/2.7355 previously.
The local note also traded higher against Asean currencies.
It strengthened against the Singapore dollar to 3.2055/3.2085 from 3.2131/3.2160 at yesterday’s close, and advanced vis-a-vis the Thai baht to 12.8730/12.8893 from 12.8859/12.9026 yesterday.
The ringgit was also slightly higher against the Indonesian rupiah at 250.5/250.9 from 251.0/251.4 and went up against the Philippine peso to 7.12/7.13 from 7.16/7.18 previously.
Stay current - Follow FMT on WhatsApp, Google news and Telegram
Subscribe to our newsletter and get news delivered to your mailbox.
Registration on or use of this site constitutes acceptance of our Terms of Service, Privacy Policy and Cookies Policy.
Copyright © 2009 -2025FMT Media Sdn Bhd (1235453-U) All Rights Reserved. A part of Media Prima Group."
https://www.freemalaysiatoday.com/category/business/2025/11/05/ringgit-opens-steady-vs-dollar-ahead-of-rate-decisions,Ringgit opens steady vs dollar ahead of rate decisions,2025-11-05,"Bank Negara Malaysia’s Monetary Policy Committee (MPC) is scheduled to announce its Overnight Policy Rate (OPR) decision tomorrow, while in the US, markets are looking ahead to the Federal Reserve (Fed)’s decision on the Federal Funds Rate (FFR) next month.
The narrowing gap between the two benchmark rates remains the main factor influencing the local note’s performance.
At 8am, the ringgit stood at 4.1945/4.4.2050 against the US dollar, compared with Tuesday’s close of 4.1950/4.4.1985.
Bank Muamalat Malaysia Bhd chief economist, Afzanizam Rashid, said the market expects the MPC to maintain the OPR, while the United States continues with rate cuts, which would further narrow the gap between lending rates.
“That, coupled with ongoing fiscal reforms in Malaysia, is credit-positive for the country. More foreign funds would likely be attracted to Malaysian Government Securities and Government Investment Issues,” he noted.
“So far, the bid-to-cover ratio for government bonds has been healthy at 2.6 times for the first 10 months of this year, compared with the 2022–2024 average of 2.2 times,” he added.
As for the greenback, the US Dollar Index (DXY) continued to climb towards the 100-point mark as the Washington shutdown entered its 35th day.
“It appears that the Fed should continue cutting interest rates, but mixed views among its members have challenged that outlook. This has lent support to the US dollar in the immediate term,” Afzanizam said.
He added that the US dollar–ringgit pair (USD/MYR) is expected to trade within a narrow range of RM4.19 to RM4.20 today.
At the opening, the ringgit mostly traded higher against major currencies.
It rose against the British pound to 5.4612/5.4749 from 5.4795/5.4841 at Tuesday’s close, and strengthened versus the euro to 4.8174/4.8294 from 4.8238/4.8279. However, it slipped against the Japanese yen to 2.7322/2.7392 from 2.7331/2.7355 previously.
The local note also traded mostly higher against Asean currencies.
It advanced against the Singapore dollar to 3.2075/3.2158 from 3.2131/3.2160 at Tuesday’s close and firmed vis-a-vis the Thai baht to 12.8701/12.9118 from 12.8859/12.9026.
The ringgit was almost unchanged against the Indonesian rupiah at 251.0/251.8 versus 251.0/251.4 yesterday, and steady against the Philippine peso at 7.16/7.19 from 7.16/7.18 previously.
Stay current - Follow FMT on WhatsApp, Google news and Telegram
Subscribe to our newsletter and get news delivered to your mailbox.
Registration on or use of this site constitutes acceptance of our Terms of Service, Privacy Policy and Cookies Policy.
Copyright © 2009 -2025FMT Media Sdn Bhd (1235453-U) All Rights Reserved. A part of Media Prima Group."
https://www.freemalaysiatoday.com/category/business/2025/11/06/bursa-closes-at-intraday-low-on-late-selling-profit-taking,"Bursa closes at intraday low on late selling, profit-taking",2025-11-06,"IPPFA Sdn Bhd director of investment strategy and country economist Sedek Jantan said industrial products and services counters led the advances, supported by Bank Negara Malaysia’s decision to maintain the overnight policy rate (OPR) at 2.75%.
However, he said consumer and retail-related counters saw a measured pullback, reflecting profit-taking after a strong three-month rally.
“Maintaining the OPR continues to provide businesses with a stable and predictable financing environment.
“Domestic demand remains resilient, and we still expect consumer-linked equities to perform this quarter, given the supportive labour market and steady income conditions,” he told Bernama.
Meanwhile, Sedek said regional markets posted their strongest rise in over a week, with investors returning to technology stocks following a brief correction.
“Investor positioning continues to demonstrate conviction in the structural growth implications of artificial intelligence, even as questions surrounding valuations and market concentration persist.
“Positive cues from Wall Street, where similar accumulation of weakness occurred, bolstered risk appetite across regional markets,” he said.
At 5pm, the FTSE Bursa Malaysia KLCI (FBM KLCI) fell 2.61 points, or 0.16% to 1,618.94 from yesterday’s close of 1,621.55.
The benchmark index opened 0.06 of-a-point lower at 1,621.49, and reached its highest level of 1,624.29 in early trade.
However, the broader market was slightly positive, with 580 gainers leading 536 losers, while 584 counters were unchanged, 953 untraded and eight suspended.
Turnover fell to 3.96 billion units worth RM2.52 billion compared with 4.77 billion units worth RM2.7 billion yesterday.
Among heavyweights, Maybank, CIMB Group and Tenaga Nasional were all flat at RM9.92, RM7.50 and RM13.20, respectively. Public Bank slipped eight sen to RM4.26 and IHH Healthcare dipped six sen to RM8.22.
On the active list, MMAG eased one sen to 9.5 sen, Perak Transit shed three sen to 26.5 sen, NexG remained unchanged at 30 sen, while Tanco and Zetrix AI gained two sen each to 90.5 sen and 84 sen, respectively.
Among top gainers, Hong Leong Industries climbed 54 sen to RM14.74, Chin Teck Plantations put on 20 sen to RM10.80, Dutch Lady Milk added 16 sen to RM26.78, and MISC and Lim Seong Hai Capital both garnered 14 sen to RM7.79 and RM2.40, respectively.
Top losers included Nestle, which dropped RM3.20 to RM112.80, Kuala Lumpur Kepong fell 30 sen to RM20.78, Petronas Dagangan slid 26 sen to RM22.54, and Petronas Gas and Malaysian Pacific Industries declined 24 sen each to RM18.46 and RM30.20, respectively.
On the index board, the FBMT 100 Index shed 11.95 points to 11,795.20, and the FBM Emas Index fell 11.03 points to 12,037.89.
In contrast, the FBM Emas Shariah Index edged up 7.59 points to 12,057.20, the FBM ACE Index increased 6.50 points to 5,083.45, and the FBM Mid 70 Index rose 13.37 points to 16,942.74.
By sector, the plantation index added 6.19 points to 8,057.53, the industrial products and services index inched up 0.12 of-a-point to 168.96, the energy index perked up 6.03 points to 767.86, while the financial services index tumbled 85.92 points to 18,337.87.
The Main Market volume decreased to 1.52 billion units valued at RM2.05 billion from 2.05 billion units valued at RM2.16 billion yesterday.
Warrants turnover slipped to 1.99 billion units worth RM341.15 million compared with 2.04 billion units worth RM369.98 million previously.
The ACE Market volume dwindled to 445.35 million units valued at RM129.49 million from 670.68 million units valued at RM160.92 million yesterday.
Consumer products and services counters accounted for 319.78 million shares traded on the Main Market, industrial products and services (263.05 million), construction (136.74 million), technology (271.1 million), financial services (58.64 million), property (156.34 million), plantation (38.28 million), real estate investment trusts (24.91 million), closed-end fund (4,600), energy (92.16 million), healthcare (49.6 million), telecommunications and media (48.77 million), transportation and logistics (38.16 million), utilities (24 million), and business trusts (342,600).
Stay current - Follow FMT on WhatsApp, Google news and Telegram
Subscribe to our newsletter and get news delivered to your mailbox.
Registration on or use of this site constitutes acceptance of our Terms of Service, Privacy Policy and Cookies Policy.
Copyright © 2009 -2025FMT Media Sdn Bhd (1235453-U) All Rights Reserved. A part of Media Prima Group."
https://www.freemalaysiatoday.com/category/business/2025/11/06/bursa-recoups-losses-to-open-marginally-higher,Bursa recoups losses to open marginally higher,2025-11-06,"At 9.10am, the FTSE Bursa Malaysia KLCI (FBM KLCI) inched up 0.36 points, or 0.02%, to 1,621.91, marginally up from Wednesday’s close of 1,621.55.
The benchmark had opened 0.06 of a point lower at 1,621.49.
Market breadth was positive, with gainers thumping decliners 199 to 133, with 273 counters unchanged, 2,048 untraded, and eight suspended.
Turnover stood at 181.89 million shares worth RM74.25 million.
Rakuten Trade Sdn Bhd vice-president of equity research, Thong Pak Leng, said Wall Street rebounded overnight amid legality issues surrounding President Donald Trump’s sweeping tariffs, now under scrutiny by the US Supreme Court.
“Traders are also cautious about the lofty valuations of artificial intelligence (AI)-related stocks. There are also uncertainties about whether the US Federal Reserve will cut rates next month.
“Back home, there has been a flurry of activities within the small-cap space following a few high-profile share price declines of late. Therefore, we expect the FBM KLCI to trend within the 1,620-1,630 range,” he added.
Among heavyweights, Maybank and IHH Healthcare gained two sen each to RM9.94 and RM8.30, respectively. Tenaga Nasional added eight sen to RM13.28, while Public Bank slipped five sen to RM4.29 and CIMB Group fell two sen to RM7.48.
On the most active list, Borneo Oil remained unchanged at half-a-sen, MMAG eased half-a-sen to 10 sen, NexG dropped one sen to 29 sen, V.S Industry inched down 1.5 sen to 45 sen, while Dagang Nexchange advanced half-a-sen to 32 sen.
Besides Tenaga Nasional, other top gainers included Petronas Gas, up 14 sen to RM18.84; Vitrox, 10 sen higher at RM4.61; Hong Leong Bank edged up six sen to RM21.02, and Sunway rose five sen to RM5.44.
Top losers included Nestle, which tumbled RM2.80 to RM113.20, Malaysian Pacific Industries fell 32 sen to RM30.12, Time Dotcom slipped 18 sen to RM4.87, Petronas Chemicals, and United Plantations erased six sen each to RM3.69 and RM25.40, respectively.
On the index board, the FBMT 100 Index increased 1.62 points to 11,808.77, and the FBM Emas Index edged up 1.67 points to 12,050.59.
The FBM Emas Shariah Index advanced 15.07 points to 12,064.68, the FBM ACE Index inched up 3.34 points to 5,080.29, while the FBM Mid 70 Index decreased 2.21 points to 16,927.16.
By sector, the Plantation Index climbed 5.26 points to 8,056.60, the Industrial Products and Services Index bagged 0.01 of a point to 168.85, while the Financial Services Index shed 26.13 points to 18,397.66, and the Energy Index eased 2.22 points to 759.61.
Stay current - Follow FMT on WhatsApp, Google news and Telegram
Subscribe to our newsletter and get news delivered to your mailbox.
Registration on or use of this site constitutes acceptance of our Terms of Service, Privacy Policy and Cookies Policy.
Copyright © 2009 -2025FMT Media Sdn Bhd (1235453-U) All Rights Reserved. A part of Media Prima Group."
https://www.freemalaysiatoday.com/category/business/2025/11/06/nexperia-says-payment-dispute-led-to-supply-break-with-china,Nexperia says payment dispute led to supply break with China,2025-11-06,"The Dutch company, owned by Chinese firm Wingtech Technology Co, supplies power-control chips used by automakers from BMW AG to Volkswagen AG.
It notified customers on Oct 29 that it was halting the direct supply of wafers to its assembly plant in China, which accounts for about half of its pre-crisis volumes.
“Nissan Motor Co today warned that the supply of Nexperia components remained fluid,” CFO Jeremie Papin said during an earnings briefing.
He estimated the Japanese carmaker’s risk at ¥25 billion (€160 million).
Amid a dispute with the government in Beijing, Nexperia said its entities in China had stopped operating in accordance with company policy and were ignoring instructions from central management, according to a statement late yesterday.
“We cannot oversee if and when products from our facility in China will be delivered,” Nexperia said.
Because of “the missing transparency and oversight over the manufacturing processes,” the company said it couldn’t guarantee the quality or authenticity of its chips delivered from China after Oct 13.
The payment dispute raises questions over the financial impact on the Nijmegen-based manufacturer as the crisis continues to drag on.
The Dutch government triggered a dispute with Beijing by assuming veto powers over Nexperia in late September over concerns Wingtech was hobbling the chipmaker and threatening the supply of vital components.
The Netherlands cited actions by Wingtech founder Zhang Xuezheng that represented a “misuse of financial resources for the CEO’s self-enrichment as well as his other companies in China”.
Wingtech has denied those claims and demanded that Zhang get reinstated as Nexperia’s CEO after he was suspended by an Amsterdam court on Oct 7 after a petition by management.
The intervention gave the Dutch state the right to block or change key decisions including the relocation of company parts or dismissing of executives for as long as a year. Beijing retaliated by imposing restrictions on exports of Nexperia’s products.
While China has announced plans to ease export controls, the financial issues and suspended wafer deliveries to the site show that a resolution isn’t yet in sight.
Yesterday, Nexperia said the China unit’s refusal to pay for the wafers shipped to its factory from European plants is “not an isolated incident”.
It alleged that Nexperia China misappropriated seals to authenticate corporate documents and sent unauthorised letters with false information to customers, suppliers and employees.
The unit also set up separate bank accounts without authorisation and directed customers to make payments there, according to Nexperia.
Wingtech representatives didn’t immediately respond to requests for comment.
To continue fulfilling as many orders as possible, Nexperia continues to ship wafers to other sites.
The company also has assembly plants in Malaysia and Philippines.
“We are offering alternative supply-chain solutions to mitigate disruption and maintain continuity of delivery as much as possible,” it said, without providing details.
Stay current - Follow FMT on WhatsApp, Google news and Telegram
Subscribe to our newsletter and get news delivered to your mailbox.
Registration on or use of this site constitutes acceptance of our Terms of Service, Privacy Policy and Cookies Policy.
Copyright © 2009 -2025FMT Media Sdn Bhd (1235453-U) All Rights Reserved. A part of Media Prima Group."
https://www.freemalaysiatoday.com/category/business/2025/11/06/petronas-inks-new-offshore-deals-in-suriname,Petronas inks new offshore deals in Suriname,2025-11-06,"The national oil and gas company said the agreements were signed with Staatsolie Maatschappij Suriname NV (Staatsolie), Paradise Oil Company NV (POC), and consortium partners Chevron Suriname Exploration Ltd (Chevron) and QatarEnergy International E&P LLC (QatarEnergy).
“The PSCs were awarded as part of the Suriname Post Shallow Offshore 2 Bid Round 2024-2025, following the consortium’s successful bid,” it said in a statement today.
Petronas said that the PSCs marked a significant milestone in its continued expansion in the Suriname-Guyana Basin, which is recognised globally for its hydrocarbon potential.
It said Blocks 9 and 10 cover a combined area of about 5,456 sq km and are strategically located between proven deepwater discoveries and onshore producing fields.
Under the agreements, Petronas holds a 30% participating interest and serves as operator for Block 9, while Chevron and QatarEnergy each hold 20%, and POC 30%.
For Block 10, Petronas holds a 30% stake, Chevron is the operator with another 30%, QatarEnergy holds 30%, and POC 10%.
The signing ceremony in Paramaribo, Suriname, was attended by representatives from all participating companies, including PSEPBV country chair Danny Tan, Staatsolie managing director Annand Jagesar, Chevron’s frontier exploration director Andrew Deighan, QatarEnergy’s international upstream and exploration manager Ali Al-Mana, and POC director Rekha Bissumbhar.
“Petronas is focused on growing our presence in Suriname, and we thank Staatsolie and the government of the Republic of Suriname for their continued support,” said Petronas vice-president of exploration Faisal Bakar.
Building on Petronas’s recent success and growth aspirations in the country, he said that the company is preparing for upcoming exploration activities.
“The expansion into Blocks 9 and 10 reflects our confidence in Suriname’s offshore potential and our commitment to creating sustainable value for the nation and its people,” he added.
Petronas said the new PSCs also include provisions for local workforce participation and social investment, in line with Suriname’s national development goals.
“With the addition of Blocks 9 and 10, along with the recent signing of Block 66 in June 2025, Petronas now holds interests in eight offshore blocks in Suriname, strengthening its footprint in the country’s offshore exploration landscape and its position as a global energy player,” it added.
Stay current - Follow FMT on WhatsApp, Google news and Telegram
Subscribe to our newsletter and get news delivered to your mailbox.
Registration on or use of this site constitutes acceptance of our Terms of Service, Privacy Policy and Cookies Policy.
Copyright © 2009 -2025FMT Media Sdn Bhd (1235453-U) All Rights Reserved. A part of Media Prima Group."
https://www.freemalaysiatoday.com/category/business/2025/11/06/ringgit-holds-at-4-18-level-on-steady-2-75-opr,Ringgit holds at 4.18 level on steady 2.75% OPR,2025-11-06,"Bank Muamalat Malaysia Bhd chief economist Afzanizam Abdul Rashid said MPC’s decision to keep the OPR steady at 2.75% appears to be ringgit-positive.
“It appears that BNM is likely to maintain the current stance in the foreseeable future as the inflation rate is expected to remain moderate,” he told Bernama.
Meanwhile, IPPFA Sdn Bhd director of investment strategy and country economist Sedek Jantan said BNM’s decision to maintain the OPR reinforces policy stability and reflects confidence in the resilience of domestic demand amid contained inflation pressures.
“This steady policy stance helps anchor rate expectations and supports currency stability at a time when external conditions remain fluid,” he said.
Sedek noted that the ringgit closed stronger against the US dollar in line with a broader appreciation across most Asian currencies.
“We find that the US dollar rally has started to look increasingly tired, with positioning now more susceptible to pullbacks as investors reassess the sustainability of its earlier momentum,” he said.
At 6pm, the ringgit climbed 70 percentage-in-points (pip) to 4.1820/4.1845 against the US dollar, up from yesterday’s close of 4.1890/4.1925.
At the close, the ringgit traded mostly lower against most major currencies.
It rose against the Japanese yen to 2.7202/2.7220 from 2.7254/2.7279 at yesterday’s close, shed against the British pound to 5.4696/5.4729 from 5.4612/5.4658 and was down versus the euro to 4.8143/4.8172 from 4.8106/4.8147 previously.
The local note traded mostly higher against Asean currencies.
It strengthened against the Singapore dollar to 3.2034/3.2055 from 3.2055/3.2085 at yesterday’s close, went up against the Indonesian rupiah to 250.3/250.6 from 250.5/250.9 and climbed against the Philippine peso to 7.09/7.10 from 7.12/7.13 previously.
However, the ringgit dwindled vis-a-vis the Thai baht to 12.9178/12.9311 from 12.8730/12.8893 yesterday.
Stay current - Follow FMT on WhatsApp, Google news and Telegram
Subscribe to our newsletter and get news delivered to your mailbox.
Registration on or use of this site constitutes acceptance of our Terms of Service, Privacy Policy and Cookies Policy.
Copyright © 2009 -2025FMT Media Sdn Bhd (1235453-U) All Rights Reserved. A part of Media Prima Group."
https://www.freemalaysiatoday.com/category/business/2025/11/06/ringgit-strengthen-vs-us-dollar-as-market-awaits-opr-decision,Ringgit strengthens vs US dollar as market awaits OPR decision,2025-11-06,"At 8am, the ringgit was 4.1865/4.1985 against the US dollar compared with Wednesday’s close of 4.1890/4.1925.
Bank Muamalat Malaysia Bhd chief economist Afzanizam Rashid said the bank foresees the OPR to be maintained at 2.75% in light of the resilient Malaysian economy, as reflected in the third quarter gross domestic product (GDP), which came in at 5.2%.
“As such, the US dollar-ringgit pair is expected to linger around the RM4.19 level today,” he said.
Azanizam said local market sentiment remains supportive despite the US Dollar Index (DXY) staying at around 100 points amid improving business sentiment in the services sector as well as rising job creation in the private sector.
“The United States economic indicators posted encouraging figures. Nevertheless, issues surrounding the government shutdown and tariffs are weighing on business sentiment as government service delivery are being interrupted along with increasing business costs due to higher import tariffs,” he said.
At the opening, the ringgit traded slightly easier against major currencies except against the Japanese yen.
It was marginally lower against the British pound at 5.4642/5.4799 from 5.4612/5.4658 at Wednesday’s close, easier versus the euro at 4.8124/4.8262 compared with 4.8106/4.8147, but was up against the yen at 2.7116/2.7245 from 2.7254/2.7279 previously.
The local note also traded higher against Asean currencies.
It strengthened further against the Singapore dollar to 3.2039/3.2133 from 3.2055/3.2085 at yesterday’s close, and rose against the Philippine peso to 7.11/7.14 from 7.12/7.13 previously.
It fell vis-a-vis the Thai baht to 12.8776/12.9244 from 12.8730/12.8893 and was flat against the Indonesian rupiah at 250.4/251.2 as compared with 250.5/250.9 yesterday.
Stay current - Follow FMT on WhatsApp, Google news and Telegram
Subscribe to our newsletter and get news delivered to your mailbox.
Registration on or use of this site constitutes acceptance of our Terms of Service, Privacy Policy and Cookies Policy.
Copyright © 2009 -2025FMT Media Sdn Bhd (1235453-U) All Rights Reserved. A part of Media Prima Group."
https://www.freemalaysiatoday.com/category/business/2025/11/07/bursa-ends-week-almost-flat-outperforms-regional-peers,"Bursa ends week almost flat, outperforms regional peers",2025-11-07,"IPPFA Sdn Bhd director of investment strategy and country economist Sedek Jantan said Malaysia’s relatively lower exposure to technology counters helped cushion the FTSE Bursa Malaysia KLCI (FBM KLCI) from broader regional weakness.
He said consumer products and services counters led the gains, supported by Bank Negara Malaysia’s decision to maintain the overnight policy rate at 2.75%, with banking counters also continuing a steady uptrend reflecting investor confidence in stable domestic monetary conditions.
“While global market volatility has generally increased, the FBM KLCI’s volatility remains relatively contained.
“Volatility remains elevated heading into the US jobs report, as traders stay cautious after yesterday’s sell-off in technology and risk assets,” he told Bernama.
Sedek also said market sentiment remains defensive as a stronger-than-expected US payroll print could dampen interest rate cut expectations and extend volatility, while a softer reading may trigger relief across equities and bonds.
At 5pm, the FBM KLCI inched up 0.19 of-a-point, or 0.01%, to 1,619.13 from yesterday’s close of 1,618.94.
The benchmark index opened 1.31 points lower at 1,617.63, and moved within a narrow range between 1,616.50 and 1,621.19 throughout the trading session.
However, the broader market was negative, with 639 losers beating 402 gainers, while 618 counters were unchanged, 1,002 untraded, and 11 suspended.
Turnover fell to 3.53 billion units worth RM2.35 billion compared with 3.96 billion units worth RM2.52 billion yesterday.
Among heavyweights, Maybank dipped 1 sen to RM9.91, while Public Bank gained 1 sen to RM4.27, CIMB Group added 3 sen to RM7.53, Tenaga Nasional perked up 2 sen to RM13.22, and IHH Healthcare was 6 sen higher at RM8.28.
On the most active list, MMAG slipped 1 sen to 8.5 sen, Pharmaniaga climbed 3 sen to 26.5 sen, Perak Transit edged up 2.5 sen to 29 sen, while Pertama Digital erased 6 sen to 5 sen, and NexG Bina eased 0.5 sen to 3.5 sen.
Among the top gainers, Kuala Lumpur Kepong garnered 30 sen to RM21.08, Dutch Lady Milk bagged 18 sen to RM26.96, FCW Holdings rose 15 sen to RM1.90, and both Westports and QL Resources increased 11 sen to RM5.42 and RM4.23, respectively.
As for the top losers, Nestle lost 40 sen to RM112.40, MISC shed 14 sen to RM7.65 and Time Dotcom sank 13 sen to RM4.87. Kerjaya Prospek and Ajinomoto dipped 12 sen each to RM2.58 and RM13.60, respectively.
On the index board, the FBMT 100 Index slid 1.72 points to 11,793.48 and the FBM Emas Index slipped 3.82 points to 12,034.07.
The FBM Emas Shariah Index shed 8.87 points to 12,048.33, the FBM ACE Index declined 32.72 points to 5,050.73, and the FBM Mid 70 Index lost 15.90 points to 16,926.84.
Sector-wise, the plantation index garnered 45.55 points to 8,103.08, while the financial services index eased 0.63 of-a-point to 18,337.24, the energy index slipped 1.40 points to 766.46, and the industrial products and services index fell 0.56 of-a-point to 168.40.
The Main Market volume dipped to 1.51 billion units valued at RM1.93 billion from 1.52 billion units valued at RM2.05 billion yesterday.
Warrants turnover declined to 1.49 billion units worth RM283.58 million compared with 1.99 billion units worth RM341.15 million previously.
However, the ACE Market volume expanded to 527.09 million units valued at RM135.70 million from 445.35 million units valued at RM129.49 million yesterday.
Consumer products and services counters accounted for 412.83 million shares traded on the Main Market, industrial products and services (160.97 million), construction (124.44 million), technology (182.71 million), financial services (52.25 million), property (176.62 million), plantation (35.40 million), real estate investment trusts (22.08 million), closed-end fund (29,400), energy (97.24 million), healthcare (153.46 million), telecommunications and media (28.80 million), transportation and logistics (34.30 million), utilities (27.42 million), and business trusts (9,000).
Stay current - Follow FMT on WhatsApp, Google news and Telegram
Subscribe to our newsletter and get news delivered to your mailbox.
Registration on or use of this site constitutes acceptance of our Terms of Service, Privacy Policy and Cookies Policy.
Copyright © 2009 -2025FMT Media Sdn Bhd (1235453-U) All Rights Reserved. A part of Media Prima Group."
https://www.freemalaysiatoday.com/category/business/2025/11/07/bursa-slips-in-early-trade-amid-regional-mixed-markets,Bursa slips in early trade amid regional mixed markets,2025-11-07,"At 9.10am, the FTSE Bursa Malaysia KLCI (FBM KLCI) inched down 0.98 of a point, or 0.06%, to 1,617.96 from yesterday’s close of 1,618.94, after opening 1.31 points lower at 1,617.63.
Market breadth was negative, with decliners outnumbering gainers 274 to 72. There were 313 counters unchanged, 2,002 untraded, and 10 suspended.
Turnover stood at 167.54 million shares valued at RM63.68 million.
Rakuten Trade Sdn Bhd vice-president of equity research, Thong Pak Leng, said Wall Street tumbled overnight as concerns over a valuation bubble in artificial intelligence (AI)-related stocks intensified.
He added market sentiment was further dampened by the US labour market, which saw a significant number of layoffs in October, while the 10-year Treasury yield eased to 4.09%.
“Back home, we expect buying activity to return, with the FBM KLCI likely to trend within the 1,620-1,630 range today,” he told Bernama.
Among heavyweights, Maybank dipped one sen to RM9.91, CIMB Group lost two sen to RM7.48, and Public Bank was flat at RM4.26. Tenaga Nasional gained four sen to RM13.24, while IHH Healthcare added three sen to RM8.25.
On the most active list, MMAG slipped 1.5 sen to eight sen, Pertama Digital fell 7.5 sen to 3.5 sen, and Perak Transit eased 0.5 sen to 26 sen. Pharmaniaga rose 0.5 sen to 24 sen, while TWL remained unchanged at 2.5 sen.
Other top gainers included Apex Healthcare and Hong Leong Financial, up four sen each to RM2.62 and RM17.20, respectively, with Westports three sen higher at RM5.34.
Top losers included United Plantations, down 32 sen to RM25.26, Petronas Dagangan, off 24 sen to RM22.30, Malaysian Pacific Industries, down 16 sen to RM30.04, Time Dotcom, down 11 sen to RM4.89, and Nestle, down 10 sen to RM112.70.
On the index board, the FBMT 100 Index fell 16.82 points to 11,778.38, while the FBM Emas Index edged down 19.79 points to 12,018.10.
The FBM Emas Shariah Index dropped 21.77 points to 12,035.43, the FBM ACE Index declined 29.48 points to 5,053.97, and the FBM Mid 70 Index lost 66.27 points to 16,876.47.
By sector, the Plantation Index fell 7.14 points to 8,050.39, the Industrial Products and Services Index eased 0.97 of a point to 167.99, the Financial Services Index lost 12.19 points to 18,325.68, and the Energy Index declined 2.23 points to 765.63.
Stay current - Follow FMT on WhatsApp, Google news and Telegram
Subscribe to our newsletter and get news delivered to your mailbox.
Registration on or use of this site constitutes acceptance of our Terms of Service, Privacy Policy and Cookies Policy.
Copyright © 2009 -2025FMT Media Sdn Bhd (1235453-U) All Rights Reserved. A part of Media Prima Group."
https://www.freemalaysiatoday.com/category/business/2025/11/07/ringgit-closes-at-rm4-17-its-strongest-level-this-year,"Ringgit closes at RM4.17 vs US dollar, its strongest level this year",2025-11-07,"The local currency also strengthened to more than a one-year high, surpassing the 4.1730/4.1790 level seen on Oct 2 last year.
According to the statistics department, the industrial production index expanded by 5.7% in September 2025 after a growth of 4.8% in the previous month, while manufacturing sector sales reached RM500.1 billion in the third quarter of 2025, reflecting a growth of 3.5% compared to 3.4% in the second quarter of 2025.
IPPFA Sdn Bhd director of investment strategy and country economist Sedek Jantan told Bernama that the ringgit remained resilient, backed by strong macroeconomic backdrops and steady policy decisions after Bank Negara Malaysia maintained the OPR at 2.75% during its final monetary policy committee meeting for the year yesterday.
He said he is maintaining his year-end forecast at RM4.15 to the US dollar, underpinned by moderating US yields, improving risk sentiment and Malaysia’s robust external position.
Meanwhile, Bank Muamalat Malaysia Bhd chief economist Afzanizam Rashid said weak US economic data points, especially on the US labour market, had led traders and investors to believe that the possibility of an interest rate cut by the US Federal Reserve in December is still intact.
“US data showed more than 150,000 job cuts in October, the largest reduction in 20 years. Hence, the case for an interest rate cut is building for the December meeting,” he said.
At 6pm, the ringgit increased 85 percentage-in-points (pip) to 4.1735/4.1775 versus the greenback, up from yesterday’s close of 4.1820/4.1845.
At the close, the ringgit traded mostly higher against a basket of major currencies.
It firmed versus the yen to 2.7192/2.7220 from 2.7202/2.7220 at yesterday’s close and climbed against the British pound to 5.4660/5.4713 from 5.4696/5.4729 yesterday. However, it slipped vis-a-vis the euro to 4.8154/4.8200 from 4.8143/4.8172 previously.
The local currency was traded higher against Asean currencies.
It strengthened against the Singapore dollar to 3.2015/3.2048 from 3.2034/3.2055 at yesterday’s close and went up against the Indonesian rupiah to 250/250.4 from 250.3/250.6 previously.
The ringgit also climbed against the Philippine peso to 7.07/7.08 from 7.09/7.10 yesterday and increased vis-a-vis the Thai baht to 12.8999/12.9174 from 12.9178/12.9311.
Stay current - Follow FMT on WhatsApp, Google news and Telegram
Subscribe to our newsletter and get news delivered to your mailbox.
Registration on or use of this site constitutes acceptance of our Terms of Service, Privacy Policy and Cookies Policy.
Copyright © 2009 -2025FMT Media Sdn Bhd (1235453-U) All Rights Reserved. A part of Media Prima Group."
https://www.freemalaysiatoday.com/category/business/2025/11/07/ringgit-rises-near-1-year-high-vs-us-dollar-after-bnm-holds-opr,Ringgit rises near 1-year high vs US dollar after BNM holds OPR,2025-11-07,"BNM yesterday maintained the OPR at its final Monetary Policy Committee (MPC) meeting of 2025.
At 8am, the ringgit was traded at 4.1760/4.1865 against the US dollar compared with yesterday’s close of 4.1820/4.1845.
The local currency neared its previous high, last seen on Oct 2 last year, when it stood at 4.1730/4.1790.
Bank Muamalat Malaysia Bhd chief economist Afzanizam Rashid said that with BNM standing pat on the OPR, the prospect of lower interest rates in the US would gradually make ringgit-denominated assets more attractive as interest rate differentials narrow.
“As such, we expect the ringgit to trade between 4.17 and 4.19 today,” he told Bernama.
On the greenback, he said the US Dollar Index (DXY) had fallen below the 100-point level to 99.720 as the labour market showed further weakness.
“As the government shutdown remains in force, traders and investors have relied on private-sector data to gauge labour market conditions.
“US data showed more than 150,000 job cuts in October, the largest reduction in 20 years. Hence, the case for an interest rate cut is building for the December meeting,” he said.
Meanwhile, IPPFA Sdn Bhd director of investment strategy and country economist Sedek Jantan said the recent upward run in the US dollar appeared to be fading, with the ringgit opening on a firmer footing against the greenback, Thai baht and Singapore dollar.
“Market attention has rotated back to the US fiscal outlook, coinciding with a broad sell-off in US treasuries and steadier performance in global equity indices,” he said.
He added that fiscal pressures remain a persistent theme in the United States, although alternative data still suggest the economy has not shifted into a sharp slowdown.
“While we continue to view December as the likeliest timing for a Federal Reserve rate cut, the path beyond that remains subject to evolving macro signals,” Sedek said.
He added that the ringgit’s stronger opening reflected both a moderation in the dollar’s momentum and a more constructive tone across regional currencies as markets stabilise.
At the opening, the ringgit was mixed against major currencies.
It slipped against the yen to 2.7305/2.7375 from 2.7202/2.7220 at Thursday’s close, weakened against the British pound to 5.4864/5.5002 from 5.4696/5.4729, and eased versus the euro to 4.8220/4.8342 from 4.8143/4.8172 previously.
However, the local note was stronger against Asean currencies.
It strengthened against the Singapore dollar to 3.2017/3.2103 from 3.2034/3.2055 at Thursday’s close, rose against the Indonesian rupiah to 250.0/250.7 from 250.3/250.6, and climbed against the Philippine peso to 7.08/7.10 from 7.09/7.10 previously.
The ringgit also improved against the Thai baht to 12.8829/12.9285 from 12.9178/12.9311 yesterday.
Stay current - Follow FMT on WhatsApp, Google news and Telegram
Subscribe to our newsletter and get news delivered to your mailbox.
Registration on or use of this site constitutes acceptance of our Terms of Service, Privacy Policy and Cookies Policy.
Copyright © 2009 -2025FMT Media Sdn Bhd (1235453-U) All Rights Reserved. A part of Media Prima Group."
https://www.freemalaysiatoday.com/category/business/2025/11/07/ringgit-rises-to-13-month-high-on-rate-growth-outlook,"Ringgit rises to 13-month high on rate, growth outlook",2025-11-07,"The currency rose as much as 0.3% to RM4.1720 today, the highest since October 2024, on fading expectations for a central bank interest-rate cut and by renewed optimism over growth.
It has rallied over 7% this year, catapulting it to the top rankings in the region.
“Ringgit now remains on course to top Asia for the second year running,” said Stephen Chiu, chief Asia foreign-exchange and rates strategist at Bloomberg Intelligence in Hong Kong.
“The ringgit has also been supported by fiscal discipline and political stability,” he added.
Malaysia’s currency has been gaining ground not just against the dollar but also its regional peers.
The ringgit climbed to the highest since September 2022 versus the Singapore dollar, and marked a fresh record high against the Indonesian rupiah.
The improving external demand may provide a further boost to Malaysia’s economy, which recorded its fastest pace of growth in a year last quarter.
China and the US – Malaysia’s largest export partners – extended their tariff truce last week after weeks of threats.
“Unlike Asia’s high yielders which face respective political risks and tend to underperform during dollar weakness, and the Northeast Asian currencies which tend to underperform during dollar rise and risk off, ringgit sits in the sweet spot and remains stable throughout the year,” Chiu said.
Malaysia’s foreign-exchange market has also become more liquid this year.
Daily trading volume for all currencies traded in the onshore market, which is dominated by ringgit trading, has surged to about US$20 billion this year, according to data from Bank Negara Malaysia (BNM).
That is more than 40% higher compared to the mean daily volume from 2020 to 2024.
Regional strength
The Singapore dollar-ringgit currency pair is in focus as both economies have tight trading ties and share one of the busiest land borders in the world.
The island-state’s dollar has been weakening after the Monetary Authority of Singapore, which uses the exchange rate as its main policy tool rather than interest rates, eased policy in both January and April.
Meanwhile, the rupiah has been weighed down by fiscal deficit concerns, foreign bond outflows and Bank Indonesia rate cuts.
The ringgit has also been supported by US$1 billion of foreign bond inflows in October, following a US$1.7 billion outflow in September.
BNM kept interest rates unchanged as expected yesterday.
Ringgit swaps are pricing for rates to be held over the next 12 months.
Stay current - Follow FMT on WhatsApp, Google news and Telegram
Subscribe to our newsletter and get news delivered to your mailbox.
Registration on or use of this site constitutes acceptance of our Terms of Service, Privacy Policy and Cookies Policy.
Copyright © 2009 -2025FMT Media Sdn Bhd (1235453-U) All Rights Reserved. A part of Media Prima Group."
https://www.freemalaysiatoday.com/category/business/2025/11/10/bursa-ends-higher-as-strong-economic-data-lifts-investor-confidence,Bursa ends higher as strong economic data lifts investor confidence,2025-11-10,"IPPFA Sdn Bhd director of investment strategy and country economist Sedek Jantan said the benchmark FTSE Bursa Malaysia KLCI (FBM KLCI) advanced as sentiment turned more constructive, reflecting optimism over the nation’s resilient labour market, firming ringgit, and a steadier global risk environment.
Sedek noted that the latest labour force data from the department of statistics Malaysia reaffirmed the strength of domestic fundamentals, and this continued expansion underscores a sustained recovery in household demand and highlights the labour market’s pivotal role in anchoring Malaysia’s broader economic resilience as the year draws to a close.
He said investor sentiment was further lifted by the ringgit’s appreciation, underpinned by stable macroeconomic indicators and stronger portfolio inflows.
“Overall, today’s market performance highlights the interplay between resilient domestic fundamentals and improving global macro signals. Malaysia’s equity market appears well-positioned to sustain its upward momentum into the final quarter of 2025,” he told Bernama.
Asian equities rallied today boosted by hopes for a deal that would end the US government shutdown. According to reports, the US Senate passed the first stage of a deal late Sunday night that would end the shutdown which began on Oct 1.
At 5pm, the FBM KLCI increased 8.25 points, or 0.51%, to 1,627.38 from Friday’s close of 1,619.13.
The benchmark index opened 2.40 points firmer at 1,621.53, and moved within a narrow range between 1,620.49 and 1,633.52 throughout the trading session.
The broader market was positive, with 601 gainers leading 470 losers, while 585 counters were unchanged, 1,004 untraded, and nine suspended.
Turnover rose to 3.92 billion units worth RM2.28 billion compared with 3.53 billion units worth RM2.35 billion last Friday.
Among heavyweights, Maybank rose 3 sen to RM9.94, Public Bank was unchanged at RM4.27, CIMB was 5 sen firmer at RM7.58, Tenaga Nasional increased 12 sen to RM13.34, while IHH Healthcare dipped 6 sen to RM8.22.
On the most active list, MMAG rose 1 sen to 9.5 sen, Perak Transit gained 0.5 sen to 29.5 sen, Pharmaniaga fell 0.5 sen to 26 sen, while both Zen Tech and EA Holdings were flat at 0.5 sen, respectively.
Among the top gainers, Fraser & Neave increased RM1.16 to RM28.76, Malaysian Pacific Industries added RM1.02 to RM31.10, Kuala Lumpur Kepong firmed 4 sen to RM21.12, and Hong Leong Industries garnered 32 sen to RM15.06.
As for the top losers, Nestle decreased 40 sen to RM112.0, UMS Integration fell 10 sen to RM4.76, United Plantations slipped 20 sen to RM25.38, and PIE Industries was 16 sen weaker at RM2.73.
On the index board, the FBMT 100 Index increased 49.14 points to 11,842.62, the FBM Emas Index advanced 50.51 points to 12,084.58, and the FBM Emas Shariah Index climbed 63.09 points to 12,111.42.
The FBM ACE Index garnered 50.12 points to 5,100.85 and the FBM Mid 70 Index perked up 22.88 points to 16,949.72.
Sector-wise, the plantation index put on 17.24 points to 8,120.32, the financial services index jumped 74.99 points to 18,412.23, and the industrial products and services index climbed 0.48 of-a-point to 168.88, but the energy index slipped 5.76 points to 760.70.
The Main Market volume dipped to 1.29 billion units valued at RM1.77 billion from 1.51 billion units valued at RM1.93 billion last Friday.
Warrants turnover expanded to 1.88 billion units worth RM347.0 million compared with 1.49 billion units worth RM283.58 million previously.
However, the ACE Market volume surged to 821.51 million units valued at RM172.37 million from 527.09 million units valued at RM135.70 million on Friday.
Consumer products and services counters accounted for 296.04 million shares traded on the Main Market, industrial products and services (206.64 million), construction (72.90 million), technology (208.20 million), financial services (37.43 million), property (160.75 million), plantation (30.23 million), real estate investment trusts (17.28 million), closed-end fund (20,200), energy (69.60 million), healthcare (91.97 million), telecommunications and media (46.82 million), transportation and logistics (43.10 million), utilities (15.78 million), and business trusts (431,600).
Stay current - Follow FMT on WhatsApp, Google news and Telegram
Subscribe to our newsletter and get news delivered to your mailbox.
Registration on or use of this site constitutes acceptance of our Terms of Service, Privacy Policy and Cookies Policy.
Copyright © 2009 -2025FMT Media Sdn Bhd (1235453-U) All Rights Reserved. A part of Media Prima Group."
https://www.freemalaysiatoday.com/category/business/2025/11/10/bursa-opens-higher-on-buying-support,Bursa opens higher on buying support,2025-11-10,"Rakuten Trade Sdn Bhd vice-president of equity research Thong Pak Leng noted that Wall Street ended mixed as selling on AI-related stocks continued.
“As market sentiment remains cautious, we expect the ongoing strength of the ringgit to entice some inflow of funds into the domestic market.
“We anticipate the index to hover within the 1,620-1,635 range today,” he told Bernama.
At 9.15am, the FTSE Bursa Malaysia KLCI (FBM KLCI) rose 2.47 points or 0.15% to 1,621.60 from Friday’s close of 1,619.13, after opening 2.40 points firmer at 1,621.53.
Market breadth was positive, with gainers leading losers 264 to 215 and 383 counters unchanged.
On the most active list, Perak Transit rose 1.5 sen to 30.5 sen, Genting Malaysia and Tanco were flat at RM2.34 and 91 sen respectively.
Genetec Technology added 4.5 sen to 47.5 sen and Dufu Technology was 6 sen firmer at RM2.07.
Other top gainers included Fraser & Neave  which increased 90 sen to RM28.50, Malaysian Pacific Industries gained 30 sen to RM30.38, Hong Leong Bank inched up 18 sen to RM20.92, and Petronas Dagangan strengthened 14 sen to RM22.60.
Top losers included Chin Teck Plantations which fell 28 sen to RM10.60, PIE Industrial decreased 20 sen to RM2.69, United Plantations slipped 14 sen to RM25.44 and UMS was 10 sen weaker at RM4.76.
On the index board, the FBMT 100 Index fell 16.82 points to 11,778.38, while the FBM Emas Index edged down 19.79 points to 12,018.10.
The FBM Emas Shariah Index firmed 41.23 points to 12,089.56, the FBM ACE Index improved 35.75 points to 5,086.48, and the FBM Mid 70 Index garnered 43.95 points to 16,970.79.
By sector, the plantation index increased 24.25 points to 8,127.33, the industrial products and services index edged up 0.07 of a point to 168.47, the financial services index expanded 59.94 points to 18,397.18, while the energy index declined 1.38 points to 765.08.
Stay current - Follow FMT on WhatsApp, Google news and Telegram
Subscribe to our newsletter and get news delivered to your mailbox.
Registration on or use of this site constitutes acceptance of our Terms of Service, Privacy Policy and Cookies Policy.
Copyright © 2009 -2025FMT Media Sdn Bhd (1235453-U) All Rights Reserved. A part of Media Prima Group."
https://www.freemalaysiatoday.com/category/business/2025/11/10/chinese-businesswoman-faces-jail-after-huge-uk-crypto-seizure,Chinese businesswoman faces jail after huge UK crypto seizure,2025-11-10,"The 47-year-old, who used the alias Yadi Zhang, defrauded more than 128,000 victims through a scheme in China from 2014-2017 and stored the illegally obtained funds in Bitcoin assets.
Qian played a leading role in the scam.
After fleeing China in 2018 using false documents, she came to the UK where she attempted to launder the proceeds, according to police and prosecutors.
She faces up to 14 years in prison.
The Chinese national, who pleaded guilty to acquiring and possessing criminal property on Sept 29, will be sentenced after a two-day hearing on Monday and Tuesday at London’s Southwark Crown Court.
A Malaysian accomplice, Seng Hok Ling, also 47, admitted to money laundering at the same court earlier and is also due to be sentenced.
Another accomplice, Jian Wen, was jailed for six years and eight months over her role in the scheme last year after being found with Bitcoin wallets worth over US$2 billion.
Qian is believed to have coordinated a Ponzi scheme, which pays out to investors using funds from new entrants.
After converting a large portion of her victims’ money into Bitcoin, she set about laundering the funds in the UK through property purchases including a £23-million (US$30-million) London mansion.
Huge losses
Police surveillance of Qian’s co-defendant Ling led to her arrest in April 2024, and cash, gold and cryptocurrencies totalling £11 million were seized.
Before the arrest, London police made what they believe to be the largest cryptocurrency seizure in history: more than 61,000 Bitcoins, worth over US$6 billion at current rates.
William Glover of law firm Fieldfisher told AFP the case was “possibly the largest legal case of its kind in terms of value involving an individual and not a corporate”.
Some of his clients had suffered enormous personal losses that had affected their lives, marriages and families, he said.
According to Jackson Ng of Duan & Duan, who is representing other investors, the defendant organised public events while claiming to have government support.
“People who were not seasoned investors and were not “going to check everything” were drawn in and exploited,” he said.
One Chinese couple, office workers in their 40s, lost hundreds of thousands of dollars they had saved for their retirement and their daughter, after attending a presentation in 2016.
“The promised return on their investment stopped being paid out in 2017. Their daughter has now broken off all contact with them,” Ng said.
Fuelled by growing interest, Bitcoin, which was trading at around US$3,600 at the end of 2018, is currently hovering around US$100,000.
Details of a compensation scheme proposed by the British authorities are still being thrashed out in London’s High Court in civil proceedings.
Around 1,300 alleged victims have come forward, according to sources close to the case.
Stay current - Follow FMT on WhatsApp, Google news and Telegram
Subscribe to our newsletter and get news delivered to your mailbox.
Registration on or use of this site constitutes acceptance of our Terms of Service, Privacy Policy and Cookies Policy.
Copyright © 2009 -2025FMT Media Sdn Bhd (1235453-U) All Rights Reserved. A part of Media Prima Group."
https://www.freemalaysiatoday.com/category/business/2025/11/10/ringgit-appreciates-to-strongest-level-since-october-2024,Ringgit appreciates to strongest level since October 2024,2025-11-10,"Bank Muamalat Malaysia Bhd chief economist Afzanizam Rashid said the ringgit’s appreciation was in tandem with the broader strength of regional currencies, supported by improving market sentiment.
“The possible end to the US government shutdown has boosted optimism among investors, with expectations that economic activities in the US will resume. Additionally, key data such as labour market indicators will soon be released.
“These developments are likely to strengthen the case for a Federal Reserve interest rate cut in December, which would further support emerging market currencies, including the ringgit,” he told Bernama.
At the close, the ringgit traded mostly higher against a basket of major currencies.
At 6pm, the ringgit appreciated by 0.4% to 4.1555/4.1635 against the US dollar from Friday’s close of 4.1735/4.1775, marking its strongest level in 13 months, last seen at 4.1625 on Oct 2, 2024.
It firmed versus the yen to 2.6954/2.7008 from 2.7192/2.7220 at the close last Friday, and climbed against the euro to 4.8071/4.8163 from 4.8154/4.8200 last week, but depreciated against the British pound to 5.4736/5.4842 from 5.4660/5.4713 previously.
At the same time, the local currency was traded higher against Asean currencies.
It strengthened versus the Singapore dollar to 3.1899/3.1963 from 3.2015/3.2048 last Friday, went up against the Indonesian rupiah to 249.4/250.1 from 250.0/250.4 last week, climbed against the Philippine peso to 7.05/7.06 from 7.07/7.08 previously, and increased vis-a-vis the Thai baht to 12.8367/12.8670 from 12.8999/12.9174 last week.
Stay current - Follow FMT on WhatsApp, Google news and Telegram
Subscribe to our newsletter and get news delivered to your mailbox.
Registration on or use of this site constitutes acceptance of our Terms of Service, Privacy Policy and Cookies Policy.
Copyright © 2009 -2025FMT Media Sdn Bhd (1235453-U) All Rights Reserved. A part of Media Prima Group."
https://www.freemalaysiatoday.com/category/business/2025/11/10/ringgit-surges-to-touch-rm4-16-level-at-opening-versus-greenback,Ringgit surges to touch RM4.16 level at opening versus greenback,2025-11-10,"At 8.09am, the ringgit rose to 4.1670/4.1830 against the US dollar, compared with last Friday’s close of 4.1735/4.1775.
At the closing last week, the local currency strengthened to more than a one-year high, surpassing the 4.1730/4.1790 level seen on Oct 2 last year.
Bank Muamalat Malaysia Bhd chief economist Afzanizam Rashid said the ringgit has performed favourably since last week, appreciating by more than 7% year-to-date and is the best-performing currency in Asia.
“At the same time, the resilience in the Malaysian economy would mean Bank Negara Malaysia (BNM) may want to maintain the prevailing Overnight Policy Rate level, suggesting the gap with the Fed Fund Rate would be reduced further, leading to possible appreciation in the ringgit.
“As such, key data points such as the third quarter 2025 gross domestic product, which will be announced on Friday, would keep the ringgit steady in the near term,” he told Bernama.
Meanwhile, BNM governor Rasheed Ghaffour, in an interview with The Edge, said the global landscape has changed completely from the past.
He said that this year, the ringgit is up 6% against the US dollar and also higher by 2.4% against major trading partner currencies such as the Singapore dollar and Chinese yuan.
“Now that Malaysia operates under a flexible exchange rate system, the ringgit adjusts to global and domestic conditions.
“In recent years, external factors have exerted some pressure on the ringgit but we have also seen our coordinated efforts provide enduring support.
“Ultimately, what matters is maintaining strong fundamentals and sound policies so the ringgit reflects the strength of the economy over time,” he said.
At the opening, the ringgit was mostly higher against a basket of major currencies.
It gained against the yen to 2.7108/2.7214 from 2.7192/2.7220 at last Friday’s close and increased versus the euro to 4.8133/4.8319 from 4.8154/4.8200, however, it weakened against the British pound to 5.4759/5.4969 from 5.4660/5.4713 previously.
The local note was stronger against Asean currencies.
It strengthened against the Singapore dollar to 3.1995/3.2123 from 3.2015/3.2048 at last Friday’s close, rose against the Indonesian rupiah to 249.6/250.7 from 250.0/250.4 and climbed against the Philippine peso to 7.06/7.09 from 7.07/7.08 previously.
The ringgit also improved against the Thai baht to 12.8556/12.9145 from 12.8999/12.9174 on Friday.
Stay current - Follow FMT on WhatsApp, Google news and Telegram
Subscribe to our newsletter and get news delivered to your mailbox.
Registration on or use of this site constitutes acceptance of our Terms of Service, Privacy Policy and Cookies Policy.
Copyright © 2009 -2025FMT Media Sdn Bhd (1235453-U) All Rights Reserved. A part of Media Prima Group."
https://www.freemalaysiatoday.com/category/business/2025/11/11/bursa-extends-gains-for-second-day,Bursa extends gains for second day,2025-11-11,"IPPFA Sdn Bhd director of investment strategy and country economist Sedek Jantan stated that after months of subdued performance, the local equity market appears to be entering a late-year recovery phase.
Over the past ten months, the index had largely remained in negative territory, weighed down by persistent external headwinds.
“If this positive momentum continues, underpinned by a firm ringgit, easing global concerns over an AI-driven market bubble, and improving sentiment following the anticipated resolution of the US shutdown, the FBM KLCI stands a stronger chance of closing the year in positive territory,” he told Bernama.
Concurring with Sedek, Rakuten Trade Sdn Bhd vice-president of equity research Thong Pak Leng said the benchmark index continues its upward trajectory, buoyed by persistent buying amid the positive sentiment across the region.
At 5pm, the FTSE Bursa Malaysia KLCI (FBM KLCI) increased 7.45 points, or 0.46%, to 1,634.83 from yesterday’s close of 1,627.38.
The barometer index opened 4.14 points higher at 1,631.52, and moved between 1,630.77 and 1,642.90 throughout the trading session.
However, the broader market was negative, with 560 losers outnumbering 537 gainers, while 588 counters were unchanged, 989 untraded, and 10 suspended.
Turnover fell to 3.53 billion units worth RM2.85 billion compared with 4 billion units worth RM2.29 billion on Monday.
Among heavyweights, Maybank fell three sen to RM9.91, while Public Bank added three sen to RM4.30, CIMB rose seven sen to RM7.65, Tenaga Nasional gained four sen to RM13.38, and IHH Healthcare was eight sen firmer at RM8.30.
On the most active list, MMAG and TWL fell 0.5 sen to 9.0 sen and 2.5 sen, respectively. Zetrix AI and Pharmaniaga were flat at 85.5 sen and 26 sen, respectively, and IOI Corporation increased by three sen to RM4.10.
Among the top gainers, Fraser & Neave went up RM1.44 to RM30.20, United Plantations rose 42 sen to RM25.80, PJBumi soared 36 sen to RM1.58, and Malaysian Pacific Industries improved 30 sen to RM31.40.
As for the top losers, UMS Integration sank 24 sen to RM4.52, Westports slipped 15 sen to RM5.30, and both Sunway Construction and MISC shed 13 sen to RM5.53 and RM7.74, respectively.
On the index board, the FBMT 100 Index garnered 29.74 points to 11,872.36, the FBM Emas Index advanced 29.72 points to 12,114.31, and the FBM Emas Shariah Index climbed 21.41 points to 12,132.83.
The FBM ACE Index gave up 25.13 points to 5,075.72 and the FBM Mid 70 Index dropped 63.99 points to 16,885.73.
Sector-wise, the plantation index rose 56.08 points to 8,176.40, the financial services index expanded 31.66 points to 18,443.89, while the industrial products and services index eased 0.60 of a point to 168.28, and the energy index slipped 1.36 points to 759.34.
The Main Market volume expanded to 1.55 billion units valued at RM2.49 billion from 1.29 billion units valued at RM1.77 billion on Monday.
Warrants turnover declined to 1.42 billion units worth RM213.42 million compared with 1.88 billion units worth RM347.0 million previously.
The ACE Market volume tumbled to 550.85 million units valued at RM149.32 million from 821.51 million units valued at RM172.37 million yesterday.
Consumer products and services counters accounted for 229.34 million shares traded on the Main Market, industrial products and services (254.46 million), construction (119.87 million), technology (284.61 million), financial services (62.01 million), property (171.31 million), plantation (98.34 million), real estate investment trusts (32.09 million), closed-end fund (12,100), energy (103.10 million), healthcare (78.96 million), telecommunications and media (56.17 million), transportation and logistics (35.14 million), utilities (30.48 million), and business trusts (nil).
Stay current - Follow FMT on WhatsApp, Google news and Telegram
Subscribe to our newsletter and get news delivered to your mailbox.
Registration on or use of this site constitutes acceptance of our Terms of Service, Privacy Policy and Cookies Policy.
Copyright © 2009 -2025FMT Media Sdn Bhd (1235453-U) All Rights Reserved. A part of Media Prima Group."
https://www.freemalaysiatoday.com/category/business/2025/11/11/bursa-rises-on-wall-street-gains-us-shutdown-deal-progress,"Bursa rises on Wall Street gains, US shutdown deal progress",2025-11-11,"At 9.05am, the FTSE Bursa Malaysia KLCI (FBM KLCI) rose 5.33 points to 1,632.71 from yesterday’s close of 1,627.38, after opening 4.14 points firmer at 1,631.52.
Market breadth was positive, with gainers leading losers 312 to 122 and 310 counters unchanged.
Malacca Securities Sdn Bhd said a group of moderate Senate Democrats broke with party leaders on Sunday evening and voted to advance a bill to fund the government until late January, paving the way to end the US government shutdown.
This has resulted in resilient buying interest across Wall Street as investors brushed off risk-off sentiment.
“Following Wall Street’s resilient overnight performance, we expect the KLCI to rebound further. Moreover, we anticipate a spillover effect on local technology stocks, with a key focus on high-momentum stocks,” it said in a note.
Heavyweights, Maybank rose four sen to RM9.98, Public Bank and IHH Healthcare added one sen to RM4.28 and RM8.23, respectively, but Tenaga Nasional fell two sen to RM13.32.
On the most active list, MMAG and Insights were flat at 9.5 sen and 94.5 sen, respectively. Dagang Nexchange and Richtech rose half-a-sen to 32.5 sen and 24.5 sen, respectively, while Genetec was four sen firmer at 52.5 sen.
Among the top gainers are Malaysian Pacific, which increased 56 sen to RM31.66, Fraser & Neave added 46 sen to RM29.22, Petronas Gas rose 28 sen to RM18.78, and Hong Leong Bank inched up 22 sen to RM21.08.
Top losers included MCE, Perusahan Sadur Timah, and SHL fell five sen to RM1.74, RM1.89, and RM2.26, respectively, while Dialog was four sen weaker at RM1.84.
On the index board, the FBMT 100 Index advanced 66.84 points to 11,909.46, while the FBM Emas Index jumped 71.57 points to 12,156.15.
The FBM Emas Shariah Index firmed 74.31 points to 12,185.73, the FBM ACE Index improved 10.16 points to 5,111.01, and the FBM Mid 70 Index garnered 65.79 points to 17,015.51.
By sector, the Plantation Index increased 54.24 points to 8,174.56, the Industrial Products and Services Index edged up 0.53 of a point to 169.41, the Financial Services Index soared 104.69 points to 18,432.83, while the Energy Index declined 0.39 of a point to 760.31.
Stay current - Follow FMT on WhatsApp, Google news and Telegram
Subscribe to our newsletter and get news delivered to your mailbox.
Registration on or use of this site constitutes acceptance of our Terms of Service, Privacy Policy and Cookies Policy.
Copyright © 2009 -2025FMT Media Sdn Bhd (1235453-U) All Rights Reserved. A part of Media Prima Group."
https://www.freemalaysiatoday.com/category/business/2025/11/11/kkr-singtel-group-seek-us3-8bil-loan-for-stt-gdc-buyout,"KKR, Singtel Group seek US$3.8bil loan for STT GDC buyout",2025-11-11,"“The deal may be structured as a bridge facility – equally split into a term loan and revolving credit tranche – and clubbed between a group of banks,” the people said, who asked not to be identified discussing private matters.
“A subsequent takeout financing could follow,” they said, adding that discussions are ongoing and details remain subject to change.
If finalised, this deal could mark Asia’s largest-ever leveraged buyout financing in the data centre sector, according to Bloomberg-compiled data.
It will also contribute to a wave of big ticket financings driven by surging demand for cloud services amid the region’s artificial intelligence boom.
The most recent comparable was a A$5.5 billion (US$3.6 billion) loan supporting Blackstone Inc’s A$24 billion purchase of Australia’s AirTrunk in 2024.
Spokesman for KKR and STT declined to comment, while Singtel didn’t respond to requests for comment.
Based in Singapore, STT GDC is one of Asia’s largest data centre operators, with over 100 data centres across 20 markets including India, South Korea, Japan and Malaysia, according to its website.
The company also maintains a presence in Europe, with operations in the UK, Italy and Germany.
The proposed buyout follows the consortium’s S$1.75 billion investment last year for a minority stake in STT GDC, Bloomberg News reported.
Following that transaction, KKR holds approximately 14.1% of the company, while Singtel – owned by Singapore state-owned investor Temasek Holdings Pte Ltd- owns 4.2%.
IFR reported on the potential financing earlier.
Stay current - Follow FMT on WhatsApp, Google news and Telegram
Subscribe to our newsletter and get news delivered to your mailbox.
Registration on or use of this site constitutes acceptance of our Terms of Service, Privacy Policy and Cookies Policy.
Copyright © 2009 -2025FMT Media Sdn Bhd (1235453-U) All Rights Reserved. A part of Media Prima Group."
https://www.freemalaysiatoday.com/category/business/2025/11/11/ringgit-continues-uptrend-against-us-dollar-3,Ringgit continues uptrend against US dollar,2025-11-11,"Bank Muamalat Malaysia Bhd chief economist Afzanizam Rashid said the local note extended its upward momentum as investors turned positive on expectations that the US government shutdown would soon be resolved.
“US congressmen were likely to reach an agreement on the fiscal impasse, paving the way for the resumption of statistical releases that would provide greater clarity for policymakers ahead of the Fed’s meeting in December,” he told Bernama.
All in all, Afzanizam said that the Fed should be on track to reduce the interest rate and this will narrow the gap between the Fed Funds Rate and the Overnight Policy Rate (OPR).
“Judging from the long-term average for the US dollar-ringgit exchange rate between July 2005 and today, the average figure is around RM3.81. That means there is further upside for the ringgit going forward,” he added.
At 6pm, the ringgit appreciated by 0.52% to 4.1360/4.1395 against the US dollar from yesterday’s close of 4.1555/4.1635.
At the close, the ringgit traded higher against a basket of major currencies.
It firmed versus the yen to 2.6798/2.6822 from 2.6954/2.7008, climbed against the euro to 4.7829/4.7869 from 4.8071/4.8163, and gained against the British pound to 5.4297/5.4343 from 5.4736/5.4842 at yesterday’s close.
The ringgit also traded higher against Asean currencies.
It strengthened versus the Singapore dollar to 3.1752/3.1784 from 3.1899/3.1963, went up against the Indonesian rupiah to 247.7/248.0 from 249.4/250.1, climbed against the Philippine peso to 7.01/7.02 from 7.05/7.06, and increased vis-a-vis the Thai baht to 12.7595/12.7762 from 12.8367/12.8670 previously.
Stay current - Follow FMT on WhatsApp, Google news and Telegram
Subscribe to our newsletter and get news delivered to your mailbox.
Registration on or use of this site constitutes acceptance of our Terms of Service, Privacy Policy and Cookies Policy.
Copyright © 2009 -2025FMT Media Sdn Bhd (1235453-U) All Rights Reserved. A part of Media Prima Group."
https://www.freemalaysiatoday.com/category/business/2025/11/11/ringgit-opens-higher-vs-dollar-on-continuous-buying-interest,Ringgit opens higher vs dollar on continuous buying interest,2025-11-11,"At 8.01am, the ringgit rose to 4.1540/4.1660 against the US dollar, compared with Monday’s close of 4.1555/4.1635.
Bank Muamalat Malaysia Bhd chief economist Afzanizam Rashid expects sentiment to continue today, which could result in the US dollar-ringgit pair lingering around RM4.15 and RM4.16 today.
He noted that the riskier assets, such as the equities market, rallied last night as talks of a possible end to the US government shutdown could materialise soon.
“This is the longest government shutdown, and it is likely to hurt US economic growth in the final quarter of 2025.
“Disruption to government services, such as delays in flight and statistical data releases, to name a few, could, to some degree, strengthen the case for an interest rate cut in December,” he added.
Meanwhile, IPPFA Sdn Bhd director of investment strategy and country economist Sedek Jantan said after 41 days of closure, the US Senate voted 60:40 to reopen the government.
While the move may leave broader fiscal disputes unresolved, it will, however, provide relief to markets and public sector workers, he said.
“With agencies set to resume operations, a backlog of economic data is expected to be released in stages.
“The long-delayed September jobs report, originally due on Oct 3, should be among the first to be released. It will offer key insights into labour market conditions ahead of the Federal Reserve’s Dec 10 policy meeting,” he said.
At the opening, the ringgit was stronger against a basket of major currencies.
It gained against the yen to 2.6946/2.7026 from 2.6954/2.7008 at Monday’s close and rose versus the euro to 4.8004/4.8142 from 4.8071/4.8163. The local note improved against the British pound to 5.4716/5.4875 from 5.4736/5.4842 previously.
The local note was mostly higher against Asean currencies.
It strengthened against the Singapore dollar to 3.1888/3.1982 from 3.1899/3.1963 at Monday’s close, climbed against the Philippine peso to 7.04/7.07 from 7.05/7.06 and also improved against the Thai baht to 12.8360/12.8819 from 12.8367/12.8670 previously.
It remained flat against the Indonesian rupiah at 249.4/250.2 from 249.4/250.1 on Monday.
Stay current - Follow FMT on WhatsApp, Google news and Telegram
Subscribe to our newsletter and get news delivered to your mailbox.
Registration on or use of this site constitutes acceptance of our Terms of Service, Privacy Policy and Cookies Policy.
Copyright © 2009 -2025FMT Media Sdn Bhd (1235453-U) All Rights Reserved. A part of Media Prima Group."
https://www.freemalaysiatoday.com/category/business/2025/11/12/bursa-ends-lower-on-mixed-sentiment-ahead-of-key-data-releases,Bursa ends lower on mixed sentiment ahead of key data releases,2025-11-12,"IPPFA director of investment strategy and country economist Sedek Jantan said that the broader market sentiment was mixed, suggesting investors remained selective ahead of key local and global data releases.
At 5pm, the FTSE Bursa Malaysia KLCI (FBM KLCI) fell 3.22 points, or 0.19%, to 1,631.61 from yesterday’s close of 1,634.83.
The barometer index opened 1.91 points firmer at 1,636.74, and fluctuated between 1,630.12 and 1,641.27 throughout the trading session.
The broader market was negative, with 650 losers outnumbering 463 gainers, while 557 counters were unchanged, 1,049 untraded, and 10 suspended.
Turnover dipped to 3.42 billion units worth RM2.85 billion compared with 3.53 billion units worth RM2.85 billion on Tuesday.
Sedek noted that the local market’s pullback reflected short-term profit-taking rather than structural weakness, as investors shifted focus to value-oriented stocks.
“However, this momentum is underpinned by resilient third-quarter gross domestic product (GDP) expectations, steady credit demand, and moderating inflation, signalling that Malaysia’s macro fundamentals are gradually firming.
“Overall, local sentiment is likely to remain data-driven, with attention centred on the ringgit’s trajectory, global inflation trends, and upcoming earnings guidance, key determinants for sustaining the market’s recovery momentum heading into year-end,” he added.
Among heavyweights, Maybank rose three sen to RM9.94 and Tenaga Nasional added two sen to RM13.40. Public Bank fell three sen to RM4.27, while both CIMB and IHH Healthcare lost six sen to RM7.59 and RM8.24, respectively.
On the most active list, MMAG declined 1.5 sen to 7.5 sen, Bumi Armada and Dagang NeXchange shed one sen each to 30 sen, respectively, ACE debutant Farmiera gained half-a-sen to 25.5 sen, while Perak Transit was flat at 27.5 sen.
Among the top gainers, Nestle increased 90 sen to RM112.90, Fraser & Neave went up 84 sen to RM31.04, United Plantations rose 44 sen to RM26.24, Dutch Lady rose 32 sen to RM27.28, and PJBumi surged 19 sen to RM1.77.
As for the top losers, Malaysian Pacific Industries slipped 40 sen to RM31.0, Petronas Dagangan lost 26 sen to RM22.66, Hong Leong Industries declined 22 sen to RM14.86, and QL Resources shed 13 sen to RM4.25.
On the index board, the FBMT 100 Index eased 5.62 points to 11,866.74, the FBM Emas Index slid 8.58 points to 12,105.73, and the FBM Emas Shariah Index decreased 10.10 points to 12,122.73.
The FBM ACE Index gave up 11.05 points to 5,064.67 but the FBM Mid 70 Index garnered 69.73 points to 16,955.46.
Sector-wise, the plantation index erased 2.92 points to 8,173.48, the financial services index fell 16.03 points to 18,427.86, the industrial products and services index edged down 0.55 of-a-point to 167.73, and the energy index shed 1.25 points to 758.09.
The Main Market volume declined to 1.48 billion units valued at RM2.45 billion from 1.55 billion units valued at RM2.49 billion on Tuesday.
Warrants turnover slipped to 1.36 billion units worth RM221.58 million compared with 1.42 billion units worth RM213.42 million previously.
The ACE Market volume expanded to 578.30 million units valued at RM179.56 million from 550.85 million units valued at RM149.32 million yesterday.
Consumer products and services counters accounted for 319.57 million shares traded on the Main Market, industrial products and services (222.83 million), construction (118.40 million), technology (169.23 million), financial services (72.31 million), property (206.27 million), plantation (63.77 million), real estate investment trusts (20.12 million), closed-end fund (15,000), energy (120.17 million), healthcare (77.49 million), telecommunications and media (33.66 million), transportation and logistics (32.96 million), utilities (24.69 million), and business trusts (468,000).
Stay current - Follow FMT on WhatsApp, Google news and Telegram
Subscribe to our newsletter and get news delivered to your mailbox.
Registration on or use of this site constitutes acceptance of our Terms of Service, Privacy Policy and Cookies Policy.
Copyright © 2009 -2025FMT Media Sdn Bhd (1235453-U) All Rights Reserved. A part of Media Prima Group."
https://www.freemalaysiatoday.com/category/business/2025/11/12/bursa-opens-higher-on-ringgit-strength-domestic-sector-interest,"Bursa opens higher on ringgit strength, domestic sector interest",2025-11-12,"Malacca Securities Sdn Bhd noted that Wall Street ended mixed as the artificial intelligence (AI) trade faced renewed pressure this month due to mounting valuation concerns, dragging the Nasdaq’s month-to-date losses to around 1%.
Overall, the brokerage believes the optimism of ending the government shutdown could have a spillover effect on the local bourse.
“However, the upside in technology may be capped, as concerns over US technology valuations still linger.
“We are still positive on high-momentum stocks, as the strengthening of the ringgit will shift traders’ attention to domestic-driven sectors like consumer and stocks, which would benefit from lower input costs,” it said in a note.
At 9.10am, the FTSE Bursa Malaysia KLCI (FBM KLCI) increased 4.58 points, or 0.28%, to 1,639.41 from yesterday’s close of 1,634.83, after opening 1.91 points firmer at 1,636.74.
Market breadth was positive, with gainers leading losers, 186 to 112.
There were 297 counters unchanged, 2,124 untraded, and 10 suspended.
Turnover stood at 215.24 million shares valued at RM74.42 million.
Among heavyweights, Maybank and CIMB rose 3 sen each to RM9.94 and RM7.68, respectively.
Both Public Bank and Tenaga Nasional were flat at RM4.30 and RM13.38, respectively, while IHH Healthcare fell 4 sen to RM8.26.
On the most active list, ACE debutant Farmiera declined 1.5 sen to 23.5 sen, MMAG and Perak Transit lost 0.5 sen each to 8.5 sen and 27 sen, respectively, while Borneo Oil and TWL were flat at 1 sen and 2.5 sen, respectively.
Among the top gainers are Nestle and Fraser & Neave, which increased 80 sen to RM112.80 and RM31.0, respectively.
Hong Leong Bank added 20 sen to RM21.08, PJBumi gained 17 sen to RM1.75, and MISC was 15 sen higher at RM7.89.
Top losers included Malaysian Pacific, which slipped 40 sen to RM31.0, United Plantations edged down 22 sen to RM25.58, while QL Resources, Hong Leong Industries and Panasonic all decreased 80 sen to RM4.30, RM15.0 and RM7.90, respectively.
On the index board, the FBMT 100 Index advanced 66.84 points to 11,909.46, while the FBM Emas Index jumped 71.57 points to 12,156.15.
The FBM Emas Shariah Index firmed 34.18 points to 11,906.55, the FBM ACE Index improved 11.99 points to 5,087.71, and the FBM Mid 70 Index garnered 52.63 points to 16,938.37.
By sector, the plantation index increased 7.78 points to 8,184.18, the industrial products and services index edged up 0.50 of a point to 168.33, the financial services index jumped 78.11 points to 18,522.01, while the energy index gave up 0.59 of a point to 758.75.
Stay current - Follow FMT on WhatsApp, Google news and Telegram
Subscribe to our newsletter and get news delivered to your mailbox.
Registration on or use of this site constitutes acceptance of our Terms of Service, Privacy Policy and Cookies Policy.
Copyright © 2009 -2025FMT Media Sdn Bhd (1235453-U) All Rights Reserved. A part of Media Prima Group."
https://www.freemalaysiatoday.com/category/business/2025/11/12/costa-coffee-attracts-takeover-interest-from-backer-of-chinas-luckin,Costa Coffee attracts takeover interest from backer of China’s Luckin,2025-11-12,"“The investment firm has been evaluating whether to make an offer for Costa Coffee, which is being sold by Coca-Cola Co,” the people said.
The exact structure of any proposal hasn’t been finalised, and it’s unclear whether Centurium would potentially be bidding itself or through Luckin.
Luckin has grown rapidly in recent years, brushing past Starbucks Corp in China, where it has over 26,000 stores – more than three times as many as the Seattle-based coffee giant.
Luckin has also been expanding overseas with stores in Malaysia, Singapore and now the US after entering New York in June.
“UK buyout firm TDR Capital and Bain Capital’s special situations arm are also among parties that have been considering bids for Costa Coffee,” the people said.
The next round of offers is expected in the coming weeks, according to the people.
“Some suitors have been discussing potential offers valuing Costa Coffee at £1 billion (US$1.3 billion) or more,” some of the people said.
“Deliberations are ongoing, and Coca-Cola could still decide to keep the business,” the people said.
Spokesman for Bain and TDR declined to comment.
Representatives for Centurium, Luckin, Costa Coffee and Coca-Cola didn’t immediately respond to requests for comment.
Coca-Cola bought Costa Coffee from UK hotel and restaurant group Whitbread Plc in 2018 for £3.9 billion, marking its big move into coffee and retail outlets.
The US soda giant made an unsolicited approach for the business, which Whitbread had announced it would spin off.
Luckin’s American depositary receipts fell 4.5% yesterday.
The company has a market value of US$10.9 billion.
Stay current - Follow FMT on WhatsApp, Google news and Telegram
Subscribe to our newsletter and get news delivered to your mailbox.
Registration on or use of this site constitutes acceptance of our Terms of Service, Privacy Policy and Cookies Policy.
Copyright © 2009 -2025FMT Media Sdn Bhd (1235453-U) All Rights Reserved. A part of Media Prima Group."
https://www.freemalaysiatoday.com/category/business/2025/11/12/ringgit-opens-at-rm4-12-a-new-high-in-over-13-months,"Ringgit opens at RM4.12, a new high in over 13 months",2025-11-12,"The local currency strengthened to more than a one-year high, a level last seen on Sept 30, 2024, when the local note traded at RM4.1210 at the close.
The ringgit also traded stronger against the Singapore dollar at S$3.1733, the highest level last seen over three years, as compared to S$3.1711 on July 14, 2022.
IPPFA Sdn Bhd director of investment strategy and country economist Sedek Jantan said the latest US Automatic Data Processing (ADP) employment data signalled further cooling in the American labour market.
It was reported that for the four weeks ending Oct 25, private employers shed an average of 11,250 jobs a week.
“The weaker-than-expected private payroll gains in October have reinforced market confidence that the Federal Reserve’s rate-hiking cycle may have ended, sending the US dollar index lower overnight.
“This shift has improved sentiment towards risk-sensitive Asian currencies, placing the ringgit in a stronger position,” he told Bernama.
With dollar momentum easing and Malaysia’s domestic fundamentals holding steady, Sedek opined the ringgit’s near-term outlook remains constructive, supported by renewed foreign interest and improving confidence in the local market.
At 8.04am, the ringgit rose to 4.1285/4.1440 against the US dollar, compared with yesterday’s close of 4.1360/4.1395.
At the opening, the ringgit was stronger against a basket of major currencies.
It gained against the yen to 2.6788/2.6864 from 2.6798/2.6822 at yesterday’s close and rose versus the euro to 4.7825/4.7958 from 4.7829/4.7869.
The local note improved against the British pound to 5.4294/5.4445 from 5.4297/5.4343 previously.
The local note was mostly higher against Asean currencies.
It strengthened against the Singapore dollar to 3.1733/3.1824 from 3.1752/3.1784 at yesterday’s close, climbed against the Philippine peso to 7.00/7.02 from 7.01/7.02
The ringgit also improved against the Thai baht to 12.7427/12.7892 from 12.7595/12.7762 and was higher against the Indonesian rupiah at 247.2/248.1 from 247.7/248.0 yesterday.
Stay current - Follow FMT on WhatsApp, Google news and Telegram
Subscribe to our newsletter and get news delivered to your mailbox.
Registration on or use of this site constitutes acceptance of our Terms of Service, Privacy Policy and Cookies Policy.
Copyright © 2009 -2025FMT Media Sdn Bhd (1235453-U) All Rights Reserved. A part of Media Prima Group."
https://www.freemalaysiatoday.com/category/business/2025/11/12/ringgit-rises-for-7th-straight-day-against-us-dollar,Ringgit rises for 7th straight day against US dollar,2025-11-12,"At 6pm, the ringgit appreciated to 4.1315/4.1385 versus the greenback from Tuesday’s close of 4.1360/4.1395.
Bank Muamalat Malaysia Bhd chief economist Afzanizam Rashid said the US House of Representatives would vote tonight on the reopening of the US government.
“If approved, the bill will be signed by the US president, which will pave the way for the resumption of government services,” he added.
He said traders and investors have maintained a constructive outlook on the ringgit, with Malaysia’s gross domestic product (GDP) for the third quarter (Q3) of 2025, which will be announced this Friday, likely to expand by more than 5.0%.
“It looks like the GDP could come in at 5.2% in Q3 2025, and it appears that the overnight policy rate (OPR) can be maintained at 2.75% in the near-term.
“It’s a ringgit-positive development and therefore, the local unit would continue to be well supported,” he noted.
At the close, the ringgit traded higher against a basket of major currencies.
It firmed versus the yen to 2.6681/2.6728 from 2.6798/2.6822 at Tuesday’s close, climbed against the euro to 4.7801/4.7882 from 4.7829/4.7869 yesterday, and rose vis-a-vis the British pound to 5.4189/5.4281 from 5.4297/5.4343 previously.
The ringgit also performed better against Asean currencies.
It strengthened versus the Singapore dollar to 3.1683/3.1742 from 3.1752/3.1784 yesterday, went up against the Indonesian rupiah to 247.1/247.7 from the previous close of 247.7/248.0, gained vis-a-vis the Philippine peso to 6.98/6.99 from 7.01/7.02 previously, and increased against the Thai baht to 12.7068/12.7346 from 12.7595/12.7762.
Stay current - Follow FMT on WhatsApp, Google news and Telegram
Subscribe to our newsletter and get news delivered to your mailbox.
Registration on or use of this site constitutes acceptance of our Terms of Service, Privacy Policy and Cookies Policy.
Copyright © 2009 -2025FMT Media Sdn Bhd (1235453-U) All Rights Reserved. A part of Media Prima Group."
https://www.freemalaysiatoday.com/category/business/2025/11/13/bursa-ends-higher-on-optimism-over-us-govt-shutdown,Bursa opens higher on optimism over US govt shutdown,2025-11-13,"Malacca Securities Sdn Bhd said Wall Street ended mixed, with hopes for progress on the US government shutdown supporting a risk-on sentiment, while concerns over stretched technology valuations capped gains.
“The optimism regarding the end of the US government shutdown has a spillover effect on the local bourse.
“Moreover, we anticipate resilient buying interest in local technology stocks, with a key focus on high-momentum names,” it said in a research note.
At 9.10am, the FTSE Bursa Malaysia KLCI (FBM KLCI) rose 2.50 points to 1,634.11, after opening 2.18 points higher at 1,633.79, from yesterday’s close of 1,631.61.
Market breadth was positive, with gainers outpacing losers 178 to 165.
There were 271 counters unchanged, 2,125 untraded and 10 suspended.
Turnover totalled 129.38 million shares worth RM60.08 million.
Among heavyweights, Maybank and Public Bank were flat at RM9.94 and RM4.27, CIMB added 1 sen to RM7.60, Tenaga Nasional gained 4 sen to RM13.44 and IHH Healthcare rose 6 sen to RM8.30.
On the most active list, Borneo Oil, Tanco and Dagang Nexchange were all flat at 1 sen, 94 sen and 30 sen, respectively.
MMAG and VS Industry increased 0.5 sen to 8 sen and 47.5 sen, respectively.
Among the top gainers Nestle went up 90 sen to RM113.80, Fraser & Neave added 58 sen to RM31.62, Dutch Lady rose 32 sen to RM27.60 and VSTecs was 15 sen firmer at RM4.37.
Top losers included United Plantations which fell 76 sen to RM25.48, Paragon dropped 4.5 sen to 61 sen, while Pentamaster and Panasonic lost 4 sen each to RM3.84 and RM7.85, respectively.
On the index board, the FBMT 100 Index advanced 66.84 points to 11,909.46, the FBM Emas Index jumped 71.57 points to 12,156.15 and the FBM Emas Shariah Index rose 11.38 points to 11,878.12.
The FBM ACE Index declined 0.81 of a point to 5,063.86, and the FBM Mid 70 Index weakened 13.37 points to 16,942.09.
By sector, the plantation index strengthened 5.94 points to 8,179.42, the industrial products and services index edged up 0.67 of a point to 168.40, the financial services index jumped 12.17 points to 18,440.03, while the energy index gave up 0.71 of-a-point to 757.38.
Stay current - Follow FMT on WhatsApp, Google news and Telegram
Subscribe to our newsletter and get news delivered to your mailbox.
Registration on or use of this site constitutes acceptance of our Terms of Service, Privacy Policy and Cookies Policy.
Copyright © 2009 -2025FMT Media Sdn Bhd (1235453-U) All Rights Reserved. A part of Media Prima Group."
https://www.freemalaysiatoday.com/category/business/2025/11/13/bursa-rebounds-to-close-marginally-higher,Bursa rebounds to close marginally higher,2025-11-13,"IPPFA Sdn Bhd director of investment strategy and country economist Sedek Jantan said the index opened firm in the morning before easing in the afternoon, though sentiment remained constructive.
“Confidence continues to build, as evidenced by foreign investors turning net buyers from Monday to Wednesday this week, even as the ringgit extends its strengthening trend,” he told Bernama.
Globally, Sedek said sentiment improved further after the US government reopened following the passage of a bill in the House of Representatives, later signed by president Donald Trump.
This development removes an immediate tail risk and paves the way for the gradual resumption of official US economic data releases, he stated.
At 5pm, the FTSE Bursa Malaysia KLCI (FBM KLCI) edged up 0.66 of-a-point to 1,632.27 from yesterday’s close of 1,631.61.
The barometer index opened 2.18 points higher at 1,633.79, and fluctuated between 1,631.15 and 1,635.27 throughout the trading session.
The broader market, however, was negative with 550 losers outnumbering 480 gainers, while 599 counters were unchanged, 1,110 untraded, and 10 suspended.
Turnover improved to 3.95 billion units worth RM2.77 billion from 3.42 billion units worth RM2.85 billion on Wednesday.
Among heavyweights, Maybank and IHH Healthcare rose 1 sen to RM9.95 and RM8.25 respectively, Public Bank added 3 sen to RM4.30, Tenaga Nasional gained 10 sen to RM13.50, while CIMB lost 2 sen to RM7.57.
On the most active list, VS Industry gained 3.5 sen to 50.5 sen, Tanco was 0.5 sen firmer at 94.5 sen, while TWL, Genting Malaysia, and Zetrix AI were flat at 2.5 sen, RM2.35, and 85 sen, respectively.
Among the top gainers, Fraser & Neave went up RM1.36 to RM32.40 and Dutch Lady rose RM1.32 to RM28.60. Amway and Ajinomoto increased 18 sen each to RM4.99 and RM14.0, respectively.
As for the top losers, Malaysian Pacific Industries fell 40 sen to RM30.60, United Plantations dipped 24 sen to RM26.0, Petronas Dagangan slipped 22 sen to RM22.44, while Sungai Bagan and Dufu Technology slid 11 sen each to RM5.61 and RM1.94, respectively.
On the index board, the FBMT 100 Index climbed 5.60 points to 11,872.34, the FBM Emas Index improved 3.79 points to 12,109.52, and the FBM Emas Shariah Index advanced 8.23 points to 12,130.96.
The FBM ACE Index perked up 7.93 points to 5,072.60 and the FBM Mid 70 Index garnered 11.44 points to 16,966.91.
Sector-wise, the plantation index erased 17.63 points to 8,155.85, the financial services index rose 38.07 points to 18,465.93, the industrial products and services index inched up 0.78 of-a-point to 168.51, while the energy index eased 1.28 points to 756.81.
The Main Market volume widened to 1.55 billion units valued at RM2.29 billion from 1.48 billion units valued at RM2.45 billion on Wednesday.
Warrants turnover jumped to 2.03 billion units worth RM342.36 million compared with 1.55 billion units worth RM221.58 million previously.
The ACE Market volume dwindled to 360.12 million units valued at RM139.57 million from 578.30 million units valued at RM179.56 million yesterday.
Consumer products and services counters accounted for 372.45 million shares traded on the Main Market, industrial products and services (323.20 million), construction (78.03 million), technology (236.22 million), financial services (51.56 million), property (200.72 million), plantation (30.94 million), real estate investment trusts (21.43 million), closed-end fund (42,400), energy (65.75 million), healthcare (55.76 million), telecommunications and media (35.34 million), transportation and logistics (43.77 million), utilities (40.61 million), and business trusts (75,600).
Stay current - Follow FMT on WhatsApp, Google news and Telegram
Subscribe to our newsletter and get news delivered to your mailbox.
Registration on or use of this site constitutes acceptance of our Terms of Service, Privacy Policy and Cookies Policy.
Copyright © 2009 -2025FMT Media Sdn Bhd (1235453-U) All Rights Reserved. A part of Media Prima Group."
https://www.freemalaysiatoday.com/category/business/2025/11/13/ringgit-almost-breaches-13-month-high-against-us-dollar,Ringgit almost breaches 13-month high against US dollar,2025-11-13,"It also came close to its 13-month high, which was last recorded at 4.1230 on Sept 27, 2024.
At 6pm, the ringgit appreciated to 4.1260/4.1300 versus the greenback from Wednesday’s close of 4.1315/4.1385.
Bank Muamalat Malaysia Bhd chief economist Afzanizam Rashid said the ringgit remains the best-performing currency year-to-date, gaining 8.34% since January.
“The long-term average of 3.81 since the currency peg was removed in 2005 suggests the ringgit still has room to strengthen further,” he told Bernama.
IPPFA Sdn Bhd director of investment strategy and country economist Sedek Jantan said the ringgit’s performance is supported by a mix of steadier domestic fundamentals and a more favourable global backdrop.
He said the currency continues to draw strength from a firmer current account position, steadier trade inflows, and a resilient labour market.
“These factors are broadly in line with the Madani policy framework’s emphasis on ‘raising the floor, raising the ceiling’, which has helped bolster investor confidence,” he added.
At the close, the ringgit traded lower against a basket of major currencies.
It eased versus the yen to 2.6700/2.6728 from 2.6681/2.6728, reduced against the euro to 4.7928/4.7974 from 4.7801/4.7882, and dropped vis-a-vis the British pound to 5.4282/5.4334 from 5.4189/5.4281, previously.
The ringgit traded mixed against Asean currencies.
It eased against the Thai baht to 12.7724/12.7903 from 12.7068/12.7346, and increased against the Indonesian rupiah to 246.6/247.0 from 247.1/247.7.
However, it slid against the Singapore dollar to 3.1729/3.1762 from 3.1683/3.1742, and shed against the Philippine peso to 6.99/7.00 from 6.98/6.99.
Stay current - Follow FMT on WhatsApp, Google news and Telegram
Subscribe to our newsletter and get news delivered to your mailbox.
Registration on or use of this site constitutes acceptance of our Terms of Service, Privacy Policy and Cookies Policy.
Copyright © 2009 -2025FMT Media Sdn Bhd (1235453-U) All Rights Reserved. A part of Media Prima Group."
https://www.freemalaysiatoday.com/category/business/2025/11/13/ringgit-rises-versus-greenback-on-lower-us-treasury-yields,Ringgit rises on lower US treasury yields,2025-11-13,"IPPFA Sdn Bhd director of investment strategy and country economist Sedek Jantan said US treasury yields continued to edge lower, with the 10-year yield easing 4.5 basis points to 4.065% – its lowest level this month and nearly 10 basis points below recent peaks.
“Markets are turning cautious ahead of key US economic data expected next week, following the House’s overnight passage of the continuing resolution bill,” he told Bernama.
Sedek warned that a prolonged US government shutdown could have broader implications, including potential delays to the November employment report scheduled for Dec 5 and the consumer price index release.
“Any postponement would leave the federal open market committee approaching its December rate decision with significantly less information than usual, heightening policy uncertainty,” he added.
Meanwhile, Bank Muamalat Malaysia Bhd chief economist Afzanizam Rashid said the ringgit had entered an overbought zone.
“In light of uncertainties over the timing of the US government reopening, we expect traders to remain cautious,” he said, adding that the local currency is likely to trade between RM4.13 and RM4.14 today.
At 8.03am, the ringgit rose to 4.1295/4.1395 against the US dollar, from yesterday’s close of 4.1315/4.1385.
At the opening, the ringgit was mostly higher against a basket of major currencies.
It gained against the yen to 2.6669/2.6736 from 2.6681/2.6728 at yesterday’s close and rose versus the British pound to 5.4187/5.4319 from 5.4189/5.4281.
However, the local currency slipped against the euro to 4.7857/4.7973 from 4.7801/4.7882.
The ringgit was mixed against Asean currencies.
It strengthened against the Indonesian rupiah to 246.9/247.7 from 247.1/247.7, and was flat against the Philippine peso at 6.98/7.00 from 6.98/6.99.
However, it edged lower against the Thai baht to 12.7564/12.7956 from 12.7068/12.7346 and fell against the Singapore dollar to 3.1712/3.1791 from 3.1683/3.1742.
Stay current - Follow FMT on WhatsApp, Google news and Telegram
Subscribe to our newsletter and get news delivered to your mailbox.
Registration on or use of this site constitutes acceptance of our Terms of Service, Privacy Policy and Cookies Policy.
Copyright © 2009 -2025FMT Media Sdn Bhd (1235453-U) All Rights Reserved. A part of Media Prima Group."
https://www.freemalaysiatoday.com/category/business/2025/11/13/zurich-insurance-invests-us170mil-into-apac-private-debt,Zurich Insurance invests US$170mil into Apac private debt,2025-11-13,"The insurer assigned the mandate to an Australia-based firm in the third quarter, Matt Vincent, the Apac CIO at Zurich Insurance said in an interview in Hong Kong. He declined to name the money manager.
Zurich Insurance joins a number of firms that have accelerated investments in private credit.
US life insurers have ramped up private debt investments, allocating close to a third of their US$5.6 trillion in assets to the sector last year, up from 22% a decade ago, according to data compiled by research firm CreditSights.
“For Zurich, the US$170 million accounts for about 3.4% of the more than US$5 billion invested across general and life insurance businesses in Australia, its biggest market in Apac,” Vincent said.
The company has US$12 billion deployed across Asia.
Vincent cited several factors for its Australia deployment, including favorable risk-based capital treatments — a key investment cost metric for insurers — along with liquidity, credit quality, and mid-market lending opportunities.
Globally, Zurich Insurance has put about US$10 billion into private debt, the majority of that in Europe and the US, Vincent said.
That compares with a US$180 billion total invested assets across general and life insurance businesses for the company as of September.
While UBS Group AG chairman Colm Kelleher has warned of risks stemming from weak and complex regulation amid the private financing boom in the US insurance industry, Vincent said he’s not seeing any systematic risk.
When asked about private credit in Australia, Vincent such illiquid assets are not cut out for trading, and are better held until maturity. “You put them in your bottom drawer, forget about them,” he said.
The insurer has an existing allocation into US dollar-denominated assets via its Hong Kong balance sheet.
“The investments, done through an external fund, are worth “double-digit millions” of dollars,” Vincent said.
“Unlike fund structures, which are typically constrained by the manager’s investment framework, segregated mandate accounts – such as the one in Australia – give asset owners greater flexibility and control over their portfolios,” he said.
“You are able to parameterise what sort of risk profile that you want,” he said.
“What’s the split between fixed and floating rate debt. You’re able to also put some boundaries around what sort of sector exposures do you want,” he added.
“Any additional private credit bets in Asia will depend on whether the balance sheets in those markets grow to ‘critical mass’, which is around US$1 billion,” he said.
In Malaysia, the company has total invested assets of about US$3 billion.
“I’d love to have an allocation in Malaysia,” Vincent said, adding the decision is tied to factors including capital charges and legal matters.
Stay current - Follow FMT on WhatsApp, Google news and Telegram
Subscribe to our newsletter and get news delivered to your mailbox.
Registration on or use of this site constitutes acceptance of our Terms of Service, Privacy Policy and Cookies Policy.
Copyright © 2009 -2025FMT Media Sdn Bhd (1235453-U) All Rights Reserved. A part of Media Prima Group."
https://www.freemalaysiatoday.com/category/business/2025/11/14/bursa-ends-lower-tracking-regional-wall-street-downturn,"Bursa ends lower tracking regional, Wall Street downturn",2025-11-14,"IPPFA Sdn Bhd director of investment strategy and country economist Sedek Jantan said, nonetheless, the underlying sentiment in Malaysia remains comparatively firm, supported by sustained foreign inflows and improving domestic macroeconomic signals.
“From Monday to Thursday, foreign investors turned net buyers of Malaysian equities – an encouraging indication of confidence despite heightened global volatility,” he told Bernama.
Across Asia, Sedek noted that similar external pressures were evident, with most major regional indices closing lower in tandem with Wall Street’s sharp sell-off, one of its weakest sessions since April, after leading artificial intelligence and semiconductor heavyweights extended their losses on valuation concerns.
Meanwhile, Rakuten Trade Sdn Bhd vice-president of equity research Thong Pak Leng said the FTSE Bursa Malaysia KLCI (FBM KLCI) closed lower as profit-taking continued amid the regional sell-off.
At 5pm, the FBM KLCI fell 6.60 points, or 0.40%, to 1,625.67 from yesterday’s close of 1,632.27.
The barometer index opened 1.46 points weaker at 1,630.81, and fluctuated between 1,623.81 and 1,630.96 throughout the trading session.
Market breadth was negative, with decliners outpacing advancers 827 to 323, while 506 counters were unchanged, 1,082 untraded and 10 suspended.
Turnover slid to 3.64 billion units worth RM2.68 billion from 3.95 billion units worth RM2.77 billion on Thursday.
Among heavyweights, Maybank lost two sen to RM9.93, Public Bank fell one sen to RM4.29, CIMB was four sen easier at RM7.53, and Tenaga Nasional decreased eight sen to RM13.42, while IHH Healthcare added two sen to RM8.27.
On the most active list, Tanco rose one sen to 95.5 sen, Genting Malaysia gained two sen to RM2.30, while Zetrix AI and MMAG shed 0.5 sen each to 84.5 sen and 7.5 sen respectively. Pharmaniaga and Perak Transit were both flat at 26 sen and 26.5 sen, respectively.
Among the top gainers, Dutch Lady perked up 90 sen to RM29.50, Nestle gained 50 sen to RM113.50, United Plantations increased 30 sen to RM26.30, Manulife surged 20 sen to RM2.33, and Hong Leong Financial climbed 16 sen to RM17.40.
As for the top losers, Master-Pack slid 35 sen to RM2.04, Petronas Dagangan declined 34 sen to RM22.10, PPB and Kotra edged down 20 sen each to RM11.60 and RM4.20, while Ajinomoto was 18 sen weaker at RM13.82.
On the index board, the FBMT 100 Index slipped 49.28 points to 11,823.06, the FBM Emas Index fell 54.67 points to 12,054.85, and the FBM Emas Shariah Index slumped 71.79 points to 12,057.17.
The FBM ACE Index tumbled 88.84 points to 4,983.76 and the FBM Mid 70 Index dropped 76.04 points to 16,890.87.
Sector-wise, the plantation index erased 15.77 points to 8,140.08, the financial services index gave up 34.59 points to 18,431.34, the industrial products and services index trimmed 1.52 points to 166.99, while the energy index eased 1.20 points to 755.61.
The Main Market volume narrowed to 1.38 billion units valued at RM2.23 billion from 1.55 billion units valued at RM2.29 billion on Thursday
Warrants turnover dwindled to 1.9 billion units worth RM305.93 million compared with 2.03 billion units worth RM342.36 million previously.
The ACE Market volume decreased to 348.77 million units valued at RM143.45 million from 360.12 million units valued at RM139.57 million yesterday.
Consumer products and services counters accounted for 279.94 million shares traded on the Main Market, industrial products and services (251.24 million), construction (91.14 million), technology (225.55 million), financial services (56.62 million), property (181.72 million), plantation (48.23 million), real estate investment trusts (19.92 million), closed-end fund (25,300), energy (74.41 million), healthcare (91.75 million), telecommunications and media (26.13 million), transportation and logistics (13.57 million), utilities (26.48 million), and business trusts (69,700).
Stay current - Follow FMT on WhatsApp, Google news and Telegram
Subscribe to our newsletter and get news delivered to your mailbox.
Registration on or use of this site constitutes acceptance of our Terms of Service, Privacy Policy and Cookies Policy.
Copyright © 2009 -2025FMT Media Sdn Bhd (1235453-U) All Rights Reserved. A part of Media Prima Group."
https://www.freemalaysiatoday.com/category/business/2025/11/14/bursa-opens-lower-on-profit-taking-cautious-regional-sentiment,"Bursa opens lower on profit-taking, cautious regional sentiment",2025-11-14,"At 9.10am, the FTSE Bursa Malaysia KLCI (FBM KLCI) fell 2.42 points to 1,629.85 from Thursday’s close of 1,632.27, after opening 1.46 points weaker at 1,630.81.
Market breadth was negative, with decliners outnumbering gainers 347 to 77, while 247 counters were unchanged, 2,067 remained untraded, and 10 were suspended.
Turnover stood at 157.03 million shares valued at RM97.07 million.
Malacca Securities Sdn Bhd noted that Wall Street recorded its worst day in over a month as a tech sell-off intensified, while investors grew cautious over the US Federal Reserve’s (Fed) interest rate outlook, with expectations that rate cuts might slow.
The brokerage said concerns over Fed interest rate cuts, compounded by weaker-than-expected US October unemployment data, contributed to the sell-off in the US market and could weigh on local sentiment.
“However, we expect ringgit strength to provide opportunities in domestic-driven sectors such as banking, consumer, construction, and utilities,” it said in a research note.
Among heavyweights, Maybank and Public Bank fell one sen to RM9.94 and RM4.29, respectively. Tenaga Nasional decreased two sen to RM13.48, while CIMB was flat at RM7.57. IHH Healthcare added one sen to RM8.26.
On the most active list, Pharmaniaga and JCY lost one sen each to 25 sen and 37 sen, respectively; VS Industry and MMAG slipped half a sen to 50 sen and 7.5 sen, respectively, while Insights remained flat at RM1.01.
Top gainers included Dutch Lady, up RM1.40 to RM30.00; MI Technovation, up 19 sen to RM3.27; Petronas Dagangan, up 14 sen to RM22.58; MBM Resources, up five sen to RM5.23; and United Plantations, up four sen to RM26.04.
Top losers included Malaysian Pacific, down 12 sen to RM30.48; VSTecs, down 11 sen to RM4.28; Hong Leong Bank, down 10 sen to RM20.88; and Vitrox, down nine sen to RM4.37.
On the index board, the FBMT 100 Index shed 24.39 points to 11,847.95, the FBM Emas Index declined 27.09 points to 12,086.43, and the FBM Emas Shariah Index dropped 31.90 points to 12,099.06.
The FBM ACE Index slumped 39.88 points to 5,032.72, while the FBM Mid 70 Index weakened 64.55 points to 16,902.36.
By sector, the Plantation Index narrowed 2.48 points to 8,153.37, the Industrial Products and Services Index edged down 0.63 of-a-point to 167.88, the Financial Services Index fell 30.81 points to 18,435.12, and the Energy Index gave up 3.39 points to 753.42.
Stay current - Follow FMT on WhatsApp, Google news and Telegram
Subscribe to our newsletter and get news delivered to your mailbox.
Registration on or use of this site constitutes acceptance of our Terms of Service, Privacy Policy and Cookies Policy.
Copyright © 2009 -2025FMT Media Sdn Bhd (1235453-U) All Rights Reserved. A part of Media Prima Group."
https://www.freemalaysiatoday.com/category/business/2025/11/14/ringgit-retreats-after-8-day-rally,Ringgit retreats after 8-day rally,2025-11-14,"Bank Muamalat Malaysia Bhd chief economist Afzanizam Abdul Rashid said traders engaged in profit-taking after the local currency’s sharp rise over the last eight trading days.
“The strong upward momentum in previous sessions likely encouraged some traders to lock in their gains.
“Also, as announced earlier today, Malaysia’s third quarter 2025 gross domestic product growth of 5.2%, which was in line with consensus expectations, continued to indicate stable economic momentum, offering medium-term support for the ringgit,” he told Bernama.
Meanwhile, Afzanizam also said the reopening of the US federal government provided some support for the greenback, although the impact on currency markets remained relatively contained.
At the close, the ringgit traded mostly lower against a basket of major currencies.
At 6pm, the ringgit edged down to 4.1290/4.1345 versus the greenback from Thursday’s close of 4.1260/4.1300.
It climbed versus the yen to 2.6690/2.6728 from 2.6700/2.6728 at Thursday’s close but fell against the euro to 4.7983/4.8047 from 4.7928/4.7974 yesterday and slipped vis-a-vis the British pound to 5.4313/5.4385 from 5.4282/5.4334 previously.
The ringgit traded mixed against Asean currencies.
It strengthened against the Thai baht to 12.7356/12.7580 from 12.7724/12.7903 at yesterday’s close and rose versus the Singapore dollar to 3.1720/3.1765 from 3.1729/3.1762.
However, it eased vis-a-vis the Indonesian rupiah to 247.1/247.5 from 246.6/247.0 yesterday and was unchanged against the Philippine peso at 6.99/7.00.
Stay current - Follow FMT on WhatsApp, Google news and Telegram
Subscribe to our newsletter and get news delivered to your mailbox.
Registration on or use of this site constitutes acceptance of our Terms of Service, Privacy Policy and Cookies Policy.
Copyright © 2009 -2025FMT Media Sdn Bhd (1235453-U) All Rights Reserved. A part of Media Prima Group."
https://www.freemalaysiatoday.com/category/business/2025/11/14/ringgit-rises-for-10th-straight-session-ahead-of-q3-gdp,Ringgit rises for 10th straight session ahead of Q3 GDP,2025-11-14,"At 8am, the ringgit strengthened to 4.1205/4.1335 against the US dollar, compared with Thursday’s close of 4.1260/4.1300.
The local currency moved over its 13-month high, last reached on Sept 30, 2024, when it closed at 4.1210.
IPPFA director of investment strategy and country economist Sedek Jantan said Bank Negara Malaysia’s Q3 economic report would serve as a key domestic catalyst.
“A constructive set of macro indicators consistent with our expectation of 5.2% should reinforce market sentiment and strengthen confidence in Malaysia’s near-term economic trajectory,” he noted.
He said the ringgit’s firmer opening also mirrored a sharp decline in the US dollar index, which traded lower throughout the overnight session and closed near the 99 handle, down roughly 0.5%.
“The market’s reaction suggests that, despite the resolution of the protracted US government shutdown, investors remain cautious ahead of forthcoming data releases and their potential bearing on the US Federal Reserve’s (Fed) December policy meeting.
“While some datasets may face delays or gaps, any figures that do emerge are likely to carry significant weight unless they land precisely in line with consensus,” he said.
Sedek said expectations of a December rate cut by the Fed had eased, creating a broadly supportive external backdrop for Asian currencies.
He said the ringgit could gain further and, in the near term, might challenge the 4.10 USD/MYR level, from its current rate of around 4.12.
At the opening, the ringgit was higher against a basket of major currencies.
It gained against the yen to 2.6649/2.6735 from 2.6700/2.6728 at Thursday’s close, rose against the British pound to 5.4197/5.4368 from 5.4282/5.4334, and increased against the euro to 4.7921/4.8073 from 4.7928/4.7974.
The ringgit was also higher against Asean currencies.
It strengthened against the Indonesian rupiah to 246.3/247.2 from 246.6/247.0, and rose against the Philippine peso to 6.98/7.01 from 6.99/7.00.
It appreciated against the Thai baht to 12.7278/12.7786 from 12.7724/12.7903 and climbed against the Singapore dollar to 3.1664/3.1767 from 3.1729/3.1762.
Stay current - Follow FMT on WhatsApp, Google news and Telegram
Subscribe to our newsletter and get news delivered to your mailbox.
Registration on or use of this site constitutes acceptance of our Terms of Service, Privacy Policy and Cookies Policy.
Copyright © 2009 -2025FMT Media Sdn Bhd (1235453-U) All Rights Reserved. A part of Media Prima Group."
https://www.freemalaysiatoday.com/category/business/2025/11/15/u-mobile-signs-rm4-3bil-syndicated-financing-agreement-with-4-banks,U Mobile signs RM4.3bil syndicated financing agreement with 4 banks,2025-11-15,"U Mobile said the financing will mainly fund the mobile telecommunications provider’s capital expenditure and working capital for the rollout of U Mobile’s next gen 5G network deployment.
U Mobile CEO Wong Heang Tuck said its ability to secure the syndicated financing underscores the confidence leading banks have in its 5G business plan and long-term growth trajectory.
“Our 5G deployment across Malaysia started in the middle of 2025 and this new facility will further accelerate our rollout ambitions and reinforce our commitment to drive Malaysia’s digital economy,” he said in a statement.
Wong said U Mobile is ahead in terms of its network rollout targets and is confident that the company will achieve 80% of coverage of populated areas by the second half of next year.
The 10-year syndicated financing agreement was signed yesterday between U Mobile and CIMB Investment Bank Berhad, Maybank Islamic Bank Berhad, AmBank Islamic Bank Berhad, and UOB Malaysia.
This comes a month after U Mobile signed its first 5G and 4G wholesale access agreement with Eastel, a new mobile virtual network operator under Anchor Communications Sdn Bhd.
Stay current - Follow FMT on WhatsApp, Google news and Telegram
Subscribe to our newsletter and get news delivered to your mailbox.
Registration on or use of this site constitutes acceptance of our Terms of Service, Privacy Policy and Cookies Policy.
Copyright © 2009 -2025FMT Media Sdn Bhd (1235453-U) All Rights Reserved. A part of Media Prima Group."
https://www.freemalaysiatoday.com/category/business/2025/11/17/fbm-klci-begins-the-week-on-positive-note,FBM KLCI begins the week on positive note,2025-11-17,"At 9.06am, the FTSE Bursa Malaysia KLCI (FBM KLCI) advanced 2.56 points to 1,628.23 from Friday’s close of 1,625.67, after opening 1.80 points higher at 1,627.47.
In the broader market, there were 147 gainers and 145 decliners, while 265 counters were unchanged, 2,181 remained untraded, and 11 were suspended.
Turnover stood at 114.90 million shares valued at RM92.65 million.
“We have noticed buying interest starting to accumulate in the finance sector, thanks to the ringgit strengthening, which could potentially lift the key index,” Malacca Securities Sdn Bhd said in a research note today.
Among heavyweights, Maybank gained two sen to RM9.95, CIMB added a sen to RM7.54, TNB went up six sen to RM13.48, IHH Healthcare was three sen higher at RM8.30, CelcomDigi and SD Guthrie were flat at RM3.62 and RM5.38, respectively, while Public Bank and Press Metal shed a sen each to RM4.28 and RM6.42, respectively.
On the most active list, Tanco and Perak Transit both edged up half-a-sen to 96 sen and 27 sen, respectively. Icents increased a sen to 44 sen, Insights Analytics bagged two sen to 92 sen, Tan Chong expanded by three sen to 72.5 sen, Pegasus Heights was flat at half-a-sen, MMAG declined half-a-sen to seven sen, and Genting Malaysia fell a sen to RM2.36.
On the index board, the FBMT 100 Index appreciated 14.16 points to 11,837.22, the FBM Emas Index expanded by 14.76 points to 12,069.61, and the FBM Emas Shariah Index garnered 18.90 points to 12,078.07.
The FBM ACE Index slumped 10.91 points to 4,972.85.
By sector, the Plantation Index inched up 0.93 of-a-point to 8,141.01, the Industrial Products and Services Index edged up 0.25 of-a-point to 167.24, the Financial Services Index strengthened 26.24 points to 18,457.58, and the Energy Index grew 0.51 of-a-point to 756.12.
Stay current - Follow FMT on WhatsApp, Google news and Telegram
Subscribe to our newsletter and get news delivered to your mailbox.
Registration on or use of this site constitutes acceptance of our Terms of Service, Privacy Policy and Cookies Policy.
Copyright © 2009 -2025FMT Media Sdn Bhd (1235453-U) All Rights Reserved. A part of Media Prima Group."
https://www.freemalaysiatoday.com/category/business/2025/11/17/fbm-klci-slightly-higher-at-the-close,FBM KLCI slightly higher at the close,2025-11-17,"At 5pm, the FTSE Bursa Malaysia KLCI (FBM KLCI) gained 1.76 points, or 0.11%, to 1,627.43 from Friday’s close of 1,625.67.
The benchmark opened 1.80 points higher at 1,627.47 and fluctuated between 1,626.23 and 1,633.84 throughout the trading session.
Market breadth was negative, with decliners outpacing advancers 604 to 482, while 560 counters were unchanged, 1,092 untraded and 11 suspended.
Turnover rose to 3.77 billion units worth RM2.47 billion against Friday’s 3.64 billion units worth RM2.68 billion.
SPI Asset Management managing partner Stephen Innes said the FBM KLCI inched higher today, but the tone is more a “holding pattern” than a breakout.
He added that the Malaysian bourse was essentially drifting with the regional tide – modestly firmer, yet restrained – as investors remain reluctant to take on meaningful risk ahead of a heavy slate of delayed US economic data.
“With the US Federal Reserve’s policy outlook clouded by a more hawkish run of recent remarks, global sentiment has turned cautious, and Bursa Malaysia is mirroring that mood. It’s a session where external cues such as global yields, dollar direction, and China’s market tone matter more than domestic catalysts,” he told Bernama.
Innes said that beneath the surface, the same cross-currents remain in play: commodity-linked names are stabilising the index, while broader buying remains shallow as institutional investors prefer to wait for clarity.
“Regional markets have been similarly subdued, leaving Malaysia neither underperforming nor leading, just navigating the same low-conviction environment. In that sense, today’s uptick says less about local enthusiasm and more about investors keeping positions steady until the US data drop provides a clearer macro compass,” he added.
Meanwhile, Rakuten Trade Sdn Bhd vice-president of equity research Thong Pak Leng said comments made by Japanese prime minister Sanae Takaichi on Taiwan had elevated the geopolitical tension in the East Asian region.
“On the bright side, buying activities are seen in emerging markets, which provide cheaper valuations amid the strengthening of local currencies against the US dollar.
“On the domestic front, the benchmark index is hovering around the 1,630 level, and we reckon a clear breakthrough above this level will pave the way towards the 1,650 level. We anticipate the FBM KLCI to trend within the range of 1,620-1,650 for the week,” he added.
Among heavyweights, Public Bank added one sen to RM4.30, CIMB firmed eight sen to RM7.61, Press Metal increased three sen to RM6.46, Hong Leong Bank added four sen to RM21, Maybank shed one sen to RM9.92, TNB declined 14 sen to RM13.28 and IHH Healthcare went down seven sen to RM8.20.
On the most active list, Tanco picked up one sen to 96.5 sen, Perak Transit was higher by two sen to 28.5 sen, OCR Group was flat at four sen and MMAG fell 1.5 sen to six sen.
Among the top gainers, Malaysian Pacific Industries climbed 80 sen to RM31.50, Fraser & Neave jumped 56 sen to RM33.02, United Plantation was up 50 sen to RM26.80 and Hong Leong Industries widened by 30 sen to RM15.10.
As for the top losers, Kuala Lumpur Kepong and Nestle trimmed 50 sen each to RM20.76 and RM113 respectively, Bintulu Port shaved 34 sen to RM5.01, Malayan Cement tumbled 16 sen to RM6.54 and SAM Engineering & Equipment reduced 15 sen to RM4.31.
On the index board, the FBMT 100 Index gained 17.58 points to 11,840.64, the FBM Emas Index went up 18.24 points to 12,073.09, and the FBM Emas Shariah Index improved by 14.87 points to 12,074.04.
The FBM ACE Index bagged 31.51 points to 5,015.27, and the FBM Mid 70 Index was 45.75 points higher at 16,936.62.
Sector-wise, the plantation index erased 21.94 points to 8,118.14, the financial services index accumulated 64.78 points to 18,496.12, the industrial products and services index added 0.30 of-a-point to 167.29, while the energy index bounced 5.39 points to 761.
The Main Market volume narrowed to 1.27 billion units valued at RM1.96 billion against Friday’s 1.38 billion units valued at RM2.23 billion.
Warrants turnover increased to 2.02 billion units worth RM366.9 million from 1.9 billion units worth RM305.93 million previously.
The ACE Market volume decreased to 478.72 million units valued at RM137.79 million from 348.77 million units valued at RM143.45 million.
Consumer products and services counters accounted for 250.43 million shares traded on the Main Market, industrial products and services (198.86 million), construction (94.87 million), technology (136.1 million), financial services (56.39 million), property (218.48 million), plantation (28.13 million), real estate investment trusts (11.67 million), closed-end fund (7,100), energy (53.99 million), healthcare (108.95 million), telecommunications and media (35.83 million), transportation and logistics (40.37 million), utilities (35.88 million), and business trusts (395,100).
Stay current - Follow FMT on WhatsApp, Google news and Telegram
Subscribe to our newsletter and get news delivered to your mailbox.
Registration on or use of this site constitutes acceptance of our Terms of Service, Privacy Policy and Cookies Policy.
Copyright © 2009 -2025FMT Media Sdn Bhd (1235453-U) All Rights Reserved. A part of Media Prima Group."
https://www.freemalaysiatoday.com/category/business/2025/11/17/malaysia-records-rm476mil-net-foreign-inflows-ending-5-week-selling-streak,"Malaysia records RM476mil net foreign inflows, ending 5-week selling streak",2025-11-17,"MBSB Investment Bank Bhd’s (MBSB IB) fund flow report for the week ended Nov 14, 2025, showed that foreign investors were net buyers on four out of five trading days last week, with Tuesday being the highest net buying activity at RM198.2 million.
This was followed by Wednesday (RM193.9 million), Monday (RM60.1 million), and Thursday (RM56.3 million), while Friday was the only day that recorded outflows at RM32 million.
Sector-wise, consumer products and services, financial services and industrial products and services led inflows, each recording RM240 million, RM227.4 million and RM181.4 million, respectively.
However, local institutions ended a five-week consecutive streak of net purchases, recording outflows of RM318.1 million, while local retailers extended to a two-week consecutive streak of net selling, recording outflows of RM158.5 million.
MBSB IB noted that average daily trading volumes experienced a broad-based decrease last week, with local retailers and foreigners recording decreases of 5% and 2.5%, respectively, while local institutions saw an increase of 19.7%.
Across Asia, only India, Indonesia, and the Philippines saw net foreign buying, while the rest experienced net selling activity, led by Taiwan, which posted the largest outflow in the region.
It said India registered net foreign inflows of US$729.9 million (RM3.03 billion), reversing the previous week’s outflows, as easing inflation pressures raised expectations of near-term monetary policy easing.
Indonesia logged its sixth straight week of foreign net buying at US$229.9 million (RM954.31 million) as consumer confidence climbed to 121.2, its highest level since April 2025 and well within optimistic territory.
The Philippines saw a second week of net foreign buying at US$4.6 million (RM19.09 million)), despite foreign direct investment dropping 40.5% year-on-year to US$0.5 billion (RM2.08 billion) in August 2025, led by a 73.8% fall in debt instruments and a mild decline in reinvested earnings of 3.6%.
Meanwhile, Taiwan saw its fifth straight week of net equity outflows of US$2.94 billion (RM12.20 billion), the region’s largest, despite sharply improving economic data.
Stay current - Follow FMT on WhatsApp, Google news and Telegram
Subscribe to our newsletter and get news delivered to your mailbox.
Registration on or use of this site constitutes acceptance of our Terms of Service, Privacy Policy and Cookies Policy.
Copyright © 2009 -2025FMT Media Sdn Bhd (1235453-U) All Rights Reserved. A part of Media Prima Group."
https://www.freemalaysiatoday.com/category/business/2025/11/17/ringgit-ends-lower-as-fed-signals-steady-rates,Ringgit ends lower as Fed signals steady rates,2025-11-17,"This is due to comments by key Federal Reserve (Fed) officials who signalled that interest rates are likely to remain unchanged.
At 6pm, the ringgit edged down to 4.1480/4.1515 versus the greenback from Friday’s close of 4.1290/4.1345.
Bank Muamalat Malaysia Bhd chief economist Afzanizam Abdul Rashid said such remarks from influential Fed officials appear to have lent the needed support to the US dollar, with the DXY Index rising by 0.10% to 99.400 points.
“Apart from that, technical indicators have shown that the ringgit is already in an overbought condition. This might compel traders to cash their gains in the currency market,” he told Bernama.
At the close, the ringgit traded lower against a basket of major currencies.
It depreciated versus the yen to 2.6805/2.6829 from 2.6690/2.6728 at last Friday’s close, fell against the euro to 4.8125/4.8166 from 4.7983/4.8047 and slipped vis-à-vis the British pound to 5.4608/5.4654 from 5.4313/5.4385 previously.
The ringgit traded lower against Asean currencies.
It weakened against the Thai baht to 12.7847/12.8018 from 12.7356/12.7580 at last Friday’s close, edged down versus the Singapore dollar to 3.1864/3.1893 from 3.1720/3.1765, eased vis-à-vis the Indonesian rupiah to 247.8/248.1 from 247.1/247.5 and shed against the Philippine peso at 7.04/7.05 from 6.99/7.00 previously.
Stay current - Follow FMT on WhatsApp, Google news and Telegram
Subscribe to our newsletter and get news delivered to your mailbox.
Registration on or use of this site constitutes acceptance of our Terms of Service, Privacy Policy and Cookies Policy.
Copyright © 2009 -2025FMT Media Sdn Bhd (1235453-U) All Rights Reserved. A part of Media Prima Group."
https://www.freemalaysiatoday.com/category/business/2025/11/17/ringgit-opens-higher-against-greenback-on-renewed-demand,Ringgit opens higher against greenback on renewed demand,2025-11-17,"At 8.01am, the ringgit was at 4.1230/4.1390 versus last Friday’s close of 4.1290/4.1345.
The local currency had strengthened to more than a year’s high, a level last seen on Sept 30, 2024, when the local note was traded at 4.1210 at the close.
Bank Muamalat Malaysia Bhd chief economist Afzanizam Rashid said Malaysia’s third-quarter 2025 GDP growth of 5.2%, in line with consensus expectations, signalled steady economic momentum and provided medium-term support for the ringgit.
“We foresee the ringgit could experience some correction as the currency is already in the overbought condition.
“Meanwhile, the US December rate cut is not a sure thing as there are US Federal Reserve (Fed) members who prefer to keep it steady,” he said, adding that the ringgit is expected to linger at the RM4.13-RM4.14 level today.
The ringgit traded higher against a basket of major currencies in the early session today.
It strengthened versus the yen to 2.6667/2.6772 from 2.6690/2.6728 at Friday’s close, appreciated against the euro to 4.7880/4.8066 from 4.7983/4.8047 and firmed vis-a-vis the British pound to 5.4242/5.4453 from 5.4313/5.4385 previously.
The ringgit traded mostly higher against Asean currencies, except for the Singapore dollar, which eased to 3.1735/3.1861 from Friday’s close of 3.1720/3.1765.
It rose against the Thai baht to 12.6940/12.7523 from 12.7356/12.7580 at Friday’s close, improved versus the Indonesian rupiah to 246.7/247.8 from 247.1/247.5 and was higher against the Philippine peso at 6.98/7.01 from 6.99/7.00 previously.
Stay current - Follow FMT on WhatsApp, Google news and Telegram
Subscribe to our newsletter and get news delivered to your mailbox.
Registration on or use of this site constitutes acceptance of our Terms of Service, Privacy Policy and Cookies Policy.
Copyright © 2009 -2025FMT Media Sdn Bhd (1235453-U) All Rights Reserved. A part of Media Prima Group."
https://www.freemalaysiatoday.com/category/business/2025/11/18/bursa-ends-lower-on-broad-based-weakness-tracking-regional-peers,"Bursa ends lower on broad-based weakness, tracking regional peers",2025-11-18,"SPI Asset Management managing partner Stephen Innes said regional markets were trading defensively today, with Bursa Malaysia caught in the same slipstream.
He noted that a sharp hawkish repricing along the US rate curve overnight — which saw the odds of a December Fed rate cut fall to about 40% — has tightened financial conditions and weighed on Asian risk appetite.
“At the same time, the broader tape is being held hostage by two near-term catalysts: Nvidia’s earnings and the delayed US jobs report. With both landing this week, global funds are reluctant to add risk until those cards are on the table.
“That ‘wait-and-see’ impulse is powerful in Asean markets, where foreign flows have been thin and highly data-dependent. Closer to home, the Japan–China flare-up has introduced a fresh layer of regional uncertainty,” Innes told Bernama.
For the rest of the week, Bursa Malaysia may continue to trade heavily, but more as a contagion-driven risk-off move, rather than a deep, domestically-driven one, he added.
“Until we get clarity from Nvidia and the US labour print, and unless the geopolitical noise de-escalates, the index is likely to remain range-bound with a mild downside bias. The market lacks a catalyst to break the gravitational pull of global uncertainty,” Innes said.
At 5pm, the FTSE Bursa Malaysia KLCI (FBM KLCI) trimmed 13.37 points, or 0.82%, to 1,614.06 from Monday’s close of 1,627.43.
The benchmark index opened 0.43 of-a-point easier at 1,627.0 and fluctuated between 1,613.76 and 1,627.32 throughout the trading session.
Market breadth was negative, with decliners trouncing advancers 934 to 313, while 499 counters were unchanged, 1,021 untraded and 11 suspended.
Turnover rose to 4.33 billion units worth RM3.20 billion versus Monday’s 3.77 billion units worth RM2.47 billion.
Among heavyweights, YTL Corp gained one sen to RM2.44, TM bagged six sen to RM7.27, Maybank and IHH Healthcare were flat at RM9.92 and RM8.20, respectively, while Public Bank shed five sen to RM4.25, CIMB slid 16 sen to RM7.45, Tenaga Nasional went down 10 sen to RM13.18, and Press Metal eased two sen to RM6.44.
On the most active list, ACE Market debutant PMW International edged up 0.5 sen to 34.5 sen, MMAG rose 1.5 sen to 7.5 sen. TWL and Gamuda were flat at 2.5 sen and RM5.24, respectively, while Genetec decreased 8.5 sen to 32 sen, and VS Industry shed 3.5 sen to 47 sen.
Among the top gainers, Nestle increased by 30 sen to RM112.70, United Plantations firmed 24 sen to RM27.04, Arka surged 14 sen to 85 sen, and HI Mobility climbed 13 sen to RM2.63.
As for the top losers, Malaysian Pacific Industries dipped 90 sen to RM30.60, Petronas Dagangan slipped 60 sen to RM21.50, Dutch Lady gave up 44 sen to RM29.30, and Petronas Gas shaved 38 sen to RM18.14.
On the index board, the FBMT 100 Index sank 99.32 points to 11,741.32, the FBM Emas Index dipped 103.13 points to 11,969.96, and the FBM Emas Shariah Index shaved 105.89 points to 11,968.15.
The FBM ACE Index tumbled 103.17 points to 4,912.10 and the FBM Mid 70 Index slumped 150.95 points to 16,785.67.
Sector-wise, the plantation index added 0.48 of-a-point to 8,118.62, the financial services index lost 157.53 points to 18,338.59, the industrial products and services index eased 1.78 points to 165.51, while the energy index perked up 0.51 of-a-point to 761.51.
The Main Market volume increased to 1.56 billion units valued at RM2.54 billion against Monday’s 1.27 billion units valued at RM1.96 billion.
Warrants turnover improved to 2.27 billion units worth RM381.29 million from 2.02 billion units worth RM366.9 million yesterday.
The ACE Market volume expanded to 506.73 million units valued at RM186.67 million from 478.72 million units valued at RM137.79 million.
Consumer products and services counters accounted for 278.98 million shares traded on the Main Market, industrial products and services (273.69 million), construction (100.29 million), technology (282.29 million), financial services (64.79 million), property (199.47 million), plantation (53.61 million), real estate investment trusts (32.70 million), closed-end fund (18,300), energy (81.62 million), healthcare (80.14 million), telecommunications and media (30.85 million), transportation and logistics (43.28 million), utilities (35.14 million), and business trusts (21,000).
Stay current - Follow FMT on WhatsApp, Google news and Telegram
Subscribe to our newsletter and get news delivered to your mailbox.
Registration on or use of this site constitutes acceptance of our Terms of Service, Privacy Policy and Cookies Policy.
Copyright © 2009 -2025FMT Media Sdn Bhd (1235453-U) All Rights Reserved. A part of Media Prima Group."
https://www.freemalaysiatoday.com/category/business/2025/11/18/bursa-opens-slightly-lower-tracking-wall-streets-performance,"Bursa opens slightly lower, tracking Wall Street’s performance",2025-11-18,"At 9.05am, the FTSE Bursa Malaysia KLCI (FBM KLCI) eased 1.47 points to 1,625.96 from Monday’s close of 1,627.43, after opening 0.43 of-a-point easier at 1,627.0.
On the broader market, decliners outpaced decliners 213 to 87, while 219 counters were unchanged, 2,248 untraded, and 11 suspended.
Turnover stood at 103.41 million shares valued at RM63.90 million.
Rakuten Trade Sdn Bhd said foreign funds may be locking in some profits, reflecting their short-term vision.
“Nonetheless, we felt vindicated that most Southeast Asia markets have all performed positively, attributed to their attractive valuations, of which we have mentioned numerously. For today, we expect the index to trend in the 1,625-1,635 range,” it said in a research note today.
Among heavyweights, Maybank rose 2.0 sen to RM9.94, TNB increased 4.0 sen to RM13.32 and SD Guthrie added 3.0 sen to RM5.38, while Public Bank and Hong Leong Bank were flat at RM4.30 and RM21, respectively.
Meanwhile, CIMB fell 3.0 sen to RM7.58, IHH Healthcare declined 1.0 sen to RM8.19 and CelcomDigi trimmed 2.0 sen to RM3.59.
On the most active list, Systech and Genting Malaysia bagged 1.0 sen each to 19 sen and RM2.37, respectively, Tanco inched up half-a-sen to 97 sen and Nextgreen was flat at 78.5 sen.
Perak Transit and Pharmaniaga edged down half-a-sen each to 28 sen and 23 sen, respectively, and MMS Ventures gave up 7.0 sen to 52.5 sen.
Top gainers Petronas Dagangan jumped 16 sen to RM22.26, MNRB expanded 9.0 sen to RM2.11, Hong Leong Industries went up 8.0 sen to RM15.18 and Sarawak Oil Palms grew 7.0 sen to RM3.80.
As for the top losers, PPB Group depreciated 22 sen to RM11.38, Cyberjaya Education Group was 13 sen easier at 80 sen, Petronas Gas declined 12 sen to RM18.40 and Petronas Chemicals shaved 10 sen to RM3.31.
On the index board, the FBMT 100 Index slipped 15.84 points to 11,824.8, the FBM Emas Index tumbled 17.48 points to 12,055.61, and the FBM Emas Shariah Index dipped 24.4 points to 12,049.64.
The FBM ACE Index slumped 38.38 points to 4,976.89, while the FBM Mid 70 Index weakened 44.81 points to 16,891.81.
Sector-wise, the Plantation Index improved 14.7 points to 8,132.84, the Financial Services Index was 1.74 points higher at 18,497.86, and the Energy Index grew 0.93 of-a-point to 761.93, while the Industrial Products and Services Index eased 0.46 of-a-point to 166.83.
Stay current - Follow FMT on WhatsApp, Google news and Telegram
Subscribe to our newsletter and get news delivered to your mailbox.
Registration on or use of this site constitutes acceptance of our Terms of Service, Privacy Policy and Cookies Policy.
Copyright © 2009 -2025FMT Media Sdn Bhd (1235453-U) All Rights Reserved. A part of Media Prima Group."
https://www.freemalaysiatoday.com/category/business/2025/11/18/rare-earth-yttrium-surges-to-record-as-rally-approaches-1500,"Rare earth yttrium surges to record as rally approaches 1,500%",2025-11-18,"Prices surged to US$126 a kg, up from less than US$8 at the end of 2024, according to Asian Metal Inc.
In April, China imposed export curbs on rare earths, including yttrium.
Rare earths- their output, refining, trade, and usage – are at the heart of the drawn-out trade showdown between the world’s two largest economies.
At present, China dominates its production, and while Beijing recently agreed to free up sales, the two sides are still negotiating over the details.
Yttrium’s uses include medical technologies, as well as aerospace equipment, ceramics, lasers and superconductors.
In the four years to 2023, more than 90% of US imports came from China, according to the US Geological Survey.
In the US, while Pentagon-backed MP Materials Corp. mines yttrium at its Mountain Pass project, the company is stockpiling the material while it plans a downstream expansion.
Elsewhere, Australia’s Lynas Rare Earths Ltd, which produces an array of rare earths, is expanding capacity to produce yttrium from its Mount Weld mine and processing plant in Malaysia.
Stay current - Follow FMT on WhatsApp, Google news and Telegram
Subscribe to our newsletter and get news delivered to your mailbox.
Registration on or use of this site constitutes acceptance of our Terms of Service, Privacy Policy and Cookies Policy.
Copyright © 2009 -2025FMT Media Sdn Bhd (1235453-U) All Rights Reserved. A part of Media Prima Group."
https://www.freemalaysiatoday.com/category/business/2025/11/18/ringgit-edges-up-against-dollar-strengthens-vs-major-currencies,"Ringgit edges up against dollar, strengthens vs major currencies",2025-11-18,"At 8am, the ringgit stood at 4.1485/4.1595 versus the greenback, compared to yesterday’s close of 4.1480/4.1515.
Bank Muamalat Malaysia Bhd chief economist Afzanizam Rashid said the correction was understandable, given that the local currency has been in the overbought position based on the technical indicators.
“Having said that, ringgit should remain constructive in the mid- to long-term, underpinned by resilient economic growth and narrowing fiscal deficits, which can be deemed credit-positive by credit rating agencies.
“Today, we expect the USD/MYR to range between RM4.14 and RM4.15 as traders and investors await US data points,” he noted.
Meanwhile, the US Dollar Index (DXY) strengthened by 0.24% to 99.53 points as market expectations for a potential US interest rate cut in December continued to fade.
Afzanizam said the US Federal Reserve (Fed) remained cautious on the timing of any policy easing, prompting markets to look to the September US Nonfarm Payroll (NFP) data on Thursday for clearer economic signals.
“The Fed’s reluctance to cut rates has supported the US dollar, keeping the ringgit range-bound for now,” he added.
During the opening session, the ringgit traded higher against a basket of major currencies.
It appreciated versus the yen to 2.6720/2.6792 from 2.6805/2.6829 on Monday’s close, rose against the euro to 4.8077/4.8204 from 4.8125/4.8166 yesterday and improved vis-à-vis the British pound to 5.4561/5.4706 from 5.4608/5.4654 previously.
At the same time, the local currency traded mixed against Asean currencies.
It strengthened against the Thai baht to 12.7697/12.8111 from yesterday’s close of 12.7847/12.8018 and edged up versus the Singapore dollar to 3.1836/3.1922 from 3.1864/3.1893 previously.
The local note, however, was little changed against the Indonesian rupiah at 247.8/248.6 from 247.8/248.1 on Monday, and was almost flat against the Philippines’ peso at 7.04/7.06 from 7.04/7.05 previously.
Stay current - Follow FMT on WhatsApp, Google news and Telegram
Subscribe to our newsletter and get news delivered to your mailbox.
Registration on or use of this site constitutes acceptance of our Terms of Service, Privacy Policy and Cookies Policy.
Copyright © 2009 -2025FMT Media Sdn Bhd (1235453-U) All Rights Reserved. A part of Media Prima Group."
https://www.freemalaysiatoday.com/category/business/2025/11/18/ringgit-ends-lower-as-us-rate-outlook-remains-uncertain,Ringgit ends lower as US rate outlook remains uncertain,2025-11-18,"Bank Muamalat Malaysia Bhd chief economist Afzanizam Abdul Rashid said the correction seems appropriate given that technical indicators have flashed an overbought condition.
“Hence, the correction would mean the ringgit would be adjusting to its appropriate value given the prevailing economic condition.
“Based on the interest rate futures, the odds for an interest rate cut by the Federal Reserve in the December meeting have gone down significantly to around 42% from more than 90% in the previous month,” he told Bernama.
At the close, the ringgit traded mostly lower against a basket of major currencies.
At 6pm, the ringgit eased to 4.1605/4.1660 versus the greenback from yesterday’s close of 4.1480/4.1515.
It inched up versus the yen to 2.6800/2.6838 from 2.6805/2.6829 at Monday’s close, but fell against the euro to 4.8216/4.8280 from 4.8125/4.8166 and slipped vis-a-vis the British pound to 5.4719/5.4791 from 5.4608/5.4654 previously.
The ringgit traded lower against Asean currencies.
It weakened against the Thai baht to 12.8252/12.8481 from 12.7847/12.8018 at yesterday’s close, depreciated versus the Singapore dollar to 3.1938/3.1982 from 3.1864/3.1893, eased vis-a-vis the Indonesian rupiah to 248.3/248.7 from 247.8/248.1 and shed against the Philippine peso at 7.05/7.06 from 7.04/7.05 previously.
Stay current - Follow FMT on WhatsApp, Google news and Telegram
Subscribe to our newsletter and get news delivered to your mailbox.
Registration on or use of this site constitutes acceptance of our Terms of Service, Privacy Policy and Cookies Policy.
Copyright © 2009 -2025FMT Media Sdn Bhd (1235453-U) All Rights Reserved. A part of Media Prima Group."
https://www.freemalaysiatoday.com/category/business/2025/11/19/bursa-ends-at-intraday-high-on-bargain-hunting-2,Bursa ends at intraday high on bargain-hunting,2025-11-19,"Rakuten Trade Sdn Bhd vice-president of equity research Thong Pak Leng said the key index remains supported at current levels, indicating that buying interest persists whenever the market softens.
He added that while global sentiment has been shaky due to concerns that the ongoing rally in AI-related stocks may be forming a bubble, the impact on Malaysia has so far been manageable.
“We remain watchful of these external risks, as sharp movements in global tech markets could spill over into the region.
“However, despite these concerns, we maintain a positive view of the local market,” he said.
Thong said Malaysia’s valuations remain attractive, domestic conditions are stable, and investors continue to show confidence in key sectors.
“We anticipate the FTSE Bursa Malaysia KLCI (FBM KLCI) to trend within the range of 1,620-1,650 for the rest of the week,” he told Bernama.
At 5pm, the FBM KLCI advanced 9.83 points, or 0.61% to 1,623.89 from yesterday’s close of 1,614.06.
The benchmark index opened 0.62 of-a-point easier at 1,613.44 and moved within a narrow range throughout the day before late buying pushed it to finish at its intraday high.
On the broader market, decliners edged advancers 572 to 497, while 573 counters were unchanged, 1,144 untraded and 10 suspended.
Turnover rose to 4.64 billion units worth RM2.96 billion versus yesterday’s 4.33 billion units worth RM3.2 billion.
Among heavyweights, Maybank added one sen to RM9.93, Public Bank gained three sen to RM4.28, CIMB jumped 12 sen to RM7.57, IHH Healthcare advanced five sen to RM8.25, TNB was flat at RM13.18, and CelcomDigi declined eight sen to RM3.39.
On the most active list, Zetrix AI perked up 2.5 sen to 84.5 sen, Tanco rose two sen to RM1.01, PMW International inched up 0.5 sen to 35 sen, Farm Fresh was flat at RM2.40, and Bumi Armada trimmed two sen to 28.5 sen.
Among the top gainers, BLD Plantation surged RM2.02 to RM12.78, United Plantations increased 96 sen to RM28, Mesiniaga soared 25 sen to RM1.30 and Bintulu Port climbed 20 sen to RM5.30.
As for the top losers, Dutch Lady dipped 70 sen to RM28.60, Fraser & Neave went down 40 sen to RM32.60, Petronas Dagangan decreased 38 sen to RM21.12 and Malayan Cement fell 22 sen to RM6.28.
On the index board, the FBMT 100 Index went up 58.42 points to 11,799.74, the FBM Emas Index improved by 55.34 points to 12,025.30, and the FBM Emas Shariah Index was 46.15 points higher at 12,014.3.
The FBM ACE Index rose 10.65 points to 4,922.75 and the FBM Mid 70 Index gained 26.72 points to 16,812.39.
Sector-wise, the plantation index surged 106.91 points to 8,225.53, the financial services index soared 105.47 points to 18,444.06, the industrial products and services index eased 0.18 of-a-point to 165.33, and the energy index trimmed 2.82 points to 758.69.
The Main Market volume decreased to 1.46 billion units valued at RM2.34 billion against 1.56 billion units valued at RM2.54 billion yesterday.
Warrants turnover expanded to 2.47 billion units worth RM394.73 million from 2.27 billion units worth RM381.29 million yesterday.
The ACE Market volume jumped to 711.02 million units valued at RM232.33 million against 506.73 million units valued at RM186.67 million previously.
Consumer products and services counters accounted for 287.63 million shares traded on the Main Market, industrial products and services (311.3 million), construction (70.7 million), technology (203.18 million), financial services (65.2 million), property (171.16 million), plantation (60.59 million), real estate investment trusts (21.54 million), closed-end fund (24,800), energy (109.59 million), healthcare (83.07 million), telecommunications and media (30.1 million), transportation and logistics (28.64 million), utilities (206.6 million), and business trusts (104,200).
Stay current - Follow FMT on WhatsApp, Google news and Telegram
Subscribe to our newsletter and get news delivered to your mailbox.
Registration on or use of this site constitutes acceptance of our Terms of Service, Privacy Policy and Cookies Policy.
Copyright © 2009 -2025FMT Media Sdn Bhd (1235453-U) All Rights Reserved. A part of Media Prima Group."
https://www.freemalaysiatoday.com/category/business/2025/11/19/fbm-klci-turns-slightly-higher-after-weak-start,FBM KLCI turns slightly higher after weak start,2025-11-19,"At 9.05am, the FTSE Bursa Malaysia KLCI (FBM KLCI) rose 3.01 points to 1,617.07 from Tuesday’s close of 1,614.06, after opening 0.62 of-a-point easier at 1,613.44.
On the broader market, decliners edged advancers 149 to 107, while 214 counters were unchanged, 2,316 untraded, and 10 suspended.
There was a turnover of 129.13 million shares valued at RM64.28 million.
Rakuten Trade Sdn Bhd said Wall Street stumbled again as AI-related stretched valuations continue to weigh on sentiment. The ongoing shrinking risk appetite saw the Nasdaq lose more than 1,000 points over the past five trading days
It added that all eyes will be on Nvidia’s earnings later today as the US 10-year yield remains elevated at 4.12%.
“Notwithstanding this, we remain adamant that bargain-hunting activities should return if and when the index goes below the 1,610 threshold. We thus expect the index to trend within the 1,610-1,620 range today,” Rakuten Trade said in a research note today.
Among heavyweights, Public Bank added one sen to RM4.26, CIMB jumped eight sen to RM7.53, TNB increased two sen to RM13.20, IHH Healthcare bagged 13 sen to RM8.33, Maybank was flat at RM9.92, Press Metal declined three sen to RM6.41, while CelcomDigi and Petronas Gas shed two sen each to RM3.45 and RM18.12, respectively.
On the most active list, Aquawalk went up one sen to 32 sen, Tanco and Perak Transit both grew half-a-sen to 99.5 sen and 28 sen, respectively. Genetec was flat at 32 sen, and MMAG slipped half-a-sen to seven sen.
Top gainers included Hong Leong Bank which bounced eight sen to RM21, Sunway Construction and Malaysian Pacific Industries went up six sen each to RM5.78 and RM30.66 while UMS Integration expanded by four sen to RM4.46.
As for the top losers, Nestle discounted RM1 to RM111.70, Fraser & Neave went down 28 sen to RM32.72, Kuala Lumpur Kepong dipped 24 sen to RM20.44 and Petronas Dagangan depreciated 20 sen to RM21.30.
On the index board, the FBMT 100 Index recouped 11.90 points to 11,753.22, the FBM Emas Index garnered 11.52 points to 11,981.48, and the FBM Emas Shariah Index eased 0.31 of-a-point to 11,967.84.
The FBM ACE Index trimmed 7.13 points to 4,904.97, while the FBM Mid 70 Index weakened 26.48 points to 16,759.19.
Sector-wise, the Financial Services Index was 56.82 points higher at 18,395.41, the Plantation Index eased 1.93 points to 8,116.69, the Energy Index slipped 1.6 points to 759.91, and the Industrial Products and Services Index eased 0.42 of-a-point to 165.09.
Stay current - Follow FMT on WhatsApp, Google news and Telegram
Subscribe to our newsletter and get news delivered to your mailbox.
Registration on or use of this site constitutes acceptance of our Terms of Service, Privacy Policy and Cookies Policy.
Copyright © 2009 -2025FMT Media Sdn Bhd (1235453-U) All Rights Reserved. A part of Media Prima Group."
https://www.freemalaysiatoday.com/category/business/2025/11/19/ringgit-rises-versus-us-dollar-on-robust-october-exports,Ringgit rises versus US dollar on robust October exports,2025-11-19,"The country’s exports rose 15.7% year-on-year to a record-high of RM148.32 billion last month, driven by stronger manufacturing shipments and sustained demand for electrical and electronic products.
Bank Muamalat Malaysia Bhd’s chief economist, Afzanizam Abdul Rashid, said the latest export data — which marked the second consecutive month of double-digit growth — shows the economy is cruising at a respectable speed.
“It also beat the consensus estimates of around 8% growth. Meanwhile, total approved investment rose 13.2% to RM285.2 billion in the first nine months of 2025, led by a 47.5% jump in foreign investment.
“In some sense, the appreciation of the ringgit is also being associated with the prevailing state of the Malaysian economy,” he told Bernama.
At the close, the ringgit traded higher against a basket of major currencies.
At 6pm, the ringgit rose to 4.1480/4.1530 versus the greenback from yesterday’s close of 4.1605/4.1660.
It appreciated versus the Japanese yen to 2.6598/2.6632 from 2.6800/2.6838 at Tuesday’s close, strengthened against the euro to 4.8013/4.8071 from 4.8216/4.8280 yesterday, and went up vis-a-vis the British pound to 5.4451/5.4516 from 5.4719/5.4791 previously.
The ringgit also traded stronger against Asean currencies.
It edged up against the Thai baht to 12.7977/12.8191 from 12.8252/12.8481 at yesterday’s close, rose versus the Singapore dollar to 3.1810/3.1851 from 3.1938/3.1982 on Tuesday, inched up vis-a-vis the Indonesian rupiah to 248.2/248.6 from 248.3/248.7 and advanced against the Philippine peso at 7.04/7.05 from 7.05/7.06 previously.
Stay current - Follow FMT on WhatsApp, Google news and Telegram
Subscribe to our newsletter and get news delivered to your mailbox.
Registration on or use of this site constitutes acceptance of our Terms of Service, Privacy Policy and Cookies Policy.
Copyright © 2009 -2025FMT Media Sdn Bhd (1235453-U) All Rights Reserved. A part of Media Prima Group."
https://www.freemalaysiatoday.com/category/business/2025/11/19/ringgit-rises-vs-dollar-ahead-of-us-feds-next-rate-move,Ringgit rises vs dollar ahead of US Fed’s next rate move,2025-11-19,"At 8am, the ringgit strengthened to 4.1570/4.1705 versus the greenback from yesterday’s close of 4.1605/4.1660.
Bank Muamalat Malaysia Bhd chief economist Afzanizam Rashid said the US Dollar Index (DXY) slipped 0.04% to 99.550 points, with uncertainties over the US Fed’s interest rate decision next month looming large.
He said the latest data point on the labour market after 41 days of the US government shutdown suggests that a weaker trajectory continues.
“The initial jobless claims (IJC) rose to 232,000 compared with consensus estimates of 223,000 and the prior week’s level of 219,000.
“The majority of the US Fed officials appear mixed on what they will decide next when it comes to monetary policy in December,” he noted.
Afzanizam said the ringgit has corrected against the US Dollar after reaching the RM4.12-RM4.13 level last week, as it closed weaker against the greenback yesterday.
“We expect the ringgit to stabilise around RM4.14 to RM4.16 today as some technical indicators have gone into the neutral zone,” he said.
At the opening, the ringgit was traded higher against a basket of major currencies.
It gained versus the yen to 2.6726/2.6815 from 2.6800/2.6838 at Tuesday’s close, climbed against the euro to 4.8138/4.8294 from 4.8216/4.8280 and was up vis-a-vis the British pound to 5.4652/5.4830 from 5.4719/5.4791 previously.
The ringgit traded mixed against Asean currencies.
It rose marginally vis-a-vis the Indonesian rupiah to 248.1/249.0 from 248.3/248.7 at yesterday’s close and advanced against the Philippine peso at 7.04/7.07 from 7.05/7.06 previously.
The local note weakened against the Thai baht to 12.8330/12.8838 from 12.8252/12.8481 at Tuesday’s close and was marginally lower versus the Singapore dollar to 3.1940/3.2049 from 3.1938/3.1982 previously.
Stay current - Follow FMT on WhatsApp, Google news and Telegram
Subscribe to our newsletter and get news delivered to your mailbox.
Registration on or use of this site constitutes acceptance of our Terms of Service, Privacy Policy and Cookies Policy.
Copyright © 2009 -2025FMT Media Sdn Bhd (1235453-U) All Rights Reserved. A part of Media Prima Group."
https://www.freemalaysiatoday.com/category/business/2025/11/19/russian-oil-cargoes-race-to-india-as-sanctions-deadline-nears,Russian oil cargoes race to India as sanctions deadline nears,2025-11-19,"At least 7.7 million barrels of Russia’s flagship Urals crude linked to the two sanctioned producers are set to reach India’s shores after the US restrictions take effect on Nov 21, according to data from Kpler Ltd.
That raises questions about whether the crude will be able to discharge smoothly, given the deadline.
The data showed most of the tankers are heading either to Reliance Industries Ltd’s Jamnagar refinery or Rosneft-linked Nayara Energy Ltd’s Vadinar port.
Delivery dates range from the end of November and into December.
Destinations can change during a ship’s voyage.
Oil traders are keeping close tabs on shipments of sanctioned Russian oil to major buyer India to gauge its near-term demand for alternatives.
New Delhi has been under pressure from Washington, which says the purchases help fund Moscow’s war in Ukraine.
Five of India’s seven refiners, including Reliance, had earlier said they would completely stop taking delivery of Russian crude after Nov 21.
State-run Indian Oil Corp will continue buying non-sanctioned grades, while Nayara – which relies entirely on Russian supplies – is still lifting cargoes.
Meanwhile, it remains unclear if Indian companies have sought any exemptions from the US to continue buying some crude parcels from Rosneft or Lukoil after the Friday deadline.
Earlier in November, Hungary won an exemption on procurement of Russian oil and gas and the US has also extended a waiver for some Lukoil transactions.
Starting Friday, four of Russia’s top producers – accounting for as much as 80% of the country’s exports to India – would be under sanction, leaving counterparties at risk of secondary sanctions.
Should the ships fail to arrive by Nov 21, they could idle off India’s shores while they consider their next moves, which can include ship-to-ship transfers to other tankers and diversions to new destinations such as the waters off Malaysia or even further to China.
Stay current - Follow FMT on WhatsApp, Google news and Telegram
Subscribe to our newsletter and get news delivered to your mailbox.
Registration on or use of this site constitutes acceptance of our Terms of Service, Privacy Policy and Cookies Policy.
Copyright © 2009 -2025FMT Media Sdn Bhd (1235453-U) All Rights Reserved. A part of Media Prima Group."
https://www.freemalaysiatoday.com/category/business/2025/11/20/bursa-ends-lower-on-late-selling-2,Bursa ends lower on late selling,2025-11-20,"Rakuten Trade Sdn Bhd vice-president of equity research Thong Pak Leng said investors are awaiting the release of the delayed US September jobs report, which was pushed back due to the government shutdown. The report is set for release today.
Back home, the benchmark index reversed earlier gains as buying interests have shifted to mid and small cap stocks.
“However, the overall market continues to show encouraging strength, supported by strong market volume over the past several sessions, indicating that investors are gradually returning to the local market.
“We foresee the FTSE Bursa Malaysia KLCI (FBM KLCI) to trend within the range of 1,620-1,635 towards the weekend,” he told Bernama.
At 5pm, the FBM KLCI slipped 3.93 points, or 0.24%, to 1,619.96 from Wednesday’s close of 1,623.89.
The benchmark index opened 4.55 points firmer at 1,628.44 and fluctuated between 1,619.26 and 1,629.69 throughout the trading session.
On the broader market, gainers thumped decliners 692 to 452, while 547 counters were unchanged, 1,095 untraded and 10 suspended.
Turnover was slightly higher at 4.7 billion units worth RM2.94 billion versus yesterday’s 4.64 billion units worth RM2.96 billion.
Among heavyweights, Maybank lost three sen to RM9.90, CIMB and Tenaga Nasional fell four sen each to RM7.53 and RM13.14, respectively, IHH Healthcare sank 12 sen to RM8.13, while Public Bank rose two sen to RM4.30.
On the most active list, VS Industry and Perak Transit eased 0.5 sen each to 44 sen and 28 sen, respectively, Aquawalk slid 2.5 sen to 35.5 sen, while Zetrix AI increased one sen to 85.5 sen, and Tanco was two sen firmer at RM1.03.
Among the top gainers, Nestle climbed RM1 to RM113.30, BLD Plantation gained 52 sen to RM13.30, Petronas Dagangan rose 36 sen to RM21.48, and Chin Teck Plantations and United Plantations perked up 30 sen each to RM10.86 and RM28.30, respectively.
As for the top losers, PPB slipped 46 sen to RM11.14, Kuala Lumpur Kepong edged down 20 sen to RM20.60, Sunway Construction dipped 13 sen to RM5.73, and AmBank and Mesiniaga slid 10 sen each to RM5.73 and RM1.20, respectively.
On the index board, the FBMT 100 Index shed 2.45 points to 11,797.29, the FBM Emas Index improved by 5.71 points to 12,031.01, and the FBM Emas Shariah Index was 10.33 points higher at 12,024.63.
The FBM ACE Index rose 50.81 points to 4,973.56 and the FBM Mid 70 Index soared 110.38 points to 16,922.78.
Sector-wise, the plantation index garnered 0.67 of-a-point to 8,226.20, the industrial products and services index rose 1.07 points to 166.40, while the financial services index declined 20.68 points to 18,423.38, and the energy index trimmed 1.40 points to 757.29.
The Main Market volume increased to 1.53 billion units valued at RM2.29 billion against 1.46 billion units valued at RM2.34 billion on Wednesday.
Warrants turnover expanded to 2.71 billion units worth RM488.2 million from 2.47 billion units worth RM394.73 million yesterday.
The ACE Market volume shrank to 457.42 million units valued at RM162.05 million against 711.02 million units valued at RM232.33 million previously.
Consumer products and services counters accounted for 416.85 million shares traded on the Main Market, industrial products and services (261.5 million), construction (101.2 million), technology (237.04 million), financial services (71.34 million), property (133.51 million), plantation (59.33 million), real estate investment trusts (19.86 million), closed-end fund (24,400), energy (82.25 million), healthcare (59.82 million), telecommunications and media (35.35 million), transportation and logistics (35.73 million), utilities (24.72 million), and business trusts (79,000).
Stay current - Follow FMT on WhatsApp, Google news and Telegram
Subscribe to our newsletter and get news delivered to your mailbox.
Registration on or use of this site constitutes acceptance of our Terms of Service, Privacy Policy and Cookies Policy.
Copyright © 2009 -2025FMT Media Sdn Bhd (1235453-U) All Rights Reserved. A part of Media Prima Group."
https://www.freemalaysiatoday.com/category/business/2025/11/20/bursa-opens-higher-on-tech-construction-buying,"Bursa opens higher on tech, construction buying",2025-11-20,"At 9.10am, the FTSE Bursa Malaysia KLCI (FBM KLCI) rose 4.08 points to 1,627.97, after opening 4.55 points firmer at 1,628.44, following Wednesday’s close of 1,623.89.
Market breadth was positive, with 312 gainers against 90 decliners. Another 235 counters were unchanged, 2,149 untraded, and 10 suspended.
Turnover stood at 179.84 million shares worth RM98.42 million.
Malacca Securities Sdn Bhd said Wall Street rebounded after a four-day, tech-led slide, as investors positioned ahead of corporate earnings.
Following the Wall Street gains, the brokerage expects the FBM KLCI to continue its recovery, with optimism likely in technology stocks and renewed buying in the construction sector.
“We believe this is justifiable given their discounted valuations and strong earnings visibility, underpinned by mega infrastructure projects and data centre investments in the country,” it said in a note.
Among heavyweights, Maybank rose four sen to RM9.97, Public Bank added one sen to RM4.29, Tenaga Nasional gained two sen to RM13.20, while CIMB slipped two sen to RM7.55. IHH Healthcare was flat at RM8.25.
On the most active list, Malayan United Industries and MMAG rose half-a-sen each to 6.5 sen and 8.5 sen, respectively, while Perak Transit gained 1.5 sen to 30 sen. AHB fell half-a-sen to 3.0 sen, and Aquawalk remained flat at 38 sen.
Top gainers included BLD Plantation, which added RM1.02 to RM13.80, United Plantations up 38 sen to RM28.38, Kuala Lumpur Kepong rose 30 sen to RM21.10, and Kelington gained 17 sen to RM5.33.
Among the top losers, Nestle eased 10 sen to RM112.20, Hume Cement declined seven sen to RM3.22, while Amway and AEON Credit lost four sen to RM4.89 and RM1.15, respectively.
On the index board, the FBMT 100 Index gained 39.72 points to 11,839.47, the FBM Emas Index rose 41.85 points to 12,067.15, and the FBM Emas Shariah Index added 51.55 points to 12,065.85.
The FBM ACE Index strengthened 30.21 points to 4,952.96, while the FBM Mid 70 Index surged 100.44 points to 16,912.84.
Sector-wise, the Financial Services Index advanced 20.27 points to 18,464.34, the Plantation Index climbed 63.46 points to 8,288.99, the Energy Index gained 0.87 of a point to 759.56, and the Industrial Products and Services Index rose 0.49 of-a-point to 165.82.
Stay current - Follow FMT on WhatsApp, Google news and Telegram
Subscribe to our newsletter and get news delivered to your mailbox.
Registration on or use of this site constitutes acceptance of our Terms of Service, Privacy Policy and Cookies Policy.
Copyright © 2009 -2025FMT Media Sdn Bhd (1235453-U) All Rights Reserved. A part of Media Prima Group."
https://www.freemalaysiatoday.com/category/business/2025/11/20/capital-a-to-distribute-1-69-billion-aax-shares-in-final-restructure,Capital A to distribute 1.69 billion AAX shares in final restructure,2025-11-20,"In a statement today, the group said the move forms part of the final phase in the disposal of its airline business to AAX, consolidating all AirAsia-branded airlines under a single entity and paving the way for Capital A’s transformation into a multi-platform travel and digital group.
The entitlement date for the distribution is Dec 3, 2025 at 5 pm, with the distribution ratio estimated at approximately 389 AAX shares for every 1,000 Capital A shares held.
“Capital A shareholders whose names appear in the record of depositors at 5pm on the entitlement date will be entitled to receive the distribution shares and will not be required to pay for them,” it said.
The group added that the actual number of shares to be received will be calculated based on a formula relating to the number of Capital A shares held on the entitlement date.
“Fractional entitlements to the distribution shares will be disregarded,” it said.
Capital A said the exercise represents a major milestone in its comprehensive regularisation plan, which also includes a proposed capital reduction to offset accumulated losses.
“The overall restructuring is targeted for completion by December, after which Capital A plans to apply for an uplift from its Practice Note 17 (PN17) status,” it said.
Its chief financial officer, Mun Hui Teh, said the setting of the entitlement date is a monumental milestone, marking a step closer to the final phase of the airline business disposal that will complete the consolidation of all AirAsia airlines under AirAsia X.
Following the consolidation, the group explained that a unified AirAsia Group will operate as a single airline entity, focusing on expanding its low-cost network across the region and beyond.
“Capital A, in the meantime, will concentrate on scaling its five key high-growth businesses: its engineering arm, Asia Digital Engineering; logistics provider, Teleport; travel platform, AirAsia MOVE; food and beverages brand, Santan; and its brand licensing and intellectual property division, AirAsia Next,” it said.
Capital A fell into Bursa Malaysia’s PN17 category of financially distressed entities in January 2022.
Stay current - Follow FMT on WhatsApp, Google news and Telegram
Subscribe to our newsletter and get news delivered to your mailbox.
Registration on or use of this site constitutes acceptance of our Terms of Service, Privacy Policy and Cookies Policy.
Copyright © 2009 -2025FMT Media Sdn Bhd (1235453-U) All Rights Reserved. A part of Media Prima Group."
https://www.freemalaysiatoday.com/category/business/2025/11/20/ringgit-ends-lower-against-greenback-as-confidence-in-us-rate-cut-fades,Ringgit ends lower against greenback as confidence in US rate cut fades,2025-11-20,"Bank Muamalat Malaysia Bhd’s chief economist Afzanizam Abdul Rashid said that coupled with scanty data points, the degree of policy uncertainties has become elevated and this would support the value of US dollar in the near term.
“The US Dollar Index (DXY) is hovering slightly above 100 points as the flow of economic data points post-reopening of the US government has not been forthcoming.
“In addition, the Federal Reserve officials are not keen to cut interest rates,” he told Bernama.
Meanwhile, SPI Asset Management managing partner Stephen Innes said the ringgit weakened today following the scant US economic data, noting that the upside shock immediately pushed December Fed rate-cut odds down from around 50% to roughly 30%.
“This prompted front-end US yields to climb as traders priced out near-term easing,” he added.
Innes said that for the ringgit, it is a classic pressure point: stronger US growth plus fewer expected cuts widen the US-Malaysia rate differential, pulling capital towards the dollar and away from regional currencies.
“The market gets a look at a delayed September non-farm payrolls (NFP) print tonight, and on any weakness, we should see the ringgit open stronger tomorrow,” he said.
At the close, the ringgit traded higher against a basket of major currencies.
At 6pm, the ringgit eased to 4.1565/4.1645 versus the greenback from yesterday’s close of 4.1480/4.1530.
It appreciated versus the yen to 2.6446/2.6498 from 2.6598/2.6632 at Wednesday’s close, strengthened against the euro to 4.7916/4.8008 from 4.8013/4.8071 yesterday, and went up vis-a-vis the British pound to 5.4367/5.4472 from 5.4451/5.4516 previously.
The ringgit traded mixed against Asean currencies.
It inched up versus the Singapore dollar to 3.1809/3.1873 from 3.1810/3.1851 on Wednesday, but edged down against the Thai baht to 12.8093/12.8395 from 12.7977/12.8191 at yesterday’s close, depreciated vis-a-vis the Indonesian rupiah to 248.3/248.9 from 248.2/248.6, and was flat against the Philippine peso at 7.04/7.05.
Stay current - Follow FMT on WhatsApp, Google news and Telegram
Subscribe to our newsletter and get news delivered to your mailbox.
Registration on or use of this site constitutes acceptance of our Terms of Service, Privacy Policy and Cookies Policy.
Copyright © 2009 -2025FMT Media Sdn Bhd (1235453-U) All Rights Reserved. A part of Media Prima Group."
https://www.freemalaysiatoday.com/category/business/2025/11/20/ringgit-opens-marginally-higher-against-greenback-6,Ringgit opens marginally higher against greenback,2025-11-20,"At 8am, the ringgit was quoted at 4.1475/4.1590 to the greenback, compared with Wednesday’s close of 4.1480/4.1530.
Bank Muamalat Malaysia Bhd chief economist Afzanizam Rashid said the currency’s mild uptick followed renewed uncertainty in the US after unexpected delays in the release of key economic data.
He said the US dollar index climbed 0.65% to 100.202 after the US Bureau of Labour Statistics announced it would postpone the publication of October’s employment report to Dec 16.
“Such a date means the US Federal Reserve is still ‘flying blind’, suggesting it may not cut interest rates when it meets on Dec 9 and 10, 2025.
“In addition, the Federal Open Market Committee’s October minutes indicated members were generally inclined to keep rates steady for the rest of 2025,” he noted.
Back home, Afzanizam said the ringgit had already shown resilience in the previous session, closing 0.31% firmer at 4.1505 against the US dollar, supported by profit-taking on the greenback.
“Given the latest developments, the USD-MYR pair could trade between 4.15 and 4.17 today as participants may seek to lock in short-term gains ahead of upcoming US data releases,” he added.
In early trade, the ringgit strengthened against a basket of major currencies.
It appreciated against the yen to 2.6416/2.6490 from 2.6598/2.6632 at Wednesday’s close, firmed versus the euro to 4.7858/4.7991 from 4.8013/4.8071, and advanced against the British pound to 5.4166/5.4317 from 5.4451/5.4516.
The ringgit traded mixed against Asean currencies.
It rose against the Thai baht to 12.7741/12.8182 from 12.7977/12.8191 at Wednesday’s close, and improved versus the Singapore dollar to 3.1755/3.1845 from 3.1810/3.1851.
The local note was little changed against the Indonesian rupiah at 248.2/249.0 from 248.2/248.6, and hovered around 7.04/7.06 against the Philippine peso compared with 7.04/7.05 previously.
Stay current - Follow FMT on WhatsApp, Google news and Telegram
Subscribe to our newsletter and get news delivered to your mailbox.
Registration on or use of this site constitutes acceptance of our Terms of Service, Privacy Policy and Cookies Policy.
Copyright © 2009 -2025FMT Media Sdn Bhd (1235453-U) All Rights Reserved. A part of Media Prima Group."
