market_date,article_count,sentiment_score_mean,sentiment_score_std,positive_ratio,negative_ratio,neutral_ratio,source_day_count,first_calendar_date,last_calendar_date,Date,Adj Close 5347.KL,Close 5347.KL,High 5347.KL,Low 5347.KL,Open 5347.KL,Volume 5347.KL,date,close,return_tplus0_1d,return_tplus1_1d,return_tplus2_1d,open,high,low,volume,return_1d,log_return_1d,open_close_pct,high_low_pct,volume_log1p,volume_change_1d,sma_5_gap,sma_10_gap,ema_5_gap,ema_10_gap,volatility_5,volatility_10,rsi_14,macd,macd_signal,macd_hist,article_count_log1p,current_close,target_date,target
2023-01-03,5,-0.7658773705363274,0.1341126830121216,0.0,1.0,0.0,1,2023-01-03,2023-01-03,2023-01-03,8.04068660736084,9.300000190734863,9.470000267028809,9.300000190734863,9.470000267028809,3519600,2023-01-03,8.04068660736084,,0.0075267418162694,0.0085379984369133,9.470000267028809,9.470000267028809,9.300000190734863,3519600,,,-0.15093068842292787,0.021142482550970072,15.073858188876699,,,,0.0,0.0,,,50.0,0.0,0.0,0.0,1.791759469228055,8.04068660736084,2023-01-06,0.015053602238618513
2023-01-04,3,-0.4502492037912211,0.4036683099941339,0.0,1.0,0.0,1,2023-01-04,2023-01-04,2023-01-04,8.10120677947998,9.369999885559082,9.380000114440918,9.260000228881836,9.289999961853027,1688800,2023-01-04,8.10120677947998,0.0075267418162694,0.0085379984369133,-0.0010583314920209,9.289999961853027,9.380000114440918,9.260000228881836,1688800,0.007526741816269444,0.007498557232125336,-0.1279648210177091,0.014812593830222523,14.339529367652501,-0.5201727469030571,,,0.005005270085627789,0.006149827274745556,,,50.0,0.004827819998109106,0.0009655639996218213,0.0038622559984872852,1.3862943611198906,8.10120677947998,2023-01-09,0.017075761433763992
2023-01-05,3,0.8147772631297509,0.1664167535784649,1.0,0.0,0.0,1,2023-01-05,2023-01-05,2023-01-05,8.170374870300293,9.449999809265137,9.470000267028809,9.369999885559082,9.369999885559082,3550500,2023-01-05,8.170374870300293,0.0085379984369133,-0.0010583314920209,0.0095339062269226,9.369999885559082,9.470000267028809,9.369999885559082,3550500,0.008537998436913385,0.008501755874772421,-0.12802828494241872,0.012239387183228615,15.082599278254717,1.1023803884414969,,,0.009016502926998848,0.012028036529096564,,,50.0,0.014072964620492456,0.0035870441237959485,0.010485920496696508,1.3862943611198906,8.170374870300293,2023-01-10,0.008465484701699832
2023-01-06,5,-0.1564026527106762,0.6053258947895712,0.2,0.6,0.2,1,2023-01-06,2023-01-06,2023-01-06,8.161727905273438,9.4399995803833,9.4399995803833,9.390000343322754,9.420000076293944,1794500,2023-01-06,8.161727905273438,-0.0010583314920209,0.0095339062269226,0.0,9.420000076293944,9.4399995803833,9.390000343322754,1794500,-0.0010583314920209475,-0.001058891920241667,-0.1335745393661972,0.006126060270673993,14.400237546827933,-0.4945782284185326,,,0.005285082936181684,0.008946974085035198,,,50.0,0.02046614949776071,0.006962865198588901,0.01350328429917181,1.791759469228055,8.161727905273438,2023-01-11,-0.004237343588458842
2023-01-09,4,-0.4629082027822733,0.2384030353509183,0.0,0.75,0.25,1,2023-01-09,2023-01-09,2023-01-09,8.239541053771973,9.529999732971191,9.529999732971191,9.420000076293944,9.4399995803833,2268300,2023-01-09,8.239541053771973,0.0095339062269226,0.0,-0.0136411959325376,9.4399995803833,9.529999732971191,9.420000076293944,2268300,0.009533906226922628,0.009488745355726635,-0.1271672224547477,0.01335021646950727,14.634541651073167,0.26402897743103937,0.011892065533447349,,0.00986402712063783,0.01513940522476398,,,50.0,0.03144913924481507,0.011860120007834136,0.019589019236980934,1.6094379124341003,8.239541053771973,2023-01-12,-0.013641195932537653
2023-01-10,3,-0.2901055977369348,1.0806850421064589,0.3333333333333333,0.6666666666666666,0.0,1,2023-01-10,2023-01-10,2023-01-10,8.239541053771973,9.529999732971191,9.529999732971191,9.4399995803833,9.479999542236328,1860800,2023-01-10,8.239541053771973,0.0,-0.0136411959325376,0.0,9.479999542236328,9.529999732971191,9.4399995803833,1860800,0.0,0.0,-0.13085005784417283,0.010922956994878923,14.43651759814966,-0.17964995811841467,0.0069737699182970125,,0.006554466933892611,0.012352783584563376,0.005027904166384607,,50.0,0.039695650992566556,0.01742722620478062,0.022268424787785936,1.3862943611198906,8.239541053771973,2023-01-13,-0.005246658336984122
2023-01-11,7,0.2184769962581673,0.5608347904202353,0.4285714285714285,0.1428571428571428,0.4285714285714285,1,2023-01-11,2023-01-11,2023-01-11,8.127143859863281,9.399999618530272,9.510000228881836,9.390000343322754,9.470000267028809,3339000,2023-01-11,8.127143859863281,-0.0136411959325376,0.0,0.0085106328051587,9.470000267028809,9.510000228881836,9.390000343322754,3339000,-0.013641195932537653,-0.013735091926014853,-0.14180109496309926,0.014765320711463416,15.021182218416612,0.7943895098882201,-0.007391836769019,,-0.004795564390991824,-0.001192340553627158,0.009337029661789868,,50.0,0.036738063235354446,0.021289393610895387,0.015448669624459059,2.0794415416798357,8.127143859863281,2023-01-16,0.005319336187773471
2023-01-12,4,0.1179919615387916,0.6346555991540984,0.5,0.5,0.0,1,2023-01-12,2023-01-12,2023-01-12,8.127143859863281,9.399999618530272,9.449999809265137,9.350000381469728,9.43000030517578,3211700,2023-01-12,8.127143859863281,0.0,0.0085106328051587,-0.0031643658614769,9.43000030517578,9.449999809265137,9.350000381469728,3211700,0.0,0.0,-0.13816080627244606,0.012304375254050273,14.982311261297363,-0.03812518718179092,-0.006342531198333057,,-0.0032021616514579243,-0.000975762896908039,0.008257737757539076,,50.0,0.034002197462775996,0.02383195438127151,0.010170243081504486,1.6094379124341003,8.127143859863281,2023-01-17,0.0021276875373741344
2023-01-13,7,0.5488735781649926,0.3590308741523497,0.8571428571428571,0.0,0.1428571428571428,1,2023-01-13,2023-01-13,2023-01-13,8.196310997009277,9.479999542236328,9.5,9.350000381469728,9.350000381469728,1615800,2023-01-13,8.196310997009277,0.0085106328051587,-0.0031643658614769,-0.0031747610291693,9.350000381469728,9.5,9.350000381469728,1615800,0.008510632805158735,0.008474621544610539,-0.12338923394558218,0.018300869572299597,14.29534136691603,-0.49690195223713296,0.001267397148521976,,0.0035146253194440202,0.006149683449599985,0.009294226421109776,,50.0,0.036988829835364,0.02646332947209001,0.010525500363273991,2.0794415416798357,8.196310997009277,2023-01-18,-0.009493330292613122
2023-01-16,5,-0.0973201066255569,0.6057994920358422,0.6,0.4,0.0,1,2023-01-16,2023-01-16,2023-01-16,8.170374870300293,9.449999809265137,9.470000267028809,9.380000114440918,9.460000038146973,1739600,2023-01-16,8.170374870300293,-0.0031643658614769,-0.0031747610291693,-0.0031844038566474,9.460000038146973,9.470000267028809,9.380000114440918,1739600,-0.0031643658614769477,-0.0031693830540806545,-0.13632401296472846,0.011015425120216396,14.369166334550247,0.07661839336551557,-0.00021145816156731279,0.0015899277166673276,0.00022606637583511002,0.0024253030409286946,0.00798068197482794,,50.0,0.03683828007829426,0.028538319593330863,0.008299960484963398,1.791759469228055,8.170374870300293,2023-01-19,0.005290957119424178
2023-01-17,9,-0.1268442920409143,0.6560260172317877,0.4444444444444444,0.5555555555555556,0.0,1,2023-01-17,2023-01-17,2023-01-17,8.14443588256836,9.420000076293944,9.449999809265137,9.380000114440918,9.449999809265137,1746100,2023-01-17,8.14443588256836,-0.0031747610291693,-0.0031844038566474,0.0117143875769203,9.449999809265137,9.449999809265137,9.380000114440918,1746100,-0.0031747610291693595,-0.0031798112746797003,-0.13815491566642712,0.008594787390252528,14.37289586021494,0.003736491147390275,-0.0010604592796971124,-0.002858087549892585,-0.0019682099275988296,-0.0006195779953569458,0.00794189300938104,0.007326405709404981,50.0,0.034231311531280895,0.02967691798092087,0.004554393550360025,2.302585092994046,8.14443588256836,2023-01-20,0.0031848722374316907
2023-01-18,5,-0.8035009041428566,0.0729121521283983,0.0,1.0,0.0,1,2023-01-18,2023-01-18,2023-01-18,8.118500709533691,9.390000343322754,9.43000030517578,9.380000114440918,9.420000076293944,1766800,2023-01-18,8.118500709533691,-0.0031844038566474,0.0117143875769203,-0.0052631102288882,9.420000076293944,9.43000030517578,9.380000114440918,1766800,-0.003184403856647422,-0.003189484860120384,-0.1381634136113822,0.006158796127977847,14.384681124699368,0.01185499112307431,-0.004030319047386377,-0.0062438016202837066,-0.0034367931150476316,-0.003112886384752822,0.005061087460117936,0.007095397417247155,50.0,0.029729811697876585,0.029687496724312014,4.231497356457087e-05,1.791759469228055,8.118500709533691,2023-01-25,0.013844340301414348
2023-01-19,5,0.2034239493310451,0.1824309670825583,0.6,0.2,0.2,1,2023-01-19,2023-01-19,2023-01-19,8.213603973388672,9.5,9.5,9.390000343322754,9.390000343322754,2465600,2023-01-19,8.213603973388672,0.0117143875769203,-0.0052631102288882,0.0074073866565724,9.390000343322754,9.5,9.390000343322754,2465600,0.011714387576920338,0.011646305317596362,-0.12528182395335263,0.013392374045989428,14.717946149128698,0.39551731944758894,0.005503811862486385,0.0048657171847317215,0.0054765190503651695,0.006996860363134738,0.007365224331032121,0.007563975805617412,50.0,0.033450779466997815,0.030440153272849175,0.0030106261941486405,1.791759469228055,8.213603973388672,2023-01-26,0.0021052905352025864
2023-01-20,8,0.3971819868311286,0.3985741624581482,0.75,0.125,0.125,1,2023-01-20,2023-01-20,2023-01-20,8.170374870300293,9.449999809265137,9.5,9.420000076293944,9.489999771118164,2497600,2023-01-20,8.170374870300293,-0.0052631102288882,0.0074073866565724,0.0,9.489999771118164,9.5,9.420000076293944,2497600,-0.005263110228888257,-0.005277009182796277,-0.13905426055267286,0.009791463057204394,14.730841229127593,0.0129785853341986,0.0008472891059354559,-0.0005287342976808551,0.000123049294332489,0.0013879648579884218,0.00695111869078861,0.0077773977194777405,50.0,0.03253638668114611,0.030859399954508565,0.0016769867266375471,2.1972245773362196,8.170374870300293,2023-01-27,0.010581797515401448
2023-01-25,6,0.2547587375156581,0.3583842871834721,0.6666666666666666,0.1666666666666666,0.1666666666666666,2,2023-01-23,2023-01-25,2023-01-25,8.23089599609375,9.520000457763672,9.520000457763672,9.43000030517578,9.449999809265137,1416100,2023-01-25,8.23089599609375,0.0074073866565724,0.0,0.0031510696674206,9.449999809265137,9.520000457763672,9.43000030517578,1416100,0.007407386656572479,0.007380086699367183,-0.12900569711928792,0.010934429572504015,14.16341787837572,-0.43301569506726456,0.006768183982770237,0.006981227970550119,0.005008325137528358,0.007193092264123457,0.007562532987890459,0.007516494128321706,77.82326586137667,0.03627709311813376,0.031942938587233606,0.004334154530900157,1.9459101490553132,8.23089599609375,2023-01-30,-0.0010504337992658375
2023-01-26,5,-0.5125249624252319,0.3231066972725864,0.0,1.0,0.0,1,2023-01-26,2023-01-26,2023-01-26,8.23089599609375,9.520000457763672,9.520000457763672,9.470000267028809,9.489999771118164,1008000,2023-01-26,8.23089599609375,0.0,0.0031510696674206,-0.0041883058232489,9.489999771118164,9.520000457763672,9.470000267028809,1008000,0.0,0.0,-0.13267690257025785,0.006074695969745282,13.82347971967645,-0.2881858625803263,0.004643276393862861,0.007087742650267348,0.0033333186438337936,0.005877570414958511,0.007196336648682433,0.007516494128321706,77.82326586137667,0.03879443185801712,0.033313237241390306,0.005481194616626814,1.791759469228055,8.23089599609375,2023-01-31,-0.010504337992658819
2023-01-27,5,-0.04775574170053,0.8862812586703518,0.4,0.6,0.0,1,2023-01-27,2023-01-27,2023-01-27,8.256832122802734,9.550000190734863,9.56999969482422,9.479999542236328,9.520000457763672,2205100,2023-01-27,8.256832122802734,0.0031510696674206,-0.0041883058232489,-0.0094638453364053,9.520000457763672,9.56999969482422,9.479999542236328,2205100,0.003151069667420625,0.0031461154520529,-0.1326857430905698,0.010900082652684764,14.606283870802729,1.1875992063492062,0.004417181449967833,0.008660608508550771,0.004320574000091115,0.007390066201167,0.006554761910130579,0.005838564939166884,78.68979579596859,0.04239358278077354,0.035129306349266955,0.0072642764315065875,1.791759469228055,8.256832122802734,2023-02-02,-0.002094152911624514
2023-01-30,7,0.5192957438661584,0.4561122207698973,0.8571428571428571,0.0,0.1428571428571428,1,2023-01-30,2023-01-30,2023-01-30,8.222249984741211,9.510000228881836,9.550000190734863,9.489999771118164,9.550000190734863,1797300,2023-01-30,8.222249984741211,-0.0041883058232489,-0.0094638453364053,0.0116773184263343,9.550000190734863,9.550000190734863,9.489999771118164,1797300,-0.004188305823248917,-0.004197101343560217,-0.13903143240581267,0.007297323692182498,14.401796653130113,-0.18493492358623187,2.319740555201122e-08,0.0032704064453179527,7.611196443924051e-05,0.002592803101926,0.005239173227874157,0.0061099846161852605,74.50929929975138,0.0419716235412082,0.036497769787655204,0.0054738537535529985,2.0794415416798357,8.222249984741211,2023-02-03,0.006309114237244895
2023-01-31,2,0.9682112536393106,0.0041826986857922,1.0,0.0,0.0,1,2023-01-31,2023-01-31,2023-01-31,8.14443588256836,9.420000076293944,9.520000457763672,9.420000076293944,9.510000228881836,4533300,2023-01-31,8.14443588256836,-0.0094638453364053,0.0116773184263343,0.0041973266695871,9.510000228881836,9.520000457763672,9.420000076293944,4533300,-0.009463845336405319,-0.009508912082539567,-0.1435924619818896,0.012278368067671875,15.326960929659794,1.5222834251377066,-0.00883845271252548,-0.0055949562174336664,-0.006278617960524091,-0.0056489205697267675,0.00651902411795908,0.006353152778034007,66.01126196311208,0.034955326829283706,0.0361892811959809,-0.0012339543666971958,1.0986122886681098,8.14443588256836,2023-02-07,-0.003184403856647422
2023-02-02,1,0.6096531599760056,0.0,1.0,0.0,0.0,1,2023-02-02,2023-02-02,2023-02-02,8.239541053771973,9.529999732971191,9.5600004196167,9.43000030517578,9.449999809265137,3405200,2023-02-02,8.239541053771973,0.0116773184263343,0.0041973266695871,-0.0188085613624358,9.449999809265137,9.5600004196167,9.43000030517578,3405200,0.011677318426334349,0.011609664710164669,-0.1280908761824931,0.015777591687756335,15.040814526660503,-0.24884741799572052,0.0025247078014491997,0.005168170506638425,0.0035439643738095494,0.004873071979528687,0.00795485030082872,0.007347596420838992,70.44766026703786,0.036646614266905075,0.03628074781016574,0.00036586645673933327,0.6931471805599453,8.239541053771973,2023-02-08,-0.0020985475911726725
2023-02-03,1,0.8823797879740596,0.0,1.0,0.0,0.0,1,2023-02-03,2023-02-03,2023-02-03,8.274125099182129,9.56999969482422,9.579999923706056,9.470000267028809,9.470000267028809,2304200,2023-02-03,8.274125099182129,0.0041973266695871,-0.0188085613624358,0.0127793639391673,9.470000267028809,9.579999923706056,9.470000267028809,2304200,0.004197326669587165,0.004188542465539236,-0.1262803731917827,0.013294415464919789,14.650244536576102,-0.32332902619523085,0.0056747042294478245,0.007792740067512849,0.00515744348341074,0.007425696444940844,0.008143061370118419,0.007266334678503336,71.88478116012378,0.040312913012666485,0.037087180850665896,0.0032257321620005885,0.6931471805599453,8.274125099182129,2023-02-09,-0.004179782755952655
2023-02-07,6,-0.2928784102356682,0.6727623797359069,0.1666666666666666,0.8333333333333334,0.0,1,2023-02-07,2023-02-07,2023-02-07,8.118500709533691,9.390000343322754,9.550000190734863,9.31999969482422,9.460000038146973,3694000,2023-02-07,8.118500709533691,-0.0188085613624358,0.0127793639391673,0.002102960754398,9.460000038146973,9.550000190734863,9.31999969482422,3694000,-0.018808561362435805,-0.01898769203582429,-0.14180753945071384,0.02833041520099263,15.122220710450543,0.6031594479645863,-0.009911232999785247,-0.01116239152466425,-0.009207610431261837,-0.009447318027579366,0.01183032168849529,0.0096870672373592,58.17515702017664,0.030311481653344075,0.03573204101120153,-0.005420559357857457,1.9459101490553132,8.118500709533691,2023-02-10,0.04046851441905863
2023-02-08,6,0.1976294481816391,0.8808312062731477,0.6666666666666666,0.3333333333333333,0.0,1,2023-02-08,2023-02-08,2023-02-08,8.222249984741211,9.510000228881836,9.520000457763672,9.359999656677246,9.390000343322754,1807200,2023-02-08,8.222249984741211,0.0127793639391673,0.002102960754398,0.0251838442739027,9.390000343322754,9.520000457763672,9.359999656677246,1807200,0.012779363939167343,0.01269839694265995,-0.12436105600485227,0.019459491183478252,14.407289797477965,-0.510774228478614,0.002741471685791863,0.001368871128596405,0.002300075848787664,0.0026259065035876272,0.013789368046598745,0.00983437878603405,63.212290255231956,0.030406467851017638,0.034666926379164756,-0.004260458528147118,1.9459101490553132,8.222249984741211,2023-02-13,0.04206083890631662
2023-02-09,6,-0.5200499172012011,0.3603665783142318,0.1666666666666666,0.8333333333333334,0.0,1,2023-02-09,2023-02-09,2023-02-09,8.239541053771973,9.529999732971191,9.609999656677246,9.4399995803833,9.5,4434500,2023-02-09,8.239541053771973,0.002102960754398,0.0251838442739027,0.0143293131774586,9.5,9.609999656677246,9.4399995803833,4434500,0.0021029607543980866,0.002100752627625102,-0.13267988907663444,0.020632226380633313,15.304925653303185,1.4537959274015049,0.0025246380041763494,0.0026301360426559395,0.0029342710829647345,0.003870259844737989,0.012717320778784858,0.009658261748488188,63.99065963266585,0.03151371932058211,0.034036284967448226,-0.0025225656468661137,1.9459101490553132,8.239541053771973,2023-02-14,0.041972687977767986
2023-02-10,8,0.2684525824151933,0.5677527183097189,0.75,0.25,0.0,1,2023-02-10,2023-02-10,2023-02-10,8.447044372558594,9.770000457763672,9.81999969482422,9.529999732971191,9.529999732971191,9259100,2023-02-10,8.447044372558594,0.0251838442739027,0.0143293131774586,0.0020181899778812,9.529999732971191,9.81999969482422,9.529999732971191,9259100,0.025183844273902745,0.024871956774463744,-0.11363645233544639,0.0343315305404497,16.04111751767612,1.0879693313789605,0.02260841663776314,0.025183773078813587,0.01861969880050096,0.023725534183293595,0.01615355529710963,0.012273790877931472,71.72290556118085,0.048575064627915054,0.03694404089954159,0.011631023728373463,2.1972245773362196,8.447044372558594,2023-02-15,0.0184236445860666
2023-02-13,6,-0.1172361214024325,0.5319164165156506,0.1666666666666666,0.5,0.3333333333333333,2,2023-02-11,2023-02-13,2023-02-13,8.568084716796875,9.90999984741211,9.920000076293944,9.6899995803833,9.770000457763672,5583100,2023-02-13,8.568084716796875,0.0143293131774586,0.0020181899778812,0.0020142361720514,9.770000457763672,9.920000076293944,9.6899995803833,5583100,0.014329313177458669,0.014227618890982008,-0.12302105267678895,0.026843863420228528,15.53525491476114,-0.3970148286550529,0.02993124535147218,0.03563579544238937,0.021901388790138254,0.03119616541349579,0.016641559493800143,0.012755340923420672,75.08384920056135,0.07104429351588237,0.04376409142280975,0.027280202093072622,1.9459101490553132,8.568084716796875,2023-02-16,-0.0010090949889406398
2023-02-14,4,0.560490397270769,0.6029519450034021,0.75,0.25,0.0,1,2023-02-14,2023-02-14,2023-02-14,8.585376739501953,9.93000030517578,10.0,9.829999923706056,9.880000114440918,6865500,2023-02-14,8.585376739501953,0.0020181899778812,0.0020142361720514,-0.005025301663878,9.880000114440918,10.0,9.829999923706056,6865500,0.0020181899778812795,0.002016156168437533,-0.13103475303069104,0.019801120143250164,15.742019573399748,0.22969318120757287,0.020554912463894848,0.03362122738964324,0.015849250636144507,0.02706315078373578,0.009680682123241432,0.01276968923279722,75.5312922959929,0.08921818925909974,0.052854910990067755,0.03636327826903199,1.6094379124341003,8.585376739501953,2023-02-17,-0.00402813910037525
2023-02-15,3,-0.21860621124506,0.4883853038135792,0.0,0.6666666666666666,0.3333333333333333,1,2023-02-15,2023-02-15,2023-02-15,8.602669715881348,9.949999809265137,9.979999542236328,9.850000381469728,9.93000030517578,2430200,2023-02-15,8.602669715881348,0.0020142361720514,-0.005025301663878,-0.0010100028723523,9.93000030517578,9.979999542236328,9.850000381469728,2430200,0.0020142361720514312,0.002012210318282026,-0.1336687360022126,0.015111490393105404,14.70348452794533,-0.6460272376374627,0.01344475628866837,0.03098129447127218,0.011859530239015648,0.02370960682515033,0.010432521151060688,0.012475960344895846,75.99554804423818,0.10381976165503026,0.06304788112306026,0.040771880531970006,1.3862943611198906,8.602669715881348,2023-02-20,-0.009045343450673093
2023-02-16,5,-0.1625197350978851,0.3964189479275482,0.2,0.6,0.2,1,2023-02-16,2023-02-16,2023-02-16,8.559438705444336,9.899999618530272,9.979999542236328,9.880000114440918,9.949999809265137,3553000,2023-02-16,8.559438705444336,-0.005025301663878,-0.0010100028723523,-0.0030334066200268,9.949999809265137,9.979999542236328,9.880000114440918,3553000,-0.005025301663878046,-0.005037970954779425,-0.1397548874851186,0.011682942215802574,15.083303156455418,0.46201958686527855,0.0008086333739156792,0.020723657772776516,0.004506244524326908,0.01513857409953312,0.012001840477598285,0.01198936629196427,72.30229826467115,0.11062798122775064,0.07256390114399834,0.0380640800837523,1.791759469228055,8.559438705444336,2023-02-21,-0.010100920066378305
2023-02-17,5,-0.2152416854631155,0.6825590366947655,0.2,0.8,0.0,1,2023-02-17,2023-02-17,2023-02-17,8.550793647766113,9.890000343322754,9.899999618530272,9.829999923706056,9.869999885559082,1597900,2023-02-17,8.550793647766113,-0.0010100028723523,-0.0030334066200268,-0.0060851604756213,9.869999885559082,9.899999618530272,9.829999923706056,1597900,-0.0010100028723523113,-0.0010105132689504082,-0.13365818167061133,0.008186338918668977,14.284201450948675,-0.5502673796791444,-0.002621992567517051,0.015921900518875987,0.002325087392983871,0.011517675148897233,0.007234380035018516,0.011880563785631503,71.5534253039742,0.11401170442603181,0.08085346180040504,0.03315824262562678,1.791759469228055,8.550793647766113,2023-02-22,-0.024266806838202815
2023-02-20,3,0.236131703791519,0.6284513527524738,0.6666666666666666,0.3333333333333333,0.0,1,2023-02-20,2023-02-20,2023-02-20,8.524855613708496,9.859999656677246,9.880000114440918,9.829999923706056,9.859999656677246,1391400,2023-02-20,8.524855613708496,-0.0030334066200268,-0.0060851604756213,-0.0153059846268202,9.859999656677246,9.880000114440918,9.829999923706056,1391400,-0.003033406620026824,-0.0030380167231265354,-0.13541015106066287,0.005865224351067964,14.14582171117201,-0.12923211715376437,-0.004643666477066599,0.009831972068545358,-0.0004770285259981799,0.006902484897802097,0.0031037365846747172,0.01207073236085715,69.23632982374909,0.11329436000497672,0.08734164144131937,0.025952718563657357,1.3862943611198906,8.524855613708496,2023-02-23,-0.021298005729749936
2023-02-21,3,-0.1680399179458618,0.4084496418591771,0.3333333333333333,0.6666666666666666,0.0,1,2023-02-21,2023-02-21,2023-02-21,8.472980499267578,9.800000190734863,9.850000381469728,9.789999961853027,9.850000381469728,1654100,2023-02-21,8.472980499267578,-0.0060851604756213,-0.0153059846268202,0.0,9.850000381469728,9.850000381469728,9.789999961853027,1654100,-0.006085160475621354,-0.006103750518592577,-0.13979896739828185,0.00708138294687301,14.3187682167885,0.18880264481816877,-0.008097160115934976,-0.0005099505607825128,-0.00438243936234517,0.0006342647024280001,0.0032415906475445635,0.010003667798243047,64.72220560898295,0.10730304843758098,0.0913339228405717,0.01596912559700929,1.3862943611198906,8.472980499267578,2023-02-24,-0.008163146779065378
2023-02-22,3,-0.5244103781878949,0.5135740706732417,0.0,0.6666666666666666,0.3333333333333333,1,2023-02-22,2023-02-22,2023-02-22,8.343293190002441,9.649999618530272,9.800000190734863,9.609999656677246,9.800000190734863,3078100,2023-02-22,8.343293190002441,-0.0153059846268202,0.0,0.0072538654000531,9.800000190734863,9.800000190734863,9.609999656677246,3078100,-0.015305984626820202,-0.015424330361168526,-0.14864356861029707,0.0227728463726158,14.93982340635788,0.860891119037543,-0.017311475474653504,-0.01721140490260764,-0.01316701581942803,-0.012044227695848897,0.00550493172273646,0.01123395620313371,55.057681352408586,0.09104074777032345,0.09127528782652204,-0.00023454005619859275,1.3862943611198906,8.343293190002441,2023-02-27,-0.0010363971192115518
2023-02-23,6,0.1696900324895978,0.7929974063210954,0.6666666666666666,0.3333333333333333,0.0,1,2023-02-23,2023-02-23,2023-02-23,8.343293190002441,9.649999618530272,9.770000457763672,9.609999656677246,9.649999618530272,1882500,2023-02-23,8.343293190002441,0.0,0.0072538654000531,-0.0082305591510158,9.649999618530272,9.770000457763672,9.609999656677246,1882500,0.0,0.0,-0.1354099979463881,0.019177175899577726,14.448111769864544,-0.3884214288034826,-0.012282408807999357,-0.01841104041960051,-0.008816707120328227,-0.009875995157403339,0.006167266238936832,0.011241488149969288,55.057681352408586,0.07726212761483353,0.08847265578418434,-0.011210528169350809,1.9459101490553132,8.343293190002441,2023-02-28,-0.02901569020881911
2023-02-24,3,0.1977618518285453,0.7262044921003795,0.6666666666666666,0.3333333333333333,0.0,1,2023-02-24,2023-02-24,2023-02-24,8.403814315795898,9.720000267028809,9.75,9.550000190734863,9.670000076293944,2160500,2023-02-24,8.403814315795898,0.0072538654000531,-0.0082305591510158,-0.0280083208326324,9.670000076293944,9.75,9.550000190734863,2160500,0.007253865400053128,0.0072276826595714105,-0.13093958123145275,0.023798694467726988,14.585850697209839,0.14767596281540496,-0.0016433387340887284,-0.010787610942828652,-0.0010851197078005637,-0.002205072725897428,0.00827882794570698,0.007961776755792306,58.418221709212546,0.07041432838120976,0.08486099030358943,-0.014446661922379672,1.3862943611198906,8.403814315795898,2023-03-01,-0.0452677348872077
2023-02-27,3,-0.7335356262822946,0.2756104752628477,0.0,1.0,0.0,1,2023-02-27,2023-02-27,2023-02-27,8.334646224975586,9.640000343322754,9.770000457763672,9.5600004196167,9.770000457763672,2437200,2023-02-27,8.334646224975586,-0.0082305591510158,-0.0280083208326324,-0.0096052482415276,9.770000457763672,9.770000457763672,9.5600004196167,2437200,-0.008230559151015893,-0.008264617209637226,-0.14691444887778796,0.025196035017981556,14.706360807663302,0.12807220550798437,-0.005365319300413396,-0.016226165490369926,-0.006223806276200894,-0.00853956979119641,0.008538134567875572,0.006326048148727985,53.49499052979713,0.05872911856428509,0.07963461595572857,-0.020905497391443484,1.3862943611198906,8.334646224975586,2023-03-02,-0.024896361466489547
2023-02-28,9,-0.1506075690396958,0.5980365066737895,0.2222222222222222,0.4444444444444444,0.3333333333333333,1,2023-02-28,2023-02-28,2023-02-28,8.10120677947998,9.369999885559082,9.670000076293944,9.369999885559082,9.670000076293944,7087000,2023-02-28,8.10120677947998,-0.0280083208326324,-0.0096052482415276,0.0129310862285969,9.670000076293944,9.670000076293944,9.369999885559082,7087000,-0.028008320832632494,-0.028408035085739414,-0.16223301803894172,0.03703154343557179,15.773772818895813,1.9078450681109471,-0.02456806747414697,-0.038283941715648084,-0.022965928901971133,-0.02990454504765694,0.013663467223120805,0.009920986354896187,40.951357557783304,0.030282811875428806,0.06976425513966862,-0.039481443264239816,2.302585092994046,8.10120677947998,2023-03-03,0.0032016316938110467
2023-03-01,6,-0.7540691088264188,0.1416985423794987,0.0,1.0,0.0,1,2023-03-01,2023-03-01,2023-03-01,8.023392677307129,9.279999732971191,9.380000114440918,9.18000030517578,9.369999885559082,6105100,2023-03-01,8.023392677307129,-0.0096052482415276,0.0129310862285969,0.0,9.369999885559082,9.380000114440918,9.18000030517578,6105100,-0.009605248241527642,-0.009651676178858093,-0.14371475183551774,0.024927087244627284,15.62463520920664,-0.13854945675179908,-0.026437423279530692,-0.040926148617296265,-0.02180215999744395,-0.03232167743525949,0.013221628302171143,0.009586293826921088,37.77193529154537,0.0014433234202240186,0.0561000687957797,-0.05465674537555568,1.9459101490553132,8.023392677307129,2023-03-06,0.006465721406890168
2023-03-02,5,0.3288795385509729,0.5603952688028363,0.6,0.4,0.0,1,2023-03-02,2023-03-02,2023-03-02,8.127143859863281,9.399999618530272,9.420000076293944,9.199999809265137,9.279999732971191,2892600,2023-03-02,8.127143859863281,0.0129310862285969,0.0,-0.0063828279234464,9.279999732971191,9.420000076293944,9.199999809265137,2892600,0.012931086228596955,0.01284819356310063,-0.12423016231475673,0.02706981330985173,14.877666655331451,-0.5261994070531195,-0.0086480311085666,-0.02347818009905067,-0.006120673760874662,-0.016265573194408134,0.016067216771695196,0.011473484194759955,44.0133600574508,-0.012891717911086786,0.04230171145440641,-0.05519342936549319,1.791759469228055,8.127143859863281,2023-03-07,-0.00212757019303611
2023-03-03,2,-0.1169373840093613,0.0845096785469821,0.0,1.0,0.0,1,2023-03-03,2023-03-03,2023-03-03,8.127143859863281,9.399999618530272,9.449999809265137,9.289999961853027,9.40999984741211,2722300,2023-03-03,8.127143859863281,0.0,-0.0063828279234464,0.0042825927832117,9.40999984741211,9.449999809265137,9.289999961853027,2722300,0.0,0.0,-0.13632901257715033,0.01968709428195122,14.816988036535529,-0.058874369079720656,-0.001911258878110722,-0.01848187071058016,-0.004088791226307342,-0.01334767034250306,0.014958511439487478,0.011517939643958192,44.0133600574508,-0.02397596148506409,0.02904617686651231,-0.0530221383515764,1.0986122886681098,8.127143859863281,2023-03-08,0.0031915313060613126
2023-03-06,6,0.5243682945923259,0.3281087970299489,0.8333333333333334,0.0,0.1666666666666666,1,2023-03-06,2023-03-06,2023-03-06,8.07526969909668,9.34000015258789,9.4399995803833,9.3100004196167,9.399999618530272,1500500,2023-03-06,8.07526969909668,-0.0063828279234464,0.0042825927832117,0.0053304423894409,9.399999618530272,9.4399995803833,9.3100004196167,1500500,-0.006382827923446466,-0.006403285266524339,-0.14092872055251413,0.016098429601817954,14.221309610306855,-0.4488116666054439,-0.0019233716912256948,-0.0194225243491436,-0.0069880118744523045,-0.01613104727725445,0.014930418667620758,0.011502816929057155,41.594236782506364,-0.03652507726389054,0.01593192604043174,-0.05245700330432228,1.9459101490553132,8.07526969909668,2023-03-09,0.011777336825574025
2023-03-07,2,0.6414928063750267,0.3301429130511856,1.0,0.0,0.0,1,2023-03-07,2023-03-07,2023-03-07,8.10985279083252,9.380000114440918,9.399999618530272,9.31999969482422,9.34000015258789,1815300,2023-03-07,8.10985279083252,0.0042825927832117,0.0053304423894409,0.0021210355304155,9.34000015258789,9.399999618530272,9.31999969482422,1815300,0.004282592783211747,0.004273448580706329,-0.13170742416042966,0.009864534630823887,14.411761852151505,0.20979673442185942,0.0021368037068820733,-0.010861555382658872,-0.0018252281437489692,-0.00977188622194769,0.008919843855307828,0.011889266448380531,43.811505292842774,-0.04318200023117846,0.004109140786109701,-0.047291141017288166,1.0986122886681098,8.10985279083252,2023-03-10,0.0
2023-03-08,4,-0.7955996738746762,0.0702986359395307,0.0,1.0,0.0,1,2023-03-08,2023-03-08,2023-03-08,8.153081893920898,9.43000030517578,9.489999771118164,9.329999923706056,9.380000114440918,1958700,2023-03-08,8.153081893920898,0.0053304423894409,0.0021210355304155,-0.0074075033800191,9.380000114440918,9.489999771118164,9.329999923706056,1958700,0.005330442389440915,0.005316285866145076,-0.13080151445106333,0.0196244621964863,14.48779205638541,0.078995207403735,0.00425983616838832,-0.0032766520233231677,0.0023276112714090136,-0.0036795326344536416,0.00711460151713656,0.01155416870702185,46.54338236649124,-0.04445696014173528,-0.005604079399459297,-0.03885288074227598,1.6094379124341003,8.153081893920898,2023-03-13,-0.01166481813462572
2023-03-09,1,0.3838761299848556,0.0,1.0,0.0,0.0,1,2023-03-09,2023-03-09,2023-03-09,8.170374870300293,9.449999809265137,9.479999542236328,9.380000114440918,9.420000076293944,2158400,2023-03-09,8.170374870300293,0.0021210355304155,-0.0074075033800191,-0.0063965543862347,9.420000076293944,9.479999542236328,9.380000114440918,2158400,0.002121035530415538,0.0021187893102028177,-0.13265660253426276,0.012239270459781827,14.584878227741674,0.10195537856741721,0.005319241812956621,0.0009533947662807574,0.002964654719329163,-0.0012818844860604806,0.00464398377415039,0.01161920235989314,47.64008996970931,-0.04356973164091649,-0.013197209847750736,-0.03037252179316575,0.6931471805599453,8.170374870300293,2023-03-14,-0.019047749110888357
2023-03-10,5,-0.4378033219836652,0.7266102387153653,0.2,0.8,0.0,1,2023-03-10,2023-03-10,2023-03-10,8.10985279083252,9.380000114440918,9.449999809265137,9.31999969482422,9.449999809265137,2149200,2023-03-10,8.10985279083252,-0.0074075033800191,-0.0063965543862347,-0.005364876709618,9.449999809265137,9.449999809265137,9.31999969482422,2149200,-0.007407503380019165,-0.007435075176347894,-0.1418145021673637,0.016029898173721472,14.580606703126104,-0.0042624166048924605,-0.0017028744670328777,-0.002870181937267957,-0.0029809760636302363,-0.007112955463317694,0.00604191537985317,0.011236158495299943,44.22073555918213,-0.04720606058909027,-0.019998979996018643,-0.027207080593071628,1.791759469228055,8.10985279083252,2023-03-15,0.004264330392647064
2023-03-13,3,-0.2885788146716853,0.9632749554759644,0.3333333333333333,0.6666666666666666,0.0,1,2023-03-13,2023-03-13,2023-03-13,8.057977676391602,9.31999969482422,9.369999885559082,9.25,9.350000381469728,3136600,2023-03-13,8.057977676391602,-0.0063965543862347,-0.005364876709618,0.0161812035879749,9.350000381469728,9.369999885559082,9.25,3136600,-0.006396554386234765,-0.006417100001200993,-0.13818424089465475,0.014892059816777567,14.958650287498964,0.45942676344686384,-0.007666081300895411,-0.005866613931119424,-0.0062584982900311115,-0.01104304275416157,0.0060453092102049355,0.011165052320274779,41.473047639363855,-0.05365526122366937,-0.026730236241548792,-0.026925024982120578,1.3862943611198906,8.057977676391602,2023-03-16,0.0032189260257708963
2023-03-14,8,-0.4265358904667665,0.8308596625976553,0.25,0.75,0.0,1,2023-03-14,2023-03-14,2023-03-14,8.014747619628906,9.270000457763672,9.34000015258789,9.25,9.300000190734863,3617800,2023-03-14,8.014747619628906,-0.005364876709618,0.0161812035879749,-0.0074308611414908,9.300000190734863,9.34000015258789,9.25,3617800,-0.005364876709618049,-0.00537931933911695,-0.1381991983598443,0.011229318359005015,15.101376940660712,0.1534145252821526,-0.010672403618845472,-0.010144168604784065,-0.0077564980361654046,-0.013416067633136852,0.005701349985101517,0.007188171633495695,39.282503439362664,-0.06154514931190391,-0.03369321885561982,-0.02785193045628409,2.1972245773362196,8.014747619628906,2023-03-17,0.030204881633570047
2023-03-15,10,0.5998172094579786,0.3760939866172896,0.8,0.0,0.2,1,2023-03-15,2023-03-15,2023-03-15,8.14443588256836,9.420000076293944,9.4399995803833,9.279999732971191,9.289999961853027,1982100,2023-03-15,8.14443588256836,0.0161812035879749,-0.0074308611414908,0.02139018002501,9.289999961853027,9.4399995803833,9.279999732971191,1982100,0.016181203587974924,0.016051683241986137,-0.12331152680179003,0.019645295232117808,14.499667951201372,-0.45212560119409584,0.005550742395016739,0.0043714194454560484,0.005517533687325216,0.0020838010226078563,0.009883683847112607,0.00831474115937554,48.133158632649724,-0.05667981388373278,-0.03829053786124242,-0.01838927602249036,2.3978952727983707,8.14443588256836,2023-03-20,0.005307808141863157
2023-03-16,7,-0.7251532813534141,0.3352993476459419,0.0,0.8571428571428571,0.1428571428571428,1,2023-03-16,2023-03-16,2023-03-16,8.083915710449219,9.350000381469728,9.4399995803833,9.329999923706056,9.420000076293944,2677200,2023-03-16,8.083915710449219,-0.0074308611414908,0.02139018002501,-0.0083769581502061,9.420000076293944,9.4399995803833,9.329999923706056,2677200,-0.00743086114149083,-0.007458607528631589,-0.14183485722118727,0.01360722459476655,14.800282403733132,0.350688663538671,0.00021402309830542698,-0.002560200603469509,-0.0013037342951467412,-0.004391818512659795,0.010245835145744621,0.007681461532689782,44.84777118161231,-0.05704983759044069,-0.04204239780708208,-0.015007439783358612,2.0794415416798357,8.083915710449219,2023-03-21,0.012834037231909123
2023-03-17,6,0.638369934167713,0.2224307871933456,1.0,0.0,0.0,1,2023-03-17,2023-03-17,2023-03-17,8.256832122802734,9.550000190734863,9.649999618530272,9.350000381469728,9.350000381469728,5869600,2023-03-17,8.256832122802734,0.02139018002501,-0.0083769581502061,0.0,9.350000381469728,9.649999618530272,9.350000381469728,5869600,0.02139018002501003,0.021164620954731372,-0.11691638653122265,0.03633345484063327,15.585297216751268,1.1924398625429555,0.017906534628321813,0.01714760918121705,0.013283556082939185,0.013788509455558318,0.01393492427794798,0.010352175216383054,54.42044129782022,-0.04289569976447005,-0.04221305819855967,-0.0006826415659103788,1.9459101490553132,8.256832122802734,2023-03-22,-0.0031411716168185944
2023-03-20,3,-0.6608630617459615,0.1384701438115364,0.0,1.0,0.0,1,2023-03-20,2023-03-20,2023-03-20,8.187664985656738,9.470000267028809,9.550000190734863,9.369999885559082,9.550000190734863,1819200,2023-03-20,8.187664985656738,-0.0083769581502061,0.0,0.005280017014954,9.550000190734863,9.550000190734863,9.369999885559082,1819200,-0.008376958150206115,-0.008412242050139795,-0.14265289820620355,0.021984327093390876,14.41390795167043,-0.6900640588796512,0.006162286049020693,0.007232410535945588,0.003191779555837382,0.004328959737490479,0.014315732493000739,0.010541205051590787,50.634573463870375,-0.036835042040502586,-0.04113745496694826,0.004302412926445676,1.3862943611198906,8.187664985656738,2023-03-23,0.009503937445350497
2023-03-21,7,0.4895487441016095,0.6506452779688416,0.8571428571428571,0.1428571428571428,0.0,1,2023-03-21,2023-03-21,2023-03-21,8.187664985656738,9.470000267028809,9.520000457763672,9.390000343322754,9.470000267028809,2416000,2023-03-21,8.187664985656738,0.0,0.005280017014954,0.0042017351970635,9.470000267028809,9.520000457763672,9.390000343322754,2416000,0.0,0.0,-0.13541026876595857,0.015877556625564667,14.697624251944042,0.32805628847845214,0.0019043138259517978,0.00626917729120402,0.0021255915639921685,0.0035390905887349167,0.01369335358685817,0.01049947708924379,50.634573463870375,-0.031666890922974034,-0.039243342158153414,0.007576451235179381,2.0794415416798357,8.187664985656738,2023-03-24,0.007391860753193535
2023-03-22,5,0.8051773983985185,0.1436848826052801,1.0,0.0,0.0,1,2023-03-22,2023-03-22,2023-03-22,8.23089599609375,9.520000457763672,9.520000457763672,9.449999809265137,9.470000267028809,1983400,2023-03-22,8.23089599609375,0.005280017014954,0.0042017351970635,-0.0020921926243315,9.470000267028809,9.520000457763672,9.449999809265137,1983400,0.005280017014954064,0.005266126598086895,-0.1308452202740882,0.00850462070371881,14.500323605918767,-0.17905629139072843,0.005067680479142744,0.01061580313881616,0.004932360330166308,0.007219321890877595,0.012116221113302572,0.010497180560176112,53.0044466627166,-0.023808265814004415,-0.03615632688932362,0.012348061075319203,1.791759469228055,8.23089599609375,2023-03-27,-0.012605205591190494
2023-03-23,5,-0.4009646045044064,0.5396179737255213,0.0,0.6,0.4,1,2023-03-23,2023-03-23,2023-03-23,8.265480041503906,9.5600004196167,9.56999969482422,9.449999809265137,9.510000228881836,2268400,2023-03-23,8.265480041503906,0.0042017351970635,-0.0020921926243315,-0.0146751285228523,9.510000228881836,9.56999969482422,9.449999809265137,2268400,0.004201735197063572,0.004192932556692064,-0.1308643698659782,0.014518199179784093,14.63458573596127,0.14369264898658862,0.004835136011127172,0.013678438594078246,0.0060846453883924845,0.00934985266078181,0.010863259361993248,0.010542403534970608,54.870928233968336,-0.014621062851874811,-0.031849274081833856,0.017228211229959045,1.791759469228055,8.265480041503906,2023-03-28,-0.02405877292492986
2023-03-24,7,-0.4233308400559638,0.6516741205486036,0.1428571428571428,0.7142857142857143,0.1428571428571428,1,2023-03-24,2023-03-24,2023-03-24,8.248187065124512,9.539999961853027,9.5600004196167,9.479999542236328,9.510000228881836,2231400,2023-03-24,8.248187065124512,-0.0020921926243315,-0.0146751285228523,-0.0074467890364715,9.510000228881836,9.5600004196167,9.479999542236328,2231400,-0.002092192624331579,-0.002094384316815745,-0.13268276902088838,0.009699207443855837,14.61814019729026,-0.016311056251102074,0.0029436421774975408,0.009844395231439318,0.002649633407330043,0.0059142971422159185,0.005474688689501127,0.01018781089106472,53.72198744256694,-0.008635986705520793,-0.027206616606571244,0.01857062990105045,2.0794415416798357,8.248187065124512,2023-03-29,-0.014675128522852354
2023-03-27,6,0.2074872707404818,0.8430809513804911,0.6666666666666666,0.3333333333333333,0.0,2,2023-03-26,2023-03-27,2023-03-27,8.127143859863281,9.399999618530272,9.539999961853027,9.399999618530272,9.539999961853027,3162100,2023-03-27,8.127143859863281,-0.0146751285228523,-0.0074467890364715,0.0075026597609235,9.539999961853027,9.539999961853027,9.399999618530272,3162100,-0.014675128522852354,-0.014783873429773386,-0.1480981244904865,0.01722626616887656,14.966747238050408,0.41709240835350014,-0.010318049907334759,-0.005817092435140947,-0.008075394088694732,-0.007250629250106111,0.007978939819020094,0.011207681446244512,46.39854818489497,-0.013504276905649704,-0.02446614866638694,0.010961871760737235,1.9459101490553132,8.127143859863281,2023-03-30,0.004376474431607491
2023-03-28,3,0.4819041479689379,0.4636554509715528,0.6666666666666666,0.0,0.3333333333333333,1,2023-03-28,2023-03-28,2023-03-28,8.066622734069824,9.329999923706056,9.43000030517578,9.25,9.399999618530272,6443300,2023-03-28,8.066622734069824,-0.0074467890364715,0.0075026597609235,0.0043764744316074,9.399999618530272,9.43000030517578,9.25,6443300,-0.007446789036471557,-0.007474654796430613,-0.14184861048631897,0.022314208945899788,15.678551544397243,1.0376648429840927,-0.014783603307479298,-0.013846357677415377,-0.010361434576746542,-0.012012967398262742,0.008326404058127469,0.011355581018340326,43.22565221109985,-0.021992465565562114,-0.023971412046221975,0.0019789464806598614,1.3862943611198906,8.066622734069824,2023-03-31,0.017423369979453707
2023-03-29,4,0.528556696488522,0.273103399714768,0.75,0.0,0.25,1,2023-03-29,2023-03-29,2023-03-29,8.127143859863281,9.399999618530272,9.43000030517578,9.3100004196167,9.329999923706056,4604900,2023-03-29,8.127143859863281,0.0075026597609235,0.0043764744316074,0.005446521787489,9.329999923706056,9.43000030517578,9.3100004196167,4604900,0.007502659760923569,0.007474654796430613,-0.12892348056579378,0.014765320711463198,15.342631729069115,-0.28531963434885854,-0.004869849842676466,-0.006237504106505698,-0.0019595935467875414,-0.0037671447839409122,0.008913994913087737,0.010326201573915422,47.11994018144474,-0.023564233363273956,-0.023889976309632376,0.0003257429463584191,1.6094379124341003,8.127143859863281,2023-04-03,0.01094095139034268
2023-03-30,2,-0.3253461665008217,0.4625011681792865,0.0,0.5,0.5,1,2023-03-30,2023-03-30,2023-03-30,8.162712097167969,9.18000030517578,9.199999809265137,9.0600004196167,9.130000114440918,4229300,2023-03-30,8.162712097167969,0.0043764744316074,0.005446521787489,0.0010834500563687,9.130000114440918,9.199999809265137,9.0600004196167,4229300,0.004376474431607491,0.0043669255176306265,-0.10594611228350262,0.017151087528495573,15.257547289140518,-0.08156528914851569,0.002007052240533991,-0.00284908117959104,0.0016042486759291208,0.0004850009504435704,0.008947128582562507,0.010075043962399723,49.32008765719105,-0.0216897848344626,-0.023449938014598423,0.0017601531801358233,1.0986122886681098,8.162712097167969,2023-04-04,0.007625457634944377
2023-03-31,4,0.361647822894156,0.5357454072642323,0.75,0.0,0.25,1,2023-03-31,2023-03-31,2023-03-31,8.207170486450195,9.229999542236328,9.260000228881836,9.18000030517578,9.18000030517578,3685700,2023-03-31,8.207170486450195,0.005446521787489,0.0010834500563687,0.0010825096115385,9.18000030517578,9.260000228881836,9.18000030517578,3685700,0.005446521787489056,0.005431743124951094,-0.10597274361495311,0.009747564503276015,15.119971296178873,-0.12853190835362827,0.008480036123138301,0.0031905215010197274,0.004695289880304765,0.0048499924955347495,0.00963484912451689,0.00739865512812733,52.00793943925396,-0.016427484593254604,-0.022045447330329662,0.005617962737075058,1.6094379124341003,8.207170486450195,2023-04-05,0.0032504663692407565
2023-04-03,3,0.3401634010175864,0.6515451004112123,0.6666666666666666,0.3333333333333333,0.0,2,2023-04-01,2023-04-03,2023-04-03,8.216062545776367,9.239999771118164,9.25,9.210000038146973,9.229999542236328,4097100,2023-04-03,8.216062545776367,0.0010834500563687,0.0010825096115385,0.0010809912050471,9.229999542236328,9.25,9.210000038146973,4097100,0.0010834500563687843,0.0010828635479533943,-0.10985233442539208,0.004868507466948402,15.225790208409673,0.11162058767669647,0.007371337188297078,0.0039289514467713005,0.0038484650803631837,0.0048536932962361945,0.005867326556816831,0.006877132318613556,52.5499891144217,-0.011408053921352135,-0.019917968648534158,0.008509914727182023,1.3862943611198906,8.216062545776367,2023-04-06,0.0010825096115385513
2023-04-04,4,0.1887677343329415,0.7547148612164439,0.5,0.25,0.25,1,2023-04-04,2023-04-04,2023-04-04,8.224956512451172,9.25,9.260000228881836,9.18000030517578,9.229999542236328,2348000,2023-04-04,8.224956512451172,0.0010825096115385,0.0010809912050471,-0.0010798239248813,9.229999542236328,9.260000228881836,9.18000030517578,2348000,0.0010825096115385513,0.0010819241205042296,-0.10888874102171897,0.009726485919402773,14.669074885824411,-0.4269117180444705,0.004561455200372988,0.004557968342434826,0.003284690325265016,0.004855946445638137,0.0028048665962351017,0.006879221222709392,53.12032683604572,-0.006635955011514483,-0.017261565921130224,0.010625610909615741,1.6094379124341003,8.224956512451172,2023-04-07,-0.002162446205527191
2023-04-05,4,-0.3137631732970476,0.7054140482721243,0.25,0.75,0.0,1,2023-04-05,2023-04-05,2023-04-05,8.233847618103027,9.260000228881836,9.270000457763672,9.199999809265137,9.25,1689800,2023-04-05,8.233847618103027,0.0010809912050471,-0.0010798239248813,-0.0021624462055271,9.25,9.270000457763672,9.199999809265137,1689800,0.0010809912050471215,0.0010804073547743265,-0.10985431155642948,0.008501572016541933,14.340121328486717,-0.28032367972742755,0.003033002584032829,0.005607634777750725,0.0029085854060557637,0.0048565422737407715,0.0021311767702030834,0.006678629195463556,53.719209177591736,-0.0021122456710500614,-0.014231701871114192,0.01211945620006413,1.6094379124341003,8.233847618103027,2023-04-10,-0.008639402164628218
2023-04-06,6,-0.5430951975286007,0.5136653262574296,0.1666666666666666,0.8333333333333334,0.0,1,2023-04-06,2023-04-06,2023-04-06,8.224956512451172,9.25,9.270000457763672,9.18000030517578,9.260000228881836,1879300,2023-04-06,8.224956512451172,-0.0010798239248813,-0.0021624462055271,-0.0054170178815738,9.260000228881836,9.270000457763672,9.18000030517578,1879300,-0.0010798239248813735,-0.0010804073547743265,-0.11177577654937572,0.010942325646542643,14.44641045715757,0.1121434489288673,0.0004327459985147275,0.0050191573761011465,0.0012163402886984365,0.003083637048193033,0.0023849173437323866,0.006521336990440487,52.99019308044114,0.0007467802351044384,-0.011236005449870468,0.011982785684974906,1.9459101490553132,8.224956512451172,2023-04-11,-0.012973053949148494
2023-04-07,6,0.0239504699905713,0.4326529424363568,0.3333333333333333,0.5,0.1666666666666666,1,2023-04-07,2023-04-07,2023-04-07,8.207170486450195,9.229999542236328,9.25,9.170000076293944,9.25,746500,2023-04-07,8.207170486450195,-0.0021624462055271,-0.0054170178815738,-0.0054465217874891,9.25,9.25,9.170000076293944,746500,-0.002162446205527191,-0.002164787668457624,-0.11273832578916808,0.009747564503276015,13.523152235545213,-0.6027776299686054,-0.001730635996954999,0.0033487232706888026,-0.0006326908770906137,0.0007481214039053441,0.0015294134486612296,0.006523313722627404,51.484987047161816,0.0015594191958605563,-0.008676920520724263,0.01023633971658482,1.9459101490553132,8.207170486450195,2023-04-12,-0.023835320239437352
2023-04-10,6,-0.1180248831709225,0.261098527109371,0.3333333333333333,0.5,0.1666666666666666,2,2023-04-08,2023-04-10,2023-04-10,8.162712097167969,9.18000030517578,9.220000267028809,9.18000030517578,9.210000038146973,1992300,2023-04-10,8.162712097167969,-0.0054170178815738,-0.0054465217874891,-0.0131436836146299,9.210000038146973,9.220000267028809,9.18000030517578,1992300,-0.005417017881573893,-0.005431743124951094,-0.11371204523791896,0.00490032741285914,14.504800810129229,1.6688546550569323,-0.005848025215652419,-0.0025201701481946115,-0.004038994606650137,-0.0038265731222549837,0.0026966458247572617,0.004681740164647699,47.827853470171576,-0.0013682071929661532,-0.0072151778551726425,0.005846970662206489,1.9459101490553132,8.162712097167969,2023-04-13,-0.003267819606076472
2023-04-11,6,0.3564270945886771,0.3988551966945073,0.8333333333333334,0.1666666666666666,0.0,1,2023-04-11,2023-04-11,2023-04-11,8.118253707885742,9.130000114440918,9.18000030517578,9.079999923706056,9.18000030517578,4939900,2023-04-11,8.118253707885742,-0.0054465217874891,-0.0131436836146299,0.0155385509264147,9.18000030517578,9.18000030517578,9.079999923706056,4939900,-0.005446521787489167,-0.00546140816453633,-0.11565866688385767,0.012317967024433678,15.412855848477463,1.479496059830347,-0.008686165045869942,-0.0085784815981238,-0.0063289767429547394,-0.007582781472182942,0.00283241229843427,0.004337064980269338,44.42915270107349,-0.0071928776432734765,-0.00721071781279281,1.7840169519333336e-05,1.9459101490553132,8.118253707885742,2023-04-14,0.008762064166954353
2023-04-12,10,-0.0499182156985625,0.731441193171651,0.4,0.6,0.0,1,2023-04-12,2023-04-12,2023-04-12,8.011549949645996,9.010000228881836,9.149999618530272,9.0,9.130000114440918,6345700,2023-04-12,8.011549949645996,-0.0131436836146299,0.0155385509264147,0.0065570665226941,9.130000114440918,9.149999618530272,9.0,6345700,-0.01314368361462992,-0.013230826249866379,-0.12250275473993365,0.01872292121662421,15.663288133721542,0.2845806595275209,-0.016375662505035082,-0.02022630322132979,-0.013010404494260608,-0.01694000279410568,0.00471964819419544,0.005475538555797441,37.53502364847688,-0.020186376486504898,-0.009805849547535227,-0.01038052693896967,2.3978952727983707,8.011549949645996,2023-04-17,0.018868027843807145
2023-04-13,9,0.1144476803019643,0.6219664841878524,0.4444444444444444,0.4444444444444444,0.1111111111111111,1,2023-04-13,2023-04-13,2023-04-13,8.136037826538086,9.149999618530272,9.1899995803833,9.029999732971191,9.029999732971191,4845800,2023-04-13,8.136037826538086,0.0155385509264147,0.0065570665226941,-0.0032571757433219,9.029999732971191,9.1899995803833,9.029999732971191,4845800,0.015538550926414763,0.015419063825292234,-0.09899910662997995,0.019665573197093885,15.393623114719718,-0.2363647824511086,0.0010942358238374972,-0.004677352161711945,0.0015494543977254693,-0.001362419149481986,0.010668689040571895,0.007537478061147916,47.72626206282512,-0.020205767150221376,-0.01188583306807246,-0.008319934082148917,2.302585092994046,8.136037826538086,2023-04-18,-0.016393486819170966
2023-04-14,5,0.3092246035113931,0.3548837888133755,0.6,0.2,0.2,1,2023-04-14,2023-04-14,2023-04-14,8.189386367797852,9.210000038146973,9.210000038146973,9.130000114440918,9.1899995803833,1453700,2023-04-14,8.189386367797852,0.0065570665226941,-0.0032571757433219,-0.0196077354676078,9.1899995803833,9.210000038146973,9.130000114440918,1453700,0.006557066522694166,0.00653566247622539,-0.10888065922454755,0.009768732370550846,14.189623276314022,-0.7000082545709687,0.0080996695146629,0.002067056481044105,0.00539651992078416,0.004238860188141791,0.011352047614580764,0.007639077733653359,51.386642067657725,-0.01573497002386226,-0.01265566045923042,-0.00307930956463184,1.791759469228055,8.189386367797852,2023-04-20,-0.03365907419816061
2023-04-17,6,-0.5011216411367059,0.5058573534825055,0.1666666666666666,0.8333333333333334,0.0,1,2023-04-17,2023-04-17,2023-04-17,8.162712097167969,9.18000030517578,9.239999771118164,9.130000114440918,9.210000038146973,1413200,2023-04-17,8.162712097167969,-0.0032571757433219,-0.0196077354676078,-0.0144444959522234,9.210000038146973,9.239999771118164,9.130000114440918,1413200,-0.0032571757433219606,-0.0032624918871149156,-0.11371204523791896,0.01347587117710671,14.161367902080803,-0.027859943592213,0.004816111724268879,-0.0005444023765751593,0.0014135114619051592,0.0007917606304683744,0.011151900896139861,0.007681835389060615,49.51951577356968,-0.01418075488936843,-0.012960679345258023,-0.001220075544110407,1.9459101490553132,8.162712097167969,2023-04-25,-0.027233134686041605
2023-04-18,5,-0.4951794903725385,0.6828746977807402,0.2,0.8,0.0,1,2023-04-18,2023-04-18,2023-04-18,8.002659797668457,9.0,9.220000267028809,8.970000267028809,9.18000030517578,8945500,2023-04-18,8.002659797668457,-0.0196077354676078,-0.0144444959522234,0.0033819668538348,9.18000030517578,9.220000267028809,8.970000267028809,8945500,-0.019607735467607856,-0.019802517473145986,-0.12825059568282646,0.03123961361856673,16.00666128230006,5.329960373620152,-0.012074536373951283,-0.017467169400867233,-0.012222197223551334,-0.015460525909286815,0.014261455056658476,0.00969378679388592,40.1036298627716,-0.02556916572823731,-0.01548237662185388,-0.010086789106383429,1.791759469228055,8.002659797668457,2023-04-26,-0.02000006673501442
2023-04-20,1,0.9433754137717186,0.0,1.0,0.0,0.0,1,2023-04-20,2023-04-20,2023-04-20,7.913739204406738,8.899999618530273,8.949999809265137,8.869999885559082,8.890000343322754,2382000,2023-04-20,7.913739204406738,0.0033819668538348,0.0033709292316355,-0.0123179683909552,8.890000343322754,8.949999809265137,8.869999885559082,2382000,-0.011111379904919283,-0.011173572412125576,-0.10981564693068677,0.010108991671283154,14.683451448712576,-0.733720865239506,-0.020686768588531024,-0.024550797272400393,-0.015585698929498348,-0.021704277574129627,0.013917137387971738,0.009930129408652684,36.00725299193782,-0.041293703987792085,-0.02064464209504152,-0.020649061892750564,0.6931471805599453,7.913739204406738,2023-05-02,0.007865360947015176
2023-04-25,7,0.3684830327651331,0.3124620599529277,0.7142857142857143,0.1428571428571428,0.1428571428571428,2,2023-04-21,2023-04-25,2023-04-25,7.940415859222412,8.930000305175781,8.949999809265137,8.890000343322754,8.899999618530273,3475800,2023-04-25,7.940415859222412,0.0033709292316355,-0.0123179683909552,0.0068026429159069,8.899999618530273,8.949999809265137,8.890000343322754,3475800,0.003370929231635511,0.003365260385640223,-0.10781840454351894,0.007556212043062746,15.06133551401628,0.4591939546599497,-0.01260501685382076,-0.01781786458770207,-0.008211784152424073,-0.01511044258356653,0.010691461905309911,0.010168115729481939,38.051624616606304,-0.051014863163254986,-0.026718686308684216,-0.02429617685457077,2.0794415416798357,7.940415859222412,2023-05-03,0.005599060163548941
2023-04-26,3,-0.2849752713615696,1.05175525974781,0.3333333333333333,0.6666666666666666,0.0,1,2023-04-26,2023-04-26,2023-04-26,7.842606067657471,8.819999694824219,8.930000305175781,8.819999694824219,8.920000076293945,4080500,2023-04-26,7.842606067657471,-0.0123179683909552,0.0068026429159069,0.0022521258956069,8.920000076293945,8.930000305175781,8.819999694824219,4080500,-0.012317968390955225,-0.012394463387989774,-0.12078408065262114,0.01402602775182088,15.22173033295941,0.17397433684331665,-0.01628369177861899,-0.02552199846063752,-0.013712442028454341,-0.02240008984258035,0.008847998363542997,0.010524154199316491,33.78932256341537,-0.06585228049777925,-0.03454540514650323,-0.03130687535127602,1.3862943611198906,7.842606067657471,2023-05-05,0.018140482443844252
2023-05-02,5,0.6934903066605329,0.2682846181277656,1.0,0.0,0.0,1,2023-05-02,2023-05-02,2023-05-02,7.975983619689941,8.970000267028809,8.989999771118164,8.899999618530273,8.899999618530273,4109200,2023-05-02,7.975983619689941,0.0078653609470151,0.0011147346930235,0.0,8.899999618530273,8.989999771118164,8.899999618530273,4109200,0.0170067896923336,0.01686379324112197,-0.10382202679160586,0.01128389385927416,15.228739163680586,0.007033451782869848,0.005154668292138842,-0.00664448970358511,0.0020386817985518224,-0.004729354626649029,0.014642089121583953,0.012505547607985985,43.14221701480615,-0.06608677960915621,-0.04085368003903383,-0.025233099570122382,1.791759469228055,7.975983619689941,2023-05-08,0.008918594953622572
2023-05-03,4,-0.3928988981060684,0.7723571452587387,0.25,0.75,0.0,1,2023-05-03,2023-05-03,2023-05-03,7.984874725341797,8.979999542236328,9.0,8.920000076293945,8.970000267028809,2103800,2023-05-03,7.984874725341797,0.0011147346930235,0.0,0.0077951707133667,8.970000267028809,9.0,8.920000076293945,2103800,0.001114734693023589,0.0011141138376555837,-0.10982447183508516,0.0100189328521532,14.559256266617552,-0.48802686654336613,0.006726428714409316,-0.0038824650150327544,0.0021015820740681868,-0.0029636803262362843,0.012002931823437863,0.012490799042329113,43.71301665096537,-0.06480811630129502,-0.04564456729148607,-0.019163549009808947,1.6094379124341003,7.984874725341797,2023-05-09,0.02449900558335205
2023-05-05,5,-0.4862922161817551,0.4306969821840603,0.2,0.8,0.0,1,2023-05-05,2023-05-05,2023-05-05,7.984874725341797,8.979999542236328,9.029999732971191,8.920000076293945,8.989999771118164,1760800,2023-05-05,7.984874725341797,0.0,0.0077951707133667,0.0165746327779696,8.989999771118164,9.029999732971191,8.920000076293945,1760800,0.0,0.0,-0.11180479103075117,0.01377600281293549,14.381279377117899,-0.16303831162658045,0.0049238550130525915,-0.003550871758564278,0.0014000739259569794,-0.0024261366839312126,0.010449100468554766,0.011812486925615527,43.71301665096537,-0.06306776053244256,-0.049129205939677366,-0.013938554592765197,1.791759469228055,7.984874725341797,2023-05-10,0.005567944956661686
2023-05-08,5,-0.0176483687013387,0.8546545112113446,0.4,0.6,0.0,1,2023-05-08,2023-05-08,2023-05-08,8.047118186950684,9.050000190734863,9.09000015258789,8.970000267028809,8.989999771118164,1914300,2023-05-08,8.047118186950684,0.0077951707133667,0.0165746327779696,-0.0184783592014429,8.989999771118164,9.09000015258789,8.970000267028809,1914300,0.0077951707133667725,0.007764945343141871,-0.10488115775004142,0.014912156472819732,14.464863100908573,0.08717628350749651,0.01004465962339518,0.005332182822966436,0.006118662510856687,0.0043731184985789096,0.010793348497937068,0.01087783038493635,47.95510072657307,-0.05602022263041029,-0.050507409277823954,-0.0055128133525863335,1.791759469228055,8.047118186950684,2023-05-12,0.04530390145075591
2023-05-09,6,-0.2955472767353057,0.7832741762433508,0.3333333333333333,0.6666666666666666,0.0,1,2023-05-09,2023-05-09,2023-05-09,8.180496215820312,9.199999809265137,9.199999809265137,9.029999732971191,9.079999923706056,5768100,2023-05-09,8.180496215820312,0.0165746327779696,-0.0184783592014429,0.0066446800573012,9.079999923706056,9.199999809265137,9.029999732971191,5768100,0.016574632777969667,0.016438772717140004,-0.09906428584182257,0.020781144787425133,15.567853468195835,2.013164080865068,0.01814968509767456,0.02210871538344472,0.015081877574143032,0.017132893828120555,0.008137169014854555,0.01205344008613413,55.66567370706208,-0.03922039749670603,-0.04825000692160037,0.009029609424894343,1.9459101490553132,8.180496215820312,2023-05-15,0.03478263606638099
2023-05-10,5,-0.1516003344208002,0.6856985788532677,0.4,0.6,0.0,1,2023-05-10,2023-05-10,2023-05-10,8.02933406829834,9.029999732971191,9.199999809265137,9.020000457763672,9.1899995803833,4249500,2023-05-10,8.02933406829834,-0.0184783592014429,0.0066446800573012,0.0407039930452108,9.1899995803833,9.199999809265137,9.020000457763672,4249500,-0.018478359201442918,-0.018651216809192572,-0.126296579442994,0.02241771857670535,15.262312122242593,-0.2632756020179955,-0.0019894146026326887,0.004896469560740302,-0.0024531185282210544,-0.0013602727225315858,0.012926312521368229,0.01339123165029186,47.141449677634036,-0.03766970413163406,-0.04613394636360711,0.008464242231973049,1.791759469228055,8.02933406829834,2023-05-16,0.07751936695478423
2023-05-12,7,0.3958635314899896,0.5523469401782487,0.7142857142857143,0.2857142857142857,0.0,1,2023-05-12,2023-05-12,2023-05-12,8.411684036254883,9.460000038146973,9.489999771118164,9.09000015258789,9.130000114440918,13164300,2023-05-12,8.411684036254883,0.0407039930452108,0.0063425352227648,0.0220586818755208,9.130000114440918,9.489999771118164,9.09000015258789,13164300,0.047619138113352166,0.046520102015816356,-0.0786764588370459,0.04755285823935494,16.39301925417442,2.09784680550653,0.03455822250631102,0.04738712815417023,0.02958849015185927,0.03748037001688975,0.02435076346741631,0.019019178877864668,62.700247158019565,-0.005524636910253733,-0.038012084472936435,0.0324874475626827,2.0794415416798357,8.411684036254883,2023-05-17,0.030655341264289593
2023-05-15,4,-0.4968652930110693,0.5853966294563041,0.25,0.75,0.0,1,2023-05-15,2023-05-15,2023-05-15,8.465035438537598,9.520000457763672,9.5600004196167,9.359999656677246,9.449999809265137,7022000,2023-05-15,8.465035438537598,0.0063425352227648,0.0220586818755208,0.002055548531525,9.449999809265137,9.5600004196167,9.359999656677246,7022000,0.006342535222764845,0.006322505992359506,-0.10422903604313756,0.023626689385012764,15.764558778120074,-0.46658766512461736,0.028966763878056634,0.04684414966053474,0.023792674191376983,0.03576310388941173,0.02381314671957771,0.01814090224190598,64.28018306122361,0.023979155959935383,-0.025613836386362072,0.04959299234629745,1.6094379124341003,8.465035438537598,2023-05-18,0.02836113022269693
2023-05-16,4,0.7860598033294083,0.1067810230076754,1.0,0.0,0.0,1,2023-05-16,2023-05-16,2023-05-16,8.651762962341309,9.729999542236328,9.760000228881836,9.40999984741211,9.510000228881836,8844600,2023-05-16,8.651762962341309,0.0220586818755208,0.002055548531525,0.0041024438328534,9.510000228881836,9.760000228881836,9.40999984741211,8844600,0.022058681875520847,0.0218189087980174,-0.09024576718032708,0.04045422684291974,15.995317774326756,0.2595556821418399,0.036429409607635854,0.060605995951601654,0.030446791984111377,0.04744855192499964,0.024041156335093017,0.01869086504783212,69.19787554913358,0.061717039384339145,-0.008147661232221829,0.06986470061656097,1.6094379124341003,8.651762962341309,2023-05-19,0.009249968391862762
2023-05-17,7,0.0814175818647656,0.4444146645074379,0.5714285714285714,0.2857142857142857,0.1428571428571428,1,2023-05-17,2023-05-17,2023-05-17,8.669547080993652,9.75,9.779999732971191,9.640000343322754,9.699999809265137,6478000,2023-05-17,8.669547080993652,0.002055548531525,0.0041024438328534,0.0030646453489728,9.699999809265137,9.779999732971191,9.640000343322754,6478000,0.002055548531525009,0.0020534387822759292,-0.10623224211687388,0.016148408716224607,15.683922533082033,-0.26757569590484587,0.026531891252207673,0.0521204209908015,0.021476819903647026,0.040220427412711146,0.024645978826466294,0.017396722016974023,69.62677135131148,0.09199910521465249,0.011881692057153035,0.08011741315749946,2.0794415416798357,8.669547080993652,2023-05-22,-0.015384659385729083
2023-05-18,6,0.4961703580338508,0.5720337617808966,0.8333333333333334,0.1666666666666666,0.0,1,2023-05-18,2023-05-18,2023-05-18,8.705113410949707,9.789999961853027,9.8100004196167,9.630000114440918,9.729999542236328,9304400,2023-05-18,8.705113410949707,0.0041024438328534,0.0030646453489728,-0.0224034717544782,9.729999542236328,9.8100004196167,9.630000114440918,9304400,0.0041024438328534085,0.0040940517543432975,-0.10533259809908098,0.020677537061075883,16.045998071993917,0.4363075023155294,0.014507658021705172,0.04717070571208537,0.016966419658893672,0.03610710932730821,0.019136318068650363,0.017314856792161253,70.51111461340273,0.11751314772532773,0.03300798319078797,0.08450516453453975,1.9459101490553132,8.705113410949707,2023-05-23,-0.023493058097345365
2023-05-19,5,-0.246195387840271,0.4483702025009463,0.4,0.6,0.0,1,2023-05-19,2023-05-19,2023-05-19,8.731791496276855,9.81999969482422,9.81999969482422,9.779999732971191,9.779999732971191,5498600,2023-05-19,8.731791496276855,0.0030646453489728,-0.0224034717544782,-0.0041664329823563,9.779999732971191,9.81999969482422,9.779999732971191,5498600,0.003064645348972883,0.0030599588958519774,-0.1071787592345759,0.004580957054469829,15.520004254210418,-0.4090322858002665,0.010080387022329163,0.041026351501580516,0.013299674651906956,0.031912228450384994,0.008278733074000053,0.017227972158941576,71.18874424212338,0.13829176735123738,0.05406474002287785,0.08422702732835953,1.791759469228055,8.731791496276855,2023-05-24,-0.030549980247810526
2023-05-22,7,-0.6206782436264413,0.2996836354991307,0.0,1.0,0.0,1,2023-05-22,2023-05-22,2023-05-22,8.536169052124023,9.600000381469728,9.800000190734863,9.5600004196167,9.800000190734863,3636600,2023-05-22,8.536169052124023,-0.0224034717544782,-0.0041664329823563,-0.0041842013415785,9.800000190734863,9.800000190734863,9.5600004196167,3636600,-0.02240347175447821,-0.022658241874792928,-0.12896235857277777,0.028115630050513797,15.10656001214952,-0.33863165169315823,-0.014171323976508665,0.0110583929291872,-0.006287541970443011,0.007183451639862337,0.0158365489658192,0.01980823838814016,60.25485262086004,0.13739012886531476,0.07072981779136524,0.06666031107394953,2.0794415416798357,8.536169052124023,2023-05-25,-0.0020832723519694785
2023-05-23,9,-0.3876237127309044,0.7540317734763052,0.2222222222222222,0.7777777777777778,0.0,1,2023-05-23,2023-05-23,2023-05-23,8.500603675842285,9.5600004196167,9.619999885559082,9.489999771118164,9.600000381469728,4015100,2023-05-23,8.500603675842285,-0.0041664329823563,-0.0041842013415785,0.006302448347176,9.600000381469728,9.619999885559082,9.489999771118164,4015100,-0.004166432982356305,-0.004175136748438835,-0.11452048561889007,0.015293044988129842,15.205573060712853,0.104080734752241,-0.01483909330344757,0.001466742058903403,-0.006976100630699977,0.0024426555207928136,0.011062736461828922,0.020105305456557827,58.49578939619002,0.13228089343802374,0.08304003292069695,0.04924086051732679,2.302585092994046,8.500603675842285,2023-05-26,0.013598093415077228
2023-05-24,4,-0.3951960760168731,0.6747092551502151,0.25,0.75,0.0,1,2023-05-24,2023-05-24,2023-05-24,8.465035438537598,9.520000457763672,9.579999923706056,9.5,9.550000190734863,1702900,2023-05-24,8.465035438537598,-0.0041842013415785,0.006302448347176,0.0114821977849739,9.550000190734863,9.579999923706056,9.5,1702900,-0.004184201341578597,-0.0041929796072568415,-0.11360887230660659,0.009450630689843526,14.347843825248066,-0.5758760678438893,-0.01428864158059362,-0.006055489403817393,-0.007448377952908314,-0.0014337200486185253,0.010627027743185783,0.019925971578276663,56.71263533218652,0.12393310437594884,0.09121864721174733,0.032714457164201516,1.6094379124341003,8.465035438537598,2023-05-29,0.024159573098182507
2023-05-25,3,-0.3999786414206028,0.5236838354349955,0.3333333333333333,0.6666666666666666,0.0,1,2023-05-25,2023-05-25,2023-05-25,8.518385887145996,9.579999923706056,9.68000030517578,9.510000228881836,9.510000228881836,3100900,2023-05-25,8.518385887145996,0.006302448347176,0.0114821977849739,0.0061919905573333,9.510000228881836,9.68000030517578,9.510000228881836,3100900,0.006302448347176082,0.006282670973346338,-0.10427069588540185,0.019956841418803162,14.947203272387542,0.8209524928063892,-0.0037438287868490905,-0.005501942684721484,-0.0007955647511710406,0.003972601811162324,0.011117714444446498,0.01835388954569471,58.74410655405748,0.12023634697270502,0.09702218716393887,0.02321415980876615,1.3862943611198906,8.518385887145996,2023-05-30,0.004175354826791988
2023-05-26,7,0.17221372907183,0.5651465011337784,0.5714285714285714,0.4285714285714285,0.0,1,2023-05-26,2023-05-26,2023-05-26,8.616195678710938,9.6899995803833,9.720000267028809,9.520000457763672,9.600000381469728,3944000,2023-05-26,8.616195678710938,0.0114821977849739,0.0061919905573333,-0.0133333274665181,9.600000381469728,9.720000267028809,9.520000457763672,3944000,0.011482197784973946,0.011416777653655341,-0.10247965246519851,0.023212078360673738,15.187706248254326,0.27188880647553937,0.010427446225739212,0.003521056752878726,0.007093086661295267,0.012646515610237108,0.012987518952821362,0.01157017540086455,62.242596203066896,0.12377230278477036,0.10237221028810517,0.02140009249666519,2.0794415416798357,8.616195678710938,2023-05-31,-0.018575750304159366
2023-05-29,7,0.2734521167751934,0.5307807311718029,0.5714285714285714,0.2857142857142857,0.1428571428571428,2,2023-05-27,2023-05-29,2023-05-29,8.669547080993652,9.75,9.800000190734863,9.59000015258789,9.6899995803833,5324400,2023-05-29,8.669547080993652,0.0061919905573333,-0.0133333274665181,-0.0114344548786048,9.6899995803833,9.800000190734863,9.59000015258789,5324400,0.006191990557333327,0.00617289895329165,-0.10530986001851644,0.024222723077121082,15.487810774969573,0.3500000000000001,0.013513462288698763,0.007335447257439842,0.008846692515235066,0.015424341878633063,0.006998835311712545,0.011564666851264812,64.03416281143444,0.1293880802807692,0.10777538428663798,0.021612695994131223,2.0794415416798357,8.669547080993652,2023-06-01,-0.029743542809068546
2023-05-30,12,-0.1405998132346819,0.503716750309273,0.3333333333333333,0.5,0.1666666666666666,1,2023-05-30,2023-05-30,2023-05-30,8.553953170776367,9.619999885559082,9.75,9.5,9.75,6553100,2023-05-30,8.553953170776367,-0.0133333274665181,-0.0114344548786048,-0.0052576382592851,9.75,9.75,9.5,6553100,-0.013333327466518163,-0.013423014386044319,-0.12267146966396233,0.029226253056200645,15.695448930690894,0.23076778604161974,-0.0012458551759221281,-0.004964853159910909,-0.003074446055062574,0.0015420359020781316,0.00996046705074348,0.01023639756610598,57.65132343422201,0.12309223128986346,0.11083875368728308,0.012253477602580387,2.5649493574615367,8.553953170776367,2023-06-02,-0.020790080127365385
2023-05-31,6,-0.3228010083548724,0.7501740300149498,0.3333333333333333,0.6666666666666666,0.0,1,2023-05-31,2023-05-31,2023-05-31,8.456143379211426,9.510000228881836,9.59000015258789,9.40999984741211,9.550000190734863,12597000,2023-05-31,8.456143379211426,-0.0114344548786048,-0.0052576382592851,-0.0042284323984812,9.550000190734863,9.59000015258789,9.40999984741211,12597000,-0.011434454878604838,-0.011500330910242162,-0.1145399779766147,0.021286335520078078,16.348969327718418,0.9222963177732677,-0.012461005619708199,-0.013894619851918644,-0.009695943086167058,-0.008122859796642956,0.011383119800989957,0.010656253848723467,52.850828240180284,0.10895433510331998,0.11046186997049046,-0.0015075348671704791,1.9459101490553132,8.456143379211426,2023-06-06,-0.022081990465899648
2023-06-01,2,-0.8712375983595848,0.0689584397505537,0.0,1.0,0.0,1,2023-06-01,2023-06-01,2023-06-01,8.411684036254883,9.460000038146973,9.510000228881836,9.390000343322754,9.5,3083500,2023-06-01,8.411684036254883,-0.0052576382592851,-0.0042284323984812,-0.012738708463196,9.5,9.510000228881836,9.390000343322754,3083500,-0.005257638259285158,-0.0052715082763663546,-0.11455957513106496,0.014265857471806483,14.941576197720426,-0.7552194967055648,-0.015198801377801052,-0.01571116603257261,-0.009984668240316519,-0.010939266388626634,0.010906857534627586,0.010426552616776398,50.7809583786987,0.09308937671444362,0.1069873713192811,-0.013897994604837483,1.0986122886681098,8.411684036254883,2023-06-07,-0.020084600392957563
2023-06-02,1,0.9702698942273856,0.0,1.0,0.0,0.0,1,2023-06-02,2023-06-02,2023-06-02,8.376115798950195,9.420000076293944,9.5,9.350000381469728,9.460000038146973,3442600,2023-06-02,8.376115798950195,-0.0042284323984812,-0.012738708463196,-0.0032258845753312,9.460000038146973,9.5,9.350000381469728,3442600,-0.004228432398481252,-0.00423739749989771,-0.11457550051015528,0.01790801633247138,15.051737848297627,0.1164585698070375,-0.013819161775133093,-0.015776906381090305,-0.009492091194791885,-0.012406198617703423,0.00766312440512559,0.010178269652731133,49.12341914494318,0.07676136614940177,0.10094217028530524,-0.02418080413590347,0.6931471805599453,8.376115798950195,2023-06-08,-0.03184711272716345
2023-06-06,4,-0.063403958454728,0.7773799527683645,0.5,0.5,0.0,1,2023-06-06,2023-06-06,2023-06-06,8.269414901733398,9.300000190734863,9.420000076293944,9.260000228881836,9.420000076293944,4656100,2023-06-06,8.269414901733398,-0.012738708463196,-0.0032258845753312,-0.0161812758282928,9.420000076293944,9.420000076293944,9.260000228881836,4656100,-0.012738708463196025,-0.012820541517599704,-0.12214279885793941,0.019348387922653285,15.353688960597996,0.35249520711090465,-0.017121055665925367,-0.02525935657928946,-0.014849360993491989,-0.020537102632070314,0.004320338730812124,0.00858101615007971,44.437420323012134,0.05458223939141149,0.0916701841065265,-0.03708794471511501,1.6094379124341003,8.269414901733398,2023-06-09,-0.012903307650346973
2023-06-07,2,-0.7146116252988578,0.1962666914294879,0.0,1.0,0.0,1,2023-06-07,2023-06-07,2023-06-07,8.242738723754883,9.270000457763672,9.350000381469728,9.199999809265137,9.289999961853027,5686300,2023-06-07,8.242738723754883,-0.0032258845753312,-0.0161812758282928,0.0065789899216548,9.289999961853027,9.350000381469728,9.199999809265137,5686300,-0.0032258845753312393,-0.0032310989579955596,-0.11272995074256738,0.018197904511070152,15.553570506830306,0.22125813449023868,-0.012989796992040947,-0.0254415565516648,-0.012090884336849461,-0.01947213491623434,0.004383143538936198,0.008573626234737619,43.32469163187857,0.034455396658044535,0.0802272266168301,-0.045771829958785565,1.0986122886681098,8.242738723754883,2023-06-12,-0.0010786591629105002
2023-06-08,4,-0.4346264908090234,0.7900764520085587,0.25,0.75,0.0,1,2023-06-08,2023-06-08,2023-06-08,8.109360694885254,9.119999885559082,9.25,9.09000015258789,9.210000038146973,5816100,2023-06-08,8.109360694885254,-0.0161812758282928,0.0065789899216548,0.0087146918926295,9.210000038146973,9.25,9.09000015258789,5816100,-0.016181275828292874,-0.016313622303835817,-0.11950481419141931,0.019730266470083725,15.576140663931914,0.022826794224715563,-0.020828905253340135,-0.037162204623909845,-0.01889450678331439,-0.029100149272157982,0.005774803783099823,0.009536433906821394,38.17726013080147,0.0076540059268257465,0.06571258247882923,-0.058058576552003485,1.6094379124341003,8.109360694885254,2023-06-13,0.00219291823944201
2023-06-09,3,0.5893931267783046,0.5583603568811044,0.6666666666666666,0.3333333333333333,0.0,1,2023-06-09,2023-06-09,2023-06-09,8.162712097167969,9.18000030517578,9.1899995803833,9.119999885559082,9.119999885559082,4117700,2023-06-09,8.162712097167969,0.0065789899216548,0.0087146918926295,-0.0129591611587692,9.119999885559082,9.1899995803833,9.119999885559082,4117700,0.006578989921654843,0.00655744282126669,-0.10496576758810221,0.008575543764247786,15.230805555871612,-0.2920169873282784,-0.008425142065823565,-0.026717558336942004,-0.008327747658279483,-0.018660101785709204,0.008918034331619171,0.009570748838592193,41.18730127043312,-0.00917550749447571,0.05073496448416825,-0.05991047197864396,1.3862943611198906,8.162712097167969,2023-06-14,0.002178702181412806
2023-06-12,2,0.107928641140461,1.1662916275542046,0.5,0.5,0.0,1,2023-06-12,2023-06-12,2023-06-12,8.233847618103027,9.260000228881836,9.289999961853027,9.18000030517578,9.18000030517578,2600200,2023-06-12,8.233847618103027,0.0087146918926295,-0.0129591611587692,0.0065647116474112,9.18000030517578,9.289999961853027,9.18000030517578,2600200,0.008714691892629522,0.008676938148183044,-0.10306673808488889,0.013359447706489178,14.771099307695932,-0.36853097603030815,0.0036853035746935436,-0.0137394048108479,0.00020955835991176563,-0.008285431008816846,0.011146125263033397,0.009094589468178555,45.030322080290674,-0.016581831069114372,0.03727160537351172,-0.05385343644262609,1.0986122886681098,8.233847618103027,2023-06-15,-0.016198864580721284
2023-06-13,3,-0.1364457607269287,0.2962063131532569,0.6666666666666666,0.3333333333333333,0.0,1,2023-06-13,2023-06-13,2023-06-13,8.127143859863281,9.140000343322754,9.270000457763672,9.130000114440918,9.270000457763672,4577000,2023-06-13,8.127143859863281,-0.0129591611587692,0.0065647116474112,-0.0097827293296053,9.270000457763672,9.270000457763672,9.130000114440918,4577000,-0.012959161158769272,-0.01304386366581367,-0.1232854953036429,0.01722626616887634,15.336554538119477,0.7602492115991077,-0.00587349181848662,-0.020154484149347174,-0.008537838076426274,-0.017360808896229707,0.01119278600530902,0.008597773050165501,40.730958785812426,-0.030707520212880368,0.023675780256233306,-0.054383300469113674,1.3862943611198906,8.127143859863281,2023-06-16,0.006564711647411237
2023-06-14,4,0.6987967614550143,0.3235466159527381,1.0,0.0,0.0,1,2023-06-14,2023-06-14,2023-06-14,8.180496215820312,9.199999809265137,9.220000267028809,9.149999618530272,9.149999618530272,3301000,2023-06-14,8.180496215820312,0.0065647116474112,-0.0097827293296053,0.009879376596797,9.149999618530272,9.220000267028809,9.149999618530272,3301000,0.006564711647411237,0.006543257769068944,-0.10595666045128062,0.008557017404783129,15.009736313773788,-0.2787852305003278,0.002178702181412806,-0.009261212802721297,-0.0013536988799709437,-0.008944159665671747,0.012057075889032324,0.009104176760305815,43.62905611800963,-0.03716868393620665,0.011506887417745314,-0.048675571353951966,1.6094379124341003,8.180496215820312,2023-06-19,0.0021738491784442093
2023-06-15,5,-0.4634043879806995,0.6700499797747315,0.2,0.8,0.0,1,2023-06-15,2023-06-15,2023-06-15,8.100468635559082,9.109999656677246,9.15999984741211,9.0600004196167,9.149999618530272,5579000,2023-06-15,8.100468635559082,-0.0097827293296053,0.009879376596797,0.0021738491784442,9.149999618530272,9.15999984741211,9.0600004196167,5579000,-0.009782729329605333,-0.009830894608861662,-0.11470284445102213,0.012344894140622563,15.534520286071242,0.69009391093608,-0.007409084802703969,-0.014709130837859186,-0.00744305371521603,-0.015302269662310408,0.010317581352506992,0.008976803015403047,40.435199451504296,-0.048191241017358166,-0.0004327382692753817,-0.047758502748082785,1.791759469228055,8.100468635559082,2023-06-20,0.012074702049939656
2023-06-16,6,0.45494033920113,0.5680388228213662,0.8333333333333334,0.1666666666666666,0.0,1,2023-06-16,2023-06-16,2023-06-16,8.180496215820312,9.199999809265137,9.199999809265137,9.100000381469728,9.109999656677246,7097300,2023-06-16,8.180496215820312,0.009879376596797,0.0021738491784442,0.0,9.109999656677246,9.199999809265137,9.100000381469728,7097300,0.009879376596797051,0.009830894608861662,-0.10203111700181533,0.012224127382642004,15.775225128894625,0.27214554579673766,0.001960404849439268,-0.0021691454160789325,0.0015739537930918868,-0.004565229397148762,0.010944367908874018,0.010005580056118272,44.78789780476993,-0.04989399311403275,-0.010324989238226856,-0.0395690038758059,1.9459101490553132,8.180496215820312,2023-06-21,-0.0010869828787373192
2023-06-19,9,-0.0905240452848375,0.5489049088895399,0.3333333333333333,0.5555555555555556,0.1111111111111111,2,2023-06-17,2023-06-19,2023-06-19,8.19827938079834,9.220000267028809,9.239999771118164,9.100000381469728,9.119999885559082,2557900,2023-06-19,8.19827938079834,0.0021738491784442,0.0,-0.0032537588761217,9.119999885559082,9.239999771118164,9.100000381469728,2557900,0.0021738491784442093,0.002171489787007541,-0.10106584608846605,0.017076679525747356,14.754697558260954,-0.639595339072605,0.005014175502759732,0.0021738959114288026,0.002497693203809437,-0.001965561715787545,0.010070543611236183,0.0101039520434249,45.736814783679726,-0.04924086557769236,-0.018108164506119958,-0.031132701071572403,2.302585092994046,8.19827938079834,2023-06-22,-0.002169133808696322
2023-06-20,6,-0.2144149368007978,0.5794097798648173,0.3333333333333333,0.6666666666666666,0.0,1,2023-06-20,2023-06-20,2023-06-20,8.19827938079834,9.220000267028809,9.229999542236328,9.149999618530272,9.15999984741211,2478000,2023-06-20,8.19827938079834,0.0,-0.0032537588761217,0.0010881656962182,9.15999984741211,9.229999542236328,9.149999618530272,2478000,0.0,0.0,-0.1049913190648661,0.009758135822185918,14.722962744722395,-0.031236561241643535,0.0032644038001397035,0.003046119425406779,0.0016637436288213792,-0.0016087617893867368,0.007508541035588271,0.00939117934938636,45.736814783679726,-0.04816800650417541,-0.024120132905731048,-0.02404787359844436,1.9459101490553132,8.19827938079834,2023-06-23,-0.002169133808696322
2023-06-21,7,-0.0682741307786533,0.5666148032481784,0.4285714285714285,0.5714285714285714,0.0,1,2023-06-21,2023-06-21,2023-06-21,8.17160415649414,9.1899995803833,9.239999771118164,9.15999984741211,9.199999809265137,2493800,2023-06-21,8.17160415649414,-0.0032537588761217,0.0010881656962182,0.0,9.199999809265137,9.239999771118164,9.15999984741211,2493800,-0.0032537588761217817,-0.0032590638600851207,-0.11178213848823337,0.009789990089336023,14.729318610539009,0.006376109765940274,0.00021770386507813377,0.0006533376597221974,-0.001064185055715594,-0.003977656046381672,0.007218432675290126,0.009391975661609845,44.40901241583757,-0.04890646237108065,-0.029077398798800967,-0.019829063572279683,2.0794415416798357,8.17160415649414,2023-06-26,-0.0010881656962182795
2023-06-22,7,-0.252505997461932,0.3682156784298707,0.1428571428571428,0.4285714285714285,0.4285714285714285,1,2023-06-22,2023-06-22,2023-06-22,8.180496215820312,9.199999809265137,9.239999771118164,9.1899995803833,9.199999809265137,4401400,2023-06-22,8.180496215820312,0.0010881656962182,0.0,-0.0021739657574745,9.199999809265137,9.239999771118164,9.1899995803833,4401400,0.0010881656962182795,0.0010875740730775796,-0.11081561028056788,0.006112121980836272,15.297433457297982,0.7649370438687946,-0.0006517180821826729,0.0008703664978744197,1.5214971471833039e-05,-0.002368916247225905,0.004861730605716815,0.007688066952001239,44.982399783698256,-0.04821834799154168,-0.03290558863734911,-0.015312759354192566,2.0794415416798357,8.180496215820312,2023-06-27,-0.0010869828787373192
2023-06-23,7,-0.2497248438719128,0.5408982609312428,0.1428571428571428,0.5714285714285714,0.2857142857142857,1,2023-06-23,2023-06-23,2023-06-23,8.180496215820312,9.199999809265137,9.220000267028809,9.18000030517578,9.199999809265137,2643300,2023-06-23,8.180496215820312,0.0,-0.0021739657574745,0.0010893510907064,9.199999809265137,9.220000267028809,9.18000030517578,2643300,0.0,0.0,-0.11081561028056788,0.0048896742688631705,14.787539072837845,-0.39944108692688685,-0.0006517180821826729,0.0006526387025225233,1.0143262871187275e-05,-0.0019390393698879294,0.002030803906380908,0.007425134232455231,44.982399783698256,-0.047129730195704767,-0.035750416949020244,-0.011379313246684522,2.0794415416798357,8.180496215820312,2023-06-28,-0.020652324958917556
2023-06-26,7,0.3827488103748432,0.6140751049216314,0.7142857142857143,0.2857142857142857,0.0,2,2023-06-24,2023-06-26,2023-06-26,8.162712097167969,9.18000030517578,9.210000038146973,9.15999984741211,9.199999809265137,2062900,2023-06-26,8.162712097167969,-0.0021739657574745,0.0010893510907064,-0.0195866324142667,9.199999809265137,9.210000038146973,9.15999984741211,2062900,-0.0021739657574745275,-0.0021763322514383177,-0.11274866669589886,0.006125438474328981,14.539623802535454,-0.21957401732682635,-0.001956971350419834,-0.0006531720585363221,-0.001443604275552346,-0.0033642503176168903,0.001784014025088083,0.0068182668640064245,43.9313633401336,-0.04715840970461471,-0.03803201550013914,-0.009126394204475571,2.0794415416798357,8.162712097167969,2023-06-30,-0.01416121368011869
2023-06-27,7,0.1639409162370222,0.6160739724693283,0.5714285714285714,0.2857142857142857,0.1428571428571428,1,2023-06-27,2023-06-27,2023-06-27,8.17160415649414,9.1899995803833,9.220000267028809,9.170000076293944,9.18000030517578,3616500,2023-06-27,8.17160415649414,0.0010893510907064,-0.0195866324142667,0.0044396199896699,9.18000030517578,9.220000267028809,9.170000076293944,3616500,0.001089351090706403,0.001088758178360738,-0.10984707136807988,0.006118772982307138,15.101017541781873,0.7531145474817005,-0.00021758578536623663,-0.00010879306181510451,-0.00023724532382596308,-0.001865052361144759,0.0019730112842144053,0.0053300987679675395,44.628021745410486,-0.0459341235650097,-0.039612437113113255,-0.006321686451896444,2.0794415416798357,8.17160415649414,2023-07-03,-0.009793257854189497
2023-06-28,5,0.5845841520465911,0.4022865050971177,0.8,0.0,0.2,1,2023-06-28,2023-06-28,2023-06-28,8.011549949645996,9.010000228881836,9.220000267028809,9.0,9.199999809265137,8838400,2023-06-28,8.011549949645996,-0.0195866324142667,0.0044396199896699,0.0055248775926566,9.199999809265137,9.220000267028809,9.0,8838400,-0.019586632414266725,-0.019780992592763447,-0.1291793352454504,0.027460387616821846,15.994616535899699,1.443909857597124,-0.015945934137041484,-0.017662552701109058,-0.013300690418947991,-0.0175899796722212,0.008860497609088547,0.007867316916535335,35.96564346311638,-0.05721931618351839,-0.04313381292719428,-0.014085503256324107,1.791759469228055,8.011549949645996,2023-07-04,0.013318740931579809
2023-06-30,8,-0.0879371641203761,0.7027919801103159,0.375,0.625,0.0,2,2023-06-29,2023-06-30,2023-06-30,8.047118186950684,9.050000190734863,9.09000015258789,8.989999771118164,9.020000457763672,15337600,2023-06-30,8.047118186950684,0.0044396199896699,0.0055248775926566,0.0032967833379731,9.020000457763672,9.09000015258789,8.989999771118164,15337600,0.004439619989669907,0.004429793948701022,-0.10785833940569388,0.012426856316325582,16.545817953146695,0.7353367125271542,-0.008327845338342854,-0.012655469043515999,-0.005964481591612669,-0.010849373947938057,0.009441478489769879,0.007596295404702539,38.80815971429778,-0.06257156706905853,-0.04702136375556713,-0.015550203313491398,2.1972245773362196,8.047118186950684,2023-07-05,0.0033148791510799747
2023-07-03,5,0.6205842286348343,0.46223168177995,0.8,0.2,0.0,1,2023-07-03,2023-07-03,2023-07-03,8.091577529907227,9.100000381469728,9.18000030517578,9.039999961853027,9.050000190734863,3486700,2023-07-03,8.091577529907227,0.0055248775926566,0.0032967833379731,-0.0054765837864456,9.050000190734863,9.18000030517578,9.039999961853027,3486700,0.00552487759265663,0.0055096714388316315,-0.10590305421306433,0.017301983798004503,15.064466574920788,-0.7726697788441477,-0.0006588751209036792,-0.006116192547435784,-0.0003150876520641166,-0.004409766235352941,0.010208532991399852,0.007030365690277598,42.25851064498834,-0.0625052454806383,-0.05011814010058137,-0.012387105380056926,1.791759469228055,8.091577529907227,2023-07-06,-0.0032967833379731193
2023-07-04,9,-0.1248015697217649,0.8213734345212245,0.4444444444444444,0.4444444444444444,0.1111111111111111,1,2023-07-04,2023-07-04,2023-07-04,8.118253707885742,9.130000114440918,9.149999618530272,9.09000015258789,9.09000015258789,5062800,2023-07-04,8.118253707885742,0.0032967833379731,-0.0054765837864456,-0.0011013483839921,9.09000015258789,9.149999618530272,9.09000015258789,5062800,0.0032967833379731193,0.0032913608623337254,-0.10690279740264863,0.007390686236388497,15.43743044541957,0.45203200734218596,0.0037379975654483477,-0.0018584490038447976,0.0019851322740482846,-0.0009227062920357243,0.010493366875434824,0.0070965889961845585,44.288347098280816,-0.0596129594346646,-0.05201710396739802,-0.007595855467266585,2.302585092994046,8.118253707885742,2023-07-07,-0.008762416585473387
2023-07-05,8,0.3100399840041064,0.6650871333669389,0.625,0.375,0.0,1,2023-07-05,2023-07-05,2023-07-05,8.073793411254883,9.079999923706056,9.149999618530272,9.079999923706056,9.119999885559082,2250000,2023-07-05,8.073793411254883,-0.0054765837864456,-0.0011013483839921,-0.0022050071292905,9.119999885559082,9.149999618530272,9.079999923706056,2250000,-0.005476583786445666,-0.005491635250319149,-0.11471562362196935,0.00866998835103156,14.626441218624949,-0.55558189144347,0.0006611986773190637,-0.005803178485141225,-0.0023376111937644106,-0.005237737624618322,0.010569712418900128,0.007224645941295173,41.659754929158126,-0.060214263723219474,-0.053656535918562315,-0.00655772780465716,2.1972245773362196,8.073793411254883,2023-07-10,-0.005506623800228372
2023-07-06,4,-0.5075389072299004,0.4113014303380602,0.25,0.75,0.0,1,2023-07-06,2023-07-06,2023-07-06,8.064901351928711,9.06999969482422,9.079999923706056,9.010000228881836,9.079999923706056,4978400,2023-07-06,8.064901351928711,-0.0011013483839921,-0.0022050071292905,-0.0022099984415766,9.079999923706056,9.079999923706056,9.010000228881836,4978400,-0.0011013483839921179,-0.0011019553137918692,-0.1117949978311263,0.008679547556707584,15.420619313104874,1.212622222222222,-0.0017610173005967455,-0.0055915574464979745,-0.0022935505432327696,-0.005187778964964362,0.004565517127732594,0.007198780709252304,41.133921094434136,-0.06070850670211492,-0.055066930075272844,-0.005641576626842074,1.6094379124341003,8.064901351928711,2023-07-11,-0.002205007129290504
2023-07-07,4,-0.4622954772785306,0.3677759259492501,0.25,0.75,0.0,1,2023-07-07,2023-07-07,2023-07-07,8.047118186950684,9.050000190734863,9.09000015258789,9.050000190734863,9.0600004196167,3222100,2023-07-07,8.047118186950684,-0.0022050071292905,-0.0022099984415766,0.0022148933524337,9.0600004196167,9.09000015258789,9.050000190734863,3222100,-0.002205007129290504,-0.0022074417370543387,-0.1117971507454817,0.004970718824273244,14.985544189217197,-0.3527840269966255,-0.003962141374184602,-0.006149787660004069,-0.003000160659167417,-0.006047399905110606,0.004400589380740384,0.007153081982514051,40.04530485154948,-0.06182249932824746,-0.056418043925867765,-0.0054044554023796945,1.6094379124341003,8.047118186950684,2023-07-12,-0.002209998441576655
2023-07-10,4,0.3292706850916147,0.3090627143736327,0.75,0.0,0.25,1,2023-07-10,2023-07-10,2023-07-10,8.02933406829834,9.029999732971191,9.079999923706056,9.029999732971191,9.050000190734863,3552100,2023-07-10,8.02933406829834,-0.0022099984415766,0.0022148933524337,-0.0022099984415766,9.050000190734863,9.079999923706056,9.029999732971191,3552100,-0.002209998441576655,-0.002212444092052568,-0.11278078463262937,0.006227190238886351,15.083049817374624,0.1024176779119208,-0.004629671226924592,-0.0064914029792583205,-0.003475046668658388,-0.0067552439397230435,0.00316127781294318,0.0071316015130719725,38.935545195047325,-0.06340943179873015,-0.05781632150044025,-0.005593110298289905,1.6094379124341003,8.02933406829834,2023-07-13,0.00775200795974329
2023-07-11,4,0.7472152279224247,0.2965890662250754,1.0,0.0,0.0,1,2023-07-11,2023-07-11,2023-07-11,8.047118186950684,9.050000190734863,9.0600004196167,8.989999771118164,9.039999961853027,6680000,2023-07-11,8.047118186950684,0.0022148933524337,-0.0022099984415766,0.0077520079597432,9.039999961853027,9.0600004196167,8.989999771118164,6680000,0.0022148933524337444,0.002212444092052568,-0.10983205520930356,0.008698846825941884,15.714628695213417,0.8805776864390078,-0.0006625129136130781,-0.002864685019540847,-0.0008455908101456799,-0.0037301635193104365,0.0027589412683551007,0.0072429630890067055,40.70516067418273,-0.06251146422016163,-0.05875535004438453,-0.003756114175777099,1.6094379124341003,8.047118186950684,2023-07-14,0.01546963355718134
2023-07-12,7,0.8057785388747496,0.1300916299577175,1.0,0.0,0.0,1,2023-07-12,2023-07-12,2023-07-12,8.02933406829834,9.029999732971191,9.06999969482422,9.020000457763672,9.029999732971191,4262400,2023-07-12,8.02933406829834,-0.0022099984415766,0.0077520079597432,0.0098901142936749,9.029999732971191,9.06999969482422,9.020000457763672,4262400,-0.002209998441576655,-0.002212444092052568,-0.11081569150208567,0.006227071465111553,15.265343174497735,-0.3619161676646706,-0.001768756882918665,-0.003311291440359687,-0.002037888045064662,-0.0048586278832054575,0.0019153150739890702,0.007191862831868385,39.47325337030129,-0.06251422314118216,-0.05950712466374406,-0.0030070984774380957,2.0794415416798357,8.02933406829834,2023-07-17,0.011074347988393907
2023-07-13,8,0.4102898382698186,0.732368626801376,0.75,0.25,0.0,1,2023-07-13,2023-07-13,2023-07-13,8.091577529907227,9.100000381469728,9.119999885559082,9.020000457763672,9.029999732971191,5409700,2023-07-13,8.091577529907227,0.0077520079597432,0.0098901142936749,-0.0065287607655346,9.029999732971191,9.119999885559082,9.020000457763672,5409700,0.00775200795974329,0.007722115530884199,-0.103922727664931,0.01235845883275578,15.503704381273149,0.26916760510510507,0.005302729674011131,0.0034182618955636013,0.003791679389952618,0.0023352823440481174,0.0043987488880916515,0.004241177554979868,45.6706480521445,-0.056838681504906674,-0.058973436031976585,0.002134754527069911,2.1972245773362196,8.091577529907227,2023-07-18,0.0
2023-07-14,6,0.7280251830040166,0.3634549459775436,0.8333333333333334,0.0,0.1666666666666666,1,2023-07-14,2023-07-14,2023-07-14,8.17160415649414,9.1899995803833,9.25,9.09000015258789,9.100000381469728,8188700,2023-07-14,8.17160415649414,0.0098901142936749,-0.0065287607655346,-0.0032859502718673,9.100000381469728,9.25,9.09000015258789,8188700,0.009890114293674923,0.009841527205230793,-0.10202155890741224,0.019579980178672046,15.918265835191056,0.5137068598998096,0.01211457207430855,0.011780275310855126,0.009104559840237503,0.009999225884516294,0.005588416983526828,0.005012131066515288,52.41659330263254,-0.045360407372628586,-0.05625083030010699,0.010890422927478403,1.9459101490553132,8.17160415649414,2023-07-20,-0.013057754942844446
2023-07-17,7,0.3113352391270122,0.7761679872365767,0.7142857142857143,0.2857142857142857,0.0,1,2023-07-17,2023-07-17,2023-07-17,8.118253707885742,9.130000114440918,9.199999809265137,9.119999885559082,9.199999809265137,4152800,2023-07-17,8.118253707885742,-0.0065287607655346,-0.0032859502718673,-0.0032967833379731,9.199999809265137,9.199999809265137,9.119999885559082,4152800,-0.006528760765534658,-0.006550166342897068,-0.11758110041371844,0.009854326630411416,15.239293604296515,-0.4928621148656075,0.0032967833379731193,0.004842709045346227,0.0016761657769333027,0.0027843346138822778,0.006811744011049228,0.005384879457163167,48.12637231773482,-0.04010640607681104,-0.053021945455447805,0.012915539378636764,2.0794415416798357,8.118253707885742,2023-07-21,-0.0021907509874179443
2023-07-18,6,-0.4890636745840311,0.6932945059911924,0.1666666666666666,0.8333333333333334,0.0,1,2023-07-18,2023-07-18,2023-07-18,8.091577529907227,9.100000381469728,9.119999885559082,9.079999923706056,9.119999885559082,5893000,2023-07-18,8.091577529907227,-0.0032859502718673,-0.0032967833379731,0.0044101325085477,9.119999885559082,9.119999885559082,9.079999923706056,5893000,-0.0032859502718673994,-0.0032913608623337254,-0.1127656105873745,0.004943407105126531,15.589275933512893,0.41904257368522435,-0.0010976979424127675,0.0018716501829529886,-0.001077441655950584,-0.00041793732027084474,0.007244018262137572,0.005385919386199256,46.09479671234945,-0.03766098443220045,-0.04994975325079834,0.01228876881859789,1.9459101490553132,8.091577529907227,2023-07-24,0.03956045717469947
2023-07-20,5,0.4159504324197769,0.2993629331342211,0.8,0.0,0.2,1,2023-07-20,2023-07-20,2023-07-20,8.064901351928711,9.06999969482422,9.140000343322754,9.039999961853027,9.130000114440918,5774000,2023-07-20,8.064901351928711,-0.0032967833379731,0.0044101325085477,0.038419431602962,9.130000114440918,9.140000343322754,9.039999961853027,5774000,-0.0032967833379731193,-0.003302229701777293,-0.11665922772854523,0.012399455009553416,15.568875812395165,-0.020193449855761103,-0.005264393106805487,-0.001321350600051896,-0.0029180331910150237,-0.003040242200734622,0.007383996835324409,0.005194566770107154,44.090422499921836,-0.037443884983202835,-0.047448579597279245,0.01000469461407641,1.791759469228055,8.064901351928711,2023-07-25,0.044101443335443635
2023-07-21,4,0.2699376661330461,0.3114035830691609,1.0,0.0,0.0,1,2023-07-21,2023-07-21,2023-07-21,8.100468635559082,9.109999656677246,9.109999656677246,9.06999969482422,9.079999923706056,4374500,2023-07-21,8.100468635559082,0.0044101325085477,0.038419431602962,0.0010569947246632,9.079999923706056,9.109999656677246,9.06999969482422,4374500,0.004410132508547715,0.0044004363712240036,-0.10787789607680667,0.004937981202400499,15.291303014125985,-0.24237963283685482,-0.0010965649096359442,0.0026413607236572823,0.0009856675931732006,0.0011095756083634445,0.006731863963991374,0.005365854391169071,47.37607703513373,-0.03400980569529111,-0.04476082481688162,0.010751019121590516,1.6094379124341003,8.100468635559082,2023-07-26,0.053787062967236565
2023-07-24,11,0.2920352397486568,0.4755856913161219,0.5454545454545454,0.2727272727272727,0.1818181818181818,2,2023-07-22,2023-07-24,2023-07-24,8.411684036254883,9.460000038146973,9.470000267028809,9.109999656677246,9.109999656677246,14061700,2023-07-24,8.411684036254883,0.038419431602962,0.0010569947246632,0.0137275552167461,9.109999656677246,9.470000267028809,9.109999656677246,14061700,0.03841943160296202,0.037699779815485446,-0.0766537482699604,0.04279768579037651,16.458965418536945,2.214470225168591,0.031175092473606947,0.03648519449557508,0.025954076717527697,0.03214551157120393,0.018595431067668085,0.01303191247882376,66.13149592226694,-0.00610541183078972,-0.03702974221966324,0.030924330388873524,2.4849066497880004,8.411684036254883,2023-07-27,0.01479905989485597
2023-07-25,6,0.600928789547955,0.666682347188524,0.8333333333333334,0.1666666666666666,0.0,1,2023-07-25,2023-07-25,2023-07-25,8.420575141906738,9.470000267028809,9.5600004196167,9.359999656677246,9.40999984741211,14438700,2023-07-25,8.420575141906738,0.0010569947246632,0.0137275552167461,0.0,9.40999984741211,9.5600004196167,9.359999656677246,14438700,0.0010569947246632516,0.001056436499065505,-0.10514609155678974,0.023751437350651723,16.485422728933695,0.02681041410355789,0.024669958256620994,0.03260271988016705,0.017864658623805374,0.027030143773614013,0.017606606753921686,0.012884694766012018,66.49884813615115,0.016535844346741158,-0.026316624906382365,0.042852469253123526,1.9459101490553132,8.420575141906738,2023-07-28,0.010559692706803903
2023-07-26,5,0.3811889825388789,0.3750179626686015,1.0,0.0,0.0,1,2023-07-26,2023-07-26,2023-07-26,8.536169052124023,9.600000381469728,9.600000381469728,9.40999984741211,9.40999984741211,10278100,2023-07-26,8.536169052124023,0.0137275552167461,0.0,-0.0031249643887455,9.40999984741211,9.600000381469728,9.40999984741211,10278100,0.013727555216746179,0.013634185848989677,-0.09286193511771443,0.02225829091451063,16.145526073300584,-0.2881561359402163,0.027617195923965054,0.04053756185703805,0.021002083675686345,0.03340102958090818,0.016627231434401372,0.013135747256003865,70.91566729518844,0.04330744422570909,-0.012391811079964074,0.05569925530567316,1.791759469228055,8.536169052124023,2023-07-31,0.0
2023-07-27,8,0.6395384093339089,0.2704309149414624,0.875,0.0,0.125,1,2023-07-27,2023-07-27,2023-07-27,8.536169052124023,9.600000381469728,9.649999618530272,9.539999961853027,9.5600004196167,6249900,2023-07-27,8.536169052124023,0.0,-0.0031249643887455,0.0031347604033733,9.5600004196167,9.649999618530272,9.539999961853027,6249900,0.0,0.0,-0.10709532662695484,0.012886302509422949,15.64807618158713,-0.39192068572985284,0.016088043855736034,0.034148395424062894,0.013904051102230808,0.02716315559103255,0.015978014393955933,0.013000286592558906,70.91566729518844,0.0637888122878536,0.0028443135935994606,0.06094449869425414,2.1972245773362196,8.536169052124023,2023-08-01,-0.005208348462297674
2023-07-28,8,-0.1654900106659624,0.7956018816424392,0.375,0.5,0.125,1,2023-07-28,2023-07-28,2023-07-28,8.509493827819824,9.56999969482422,9.619999885559082,9.529999732971191,9.59000015258789,6728500,2023-07-28,8.509493827819824,-0.0031249643887455,0.0031347604033733,-0.0052083484622976,9.59000015258789,9.619999885559082,9.529999732971191,6728500,-0.0031249643887455436,-0.003129857286039428,-0.11267010506527349,0.01057644019831778,15.721862942785258,0.07657722523560384,0.0031446631385545487,0.0257234658306702,0.007131570714361546,0.01951317777163264,0.01713037904825584,0.013308716081289806,68.49867889708835,0.07698059202409624,0.017671569279698818,0.05930902274439742,2.1972245773362196,8.509493827819824,2023-08-02,0.0
2023-07-31,2,0.6688118278980255,0.0925859419523366,1.0,0.0,0.0,1,2023-07-31,2023-07-31,2023-07-31,8.536169052124023,9.600000381469728,9.619999885559082,9.550000190734863,9.5600004196167,10196000,2023-07-31,8.536169052124023,0.0031347604033733,-0.0052083484622976,0.0020942918754209,9.5600004196167,9.619999885559082,9.550000190734863,10196000,0.003134760403373349,0.003129857286039428,-0.10709532662695484,0.008200364167670858,16.137506142555814,0.5153451735156425,0.0033444733575414,0.024437058009595836,0.006835681194335308,0.018503777931889953,0.006430019456441859,0.0132111593416615,69.61397688612207,0.08856669840554332,0.03185059510486772,0.0567161033006756,1.0986122886681098,8.536169052124023,2023-08-03,-0.004166432982356305
2023-08-01,7,0.3099832408063646,0.8004377431157782,0.5714285714285714,0.4285714285714285,0.0,1,2023-08-01,2023-08-01,2023-08-01,8.49170970916748,9.550000190734863,9.619999885559082,9.5,9.579999923706056,4034600,2023-08-01,8.49170970916748,-0.0052083484622976,0.0020942918754209,-0.0010447333481193,9.579999923706056,9.619999885559082,9.5,4034600,-0.005208348462297674,-0.005221959189324998,-0.11360023206738891,0.014131416365956617,15.210417970038401,-0.6042958022754021,-0.0035475985417927625,0.014554306564066977,0.0010605906902172446,0.010773372857006969,0.007426574134552835,0.013095314937444277,65.45447668096529,0.09308821082290031,0.04409811824847424,0.04899009257442607,2.0794415416798357,8.49170970916748,2023-08-04,0.005235617382038482
2023-08-02,5,-0.3287523004226387,0.7457312936215488,0.4,0.6,0.0,1,2023-08-02,2023-08-02,2023-08-02,8.509493827819824,9.56999969482422,9.59000015258789,9.5,9.539999961853027,2437200,2023-08-02,8.509493827819824,0.0020942918754209,-0.0010447333481193,0.0041838647745466,9.539999961853027,9.59000015258789,9.5,2437200,0.002094291875420984,0.0020921019032855703,-0.10801951133687845,0.01057644019831778,14.706360807663302,-0.395925246616765,-0.0008352229840896674,0.011627929256243341,0.002102523206767515,0.010521889706977428,0.0035063439164453895,0.012844198889120336,66.32134559063482,0.09698854812702429,0.054676204224184254,0.042312343902840034,1.791759469228055,8.509493827819824,2023-08-07,-0.0010447333481193866
2023-08-03,6,-0.0116176316902662,0.7717935960605588,0.5,0.5,0.0,1,2023-08-03,2023-08-03,2023-08-03,8.500603675842285,9.5600004196167,9.579999923706056,9.5,9.5,2921000,2023-08-03,8.500603675842285,-0.0010447333481193,0.0041838647745466,-0.0041664329823563,9.5,9.579999923706056,9.5,2921000,-0.0010447333481193866,-0.0010452794623994066,-0.10519961306923314,0.009411087348232318,14.88743692371833,0.19850648284917116,-0.0010447557390623752,0.005363538092140185,0.0007034813249722216,0.0077317358502082545,0.003491193028181066,0.012699123511250373,65.43735245547252,0.09822989943971727,0.06338694326729086,0.034842956172426415,1.9459101490553132,8.500603675842285,2023-08-08,0.004183864774546686
2023-08-04,7,0.4947570088718619,0.4305540869540397,0.7142857142857143,0.2857142857142857,0.0,1,2023-08-04,2023-08-04,2023-08-04,8.536169052124023,9.600000381469728,9.600000381469728,9.539999961853027,9.550000190734863,2740800,2023-08-04,8.536169052124023,0.0041838647745466,-0.0041664329823563,0.0041838647745466,9.550000190734863,9.600000381469728,9.539999961853027,2740800,0.004183864774546686,0.004175136748438835,-0.10616032653009053,0.00702896337341999,14.823760771408901,-0.0616912016432728,0.0025062145757199783,0.004394185708895604,0.00325488713351918,0.009754404744929612,0.003805882138828357,0.012701178702528288,67.31431685615121,0.10092016311242347,0.07089358723631739,0.030026575876106076,2.0794415416798357,8.536169052124023,2023-08-09,0.004166768147104261
2023-08-07,8,0.0494672396453097,0.4437266295532679,0.375,0.25,0.375,1,2023-08-07,2023-08-07,2023-08-07,8.500603675842285,9.5600004196167,9.600000381469728,9.520000457763672,9.600000381469728,1278000,2023-08-07,8.500603675842285,-0.0041664329823563,0.0041838647745466,0.0041667681471042,9.600000381469728,9.600000381469728,9.520000457763672,1278000,-0.004166432982356305,-0.004175136748438835,-0.11452048561889007,0.009411087348232318,14.060807696391924,-0.5337127845884413,-0.0008359837501386025,-0.0008359389495314895,-0.0006169283202228648,0.004534151938172526,0.004001191657731735,0.00542908656671927,63.59505251143927,0.09904070818836708,0.07652301142672732,0.022517696761639755,2.1972245773362196,8.500603675842285,2023-08-10,0.01778218256764519
2023-08-08,6,0.5786068671538185,0.468898828063897,0.8333333333333334,0.1666666666666666,0.0,1,2023-08-08,2023-08-08,2023-08-08,8.536169052124023,9.600000381469728,9.649999618530272,9.520000457763672,9.56999969482422,4544000,2023-08-08,8.536169052124023,0.0041838647745466,0.0041667681471042,0.0093359922511031,9.56999969482422,9.649999618530272,9.520000457763672,4544000,0.004183864774546686,0.004175136748438835,-0.10802828376884147,0.015229215819507766,15.329318459453523,2.5555555555555554,0.002296829407030909,0.001983038981296037,0.0023734169726414844,0.007137106301077001,0.003617037568379005,0.005517874810369902,65.63957909857163,0.09927665576392108,0.08107374029416609,0.018202915469755,1.9459101490553132,8.536169052124023,2023-08-11,0.020833393849190696
2023-08-09,7,-0.0249940606632403,0.6872872078451544,0.4285714285714285,0.5714285714285714,0.0,1,2023-08-09,2023-08-09,2023-08-09,8.571737289428711,9.640000343322754,9.640000343322754,9.579999923706056,9.600000381469728,6317000,2023-08-09,8.571737289428711,0.0041667681471042,0.0093359922511031,0.0071943096314375,9.600000381469728,9.640000343322754,9.579999923706056,6317000,0.004166768147104261,0.004158111208015569,-0.10711073449807444,0.006999796842898384,15.658755128183817,0.3901848591549295,0.005004157272364251,0.0057381711867203755,0.004357203063622972,0.009253887098729985,0.003876074070558177,0.003653720460113545,67.59935165848108,0.10116750933871543,0.08509249410307596,0.016075015235639478,2.0794415416798357,8.571737289428711,2023-08-14,0.01659746790151173
2023-08-10,8,0.2024794287281111,0.6332269465226339,0.5,0.375,0.125,1,2023-08-10,2023-08-10,2023-08-10,8.651762962341309,9.729999542236328,9.75,9.579999923706056,9.609999656677246,5351800,2023-08-10,8.651762962341309,0.0093359922511031,0.0071943096314375,0.0,9.609999656677246,9.75,9.579999923706056,5351800,0.009335992251103153,0.009292681234306155,-0.09971245874812627,0.01964918329754364,15.492943697737186,-0.1527940478075036,0.010804000470459041,0.01375279700167975,0.009114191698651464,0.015228874985634855,0.004852952560056421,0.004603306692420127,71.53335845009588,0.1078798555987337,0.0896499664022075,0.018229889196526197,2.1972245773362196,8.651762962341309,2023-08-15,0.016444057565500048
2023-08-11,8,0.4068779969238676,0.491180207537981,0.5,0.375,0.125,1,2023-08-11,2023-08-11,2023-08-11,8.714006423950195,9.800000190734863,9.829999923706056,9.619999885559082,9.699999809265137,8819100,2023-08-11,8.714006423950195,0.0071943096314375,0.0,0.0091836777130394,9.699999809265137,9.829999923706056,9.619999885559082,8819100,0.007194309631437523,0.007168554041252051,-0.10164880460854765,0.02409913740363966,15.992430495350378,0.6478754811465302,0.013863006531608102,0.018605129479976057,0.01085679113948057,0.018360661861496208,0.005131436696485958,0.00464377908327613,74.1612200806935,0.11687470666471356,0.09509491445470872,0.02177979221000484,2.1972245773362196,8.714006423950195,2023-08-16,0.019387678939660313
2023-08-14,3,-0.0214545627435048,0.0652376073291336,0.3333333333333333,0.6666666666666666,0.0,1,2023-08-14,2023-08-14,2023-08-14,8.714006423950195,9.800000190734863,9.81999969482422,9.670000076293944,9.800000190734863,4960000,2023-08-14,8.714006423950195,0.0,0.0091836777130394,0.0101111437411915,9.800000190734863,9.81999969482422,9.670000076293944,4960000,0.0,0.0,-0.11081568833145437,0.017213622670509784,15.416916500313993,-0.4375843340023359,0.008853218068352708,0.01649205403805687,0.007211761895438151,0.014972377385145785,0.0035345912169224523,0.004693267374071572,74.16122008069351,0.1225900491618237,0.10059394139613172,0.021996107765691983,1.3862943611198906,8.714006423950195,2023-08-17,0.015306166002247101
2023-08-15,6,0.6002041970690092,0.299511156620651,1.0,0.0,0.0,1,2023-08-15,2023-08-15,2023-08-15,8.79403305053711,9.890000343322754,9.899999618530272,9.75,9.789999961853027,4344600,2023-08-15,8.79403305053711,0.0091836777130394,0.0101111437411915,-0.004003886864376,9.789999961853027,9.899999618530272,9.75,4344600,0.009183677713039406,0.00914176416312884,-0.10173308633265855,0.01705697689197452,15.284444482775728,-0.12407258064516125,0.01207532529719435,0.02222220744148684,0.010914556129528297,0.01978913747437505,0.003938556790944026,0.004410138857156393,77.28758529469206,0.13205473444527627,0.10688610000596063,0.025168634439315635,1.9459101490553132,8.79403305053711,2023-08-18,0.006066773001206283
2023-08-16,5,0.0222898950800299,0.7586231523272845,0.4,0.6,0.0,1,2023-08-16,2023-08-16,2023-08-16,8.882950782775879,9.989999771118164,10.0,9.880000114440918,9.899999618530272,8836700,2023-08-16,8.882950782775879,0.0101111437411915,-0.004003886864376,0.0,9.899999618530272,10.0,9.880000114440918,8836700,0.010111143741191597,0.01006036810695754,-0.10273220959026473,0.013509011644167035,15.994424174915842,1.033950191041753,0.015037545642885064,0.028095000670425918,0.013992126211617384,0.024493529053466245,0.0041474725453789045,0.004832035796139943,80.16000453205143,0.14505834133374762,0.11452054827151804,0.030537793062229576,1.791759469228055,8.882950782775879,2023-08-21,0.015015058861774788
2023-08-17,3,0.1916145582993825,0.5385700824527017,0.6666666666666666,0.3333333333333333,0.0,1,2023-08-17,2023-08-17,2023-08-17,8.847384452819824,9.949999809265137,9.970000267028809,9.859999656677246,9.970000267028809,7645600,2023-08-17,8.847384452819824,-0.004003886864376,0.0,0.0190954015536013,9.970000267028809,9.970000267028809,9.859999656677246,7645600,-0.004003886864376027,-0.004011923879426504,-0.1125993765438021,0.012433122007770702,15.84964100772828,-0.13479013658945083,0.006473850169759876,0.019885242235573086,0.006599627993343793,0.01662238569548169,0.006189651113946142,0.005267697082830594,76.01867154363462,0.15075606580732526,0.12176765177867949,0.02898841402864577,1.3862943611198906,8.847384452819824,2023-08-22,0.011055328923576191
2023-08-18,5,-0.0362231949344277,0.5762579864946318,0.2,0.8,0.0,1,2023-08-18,2023-08-18,2023-08-18,8.847384452819824,9.949999809265137,9.960000038146973,9.859999656677246,9.949999809265137,3976900,2023-08-18,8.847384452819824,0.0,0.0190954015536013,-0.0078894209686041,9.949999809265137,9.960000038146973,9.859999656677246,3976900,0.0,0.0,-0.11081561583735818,0.011302818590397595,15.19601343074446,-0.4798446165114576,0.0034288419677137583,0.01623943642670822,0.004390094332412664,0.013559154569583232,0.006241869471330144,0.005417172452495084,76.01867154363462,0.15350207710933184,0.12811453684480995,0.02538754026452189,1.791759469228055,8.847384452819824,2023-08-23,0.004019982419179113
2023-08-21,7,-0.0875714623502322,0.5753716740992261,0.2857142857142857,0.5714285714285714,0.1428571428571428,1,2023-08-21,2023-08-21,2023-08-21,9.016328811645508,10.140000343322754,10.140000343322754,9.9399995803833,9.949999809265137,15644400,2023-08-21,9.016328811645508,0.0190954015536013,-0.0078894209686041,-0.0069584188947278,9.949999809265137,10.140000343322754,9.9399995803833,15644400,0.019095401553601343,0.018915372580139866,-0.09383628296658085,0.022182061803372982,16.565623647359505,2.933817797782192,0.015624971465342474,0.029546124460366086,0.015590399263265109,0.026769012748153242,0.009093357629801329,0.006580824143583087,81.33188148516798,0.16738124191484083,0.13596787785881612,0.03141336405602471,2.0794415416798357,9.016328811645508,2023-08-24,-0.01380683045376363
2023-08-22,4,0.2372138616628945,0.620937507703314,0.75,0.25,0.0,1,2023-08-22,2023-08-22,2023-08-22,8.945195198059082,10.0600004196167,10.140000343322754,10.0,10.119999885559082,5022600,2023-08-22,8.945195198059082,-0.0078894209686041,-0.0069584188947278,0.0010009180360535,10.119999885559082,10.140000343322754,10.0,5022600,-0.007889420968604122,-0.007920707111893854,-0.11608742102620069,0.015650898635854366,15.429458484976251,-0.678952212932423,0.004192533969389567,0.01667517913939842,0.0050392569200437,0.01522247630684026,0.01101356008755875,0.00790946811708751,73.90706762496194,0.17067327659699316,0.14290895760645153,0.02776431899054163,1.6094379124341003,8.945195198059082,2023-08-25,-0.00894632535288642
2023-08-23,8,-0.0192647762596606,0.8463553496128569,0.375,0.5,0.125,1,2023-08-23,2023-08-23,2023-08-23,8.882950782775879,9.989999771118164,10.100000381469728,9.9399995803833,10.079999923706056,3456200,2023-08-23,8.882950782775879,-0.0069584188947278,0.0010009180360535,-0.0029997516026775,10.079999923706056,10.100000381469728,9.9399995803833,3456200,-0.006958418894727814,-0.006982741588819508,-0.1187548759911166,0.018012122885637343,15.055680566937095,-0.3118703460359177,-0.0027950583329275913,0.0060422268946818125,-0.001303667377599682,0.006664950028186123,0.011082826261452945,0.0087351538410298,68.05269596736137,0.16634214498239075,0.14759559508163939,0.018746549900751364,2.1972245773362196,8.882950782775879,2023-08-28,-0.009009013845048708
2023-08-24,8,0.6132375531014986,0.4242818145147531,0.875,0.125,0.0,1,2023-08-24,2023-08-24,2023-08-24,8.891841888427734,10.0,10.039999961853027,9.970000267028809,9.989999771118164,4263000,2023-08-24,8.891841888427734,0.0010009180360535,-0.0029997516026775,-0.0070212331306934,9.989999771118164,10.039999961853027,9.970000267028809,4263000,0.0010009180360535108,0.0010004174515976239,-0.1099257165015445,0.007872350374934093,15.265483930323908,0.23343556507146568,-0.002792313971779703,0.0043184270946143855,-0.00020272335012083698,0.006268787015364374,0.010848841484866124,0.008522826701994092,68.43729535844975,0.16176243325676865,0.15042896271666525,0.01133347054010339,2.1972245773362196,8.891841888427734,2023-08-29,-0.007999766618059678
2023-08-25,8,-0.1898444938706234,0.728816950535857,0.375,0.5,0.125,1,2023-08-25,2023-08-25,2023-08-25,8.865168571472168,9.970000267028809,10.0,9.880000114440918,9.989999771118164,3079800,2023-08-25,8.865168571472168,-0.0029997516026775,-0.0070212331306934,0.0020203595999581,9.989999771118164,10.0,9.880000114440918,3079800,-0.002999751602677514,-0.0030042598755728456,-0.11259571825997106,0.01353610871486842,14.940375542472806,-0.27755102040816326,-0.0061801169503614695,-0.0004009449250109709,-0.0021368585342252944,0.002657709013158982,0.011003248476989476,0.008544911163472295,65.8751604048909,0.15420310752363697,0.15118379167805962,0.0030193158455773528,2.1972245773362196,8.865168571472168,2023-08-30,-0.013039110230713802
2023-08-28,11,0.1800607950003309,0.6289226122467406,0.5454545454545454,0.3636363636363636,0.0909090909090909,2,2023-08-26,2023-08-28,2023-08-28,8.802924156188965,9.899999618530272,9.93000030517578,9.65999984741211,9.68000030517578,10036800,2023-08-28,8.802924156188965,-0.0070212331306934,0.0020203595999581,-0.0080644952030363,9.68000030517578,9.93000030517578,9.65999984741211,10036800,-0.007021233130693472,-0.007045997975946072,-0.09060703732807246,0.030671678293836505,16.12176899595796,2.2589129164231445,-0.008413515767223378,-0.008413526419301043,-0.006114025881454599,-0.003588282694789613,0.003742500009518653,0.00898231296939675,60.210314408091016,0.1415578920403444,0.14925861175051658,-0.007700719710172166,2.4849066497880004,8.802924156188965,2023-09-01,0.002020359599958166
2023-08-29,10,0.6442152539500967,0.4553214057146947,0.9,0.1,0.0,1,2023-08-29,2023-08-29,2023-08-29,8.820709228515625,9.920000076293944,9.989999771118164,9.729999542236328,9.829999923706056,11918100,2023-08-29,8.820709228515625,0.0020203595999581,-0.0080644952030363,0.0081300600331741,9.829999923706056,9.989999771118164,9.729999542236328,11918100,0.002020359599958166,0.0020183214182796227,-0.1026745374388481,0.02947611378474036,16.293568894829423,0.18744021999043525,-0.0036158040518300405,-0.006708637376663273,-0.002741097540943649,-0.001289146882180181,0.004267131690423433,0.008536311276536528,61.236047581389435,0.13145622878985996,0.14569813515838526,-0.014241906368525292,2.3978952727983707,8.820709228515625,2023-09-04,-0.0020162859772278052
2023-08-30,4,0.2898307400173507,0.8585624394033837,0.75,0.25,0.0,1,2023-08-30,2023-08-30,2023-08-30,8.749574661254883,9.84000015258789,9.949999809265137,9.84000015258789,9.920000076293944,11325600,2023-08-30,8.749574661254883,-0.0080644952030363,0.0081300600331741,-0.0020162859772278,9.920000076293944,9.949999809265137,9.84000015258789,11325600,-0.008064495203036315,-0.008097189136493377,-0.11798643206022284,0.012572000461273818,16.242576296357964,-0.04971430009817002,-0.0086640223531681,-0.013236976544761192,-0.00721492546943181,-0.007657482124746262,0.004556038818746532,0.008149841313037674,55.11604403473729,0.11636919120483569,0.13983234636767533,-0.023463155162839644,1.6094379124341003,8.749574661254883,2023-09-05,0.007113666283216524
2023-09-01,4,0.5493835173547268,0.2754711250985281,1.0,0.0,0.0,1,2023-09-01,2023-09-01,2023-09-01,8.820709228515625,9.920000076293944,9.920000076293944,9.84000015258789,9.899999618530272,7359700,2023-09-01,8.820709228515625,0.0081300600331741,-0.0020162859772278,0.0010101256319379,9.899999618530272,9.920000076293944,9.84000015258789,7359700,0.00813006003317418,0.008097189136493377,-0.10901923551537221,0.009069556838743628,15.81152986487984,-0.3501712933531116,0.0010091061985788574,-0.004915173691672714,0.0005708215592223898,0.0003356930533535696,0.006725306682337004,0.008622251696834933,59.477445094218695,0.10889727035754149,0.13364533116564856,-0.02474806080810707,1.6094379124341003,8.820709228515625,2023-09-06,0.004032247601518213
2023-09-04,8,0.4848686887708027,0.6033730234203685,0.625,0.25,0.125,1,2023-09-04,2023-09-04,2023-09-04,8.802924156188965,9.899999618530272,9.949999809265137,9.880000114440918,9.899999618530272,3454600,2023-09-04,8.802924156188965,-0.0020162859772278,0.0010101256319379,0.0050455315389552,9.899999618530272,9.949999809265137,9.880000114440918,3454600,-0.0020162859772278052,-0.0020183214182796227,-0.11081570753678228,0.007951868445328468,15.055217523710393,-0.5306058670869737,0.0004041051517023053,-0.006423203941431699,-0.0009648755062492409,-0.001376004987711954,0.00668793693975419,0.00863883032328853,57.960987404587804,0.10038345457525466,0.12699295584756978,-0.026609501272315123,2.1972245773362196,8.802924156188965,2023-09-07,-0.0030302685597313195
2023-09-05,7,-0.1433589418551751,0.6494155069735316,0.2857142857142857,0.5714285714285714,0.1428571428571428,1,2023-09-05,2023-09-05,2023-09-05,8.811816215515137,9.90999984741211,9.93000030517578,9.859999656677246,9.899999618530272,8749800,2023-09-05,8.811816215515137,0.0010101256319379,0.0050455315389552,-0.0090362558295775,9.899999618530272,9.93000030517578,9.859999656677246,8749800,0.0010101256319379193,0.0010096157983432441,-0.10991751969144861,0.007943952391481096,15.984541515218032,1.5327968505760436,0.001212287203384177,-0.0031184527402748907,2.9516551185437834e-05,-0.0003005131256019755,0.005917524752260254,0.00535757251335643,58.53028641389942,0.09327845315845273,0.12025005530974638,-0.02697160215129364,2.0794415416798357,8.811816215515137,2023-09-08,-0.005045423312195596
2023-09-06,6,0.3689146265387535,0.526038288964975,0.6666666666666666,0.1666666666666666,0.1666666666666666,1,2023-09-06,2023-09-06,2023-09-06,8.856276512145996,9.960000038146973,10.0,9.920000076293944,9.93000030517578,6120400,2023-09-06,8.856276512145996,0.0050455315389552,-0.0090362558295775,-0.0010131958875808,9.93000030517578,10.0,9.920000076293944,6120400,0.005045531538955261,0.00503284549868388,-0.10812928096992405,0.009033133009830946,15.627138175217796,-0.30050972593659286,0.005451287380076275,0.0029202199865361322,0.003377750428254833,0.0038777028818248738,0.006291005692966828,0.005413646162024435,61.348712041643786,0.0901955446211602,0.11423915317202914,-0.024043608550868942,1.9459101490553132,8.856276512145996,2023-09-12,-0.012048161633704257
2023-09-07,7,-0.1614167422854474,0.6296594268044247,0.2857142857142857,0.7142857142857143,0.0,1,2023-09-07,2023-09-07,2023-09-07,8.776248931884766,9.869999885559082,9.979999542236328,9.859999656677246,9.970000267028809,7136200,2023-09-07,8.776248931884766,-0.0090362558295775,-0.0010131958875808,0.0030426704839643,9.970000267028809,9.979999542236328,9.859999656677246,7136200,-0.009036255829577566,-0.00907733041683656,-0.11973433331710397,0.013673254540799717,15.780691119885658,0.1659695444742173,-0.004237326190712265,-0.0049400584493225486,-0.0037998909737795294,-0.004253319617093632,0.006639495263034776,0.005700643275302512,54.2072819681811,0.08036832446858533,0.10746498743134039,-0.027096662962755064,2.0794415416798357,8.776248931884766,2023-09-13,0.008105458435279544
2023-09-08,8,-0.2309074629447423,0.5276074173507251,0.125,0.75,0.125,1,2023-09-08,2023-09-08,2023-09-08,8.767356872558594,9.859999656677246,9.899999618530272,9.850000381469728,9.890000343322754,2492000,2023-09-08,8.767356872558594,-0.0010131958875808,0.0030426704839643,-0.0050555176477885,9.890000343322754,9.899999618530272,9.850000381469728,2492000,-0.0010131958875808644,-0.001013709517502015,-0.11351298602553783,0.005702886033650408,14.728596560173509,-0.650794540511757,-0.004040437351012227,-0.0045432378778419436,-0.003211305861773206,-0.004309564560186052,0.00514780106427169,0.00564986703668984,53.46258930259171,0.07104371905272622,0.10018073375561756,-0.029137014702891345,2.1972245773362196,8.767356872558594,2023-09-14,0.011156349665623955
2023-09-12,3,-0.5571982593586048,0.2564377593678829,0.0,1.0,0.0,1,2023-09-12,2023-09-12,2023-09-12,8.749574661254883,9.84000015258789,9.899999618530272,9.829999923706056,9.890000343322754,4465400,2023-09-12,8.749574661254883,-0.0050555176477885,0.0111788052964523,0.0020100990012563,9.890000343322754,9.899999618530272,9.829999923706056,4465400,-0.0020282294381523958,-0.0020302890809023033,-0.11531098508382064,0.008000354021114861,15.311869577890553,0.7918940609951846,-0.004854269942236145,-0.0052566839734004,-0.003494777439009833,-0.0051842820097367515,0.005148276112134122,0.005627505860750204,51.92629342086347,0.06150997750834897,0.09244658250616386,-0.030936604997814893,1.3862943611198906,8.749574661254883,2023-09-15,0.02235771958955346
2023-09-13,5,0.3523249415215105,0.571220914489778,0.8,0.2,0.0,1,2023-09-13,2023-09-13,2023-09-13,8.847384452819824,9.949999809265137,9.970000267028809,9.8100004196167,9.850000381469728,4521500,2023-09-13,8.847384452819824,0.0111788052964523,0.0020100990012563,0.009027084588604,9.850000381469728,9.970000267028809,9.8100004196167,4521500,0.011178805296452321,0.011116784238708544,-0.10178841521022386,0.018084423511302766,15.32435457632819,0.012563264209253466,0.005456774296250577,0.00535517975432942,0.005083685422648809,0.00485195590215759,0.007644905586053701,0.006453141395724144,58.91902517069218,0.061142043972971294,0.08618567479952535,-0.02504363082655406,1.791759469228055,8.847384452819824,2023-09-18,0.019095401553601343
2023-09-14,5,0.4624406017363071,0.3901631226518234,0.8,0.0,0.2,1,2023-09-14,2023-09-14,2023-09-14,8.865168571472168,9.970000267028809,10.0,9.9399995803833,9.960000038146973,8215700,2023-09-14,8.865168571472168,0.0020100990012563,0.009027084588604,0.0079521588977578,9.960000038146973,10.0,9.9399995803833,8215700,0.0020100990012563713,0.0020080814554512827,-0.10992283759855233,0.006768108145148945,15.921557637523248,0.8170297467654539,0.007274265010113412,0.006867368744079894,0.004724813726089794,0.0056153722562029,0.007340868859582897,0.006452877606599401,60.056699362897184,0.06157567765999339,0.08126367537161897,-0.019687997711625577,1.791759469228055,8.865168571472168,2023-09-19,0.01705102829739391
2023-09-15,3,0.3850971404463053,0.814344494879814,0.6666666666666666,0.3333333333333333,0.0,1,2023-09-15,2023-09-15,2023-09-15,8.945195198059082,10.0600004196167,10.15999984741211,9.979999542236328,9.989999771118164,27495800,2023-09-15,8.945195198059082,0.009027084588604,0.0079521588977578,0.0,9.989999771118164,10.15999984741211,9.979999542236328,27495800,0.009027084588604017,0.00898658401279473,-0.10458504474441432,0.02012256872995209,17.129543860069266,2.3467385615346226,0.012479914674512704,0.01370422482087541,0.00915427337915875,0.011989635872264426,0.005960326019466407,0.006183905165340995,64.78295227485933,0.06759759246832431,0.07853045879096004,-0.010932866322635737,1.3862943611198906,8.945195198059082,2023-09-20,0.005964145826574452
2023-09-18,4,-0.4645084626972675,0.3224704280696184,0.25,0.75,0.0,1,2023-09-18,2023-09-18,2023-09-18,9.016328811645508,10.140000343322754,10.15999984741211,10.020000457763672,10.0600004196167,6913500,2023-09-18,9.016328811645508,0.0079521588977578,0.0,-0.0019723287991736,10.0600004196167,10.15999984741211,10.020000457763672,6913500,0.0079521588977578,0.007920707111893854,-0.10374468831393516,0.015527316336069512,15.748986724455335,-0.7485615984986798,0.014811757653106383,0.01950528484340408,0.011387608897125645,0.01633451368348049,0.005465207839292191,0.006165275990704246,68.36599681964272,0.07721975025418715,0.07826831708360547,-0.0010485668294183265,1.6094379124341003,9.016328811645508,2023-09-21,-0.007889420968604122
2023-09-19,3,-0.023778868218263,0.8622692066386298,0.3333333333333333,0.6666666666666666,0.0,1,2023-09-19,2023-09-19,2023-09-19,9.016328811645508,10.140000343322754,10.15999984741211,10.039999961853027,10.100000381469728,4995600,2023-09-19,9.016328811645508,0.0,-0.0019723287991736,-0.0059287856841795,10.100000381469728,10.15999984741211,10.039999961853027,4995600,0.0,0.0,-0.10729421078165614,0.013309173618878001,15.424068283147202,-0.2774137556953786,0.008754411717287969,0.017051104884190593,0.007563030985105357,0.013325027949869561,0.004788210652517791,0.00604335894443819,68.36599681964272,0.08387848071030035,0.07939034980894447,0.004488130901355886,1.3862943611198906,9.016328811645508,2023-09-22,0.0019724345710832036
2023-09-20,6,-0.5069452337920666,0.6519309572771226,0.1666666666666666,0.8333333333333334,0.0,1,2023-09-20,2023-09-20,2023-09-20,8.99854564666748,10.119999885559082,10.199999809265137,10.0600004196167,10.119999885559082,5877700,2023-09-20,8.99854564666748,-0.0019723287991736,-0.0059287856841795,0.0099402785819657,10.119999885559082,10.199999809265137,10.0600004196167,5877700,-0.0019723287991736393,-0.001974276400915187,-0.1108156375072574,0.015558001831138663,15.586676257025141,0.17657538633997927,0.0033710060514731133,0.012911622532120859,0.003710294333080455,0.00924802421422477,0.004866721566346295,0.006192135266452153,66.4070747275083,0.08672095459407636,0.08085647076597084,0.005864483828105518,1.9459101490553132,8.99854564666748,2023-09-25,0.001976226567746986
2023-09-21,8,0.2445413272362202,0.8172707014180948,0.625,0.375,0.0,1,2023-09-21,2023-09-21,2023-09-21,8.945195198059082,10.0600004196167,10.15999984741211,10.020000457763672,10.119999885559082,3440700,2023-09-21,8.945195198059082,-0.0059287856841795,0.0099402785819657,-0.0019685517315929,10.119999885559082,10.15999984741211,10.020000457763672,3440700,-0.005928785684179538,-0.005946430710978667,-0.11608742102620069,0.015650792022829686,15.051185787659215,-0.41461796280858154,-0.004354646837228637,0.005899478161569105,-0.0014947756033947268,0.0026692957674694373,0.006466900003999779,0.0065759136585343495,60.780370838098364,0.08370381481808309,0.0814259395763933,0.002277875241689792,2.1972245773362196,8.945195198059082,2023-09-26,0.005964145826574452
2023-09-22,6,-0.2017742707394063,0.5845076853562944,0.3333333333333333,0.6666666666666666,0.0,1,2023-09-22,2023-09-22,2023-09-22,9.034112930297852,10.15999984741211,10.15999984741211,10.020000457763672,10.039999961853027,3724000,2023-09-22,9.034112930297852,0.0099402785819657,-0.0019685517315929,-0.0019723287991736,10.039999961853027,10.15999984741211,10.020000457763672,3724000,0.009940278581965778,0.009891198988047911,-0.10018795173078116,0.01549675001060915,15.130309185907523,0.08233789635829925,0.003555908346773773,0.012961099634762219,0.005604679308854221,0.010314935432977679,0.006729064625928668,0.00607047846109005,65.95757390549721,0.08747922166997846,0.08263659599511033,0.004842625674868123,1.9459101490553132,9.034112930297852,2023-09-27,0.0040796144476158425
2023-09-25,6,-0.0653704674138377,0.8337450746578663,0.3333333333333333,0.6666666666666666,0.0,1,2023-09-25,2023-09-25,2023-09-25,9.016328811645508,10.140000343322754,10.15999984741211,10.0600004196167,10.15999984741211,3425800,2023-09-25,9.016328811645508,-0.0019685517315929,-0.0019723287991736,0.008048298481325,10.15999984741211,10.15999984741211,10.0600004196167,3425800,-0.001968551731592938,-0.001970491876154057,-0.11256604851799384,0.011090925129776845,15.0468458709486,-0.08007518796992485,0.0015803566256473722,0.008152645450770102,0.002413812884150879,0.006801948803713875,0.005952392745080584,0.006146240931451941,64.13405990239016,0.08802157117233023,0.08371359103055431,0.004307980141775913,1.9459101490553132,9.016328811645508,2023-09-29,0.0030479233483662327
2023-09-26,10,0.3900990086141974,0.4410211847680724,0.8,0.1,0.1,1,2023-09-26,2023-09-26,2023-09-26,8.99854564666748,10.119999885559082,10.140000343322754,10.079999923706056,10.119999885559082,4480400,2023-09-26,8.99854564666748,-0.0019723287991736,0.008048298481325,-0.0029940283443374,10.119999885559082,10.140000343322754,10.079999923706056,4480400,-0.0019723287991736393,-0.001974276400915187,-0.1108156375072574,0.006667790771158447,15.315223109314054,0.3078405044077295,0.0,0.0033710060514731133,0.0002911064572204136,0.003937083211893899,0.00601854821785146,0.0061413638975453275,62.279872863510136,0.08602479399020346,0.08417583162248415,0.001848962367719309,2.3978952727983707,8.99854564666748,2023-10-02,-0.004024308212070782
2023-09-27,4,-0.4845880065113306,0.2509494124190726,0.0,1.0,0.0,1,2023-09-27,2023-09-27,2023-09-27,9.070968627929688,10.020000457763672,10.039999961853027,9.850000381469728,9.899999618530272,6690600,2023-09-27,9.070968627929688,0.008048298481325,-0.0029940283443374,-0.00900916385975,9.899999618530272,10.039999961853027,9.850000381469728,6690600,0.008048298481325045,0.008016083661326778,-0.08374050732778311,0.020945897640775278,15.716214263644924,0.49330416927060083,0.006428291423439925,0.008931123733581625,0.005545744831792598,0.009810711331454725,0.006951918450324563,0.00573463375942383,66.52453780335996,0.08925735972893634,0.08519213724377458,0.004065222485161751,1.6094379124341003,9.070968627929688,2023-10-03,-0.004990012195634774
2023-09-29,6,0.2173741184330235,0.5627545177447593,0.6666666666666666,0.3333333333333333,0.0,1,2023-09-29,2023-09-29,2023-09-29,9.04380989074707,9.989999771118164,10.020000457763672,9.899999618530272,9.989999771118164,4966800,2023-09-29,9.04380989074707,-0.0029940283443374,-0.00900916385975,0.0070708888261548,9.989999771118164,10.020000457763672,9.899999618530272,4966800,-0.002994028344337485,-0.002998519413700329,-0.09471370390884286,0.01326883699271209,15.41828652886168,-0.25764505425522377,0.0012240685721656153,0.003915612212428199,0.0016886479427293821,0.0055464085973602195,0.006242535806613042,0.005995836252874247,63.632734749720186,0.08860630986603901,0.08587497176822748,0.0027313380978115365,1.9459101490553132,9.04380989074707,2023-10-04,-0.00300301946974868
2023-10-02,7,-0.0189999707841447,0.6013164405878894,0.2857142857142857,0.5714285714285714,0.1428571428571428,1,2023-10-02,2023-10-02,2023-10-02,8.962332725524902,9.899999618530272,9.960000038146973,9.859999656677246,9.93000030517578,2494000,2023-10-02,8.962332725524902,-0.00900916385975,0.0070708888261548,-0.0010030497233926,9.93000030517578,9.960000038146973,9.859999656677246,2494000,-0.009009163859750036,-0.00904999177840482,-0.09744889727208801,0.011157851926756019,14.729398806184347,-0.4978658291052589,-0.0062166717770982816,-0.005318052895302516,-0.004902473889016434,-0.0028758834786344334,0.006127825352898251,0.006353625753894156,55.79654133670378,0.08058686662392489,0.08481735073936697,-0.004230484115442079,2.0794415416798357,8.962332725524902,2023-10-05,0.006060746649680704
2023-10-03,5,-0.0247202142141759,0.6516416195840642,0.4,0.6,0.0,1,2023-10-03,2023-10-03,2023-10-03,9.025704383850098,9.970000267028809,10.0,9.850000381469728,9.899999618530272,2768600,2023-10-03,9.025704383850098,0.0070708888261548,-0.0010030497233926,0.0,9.899999618530272,10.0,9.850000381469728,2768600,0.007070888826154809,0.007046007312517588,-0.08831265337058362,0.01661915925350596,14.833852696429089,0.1101042502004812,0.0006022134091654419,0.0016110104158311156,0.0014214890254189427,0.0034130487227506112,0.0072202891698295414,0.006239385340327078,59.929776953656614,0.07844074717956317,0.08354203002740622,-0.005101282847843044,1.791759469228055,9.025704383850098,2023-10-06,0.005015037292887881
2023-10-04,4,-0.4663182692602277,0.4877114950581306,0.25,0.75,0.0,1,2023-10-04,2023-10-04,2023-10-04,9.016651153564451,9.960000038146973,9.970000267028809,9.859999656677246,9.949999809265137,3061000,2023-10-04,9.016651153564451,-0.0010030497233926,0.0,0.006024129517727,9.949999809265137,9.970000267028809,9.859999656677246,3061000,-0.0010030497233928237,-0.0010035531144123588,-0.0938038867932017,0.01219971899523663,14.93425254461812,0.10561294517084452,-0.000802558549045318,0.0006027654823177464,0.00027797034610776983,0.0019681551679859854,0.007159172744226259,0.0062496085128563245,59.079879185170384,0.07514320790914653,0.08186226560375429,-0.006719057694607761,1.6094379124341003,9.016651153564451,2023-10-09,0.0010040568423308471
2023-10-05,3,0.3791034387735029,0.565478631769439,0.6666666666666666,0.3333333333333333,0.0,1,2023-10-05,2023-10-05,2023-10-05,9.016651153564451,9.960000038146973,9.989999771118164,9.899999618530272,9.93000030517578,2983900,2023-10-05,9.016651153564451,0.0,0.006024129517727,-0.0049900121956347,9.93000030517578,9.989999771118164,9.899999618530272,2983900,0.0,0.0,-0.09197876370006416,0.009981549807692587,14.908742062811722,-0.025187847108787964,0.00040178410256297425,0.00040176293193594503,0.0001852963951043396,0.001609732736751246,0.005789799941070478,0.006210708024649672,59.07987918517039,0.07170333289204933,0.0798304790614133,-0.008127146169363969,1.3862943611198906,9.016651153564451,2023-10-10,0.0010040568423308471
2023-10-06,4,0.0773924328386783,0.3488072808501374,0.75,0.25,0.0,1,2023-10-06,2023-10-06,2023-10-06,9.070968627929688,10.020000457763672,10.020000457763672,9.949999809265137,9.960000038146973,1921800,2023-10-06,9.070968627929688,0.006024129517727,-0.0049900121956347,0.0,9.960000038146973,10.020000457763672,9.949999809265137,1921800,0.006024129517727239,0.00600605699399992,-0.08926018140685536,0.007716998191681736,14.468773325170678,-0.35594356379235226,0.005822170268067417,0.0050258371289040316,0.004131807852584712,0.006245142291224637,0.0064528677810538415,0.006044175248988219,62.7551983605196,0.07252416001728257,0.07836921525258717,-0.005845055235304597,1.6094379124341003,9.070968627929688,2023-10-11,-0.002994028344337485
2023-10-09,9,0.4263639714465373,0.5348743977081843,0.6666666666666666,0.2222222222222222,0.1111111111111111,1,2023-10-09,2023-10-09,2023-10-09,9.025704383850098,9.970000267028809,10.0,9.9399995803833,10.0,1172100,2023-10-09,9.025704383850098,-0.0049900121956347,0.0,0.0020059937847476,10.0,10.0,9.9399995803833,1172100,-0.004990012195634774,-0.005002503879587561,-0.09742956161499024,0.006647727098625052,13.974308422880432,-0.39010302841086486,-0.0006014256387473216,0.0001039188458276108,-0.0005860530885546389,0.0010012045411258441,0.0050523850478330894,0.005525703026753867,58.07416721071,0.06872994914873942,0.07644136203181762,-0.007711412883078195,2.302585092994046,9.025704383850098,2023-10-12,0.0030088321840648913
2023-10-10,6,0.3144581237186988,0.7028169649456981,0.5,0.1666666666666666,0.3333333333333333,1,2023-10-10,2023-10-10,2023-10-10,9.025704383850098,9.970000267028809,9.989999771118164,9.9399995803833,9.949999809265137,1904300,2023-10-10,9.025704383850098,0.0,0.0020059937847476,0.0010008307390751,9.949999809265137,9.989999771118164,9.9399995803833,1904300,0.0,0.0,-0.09289401438524283,0.005539754971847935,14.459625570074113,0.6246907260472656,-0.0006014256387473216,3.1698612401598325e-08,-0.0003907783979987256,0.0008190182600482654,0.003943230714382466,0.005485844047679847,58.07416721071,0.0649740295320882,0.07414789553187173,-0.009173865999783537,1.9459101490553132,9.025704383850098,2023-10-13,0.005015037292887881
2023-10-11,7,0.4215128217557712,0.5190780294676237,0.8571428571428571,0.1428571428571428,0.0,1,2023-10-11,2023-10-11,2023-10-11,9.04380989074707,9.989999771118164,10.020000457763672,9.979999542236328,9.989999771118164,2923900,2023-10-11,9.04380989074707,0.0020059937847476,0.0010008307390751,0.0020001868821577,9.989999771118164,10.020000457763672,9.979999542236328,2923900,0.0020059937847476395,0.002003984465887232,-0.09471370390884286,0.004423015964573692,14.888429241549483,0.535419839311033,0.0008014329122345565,0.0015037676566496128,0.0010757087724360126,0.0023115297380797983,0.003980135491255167,0.005461653140764319,59.47641407175847,0.06273522662726805,0.071865361750951,-0.00913013512368295,2.0794415416798357,9.04380989074707,2023-10-16,-0.004003955659328429
2023-10-12,5,0.7670608717016876,0.162378623334992,1.0,0.0,0.0,1,2023-10-12,2023-10-12,2023-10-12,9.052861213684082,10.0,10.079999923706056,9.979999542236328,10.0,3662800,2023-10-12,9.052861213684082,0.0010008307390751,0.0020001868821577,-0.0069859960469321,10.0,10.079999923706056,9.979999542236328,3662800,0.001000830739075198,0.0010003302419052673,-0.0947138786315918,0.01104627356029387,15.113738713230857,0.25271042101303065,0.0010008518502839792,0.002707166209201306,0.0013841188534000626,0.002710372485683621,0.003967057763357072,0.004795715318086424,60.19319453618515,0.060988290265164835,0.06968994745379377,-0.008701657188628933,1.791759469228055,9.052861213684082,2023-10-17,-0.0020000815370859737
2023-10-13,7,0.1342086376888411,0.5296645559807273,0.4285714285714285,0.5714285714285714,0.0,1,2023-10-13,2023-10-13,2023-10-13,9.070968627929688,10.020000457763672,10.020000457763672,9.970000267028809,9.970000267028809,968700,2023-10-13,9.070968627929688,0.0020001868821577,-0.0069859960469321,0.0030147741402148,9.970000267028809,10.020000457763672,9.970000267028809,968700,0.0020001868821577506,0.0019981891717950617,-0.090173682549664,0.005512111526977585,13.783711277725288,-0.7355301954788687,0.0030030406231837947,0.004410627301407066,0.0022555029692918893,0.0038552239319369352,0.0029123265920151025,0.004730803449269311,61.654437602265126,0.06036905077296417,0.06782576811762786,-0.007456717344663688,2.0794415416798357,9.070968627929688,2023-10-18,0.0
2023-10-16,6,0.4673739844777931,0.6543611100617821,0.6666666666666666,0.3333333333333333,0.0,1,2023-10-16,2023-10-16,2023-10-16,9.007598876953123,9.949999809265137,10.039999961853027,9.949999809265137,9.989999771118164,5001800,2023-10-16,9.007598876953123,-0.0069859960469321,0.0030147741402148,0.0040082853167007,9.989999771118164,10.039999961853027,9.949999809265137,5001800,-0.006985996046932397,-0.007010512364636234,-0.09833843009738952,0.009991580866035826,15.425308605541929,4.163414885929597,-0.0036049824983316325,-0.003105847894913416,-0.0031691805827720465,-0.002585060724005661,0.003776482673143435,0.00431277190154164,54.161288547177186,0.05414078840603942,0.06508877217531017,-0.010947983769270753,1.9459101490553132,9.007598876953123,2023-10-19,0.003014774140214893
2023-10-17,4,0.5616205697879195,0.2443055003240261,1.0,0.0,0.0,1,2023-10-17,2023-10-17,2023-10-17,9.034754753112791,9.979999542236328,10.020000457763672,9.970000267028809,9.979999542236328,10157000,2023-10-17,9.034754753112791,0.0030147741402148,0.0040082853167007,-0.0039922831069431,9.979999542236328,10.020000457763672,9.970000267028809,10157000,0.003014774140214893,0.0030102388216777243,-0.09471391107015277,0.005534205642675188,16.1336737793759,1.030668959174697,-0.0008011413886405139,-0.0002005798600598352,-0.0001093131785082635,0.0003451808273156054,0.004083651941069007,0.0037859693193029653,56.59572817140397,0.05081038734604526,0.06223309520945719,-0.01142270786341193,1.6094379124341003,9.034754753112791,2023-10-20,-0.016031769036293886
2023-10-18,4,-0.3233135184273124,0.4676058846688257,0.25,0.75,0.0,1,2023-10-18,2023-10-18,2023-10-18,9.070968627929688,10.020000457763672,10.039999961853027,9.970000267028809,9.979999542236328,11330100,2023-10-18,9.070968627929688,0.0040082853167007,-0.0039922831069431,-0.0160317690362941,9.979999542236328,10.039999961853027,9.970000267028809,11330100,0.004008285316700944,0.00400027354295851,-0.09108526613248161,0.007716893056898945,16.242973547351042,0.11549670178202232,0.0026016456513422437,0.0032038904009770164,0.002595649577164183,0.003560239902344664,0.004390779473104128,0.003950832430610124,59.67163438193776,0.05051091912379668,0.059888659992325094,-0.009377740868528411,1.6094379124341003,9.070968627929688,2023-10-23,-0.016966125572984603
2023-10-19,7,-0.1106822448782623,0.7444326249570016,0.2857142857142857,0.5714285714285714,0.1428571428571428,1,2023-10-19,2023-10-19,2023-10-19,9.034754753112791,9.979999542236328,10.020000457763672,9.949999809265137,9.970000267028809,3591300,2023-10-19,9.034754753112791,-0.0039922831069431,-0.0160317690362941,0.003054899145525,9.970000267028809,10.020000457763672,9.949999809265137,3591300,-0.0039922831069433284,-0.00400027354295851,-0.09380596678707341,0.007747930122222461,15.094025090358233,-0.6830301586040723,-0.001001168265148955,-0.0010011998686297874,-0.0009384375244699816,-0.00036514873746273935,0.004825297824292669,0.004212143249343849,55.44053967183609,0.04681181390303735,0.05727329077446755,-0.010461476871430203,2.0794415416798357,9.034754753112791,2023-10-24,-0.01302584532829909
2023-10-20,8,-0.3614453194895759,0.5526089998850319,0.125,0.75,0.125,1,2023-10-20,2023-10-20,2023-10-20,8.889911651611328,9.81999969482422,9.989999771118164,9.8100004196167,9.960000038146973,10940000,2023-10-20,8.889911651611328,-0.0160317690362941,0.003054899145525,0.0,9.960000038146973,9.989999771118164,9.8100004196167,10940000,-0.016031769036293886,-0.01616166805706465,-0.10743859261417545,0.020247597339039844,16.207936446365782,2.0462506613204132,-0.013065201669411275,-0.015045039028019791,-0.011367688161903144,-0.013450956829523464,0.00817036342794428,0.006155051152939871,42.46962178229481,0.03182575112992403,0.05218378284555885,-0.02035803171563482,2.1972245773362196,8.889911651611328,2023-10-25,0.0061097982910500725
2023-10-23,5,-0.1788997307419776,0.5219093820868481,0.2,0.8,0.0,1,2023-10-23,2023-10-23,2023-10-23,8.917069435119629,9.850000381469728,9.93000030517578,9.770000457763672,9.829999923706056,3642900,2023-10-23,8.917069435119629,0.003054899145525,0.0,0.0030455951594747,9.829999923706056,9.93000030517578,9.770000457763672,3642900,0.0030548991455250363,0.003050242422599325,-0.09287187138067028,0.01794309762599276,15.108290900216558,-0.6670109689213894,-0.008056340704566956,-0.010845537345548162,-0.005580538650336919,-0.008555721425760554,0.00848025074187846,0.006245472836160147,45.06484549585421,0.021888280107438263,0.04612468229793473,-0.02423640219049647,1.791759469228055,8.917069435119629,2023-10-26,0.004060971794796364
2023-10-24,7,0.0843481609730848,0.4873438169882033,0.5714285714285714,0.4285714285714285,0.0,1,2023-10-24,2023-10-24,2023-10-24,8.917069435119629,9.850000381469728,9.899999618530272,9.800000190734863,9.850000381469728,3588300,2023-10-24,8.917069435119629,0.0,0.0030455951594747,0.001012293598837,9.850000381469728,9.899999618530272,9.800000190734863,3588300,0.0,0.0,-0.0947137979918429,0.011214382541596393,15.093189389389126,-0.01498805896401223,-0.005452330137207029,-0.009652100849645961,-0.0037272925335729568,-0.00701104198874225,0.008135691190666133,0.006245472836160147,45.06484549585421,0.013853073122783499,0.03967036046290449,-0.025817287340120988,2.0794415416798357,8.917069435119629,2023-10-27,0.00203043242274914
2023-10-25,7,0.581597310989829,0.5903382819267906,0.8571428571428571,0.1428571428571428,0.0,1,2023-10-25,2023-10-25,2023-10-25,8.94422721862793,9.880000114440918,9.899999618530272,9.850000381469728,9.850000381469728,3106000,2023-10-25,8.94422721862793,0.0030455951594747,0.001012293598837,-0.0020223267601144,9.850000381469728,9.899999618530272,9.850000381469728,3106000,0.0030455951594747788,0.003040966729704664,-0.09195666271706757,0.005590112576345455,14.94884660464822,-0.13440905164005235,0.00040497475313183706,-0.005536039415233951,-0.0004621395606149159,-0.003264293162619336,0.007949699820258213,0.006312918023724228,47.79602659428908,0.009566246128372313,0.03364953759599806,-0.024083291467625743,2.0794415416798357,8.94422721862793,2023-10-30,-0.002024267323985751
2023-10-26,6,0.0745235182500134,0.5961917323102395,0.5,0.3333333333333333,0.1666666666666666,1,2023-10-26,2023-10-26,2023-10-26,8.95328140258789,9.890000343322754,9.899999618530272,9.850000381469728,9.880000114440918,2391500,2023-10-26,8.95328140258789,0.001012293598837,-0.0020223267601144,-0.0010132124266614,9.880000114440918,9.899999618530272,9.850000381469728,2391500,0.001012293598837033,0.0010117815751882198,-0.0937974393844901,0.005584459463777309,14.687431760250007,-0.23003863490019316,0.0032461409384785256,-0.003425964873812748,0.00036639034496110945,-0.0018460056808766723,0.00807373473895196,0.006313340588955959,48.71152917750155,0.00682087502552875,0.028283805081904197,-0.021462930056375448,1.9459101490553132,8.95328140258789,2023-10-31,0.0010109503465840497
2023-10-27,5,0.489210544526577,0.4327221631481348,0.8,0.2,0.0,1,2023-10-27,2023-10-27,2023-10-27,8.935174942016602,9.869999885559082,9.890000343322754,9.850000381469728,9.869999885559082,2047800,2023-10-27,8.935174942016602,-0.0020223267601144,-0.0010132124266614,0.0040567465875303,9.869999885559082,9.890000343322754,9.850000381469728,2047800,-0.00202232676011449,-0.0020243744240393546,-0.09471377450674891,0.0044766848005326106,14.532277092451672,-0.1437173322182731,0.00020266220246156763,-0.003935816504276324,-0.0011050618277449464,-0.0031641681283687273,0.0021529075449562354,0.006222247244993831,46.938742822300924,0.003147822463191119,0.023256608558161584,-0.020108786094970466,1.791759469228055,8.935174942016602,2023-11-01,-0.0020263181207380576
2023-10-30,4,-0.1486384250456467,0.802336840416173,0.25,0.75,0.0,1,2023-10-30,2023-10-30,2023-10-30,8.926121711730957,9.859999656677246,9.859999656677246,9.8100004196167,9.84000015258789,2623900,2023-10-30,8.926121711730957,-0.0010132124266614,0.0040567465875303,-0.0050503916548827,9.84000015258789,9.859999656677246,9.8100004196167,2623900,-0.001013212426661414,-0.0010137260733569242,-0.09287382385015373,0.005601451411404853,14.780172699675836,0.28132630139662074,-0.001013212426661414,-0.004040430073027346,-0.0014124331744806984,-0.0034178276767161675,0.001949855983309726,0.00591511283290486,46.03658519203959,-0.0004879929000374261,0.018507688266521785,-0.01899568116655921,1.6094379124341003,8.926121711730957,2023-11-02,0.004056746587530302
2023-10-31,6,0.1875507812947034,0.2127743389492092,0.5,0.1666666666666666,0.3333333333333333,1,2023-10-31,2023-10-31,2023-10-31,8.962332725524902,9.899999618530272,9.899999618530272,9.850000381469728,9.859999656677246,1704700,2023-10-31,8.962332725524902,0.0040567465875303,-0.0050503916548827,0.0050760275822239,9.859999656677246,9.899999618530272,9.850000381469728,1704700,0.004056746587530302,0.00404854017782208,-0.0910412740779802,0.005578819554215444,14.348900286752325,-0.35031822859102857,0.0020242245878276943,0.0008086500776878225,0.001757509907494459,0.0005113494189825651,0.0025843056354033192,0.0060001523740223,50.16257690394076,-0.0004423771366681706,0.014717675185883794,-0.015160052322551965,1.9459101490553132,8.962332725524902,2023-11-03,0.007070888826154809
2023-11-01,1,0.0393163356930017,0.0,0.0,0.0,1.0,1,2023-11-01,2023-11-01,2023-11-01,8.917069435119629,9.850000381469728,9.890000343322754,9.84000015258789,9.869999885559082,2065400,2023-11-01,8.917069435119629,-0.0050503916548827,0.0050760275822239,0.0070708888261548,9.869999885559082,9.890000343322754,9.84000015258789,2065400,-0.0050503916548827466,-0.0050631879853186845,-0.09654817238992043,0.005607244745447302,14.540834954387039,0.21159148237226488,-0.002430596712453159,-0.0025316098660669306,-0.002203597155248982,-0.0037189457153146144,0.003401634392994561,0.005878122470532598,45.48142131101561,-0.004012343768788895,0.010971671394949256,-0.014984015163738151,0.6931471805599453,8.917069435119629,2023-11-06,0.015228296645267925
2023-11-02,5,0.5755663901567459,0.4879387245822195,0.8,0.0,0.2,1,2023-11-02,2023-11-02,2023-11-02,8.962332725524902,9.899999618530272,9.899999618530272,9.850000381469728,9.859999656677246,1799500,2023-11-02,8.962332725524902,0.0050760275822239,0.0070708888261548,0.0030088321840648,9.859999656677246,9.899999618530272,9.850000381469728,1799500,0.005076027582223919,0.0050631879853186845,-0.0910412740779802,0.005578819554215444,14.403019962210987,-0.12874019560375716,0.0024300832396684235,0.003344393408147406,0.0019056790665152867,0.0010946281718611228,0.004261071857940988,0.0061761141124662185,50.46008904117234,-0.003152854644602243,0.008146766187038957,-0.0112996208316412,1.791759469228055,8.962332725524902,2023-11-07,0.0050507108823689695
2023-11-03,3,0.8043321197231611,0.23348214257376,1.0,0.0,0.0,1,2023-11-03,2023-11-03,2023-11-03,9.025704383850098,9.970000267028809,9.989999771118164,9.859999656677246,9.869999885559082,3208000,2023-11-03,9.025704383850098,0.0070708888261548,0.0030088321840648,-0.0049997824624262,9.869999885559082,9.989999771118164,9.859999656677246,3208000,0.007070888826154809,0.007046007312517588,-0.08554159184381385,0.014403320661989572,14.981158559689192,0.7827174215059738,0.007477881422208732,0.008905175596902959,0.005975455292174248,0.0066772875050498115,0.0049545336312984585,0.003640505175074762,56.45570145808195,0.002611753221025026,0.0070397635938361704,-0.004428010372811144,1.3862943611198906,9.025704383850098,2023-11-08,-0.005015037292887881
2023-11-06,4,0.6395370149984957,0.3281187461020388,1.0,0.0,0.0,1,2023-11-06,2023-11-06,2023-11-06,9.052861213684082,10.0,10.0,9.9399995803833,9.979999542236328,3263700,2023-11-06,9.052861213684082,0.0030088321840648,-0.0049997824624262,-0.0030150917634782,9.979999542236328,10.0,9.9399995803833,3263700,0.0030088321840648913,0.003004314707792499,-0.09289963638059366,0.006627785205190605,14.998372385477948,0.017362842892768127,0.007658131869389351,0.010407106564955804,0.005983555890473724,0.007927454877091344,0.004654761256264162,0.0036383799238101557,58.75913042971242,0.009264777111381406,0.007484766297345218,0.0017800108140361877,1.6094379124341003,9.052861213684082,2023-11-09,-0.009999986305140651
2023-11-07,4,-0.1253687441349029,0.6235828924722366,0.5,0.5,0.0,1,2023-11-07,2023-11-07,2023-11-07,9.007598876953123,9.949999809265137,9.989999771118164,9.90999984741211,9.989999771118164,1784300,2023-11-07,9.007598876953123,-0.0049997824624262,-0.0030150917634782,-0.0020163170138416,9.989999771118164,9.989999771118164,9.90999984741211,1784300,-0.004999782462426494,-0.005012323192841173,-0.09833843009738952,0.00888138168660494,14.394537299863234,-0.453289211630971,0.0016107380614478473,0.0043404887657843005,0.0006357025104095637,0.0023616991304440393,0.005703233694893444,0.004174287842030364,53.66385165692395,0.010761007974446457,0.008140014632765466,0.002620993341680991,1.6094379124341003,9.007598876953123,2023-11-10,-0.0030150917634780283
2023-11-08,1,0.8445783839561046,0.0,1.0,0.0,0.0,1,2023-11-08,2023-11-08,2023-11-08,8.980440139770508,9.920000076293944,9.949999809265137,9.880000114440918,9.949999809265137,1345500,2023-11-08,8.980440139770508,-0.0030150917634782,-0.0020163170138416,0.0020203907621099,9.949999809265137,9.949999809265137,9.880000114440918,1345500,-0.0030150917634780283,-0.003019646309869728,-0.09744318473170266,0.007794684195290184,14.112276992366956,-0.24592277083450087,-0.0028145598900954916,0.0009081719939705302,-0.0015887984413774925,-0.0005404849407938395,0.005213127218600299,0.0042857550454646395,50.81641608027408,0.009644127103598521,0.008440837126932077,0.0012032899766664436,0.6931471805599453,8.980440139770508,2023-11-14,0.005040314658870004
2023-11-09,6,-0.0256104116948941,0.6775607807190492,0.3333333333333333,0.5,0.1666666666666666,1,2023-11-09,2023-11-09,2023-11-09,8.962332725524902,9.899999618530272,9.920000076293944,9.880000114440918,9.920000076293944,1594000,2023-11-09,8.962332725524902,-0.0020163170138416,0.0020203907621099,0.00504031465887,9.920000076293944,9.920000076293944,9.880000114440918,1594000,-0.0020163170138416397,-0.0020183525175991868,-0.09653904671408232,0.004463119488869776,14.281757765684672,0.18468970642883686,-0.004825201858944195,-0.001210734878628772,-0.002404161148170325,-0.0020920093307522647,0.004929609674965885,0.00434525031500102,48.951457289089916,0.007214707312215296,0.00819561116398872,-0.0009809038517734243,1.9459101490553132,8.962332725524902,2023-11-15,0.01010099612808979
2023-11-10,5,0.0822052602656185,0.6150766558435001,0.6,0.4,0.0,1,2023-11-10,2023-11-10,2023-11-10,8.980440139770508,9.920000076293944,9.920000076293944,9.880000114440918,9.920000076293944,1149800,2023-11-10,8.980440139770508,0.0020203907621099,0.00504031465887,0.0030088321840648,9.920000076293944,9.920000076293944,9.880000114440918,1149800,0.0020203907621099138,0.0020183525175991868,-0.09471370255013647,0.004454120425109559,13.955099441887421,-0.2786700125470515,-0.001811154831159567,0.0003026081225450117,-0.00025911872093020705,-6.205605618447851e-05,0.003401663192307293,0.004312809894911906,50.892339311269055,0.0066735629446892375,0.007891201520128824,-0.0012176385754395867,1.791759469228055,8.980440139770508,2023-11-16,0.00705641928349654
2023-11-14,2,-0.1754716800060123,1.078542587340974,0.5,0.5,0.0,2,2023-11-13,2023-11-14,2023-11-14,9.025704383850098,9.970000267028809,9.970000267028809,9.890000343322754,9.920000076293944,1531200,2023-11-14,9.025704383850098,0.00504031465887,0.0030088321840648,-0.0009998300783988,9.920000076293944,9.970000267028809,9.890000343322754,1531200,0.005040314658870004,0.005027654794918401,-0.09015077475462578,0.008863565690141637,14.241562952763163,0.3317098625847974,0.003826044980089538,0.00423053577862742,0.0031815241536472527,0.004069181822947687,0.004058205601193355,0.00449562629402827,55.45195230640099,0.009784360327538266,0.008269833281610713,0.0015145270459275533,1.0986122886681098,9.025704383850098,2023-11-17,-0.0010030497233928237
2023-11-15,1,0.8694991688244045,0.0,1.0,0.0,0.0,1,2023-11-15,2023-11-15,2023-11-15,9.052861213684082,10.0,10.0,9.899999618530272,9.979999542236328,2780700,2023-11-15,9.052861213684082,0.0030088321840648,-0.0009998300783988,-0.0030030194697484,9.979999542236328,10.0,9.899999618530272,2780700,0.0030088321840648913,0.003004314707792499,-0.09289963638059366,0.01104627356029387,14.838213612153647,0.816026645768025,0.005833713110289018,0.0062385624209069235,0.004124761596958626,0.005793650952368612,0.0034139268456373265,0.004431297016491013,57.973189199995,0.014276448858376867,0.009471156396963944,0.004805292461412923,0.6931471805599453,9.052861213684082,2023-11-20,-0.0029998062704126305
2023-11-16,2,-0.310029499232769,0.3901798764963473,0.0,1.0,0.0,1,2023-11-16,2023-11-16,2023-11-16,9.04380989074707,9.989999771118164,10.0,9.93000030517578,10.0,1346200,2023-11-16,9.04380989074707,-0.0009998300783988,-0.0030030194697484,0.0010040568423306,10.0,10.0,9.93000030517578,1346200,-0.0009998300783988778,-0.0010003302419052673,-0.09561901092529297,0.0077400670369949754,14.112797109390149,-0.5158772970834682,0.0034150802955579262,0.0038183773270334953,0.002078376234548207,0.003914070228185462,0.002900644443251295,0.003977191913850349,56.81894991059639,0.016911154010260887,0.010959155919623334,0.005951998090637553,1.0986122886681098,9.04380989074707,2023-11-21,0.003003019469748569
2023-11-17,5,-0.6196737743914127,0.2905396023455843,0.0,1.0,0.0,1,2023-11-17,2023-11-17,2023-11-17,9.016651153564451,9.960000038146973,9.989999771118164,9.93000030517578,9.949999809265137,1667600,2023-11-17,9.016651153564451,-0.0030030194697484,0.0010040568423306,0.0050150372928878,9.949999809265137,9.989999771118164,9.93000030517578,1667600,-0.00300301946974868,-0.0030075375802995907,-0.0938038867932017,0.006654296026376231,14.326896624652788,0.23874610013370967,-0.000802558549045207,0.00020086228283311414,-0.0006207823852610872,0.0007356679451333559,0.0032092314940388926,0.0039724425208825,53.384434248293324,0.01661615304049846,0.012090555343798359,0.004525597696700101,1.791759469228055,9.016651153564451,2023-11-22,0.002007796380276261
2023-11-20,9,0.1481728065345022,0.6396829396686466,0.5555555555555556,0.3333333333333333,0.1111111111111111,1,2023-11-20,2023-11-20,2023-11-20,9.025704383850098,9.970000267028809,9.970000267028809,9.93000030517578,9.960000038146973,785600,2023-11-20,9.025704383850098,0.0010040568423306,0.0050150372928878,-0.0039922831069431,9.960000038146973,9.970000267028809,9.93000030517578,785600,0.0010040568423308471,0.0010035531144123588,-0.09380478420868539,0.004431782845071015,13.574204308934007,-0.528903813864236,-0.0008017119912595572,0.0012051208023133864,0.00025506823679344315,0.0014235650575644687,0.0031773630518959948,0.0032791040845338982,54.37448789709028,0.016917864063723087,0.013056017087783306,0.0038618469759397808,2.302585092994046,9.025704383850098,2023-11-23,0.005015037292887881
2023-11-21,6,0.5104861659929156,0.5071160252584107,0.6666666666666666,0.3333333333333333,0.0,1,2023-11-21,2023-11-21,2023-11-21,9.070968627929688,10.020000457763672,10.020000457763672,9.949999809265137,9.970000267028809,2027900,2023-11-21,9.070968627929688,0.0050150372928878,-0.0039922831069431,0.0040082853167007,9.970000267028809,10.020000457763672,9.949999809265137,2027900,0.005015037292887881,0.005002503879587561,-0.090173682549664,0.007716998191681736,14.522511825933597,1.5813391038696536,0.0032038904009770164,0.006024129517727017,0.0035080923028960598,0.005267615169860518,0.003169357470913891,0.0035347220546534746,59.05666050129115,0.020572274061899876,0.014559268482606622,0.006013005579293254,1.9459101490553132,9.070968627929688,2023-11-24,-0.0019961941208629375
2023-11-22,6,-0.723167280976971,0.1955209507618427,0.0,1.0,0.0,1,2023-11-22,2023-11-22,2023-11-22,9.034754753112791,9.979999542236328,10.0,9.949999809265137,10.0,802600,2023-11-22,9.034754753112791,-0.0039922831069431,0.0040082853167007,-0.0019961941208629,10.0,10.0,9.949999809265137,802600,-0.0039922831069433284,-0.00400027354295851,-0.09652452468872089,0.005534205642675188,13.595612982764838,-0.6042211154396173,-0.0004008472342598157,0.0017061077982463146,-0.0003321858990307236,0.0010260133095578716,0.0035823837759454843,0.003380883094040042,54.25913856296925,0.020312117817963937,0.015709838349678085,0.004602279468285852,1.9459101490553132,9.034754753112791,2023-11-27,-0.014027784712233093
2023-11-23,5,0.2777576986700297,0.4767119234807142,0.6,0.4,0.0,1,2023-11-23,2023-11-23,2023-11-23,9.070968627929688,10.020000457763672,10.039999961853027,9.970000267028809,9.979999542236328,1657300,2023-11-23,9.070968627929688,0.0040082853167007,-0.0019961941208629,-0.0159998095361098,9.979999542236328,10.039999961853027,9.970000267028809,1657300,0.004008285316700944,0.00400027354295851,-0.09108526613248161,0.007716893056898945,14.320700933502511,1.0649140294044357,0.0030030617766201306,0.004712789155312924,0.0024468480815926785,0.004118563508202611,0.004041745683426427,0.003343565657594672,57.938851150113464,0.02276567068553703,0.017121004816849875,0.005644665868687157,1.791759469228055,9.070968627929688,2023-11-29,-0.013972202363429886
2023-11-24,8,-0.1016568855848163,0.5906033700214119,0.625,0.375,0.0,1,2023-11-24,2023-11-24,2023-11-24,9.052861213684082,10.0,10.020000457763672,9.979999542236328,9.979999542236328,1363300,2023-11-24,9.052861213684082,-0.0019961941208629,-0.0159998095361098,0.0050812928706986,9.979999542236328,10.020000457763672,9.979999542236328,1363300,-0.0019961941208629375,-0.0019981891717950617,-0.09289963638059366,0.004418593700175073,14.125419522688219,-0.1773969709768901,0.00019994277775947644,0.001702774196659096,0.0002971355666510078,0.0017290927545410284,0.0038368492774257875,0.0033415483466736865,55.5332226505982,0.02298406600452374,0.018293617054384648,0.004690448950139092,2.1972245773362196,9.052861213684082,2023-11-30,-0.0009998300783988778
2023-11-27,8,-0.0735553801641799,0.7360510891892048,0.375,0.5,0.125,2,2023-11-25,2023-11-27,2023-11-27,8.9080171585083,9.84000015258789,9.979999542236328,9.8100004196167,9.979999542236328,2866700,2023-11-27,8.9080171585083,-0.0159998095361098,0.0050812928706986,-0.0010112698967937,9.979999542236328,9.979999542236328,9.8100004196167,2866700,-0.0159998095361098,-0.016129188369038427,-0.10741306942864012,0.019083834213010905,14.868672449228091,1.102765348786034,-0.013236968307721919,-0.013533761628853558,-0.010526734697353324,-0.011729168517210509,0.008418965371268631,0.006292443659385834,40.90320274466663,0.011338735246066989,0.016902640692721117,-0.005563905446654128,2.1972245773362196,8.9080171585083,2023-12-01,0.018292675746111042
2023-11-29,4,-0.354413247143384,0.8836990102985421,0.25,0.75,0.0,1,2023-11-29,2023-11-29,2023-11-29,8.94422721862793,9.880000114440918,9.9399995803833,9.850000381469728,9.850000381469728,4871200,2023-11-29,8.94422721862793,-0.0010112698967937,0.0111337368433286,0.0030030194697485,9.850000381469728,9.9399995803833,9.850000381469728,4871200,0.004064884415387882,0.004056645093114319,-0.09195666271706757,0.010062266612159991,15.398851076564705,0.6992360553947048,-0.0064360707265408434,-0.008629405260959344,-0.004345849557159109,-0.006318646788247673,0.008212499020617853,0.006198861561230667,44.817103312573906,0.0049742360545828035,0.014516959765093455,-0.009542723710510652,1.6094379124341003,8.94422721862793,2023-12-04,0.010121336619928645
2023-11-30,5,-0.270899473503232,0.5835729112923334,0.2,0.6,0.2,1,2023-11-30,2023-11-30,2023-11-30,9.04380989074707,9.989999771118164,10.0,9.829999923706056,9.850000381469728,7813200,2023-11-30,9.04380989074707,0.0111337368433286,0.0030030194697485,-0.0039922831069431,9.850000381469728,10.0,9.829999923706056,7813200,0.011133736843328634,0.01107221303401884,-0.08184674715742149,0.01879739604741963,15.871325297001478,0.603957956971588,0.004423941735475667,0.0025088298505506756,0.004482930255140127,0.0038787138331100035,0.01020092117864136,0.007215605966831511,53.86618356203613,0.007875035477544756,0.013188574907583716,-0.00531353943003896,1.791759469228055,9.04380989074707,2023-12-05,-0.002001977829664159
2023-12-01,4,0.1852641028817743,0.8706387415058694,0.5,0.5,0.0,1,2023-12-01,2023-12-01,2023-12-01,9.070968627929688,10.020000457763672,10.039999961853027,9.899999618530272,9.93000030517578,3653400,2023-12-01,9.070968627929688,0.0030030194697485,-0.0039922831069431,-0.0010017282715479,9.93000030517578,10.039999961853027,9.899999618530272,3653400,0.003003019469748569,0.002998519413700329,-0.08650872616774663,0.015433891248580876,15.111169072542316,-0.5324066963600061,0.007440246388388694,0.00521675749895012,0.004987141158980357,0.005632979078226574,0.010117704114342952,0.007269521266951697,55.986014014530724,0.012224506533149437,0.012995761232696862,-0.0007712546995474242,1.6094379124341003,9.070968627929688,2023-12-06,-0.002994028344337485
2023-12-04,10,0.1338396011851728,0.6689423888002135,0.4,0.4,0.2,2,2023-12-02,2023-12-04,2023-12-04,9.034754753112791,9.979999542236328,10.039999961853027,9.880000114440918,10.0,3537200,2023-12-04,9.034754753112791,-0.0039922831069431,-0.0010017282715479,0.0020059937847476,10.0,10.039999961853027,9.880000114440918,3537200,-0.0039922831069433284,-0.00400027354295851,-0.09652452468872089,0.017709373611606204,15.078846294393164,-0.03180598894180764,0.0038219849442386877,0.0010028279284781672,0.000649754156258231,0.0013235985456687693,0.010256614857358279,0.007326332869306297,52.52055207831979,0.012604045049634749,0.012917417996084441,-0.0003133729464496922,2.3978952727983707,9.034754753112791,2023-12-07,-0.008015937296243392
2023-12-05,4,-0.4478893626946956,0.4077569481511829,0.0,0.75,0.25,1,2023-12-05,2023-12-05,2023-12-05,9.025704383850098,9.970000267028809,9.989999771118164,9.890000343322754,9.979999542236328,3817200,2023-12-05,9.025704383850098,-0.0010017282715479,0.0020059937847476,-0.00900916385975,9.979999542236328,9.989999771118164,9.890000343322754,3817200,-0.0010017282715477638,-0.0010022303366290508,-0.0956207617392727,0.011079404281658222,15.155027989497327,0.07915865656451437,0.00020073476066584384,9.50958429779547e-08,-0.00023511096359896122,0.0002622483061722747,0.005734871329624361,0.007330085443143134,51.65993214187833,0.01203580166638396,0.012741094730144346,-0.0007052930637603851,1.6094379124341003,9.025704383850098,2023-12-08,-0.006018192678318157
2023-12-06,2,-0.8038485646247864,0.1253148664292288,0.0,1.0,0.0,1,2023-12-06,2023-12-06,2023-12-06,9.04380989074707,9.989999771118164,10.0,9.93000030517578,9.93000030517578,3269100,2023-12-06,9.04380989074707,0.0020059937847476,-0.00900916385975,0.0010101421764738,9.93000030517578,10.0,9.93000030517578,3269100,0.0020059937847476395,0.002003984465887232,-0.08924374493390531,0.0077400670369949754,15.000025581527629,-0.14358692235146175,4.2180203552177886e-08,0.0023076878441596893,0.0011795780139727263,0.0018554994580317619,0.005680782121025181,0.007162288501374824,53.30828805278281,0.012897750544034636,0.012772425892922405,0.00012532465111223141,1.0986122886681098,9.04380989074707,2023-12-11,-0.008008122219665625
2023-12-07,6,0.4267030184467633,0.6451543989003772,0.6666666666666666,0.1666666666666666,0.1666666666666666,1,2023-12-07,2023-12-07,2023-12-07,8.962332725524902,9.899999618530272,9.989999771118164,9.880000114440918,9.989999771118164,3227000,2023-12-07,8.962332725524902,-0.00900916385975,0.0010101421764738,0.0,9.989999771118164,9.989999771118164,9.880000114440918,3227000,-0.009009163859750036,-0.00904999177840482,-0.10286957649031424,0.012273551992101886,14.987063780919394,-0.012878162185310904,-0.007220298983483531,-0.00592438238668247,-0.005240504127540291,-0.005874333683954069,0.004872626715386577,0.007612996715903381,45.74818809320602,0.006926480780379052,0.011603236870413734,-0.004676756090034682,1.9459101490553132,8.962332725524902,2023-12-12,0.0030305329385837965
2023-12-08,2,0.5921348333358766,0.0354377867243843,1.0,0.0,0.0,1,2023-12-08,2023-12-08,2023-12-08,8.971385955810547,9.90999984741211,9.979999542236328,9.890000343322754,9.90999984741211,2331400,2023-12-08,8.971385955810547,0.0010101421764738,0.0,0.0020183519396885,9.90999984741211,9.979999542236328,9.890000343322754,2331400,0.0010101421764738827,0.0010096323261841178,-0.09471381493983287,0.0100318054932509,14.661979932394603,-0.2775333126743105,-0.004020115888887954,-0.0038199021750165985,-0.0028277628801057775,-0.003988179513280898,0.004444328105968677,0.007461066023176841,46.653485326453264,0.0028913962785903635,0.00986086875204906,-0.006969472473458697,1.0986122886681098,8.971385955810547,2023-12-13,-0.003027262155077315
2023-12-11,4,0.2647453621029854,0.2009763951095521,1.0,0.0,0.0,1,2023-12-11,2023-12-11,2023-12-11,8.971385955810547,9.90999984741211,9.93000030517578,9.850000381469728,9.899999618530272,2868500,2023-12-11,8.971385955810547,0.0,0.0020183519396885,-0.005035450782911,9.899999618530272,9.93000030517578,9.850000381469728,2868500,0.0,0.0,-0.09379936348498409,0.008917231306299685,14.86930015163826,0.23037659775242347,-0.002616789992626156,-0.002917843041051915,-0.0018869538727765978,-0.0032654238011036174,0.0043996468178485,0.007460478388699845,46.653485326453264,-0.0003029450977809489,0.007828105982083059,-0.008131051079864008,1.6094379124341003,8.971385955810547,2023-12-14,0.006054630611936895
2023-12-12,6,0.4383866602244476,0.6272524337975399,0.6666666666666666,0.1666666666666666,0.1666666666666666,1,2023-12-12,2023-12-12,2023-12-12,8.989493370056152,9.93000030517578,9.960000038146973,9.859999656677246,9.899999618530272,3682300,2023-12-12,8.989493370056152,0.0020183519396885,-0.005035450782911,0.0091094695193427,9.899999618530272,9.960000038146973,9.859999656677246,3682300,0.0020183519396885785,0.002016317804020229,-0.09197033167252694,0.011124139854513505,15.119048386483318,0.283702283423392,0.0002015859652197971,-0.001809270712704869,8.505606918052244e-05,-0.0010259578302632688,0.004667000280958109,0.005251473070924125,48.6414644245842,-0.001357715750870625,0.0059909416354923225,-0.0073486573863629475,1.9459101490553132,8.989493370056152,2023-12-15,0.0020140742255041477
2023-12-13,7,0.329687707791371,0.5300733954410256,0.7142857142857143,0.2857142857142857,0.0,1,2023-12-13,2023-12-13,2023-12-13,8.94422721862793,9.880000114440918,9.899999618530272,9.859999656677246,9.899999618530272,3511500,2023-12-13,8.94422721862793,-0.005035450782911,0.0091094695193427,-0.0020059937847476,9.899999618530272,9.899999618530272,9.859999656677246,3511500,-0.005035450782911011,-0.0050481713858183674,-0.09654267037681295,0.004472154035814139,15.071554139359757,-0.04638405344485785,-0.002624714900483771,-0.00683561100198915,-0.0033060044872821326,-0.004960569718451935,0.004672899194215851,0.005431975168514318,44.206466844547016,-0.005779605513223984,0.0036368322057490615,-0.009416437718973046,2.0794415416798357,8.94422721862793,2023-12-18,0.011133736843328634
2023-12-14,7,0.2009961931034922,0.557408641022786,0.5714285714285714,0.1428571428571428,0.2857142857142857,1,2023-12-14,2023-12-14,2023-12-14,9.025704383850098,9.970000267028809,9.979999542236328,9.859999656677246,9.890000343322754,3460100,2023-12-14,9.025704383850098,0.0091094695193427,-0.0020059937847476,0.0040200517683568,9.890000343322754,9.979999542236328,9.859999656677246,3460100,0.009109469519342772,0.009068228568131609,-0.08739089276737859,0.013295348535212454,15.05680833735931,-0.014637619251032352,0.005040400042766846,0.002413117889797478,0.003841506603756706,0.003355078929750066,0.005082892717632277,0.004991364231511547,52.58633678297905,-0.0026785816852292754,0.0023737494275533942,-0.00505233111278267,2.0794415416798357,9.025704383850098,2023-12-19,0.0030088321840648913
2023-12-15,7,0.5131656834190446,0.4358528508184654,0.7142857142857143,0.2857142857142857,0.0,1,2023-12-15,2023-12-15,2023-12-15,9.007598876953123,9.949999809265137,9.989999771118164,9.899999618530272,9.93000030517578,8308200,2023-12-15,9.007598876953123,-0.0020059937847476,0.0040200517683568,0.0010008307390751,9.93000030517578,9.989999771118164,9.899999618530272,8308200,-0.0020059937847478615,-0.0020080084850486735,-0.09289037259564596,0.009991580866036024,15.932753657233867,1.401144475593191,0.002216023662146238,0.0011068597758885357,0.0012177958885644102,0.0010980223660308486,0.0053173362670649585,0.004885639462987915,50.761811089786185,-0.001662793405101226,0.0015664408610224704,-0.0032292342661236965,2.0794415416798357,9.007598876953123,2023-12-20,0.005024905898814769
2023-12-18,6,0.5718581068019073,0.3800257354565,1.0,0.0,0.0,1,2023-12-18,2023-12-18,2023-12-18,9.04380989074707,9.989999771118164,10.0,9.880000114440918,9.9399995803833,4606100,2023-12-18,9.04380989074707,0.0040200517683568,0.0010008307390751,0.0,9.9399995803833,10.0,9.880000114440918,4606100,0.004020051768357069,0.004011992950935905,-0.09015993234092995,0.013268731542207302,15.342892287042458,-0.44559591728653625,0.004625902170633633,0.005030215908829128,0.0034890647493923677,0.004187226920813858,0.005464749175970012,0.004940603663506365,54.18550292828461,0.0020406292071086796,0.0016612785302397124,0.0003793506768689672,1.9459101490553132,9.04380989074707,2023-12-21,0.001000830739075198
2023-12-19,3,0.0051885445912678,0.2428409196381965,0.6666666666666666,0.3333333333333333,0.0,1,2023-12-19,2023-12-19,2023-12-19,9.052861213684082,10.0,10.0,9.9399995803833,9.989999771118164,2894800,2023-12-19,9.052861213684082,0.0010008307390751,0.0,0.0,9.989999771118164,10.0,9.9399995803833,2894800,0.001000830739075198,0.0010003302419052673,-0.09380766555605133,0.006627785205190605,14.878426927421058,-0.37152905929094027,0.004217589616189121,0.0057325596713599936,0.002991111560095794,0.004244196494827435,0.005465211962293119,0.0049310582757054215,55.027281369216944,0.0056409589614254685,0.0024572146164768636,0.003183744344948605,1.3862943611198906,9.052861213684082,2023-12-22,-0.0009998300783988778
2023-12-20,5,0.3194792421534657,0.49800436069891,0.6,0.4,0.0,1,2023-12-20,2023-12-20,2023-12-20,9.052861213684082,10.0,10.0,9.960000038146973,9.989999771118164,2949600,2023-12-20,9.052861213684082,0.0,0.0,-0.0009998300783988,9.989999771118164,10.0,9.960000038146973,2949600,0.0,0.0,-0.09380766555605133,0.004418488355103068,14.897180464931035,0.018930496061904112,0.0018031291851892117,0.005631437229222325,0.001992088187395158,0.0034698468209106714,0.004323450931276663,0.004895134036316058,55.027281369216944,0.008397445703851147,0.00364526083395172,0.004752184869899427,1.791759469228055,9.052861213684082,2023-12-26,0.0
2023-12-21,3,0.0141958814735213,0.7759228953342883,0.6666666666666666,0.3333333333333333,0.0,1,2023-12-21,2023-12-21,2023-12-21,9.052861213684082,10.0,10.020000457763672,9.9399995803833,9.970000267028809,5981800,2023-12-21,9.052861213684082,0.0,-0.0009998300783988,0.0010008307390751,9.970000267028809,10.020000457763672,9.9399995803833,5981800,0.0,0.0,-0.09198987249556474,0.008837082055278141,15.604232251152624,1.028003797125034,0.0012013640519314972,0.004621159991791135,0.0013271775067187352,0.002837175659846425,0.002200487369366256,0.003717565500723712,55.027281369216944,0.010461388927076598,0.005008486452576696,0.005452902474499902,1.3862943611198906,9.052861213684082,2023-12-27,0.0
2023-12-22,7,-0.2310453818312713,0.4600534864049134,0.2857142857142857,0.5714285714285714,0.1428571428571428,1,2023-12-22,2023-12-22,2023-12-22,9.04380989074707,9.989999771118164,10.0,9.90999984741211,9.979999542236328,3343000,2023-12-22,9.04380989074707,-0.0009998300783988,0.0010008307390751,0.0,9.979999542236328,10.0,9.90999984741211,3343000,-0.0009998300783988778,-0.0010003302419052673,-0.09380658260826688,0.009951575019281626,15.022379464534707,-0.44113811896084787,-0.0006001380614732987,0.002810741994158761,0.00021732336693025545,0.0015004613428752922,0.0019318621875545764,0.003771605209155017,53.79283185501534,0.011237177498136575,0.006254224661688672,0.004982952836447903,2.0794415416798357,9.04380989074707,2023-12-28,0.001000830739075198
2023-12-26,8,-0.3447440635645762,0.534472236961526,0.25,0.625,0.125,2,2023-12-23,2023-12-26,2023-12-26,9.052861213684082,10.0,10.020000457763672,9.960000038146973,9.989999771118164,3434900,2023-12-26,9.052861213684082,0.0010008307390751,0.0,0.0,9.989999771118164,10.020000457763672,9.960000038146973,3434900,0.001000830739075198,0.0010003302419052673,-0.09380766555605133,0.006627785205190605,15.049498662262556,0.02749027819323957,0.00020000601008463015,0.002908330864082709,0.0008119180006602722,0.0020468089660481414,0.0008369963099561831,0.0037609649432504394,54.882820322946706,0.012438972909205148,0.007491174311191968,0.00494779859801318,2.1972245773362196,9.052861213684082,2023-12-29,0.004000163074171503
2023-12-27,2,-0.0418822206556797,0.9313649622455796,0.5,0.5,0.0,1,2023-12-27,2023-12-27,2023-12-27,9.052861213684082,10.0,10.020000457763672,9.960000038146973,10.0,2756300,2023-12-27,9.052861213684082,0.0,0.0,0.0040001630741715,10.0,10.020000457763672,9.960000038146973,2756300,0.0,0.0,-0.0947138786315918,0.006627785205190605,14.829400121407469,-0.1975603365454598,0.00020000601008463015,0.0022047714620243575,0.0005411322154444953,0.0016740388926186345,0.0007073404685306292,0.0037490640551000377,54.882820322946706,0.01323879583344123,0.008640698615641821,0.004598097217799409,1.0986122886681098,9.052861213684082,2024-01-02,-0.0020000815370859737
2023-12-28,7,0.4488900609846626,0.5535774008317024,0.8571428571428571,0.1428571428571428,0.0,1,2023-12-28,2023-12-28,2023-12-28,9.052861213684082,10.0,10.020000457763672,9.960000038146973,9.989999771118164,2489100,2023-12-28,9.052861213684082,0.0,0.0040001630741715,-0.0059763382835366,9.989999771118164,10.020000457763672,9.960000038146973,2489100,0.0,0.0,-0.09380766555605133,0.006627785205190605,14.727432159072043,-0.09694155208068789,0.00020000601008463015,0.0010009257395227067,0.0003606897500150197,0.0013692514248446752,0.0007073404685306292,0.003187960230458097,54.882820322946706,0.013714568257462645,0.009655472544005986,0.004059095713456659,2.0794415416798357,9.052861213684082,2024-01-03,0.006000244611257255
2023-12-29,8,-0.1709317144704983,0.7689266671698743,0.5,0.5,0.0,1,2023-12-29,2023-12-29,2023-12-29,9.08907413482666,10.039999961853027,10.100000381469728,9.989999771118164,9.989999771118164,3002900,2023-12-29,9.08907413482666,0.0040001630741715,-0.0059763382835366,0.0080163595210156,9.989999771118164,10.100000381469728,9.989999771118164,3002900,0.004000163074171503,0.003992183693998008,-0.09018274844171141,0.012102509971843476,14.915089379389075,0.20641999116146392,0.003398057414260691,0.004301381133121396,0.0029039744296708303,0.004393345276515914,0.0019235881008743667,0.001951256495988186,59.64019305612435,0.016819813088140734,0.011088340652832936,0.005731472435307798,2.1972245773362196,9.08907413482666,2024-01-04,0.03784867350745014
2024-01-02,3,-0.471817284822464,0.4135731821859914,0.3333333333333333,0.6666666666666666,0.0,1,2024-01-02,2024-01-02,2024-01-02,9.034754753112791,9.979999542236328,10.020000457763672,9.9399995803833,10.0,1773800,2024-01-02,9.034754753112791,-0.0059763382835366,0.0080163595210156,0.0357852724483644,10.0,10.020000457763672,9.9399995803833,1773800,-0.005976338283536831,-0.005994268065161457,-0.09652452468872089,0.008854792361996098,14.388635259685746,-0.40930433913883246,-0.002399138150119162,-0.002000123590833458,-0.0020619362594869184,-0.00131704372947683,0.0036238559125731607,0.0027879520748458377,50.959979287771716,0.014727848381861364,0.011816242198638622,0.0029116061832227414,1.3862943611198906,9.034754753112791,2024-01-05,0.052104436875127114
2024-01-03,3,-0.4011406811575095,0.6227854698405597,0.3333333333333333,0.6666666666666666,0.0,1,2024-01-03,2024-01-03,2024-01-03,9.10718059539795,10.0600004196167,10.100000381469728,9.9399995803833,9.979999542236328,2970000,2024-01-03,9.10718059539795,0.0080163595210156,0.0357852724483644,0.007677450043245,9.979999542236328,10.100000381469728,9.9399995803833,2970000,0.008016359521015648,0.007984399201024672,-0.08745681231191688,0.01756864261232278,14.904072847479162,0.674371406020972,0.004393150054937012,0.005296487200479483,0.003950776262502398,0.005465972720282597,0.005212561236227111,0.003559399603923151,59.43702620851162,0.018698566034940356,0.01319270696589897,0.0055058590690413856,1.3862943611198906,9.10718059539795,2024-01-08,0.04771355697549162
2024-01-04,4,0.576075576711446,0.675065101176701,0.75,0.25,0.0,1,2024-01-04,2024-01-04,2024-01-04,9.433083534240724,10.420000076293944,10.4399995803833,10.020000457763672,10.0600004196167,9776100,2024-01-04,9.433083534240724,0.0357852724483644,0.007677450043245,0.0038094779450088,10.0600004196167,10.4399995803833,10.020000457763672,9776100,0.03578527244836471,0.03515985637824803,-0.06231777924715646,0.04452405420720521,16.09545129176404,2.2916161616161617,0.03168328827450462,0.036919257028486197,0.02623620804204374,0.03365742095504398,0.0161763090771375,0.011660101659508043,77.92696328646696,0.04759439332284465,0.020073044237288108,0.027521349085556545,1.6094379124341003,9.433083534240724,2024-01-09,0.013435638674573092
2024-01-05,4,0.0541021608514711,0.3538796180469213,0.25,0.5,0.25,1,2024-01-05,2024-01-05,2024-01-05,9.505505561828612,10.5,10.5,10.300000190734863,10.31999969482422,6775400,2024-01-05,9.505505561828612,0.007677450043245,0.0038094779450088,0.0018976103961783,10.31999969482422,10.5,10.300000190734863,6775400,0.007677450043244605,0.007648128404977417,-0.07892385243035438,0.021040417888794752,15.728809111170369,-0.3069424412598071,0.02941176166825077,0.03970695233708055,0.022487667279048384,0.03377543686230022,0.01553545421644614,0.011606734367856225,80.09801030682559,0.0754684437597195,0.031152124141774387,0.04431631961794512,1.6094379124341003,9.505505561828612,2024-01-10,-0.0019049396297571297
2024-01-08,9,0.4192203658943375,0.4246121988153231,0.6666666666666666,0.2222222222222222,0.1111111111111111,1,2024-01-08,2024-01-08,2024-01-08,9.54171657562256,10.539999961853027,10.600000381469728,10.460000038146973,10.479999542236328,7657300,2024-01-08,9.54171657562256,0.0038094779450088,0.0018976103961783,-0.0075759654061205,10.479999542236328,10.600000381469728,10.460000038146973,7657300,0.0038094779450092986,0.003802240259282108,-0.08953082133566082,0.014672448318202242,15.851170129757522,0.13016205685273197,0.02330093607982997,0.03811680672503459,0.01743521103567547,0.030646423772306752,0.015553783169586914,0.011488112916454149,81.09903722994055,0.09933567590026549,0.04478883449347261,0.054546841406792876,2.302585092994046,9.54171657562256,2024-01-11,-0.009487652189383189
2024-01-09,7,0.4266149337802615,0.4361100004137528,0.7142857142857143,0.2857142857142857,0.0,1,2024-01-09,2024-01-09,2024-01-09,9.559823036193848,10.5600004196167,10.579999923706056,10.479999542236328,10.520000457763672,6073600,2024-01-09,9.559823036193848,0.0018976103961783,-0.0075759654061205,-0.0038166481006021,10.520000457763672,10.579999923706056,10.479999542236328,6073600,0.0018976103961783064,0.0018958122080512396,-0.09127161404838356,0.010460484581265066,15.619462232604674,-0.20682224805087956,0.01382487966582957,0.03428019112091141,0.012827797138992958,0.026517332372412383,0.013855075016239782,0.011346354883036836,81.59746750880461,0.11834743382347312,0.05950055435947271,0.05884687946400041,2.0794415416798357,9.559823036193848,2024-01-12,-0.020833281375742585
2024-01-10,5,-0.6783870417624712,0.248863022384489,0.0,1.0,0.0,1,2024-01-10,2024-01-10,2024-01-10,9.487398147583008,10.479999542236328,10.579999923706056,10.399999618530272,10.5,5936300,2024-01-10,9.487398147583008,-0.0075759654061205,-0.0038166481006021,-0.0095784290448038,10.5,10.579999923706056,10.399999618530272,5936300,-0.007575965406120599,-0.007604808802095686,-0.09643827165876116,0.018972567860624817,15.596596770090938,-0.02260603266596417,-0.0019049196022556947,0.021641509191562047,0.0034305381172936578,0.015281045919842473,0.016347994274210603,0.012037520636153405,73.27391294668868,0.1261165130613211,0.07282374609984239,0.05329276696147871,1.791759469228055,9.487398147583008,2024-01-15,0.0019085753505787562
2024-01-11,4,-0.2614953136071563,0.622493251619855,0.25,0.75,0.0,1,2024-01-11,2024-01-11,2024-01-11,9.45118808746338,10.4399995803833,10.5,10.399999618530272,10.399999618530272,2714600,2024-01-11,9.45118808746338,-0.0038166481006021,-0.0095784290448038,0.0154738020923115,10.399999618530272,10.5,10.399999618530272,2714600,-0.0038166481006018937,-0.0038239500872943033,-0.09123188133356654,0.010580720703503384,14.814155539224332,-0.5427117901723295,-0.006092904075337469,0.013395459991889735,-0.00026617084547753134,0.009312930093880123,0.0060873801468815155,0.012263712125475335,69.45898219408951,0.12787762147959292,0.0838345211757925,0.04404310030380042,1.6094379124341003,9.45118808746338,2024-01-16,0.0019157867141914586
2024-01-12,7,0.5812621055436987,0.4459080411309264,0.8571428571428571,0.0,0.1428571428571428,1,2024-01-12,2024-01-12,2024-01-12,9.360660552978516,10.34000015258789,10.460000038146973,10.199999809265137,10.4399995803833,4135200,2024-01-12,9.360660552978516,-0.0095784290448038,0.0154738020923115,-0.0038094779450088,10.4399995803833,10.460000038146973,10.199999809265137,4135200,-0.009578429044803993,-0.009624597245372346,-0.10338496846617283,0.027775842037035,15.23504649469021,0.5233183526118028,-0.012604930853019392,0.00038709417028837123,-0.006582963547470011,-0.00029022960085423044,0.005814287259136764,0.012996152100302168,60.91953107808842,0.12057854274321222,0.09118332548927645,0.029395217253935776,2.0794415416798357,9.360660552978516,2024-01-17,0.009671062632012672
2024-01-15,5,0.4652743138372898,0.3161449429717919,1.0,0.0,0.0,1,2024-01-15,2024-01-15,2024-01-15,9.505505561828612,10.5,10.539999961853027,10.260000228881836,10.260000228881836,3838600,2024-01-15,9.505505561828612,0.0154738020923115,-0.0038094779450088,-0.001912123493407,10.260000228881836,10.539999961853027,10.260000228881836,3838600,0.015473802092311306,0.015355303667428988,-0.07353749027503204,0.02945658504431265,15.160618535265526,-0.07172567227703619,0.0034403860219909266,0.01136584100709137,0.005842201059995222,0.012385067810565253,0.010051820315426289,0.013547461654764439,67.75114567167304,0.12504036446493672,0.0979547332844085,0.027085631180528216,1.791759469228055,9.505505561828612,2024-01-18,-0.013333373464783693
2024-01-16,4,-0.184222565498203,0.5651859735904363,0.25,0.75,0.0,1,2024-01-16,2024-01-16,2024-01-16,9.469294548034668,10.460000038146973,10.5,10.399999618530272,10.5,1722400,2024-01-16,9.469294548034668,-0.0038094779450088,-0.001912123493407,-0.0076628441410739,10.5,10.5,10.399999618530272,1722400,-0.0038094779450087435,-0.003816752486796471,-0.09816242399669829,0.010560489058869037,14.359229805617352,-0.5512947428750066,0.0015320423580744702,0.002876354355641375,0.0013394139699010044,0.006966986216995208,0.01000419948620741,0.013376259524498864,64.70585331181121,0.12422250443469096,0.103208287514465,0.021014216920225967,1.6094379124341003,9.469294548034668,2024-01-19,-0.0019121234934069697
2024-01-17,5,0.0094727338291704,0.6734341268131617,0.6,0.4,0.0,1,2024-01-17,2024-01-17,2024-01-17,9.45118808746338,10.4399995803833,10.460000038146973,10.31999969482422,10.380000114440918,4752600,2024-01-17,9.45118808746338,-0.001912123493407,-0.0076628441410739,0.0077220167518985,10.380000114440918,10.460000038146973,10.31999969482422,4752600,-0.0019121234934069697,-0.0019139539352601709,-0.08948092646794392,0.014812988803858103,15.374202605091547,1.759289363678588,0.0003832436191040234,-0.002674846681579135,-0.0003835873211258667,0.0041211195712391735,0.009503497849782173,0.01347808778751679,63.1767143714793,0.12072169981345837,0.10671096997426367,0.0140107298391947,1.791759469228055,9.45118808746338,2024-01-22,0.0038312707126904044
2024-01-18,9,-0.3255703849200573,0.8148547689584316,0.3333333333333333,0.6666666666666666,0.0,1,2024-01-18,2024-01-18,2024-01-18,9.378765106201172,10.359999656677246,10.460000038146973,10.220000267028809,10.31999969482422,6781100,2024-01-18,9.378765106201172,-0.0076628441410739,0.0077220167518985,0.0038312707126906,10.31999969482422,10.460000038146973,10.220000267028809,6781100,-0.00766284414107421,-0.00769235458385209,-0.09120490469540471,0.02558969847314738,15.72965003611338,0.4268190043344695,-0.005758209316825913,-0.009749593625542508,-0.005376743994162436,-0.002925513099716337,0.009960611571063862,0.007846222381059092,57.33975426532781,0.1108258264646409,0.10753394127233913,0.003291885192301766,2.302585092994046,9.378765106201172,2024-01-23,0.013513554736928057
2024-01-19,6,0.3408586556712786,0.7079570795799572,0.6666666666666666,0.3333333333333333,0.0,1,2024-01-19,2024-01-19,2024-01-19,9.45118808746338,10.4399995803833,10.4399995803833,10.279999732971191,10.279999732971191,3478300,2024-01-19,9.45118808746338,0.0077220167518985,0.0038312707126906,0.0019085753505789,10.279999732971191,10.4399995803833,10.279999732971191,3478300,0.007722016751898764,0.00769235458385209,-0.08062370301913055,0.01692907240142038,15.06205451414245,-0.48705962159531635,-2.018104550138844e-08,-0.001530233714805762,0.0015346571431320566,0.0039025413032252043,0.009443291317631684,0.007851425587212508,61.20025180240585,0.10758700879671679,0.10754455477721467,4.245401950211947e-05,1.9459101490553132,9.45118808746338,2024-01-24,0.007662945046304825
2024-01-22,4,0.4954168219119311,0.4289761509488776,0.75,0.25,0.0,1,2024-01-22,2024-01-22,2024-01-22,9.487398147583008,10.479999542236328,10.539999961853027,10.380000114440918,10.399999618530272,5135800,2024-01-22,9.487398147583008,0.0038312707126906,0.0019085753505789,0.0019048393011309,10.399999618530272,10.539999961853027,10.380000114440918,5135800,0.0038312707126904044,0.0038239500872943033,-0.08775014465589305,0.016864460089394545,15.451746377495365,0.4765258890837478,0.004216043463539654,0.0028706680397077022,0.0035748039755392202,0.00633097807879035,0.006134432915521064,0.007852771518512955,63.00295605491768,0.10671196261290916,0.10737803634435358,-0.0006660737314444221,1.6094379124341003,9.487398147583008,2024-01-26,0.00572532397129244
2024-01-23,9,0.7028375112244654,0.3222007084829859,0.8888888888888888,0.1111111111111111,0.0,1,2024-01-23,2024-01-23,2024-01-23,9.505505561828612,10.5,10.5,10.380000114440918,10.479999542236328,4331800,2024-01-23,9.505505561828612,0.0019085753505789,0.0019048393011309,0.001901017511011,10.479999542236328,10.5,10.380000114440918,4331800,0.0019085753505787562,0.0019067563347623384,-0.09298607089440476,0.01262425073327685,15.281493948836422,-0.15654815218661167,0.005361987083065012,0.005361966801578966,0.003653448682026328,0.006741225174746512,0.005858853207212697,0.007853150938719442,63.906068121640956,0.1062547604701134,0.10715338116950555,-0.000898620699392158,2.302585092994046,9.505505561828612,2024-01-29,0.0
2024-01-24,6,0.4601618380596241,0.4081982512502842,0.8333333333333334,0.1666666666666666,0.0,1,2024-01-24,2024-01-24,2024-01-24,9.523612022399902,10.520000457763672,10.520000457763672,10.399999618530272,10.420000076293944,2680500,2024-01-24,9.523612022399902,0.0019048393011309,0.001901017511011,-0.0037950208966024,10.420000076293944,10.520000457763672,10.399999618530272,2680500,0.001904839301130945,0.0019030273953108967,-0.08602572431197691,0.012600349421118123,14.801514275314387,-0.38120411838034995,0.005736250087645001,0.006891359570645461,0.003703294893329545,0.007073422967066145,0.005666315941870935,0.007472685589245972,64.83055747367587,0.10613006321896279,0.10694871757939702,-0.0008186543604342261,1.9459101490553132,9.523612022399902,2024-01-30,-0.0038025357114210845
2024-01-26,8,0.3914466243586503,0.4590444821475392,0.625,0.25,0.125,1,2024-01-26,2024-01-26,2024-01-26,9.54171657562256,10.539999961853027,10.600000381469728,10.479999542236328,10.5,6471900,2024-01-26,9.54171657562256,0.001901017511011,-0.0037950208966024,-0.0019049396297572,10.5,10.600000381469728,10.479999542236328,6471900,0.0019010175110110161,0.0018992128639712114,-0.09126508803594663,0.01257644138581748,15.682980440940923,1.4144376049244545,0.004192062996347001,0.007840853492814936,0.0037339175128145996,0.007341728305417128,0.002527760371069018,0.007331085240675672,65.7745230563626,0.10626714439643337,0.1068124029428043,-0.0005452585463709275,2.1972245773362196,9.54171657562256,2024-01-31,0.01707799382621933
2024-01-29,9,0.8234666627573056,0.278043981305802,1.0,0.0,0.0,1,2024-01-29,2024-01-29,2024-01-29,9.505505561828612,10.5,10.5600004196167,10.399999618530272,10.539999961853027,3646200,2024-01-29,9.505505561828612,-0.0037950208966024,-0.0019049396297572,0.0229010948449466,10.539999961853027,10.5600004196167,10.399999618530272,3646200,-0.0037950208966027743,-0.003802240259282108,-0.09814937417158609,0.016832434639662403,15.109196361609596,-0.4366105780373615,-0.0007612955108610153,0.0024823576695103267,-5.0183711687856736e-05,0.002877214511111559,0.0028875461227672577,0.006597167872613665,62.17970520444047,0.10227489470979201,0.10590490129620184,-0.0036300065864098285,2.302585092994046,9.505505561828612,2024-02-02,0.034285602490959244
2024-01-30,6,0.4965889045658211,0.5413835382658845,0.6666666666666666,0.3333333333333333,0.0,1,2024-01-30,2024-01-30,2024-01-30,9.487398147583008,10.479999542236328,10.5600004196167,10.460000038146973,10.460000038146973,3797400,2024-01-30,9.487398147583008,-0.0019049396297572,0.0229010948449466,0.0130594440847775,10.460000038146973,10.5600004196167,10.460000038146973,3797400,-0.0019049396297571297,-0.0019067563347623384,-0.0929829719901478,0.01054033781592717,15.14982744332949,0.04146782952114525,-0.002664784918629537,0.0007638019962306064,-0.0013042017465355604,0.0007908742207127784,0.002688674251474103,0.004469421794820478,60.401955489366294,0.09653707179941229,0.10403133539684392,-0.007494263597431633,1.9459101490553132,9.487398147583008,2024-02-05,0.024809268115081107
2024-01-31,9,0.2564659907172124,0.4722698323691662,0.5555555555555556,0.3333333333333333,0.1111111111111111,1,2024-01-31,2024-01-31,2024-01-31,9.704669952392578,10.720000267028809,10.779999732971191,10.460000038146973,10.460000038146973,7701300,2024-01-31,9.704669952392578,0.0229010948449466,0.0130594440847775,-0.011049688921637,10.460000038146973,10.779999732971191,10.460000038146973,7701300,0.022901094844946623,0.022642800814543396,-0.07221128900571247,0.03297378441451545,15.856899833590564,1.0280455048190866,0.01592130013371995,0.021147062607820066,0.014275391059578535,0.01931588782118343,0.010740980736912627,0.008353901822311955,71.08467194003018,0.10827371267438579,0.1048798108523523,0.0033939018220334877,2.302585092994046,9.704669952392578,2024-02-06,0.00559684845368813
2024-02-02,8,0.0244485593866556,0.6548956763813832,0.375,0.625,0.0,1,2024-02-02,2024-02-02,2024-02-02,9.83140754699707,10.859999656677246,10.859999656677246,10.619999885559082,10.619999885559082,5845600,2024-02-02,9.83140754699707,0.0130594440847775,-0.011049688921637,0.0037244483042633,10.619999885559082,10.859999656677246,10.619999885559082,5845600,0.01305944408477755,0.012974904773673579,-0.07425539991147531,0.02441153720572495,15.581199970527969,-0.24095931855660735,0.022598797201432097,0.030360456718216966,0.018180723712573288,0.02653786789066226,0.011289158745502266,0.008806733917526604,75.27485981630466,0.1263453196226667,0.10917291260641519,0.017172407016251515,2.1972245773362196,9.83140754699707,2024-02-07,-0.003683100303444431
2024-02-05,5,0.0162888361606747,0.7296940767854098,0.4,0.4,0.2,1,2024-02-05,2024-02-05,2024-02-05,9.722773551940918,10.739999771118164,10.84000015258789,10.699999809265137,10.84000015258789,2227700,2024-02-05,9.722773551940918,-0.011049688921637,0.0037244483042633,0.0037106282611283,10.84000015258789,10.84000015258789,10.699999809265137,2227700,-0.011049688921637046,-0.0111111902005816,-0.1030651831107448,0.014399218759425514,14.616480669946343,-0.6189099493636239,0.007504659690781068,0.015314769909474668,0.0046094475886904185,0.012397974636584319,0.013796051734359218,0.00935271829001223,66.39356413087705,0.1303981936133063,0.11341796880779342,0.016980224805512867,1.791759469228055,9.722773551940918,2024-02-08,0.003724448304263328
2024-02-06,5,0.2987183734774589,0.3775923297089595,0.8,0.2,0.0,1,2024-02-06,2024-02-06,2024-02-06,9.75898551940918,10.779999732971191,10.859999656677246,10.699999809265137,10.699999809265137,3593200,2024-02-06,9.75898551940918,0.0037244483042633,0.0037106282611283,-0.0036969104009157,10.699999809265137,10.859999656677246,10.699999809265137,3593200,0.003724448304263328,0.0037175297199629753,-0.08794526230188641,0.016395131142872724,15.094554006640612,0.6129640436324459,0.005972404430273137,0.0158311530303894,0.005551920880122241,0.013190077896297003,0.013150121152196194,0.009244031823432638,67.7591044395985,0.13497620689559398,0.11772961642535354,0.017246590470240436,1.791759469228055,9.75898551940918,2024-02-09,0.0
2024-02-07,6,0.1014149401647349,0.9294942372911088,0.5,0.5,0.0,1,2024-02-07,2024-02-07,2024-02-07,9.79519748687744,10.81999969482422,10.84000015258789,10.720000267028809,10.779999732971191,4400100,2024-02-07,9.79519748687744,0.0037106282611283,-0.0036969104009157,0.0,10.779999732971191,10.84000015258789,10.720000267028809,4400100,0.0037106282611281127,0.0037037608630798857,-0.09135457054620166,0.012250889859019695,15.297138053170492,0.22456306356451083,0.003338316904818228,0.016344217703095465,0.006169675495629079,0.013825289008142727,0.012604496561244122,0.009243264869363632,69.1107836748477,0.13991348300430673,0.12216638974114419,0.01774709326316254,1.9459101490553132,9.79519748687744,2024-02-13,0.024029576840990163
2024-02-08,6,0.4240752061208089,0.4382646233639825,0.8333333333333334,0.1666666666666666,0.0,1,2024-02-08,2024-02-08,2024-02-08,9.75898551940918,10.779999732971191,10.9399995803833,10.739999771118164,10.800000190734863,15027800,2024-02-08,9.75898551940918,-0.0036969104009157,0.0,0.0278293699290475,10.800000190734863,10.9399995803833,10.739999771118164,15027800,-0.0036969104009156872,-0.0037037608630798857,-0.0963902456426577,0.020493913928590905,16.525412443639958,2.415331469739324,-0.0014820125941796825,0.009930671719439621,0.00163197148516403,0.008229958071846566,0.009046330871222011,0.009499140305048875,66.1252724842179,0.13929855966746096,0.12559282372640757,0.013705735941053399,1.9459101490553132,9.75898551940918,2024-02-14,0.0259741046598283
2024-02-09,4,-0.0194970795419067,0.5723248055257528,0.25,0.5,0.25,1,2024-02-09,2024-02-09,2024-02-09,9.75898551940918,10.779999732971191,10.81999969482422,10.720000267028809,10.81999969482422,1341400,2024-02-09,9.75898551940918,0.0,0.0278293699290475,-0.0018050323560487,10.81999969482422,10.81999969482422,10.720000267028809,1341400,0.0,0.0,-0.09806046260080582,0.010246908102950645,14.109225148137282,-0.9107387641570955,0.0,0.007476644163189494,0.0010873894605782919,0.006723541247408926,0.006178822218575759,0.009535340735771582,66.1252724842179,0.13722933415093053,0.12792012581131215,0.009309208339618374,1.6094379124341003,9.75898551940918,2024-02-15,0.029684732920956636
2024-02-13,10,0.4754797201137989,0.4513155504870069,0.7,0.1,0.2,2,2024-02-12,2024-02-13,2024-02-13,10.030571937561035,11.079999923706056,11.140000343322754,10.720000267028809,10.720000267028809,9865500,2024-02-13,10.030571937561035,0.0278293699290475,-0.0018050323560487,0.003616688027773,10.720000267028809,11.140000343322754,10.720000267028809,9865500,0.0278293699290475,0.02744917069705144,-0.0643123425647878,0.041871996822154256,16.104554481754985,6.354629491575966,0.02138646448080861,0.0303143585140222,0.019113586705113983,0.028245247882740188,0.012414501474288096,0.0124412942913587,75.37725255961863,0.1557092924261525,0.13347795913428023,0.02223133329187227,2.3978952727983707,10.030571937561035,2024-02-16,0.009025351933771075
2024-02-14,9,-0.0586119128598107,0.5996734145913001,0.3333333333333333,0.6666666666666666,0.0,1,2024-02-14,2024-02-14,2024-02-14,10.012466430664062,11.0600004196167,11.119999885559082,10.979999542236328,11.0,6748200,2024-02-14,10.012466430664062,-0.0018050323560487,0.003616688027773,0.0072072145602417,11.0,11.119999885559082,10.979999542236328,6748200,-0.0018050323560487858,-0.0018066633899600504,-0.08977577903053978,0.01398260301717372,15.724786508807822,-0.3159799300592976,0.014306716497016314,0.023126807219584267,0.01145010588971962,0.021488089012130507,0.012938042886293136,0.01229870132511245,73.92763639312918,0.16696911340297937,0.14017618998802006,0.026792923414959313,2.302585092994046,10.012466430664062,2024-02-19,0.012658265224169796
2024-02-15,5,0.4116911601275205,0.4568120712224087,0.8,0.2,0.0,1,2024-02-15,2024-02-15,2024-02-15,10.048678398132324,11.100000381469728,11.140000343322754,11.020000457763672,11.020000457763672,4282200,2024-02-15,10.048678398132324,0.003616688027773,0.0072072145602417,0.0017888870211135,11.020000457763672,11.140000343322754,11.020000457763672,4282200,0.0036166880277730407,0.0036101635382577157,-0.0881417440365934,0.011941857506494142,15.26997768771201,-0.36543078154174446,0.012773799100983751,0.02097139846841145,0.010021667117240174,0.02050995013149204,0.012940828108704158,0.012062116000529718,74.96466845554052,0.17677683250305698,0.14749631849102746,0.029280514012029524,1.791759469228055,10.048678398132324,2024-02-20,0.02342332868897712
2024-02-16,5,0.6045460052788258,0.2947057889057834,1.0,0.0,0.0,1,2024-02-16,2024-02-16,2024-02-16,10.121101379394531,11.18000030517578,11.18000030517578,11.079999923706056,11.079999923706056,4108100,2024-02-16,10.121101379394531,0.0072072145602417,0.0017888870211135,0.014285635008191,11.079999923706056,11.18000030517578,11.079999923706056,4108100,0.007207214560241759,0.0071813667090836475,-0.08654319051572622,0.009880385317877853,15.228471435901671,-0.04065667180421284,0.012681215912430988,0.023997175463412956,0.011467937306891107,0.022683699713966998,0.011949872236440517,0.010515941221410275,76.94016776960426,0.1882237239499247,0.1556417995828069,0.03258192436711779,1.791759469228055,10.121101379394531,2024-02-21,0.017888964437472454
2024-02-19,5,0.0819127356633544,0.8082852197542035,0.6,0.4,0.0,2,2024-02-17,2024-02-19,2024-02-19,10.139206886291504,11.199999809265137,11.239999771118164,11.079999923706056,11.100000381469728,2926600,2024-02-19,10.139206886291504,0.0017888870211135,0.014285635008191,0.0017605421561053,11.100000381469728,11.239999771118164,11.079999923706056,2926600,0.0017888870211135721,0.0017872888683854171,-0.086557969563872,0.015780311932329927,14.889352239333837,-0.2876025413208052,0.006832086677648785,0.02264432919309889,0.008812557012000344,0.019967233419325492,0.011698193705210318,0.010062196375090053,77.41986698179278,0.19649140043198798,0.16381171975264314,0.03267968067934485,1.791759469228055,10.139206886291504,2024-02-22,0.0017857866768422603
2024-02-20,3,0.6189053819980473,0.3244922792612222,1.0,0.0,0.0,1,2024-02-20,2024-02-20,2024-02-20,10.284051895141602,11.359999656677246,11.359999656677246,11.140000343322754,11.18000030517578,5691100,2024-02-20,10.284051895141602,0.014285635008191,0.0017605421561053,-0.014059584757181,11.18000030517578,11.359999656677246,11.140000343322754,5691100,0.014285635008191022,0.014184556831015271,-0.08013849602664132,0.021392279579843857,15.554414284748109,0.9446114945670745,0.016100115713716168,0.03141453768241531,0.015363786699394533,0.028082110103663904,0.006116092157986637,0.009251409348468773,80.85166291920663,0.21228429410333227,0.17350623462278097,0.0387780594805513,1.3862943611198906,10.284051895141602,2024-02-23,-0.0070422613577455495
2024-02-21,7,-0.5196220192259976,0.557452842025272,0.1428571428571428,0.8571428571428571,0.0,1,2024-02-21,2024-02-21,2024-02-21,10.302157402038574,11.380000114440918,11.380000114440918,11.220000267028809,11.380000114440918,4249700,2024-02-21,10.302157402038574,0.0017605421561053,-0.014059584757181,0.0053474344210693,11.380000114440918,11.380000114440918,11.220000267028809,4249700,0.001760542156105327,0.0017589942183038332,-0.09471376990889394,0.015530712759295335,15.26235918548454,-0.2532726537927641,0.012095268277698912,0.027632243405862456,0.011369252187909407,0.024324961817539625,0.005271055201487891,0.009317813431416069,81.23556657911263,0.22368276355154038,0.18354154040853285,0.040141223143007526,2.0794415416798357,10.302157402038574,2024-02-26,-0.0017574480946476179
2024-02-22,5,-0.4667338266968728,0.3886230057906404,0.0,1.0,0.0,1,2024-02-22,2024-02-22,2024-02-22,10.157313346862791,11.220000267028809,11.31999969482422,11.220000267028809,11.31999969482422,4034500,2024-02-22,10.157313346862791,-0.014059584757181,0.0053474344210693,0.0070922065297311,11.31999969482422,11.31999969482422,11.220000267028809,4034500,-0.014059584757181165,-0.01415935699373172,-0.10271081089278102,0.00984506673965099,15.210393184132856,-0.05063886862602063,-0.00425976189513233,0.009537632377635719,-0.0019019266334777685,0.0081045050585562,0.010438761239460234,0.011195810158171728,69.27052204544191,0.2185095854863821,0.1905351494241027,0.027974436062279395,1.791759469228055,10.157313346862791,2024-02-27,0.01782518826200885
2024-02-23,2,0.7384254764765501,0.1809020261947051,1.0,0.0,0.0,1,2024-02-23,2024-02-23,2024-02-23,10.211628913879396,11.279999732971191,11.31999969482422,11.100000381469728,11.239999771118164,3115000,2024-02-23,10.211628913879396,0.0053474344210693,0.0070922065297311,0.0052817192016403,11.239999771118164,11.31999969482422,11.100000381469728,3115000,0.005347434421069774,0.005333187660137462,-0.09149207101242357,0.021543998044765856,14.951740031230926,-0.2279092824389639,-0.0007087646448564744,0.010390490818108944,0.0022876053410665342,0.011014564625616563,0.010246956378074457,0.010893767932144402,70.99571844725801,0.21629925376729808,0.1956879702927418,0.02061128347455629,1.0986122886681098,10.211628913879396,2024-02-28,-0.028368732727916735
2024-02-26,5,-0.0047502992674708,0.4679167279299197,0.6,0.2,0.2,2,2024-02-24,2024-02-26,2024-02-26,10.284051895141602,11.359999656677246,11.380000114440918,11.220000267028809,11.260000228881836,3853100,2024-02-26,10.284051895141602,0.0070922065297311,0.0052817192016403,-0.040280184632426,11.260000228881836,11.380000114440918,11.220000267028809,3853100,0.007092206529730971,0.007067175115290425,-0.08667391775329919,0.01555805523382244,15.164388836604985,0.23695024077046556,0.0035335448336915043,0.012297227673467193,0.006244466283472416,0.014829513853101384,0.010513348733676969,0.010791610363914088,73.15948761335414,0.2178798954696468,0.20012635532812278,0.017753540141524027,1.791759469228055,10.284051895141602,2024-02-29,-0.008802710780527079
2024-02-27,5,-0.3494456447660923,0.4905070198141147,0.2,0.6,0.2,1,2024-02-27,2024-02-27,2024-02-27,10.338369369506836,11.420000076293944,11.479999542236328,11.300000190734863,11.359999656677246,6422100,2024-02-27,10.338369369506836,0.0052817192016403,-0.040280184632426,0.0273723157437215,11.359999656677246,11.479999542236328,11.300000190734863,6422100,0.005281719201640334,0.0052678198429698675,-0.08993224630688351,0.01741080677890804,15.675255880695717,0.6667358750097325,0.007765618598663426,0.014569989895915736,0.007676533225207116,0.016458313933201962,0.00868449959374736,0.007378674857990003,74.68486371615313,0.22096834609213545,0.20429475348092535,0.016673592611210097,1.791759469228055,10.338369369506836,2024-03-01,-0.010507846177035374
2024-02-28,9,0.032796599333071,0.7806554465234904,0.5555555555555556,0.4444444444444444,0.0,1,2024-02-28,2024-02-28,2024-02-28,9.921937942504885,10.960000038146973,11.279999732971191,10.899999618530272,11.199999809265137,15254600,2024-02-28,9.921937942504885,-0.040280184632426,0.0273723157437215,0.0035523546628981,11.199999809265137,11.279999732971191,10.899999618530272,15254600,-0.040280184632425886,-0.04111389611149008,-0.11411266861834968,0.03829898117111033,16.540391720431952,1.3753289422463055,-0.025604541795293145,-0.025431256419961468,-0.022185303005701762,-0.020122611676545055,0.02036402848546637,0.015620585770275777,50.833068394697555,0.18765031355869333,0.20096586549647896,-0.013315551937785636,2.302585092994046,9.921937942504885,2024-03-04,0.02189783337142792
2024-02-29,8,0.3842448978102766,0.5557439253456019,0.75,0.25,0.0,1,2024-02-29,2024-02-29,2024-02-29,10.193524360656738,11.260000228881836,11.380000114440918,10.9399995803833,10.9399995803833,12617800,2024-02-29,10.193524360656738,0.0273723157437215,0.0035523546628981,-0.0088495434970174,10.9399995803833,11.380000114440918,10.9399995803833,12617800,0.027372315743721343,0.02700439275039379,-0.06823356931979047,0.04316471109402139,16.350619152667907,-0.17285277883392547,0.00035543660208214867,-0.0001775300764937926,0.003048512604704623,0.005474251939181496,0.024869127495953977,0.01799250109451087,59.84092417898588,0.18107299021772683,0.19698729044072855,-0.01591430022300172,2.1972245773362196,10.193524360656738,2024-03-05,-0.00888107377100178
2024-03-01,4,-0.2832050882279873,0.7292774040213629,0.25,0.75,0.0,1,2024-03-01,2024-03-01,2024-03-01,10.229735374450684,11.300000190734863,11.31999969482422,11.220000267028809,11.220000267028809,4288300,2024-03-01,10.229735374450684,0.0035523546628981,-0.0088495434970174,-0.0035714792956065,11.220000267028809,11.31999969482422,11.220000267028809,4288300,0.0035523546628981606,0.0035460599540266813,-0.08825890098132405,0.00977536799682677,15.27140117516468,-0.6601388514638051,0.003552410996436439,0.0023062100505943928,0.004398104798768232,0.00738916293254821,0.024802872597893058,0.017902380075696847,60.87029582886437,0.17674493468095598,0.19293881928877404,-0.016193884607818065,1.6094379124341003,10.229735374450684,2024-03-06,-0.012389416831248834
2024-03-04,7,0.0136150680482387,0.6747604227900412,0.5714285714285714,0.4285714285714285,0.0,1,2024-03-04,2024-03-04,2024-03-04,10.139206886291504,11.199999809265137,11.359999656677246,11.079999923706056,11.260000228881836,5294700,2024-03-04,10.139206886291504,-0.0088495434970174,-0.0035714792956065,0.0,11.260000228881836,11.359999656677246,11.079999923706056,5294700,-0.008849543497017498,-0.008888933266915533,-0.0995375950095901,0.027615545881577507,15.482217067056862,0.2346850733390855,-0.0024937541213153613,-0.006563742352579061,-0.0029980607359002542,-0.001248704729532757,0.024784897664562117,0.018178395368470598,56.940761972915745,0.1641181749094649,0.1871746904129122,-0.02305651550344731,2.0794415416798357,10.139206886291504,2024-03-07,-0.0035714792956065278
2024-03-05,7,-0.0573472642073673,0.5559049733568647,0.2857142857142857,0.5714285714285714,0.1428571428571428,1,2024-03-05,2024-03-05,2024-03-05,10.102994918823242,11.15999984741211,11.239999771118164,10.960000038146973,11.100000381469728,4169600,2024-03-05,10.102994918823242,-0.0035714792956065,0.0,0.0,11.100000381469728,11.239999771118164,10.960000038146973,4169600,-0.0035714792956065278,-0.0035778722538704066,-0.08982030886331147,0.027714527743601468,15.243330905743793,-0.21249551438230685,-0.0014316784288460616,-0.008352606341775926,-0.004382135577551627,-0.0039435910193346135,0.024395606870955495,0.017499976000538868,55.400133323744264,0.149466417855594,0.17963303590144858,-0.030166618045854576,2.0794415416798357,10.102994918823242,2024-03-08,0.010752652646964567
2024-03-06,7,-0.6727305286164794,0.2509568699101693,0.0,1.0,0.0,1,2024-03-06,2024-03-06,2024-03-06,10.102994918823242,11.15999984741211,11.15999984741211,11.0600004196167,11.100000381469728,2257900,2024-03-06,10.102994918823242,0.0,0.0,0.0107526526469643,11.100000381469728,11.15999984741211,11.0600004196167,2257900,0.0,0.0,-0.08982030886331147,0.009897998425110334,14.629946178620731,-0.45848522640061395,-0.004992900761788599,-0.006410281962048958,-0.0029256973191381652,-0.003228889637669652,0.014004068893405188,0.01747084721618899,55.400133323744264,0.13628380001731166,0.1709631887246212,-0.03467938870730955,2.0794415416798357,10.102994918823242,2024-03-11,0.007168372167837056
2024-03-07,3,0.279591386516889,0.50837253794049,0.6666666666666666,0.0,0.3333333333333333,1,2024-03-07,2024-03-07,2024-03-07,10.102994918823242,11.15999984741211,11.220000267028809,11.079999923706056,11.119999885559082,2149800,2024-03-07,10.102994918823242,0.0,0.0107526526469643,-0.0035461499603695,11.119999885559082,11.220000267028809,11.079999923706056,2149800,0.0,0.0,-0.09145728212250856,0.013857311069405034,14.580885837680542,-0.047876345276584464,-0.003215451631246813,-0.00587922232041882,-0.0019523688929040661,-0.0026433706402875234,0.0046893084041391715,0.016933112240824975,55.400133323744264,0.12440244644011145,0.16165104026771926,-0.03724859382760781,1.3862943611198906,10.102994918823242,2024-03-12,0.028673771856974728
2024-03-08,6,0.607631625297169,0.4248632342538367,0.8333333333333334,0.1666666666666666,0.0,1,2024-03-08,2024-03-08,2024-03-08,10.211628913879396,11.279999732971191,11.300000190734863,11.100000381469728,11.100000381469728,2506900,2024-03-08,10.211628913879396,0.0107526526469643,-0.0035461499603695,0.0213523381823927,11.100000381469728,11.300000190734863,11.100000381469728,2506900,0.010752652646964567,0.010695253969595253,-0.08003346279819719,0.019585495218426913,14.734557886931105,0.1661084752069959,0.007862720561969017,0.0048102130911000796,0.0058357823964798605,0.006601911873498789,0.007178661637489233,0.017220979712342224,59.50538381618501,0.12234196165971944,0.15378922454611932,-0.031447262886399874,1.9459101490553132,10.211628913879396,2024-03-13,0.0230496478738742
2024-03-11,5,0.635345759242773,0.321276622694173,1.0,0.0,0.0,1,2024-03-11,2024-03-11,2024-03-11,10.175416946411133,11.239999771118164,11.279999732971191,11.15999984741211,11.279999732971191,3245300,2024-03-11,10.175416946411133,-0.0035461499603695,0.0213523381823927,0.0052265097722683,11.279999732971191,11.279999732971191,11.15999984741211,3245300,-0.0035461499603697266,-0.0035524524542775993,-0.09792400821884661,0.01179311729347916,14.99271866190793,0.2945470501416092,0.003571366694645306,0.0023184366185489136,0.0015114820980699495,0.002479646961343729,0.005880210536963005,0.017071386221552645,57.60204944320796,0.1164447073851953,0.14632032111393453,-0.02987561372873923,1.791759469228055,10.175416946411133,2024-03-14,0.028469877966555313
2024-03-12,7,0.295165895683957,0.5461322855850019,0.7142857142857143,0.2857142857142857,0.0,1,2024-03-12,2024-03-12,2024-03-12,10.392685890197754,11.479999542236328,11.479999542236328,11.220000267028809,11.239999771118164,4092700,2024-03-12,10.392685890197754,0.0213523381823927,0.0052265097722683,0.0017331726562572,11.239999771118164,11.479999542236328,11.220000267028809,4092700,0.021352338182392794,0.021127570918043848,-0.07538379876996373,0.02501752462784885,15.224715701254716,0.2611160755554187,0.019176111122874318,0.02317284145944143,0.015148449199524627,0.01945771728660972,0.010259088482742276,0.018423846718324064,64.86383476328064,0.12782934177547922,0.14262212524624346,-0.014792783470764237,2.0794415416798357,10.392685890197754,2024-03-15,0.010453019544536923
2024-03-13,8,-0.3688867716118693,0.5737277937387291,0.25,0.75,0.0,1,2024-03-13,2024-03-13,2024-03-13,10.447003364562988,11.539999961853027,11.600000381469728,11.4399995803833,11.4399995803833,4763000,2024-03-13,10.447003364562988,0.0052265097722683,0.0017331726562572,0.003460165674227,11.4399995803833,11.600000381469728,11.4399995803833,4763000,0.005226509772268351,0.0052128989741166976,-0.08680037169958024,0.015315473299181865,15.376388489734687,0.1637794121240257,0.017636694920136975,0.023231040963439975,0.013543746464846906,0.020188411839343612,0.009787025660946051,0.011503392312117527,66.41265432089259,0.1396252003864582,0.1420227402742864,-0.002397539887828204,2.1972245773362196,10.447003364562988,2024-03-18,0.005199335395017268
2024-03-14,5,0.0356862723827362,0.3814151241190779,0.6,0.4,0.0,1,2024-03-14,2024-03-14,2024-03-14,10.465109825134276,11.5600004196167,11.5600004196167,11.479999542236328,11.539999961853027,3438300,2024-03-14,10.465109825134276,0.0017331726562572,0.003460165674227,0.0,11.539999961853027,11.5600004196167,11.479999542236328,3438300,0.0017331726562572758,0.0017316724456950539,-0.0931447261934091,0.00764453299746853,15.050488011994263,-0.27812303170270836,0.012259268095753173,0.022285155572044246,0.010148503153328381,0.017893039163269453,0.009514781352608538,0.008479419439430645,66.93587176906601,0.14872018959577282,0.1433622301385837,0.005357959457189115,1.791759469228055,10.465109825134276,2024-03-19,-0.0051903396402754876
2024-03-15,6,0.1051750034093856,0.4521745102425986,0.5,0.5,0.0,1,2024-03-15,2024-03-15,2024-03-15,10.501320838928224,11.600000381469728,11.600000381469728,11.380000114440918,11.539999961853027,6097000,2024-03-15,10.501320838928224,0.003460165674227,0.0,-0.0086206763461212,11.539999961853027,11.600000381469728,11.380000114440918,6097000,0.0034601656742272446,0.00345419307447159,-0.09000685670349151,0.020949771024352762,15.623307568905028,0.7732600412994795,0.010101035118834867,0.023108141074737576,0.009054676203442247,0.017453501987044096,0.009373483056264348,0.008478397541651245,68.00917820814422,0.15703970429779268,0.1460977249704255,0.01094197932736718,1.9459101490553132,10.501320838928224,2024-03-20,-0.008620676346121292
2024-03-18,5,0.3150567223317921,0.7550256934783157,0.8,0.2,0.0,1,2024-03-18,2024-03-18,2024-03-18,10.501320838928224,11.600000381469728,11.65999984741211,11.520000457763672,11.579999923706056,2661100,2024-03-18,10.501320838928224,0.0,-0.0086206763461212,0.0,11.579999923706056,11.65999984741211,11.520000457763672,2661100,0.0,0.0,-0.09315018064634081,0.013331598167105042,14.794250504895297,-0.5635394456289979,0.0038075546041724806,0.019511352267568727,0.006018286257839955,0.014234965263126176,0.008606988729177928,0.007555708050842263,68.00917820814422,0.16176821633729332,0.14923182324379908,0.012536393093494247,1.791759469228055,10.501320838928224,2024-03-21,-0.005172442133553501
2024-03-19,8,-0.0929185704444535,0.81380112942195,0.375,0.625,0.0,1,2024-03-19,2024-03-19,2024-03-19,10.410792350769045,11.5,11.600000381469728,11.4399995803833,11.539999961853027,5521800,2024-03-19,10.410792350769045,-0.0086206763461212,0.0,0.0034782188112003,11.539999961853027,11.600000381469728,11.4399995803833,5521800,-0.008620676346121292,-0.008658049318332584,-0.09785161306904033,0.015368743866513513,15.524214633155353,1.0750065762278758,-0.005190303377896166,0.007711208181223395,-0.0017710815013993741,0.004488624161415933,0.005384275606145107,0.008223038572604941,62.158808770097096,0.1564077327961435,0.15066700515426798,0.005740727641875526,2.1972245773362196,10.410792350769045,2024-03-22,0.005217419821193392
2024-03-20,8,-0.2758443161728792,0.7124119563794586,0.25,0.75,0.0,1,2024-03-20,2024-03-20,2024-03-20,10.410792350769045,11.5,11.579999923706056,11.479999542236328,11.479999542236328,3662300,2024-03-20,10.410792350769045,0.0,0.0034782188112003,0.0017331726562572,11.479999542236328,11.579999923706056,11.479999542236328,3662300,0.0,0.0,-0.09313651864998242,0.009605453466021855,15.113602196360299,-0.33675613024738305,-0.004501385325736962,0.004717831254746008,-0.0011814184637283232,0.003669515936087331,0.004662171313867253,0.008223038572604941,62.158808770097096,0.15042549944856276,0.15061870401312694,-0.00019320456456417556,2.1972245773362196,10.410792350769045,2024-03-25,0.0
2024-03-21,8,0.5678220034460537,0.2732229417750846,0.875,0.0,0.125,1,2024-03-21,2024-03-21,2024-03-21,10.447003364562988,11.539999961853027,11.5600004196167,11.460000038146973,11.539999961853027,2564400,2024-03-21,10.447003364562988,0.0034782188112003,0.0017331726562572,-0.0051903396402758,11.539999961853027,11.5600004196167,11.460000038146973,2564400,0.00347821881120014,0.00347218379816594,-0.0947137435791232,0.009572159401128872,14.757235481049928,-0.2997842885618327,-0.0006927887734796689,0.004876336747706267,0.0015272935395884701,0.005850971944772798,0.004945219713909328,0.008153629823381664,63.61095774587709,0.14691294166466307,0.14987755154343418,-0.0029646098787711184,2.1972245773362196,10.447003364562988,2024-03-26,-0.005199335395017046
2024-03-22,4,0.2476678062230348,0.4116662138080316,0.75,0.25,0.0,1,2024-03-22,2024-03-22,2024-03-22,10.465109825134276,11.5600004196167,11.579999923706056,11.479999542236328,11.5,3511700,2024-03-22,10.465109825134276,0.0017331726562572,-0.0051903396402758,-0.0017392010099933,11.5,11.579999923706056,11.479999542236328,3511700,0.0017331726562572758,0.0017316724456950539,-0.08999044998832387,0.009555597900134341,15.071611093438552,0.36940414911870234,0.0017331360782211203,0.004169612529048017,0.0021730452086199392,0.006204938542079486,0.0046661898145805595,0.007736072810265509,64.3476932021758,0.14393110616256877,0.1486882624672611,-0.004757156304692339,1.6094379124341003,10.465109825134276,2024-03-27,-0.00337377544354045
2024-03-25,5,-0.4158804649487138,0.7803815063596857,0.2,0.8,0.0,1,2024-03-25,2024-03-25,2024-03-25,10.410792350769045,11.5,11.5600004196167,11.4399995803833,11.520000457763672,3646400,2024-03-25,10.410792350769045,-0.0051903396402758,-0.0017392010099933,0.0035714544619827,11.520000457763672,11.5600004196167,11.4399995803833,3646400,-0.0051903396402754876,-0.005203856243860994,-0.0962854221283558,0.011526580800983316,15.10925121171661,0.03835749067403249,-0.0017361084122029524,-0.0032934526798381603,-0.0020210891884618887,0.0008036326821279083,0.00503901953329279,0.007894275015087372,60.397224583041535,0.13562165183221886,0.14607494034025267,-0.010453288508033814,1.791759469228055,10.410792350769045,2024-03-29,0.014304300817101767
2024-03-26,6,-0.4369123162080845,0.3165227643302005,0.1666666666666666,0.8333333333333334,0.0,1,2024-03-26,2024-03-26,2024-03-26,10.392685890197754,11.479999542236328,11.5600004196167,11.4399995803833,11.5,4656900,2024-03-26,10.392685890197754,-0.0017392010099933,0.0035714544619827,0.0124555145499345,11.5,11.5600004196167,11.4399995803833,4656900,-0.001739201009993585,-0.0017407151759507578,-0.09628818346106488,0.011546662768532404,15.353860763417746,0.2771226415094339,-0.0031261391760381008,-0.005026925713604635,-0.00250765697984745,-0.0007667391706199789,0.003334513906354344,0.004238379955668408,59.09482642390919,0.12612145968358313,0.14208424420891877,-0.015962784525335644,1.9459101490553132,10.392685890197754,2024-04-01,0.01607145331493287
2024-03-27,9,-0.055362279423409,0.6521816202971238,0.2222222222222222,0.4444444444444444,0.3333333333333333,1,2024-03-27,2024-03-27,2024-03-27,10.429802894592283,11.239999771118164,11.300000190734863,11.079999923706056,11.260000228881836,5236400,2024-03-27,10.429802894592283,0.0035714544619827,0.0124555145499345,0.0,11.260000228881836,11.300000190734863,11.079999923706056,5236400,0.0035714544619824817,0.0035650919629124367,-0.07372977952168253,0.021093425182835822,15.471144988258958,0.12443900448796419,6.942411217547573e-05,-0.001308966693061242,0.0007029804886193869,0.002291359234963819,0.0037793742263771447,0.004039617184449589,60.95362181266559,0.12020190824038579,0.1377077770152122,-0.017505868774826405,2.302585092994046,10.429802894592283,2024-04-02,0.01779344852681075
2024-03-29,8,0.3920418623602018,0.6214961673149689,0.875,0.125,0.0,2,2024-03-28,2024-03-29,2024-03-29,10.559711456298828,11.380000114440918,11.399999618530272,11.199999809265137,11.239999771118164,6560200,2024-03-29,10.559711456298828,0.0124555145499345,0.0,0.0052722652009544,11.239999771118164,11.399999618530272,11.199999809265137,6560200,0.012455514549934543,0.012378582786353842,-0.06052387265766468,0.018939893395082855,15.696531800694771,0.25280727217172094,0.010342030029896643,0.010215146121802965,0.008739807601314542,0.012056585682065801,0.006659637362251988,0.005685079107055319,66.6634555958585,0.12455733686700299,0.13507768898557038,-0.010520352118567389,2.1972245773362196,10.559711456298828,2024-04-03,-0.0070298374554984555
2024-04-01,1,0.7053079209290445,0.0,1.0,0.0,0.0,1,2024-04-01,2024-04-01,2024-04-01,10.559711456298828,11.380000114440918,11.420000076293944,11.31999969482422,11.380000114440918,2782500,2024-04-01,10.559711456298828,0.0,0.0052722652009544,-0.0122375828741219,11.380000114440918,11.420000076293944,11.31999969482422,2782500,0.0,0.0,-0.07208160368128338,0.009469991853808956,14.838860721520811,-0.575851345995549,0.008516336289473792,0.009651149846788831,0.005809613432995686,0.009842902503981454,0.006732513179585303,0.005617848856828087,66.6634555958585,0.1265502528922191,0.13337220176690012,-0.006821948874681016,0.6931471805599453,10.559711456298828,2024-04-04,0.010544801339515297
2024-04-02,5,0.2622943989001215,0.6728355942573365,0.6,0.4,0.0,1,2024-04-02,2024-04-02,2024-04-02,10.615385055541992,11.4399995803833,11.579999923706056,11.359999656677246,11.380000114440918,5437300,2024-04-02,10.615385055541992,0.0052722652009544,-0.0122375828741219,0.0176990603121234,11.380000114440918,11.579999923706056,11.359999656677246,5437300,0.0052722652009544735,0.00525841546909156,-0.06718937181104678,0.020724661976717882,15.508793356008216,0.9541060197663971,0.009886895957054831,0.01386856520945634,0.007380998501699487,0.012375287759972764,0.005527154566331252,0.005802884858500059,68.92223286622848,0.13111068501237355,0.13291989841599483,-0.0018092134036212792,1.791759469228055,10.615385055541992,2024-04-05,0.006993238186771
2024-04-03,9,0.192417136238267,0.7642775529254338,0.5555555555555556,0.3333333333333333,0.1111111111111111,1,2024-04-03,2024-04-03,2024-04-03,10.485478401184082,11.300000190734863,11.479999542236328,11.260000228881836,11.4399995803833,5531700,2024-04-03,10.485478401184082,-0.0122375828741219,0.0176990603121234,0.0017392323944611,11.4399995803833,11.479999542236328,11.260000228881836,5531700,-0.01223758287412191,-0.012313078647528286,-0.08343716907437485,0.020981332938480764,15.526005921137603,0.017361558126275822,-0.004229760312072894,0.0007474098355821912,-0.003303387155119575,-1.1240802017531415e-05,0.009069559521151368,0.006541525319288044,58.894665840493225,0.12282661028579867,0.1309012407899556,-0.008074630504156938,2.302585092994046,10.485478401184082,2024-04-08,0.0442477417322209
2024-04-04,9,0.7869808070309875,0.2790207799505361,0.8888888888888888,0.0,0.1111111111111111,1,2024-04-04,2024-04-04,2024-04-04,10.671061515808104,11.5,11.539999961853027,11.239999771118164,11.300000190734863,6296300,2024-04-04,10.671061515808104,0.0176990603121234,0.0017392323944611,0.0243054613841882,11.300000190734863,11.539999961853027,11.239999771118164,6296300,0.017699060312123205,0.017544255870646452,-0.05565828887706049,0.028113434665374498,15.655472876068751,0.1382215232207098,0.00877193931446607,0.015936070678392644,0.009512675807142656,0.014425298782150264,0.011601761329551454,0.008439723707647898,66.4126827150692,0.1297408559226092,0.13066916381648633,-0.0009283078938771283,2.302585092994046,10.671061515808104,2024-04-09,0.013913054824383764
2024-04-05,4,-0.1499776095151901,0.0937445963380659,0.0,1.0,0.0,1,2024-04-05,2024-04-05,2024-04-05,10.689620971679688,11.520000457763672,11.539999961853027,11.380000114440918,11.479999542236328,7010500,2024-04-05,10.689620971679688,0.0017392323944611,0.0243054613841882,-0.0118644054510471,11.479999542236328,11.539999961853027,11.380000114440918,7010500,0.0017392323944613874,0.0017377216812008989,-0.06884831028509547,0.014967775549385843,15.76291972578649,0.11343169798135411,0.008050496702886933,0.01535771021114396,0.007484190221875409,0.013207176615215532,0.010755485332697283,0.00843534019201334,67.06149704515576,0.13515999806174506,0.13156733066553808,0.0035926673962069777,1.6094379124341003,10.689620971679688,2024-04-12,0.015624933088765225
2024-04-08,7,0.4630050464932407,0.3062263234775874,0.7142857142857143,0.0,0.2857142857142857,1,2024-04-08,2024-04-08,2024-04-08,10.949437141418455,11.800000190734863,11.800000190734863,11.5,11.5,7370000,2024-04-08,10.949437141418455,0.0243054613841882,-0.0118644054510471,0.0034305565275858,11.5,11.800000190734863,11.5,7370000,0.024305461384187987,0.024014784267076816,-0.04787503118100389,0.027398686056660577,15.81292839985072,0.05128022252335773,0.02501737553337402,0.035273772894057975,0.02108961623663319,0.030743321535351642,0.014265882869961147,0.010913765068788444,74.49052850577038,0.15859155603525465,0.1369721757394814,0.02161938029577326,2.0794415416798357,10.949437141418455,2024-04-15,-0.016949100874054657
2024-04-09,9,-0.0992677704327636,0.7092831617498389,0.4444444444444444,0.5555555555555556,0.0,1,2024-04-09,2024-04-09,2024-04-09,10.819528579711914,11.65999984741211,11.779999732971191,11.65999984741211,11.779999732971191,2910100,2024-04-09,10.819528579711914,-0.0118644054510471,0.0034305565275858,-0.0085469822693533,11.779999732971191,11.779999732971191,11.65999984741211,2910100,-0.011864405451046944,-0.011935349204705847,-0.08153405560536664,0.01109104566571395,14.88369834644915,-0.6051424694708276,0.008999629755030991,0.019052616209731088,0.005965483290873985,0.015097132914464684,0.016736187418152,0.011750169245134234,66.42361947417027,0.16477922694918945,0.14253358598142302,0.022245640967766434,2.302585092994046,10.819528579711914,2024-04-16,-0.01543759251793142
2024-04-12,5,-0.5736804623156786,0.2597299654224891,0.0,1.0,0.0,1,2024-04-12,2024-04-12,2024-04-12,10.856645584106444,11.699999809265137,11.739999771118164,11.5600004196167,11.65999984741211,4365900,2024-04-12,10.856645584106444,0.0034305565275858,-0.0085469822693533,-0.0103450790260659,11.65999984741211,11.739999771118164,11.5600004196167,4365900,0.0034305565275856154,0.003424685591761012,-0.06889830821772842,0.016579647010396506,15.289335140617348,0.5002577231022989,0.005500176191898909,0.01809957098224757,0.006258026917346005,0.015150214802982287,0.014232112216421539,0.011586087418868437,67.506359767157,0.1707101919536953,0.14816890717587747,0.022541284777817833,1.791759469228055,10.856645584106444,2024-04-17,-0.015384550516346573
2024-04-15,5,-0.159939786652103,0.7153467986290738,0.2,0.6,0.2,1,2024-04-15,2024-04-15,2024-04-15,10.763854026794434,11.600000381469728,11.760000228881836,11.520000457763672,11.520000457763672,7341600,2024-04-15,10.763854026794434,-0.0085469822693533,-0.0103450790260659,0.0034846150258232,11.520000457763672,11.760000228881836,11.520000457763672,7341600,-0.008546982269353243,-0.008583717187204964,-0.06563770841342707,0.02229682514466782,15.809067496697022,0.6815776815776815,-0.004804374250697019,0.006245707836635583,-0.0015628486925242102,0.005290472447212702,0.014168039756205236,0.012298552503781156,62.11375679733486,0.16600936860237958,0.15173699946117788,0.014272369141201696,1.791759469228055,10.763854026794434,2024-04-18,0.0
2024-04-16,10,-0.4061723789433017,0.6891934961163794,0.2,0.8,0.0,1,2024-04-16,2024-04-16,2024-04-16,10.652501106262209,11.479999542236328,11.600000381469728,11.300000190734863,11.600000381469728,4391900,2024-04-16,10.652501106262209,-0.0103450790260659,0.0034846150258232,0.0069444047933424,11.600000381469728,11.600000381469728,11.300000190734863,4391900,-0.01034507902606574,-0.010398961289081132,-0.0816809693145433,0.028162418172245587,15.295272720933845,-0.4017789037811921,-0.014423252119673102,-0.005027055574138073,-0.007959390336585104,-0.004184253630261203,0.01517839938555471,0.012508937733178307,56.30141798954399,0.1515516886282402,0.15169993729459036,-0.0001482486663501592,2.3978952727983707,10.652501106262209,2024-04-19,0.010453218396453856
2024-04-17,9,0.6654175501316786,0.2080668423669979,1.0,0.0,0.0,1,2024-04-17,2024-04-17,2024-04-17,10.689620971679688,11.520000457763672,11.600000381469728,11.380000114440918,11.4399995803833,5746000,2024-04-17,10.689620971679688,0.0034846150258232,0.0069444047933424,0.0,11.4399995803833,11.600000381469728,11.380000114440918,5746000,0.003484615025823201,0.003478557822154116,-0.06559253813176028,0.020580735987895477,15.564014692555467,0.308317584644459,-0.006211083203037315,-0.0027699874805323654,-0.0030061856089290684,-0.0005844369899756785,0.007600418925060496,0.012528200693893887,57.72168582128024,0.1414584905777776,0.14965164795122782,-0.008193157373450222,2.302585092994046,10.689620971679688,2024-04-22,0.01041656258252388
2024-04-18,8,0.5424208942567931,0.2904932494105419,1.0,0.0,0.0,1,2024-04-18,2024-04-18,2024-04-18,10.763854026794434,11.600000381469728,11.640000343322754,11.520000457763672,11.520000457763672,7351700,2024-04-18,10.763854026794434,0.0069444047933424,0.0,0.0034482120091765,11.520000457763672,11.640000343322754,11.520000457763672,7351700,0.006944404793342462,0.0069204034669270165,-0.06563770841342707,0.01114841257233391,15.810442272984988,0.27944657152801944,0.0017271636953464231,0.002766289454154247,0.0026081563287820853,0.005194286754243382,0.007860381716517024,0.012598166290423787,60.48744072686171,0.1378603769510658,0.14729339375119543,-0.009433016800129645,2.1972245773362196,10.763854026794434,2024-04-23,0.010344813226944138
2024-04-19,7,0.428677035828254,0.4523999333867349,0.7142857142857143,0.1428571428571428,0.1428571428571428,1,2024-04-19,2024-04-19,2024-04-19,10.763854026794434,11.600000381469728,11.65999984741211,11.539999961853027,11.539999961853027,4889300,2024-04-19,10.763854026794434,0.0,0.0034482120091765,0.0068729019945719,11.539999961853027,11.65999984741211,11.539999961853027,4889300,0.0,0.0,-0.06725701365894672,0.01114841257233391,15.402559906448198,-0.3349429383679965,0.0034602503736107515,0.00017248021462124008,0.0017372605368333183,0.004245861122528449,0.007518547924539964,0.011680626932963806,60.48744072686171,0.1334702836315511,0.14452877172726658,-0.011058488095715469,2.0794415416798357,10.763854026794434,2024-04-24,0.022413688158622547
2024-04-22,4,0.4254519529640674,0.3473682265004662,1.0,0.0,0.0,1,2024-04-22,2024-04-22,2024-04-22,10.800970077514648,11.640000343322754,11.699999809265137,11.539999961853027,11.579999923706056,5327200,2024-04-22,10.800970077514648,0.0034482120091765,0.0068729019945719,0.0119453030031715,11.579999923706056,11.699999809265137,11.539999961853027,5327200,0.0034482120091765545,0.0034422805575036186,-0.06727373500207137,0.01481347011091119,15.488336517494405,0.08956292311782876,0.006224058095402496,0.0024112717961830565,0.003454996496957241,0.006298301839729792,0.0066479866358928235,0.010449754322952821,61.93153385008384,0.1314705475140947,0.1419171268846322,-0.010446579370537501,1.6094379124341003,10.800970077514648,2024-04-25,0.01890030389457964
2024-04-23,7,0.7981201302526253,0.1965087529165824,1.0,0.0,0.0,1,2024-04-23,2024-04-23,2024-04-23,10.875204086303713,11.720000267028809,11.739999771118164,11.640000343322754,11.640000343322754,5939900,2024-04-23,10.875204086303713,0.0068729019945719,0.0119453030031715,0.0,11.640000343322754,11.739999771118164,11.640000343322754,5939900,0.006872901994572134,0.006849391266804172,-0.06570414385406474,0.009195177120524105,15.59720302453327,0.1150135155428742,0.00895316158496362,0.0075653651063525285,0.006877365548502601,0.010785941957703882,0.002888798927125323,0.01060094297998105,64.70959926202553,0.13432736410593904,0.14039917432889357,-0.006071810222954527,2.0794415416798357,10.875204086303713,2024-04-26,0.017064881433541457
2024-04-24,6,0.72028560951973,0.244143118004126,1.0,0.0,0.0,1,2024-04-24,2024-04-24,2024-04-24,11.005111694335938,11.859999656677246,11.979999542236328,11.65999984741211,11.720000267028809,9750100,2024-04-24,11.005111694335938,0.0119453030031715,0.0,0.0050591454055635,11.720000267028809,11.979999542236328,11.65999984741211,9750100,0.011945303003171315,0.011874520988766957,-0.06099731709938824,0.02907736910920357,16.092788201894734,0.6414586104143167,0.015063267200014163,0.0190753860300088,0.012524290687780715,0.018626289054629375,0.0044549845007939,0.008109704273976781,68.97625555202775,0.14539781462227985,0.14139890238757083,0.003998912234709023,1.9459101490553132,11.005111694335938,2024-04-29,0.005059145405563514
2024-04-25,5,-0.2656039267778397,0.3714816391186279,0.4,0.6,0.0,1,2024-04-25,2024-04-25,2024-04-25,11.005111694335938,11.859999656677246,11.899999618530272,11.81999969482422,11.859999656677246,6890800,2024-04-25,11.005111694335938,0.0,0.0050591454055635,0.0,11.859999656677246,11.899999618530272,11.81999969482422,6890800,0.0,0.0,-0.07208161779836156,0.0072693422773005695,15.745697891675372,-0.2932585306817366,0.010565734330121757,0.017327106257590374,0.008314814739582621,0.015188254532124024,0.0050660276958279715,0.006866375027585807,68.97625555202775,0.15241428936160872,0.14360197978237843,0.008812309579230293,1.791759469228055,11.005111694335938,2024-04-30,0.008431764580280054
2024-04-26,4,0.0586305949836969,0.7800570396486253,0.5,0.5,0.0,1,2024-04-26,2024-04-26,2024-04-26,11.06078815460205,11.920000076293944,11.9399995803833,11.81999969482422,11.859999656677246,7593100,2024-04-26,11.06078815460205,0.0050591454055635,0.0,0.0033556424914233,11.859999656677246,11.9399995803833,11.81999969482422,7593100,0.005059145405563514,0.005046390929192679,-0.06738714377830819,0.010849126109440223,15.842750629832176,0.10191850002902414,0.010169565042059237,0.020548014454658148,0.008904197685398074,0.016567700355596626,0.004417999879123004,0.00693038046199993,70.73493603230719,0.1606160394565368,0.1470047917172101,0.013611247739326704,1.6094379124341003,11.06078815460205,2024-05-02,0.008389235560343433
2024-04-29,5,0.6659464217722416,0.3436580264237042,1.0,0.0,0.0,1,2024-04-29,2024-04-29,2024-04-29,11.06078815460205,11.920000076293944,11.9399995803833,11.859999656677246,11.899999618530272,4734000,2024-04-29,11.06078815460205,0.0,0.0033556424914233,0.0050167586205236,11.899999618530272,11.9399995803833,11.859999656677246,4734000,0.0,0.0,-0.07052197401934615,0.007232750739626923,15.370281280293899,-0.3765392264029185,0.005398166931534609,0.01775962967484812,0.0059185650990467575,0.013514680803315082,0.005037271717972435,0.0059597915439801715,70.73493603230719,0.16521152982200427,0.15064613933816892,0.014565390483835344,1.791759469228055,11.06078815460205,2024-05-03,0.03355694224137329
2024-04-30,6,-0.0268164312777419,0.7388405644109356,0.5,0.3333333333333333,0.1666666666666666,1,2024-04-30,2024-04-30,2024-04-30,11.097904205322266,11.960000038146973,11.979999542236328,11.880000114440918,11.920000076293944,6868700,2024-04-30,11.097904205322266,0.0033556424914233,0.0050167586205236,0.0249583254099738,11.920000076293944,11.979999542236328,11.880000114440918,6868700,0.003355642491423394,0.0033500248867652793,-0.06896777396894752,0.009010658764512767,15.74248556335066,0.450929446556823,0.004704300495046443,0.017006785361137977,0.00617690924744263,0.013797660920573662,0.004915254121353035,0.0038010925713465767,71.96371211544093,0.16989005731882045,0.15449492293429923,0.015395134384521225,1.9459101490553132,11.097904205322266,2024-05-06,0.03511705254517583
2024-05-02,7,-0.0466799933596381,0.6875446187300871,0.4285714285714285,0.5714285714285714,0.0,2,2024-05-01,2024-05-02,2024-05-02,11.153579711914062,12.020000457763672,12.079999923706056,11.920000076293944,11.960000038146973,10121100,2024-05-02,11.153579711914062,0.0050167586205236,0.0249583254099738,0.0048701652160587,11.960000038146973,12.079999923706056,11.920000076293944,10121100,0.0050167586205236425,0.005004216616311119,-0.06742644846662167,0.014345156581541604,16.130133010372308,0.4735102712303638,0.00703754972900672,0.017781564764610902,0.0074552098984539406,0.015397384941753023,0.0025466579791497248,0.0038039156420312803,73.74457094122295,0.17606085223881784,0.15880810879520296,0.017252743443614882,2.0794415416798357,11.153579711914062,2024-05-07,0.03826948359762006
2024-05-03,5,0.7323658153414727,0.2690026129011336,1.0,0.0,0.0,1,2024-05-03,2024-05-03,2024-05-03,11.431954383850098,12.31999969482422,12.359999656677246,12.0,12.0,14734300,2024-05-03,11.431954383850098,0.0249583254099738,0.0048701652160587,0.0080775197492406,12.0,12.359999656677246,12.0,14734300,0.02495832540997389,0.0246519536271963,-0.04733713467915853,0.031490648456909257,16.505688734956095,0.4558002588651431,0.024276623138991926,0.03686243559502711,0.021499445433413866,0.033087640770186555,0.009876546837962834,0.007592685340269048,80.43597683768114,0.20109565568113474,0.16726561817238933,0.033830037508745414,1.791759469228055,11.431954383850098,2024-05-08,0.006493470199602447
2024-05-06,5,0.7252071097493171,0.1455606890274635,1.0,0.0,0.0,1,2024-05-06,2024-05-06,2024-05-06,11.487629890441896,12.380000114440918,12.479999542236328,12.31999969482422,12.31999969482422,10394000,2024-05-06,11.487629890441896,0.0048701652160587,0.0080775197492406,-0.0064103028653987,12.31999969482422,12.479999542236328,12.31999969482422,10394000,0.004870165216058986,0.004858344325699537,-0.06756248579551612,0.013928012038865649,16.156739370759873,-0.29457117066979766,0.02145213024186643,0.03511705254517583,0.0174951535894059,0.030973561382085624,0.009889427361750152,0.007311370632217376,81.4540222070622,0.22285948049162663,0.1783843906362368,0.04447508985538984,1.791759469228055,11.487629890441896,2024-05-09,0.0048465616600443795
2024-05-07,7,0.4558744505047798,0.2642397375312225,1.0,0.0,0.0,1,2024-05-07,2024-05-07,2024-05-07,11.580421447753906,12.479999542236328,12.479999542236328,12.380000114440918,12.399999618530272,7512300,2024-05-07,11.580421447753906,0.0080775197492406,-0.0064103028653987,0.0032259128634695,12.399999618530272,12.479999542236328,12.380000114440918,7512300,0.008077519749240425,0.008045071205311949,-0.06609501580561396,0.00863521489667422,15.832052368290062,-0.2772464883586685,0.02027466779816245,0.036200569014003925,0.016996973848536268,0.03192744164663397,0.00894389137109757,0.0072391677747839864,83.03821985350564,0.24477337651913622,0.1916621878128167,0.053111188706319534,2.0794415416798357,11.580421447753906,2024-05-10,-0.006410302865398787
2024-05-08,6,0.2638791389763356,0.5792463616432062,0.6666666666666666,0.1666666666666666,0.1666666666666666,1,2024-05-08,2024-05-08,2024-05-08,11.506187438964844,12.399999618530272,12.479999542236328,12.359999656677246,12.479999542236328,7071900,2024-05-08,11.506187438964844,-0.0064103028653987,0.0032259128634695,-0.0032155398122262,12.479999542236328,12.479999542236328,12.359999656677246,7071900,-0.006410302865398787,-0.006430937085144528,-0.07802981882938308,0.010429161370404188,15.771639884332853,-0.05862385687472549,0.006493453406901661,0.023778005647706157,0.006960832282501661,0.02061532890297002,0.011308300658136825,0.008394703819585247,77.34606158786077,0.25323114191911955,0.20397597863407727,0.049255163285042286,1.9459101490553132,11.506187438964844,2024-05-14,0.0032259128634695156
2024-05-09,6,0.3018759153783322,0.6320674963538648,0.6666666666666666,0.3333333333333333,0.0,1,2024-05-09,2024-05-09,2024-05-09,11.543305397033691,12.4399995803833,12.460000038146973,12.380000114440918,12.399999618530272,5025100,2024-05-09,11.543305397033691,0.0032259128634695,-0.0032155398122262,0.0,12.399999618530272,12.460000038146973,12.380000114440918,5025100,0.0032259128634695156,0.00322072076973301,-0.06908824579448827,0.00693041732453968,15.42995611120991,-0.2894271695018312,0.002902343744238811,0.02218573606356289,0.0067830502835126705,0.019476221827213536,0.011426538782150322,0.008120835658215477,78.15249162777836,0.2599327480252356,0.21516733251230893,0.04476541551292665,1.9459101490553132,11.543305397033691,2024-05-15,-0.00321553981222622
2024-05-10,4,0.3784171435981989,0.3943121917568296,1.0,0.0,0.0,1,2024-05-10,2024-05-10,2024-05-10,11.506187438964844,12.399999618530272,12.4399995803833,12.380000114440918,12.399999618530272,4670000,2024-05-10,11.506187438964844,-0.0032155398122262,0.0,0.0032259128634695,12.399999618530272,12.4399995803833,12.380000114440918,4670000,-0.00321553981222622,-0.00322072076973301,-0.07208162960180545,0.005214539243398653,15.35666984377782,-0.07066526039282806,-0.0016103507311521215,0.014397833182265396,0.002361009059308916,0.013214037781946963,0.005962977610641818,0.008391829080121593,75.26704829345647,0.25926012084903505,0.22398589017965415,0.0352742306693809,1.6094379124341003,11.506187438964844,2024-05-16,0.020967811985499907
2024-05-14,3,-0.3249367444465558,0.0419785710294076,0.0,0.6666666666666666,0.3333333333333333,1,2024-05-14,2024-05-14,2024-05-14,11.543305397033691,12.4399995803833,12.460000038146973,12.359999656677246,12.399999618530272,4513900,2024-05-14,11.543305397033691,0.0032259128634695,-0.0032155398122262,0.0209678119854999,12.399999618530272,12.460000038146973,12.359999656677246,4513900,0.0032259128634695156,0.00322072076973301,-0.06908824579448827,0.008663062964220272,15.32267230435128,-0.033426124197002194,0.0006435549058334544,0.013359438374690447,0.003722749865906927,0.013445451854685597,0.005759387208632307,0.008398127233480223,76.21284313537953,0.25873957916549273,0.23093662797682188,0.02780295118867085,1.3862943611198906,11.543305397033691,2024-05-20,0.027331055690280825
2024-05-15,5,-0.1935808703303337,0.4703625452224217,0.4,0.4,0.2,1,2024-05-15,2024-05-15,2024-05-15,11.506187438964844,12.399999618530272,12.4399995803833,12.380000114440918,12.420000076293944,6952500,2024-05-15,11.506187438964844,-0.0032155398122262,0.0209678119854999,-0.0047393707352868,12.420000076293944,12.4399995803833,12.380000114440918,6952500,-0.00321553981222622,-0.00322072076973301,-0.07357589627340616,0.005214539243398653,15.7546120089234,0.5402423624803385,-0.0012887022489230793,0.006166773517556123,0.0003301051084982909,0.008319146362345542,0.004313325743387096,0.00863959473886193,73.1983988833055,0.25242217145733115,0.23523373667292374,0.017188434784407403,1.791759469228055,11.506187438964844,2024-05-21,0.030645136157873898
2024-05-16,8,0.3887601820752024,0.4801145014069958,0.75,0.125,0.125,1,2024-05-16,2024-05-16,2024-05-16,11.74744701385498,12.65999984741211,12.68000030517578,12.359999656677246,12.399999618530272,6244900,2024-05-16,11.74744701385498,0.0209678119854999,-0.0047393707352868,0.0142856548576062,12.399999618530272,12.68000030517578,12.359999656677246,6244900,0.020967811985499907,0.020751012716426764,-0.052625211673404546,0.027240016330452352,15.647275848734015,-0.10177633944624231,0.015399435056964617,0.02146201213908827,0.014103071231425846,0.023976343713564052,0.009912588530627807,0.010157905912256687,79.00979981337545,0.2638418076150266,0.24095535086134431,0.02288645675368231,2.1972245773362196,11.74744701385498,2024-05-23,0.03475514184787243
2024-05-20,6,0.6558392096388465,0.3098537508712451,1.0,0.0,0.0,1,2024-05-20,2024-05-20,2024-05-20,11.85879611968994,12.779999732971191,12.859999656677246,12.579999923706056,12.579999923706056,12067300,2024-05-20,11.85879611968994,0.0142856548576062,0.0,0.0250392264514027,12.579999923706056,12.859999656677246,12.579999923706056,12067300,0.009478579107752738,0.009433939236809241,-0.057329396533386534,0.02361114316707812,16.30600995580696,0.9323447933513747,0.019463888461704437,0.024859596239152237,0.015686217019496018,0.027390411151261285,0.01015088231519448,0.01021991755653194,81.05188124406928,0.2786646215075752,0.24849720499059053,0.03016741651698468,1.9459101490553132,11.85879611968994,2024-05-24,0.025039226451403218
2024-05-21,7,-0.1216894217899867,0.6193328366030509,0.2857142857142857,0.7142857142857143,0.0,1,2024-05-21,2024-05-21,2024-05-21,11.85879611968994,12.779999732971191,12.880000114440918,12.760000228881836,12.779999732971191,9500300,2024-05-21,11.85879611968994,0.0,0.0250392264514027,0.0,12.779999732971191,12.880000114440918,12.760000228881836,9500300,0.0,0.0,-0.07208166138725602,0.010119061357319258,16.06683404027936,-0.21272364157682333,0.013320597147177926,0.02109294057283506,0.010403083007090252,0.02229928429372574,0.009548768441757534,0.007916988723706773,81.05188124406928,0.28710227203299077,0.25621821839907055,0.030884053633920217,2.0794415416798357,11.85879611968994,2024-05-27,0.034428886108709644
2024-05-23,12,0.5138488288697166,0.3903470600731829,0.8333333333333334,0.0833333333333333,0.0833333333333333,2,2024-05-22,2024-05-23,2024-05-23,12.155731201171877,13.100000381469728,13.140000343322754,12.760000228881836,12.760000228881836,15097300,2024-05-23,12.155731201171877,0.0250392264514027,0.0,0.0091602930063592,12.760000228881836,13.140000343322754,12.760000228881836,15097300,0.025039226451403218,0.024730881566790597,-0.04735650602436639,0.031260983658826215,16.530026544087093,0.5891392903381998,0.027934772417455234,0.040673699571615485,0.023521930192307305,0.03885001996773374,0.012453543207647917,0.01042115561874811,85.43444045167467,0.3141282751322816,0.26780022974571277,0.04632804538656882,2.5649493574615367,12.155731201171877,2024-05-28,0.012213750160047443
2024-05-24,4,-0.6721896613016726,0.1893963100526864,0.0,1.0,0.0,1,2024-05-24,2024-05-24,2024-05-24,12.155731201171877,13.100000381469728,13.140000343322754,13.020000457763672,13.100000381469728,6367300,2024-05-24,12.155731201171877,0.0,0.0091602930063592,0.003025740484291,13.100000381469728,13.140000343322754,13.020000457763672,6367300,0.0,0.0,-0.07208161471762577,0.009871877188886293,15.666686232893515,-0.5782490908970478,0.016765021748094355,0.03557316125777854,0.015559291935290265,0.03156342728626904,0.01162674408189461,0.010530366392364428,85.43444045167467,0.3317226846815018,0.2805847207328706,0.05113796394863118,1.6094379124341003,12.155731201171877,2024-05-29,0.007633564429515127
2024-05-27,5,-0.0730399742722511,0.7355103648544556,0.6,0.4,0.0,1,2024-05-27,2024-05-27,2024-05-27,12.267081260681152,13.220000267028809,13.220000267028809,13.0600004196167,13.100000381469728,11712500,2024-05-27,12.267081260681152,0.0091602930063592,0.003025740484291,-0.0045249194943344,13.100000381469728,13.220000267028809,13.0600004196167,11712500,0.00916029300635901,0.00911859199126841,-0.06358161042245163,0.013043024987936297,16.27616729090768,0.8394767012705542,0.01723610286873334,0.03832864032553962,0.016438509716568017,0.03330759779577752,0.010236723502776145,0.009796151185867939,86.76569510716345,0.3506097888227213,0.29458973435084074,0.056020054471880576,1.791759469228055,12.267081260681152,2024-05-30,-0.003025818226852328
2024-05-28,5,0.1064502382650971,0.9402167386716906,0.6,0.4,0.0,1,2024-05-28,2024-05-28,2024-05-28,12.304198265075684,13.260000228881836,13.260000228881836,13.140000343322754,13.220000267028809,6243100,2024-05-28,12.304198265075684,0.003025740484291,-0.0045249194943344,-0.0015152403467371,13.220000267028809,13.260000228881836,13.140000343322754,6243100,0.0030257404842910507,0.0030211721443063055,-0.06927397756845517,0.009752759421935722,15.646987572032511,-0.46697118463180365,0.01283229405509334,0.03480572511321767,0.012925251505487179,0.029613561620194906,0.010522415824973251,0.009803710652310555,87.18611376233812,0.3643727250238378,0.30854633248544017,0.05582639253839761,1.791759469228055,12.304198265075684,2024-05-31,-0.016591293971184196
2024-05-29,8,-0.2509688669815659,0.7066045157849707,0.25,0.75,0.0,1,2024-05-29,2024-05-29,2024-05-29,12.248522758483888,13.199999809265137,13.239999771118164,13.039999961853027,13.199999809265137,6423400,2024-05-29,12.248522758483888,-0.0045249194943344,-0.0015152403467371,-0.010622076683131,13.199999809265137,13.239999771118164,13.039999961853027,6423400,-0.004524919494334312,-0.004535187930155171,-0.07208159579770618,0.01632848411263372,15.675458286176552,0.028879883391264016,0.0018214755805534555,0.02373197291954443,0.0055458100939809185,0.020325215571770805,0.011474334164518426,0.009954678724411161,82.93041737673931,0.3665619055669751,0.3201494471017472,0.0464124584652279,2.1972245773362196,12.248522758483888,2024-06-04,-0.016666709489861598
2024-05-30,5,-0.3489519221708178,0.7120143160438325,0.2,0.8,0.0,1,2024-05-30,2024-05-30,2024-05-30,12.229963302612305,13.18000030517578,13.220000267028809,13.119999885559082,13.199999809265137,7993300,2024-05-30,12.229963302612305,-0.0015152403467371,-0.010622076683131,-0.0046012603575646,13.199999809265137,13.220000267028809,13.119999885559082,7993300,-0.0015152403467372233,-0.0015163894843510661,-0.0734876152022335,0.008176670607700566,15.89411437384982,0.24440327552386587,-0.000909726705694891,0.016347861846041756,0.002677854083016795,0.01531249877055374,0.005202945574285231,0.010227358432288714,81.50225144800984,0.3626192054606818,0.32864339877353416,0.03397580668714767,1.791759469228055,12.229963302612305,2024-06-05,0.006069925201453552
2024-05-31,9,0.0734597734279102,0.7826104411011594,0.5555555555555556,0.4444444444444444,0.0,1,2024-05-31,2024-05-31,2024-05-31,12.100055694580078,13.039999961853027,13.199999809265137,12.9399995803833,13.199999809265137,13170600,2024-05-31,12.100055694580078,-0.010622076683131,-0.0046012603575646,0.0215717266502859,13.199999809265137,13.199999809265137,12.9399995803833,13170600,-0.010622076683131088,-0.010678893640555742,-0.083329100801426,0.02148752331762379,16.39349770669497,0.6477049528980521,-0.010622153833341419,0.000613877996006984,-0.005329274157038211,0.003701493175495285,0.007494300459716269,0.011179966517594602,72.13781148354818,0.34503478273710186,0.33192167556624774,0.013113107170854121,2.302585092994046,12.100055694580078,2024-06-06,0.05061346985473003
2024-06-04,5,0.6283879826776684,0.2340530991887049,1.0,0.0,0.0,1,2024-06-04,2024-06-04,2024-06-04,12.04438018798828,12.979999542236328,13.0600004196167,12.699999809265137,12.880000114440918,16719000,2024-06-04,12.04438018798828,-0.0046012603575646,0.0215717266502859,0.0331824329262844,12.880000114440918,13.0600004196167,12.699999809265137,16719000,-0.004601260357564918,-0.004611878740487185,-0.06487732290590202,0.029889509026839498,16.632056415031972,0.26941824973805284,-0.011574800620523407,-0.006429906737924651,-0.006625887467224034,-0.0007502330971285165,0.004985050488072832,0.010010673500172594,68.50495323456911,0.322884442097493,0.3301142288724968,-0.007229786775003799,1.791759469228055,12.04438018798828,2024-06-07,0.060092570950052826
2024-06-05,8,0.1747056116582825,0.7208218921563417,0.625,0.375,0.0,1,2024-06-05,2024-06-05,2024-06-05,12.304198265075684,13.260000228881836,13.300000190734863,12.979999542236328,12.979999542236328,10805300,2024-06-05,12.304198265075684,0.0215717266502859,0.0331824329262844,0.0043796689318074,12.979999542236328,13.300000190734863,12.979999542236328,10805300,0.02157172665028595,0.021342349795549165,-0.0520648151767354,0.026007435966537297,16.195547405008504,-0.35371134637239066,0.009747237594745162,0.011287412994482882,0.009820149313054749,0.01695837627517438,0.012470879572384004,0.011553080397758183,74.86609797888123,0.3225768202005259,0.3286067471381027,-0.006029926937576757,2.1972245773362196,12.304198265075684,2024-06-10,0.03469081693243781
2024-06-06,14,0.4879511647824464,0.4702421233120702,0.8571428571428571,0.1428571428571428,0.0,1,2024-06-06,2024-06-06,2024-06-06,12.712481498718262,13.699999809265137,13.779999732971191,13.260000228881836,13.260000228881836,20673300,2024-06-06,12.712481498718262,0.0331824329262844,0.0043796689318074,-0.0029069975883572,13.260000228881836,13.779999732971191,13.260000228881836,20673300,0.03318243292628442,0.03264377950720165,-0.041291004578643535,0.04090464195694479,16.844353618955633,0.9132555320074407,0.03536879595195597,0.03756434308270751,0.028474375709487187,0.04110575912107106,0.01879941761727613,0.014693683331237275,81.2684945156979,0.3512293194584313,0.3331312616021684,0.018098057856262895,2.70805020110221,12.712481498718262,2024-06-11,0.0072993231884495025
2024-06-07,8,0.7027309341356158,0.2523442228090654,1.0,0.0,0.0,1,2024-06-07,2024-06-07,2024-06-07,12.768157958984377,13.760000228881836,13.880000114440918,13.699999809265137,13.720000267028809,14915500,2024-06-07,12.768157958984377,0.0043796689318074,-0.0029069975883572,0.005830870812491,13.720000267028809,13.880000114440918,13.699999809265137,14915500,0.004379668931807634,0.0043701060930434465,-0.06937626016902126,0.014097593854493565,16.517911565712133,-0.27851383185074463,0.03086611675371187,0.036925469401914324,0.021746774815049497,0.0370549866520371,0.01826176746161227,0.013270132753998288,81.94395512983606,0.3741166724656715,0.341328343774869,0.032788328690802504,2.1972245773362196,12.768157958984377,2024-06-12,0.008720843381844867
2024-06-10,4,0.2641041362658143,0.1965761518196531,0.75,0.0,0.25,1,2024-06-10,2024-06-10,2024-06-10,12.731040954589844,13.720000267028809,13.84000015258789,13.68000030517578,13.800000190734863,10445300,2024-06-10,12.731040954589844,-0.0029069975883572,0.005830870812491,0.0057970688529185,13.800000190734863,13.84000015258789,13.68000030517578,10445300,-0.0029069975883573296,-0.0029112311123999923,-0.07746081314279289,0.012567695601861007,16.161662770173667,-0.29970165264322346,0.017502259860358693,0.02910295907040794,0.012439847093852263,0.0276798159931555,0.01644822992156949,0.01342293281330727,79.8760532413943,0.38482402079638867,0.35002747917917293,0.03479654161721574,1.6094379124341003,12.731040954589844,2024-06-13,0.03061224031167087
2024-06-11,4,0.6333890003152192,0.270679368912695,1.0,0.0,0.0,1,2024-06-11,2024-06-11,2024-06-11,12.80527400970459,13.800000190734863,13.880000114440918,13.699999809265137,13.760000228881836,14512200,2024-06-11,12.80527400970459,0.005830870812491,0.0057970688529185,0.0187320503553387,13.760000228881836,13.880000114440918,13.699999809265137,14512200,0.005830870812491007,0.0058139370789973555,-0.0693841717511969,0.014056732018336073,16.49050030184753,0.3893521488133418,0.01113715293427009,0.03061987995940285,0.012154517567975809,0.027382247585162167,0.014644220413533965,0.013341463101447936,80.9134605467892,0.3947492351866284,0.35897183038066405,0.03577740480596436,1.6094379124341003,12.80527400970459,2024-06-14,0.02028985269789474
2024-06-12,2,0.6833069063723087,0.0635441871022154,1.0,0.0,0.0,1,2024-06-12,2024-06-12,2024-06-12,12.879507064819336,13.880000114440918,14.039999961853027,13.779999732971191,13.800000190734863,9242700,2024-06-12,12.879507064819336,0.0057970688529185,0.0187320503553387,-0.0042433120045971,13.800000190734863,14.039999961853027,13.779999732971191,9242700,0.00579706885291853,0.005780330507017428,-0.06670239950674306,0.02018712576291312,16.03934471691918,-0.36310828130814077,0.007841965354899338,0.03181681617118737,0.011942952513582572,0.027112249064550786,0.013855387222803073,0.013338943500461171,81.9173434530191,0.4039485587187741,0.36796717604828605,0.03598138267048806,1.0986122886681098,12.879507064819336,2024-06-18,0.010086528523728155
2024-06-13,7,0.3671330570775483,0.4587451505330503,0.8571428571428571,0.1428571428571428,0.0,1,2024-06-13,2024-06-13,2024-06-13,13.120766639709473,14.140000343322754,14.18000030517578,13.979999542236328,14.0,12529100,2024-06-13,13.120766639709473,0.0187320503553387,-0.0042433120045971,-0.0042613214366606,14.0,14.18000030517578,13.979999542236328,12529100,0.01873205035533876,0.018558766134610938,-0.06280238287789482,0.015243069893047034,16.343564576492987,0.35556709619483495,0.02020203233610096,0.043850627457357794,0.02038914640371181,0.03760755667129545,0.007801654331899602,0.013584952881959543,84.7286335921143,0.42579838160591876,0.3795334171598126,0.04626496444610617,2.0794415416798357,13.120766639709473,2024-06-20,-0.02404528932402905
2024-06-14,3,0.041301293609043,0.5713257647263895,0.6666666666666666,0.3333333333333333,0.0,1,2024-06-14,2024-06-14,2024-06-14,13.065091133117676,14.079999923706056,14.239999771118164,14.020000457763672,14.140000343322754,9498100,2024-06-14,13.065091133117676,-0.0042433120045971,-0.0042613214366606,-0.0114122768679549,14.140000343322754,14.239999771118164,14.020000457763672,9498100,-0.004243312004597155,-0.004252340402238541,-0.07601903706548889,0.016838712498287375,16.06660244185231,-0.24191681764851425,0.011203669407149341,0.03256086999224239,0.010649204940689883,0.02700442101578493,0.00918168354479986,0.013800298756533878,81.57672227422849,0.4336234345488581,0.39035142063762174,0.04327201391123636,1.3862943611198906,13.065091133117676,2024-06-21,-0.025568147602206492
2024-06-18,4,0.7089981625904329,0.4426005278278045,1.0,0.0,0.0,2,2024-06-17,2024-06-18,2024-06-18,13.009416580200195,14.020000457763672,14.279999732971191,14.020000457763672,14.079999923706056,13061300,2024-06-18,13.009416580200195,-0.0042613214366606,-0.0114122768679549,-0.0043290354667242,14.079999923706056,14.279999732971191,14.020000457763672,13061300,-0.004261321436660692,-0.004270426743152367,-0.07603574924054889,0.019985467726756318,16.38516429400271,0.37514871395331695,0.0025744039882367176,0.02082426996369957,0.004219415326547349,0.018437981394413994,0.009475336499881554,0.013038113536919207,78.4345607943936,0.4303713215557625,0.3983554008212499,0.03201592073451259,1.6094379124341003,13.009416580200195,2024-06-24,-0.021398009964107678
2024-06-20,2,-0.7605626117438078,0.1815600860139301,0.0,1.0,0.0,1,2024-06-20,2024-06-20,2024-06-20,12.80527400970459,13.800000190734863,13.859999656677246,13.65999984741211,13.84000015258789,11841700,2024-06-20,12.80527400970459,-0.0043290354667242,-0.0057970688529185,0.0,13.84000015258789,13.859999656677246,13.65999984741211,11841700,-0.015691908183361747,-0.015816329496237458,-0.07476344880601907,0.01561854975641795,16.28713784264177,-0.09337508517528881,-0.013157901506135383,-0.001158085947562837,-0.007722170301053488,0.0020091675336650905,0.01291195314253961,0.014551387856759409,68.07975916060224,0.406633975877126,0.4000111158324252,0.006622860044700807,1.0986122886681098,12.80527400970459,2024-06-25,0.014492709369856138
2024-06-21,3,0.95236210214595,0.005439583160782,1.0,0.0,0.0,1,2024-06-21,2024-06-21,2024-06-21,12.731040954589844,13.720000267028809,13.81999969482422,13.619999885559082,13.800000190734863,48082600,2024-06-21,12.731040954589844,-0.0057970688529185,0.0,0.020408085298406,13.800000190734863,13.81999969482422,13.619999885559082,48082600,-0.00579706885291853,-0.0058139370789973555,-0.07746081314279289,0.015709619502326227,17.68843094406579,3.0604474019777568,-0.016628427568740722,-0.01024380957343518,-0.009023511153768982,-0.003110870656777842,0.012664238134538527,0.013906660578858147,64.73311703571827,0.37748060975648023,0.39550501461723625,-0.018024404860756016,1.3862943611198906,12.731040954589844,2024-06-26,0.014577214485914869
2024-06-24,3,-0.8525011899570624,0.0799876834255835,0.0,1.0,0.0,1,2024-06-24,2024-06-24,2024-06-24,12.731040954589844,13.720000267028809,13.899999618530272,13.520000457763672,13.68000030517578,16221800,2024-06-24,12.731040954589844,0.0,0.020408085298406,-0.0057142538328534,13.68000030517578,13.899999618530272,13.520000457763672,16221800,0.0,0.0,-0.06936837203336174,0.029848239599732103,16.601866636245852,-0.6626263970750335,-0.01067203870839184,-0.010386598693978177,-0.006033822858467097,-0.002546698255340818,0.005832735485597175,0.009200212818929812,64.73311703571827,0.35033788006359323,0.3864715877065077,-0.03613370764291446,1.3862943611198906,12.731040954589844,2024-06-27,0.016034876007006815
2024-06-25,3,-0.1916745789349079,0.3796625205343316,0.0,0.6666666666666666,0.3333333333333333,1,2024-06-25,2024-06-25,2024-06-25,12.990857124328612,14.0,14.119999885559082,13.720000267028809,13.720000267028809,11022800,2024-06-25,12.990857124328612,0.020408085298406,-0.0057142538328534,0.0014367181721406,13.720000267028809,14.119999885559082,13.720000267028809,11022800,0.020408085298405876,0.020202630909954333,-0.05314454289424731,0.03079085657721342,16.21547650362092,-0.3204946430112564,0.010684321208881409,0.00806446331222177,0.009455830376218888,0.014524307768719602,0.013311488903703178,0.011192841268859298,70.59965513465791,0.3458058303966052,0.37833843624452723,-0.03253260584792206,1.3862943611198906,12.990857124328612,2024-06-28,-0.015714326509934096
2024-06-26,5,0.4451778343878686,0.5470164740227093,0.6,0.4,0.0,1,2024-06-26,2024-06-26,2024-06-26,12.916624069213867,13.920000076293944,14.0,13.859999656677246,14.0,6780600,2024-06-26,12.916624069213867,-0.0057142538328534,0.0014367181721406,-0.0114777718853386,14.0,14.0,13.859999656677246,6780600,-0.005714253832853289,-0.005730642644326878,-0.07738399505615234,0.010838772002077368,15.72957629905586,-0.38485684218165983,0.0063620454996606846,0.0008627968298540178,0.0024553442892820687,0.007129008603870224,0.013414076854822559,0.011357635542069205,67.1620604276642,0.33239254685466335,0.3691492583665545,-0.03675671151189114,1.791759469228055,12.916624069213867,2024-07-01,0.005747094187843915
2024-06-27,7,-0.0563283277941601,0.5901704993671495,0.5714285714285714,0.4285714285714285,0.0,1,2024-06-27,2024-06-27,2024-06-27,12.935181617736816,13.9399995803833,13.979999542236328,13.880000114440918,13.9399995803833,8431400,2024-06-27,12.935181617736816,0.0014367181721406,-0.0114777718853386,0.0159652090172304,13.9399995803833,13.979999542236328,13.880000114440918,8431400,0.0014367181721406386,0.0014356870800620314,-0.07208163507124406,0.007730809721163111,15.947473508340467,0.24345928088959679,0.005771943731968543,0.0012928458237080331,0.002593692079060128,0.007005778154119957,0.010764021597189678,0.011256270282644299,67.58695373945302,0.3195759890119003,0.35923460449562367,-0.03965861548372335,2.0794415416798357,12.935181617736816,2024-07-02,0.004304192104690019
2024-06-28,6,0.4234185632085427,0.4861870350388968,0.8333333333333334,0.1666666666666666,0.0,1,2024-06-28,2024-06-28,2024-06-28,12.786714553833008,13.779999732971191,13.84000015258789,13.619999885559082,13.699999809265137,11369400,2024-06-28,12.786714553833008,-0.0114777718853386,0.0159652090172304,0.0,13.699999809265137,13.84000015258789,13.619999885559082,11369400,-0.011477771885338606,-0.011544149912440016,-0.06666315825891367,0.017205378762667402,16.246436181841148,0.3484593305975283,-0.006632112743842122,-0.009488287626123748,-0.005960276076399484,-0.0037277800743628076,0.012027223087736783,0.011763761236764854,60.80805275501404,0.2940491082366474,0.3461975052438285,-0.05214839700718105,1.9459101490553132,12.786714553833008,2024-07-03,0.029027713781233366
2024-07-01,7,0.5331838820794863,0.4769650885008728,0.7142857142857143,0.1428571428571428,0.1428571428571428,1,2024-07-01,2024-07-01,2024-07-01,12.990857124328612,14.0,14.0,13.619999885559082,13.699999809265137,8812200,2024-07-01,12.990857124328612,0.0159652090172304,0.0,0.0128572362991039,13.699999809265137,14.0,13.619999885559082,8812200,0.015965209017230197,0.015839105476704862,-0.0517622404970357,0.029251350453949127,15.991647796449042,-0.22491952081904054,0.005169450944296994,0.007339157282865383,0.0065847660729623225,0.009941735290495801,0.013718725088806626,0.011279530441464344,65.87612607356735,0.28698330575156206,0.33435466534537517,-0.04737135959381311,2.0794415416798357,12.990857124328612,2024-07-04,0.017142834909753102
2024-07-02,7,0.2588706174200134,0.6213015400491463,0.5714285714285714,0.2857142857142857,0.1428571428571428,1,2024-07-02,2024-07-02,2024-07-02,12.990857124328612,14.0,14.199999809265137,13.899999618530272,14.0,7978600,2024-07-02,12.990857124328612,0.0,0.0128572362991039,0.0042311971095831,14.0,14.199999809265137,13.899999618530272,7978600,0.0,0.0,-0.07208163397652775,0.02309317913850658,15.892273640773613,-0.09459612809514084,0.005169450944296994,0.007919342425741327,0.0043802297858128725,0.008119470396699802,0.010263225500088092,0.011221015678430273,65.87612607356735,0.2781769555908653,0.3231191233944732,-0.04494216780360788,2.0794415416798357,12.990857124328612,2024-07-05,0.01571432650993443
2024-07-03,2,0.6645064987242222,0.265436431770873,1.0,0.0,0.0,1,2024-07-03,2024-07-03,2024-07-03,13.157883644104004,14.18000030517578,14.199999809265137,13.979999542236328,14.0,10099500,2024-07-03,13.157883644104004,0.0128572362991039,0.0042311971095831,-0.0014044324462507,14.0,14.199999809265137,13.979999542236328,10099500,0.012857236299103958,0.012775283744533183,-0.060151168278285434,0.016720034389982607,16.12799657465038,0.26582357807134094,0.014306240853296348,0.019703793816017834,0.011463108980335424,0.017182314690657785,0.010993767514628473,0.011872552161799044,69.60570147503745,0.28143133860270453,0.3147815664361195,-0.03335022783341496,1.0986122886681098,13.157883644104004,2024-07-09,0.016925223314187665
2024-07-04,3,0.5073706832093497,0.4836596400486675,1.0,0.0,0.0,1,2024-07-04,2024-07-04,2024-07-04,13.213557243347168,14.239999771118164,14.260000228881836,14.140000343322754,14.15999984741211,6791900,2024-07-04,13.213557243347168,0.0042311971095831,-0.0014044324462507,0.0140647269867792,14.15999984741211,14.260000228881836,14.140000343322754,6791900,0.004231197109583196,0.004222270765648961,-0.0668391676739964,0.009081573065383299,15.73124143089536,-0.32750136145353725,0.014244985923539843,0.02078848962027635,0.010440418670820018,0.017511220219072587,0.01091713175163348,0.010289319377400267,70.75313855680628,0.28521507294074766,0.3088682677370451,-0.02365319479629746,1.3862943611198906,13.213557243347168,2024-07-10,0.011235964787495778
2024-07-05,5,0.4426010634750129,0.8189913069947532,0.8,0.2,0.0,1,2024-07-05,2024-07-05,2024-07-05,13.19499969482422,14.220000267028809,14.279999732971191,14.199999809265137,14.220000267028809,5009400,2024-07-05,13.19499969482422,-0.0014044324462507,0.0140647269867792,-0.0013870438091596,14.220000267028809,14.279999732971191,14.199999809265137,5009400,-0.0014044324462506586,-0.001405419585854606,-0.07208161413197753,0.006062896972815764,15.426826905034833,-0.26244497121571286,0.006511909363267954,0.015714311596974673,0.005996184401748428,0.013119796344628787,0.007741727604735,0.009951183633299361,69.80713545051405,0.2834488487030207,0.3037843839302402,-0.020335535227219537,1.791759469228055,13.19499969482422,2024-07-11,0.026722901771904395
2024-07-09,6,0.8191777840256691,0.0824575078939098,1.0,0.0,0.0,1,2024-07-09,2024-07-09,2024-07-09,13.38058376312256,14.420000076293944,14.4399995803833,14.18000030517578,14.220000267028809,10672000,2024-07-09,13.38058376312256,0.0140647269867792,-0.0013870438091596,0.0138889186272197,14.220000267028809,14.4399995803833,14.18000030517578,10672000,0.014064726986779297,0.013966736452027284,-0.0590306953687308,0.01943108610284179,16.183134140840686,1.1303948576675849,0.014635552801757878,0.02487567814684044,0.013340580961272774,0.02228197945097321,0.007176405211186331,0.010366365926605147,73.60755273645916,0.29363929557528934,0.30175536625925004,-0.008116070683960697,1.9459101490553132,13.38058376312256,2024-07-12,0.002773873799325921
2024-07-10,3,0.1269068717956543,0.3404142086175849,0.6666666666666666,0.3333333333333333,0.0,1,2024-07-10,2024-07-10,2024-07-10,13.362024307250977,14.399999618530272,14.460000038146973,14.300000190734863,14.300000190734863,9968900,2024-07-10,13.362024307250977,-0.0013870438091596,0.0138889186272197,-0.0095890402280155,14.300000190734863,14.460000038146973,14.300000190734863,9968900,-0.0013870438091598825,-0.001388006644857498,-0.06559271824986493,0.01197422214875665,16.114980905170096,-0.06588268365817096,0.007556629054214836,0.020552773725184048,0.007925159772965928,0.01700605784131226,0.007484106409858309,0.008973014310961832,72.62306396818056,0.29679642076949975,0.3007635771613,-0.003967156391800231,1.3862943611198906,13.362024307250977,2024-07-15,0.00555552462769171
2024-07-11,10,0.7312573938397692,0.2531333895633297,1.0,0.0,0.0,1,2024-07-11,2024-07-11,2024-07-11,13.547608375549316,14.600000381469728,14.619999885559082,14.380000114440918,14.399999618530272,11916200,2024-07-11,13.547608375549316,0.0138889186272197,-0.0095890402280155,0.0013830648159085,14.399999618530272,14.619999885559082,14.380000114440918,11916200,0.013888918627219748,0.01379335146329197,-0.059193837886223094,0.017715287042937775,16.293409460749583,0.19533749962383018,0.015581523331284819,0.029764429512147084,0.014510059954488064,0.025327599479617824,0.00774151079222389,0.009033499722335338,76.06970860988275,0.3106920836119027,0.3027492784514205,0.00794280516048218,2.3978952727983707,13.547608375549316,2024-07-16,-0.009589040228015655
2024-07-12,7,0.091598955648286,0.5491791681547497,0.5714285714285714,0.4285714285714285,0.0,1,2024-07-12,2024-07-12,2024-07-12,13.417699813842772,14.460000038146973,14.600000381469728,14.420000076293944,14.520000457763672,8360300,2024-07-12,13.417699813842772,-0.0095890402280155,0.0013830648159085,-0.0013811545895904,14.520000457763672,14.600000381469728,14.420000076293944,8360300,-0.009589040228015655,-0.009635311107394795,-0.07591601991524133,0.013415138784822277,15.939004989197416,-0.29840888873969895,0.002773916681747979,0.016163037484243414,0.003182848117009973,0.012642673906635649,0.010464943253331358,0.010101696790118532,69.47602093602633,0.30767527227124525,0.3037344772153855,0.003940795055859758,2.0794415416798357,13.417699813842772,2024-07-17,0.0027662717835019723
2024-07-15,6,0.5766913898599645,0.3845829375555526,0.8333333333333334,0.0,0.1666666666666666,1,2024-07-15,2024-07-15,2024-07-15,13.436257362365724,14.479999542236328,14.539999961853027,14.4399995803833,14.460000038146973,4244400,2024-07-15,13.436257362365724,0.0013830648159085,-0.0013811545895904,0.0027662717835017,14.460000038146973,14.539999961853027,14.4399995803833,4244400,0.0013830648159087744,0.0013821092627259723,-0.07079824848412927,0.007442577108549778,15.261111260586105,-0.4923148690836453,0.0005527387961632435,0.012587352939428476,0.0030422420106590575,0.011460648211975455,0.010235752742806768,0.008669733863952386,69.8776936712597,0.3032857769746009,0.30364473716722856,-0.00035896019262765533,1.9459101490553132,13.436257362365724,2024-07-18,-0.002762380156856481
2024-07-16,4,0.0581031192559749,0.604753286554462,0.5,0.5,0.0,1,2024-07-16,2024-07-16,2024-07-16,13.417699813842772,14.460000038146973,14.579999923706056,14.420000076293944,14.479999542236328,9043400,2024-07-16,13.417699813842772,-0.0013811545895904,0.0027662717835017,-0.0041379609506337,14.479999542236328,14.579999923706056,14.420000076293944,9043400,-0.0013811545895906496,-0.0013821092627259723,-0.07336324323042707,0.011924536219467683,16.017545878430717,1.1306662896993687,-0.0013811971173753879,0.007946466213469616,0.0011039806864625579,0.008218868943374646,0.008498484460081866,0.0079365986597325,68.90125931987156,0.29491009129619883,0.3018978079930226,-0.006987716696823798,1.6094379124341003,13.417699813842772,2024-07-19,-0.0013831358917507641
2024-07-17,6,0.6310888718192776,0.2114896686254175,0.8333333333333334,0.0,0.1666666666666666,1,2024-07-17,2024-07-17,2024-07-17,13.454816818237305,14.5,14.600000381469728,14.460000038146973,14.479999542236328,6572900,2024-07-17,13.454816818237305,0.0027662717835017,-0.0041379609506337,0.0,14.479999542236328,14.600000381469728,14.460000038146973,6572900,0.0027662717835019723,0.0027624526951814943,-0.07079991411661962,0.010405221060534433,15.698465845516585,-0.27318265254218543,2.83519085986228e-08,0.007224245605288893,0.0025788746631620896,0.00898845450704755,0.008460688113334242,0.007857920346734864,69.80992814966497,0.2879480462714188,0.29910785564870185,-0.011159809377283059,1.9459101490553132,13.454816818237305,2024-07-22,-0.00413796095063379
2024-07-18,9,-0.0233608830927146,0.6463895920222232,0.4444444444444444,0.4444444444444444,0.1111111111111111,1,2024-07-18,2024-07-18,2024-07-18,13.399141311645508,14.4399995803833,14.5,14.420000076293944,14.5,5584900,2024-07-18,13.399141311645508,-0.0041379609506337,0.0,0.0,14.5,14.5,14.420000076293944,5584900,-0.00413796095063379,-0.004146546002305573,-0.07592128885203395,0.005970526158756655,15.535577264276405,-0.1503141687839462,-0.001935305344680116,0.0012480879927334598,-0.0010470529198323142,0.003934710841729139,0.0049123819495740205,0.007446698236480228,66.66343730007176,0.2747706424210765,0.2942404130031768,-0.01946977058210031,2.302585092994046,13.399141311645508,2024-07-23,0.0
2024-07-19,7,0.6329568595891553,0.5493528107640384,0.8571428571428571,0.1428571428571428,0.0,1,2024-07-19,2024-07-19,2024-07-19,13.399141311645508,14.4399995803833,14.5,14.359999656677246,14.420000076293944,4904900,2024-07-19,13.399141311645508,0.0,0.0,0.0,14.420000076293944,14.5,14.359999656677246,4904900,0.0,0.0,-0.07079464349842117,0.010448456364966935,15.405745467291673,-0.12175688015900021,-0.0016592898738438944,-0.0001384930950684149,-0.0006982789915739307,0.0032170074170581042,0.0026561333656831415,0.00741609765906055,66.66343730007176,0.2613151762429329,0.28765536565112804,-0.026340189408195158,2.0794415416798357,13.399141311645508,2024-07-24,-0.0027701032126791203
2024-07-22,3,0.0027758753858506,0.8028544499971038,0.3333333333333333,0.6666666666666666,0.0,2,2024-07-21,2024-07-22,2024-07-22,13.399141311645508,14.4399995803833,14.460000038146973,14.31999969482422,14.4399995803833,4886900,2024-07-22,13.399141311645508,0.0,0.0,-0.0027701032126791,14.4399995803833,14.460000038146973,14.31999969482422,4886900,0.0,0.0,-0.07208159965266177,0.010448456364966802,15.40206891822021,-0.003669799588166933,-0.0011068148884803009,-0.001659296967672308,-0.0004656277070647086,0.0026305583365604512,0.0025083330450585313,0.007369813337621313,66.66343730007176,0.24779519361056224,0.2796833312430149,-0.031888137632452684,1.3862943611198906,13.399141311645508,2024-07-25,-0.030470921816612706
2024-07-23,2,0.9098036298528316,0.0071581588479066,1.0,0.0,0.0,1,2024-07-23,2024-07-23,2024-07-23,13.399141311645508,14.4399995803833,14.479999542236328,14.420000076293944,14.420000076293944,7213000,2024-07-23,13.399141311645508,0.0,-0.0027701032126791,-0.0277777658824455,14.420000076293944,14.479999542236328,14.420000076293944,7213000,0.0,0.0,-0.07079464349842117,0.0044778590319245045,15.79139565012437,0.47598682191164143,-0.0008303409247847338,-0.001797316689690187,-0.00031046665866940604,0.002151246097484849,0.0024697507047738093,0.005917328397525186,66.66343730007176,0.23437873777482565,0.2706224125493771,-0.036243674774551426,1.0986122886681098,13.399141311645508,2024-07-26,-0.02908579903598696
2024-07-24,3,-0.5777440716822942,0.0894302132844693,0.0,1.0,0.0,1,2024-07-24,2024-07-24,2024-07-24,13.362024307250977,14.399999618530272,14.4399995803833,14.359999656677246,14.420000076293944,3161100,2024-07-24,13.362024307250977,-0.0027701032126791,-0.0277777658824455,0.0014286552222042,14.420000076293944,14.4399995803833,14.359999656677246,3161100,-0.0027701032126791203,-0.0027739470487730955,-0.07336863824170486,0.005987111074378325,14.966430942601255,-0.5617496187439346,-0.0022173110062116974,-0.004562441149633112,-0.002055249755409716,-0.0005112714092446735,0.0019526854931718187,0.005973256154185052,64.07380976620229,0.21823538612532545,0.2601450072645668,-0.04190962113924135,1.3862943611198906,13.362024307250977,2024-07-29,-0.020833270882838817
2024-07-25,4,-0.6563808061182499,0.2772582291390594,0.0,1.0,0.0,1,2024-07-25,2024-07-25,2024-07-25,12.990857124328612,14.0,14.380000114440918,13.84000015258789,14.380000114440918,15572000,2024-07-25,12.990857124328612,-0.0277777658824455,0.0014286552222042,0.005706101780746,14.380000114440918,14.380000114440918,13.84000015258789,15572000,-0.027777765882445626,-0.028170864731497325,-0.09660243247962694,0.041567693084834496,16.56098505193031,3.926133308025687,-0.02398215509430357,-0.028182706574636507,-0.020049615546424926,-0.02325349959734746,0.012172133009237526,0.008990997728306863,45.175164310115285,0.17349166997165177,0.24281433980598383,-0.06932266983433205,1.6094379124341003,12.990857124328612,2024-07-30,0.007142909055057656
2024-07-26,6,-0.2935139646676057,0.8649879182358142,0.3333333333333333,0.6666666666666666,0.0,1,2024-07-26,2024-07-26,2024-07-26,13.009416580200195,14.020000457763672,14.100000381469728,13.880000114440918,14.0,8425400,2024-07-26,13.009416580200195,0.0014286552222042,0.005706101780746,0.0,14.0,14.100000381469728,13.880000114440918,8425400,0.001428655222204478,0.00142763566528048,-0.0707559585571289,0.016910848051682952,15.946761629509194,-0.4589391215001284,-0.016830229169415345,-0.02381276892292772,-0.012510843635923252,-0.017955229422223495,0.012366619199051658,0.008925347010917942,46.03232877865499,0.13793946524873668,0.22183936489453443,-0.08389989964579775,1.9459101490553132,13.009416580200195,2024-07-31,0.00427955800894364
2024-07-29,5,0.734426838019863,0.2682401400122668,1.0,0.0,0.0,2,2024-07-28,2024-07-29,2024-07-29,13.08364963531494,14.100000381469728,14.260000228881836,14.020000457763672,14.020000457763672,6346500,2024-07-29,13.08364963531494,0.005706101780746,0.0,-0.0014184499520052,14.020000457763672,14.260000228881836,14.020000457763672,6346500,0.00570610178074582,0.005689883647610916,-0.06678678972012597,0.018343488079225607,15.66341419537752,-0.2467419944453676,-0.006482499893545657,-0.015638059744061183,-0.004594617731161654,-0.010128586017651098,0.013268794584822618,0.009262200640631867,49.43744993546695,0.1144349392755668,0.20035847977074092,-0.08592354049517412,1.791759469228055,13.08364963531494,2024-08-01,0.0
2024-07-30,3,0.330104605605205,0.8929079643968352,0.6666666666666666,0.3333333333333333,0.0,1,2024-07-30,2024-07-30,2024-07-30,13.08364963531494,14.100000381469728,14.4399995803833,14.039999961853027,14.079999923706056,8943800,2024-07-30,13.08364963531494,0.0,-0.0014184499520052,0.0014204648102471,14.079999923706056,14.4399995803833,14.039999961853027,8943800,0.0,0.0,-0.07076351518394491,0.030572480132042678,16.00647122457672,0.4092491924682895,-0.00169921852800492,-0.013157867762545461,-0.0030677769081669526,-0.008302314142248246,0.013268794584822618,0.009292916929742519,49.43744993546695,0.09471561050142441,0.17922990591687765,-0.08451429541545324,1.3862943611198906,13.08364963531494,2024-08-02,-0.009929076773494194
2024-07-31,4,0.5573607867117971,0.3976749803844194,1.0,0.0,0.0,1,2024-07-31,2024-07-31,2024-07-31,13.065091133117676,14.079999923706056,14.140000343322754,14.039999961853027,14.100000381469728,15275500,2024-07-31,13.065091133117676,-0.0014184499520052,0.0014204648102471,-0.0099290767734943,14.100000381469728,14.140000343322754,14.039999961853027,15275500,-0.0014184499520051297,-0.0014194569044585492,-0.07339781704631257,0.007654013313098401,16.54176086117474,0.7079429325342697,0.0014224707603234243,-0.011652377054157004,-0.0029923874172657072,-0.007957764797738909,0.013331122775367304,0.009123168293146296,48.5492788530197,0.07670616344610082,0.15872515742272228,-0.08201899397662146,1.6094379124341003,13.065091133117676,2024-08-05,-0.06534094330688445
2024-08-01,5,0.1808349855244159,0.8848960150411482,0.6,0.4,0.0,1,2024-08-01,2024-08-01,2024-08-01,13.08364963531494,14.100000381469728,14.100000381469728,14.039999961853027,14.0600004196167,10527100,2024-08-01,13.08364963531494,0.0014204648102471,-0.0099290767734943,-0.0573066356121211,14.0600004196167,14.100000381469728,14.039999961853027,10527100,0.0014204648102469353,0.0014194569044585492,-0.06944173223064361,0.004585908465077658,16.1694635375638,-0.310850708651108,0.0014204501906940337,-0.007880641726578097,-0.001051334487105815,-0.005364335566072853,0.002666630425270541,0.009208089291962838,49.52582877147317,0.06320250380942127,0.1396206267000621,-0.07641812289064082,1.791759469228055,13.08364963531494,2024-08-06,-0.032624203115035555
2024-08-02,6,0.2987190601803983,0.7327444657170684,0.5,0.3333333333333333,0.1666666666666666,1,2024-08-02,2024-08-02,2024-08-02,12.953741073608398,13.960000038146973,14.0600004196167,13.899999618530272,14.0600004196167,7907100,2024-08-02,12.953741073608398,-0.0099290767734943,-0.0573066356121211,0.0364741166583506,14.0600004196167,14.0600004196167,13.899999618530272,7907100,-0.009929076773494194,-0.009978698796763386,-0.0786813167135353,0.01235170598032169,15.883271774463326,-0.24888145833135433,-0.0076769944082381025,-0.014402691938799617,-0.007340155420829886,-0.012503860578784387,0.005736126366247651,0.00945949240086323,43.32660670449794,0.04153938089458187,0.12000437753896605,-0.07846499664438418,1.9459101490553132,12.953741073608398,2024-08-07,-0.0014327487145311402
2024-08-05,4,-0.7934270859695971,0.1581716847026196,0.0,1.0,0.0,1,2024-08-05,2024-08-05,2024-08-05,12.211405754089355,13.15999984741211,13.800000190734863,13.119999885559082,13.800000190734863,25606800,2024-08-05,12.211405754089355,-0.0573066356121211,0.0364741166583506,0.0219941449512242,13.800000190734863,13.800000190734863,13.119999885559082,25606800,-0.057306635612121126,-0.05901421954839492,-0.11511553729630156,0.05568566951827497,17.058368538229843,2.2384565770004174,-0.05187323311748271,-0.062410970103000896,-0.04375415460015675,-0.05725062001079606,0.024912811737424347,0.01937598962170169,24.474342719484525,-0.035124166888016006,0.08897866865356964,-0.12410283554158565,1.6094379124341003,12.211405754089355,2024-08-08,0.06382978224912672
2024-08-06,3,0.2624421194195747,0.6071106419064057,0.6666666666666666,0.3333333333333333,0.0,1,2024-08-06,2024-08-06,2024-08-06,12.656805992126465,13.640000343322754,13.800000190734863,12.9399995803833,13.100000381469728,14606600,2024-08-06,12.656805992126465,0.0364741166583506,0.0219941449512242,0.0043041921046902,13.100000381469728,13.800000190734863,12.9399995803833,14606600,0.03647411665835065,0.035824680713444135,-0.03383163178912367,0.06794768055120312,16.4969841077893,-0.4295812049924239,-0.01073403443214438,-0.022642659176189017,-0.005934847154070111,-0.01878555210696542,0.03364445568833461,0.024123382602185967,41.04871578088717,-0.05925742132568956,0.0593314506577178,-0.11858887198340737,1.3862943611198906,12.656805992126465,2024-08-09,0.021994144951224204
2024-08-07,8,0.6791705151554197,0.2658079317176711,1.0,0.0,0.0,1,2024-08-07,2024-08-07,2024-08-07,12.935181617736816,13.9399995803833,14.239999771118164,13.520000457763672,13.640000343322754,15180700,2024-08-07,12.935181617736816,0.0219941449512242,0.0043041921046902,-0.0042857454330346,13.640000343322754,14.239999771118164,13.520000457763672,15180700,0.021994144951224204,0.021755762754557928,-0.0516729257951207,0.055662095410181474,16.535535508048667,0.03930415017868638,0.013081355875184553,0.0021566635132048706,0.01056309160126001,0.0022860005025333585,0.03601375684588335,0.02564823935390513,48.635703563370576,-0.05528334089254905,0.03640849234766443,-0.09169183324021349,2.1972245773362196,12.935181617736816,2024-08-12,0.0
2024-08-08,8,0.4343386282562279,0.6633222578718816,0.75,0.25,0.0,1,2024-08-08,2024-08-08,2024-08-08,12.990857124328612,14.0,14.039999961853027,13.800000190734863,13.9399995803833,7758500,2024-08-08,12.990857124328612,0.0043041921046902,-0.0042857454330346,0.0,13.9399995803833,14.039999961853027,13.800000190734863,7758500,0.004304192104690019,0.004294955564264846,-0.06808769617112077,0.018474513946328052,15.864299703396561,-0.4889234356781966,0.018922855923739546,0.006470138311960971,0.009892657281691308,0.005393553879683877,0.03609460687892792,0.02415961351124114,50.02111985344477,-0.04709838457558568,0.01970711696301441,-0.0668055015386001,2.1972245773362196,12.990857124328612,2024-08-13,-0.007142835643864864
2024-08-09,10,0.6840184329077601,0.4161614399569955,0.9,0.1,0.0,1,2024-08-09,2024-08-09,2024-08-09,12.935181617736816,13.9399995803833,14.119999885559082,13.880000114440918,14.100000381469728,5489300,2024-08-09,12.935181617736816,-0.0042857454330346,0.0,-0.0028693876759582,14.100000381469728,14.119999885559082,13.880000114440918,5489300,-0.004285745433034505,-0.004294955564264846,-0.08261125760419985,0.018554031803393822,15.518311482975156,-0.2924792163433654,0.01485147366591133,0.0027333729398910656,0.0037028081820640324,0.0008873011391747898,0.035828652125822556,0.024196645660333575,48.6091619043583,-0.04459028673827348,0.006847636222756836,-0.051437922961030315,2.3978952727983707,12.935181617736816,2024-08-14,-0.007173579780648365
2024-08-12,6,0.487549865579543,0.7432811694938006,0.8333333333333334,0.1666666666666666,0.0,1,2024-08-12,2024-08-12,2024-08-12,12.935181617736816,13.9399995803833,14.199999809265137,13.920000076293944,13.960000038146973,6942900,2024-08-12,12.935181617736816,0.0,-0.0028693876759582,-0.0043165780405219,13.960000038146973,14.199999809265137,13.920000076293944,6942900,0.0,0.0,-0.07341106143336293,0.021646370437292933,15.753230256667885,0.26480607727761285,0.0034552216411534165,0.003888770495469318,0.002465495702156373,0.0007258565587155985,0.017079653630991284,0.024106276432460796,48.609161904358295,-0.04211710140432956,-0.0029453113026604435,-0.039171790101669116,1.9459101490553132,12.935181617736816,2024-08-15,-0.007173579780648365
2024-08-13,4,0.5996415150584653,0.6113998892969481,0.75,0.25,0.0,1,2024-08-13,2024-08-13,2024-08-13,12.898065567016602,13.899999618530272,14.0,13.84000015258789,13.960000038146973,5855300,2024-08-13,12.898065567016602,-0.0028693876759582,-0.0043165780405219,0.0,13.960000038146973,14.0,13.84000015258789,5855300,-0.002869387675958235,-0.0028735122606868835,-0.0760698043143652,0.012404949143789961,15.582857962744647,-0.15664923879070702,-0.003155443072965447,0.002452058774697008,-0.00027401516153469085,-0.0017561873754528001,0.010672125255666812,0.024111784618467875,47.57097077117914,-0.042660278178443534,-0.01088830467781706,-0.03177197350062647,1.6094379124341003,12.898065567016602,2024-08-16,-0.002877644754351927
2024-08-14,2,0.6698337234556675,0.0882786025231521,1.0,0.0,0.0,1,2024-08-14,2024-08-14,2024-08-14,12.842390060424805,13.84000015258789,14.020000457763672,13.81999969482422,13.899999618530272,4950600,2024-08-14,12.842390060424805,-0.0043165780405219,0.0,0.0014451714816523,13.899999618530272,14.020000457763672,13.81999969482422,4950600,-0.00431657804052199,-0.00432592136065324,-0.07608702065686059,0.0155734845304049,15.415019541316187,-0.15450958960258232,-0.006032748828321166,-0.00014449626597690113,-0.003064294698131298,-0.004967902250403222,0.003656680508129011,0.02413262245456077,45.98440932834955,-0.047041037964019594,-0.01811885133505757,-0.028922186628962024,1.0986122886681098,12.842390060424805,2024-08-19,0.0043352916653238704
2024-08-15,2,0.8153262510895729,0.029056922447229,1.0,0.0,0.0,1,2024-08-15,2024-08-15,2024-08-15,12.842390060424805,13.84000015258789,14.0,13.81999969482422,13.859999656677246,5416500,2024-08-15,12.842390060424805,0.0,0.0014451714816523,0.0028859494917683,13.859999656677246,14.0,13.81999969482422,5416500,0.0,0.0,-0.0734206076089038,0.014016106373413282,15.504960592988807,0.09410980487213672,-0.0037431591885948023,0.0017371141469475493,-0.00204495191052001,-0.004068322027813043,0.0021745007583380822,0.02411801594424873,45.98440932834955,-0.049937176964526486,-0.024482516460951356,-0.02545466050357513,1.0986122886681098,12.842390060424805,2024-08-20,0.011560703514318815
2024-08-16,5,0.5864600757136941,0.731455835279512,0.8,0.2,0.0,1,2024-08-16,2024-08-16,2024-08-16,12.860949516296388,13.859999656677246,14.0,13.84000015258789,13.899999618530272,7625800,2024-08-16,12.860949516296388,0.0014451714816523,0.0028859494917683,0.007194222794874,13.899999618530272,14.0,13.84000015258789,7625800,0.001445171481652574,0.0014441282263479849,-0.07475180796758525,0.012440749200466894,15.8470479241208,0.4078833194867535,-0.0011530043514488275,0.003911423451745,-0.00040190457078215225,-0.002152053213362426,0.0023644982838284816,0.023948840150574566,46.67201661667801,-0.05015662070491622,-0.029617337309744335,-0.020539283395171887,1.791759469228055,12.860949516296388,2024-08-21,0.002885949491768347
2024-08-19,5,0.8641659774817526,0.1280121695056042,1.0,0.0,0.0,1,2024-08-19,2024-08-19,2024-08-19,12.898065567016602,13.899999618530272,13.979999542236328,13.859999656677246,13.859999656677246,6828500,2024-08-19,12.898065567016602,0.0028859494917683,0.007194222794874,-0.0071428356438649,13.859999656677246,13.979999542236328,13.859999656677246,6828500,0.002885949491768347,0.002881793134305255,-0.06940361569180989,0.009303711857842472,15.736615734545651,-0.10455296493482646,0.0023074723379823414,0.0014409474767602681,0.0016538878919585276,0.0005953003337129115,0.0029855246186340813,0.013244664814162355,48.09503798922805,-0.046796139581331886,-0.033053097764061845,-0.01374304181727004,1.791759469228055,12.898065567016602,2024-08-22,-0.002877644754351927
2024-08-20,6,0.3453568569384515,0.462717312516089,0.8333333333333334,0.1666666666666666,0.0,1,2024-08-20,2024-08-20,2024-08-20,12.990857124328612,14.0,14.300000190734863,13.9399995803833,14.0,14907300,2024-08-20,12.990857124328612,0.007194222794874,-0.0071428356438649,-0.0028776447543521,14.0,14.300000190734863,13.9399995803833,14907300,0.007194222794874028,0.00716846782495173,-0.07208163397652775,0.027711844330684833,16.51736165090489,1.1831002416343268,0.008064500612228409,0.0060362168580221365,0.005889279725833418,0.006367726819387354,0.004195642144506504,0.0077476431073533044,51.574123770123336,-0.036227819148148654,-0.03368804204087921,-0.0025397771072694433,1.9459101490553132,12.990857124328612,2024-08-23,-0.01999992512058324
2024-08-21,8,-0.009715432068333,0.779779879427172,0.5,0.5,0.0,1,2024-08-21,2024-08-21,2024-08-21,12.898065567016602,13.899999618530272,13.979999542236328,13.779999732971191,13.9399995803833,4161500,2024-08-21,12.898065567016602,-0.0071428356438649,-0.0028776447543521,-0.0101010086029754,13.9399995803833,13.979999542236328,13.779999732971191,4161500,-0.007142835643864864,-0.00716846782495173,-0.07474419259186589,0.015506186429737452,15.241386384466228,-0.7208414669323083,0.0,-0.000862548793602147,-0.0008641212416347077,-0.000671494009180762,0.005228596662724855,0.004424407736397012,48.10193379388311,-0.03493711888894069,-0.03393785741049151,-0.0009992614784491774,2.1972245773362196,12.898065567016602,2024-08-26,0.0014388593468406263
2024-08-22,9,0.2544088355886439,0.6373437136511332,0.6666666666666666,0.2222222222222222,0.1111111111111111,1,2024-08-22,2024-08-22,2024-08-22,12.860949516296388,13.859999656677246,13.899999618530272,13.800000190734863,13.899999618530272,3760500,2024-08-22,12.860949516296388,-0.0028776447543521,-0.0101010086029754,0.0145772144859148,13.899999618530272,13.899999618530272,13.800000190734863,3760500,-0.002877644754351927,-0.002881793134305255,-0.07475180796758525,0.0077754311739344694,15.140062751170644,-0.09635948576234532,-0.003164520704750484,-0.0027341448509384803,-0.002495963943506596,-0.0029041328271111055,0.005500501893411585,0.004173661423951219,46.74625614867,-0.03648856724600158,-0.034447999377593526,-0.002040567868408054,2.302585092994046,12.860949516296388,2024-08-27,0.004328961314009616
2024-08-23,8,-0.2459863679250702,0.7648629824156151,0.25,0.75,0.0,1,2024-08-23,2024-08-23,2024-08-23,12.731040954589844,13.720000267028809,13.859999656677246,13.619999885559082,13.800000190734863,2585400,2024-08-23,12.731040954589844,-0.0101010086029754,0.0145772144859148,0.0,13.800000190734863,13.859999656677246,13.619999885559082,2585400,-0.01010100860297558,-0.010152369950697349,-0.07746081314279289,0.018851543402791302,14.765391179619254,-0.3124850418827284,-0.011242395741360434,-0.011242381094455967,-0.008416443701124265,-0.010641675407464524,0.007093152560460035,0.005005154131055713,42.25719741956383,-0.04765134148244243,-0.03708866779856331,-0.010562673683879122,2.1972245773362196,12.731040954589844,2024-08-28,0.020408085298405876
2024-08-26,5,0.555123168276623,0.4918077045936407,0.8,0.0,0.2,2,2024-08-24,2024-08-26,2024-08-26,12.916624069213867,13.920000076293944,14.0,13.760000228881836,13.760000228881836,5585600,2024-08-26,12.916624069213867,0.0145772144859148,0.0,0.0057470941878441,13.760000228881836,14.0,13.760000228881836,5585600,0.014577214485914869,0.014471988265627456,-0.061291871049373024,0.018580688718052237,15.535702594364688,1.1604393904231451,0.0028818355887902936,0.0033155560468400846,0.004017302718114291,0.003090940706952372,0.010308235458730107,0.007170321688909881,49.68993349845495,-0.04104971851839423,-0.0378808779425295,-0.00316884057586473,1.791759469228055,12.916624069213867,2024-08-29,0.0014367181721406386
2024-08-27,4,0.6961601113434881,0.2803415765957159,0.75,0.0,0.25,1,2024-08-27,2024-08-27,2024-08-27,12.916624069213867,13.920000076293944,14.0,13.84000015258789,13.84000015258789,4614600,2024-08-27,12.916624069213867,0.0,0.0057470941878441,-0.0042857454330346,13.84000015258789,14.0,13.84000015258789,4614600,0.0,0.0,-0.06671792436370493,0.012387125812034824,15.344735964976683,-0.1738398739616156,0.0040392230011463415,0.003170943360704781,0.002674620225708413,0.0025275310423089614,0.009587474919825282,0.007105212147245157,49.68993349845495,-0.035409703734387676,-0.03738664310090114,0.0019769393665134624,1.6094379124341003,12.916624069213867,2024-08-30,0.05172414302297201
2024-08-28,6,0.5649222374583284,0.5429491665615471,0.8333333333333334,0.1666666666666666,0.0,1,2024-08-28,2024-08-28,2024-08-28,12.990857124328612,14.0,14.100000381469728,13.9399995803833,13.9399995803833,9089800,2024-08-28,12.990857124328612,0.0057470941878441,-0.0042857454330346,0.0502152796460446,13.9399995803833,14.100000381469728,13.9399995803833,9089800,0.005747094187843915,0.005730642644326878,-0.06808769617112077,0.01231641604207826,16.022663573724806,0.9697915312269751,0.008354897667593342,0.007774226037899901,0.005608949409637409,0.006771826846266649,0.009287676747933068,0.007112388830377952,52.52488184193613,-0.024665634151046945,-0.034842441310930304,0.01017680715988336,1.9459101490553132,12.990857124328612,2024-09-02,0.040000070474745186
2024-08-29,6,0.3064854446177681,0.8227248591575494,0.6666666666666666,0.3333333333333333,0.0,1,2024-08-29,2024-08-29,2024-08-29,12.935181617736816,13.9399995803833,14.18000030517578,13.859999656677246,13.979999542236328,7144900,2024-08-29,12.935181617736816,-0.0042857454330346,0.0502152796460446,-0.0054644501849365,13.979999542236328,14.18000030517578,13.859999656677246,7144900,-0.004285745433034505,-0.004294955564264846,-0.07473662079479411,0.024738782798360257,15.781909513406864,-0.21396510374265665,0.002877644754352149,0.0027333581137378715,0.000865735387023836,0.0020094233855720844,0.009471950056234803,0.007317090427943904,50.23835051281429,-0.02040817692183694,-0.03195558843311163,0.01154741151127469,1.9459101490553132,12.935181617736816,2024-09-03,0.06886663131203163
2024-08-30,12,0.6676986799187338,0.2546202321597806,1.0,0.0,0.0,1,2024-08-30,2024-08-30,2024-08-30,13.584725379943848,14.640000343322754,14.739999771118164,14.100000381469728,14.199999809265137,28038600,2024-08-30,13.584725379943848,0.0502152796460446,-0.0054644501849365,0.0233516047191535,14.199999809265137,14.739999771118164,14.100000381469728,28038600,0.050215279646044664,0.04899517138834453,-0.043329185745470095,0.047111691384892844,17.14909272587598,2.9242816554465425,0.039477444834590925,0.04721031147239274,0.033511899219925256,0.0424083973500986,0.021837764641594065,0.017291289550938463,67.83223881651675,0.03497546634744175,-0.018569377477000958,0.05354484382444271,2.5649493574615367,13.584725379943848,2024-09-04,0.017759550853490902
2024-09-02,4,0.6451633848482743,0.4930702805378841,0.75,0.25,0.0,1,2024-09-02,2024-09-02,2024-09-02,13.510492324829102,14.5600004196167,14.899999618530272,14.5,14.640000343322754,10271300,2024-09-02,13.510492324829102,-0.0054644501849365,0.0233516047191535,0.0,14.640000343322754,14.899999618530272,14.5,10271300,-0.005464450184936576,-0.005479434906622949,-0.07715218524628085,0.029606590856438787,16.144864253531015,-0.6336728652643142,0.024486396824662915,0.03659408611428683,0.018405266511888785,0.029838093878270522,0.023322296993343622,0.017636251349495195,65.00359640067967,0.07204690364216937,-0.00044612125316689094,0.07249302489533627,1.6094379124341003,13.510492324829102,2024-09-05,0.017857130252199926
2024-09-03,6,0.3140801707437883,0.5391057029572196,0.6666666666666666,0.3333333333333333,0.0,1,2024-09-03,2024-09-03,2024-09-03,13.825984001159668,14.899999618530272,14.960000038146973,14.539999961853027,14.5600004196167,24268800,2024-09-03,13.825984001159668,0.0233516047191535,0.0,-0.0053690974261593,14.5600004196167,14.960000038146973,14.539999961853027,24268800,0.02335160471915354,0.023083127546018822,-0.05041321410046736,0.030377590214101028,17.004702173927843,1.3627778372747366,0.03414770067548312,0.05404639744061246,0.027734434735522617,0.043661154824882864,0.023346866465260928,0.018595415879955484,70.61251972548772,0.1254378568579444,0.024730674369055367,0.10070718248888903,1.9459101490553132,13.825984001159668,2024-09-06,-0.01208041747613986
2024-09-04,5,-0.4513688500970602,0.5444010654649897,0.2,0.8,0.0,1,2024-09-04,2024-09-04,2024-09-04,13.825984001159668,14.899999618530272,15.239999771118164,14.81999969482422,14.899999618530272,15741200,2024-09-04,13.825984001159668,0.0,-0.0053690974261593,-0.0067475482941598,14.899999618530272,15.239999771118164,14.81999969482422,15741200,0.0,0.0,-0.07208158690386222,0.0303775902141009,16.571792100456882,-0.3513811972573839,0.021387441636341986,0.04664230612885878,0.018320255843670363,0.03544141519922661,0.023982210230181013,0.018149157156031583,70.61251972548772,0.16583888451294904,0.052952316397834105,0.11288656811511494,1.791759469228055,13.825984001159668,2024-09-09,-0.017449652856215137
2024-09-05,4,0.1593029983341694,0.2614507914404984,0.5,0.25,0.25,1,2024-09-05,2024-09-05,2024-09-05,13.751750946044922,14.81999969482422,15.0600004196167,14.699999809265137,14.899999618530272,14501500,2024-09-05,13.751750946044922,-0.0053690974261593,-0.0067475482941598,-0.0054348911339101,14.899999618530272,15.0600004196167,14.699999809265137,14501500,-0.005369097426159319,-0.005383562830421518,-0.07706367126730251,0.026178528957078052,16.48976271927464,-0.07875511396843948,0.0037930235092999975,0.03404970310690092,0.008531976868952906,0.024316817504378863,0.0241788382052601,0.01831790959057599,67.65364823454448,0.18968048429603002,0.0802979499774733,0.10938253431855671,1.6094379124341003,13.751750946044922,2024-09-10,-0.010796229839118099
2024-09-06,5,-0.0152947463095188,0.8460836596106565,0.6,0.4,0.0,1,2024-09-06,2024-09-06,2024-09-06,13.658960342407228,14.720000267028809,14.960000038146973,14.640000343322754,14.800000190734863,14220800,2024-09-06,13.658960342407228,-0.0067475482941598,-0.0054348911339101,0.0013661300967235,14.800000190734863,14.960000038146973,14.640000343322754,14220800,-0.006747548294159689,-0.006770415923155415,-0.07709728605557396,0.02342782223554085,16.470216309866867,-0.019356618280867544,-0.004059457904687536,0.019955762738473215,0.0011505768047148646,0.01419568686588879,0.01267728795467112,0.01800070908407739,64.04125061511476,0.19879609996927172,0.10399757997583299,0.09479851999343873,1.791759469228055,13.658960342407228,2024-09-11,-0.0013587751487909028
2024-09-09,9,0.2038136599068012,0.6954087165794949,0.4444444444444444,0.3333333333333333,0.2222222222222222,1,2024-09-09,2024-09-09,2024-09-09,13.584725379943848,14.640000343322754,14.739999771118164,14.600000381469728,14.699999809265137,9914300,2024-09-09,13.584725379943848,-0.0054348911339101,0.0013661300967235,0.0027285326628565,14.699999809265137,14.739999771118164,14.600000381469728,9914300,-0.005434891133910269,-0.005449713885818941,-0.0758690097817792,0.01030564738946636,16.109488818207275,-0.3028310643564357,-0.010543410555255095,0.009376720574761466,-0.0028644751339699237,0.007093599717123755,0.012673436218160314,0.018201025480230802,61.22468382579167,0.19775060413248902,0.1227481848071642,0.07500241932532481,2.302585092994046,13.584725379943848,2024-09-12,0.002732260193447189
2024-09-10,2,0.6338151068193839,0.4924530461920552,1.0,0.0,0.0,1,2024-09-10,2024-09-10,2024-09-10,13.603283882141112,14.65999984741211,14.800000190734863,14.579999923706056,14.68000030517578,19236100,2024-09-10,13.603283882141112,0.0013661300967235,0.0027285326628565,-0.0013605540153577,14.68000030517578,14.800000190734863,14.579999923706056,19236100,0.0013661300967233725,0.001365197790007766,-0.07334580385908072,0.01617258515920786,16.772299331937752,0.9402378382740082,-0.0059669258883353615,0.005624919651432636,-0.0010020072798707647,0.006918871607080268,0.003652652798003521,0.018162735165201765,61.67843999499029,0.19615836564211264,0.13743022097415392,0.058728144667958726,1.0986122886681098,13.603283882141112,2024-09-13,0.008185387670019084
2024-09-11,2,-0.0692716091871261,0.1150558177394952,0.0,0.5,0.5,1,2024-09-11,2024-09-11,2024-09-11,13.640400886535645,14.699999809265137,14.699999809265137,14.5600004196167,14.65999984741211,14833400,2024-09-11,13.640400886535645,0.0027285326628565,-0.0013605540153577,0.0068118281907345,14.65999984741211,14.699999809265137,14.5600004196167,14833400,0.002728532662856553,0.0027248169749927165,-0.06954972520388204,0.010263583219656692,16.512392020255707,-0.22887695530798857,-0.0005439255900848705,0.0035499913063772315,0.0011485343044208562,0.007894901367086371,0.004387150745206433,0.018180252865161152,62.62057785686174,0.1956363630085658,0.1490714493810363,0.046564913627529486,1.0986122886681098,13.640400886535645,2024-09-17,0.008163254176729584
2024-09-12,5,0.9080782828852534,0.0736495843193636,1.0,0.0,0.0,1,2024-09-12,2024-09-12,2024-09-12,13.62184238433838,14.68000030517578,14.880000114440918,14.619999885559082,14.699999809265137,14309000,2024-09-12,13.62184238433838,-0.0013605540153577,0.0068118281907345,0.0027065189682322,14.699999809265137,14.880000114440918,14.619999885559082,14309000,-0.0013605540153576179,-0.0013614804093400323,-0.07334404346367497,0.01908700905104947,16.476399337774954,-0.03535265010044897,-1.4002133674750894e-08,-0.0028528728810449655,-0.00014239837385765508,0.005331172388394201,0.004134476032079461,0.01803656701591465,61.802430522322574,0.19151746204622278,0.15756065191407362,0.03395681013214916,1.791759469228055,13.62184238433838,2024-09-18,0.0040871529229769
2024-09-13,2,-0.2016045525670051,0.2651648006005764,0.0,1.0,0.0,1,2024-09-13,2024-09-13,2024-09-13,13.714632034301758,14.779999732971191,14.81999969482422,14.65999984741211,14.699999809265137,11064700,2024-09-13,13.714632034301758,0.0068118281907345,0.0027065189682322,-0.0053981495942094,14.699999809265137,14.81999969482422,14.65999984741211,11064700,0.006811828190734337,0.006788732512291951,-0.06703182229582887,0.011666360935673262,16.219270508960292,-0.22673142777273048,0.00598952975333189,0.002985739095269002,0.004435779942302487,0.009942876874037498,0.004574964879210302,0.008986725493599088,64.31296512321828,0.19350989106657934,0.16475049974457476,0.028759391322004585,1.0986122886681098,13.714632034301758,2024-09-19,-0.009472121018850532
2024-09-17,3,0.5626256490747134,0.1386095189213132,1.0,0.0,0.0,2,2024-09-16,2024-09-17,2024-09-17,13.751750946044922,14.81999969482422,14.960000038146973,14.699999809265137,14.779999732971191,10137100,2024-09-17,13.751750946044922,0.0027065189682322,-0.0053981495942094,-0.0067842399857871,14.779999732971191,14.960000038146973,14.699999809265137,10137100,0.0027065189682322632,0.002702862941021955,-0.0695702845401583,0.018906699946933916,16.13171261781495,-0.0838341753504388,0.006246636396227467,0.003929021379190489,0.004758189110908306,0.010347674296706133,0.0029522881912051675,0.008701796083430548,65.29560710613808,0.19582672281911506,0.1709657443594828,0.024860978459632255,1.3862943611198906,13.751750946044922,2024-09-20,-0.012145767237670357
2024-09-18,5,0.3174652743153275,0.8007277003505006,0.6,0.4,0.0,1,2024-09-18,2024-09-18,2024-09-18,13.67751693725586,14.739999771118164,14.81999969482422,14.640000343322754,14.779999732971191,8761000,2024-09-18,13.67751693725586,-0.0053981495942094,-0.0067842399857871,0.0,14.779999732971191,14.81999969482422,14.640000343322754,8761000,-0.005398149594209478,-0.005412772250997122,-0.0745928833311083,0.013160236052142674,15.985820725790715,-0.1357488828165846,-0.0002712987654651666,-0.0004069138541075157,-0.00044386241834593054,0.004000349538717973,0.004640534704120086,0.004551924612321713,61.640156301258045,0.18948845955580396,0.17467028739874704,0.014818172157056914,1.791759469228055,13.67751693725586,2024-09-23,0.0
2024-09-19,3,0.8068332687641183,0.1443717045778266,1.0,0.0,0.0,1,2024-09-19,2024-09-19,2024-09-19,13.584725379943848,14.640000343322754,14.739999771118164,14.460000038146973,14.739999771118164,20082300,2024-09-19,13.584725379943848,-0.0067842399857871,0.0,0.0068305802816601,14.739999771118164,14.739999771118164,14.460000038146973,20082300,-0.006784239985787144,-0.006807357557977234,-0.07837682558435198,0.020611364980890678,16.81534943785615,1.2922383289578816,-0.006244884587361166,-0.005434786972472239,-0.004828355860351907,-0.0023011095436547002,0.005645879280175222,0.0048692797118735,57.32042610415132,0.17496099562312395,0.17472842904362243,0.0002325665795015197,1.3862943611198906,13.584725379943848,2024-09-24,0.02732239132859826
2024-09-20,10,0.6768729595933111,0.3788194230418938,0.8,0.0,0.2,1,2024-09-20,2024-09-20,2024-09-20,13.584725379943848,14.640000343322754,14.739999771118164,14.619999885559082,14.68000030517578,32717200,2024-09-20,13.584725379943848,0.0,0.0068305802816601,0.0203527896830522,14.68000030517578,14.739999771118164,14.619999885559082,32717200,0.0,0.0,-0.07461000697975237,0.008833442134667432,17.303411522029943,0.6291560229654969,-0.005704943088078007,-0.004217115837990115,-0.0032240929295649368,-0.0018835140215520685,0.0056451916497026276,0.004719357065558712,57.32042610415134,0.16158522193657276,0.1720997876222125,-0.010514565685639743,2.3978952727983707,13.584725379943848,2024-09-25,0.025956331433832247
2024-09-23,2,0.7705710045993328,0.1379291916492285,1.0,0.0,0.0,1,2024-09-23,2024-09-23,2024-09-23,13.67751693725586,14.739999771118164,14.760000228881836,14.65999984741211,14.68000030517578,18139800,2024-09-23,13.67751693725586,0.0068305802816601,0.0203527896830522,-0.0013297285314682,14.68000030517578,14.760000228881836,14.65999984741211,18139800,0.00683058028166017,0.006807357557977234,-0.0682890563405827,0.007311296482283121,16.71361903235956,-0.4455576883107356,0.001630861820197449,0.002448303154443998,0.0023867914942035107,0.004033454831410044,0.005651293899402857,0.004899370858991938,60.528510419813095,0.1566663756493618,0.16901310522764237,-0.012346729578280563,1.0986122886681098,13.67751693725586,2024-09-26,0.012211687754969391
2024-09-24,5,0.6823312174528838,0.3562201764828885,1.0,0.0,0.0,1,2024-09-24,2024-09-24,2024-09-24,13.955892562866213,15.039999961853027,15.100000381469728,14.739999771118164,14.739999771118164,18658800,2024-09-24,13.955892562866213,0.0203527896830522,-0.0013297285314682,-0.0066578374481802,14.739999771118164,15.100000381469728,14.739999771118164,18658800,0.020352789683052208,0.02014843973445224,-0.05319587655546277,0.025795599151390184,16.74182849622792,0.028611120299010917,0.018970187814872475,0.020075962120251756,0.015077575962036516,0.019930879836276727,0.011079856989064099,0.0076497812933931245,68.24107650266936,0.1732338095112116,0.1698572460843562,0.0033765634268553835,1.791759469228055,13.955892562866213,2024-09-27,-0.008654886552473706
2024-09-25,9,0.7011162476717598,0.3590777702056941,0.8888888888888888,0.1111111111111111,0.0,1,2024-09-25,2024-09-25,2024-09-25,13.937335014343262,15.020000457763672,15.18000030517578,14.84000015258789,15.039999961853027,13722900,2024-09-25,13.937335014343262,-0.0013297285314682,-0.0066578374481802,-0.0006816120762785,15.039999961853027,15.18000030517578,14.84000015258789,13722900,-0.0013297285314683993,-0.0013306134049666518,-0.07331548871718947,0.024394918557815115,16.43457660105975,-0.26453469676506525,0.013768942517339733,0.016238214636744353,0.0091101780029057,0.015146287624118182,0.010439810231824845,0.00774985138176898,67.29704720393778,0.18275944402779487,0.17243768567304396,0.01032175835475091,2.302585092994046,13.937335014343262,2024-09-30,-0.02223177143295063
2024-09-26,8,-0.4352866117842496,0.4517856951594437,0.25,0.75,0.0,1,2024-09-26,2024-09-26,2024-09-26,13.844542503356934,14.920000076293944,15.100000381469728,14.84000015258789,15.0,11857900,2024-09-26,13.844542503356934,-0.0066578374481802,-0.0006816120762785,-0.0150069345068228,15.0,15.100000381469728,14.84000015258789,11857900,-0.0066578374481802705,-0.006680099715312693,-0.07703049977620442,0.018779979823731596,16.288504954420535,-0.13590421849609047,0.003227537376873979,0.007971904818122821,0.001593187511966132,0.006852139251813938,0.01040783447929916,0.008264479449577894,62.63143166504841,0.180737567698257,0.17409766207808658,0.0066399056201704165,2.1972245773362196,13.844542503356934,2024-10-01,-0.018404972633912497
2024-09-27,4,-0.2568512260913849,0.5521841552441239,0.5,0.5,0.0,1,2024-09-27,2024-09-27,2024-09-27,13.835105895996094,14.65999984741211,14.779999732971191,14.579999923706056,14.739999771118164,7529200,2024-09-27,13.835105895996094,-0.0006816120762785,-0.0150069345068228,-0.0027700852348991,14.739999771118164,14.779999732971191,14.579999923706056,7529200,-0.0006816120762785927,-0.000681844479401672,-0.06139035883128958,0.014455965192360058,15.834299485248387,-0.3650477740578011,-0.0010810542826963365,0.0057232767013915,0.0006068088355353218,0.005039142619068349,0.010474938984738946,0.008240967465564028,62.15946874944201,0.17634101138053815,0.1745463319385769,0.0017946794419612389,1.6094379124341003,13.835105895996094,2024-10-02,-0.024556632724806238
2024-09-30,6,-0.6396869073311489,0.3394796677604028,0.0,0.8333333333333334,0.1666666666666666,1,2024-09-30,2024-09-30,2024-09-30,13.627483367919922,14.4399995803833,14.65999984741211,14.420000076293944,14.65999984741211,11528100,2024-09-30,13.627483367919922,-0.0150069345068228,-0.0027700852348991,-0.0069443445409919,14.65999984741211,14.65999984741211,14.420000076293944,11528100,-0.015006934506822889,-0.015120677943279315,-0.07043086563704534,0.01761145213966231,16.260298177900005,0.5311188439674865,-0.015360361058118666,-0.00874156976599405,-0.009652516457538396,-0.008232371633785984,0.013074735261740505,0.009496135309938503,52.7423456086243,0.1543243509274692,0.17050193573635536,-0.016177584808886147,1.9459101490553132,13.627483367919922,2024-10-03,-0.011080340939596534
2024-10-01,5,0.5159849032759667,0.6711365115716423,0.8,0.2,0.0,1,2024-10-01,2024-10-01,2024-10-01,13.589734077453612,14.399999618530272,14.5600004196167,14.34000015258789,14.420000076293944,12825500,2024-10-01,13.589734077453612,-0.0027700852348991,-0.0069443445409919,-0.0013987083377587,14.420000076293944,14.5600004196167,14.34000015258789,12825500,-0.0027700852348993,-0.0027739290210551104,-0.05757739212534853,0.01618871022603787,16.3669460125856,0.11254239640530539,-0.012864687332025393,-0.010321098472282242,-0.008298196703678595,-0.009001321385439187,0.005906791692334298,0.00944222510209116,51.22286955097097,0.13230480915720833,0.16286251042052596,-0.030557701263317638,1.791759469228055,13.589734077453612,2024-10-04,-0.008333339766140924
2024-10-02,6,-0.4378499984741211,0.321616798685882,0.1666666666666666,0.8333333333333334,0.0,1,2024-10-02,2024-10-02,2024-10-02,13.495362281799316,14.300000190734863,14.399999618530272,14.220000267028809,14.380000114440918,7436800,2024-10-02,13.495362281799316,-0.0069443445409919,-0.0013987083377587,0.0,14.380000114440918,14.399999618530272,14.220000267028809,7436800,-0.006944344540991798,-0.006968568714019963,-0.06151862486796618,0.01333786731640553,15.821951341226049,-0.42015515964289896,-0.01338480617762261,-0.015888296355096587,-0.010174778188171474,-0.013032947961716501,0.0054844693161225306,0.009531853361944396,47.53586297195475,0.10601704989290361,0.1514934183150015,-0.045476368422097874,1.9459101490553132,13.495362281799316,2024-10-07,-0.022377637400498473
2024-10-03,6,0.4083327897824347,0.72458933122848,0.8333333333333334,0.1666666666666666,0.0,1,2024-10-03,2024-10-03,2024-10-03,13.476486206054688,14.279999732971191,14.380000114440918,14.0600004196167,14.300000190734863,14830000,2024-10-03,13.476486206054688,-0.0013987083377587,0.0,-0.0210083135660867,14.300000190734863,14.380000114440918,14.0600004196167,14830000,-0.0013987083377587917,-0.0013996874433610529,-0.057588389768955396,0.02374503931747802,16.512162781544998,0.9941372633390706,-0.009434011200625925,-0.01648849200736824,-0.007735977364183633,-0.011823789610494795,0.005913127263227729,0.009337673198285625,46.81008527777361,0.08270727177864678,0.13773618900773055,-0.05502891722908376,1.9459101490553132,13.476486206054688,2024-10-08,-0.007002700422896413
2024-10-04,4,-0.3259746069088578,0.6140827396899597,0.25,0.75,0.0,1,2024-10-04,2024-10-04,2024-10-04,13.476486206054688,14.279999732971191,14.420000076293944,14.140000343322754,14.279999732971191,12669600,2024-10-04,13.476486206054688,0.0,-0.0210083135660867,0.0143061614692636,14.279999732971191,14.420000076293944,14.140000343322754,12669600,0.0,0.0,-0.0562684553180534,0.020776909402793135,16.35471606008874,-0.14567768037761297,-0.004184124714241899,-0.015710975019888718,-0.005170651590676978,-0.009694851478438515,0.00605413335827351,0.009337673198285625,46.81008527777361,0.06350209209621127,0.1228893696254267,-0.059387277529215424,1.6094379124341003,13.476486206054688,2024-10-09,0.009804035348931928
2024-10-07,5,0.7022224199026823,0.1565127371122528,1.0,0.0,0.0,2,2024-10-05,2024-10-07,2024-10-07,13.193367958068848,13.979999542236328,14.380000114440918,13.920000076293944,14.31999969482422,12317900,2024-10-07,13.193367958068848,-0.0210083135660867,0.0143061614692636,0.0169252582851797,14.31999969482422,14.380000114440918,13.920000076293944,12317900,-0.02100831356608679,-0.02123212838358368,-0.07867540228807263,0.034866005375499734,16.326564128177832,-0.027759360990086468,-0.018809607537857653,-0.03296970810813182,-0.017532585806713907,-0.02509328161767732,0.008556362919123666,0.010850363109703772,36.986840143198144,0.025146696869263963,0.10334083507419416,-0.0781941382049302,1.791759469228055,13.193367958068848,2024-10-10,0.028612322938527335
2024-10-08,2,-0.2942219711840153,0.6983196321557159,0.5,0.5,0.0,1,2024-10-08,2024-10-08,2024-10-08,13.38211441040039,14.18000030517578,14.279999732971191,13.899999618530272,13.979999542236328,7945400,2024-10-08,13.38211441040039,0.0143061614692636,0.0169252582851797,-0.0027739269507575,13.979999542236328,14.279999732971191,13.899999618530272,7945400,0.014306161469263667,0.014204793983811026,-0.04276717821267511,0.028396119087547855,15.88810382867425,-0.3549712207437956,-0.0016896234105941987,-0.014992665494513169,-0.0023208556244398437,-0.009138062350505627,0.01275660772347395,0.009448592949698346,45.23759495412168,0.009866298551301611,0.08464592776961566,-0.07477962921831405,1.0986122886681098,13.38211441040039,2024-10-11,0.019746134666043025
2024-10-09,9,0.3935534353626685,0.4856502051562009,0.6666666666666666,0.2222222222222222,0.1111111111111111,1,2024-10-09,2024-10-09,2024-10-09,13.608610153198242,14.420000076293944,14.5600004196167,14.199999809265137,14.199999809265137,11130600,2024-10-09,13.608610153198242,0.0169252582851797,-0.0027739269507575,0.0055632860506256,14.199999809265137,14.5600004196167,14.199999809265137,11130600,0.016925258285179767,0.016783622020772437,-0.04164715943735632,0.02645388517261306,16.22520871999693,0.40088604727263566,0.01349457014702704,0.004108399439757493,0.009663165990735134,0.006236144697836288,0.015156370347354797,0.011577468137976431,53.16293687052605,0.015850076519095424,0.07088675751951161,-0.055036681000416185,2.302585092994046,13.608610153198242,2024-10-15,0.006934782337521428
2024-10-10,7,0.6176105113700032,0.3418214900093292,0.8571428571428571,0.1428571428571428,0.0,1,2024-10-10,2024-10-10,2024-10-10,13.570860862731934,14.380000114440918,14.479999542236328,14.380000114440918,14.460000038146973,7916000,2024-10-10,13.570860862731934,-0.0027739269507575,0.0055632860506256,0.001383021955386,14.460000038146973,14.479999542236328,14.380000114440918,7916000,-0.0027739269507575104,-0.0027777814157747827,-0.06148956936856142,0.0073686871309709525,15.884396712031013,-0.2888074317646847,0.009264485886361973,0.003349193448514365,0.0045645148547721615,0.002816805899817698,0.015240377942829023,0.011480654953783623,51.816950150013156,0.017346254587499388,0.06017865693310916,-0.042832402345609775,2.0794415416798357,13.570860862731934,2024-10-16,0.005563286050625615
2024-10-11,2,-0.2339983880519867,0.3079341475272642,0.0,1.0,0.0,1,2024-10-11,2024-10-11,2024-10-11,13.64635944366455,14.460000038146973,14.5,14.34000015258789,14.34000015258789,7478100,2024-10-11,13.64635944366455,0.0055632860506256,0.001383021955386,0.0027625028482378,14.34000015258789,14.5,14.34000015258789,7478100,0.005563286050625615,0.005547868131217104,-0.0483710391591705,0.011724727614909102,15.82748944071309,-0.05531834259727131,0.01232148685853196,0.010341022349463547,0.006745965371733664,0.00685879038858328,0.015307349825569807,0.011723696373518683,54.30856705041078,0.024343474577740665,0.05301162046203546,-0.028668145884294796,1.0986122886681098,13.64635944366455,2024-10-17,0.013831267827198346
2024-10-15,2,0.162691177567467,1.0513635276073152,0.5,0.5,0.0,1,2024-10-15,2024-10-15,2024-10-15,13.702982902526855,14.520000457763672,14.5600004196167,14.479999542236328,14.479999542236328,8027300,2024-10-15,13.702982902526855,0.0027625028482378,-0.0041321994827756,0.0138312678271983,14.479999542236328,14.5600004196167,14.479999542236328,8027300,0.004149345405714877,0.004140760611391681,-0.0536613718421063,0.005838208946872347,15.898358914853421,0.07344111472165382,0.008893807814486676,0.013966490302810719,0.007255782377576736,0.009011857918631794,0.007993760637282495,0.010762779416578008,56.14043268029956,0.0340651795553768,0.04922233228070373,-0.01515715272532693,1.0986122886681098,13.702982902526855,2024-10-21,0.008264468561661964
2024-10-16,1,0.9275535540655256,0.0,1.0,0.0,0.0,1,2024-10-16,2024-10-16,2024-10-16,13.64635944366455,14.460000038146973,14.600000381469728,14.420000076293944,14.600000381469728,6927400,2024-10-16,13.64635944366455,-0.0041321994827756,0.0138312678271983,0.0013642229078607,14.600000381469728,14.600000381469728,14.420000076293944,6927400,-0.004132199482775656,-0.004140760611391681,-0.06531787074577994,0.013190353509217554,15.750995264747433,-0.13701991952462222,0.0008305723360311212,0.009353653971191589,0.00206027581294288,0.003958494489827213,0.008389470091164303,0.010818711919551057,53.816831214065495,0.03677672172769242,0.04673321017010147,-0.009956488442409053,0.6931471805599453,13.64635944366455,2024-10-22,0.0
2024-10-17,3,0.6694887444997827,0.4120659675537139,1.0,0.0,0.0,1,2024-10-17,2024-10-17,2024-10-17,13.835105895996094,14.65999984741211,14.720000267028809,14.460000038146973,14.460000038146973,11590700,2024-10-17,13.835105895996094,0.0138312678271983,0.0013642229078607,-0.00272479751601,14.460000038146973,14.720000267028809,14.460000038146973,11590700,0.013831267827198346,0.013736488785273337,-0.043215362413716714,0.018792789215807917,16.26571369666205,0.6731674221208535,0.011313480326095249,0.020749238282989246,0.010557335510401167,0.014552840284193902,0.007226303254372447,0.011224204828105783,59.79098510369136,0.05353873846775059,0.04809431582963129,0.005444422638119298,1.3862943611198906,13.835105895996094,2024-10-23,-0.01637108848320412
2024-10-21,3,-0.2191050946712494,0.337398773445263,0.3333333333333333,0.6666666666666666,0.0,1,2024-10-21,2024-10-21,2024-10-21,13.81623077392578,14.640000343322754,14.720000267028809,14.579999923706056,14.68000030517578,8768900,2024-10-21,13.81623077392578,-0.00272479751601,-0.0122950559411482,-0.0027662535654396,14.68000030517578,14.720000267028809,14.579999923706056,8768900,-0.0013642918393401704,-0.0013652233327672292,-0.058839885101736523,0.01013303451669055,15.98672204292698,-0.24345380348037648,0.006323876740952583,0.01680788394010113,0.0061004290414652385,0.010748650520966407,0.0069510029248993415,0.011222865999661219,58.96946999159415,0.06455553684859439,0.051386560033423914,0.013168976815170472,1.3862943611198906,13.81623077392578,2024-10-24,-0.019125765287386742
2024-10-22,3,-0.4268194983402888,0.4639303534817389,0.3333333333333333,0.6666666666666666,0.0,1,2024-10-22,2024-10-22,2024-10-22,13.64635944366455,14.460000038146973,14.720000267028809,14.460000038146973,14.699999809265137,9928600,2024-10-22,13.64635944366455,-0.0122950559411482,-0.0027662535654396,-0.0041609955442533,14.699999809265137,14.720000267028809,14.460000038146973,9928600,-0.012295055941148103,-0.012371265452506108,-0.07167621627698907,0.019052717316671845,16.110930139892538,0.13225147966107498,-0.006048931618490405,0.0030521733256816397,-0.004188508145598013,-0.001373787098788215,0.0097290628171441,0.012166997460971576,52.03954771805519,0.05890026664922843,0.05288930135658482,0.006010965292643611,1.3862943611198906,13.64635944366455,2024-10-25,-0.005532507130879383
2024-10-23,8,0.2915893826866522,0.5916161709000743,0.625,0.125,0.25,1,2024-10-23,2024-10-23,2024-10-23,13.608610153198242,14.420000076293944,14.5,14.399999618530272,14.4399995803833,13546500,2024-10-23,13.608610153198242,-0.0027662535654396,-0.0041609955442533,0.0013928642956235,14.4399995803833,14.5,14.399999618530272,13546500,-0.0027662535654396914,-0.0027700867154423214,-0.05757544676902199,0.007348317009891465,16.421638843160903,0.3643917571460227,-0.00743391871310306,-0.002766246596282662,-0.004639521159771065,-0.003386743687197824,0.009486986410818668,0.009528806993456143,50.616030861937915,0.05078693187863337,0.05246882746099453,-0.001681895582361162,2.1972245773362196,13.608610153198242,2024-10-28,-0.02912619794358129
2024-10-24,4,-0.2372653475031257,0.840153464332823,0.25,0.75,0.0,1,2024-10-24,2024-10-24,2024-10-24,13.551984786987305,14.359999656677246,14.579999923706056,14.359999656677246,14.399999618530272,11098100,2024-10-24,13.551984786987305,-0.0041609955442533,0.0013928642956235,-0.0264255736036321,14.399999618530272,14.579999923706056,14.359999656677246,11098100,-0.00416099554425331,-0.004169676575737302,-0.05888992041720062,0.01623380416129569,16.222284570565446,-0.18074041265271468,-0.010201351919329915,-0.008150389796380386,-0.005871326906230601,-0.006172347602782513,0.009489109693278769,0.008893582273835335,48.47400401754815,0.039334438877681066,0.04984194974433184,-0.010507510866650777,1.6094379124341003,13.551984786987305,2024-10-29,-0.020891205145343483
2024-10-25,6,-0.100915764303257,0.5420561173752074,0.3333333333333333,0.6666666666666666,0.0,1,2024-10-25,2024-10-25,2024-10-25,13.570860862731934,14.380000114440918,14.579999923706056,14.199999809265137,14.359999656677246,3087800,2024-10-25,13.570860862731934,0.0013928642956235,-0.0264255736036321,0.0042857531603954,14.359999656677246,14.579999923706056,14.199999809265137,3087800,0.0013928642956235748,0.0013918951599625196,-0.05495395632397327,0.028001179754518712,14.942969745045083,-0.7217721952406269,-0.004981984889794844,-0.006494390725001575,-0.0029955737357015844,-0.003920933858371112,0.005154025909184935,0.007019998776742486,49.24508553646224,0.031419216057386734,0.04615740300694282,-0.014738186949556087,1.9459101490553132,13.570860862731934,2024-10-30,-0.023643930578319372
2024-10-28,5,0.3339626957662404,0.5680786890128189,0.8,0.2,0.0,1,2024-10-28,2024-10-28,2024-10-28,13.21224308013916,14.0,14.420000076293944,13.9399995803833,14.380000114440918,4911100,2024-10-28,13.21224308013916,-0.0264255736036321,0.0042857531603954,-0.0014225119122435,14.380000114440918,14.420000076293944,13.9399995803833,4911100,-0.02642557360363218,-0.026781004707658873,-0.08120702538305642,0.03632997765778217,15.407008710886059,0.5904851350476068,-0.022619346156429798,-0.03020224360443935,-0.019754537521633586,-0.02488099979336289,0.011007772201383085,0.010883775614777203,37.70156927169962,-0.003747909448048148,0.03617634051594463,-0.039924249963992776,1.791759469228055,13.21224308013916,2024-11-01,-0.007142897873623988
2024-10-29,7,0.3060256905986794,0.787202876222634,0.7142857142857143,0.2857142857142857,0.0,1,2024-10-29,2024-10-29,2024-10-29,13.26886749267578,14.0600004196167,14.18000030517578,13.880000114440918,14.0,9772300,2024-10-29,13.26886749267578,0.0042857531603954,-0.0014225119122435,-0.009971552418577,14.0,14.18000030517578,13.880000114440918,9772300,0.004285753160395478,0.004276595476046197,-0.052223750523158606,0.02260932901021562,16.095062513177652,0.9898393435279265,-0.012917657503210722,-0.0233397551287714,-0.010423002830776129,-0.017001896962280383,0.012149201689429474,0.01078407904844595,40.089568819144056,-0.02674074228331058,0.023592923956093588,-0.05033366623940417,2.0794415416798357,13.26886749267578,2024-11-04,0.001422440039168027
2024-10-30,9,0.7164910105574462,0.5205930313767839,0.8888888888888888,0.1111111111111111,0.0,1,2024-10-30,2024-10-30,2024-10-30,13.249992370605469,14.039999961853027,14.220000267028809,13.899999618530272,14.0600004196167,20610400,2024-10-30,13.249992370605469,-0.0014225119122435,-0.009971552418577,0.0129496855816864,14.0600004196167,14.220000267028809,13.899999618530272,20610400,-0.0014225119122434071,-0.0014235246428420112,-0.057610812577295265,0.024151006245742786,16.841306409251843,1.1090633730032846,-0.00903442134417598,-0.021466385615529937,-0.007918351781082134,-0.01510526288066727,0.012240276270545754,0.010529010224985012,39.54541211779269,-0.045956039942948834,0.009683131176285104,-0.055639171119233936,2.302585092994046,13.249992370605469,2024-11-05,0.002849004694527313
2024-11-01,13,0.0223057364256909,0.5873167782662554,0.3846153846153846,0.4615384615384615,0.1538461538461538,2,2024-10-31,2024-11-01,2024-11-01,13.11786937713623,13.899999618530272,14.0,13.800000190734863,13.960000038146973,11147300,2024-11-01,13.11786937713623,-0.009971552418577,0.0129496855816864,0.0,13.960000038146973,14.0,13.800000190734863,11147300,-0.009971552418577057,-0.010021601335611141,-0.06032454575283262,0.015246363835100087,16.226707963788208,-0.45914198656988703,-0.012503589030638751,-0.027427950133678936,-0.011944880500152188,-0.0204870052249726,0.012384113307749663,0.010739755809478727,35.87467033915317,-0.07102677075140384,-0.006458849209252687,-0.06456792154215116,2.6390573296152584,13.11786937713623,2024-11-06,0.03453239795063401
2024-11-04,2,0.7107717767357826,0.1256430323284468,1.0,0.0,0.0,1,2024-11-04,2024-11-04,2024-11-04,13.287741661071776,14.079999923706056,14.15999984741211,13.920000076293944,13.960000038146973,7816800,2024-11-04,13.287741661071776,0.0129496855816864,0.0,0.0213067960592274,13.960000038146973,14.15999984741211,13.920000076293944,7816800,0.012949685581686188,0.012866555308124195,-0.04815604407150357,0.018061742712930477,15.87178594954185,-0.2987718999219542,0.004566213008622588,-0.010819140689707685,0.0005665878667742152,-0.0063930312783214704,0.015009051632231912,0.01058056811970877,43.177733938234844,-0.07630859393978895,-0.020428798155359938,-0.05587979578442901,1.0986122886681098,13.287741661071776,2024-11-07,0.019886232939767767
2024-11-05,4,-0.1803437173366546,0.7073134037546462,0.25,0.5,0.25,1,2024-11-05,2024-11-05,2024-11-05,13.287741661071776,14.079999923706056,14.140000343322754,13.979999542236328,14.039999961853027,9107800,2024-11-05,13.287741661071776,0.0,0.0213067960592274,-0.0013909269231744,14.039999961853027,14.140000343322754,13.979999542236328,9107800,0.0,0.0,-0.05357965119837274,0.012041233579605903,16.024641857003054,0.16515709753351748,0.0034207547827198592,-0.006912097025092767,0.0003776539198063755,-0.00523674899137172,0.00837694908052397,0.01062670700390476,43.17773393823485,-0.0795771608943383,-0.032258470703155614,-0.04731869019118269,1.6094379124341003,13.287741661071776,2024-11-08,0.02272714386573016
2024-11-06,6,0.8257438677828759,0.166801611614282,1.0,0.0,0.0,1,2024-11-06,2024-11-06,2024-11-06,13.570860862731934,14.380000114440918,14.380000114440918,14.0600004196167,14.079999923706056,7393200,2024-11-06,13.570860862731934,0.0213067960592274,-0.0013909269231744,0.0027855174765658,14.079999923706056,14.380000114440918,14.0600004196167,7393200,0.021306796059227473,0.021082979901941634,-0.03616044486739672,0.023579911256993023,15.81607135205008,-0.1882562199433453,0.02014755137271096,0.014820041527660255,0.01435784521335548,0.013019153365647629,0.012435747742885975,0.012755820965401982,53.42957450770328,-0.05864613417764275,-0.03753600339805305,-0.021110130779589703,1.9459101490553132,13.570860862731934,2024-11-11,-0.019471501177189654
2024-11-07,4,0.6998351148795336,0.2630236382074916,1.0,0.0,0.0,1,2024-11-07,2024-11-07,2024-11-07,13.551984786987305,14.359999656677246,14.5,14.239999771118164,14.399999618530272,11301400,2024-11-07,13.551984786987305,-0.0013909269231744,0.0027855174765658,-0.0208332441512268,14.399999618530272,14.5,14.239999771118164,11301400,-0.0013909269231744403,-0.0013918951599625196,-0.05888992041720062,0.019185398520480165,16.240437258298282,0.5286208948763729,0.01412420355028532,0.01383780125965628,0.00859420879423567,0.00947917736663939,0.01243194858078645,0.012735844600202901,52.74628889979086,-0.04308463342849045,-0.03864572940414053,-0.004438904024349918,1.6094379124341003,13.551984786987305,2024-11-12,-0.018105758040337983
2024-11-08,4,-0.1501070410013198,0.5654667453174977,0.5,0.5,0.0,1,2024-11-08,2024-11-08,2024-11-08,13.589734077453612,14.399999618530272,14.5,14.380000114440918,14.479999542236328,4104800,2024-11-08,13.589734077453612,0.0027855174765658,-0.0208332441512268,0.0,14.479999542236328,14.5,14.380000114440918,4104800,0.0027855174765658575,0.002781645112118536,-0.06148242354469175,0.008830186438906913,15.22766782222709,-0.6367883625037606,0.009817600745432031,0.016374833526078936,0.007573654585003808,0.010033930658316592,0.009710405637397373,0.012693873164041015,54.012885968182914,-0.02739024205302698,-0.03639463193391782,0.009004389880890841,1.6094379124341003,13.589734077453612,2024-11-13,0.0
2024-11-11,2,0.0657456597546116,1.14880165562288,0.5,0.5,0.0,1,2024-11-11,2024-11-11,2024-11-11,13.306615829467772,14.100000381469728,14.460000038146973,14.100000381469728,14.399999618530272,3020000,2024-11-11,13.306615829467772,-0.0208332441512268,0.0,0.0212765027272274,14.399999618530272,14.460000038146973,14.100000381469728,3020000,-0.020833244151226893,-0.021053318118238185,-0.07592943180744999,0.0270541857742686,14.920767720476825,-0.26427596959656985,-0.011497448886589434,-0.0028288562346001633,-0.00898510105940753,-0.009024897626862427,0.01497497424238847,0.014331382434715078,44.40044597865197,-0.037366858426644,-0.03658907723246306,-0.0007777811941809404,1.0986122886681098,13.306615829467772,2024-11-14,0.014184406820670459
2024-11-12,5,0.2060935837216675,0.7274954222874845,0.6,0.4,0.0,1,2024-11-12,2024-11-12,2024-11-12,13.306615829467772,14.100000381469728,14.260000228881836,13.920000076293944,14.140000343322754,9342800,2024-11-12,13.306615829467772,0.0,0.0212765027272274,-0.0069443445409919,14.140000343322754,14.260000228881836,13.920000076293944,9342800,0.0,0.0,-0.05893808300001395,0.025551211288068837,16.050116658179746,2.0936423841059604,-0.011774566432230293,-0.003533567743769117,-0.006008061720180757,-0.007396143410544398,0.01497497424238847,0.011446839326227943,44.40044597865197,-0.044757462611936916,-0.03822275430835783,-0.006534708303579086,1.791759469228055,13.306615829467772,2024-11-15,0.007092095906557239
2024-11-13,10,0.26804313310422,0.6450850220632949,0.7,0.3,0.0,1,2024-11-13,2024-11-13,2024-11-13,13.589734077453612,14.399999618530272,14.460000038146973,14.079999923706056,14.100000381469728,4959400,2024-11-13,13.589734077453612,0.0212765027272274,-0.0069443445409919,-0.0069931176878834,14.100000381469728,14.460000038146973,14.079999923706056,4959400,0.021276502727227475,0.021053318118238185,-0.03618909859652988,0.02796229214458029,15.416795525279262,-0.4691741233891339,0.00896857398646933,0.015228351534704476,0.010043054319204492,0.011199960296111255,0.014964390044366404,0.013159392133955977,53.912762673771844,-0.02745283399912779,-0.036068770246511825,0.008615936247384035,2.3978952727983707,13.589734077453612,2024-11-18,-0.0027777799220468635
2024-11-14,2,0.669632432051003,0.0412742125004551,1.0,0.0,0.0,1,2024-11-14,2024-11-14,2024-11-14,13.495362281799316,14.300000190734863,14.380000114440918,14.140000343322754,14.359999656677246,6535200,2024-11-14,13.495362281799316,-0.0069443445409919,-0.0069931176878834,0.011267614454189,14.359999656677246,14.380000114440918,14.140000343322754,6535200,-0.006944344540991798,-0.006968568714019963,-0.060211517795955,0.01778387019975319,15.69271366202729,0.31774004919949994,0.0028050936150636474,0.006333597236477528,0.0020172748126703333,0.003415637670610927,0.015329184331236985,0.01345344184320051,50.793295473418716,-0.02111045814101331,-0.03307710782541212,0.011966649684398811,1.0986122886681098,13.495362281799316,2024-11-19,0.008391614025186955
2024-11-15,2,0.8294730102643372,0.1478230102377462,1.0,0.0,0.0,1,2024-11-15,2024-11-15,2024-11-15,13.40098762512207,14.199999809265137,14.399999618530272,14.199999809265137,14.300000190734863,9506600,2024-11-15,13.40098762512207,-0.0069931176878834,0.011267614454189,0.0041783817721894,14.300000190734863,14.399999618530272,14.199999809265137,9506600,-0.0069931176878834655,-0.007017684133070468,-0.06286801074277423,0.014924258932245162,16.067496957385025,0.45467621495899135,-0.0014065347283405139,-0.002809061722006456,-0.003332175740275778,-0.0029485028215280318,0.01539011484542826,0.01319139561398777,47.81381797559574,-0.02342924786584888,-0.031147535833499475,0.007718287967650596,1.0986122886681098,13.40098762512207,2024-11-20,0.007042365780588256
2024-11-18,3,0.5822631965080898,0.0861398511148824,1.0,0.0,0.0,1,2024-11-18,2024-11-18,2024-11-18,13.551984786987305,14.359999656677246,14.380000114440918,14.199999809265137,14.199999809265137,4987600,2024-11-18,13.551984786987305,0.011267614454189,0.0041783817721894,-0.0083217808522724,14.199999809265137,14.380000114440918,14.199999809265137,4987600,0.011267614454189001,0.011204607734971894,-0.04563486133675993,0.01328220980211095,15.422465590601782,-0.47535396461405766,0.00616588133967344,0.00644794351233724,0.005251436932514952,0.0067691658402522226,0.012324110497171494,0.013049274106965159,52.60421513896824,-0.012933605844880347,-0.027504749835775652,0.014571143990895305,1.3862943611198906,13.551984786987305,2024-11-21,-0.03899710392880218
2024-11-19,4,-0.310034342110157,0.3226714233269319,0.25,0.75,0.0,1,2024-11-19,2024-11-19,2024-11-19,13.608610153198242,14.420000076293944,14.5,14.380000114440918,14.380000114440918,6412500,2024-11-19,13.608610153198242,0.0041783817721894,-0.0083217808522724,-0.0349650231048696,14.380000114440918,14.5,14.380000114440918,6412500,0.004178381772189432,0.004169676575737302,-0.05364325139803149,0.008817938364622793,15.67375992440657,0.2856885074985964,0.005859442735876019,0.008250653290535315,0.006281384094524167,0.008962340696081261,0.012149111226909315,0.01304332385730306,54.29845088593471,-4.6009739318009224e-05,-0.022013001816484124,0.021966992077166115,1.6094379124341003,13.608610153198242,2024-11-22,-0.02912619794358129
2024-11-20,4,-0.3261957305949181,0.6762300701287117,0.25,0.75,0.0,1,2024-11-20,2024-11-20,2024-11-20,13.495362281799316,14.300000190734863,14.460000038146973,14.260000228881836,14.420000076293944,6558300,2024-11-20,13.495362281799316,-0.0083217808522724,-0.0349650231048696,0.0144927631745634,14.420000076293944,14.460000038146973,14.260000228881836,6558300,-0.00832178085227242,-0.008356600177638729,-0.0641218994176501,0.014819891833127657,15.69624213347312,0.022736842105263166,-0.001117589067174296,0.00041980986774170503,-0.001396086555467746,0.0004630246140688854,0.008682073425101949,0.011569738399077977,50.4168279394979,0.0010176158128683,-0.01740687829061364,0.01842449410348194,1.6094379124341003,13.495362281799316,2024-11-25,-0.018181795054495797
2024-11-21,4,0.0555003556655719,0.7063269978385622,0.25,0.5,0.25,1,2024-11-21,2024-11-21,2024-11-21,13.023496627807615,13.800000190734863,14.220000267028809,13.800000190734863,14.220000267028809,8339900,2024-11-21,13.023496627807615,-0.0349650231048696,0.0144927631745634,0.0028571447132283,14.220000267028809,14.220000267028809,13.800000190734863,8339900,-0.03496502310486971,-0.03559093281282122,-0.0841423077885213,0.03224940953239594,15.936561903760877,0.27165576445115347,-0.029262752192985242,-0.030762694996524842,-0.024504805554285358,-0.02842052211581858,0.017624174519548046,0.01591371488451177,38.17218917539726,-0.0358023606776392,-0.021085974768018753,-0.014716385909620447,1.6094379124341003,13.023496627807615,2024-11-26,0.017391315809476504
2024-11-22,3,0.628162266065677,0.4693625449291186,1.0,0.0,0.0,1,2024-11-22,2024-11-22,2024-11-22,13.21224308013916,14.0,14.039999961853027,13.859999656677246,13.859999656677246,10849900,2024-11-22,13.21224308013916,0.0144927631745634,0.0028571447132283,0.0,13.859999656677246,14.039999961853027,13.859999656677246,10849900,0.014492763174563716,0.014388746867026292,-0.04673568489058513,0.013623750644306596,16.199666513485152,0.30096284128107054,-0.012415315612425815,-0.013945575423046974,-0.006935423420751485,-0.011763110484765638,0.02006632136652644,0.016859068409773827,44.027992192180285,-0.04918521944372323,-0.026705823703159652,-0.022479395740563575,1.3862943611198906,13.21224308013916,2024-11-27,-0.00142860844716719
2024-11-25,6,0.3108003254358967,0.3607372558915257,0.5,0.0,0.5,2,2024-11-23,2024-11-25,2024-11-25,13.249992370605469,14.039999961853027,14.15999984741211,13.979999542236328,14.020000457763672,35836900,2024-11-25,13.249992370605469,0.0028571447132283,0.0,-0.0042735430295219,14.020000457763672,14.15999984741211,13.979999542236328,35836900,0.002857144713228399,0.0028530708332041854,-0.054922115693070886,0.013584936514763895,17.394488674698533,2.3029705342906386,-0.005102029855881485,-0.010710209811015448,-0.0027357999993068427,-0.00732610515022214,0.018926044376558548,0.015646263700305703,45.14696095430873,-0.05609851046891379,-0.032584361056310476,-0.02351414941260331,1.9459101490553132,13.249992370605469,2024-11-28,-0.004273543029521987
2024-11-26,1,-0.7921162042766811,0.0,0.0,1.0,0.0,1,2024-11-26,2024-11-26,2024-11-26,13.249992370605469,14.039999961853027,14.140000343322754,13.9399995803833,14.0,10049700,2024-11-26,13.249992370605469,0.0,-0.0042735430295219,0.0,14.0,14.140000343322754,13.9399995803833,10049700,0.0,0.0,-0.05357197352818081,0.015094405894387238,16.123053440783,-0.7195711682651122,0.0002849888625109376,-0.010291790744463292,-0.0018255314291655278,-0.006002080918532493,0.018543623041905703,0.015646263700305703,45.14696095430873,-0.0608756073066683,-0.03824261030638204,-0.02263299700028626,0.6931471805599453,13.249992370605469,2024-11-29,-0.027065580585741933
2024-11-27,1,0.0768695771694182,0.0,1.0,0.0,0.0,1,2024-11-27,2024-11-27,2024-11-27,13.193367958068848,13.979999542236328,14.100000381469728,13.979999542236328,14.039999961853027,11451800,2024-11-27,13.193367958068848,-0.0042735430295219,0.0,-0.0228898583508219,14.039999961853027,14.100000381469728,13.979999542236328,11451800,-0.004273543029521987,-0.004282700714353993,-0.0603014249347932,0.00909554251914953,16.25365756817176,0.13951660248564624,0.0005725451654106095,-0.01159502343264962,-0.004069110668994402,-0.008402000431032897,0.018460747541258177,0.013692809134022868,43.62958755222243,-0.06844165503367883,-0.0442824192518414,-0.02415923578183743,0.6931471805599453,13.193367958068848,2024-12-02,-0.03576543981534519
2024-11-28,4,0.2946872290922329,0.7654437866891325,0.5,0.5,0.0,1,2024-11-28,2024-11-28,2024-11-28,13.193367958068848,13.979999542236328,14.039999961853027,13.960000038146973,14.020000457763672,8809900,2024-11-28,13.193367958068848,0.0,-0.0228898583508219,-0.0131772058396525,14.020000457763672,14.039999961853027,13.960000038146973,8809900,0.0,0.0,-0.05896094669790619,0.006063646823184981,15.991386760618804,-0.23069735762063603,-0.001998880764126465,-0.00935374076590234,-0.0027164249238761373,-0.006884881585035085,0.00711105419031124,0.013639216612458066,43.62958755222243,-0.07358950832368727,-0.050143837066210575,-0.023445671257476694,1.6094379124341003,13.193367958068848,2024-12-03,-0.04291841212341918
2024-11-29,11,-0.0976729827128689,0.763882855708224,0.3636363636363636,0.6363636363636364,0.0,1,2024-11-29,2024-11-29,2024-11-29,12.89137363433838,13.65999984741211,13.899999618530272,13.020000457763672,13.800000190734863,25386200,2024-11-29,12.89137363433838,-0.0228898583508219,-0.0131772058396525,-0.0074182907390336,13.800000190734863,13.899999618530272,13.020000457763672,25386200,-0.0228898583508218,-0.023155898749732895,-0.06584250317666825,0.06826263715005292,17.049716316648855,1.881553706625501,-0.020086111253637795,-0.028311304658349412,-0.01717564865108412,-0.02436340571192641,0.010394869391010295,0.015110152924552629,36.12057202114565,-0.10087481512115559,-0.06029003267719958,-0.04058478244395601,2.4849066497880004,12.89137363433838,2024-12-04,-0.0014640928834551703
2024-12-02,5,0.4593133290298283,0.3388673089854923,1.0,0.0,0.0,2,2024-12-01,2024-12-02,2024-12-02,12.721501350402832,13.479999542236328,13.760000228881836,13.420000076293944,13.760000228881836,7447800,2024-12-02,12.721501350402832,-0.0131772058396525,-0.0074182907390336,0.0194319627536865,13.760000228881836,13.760000228881836,13.420000076293944,7447800,-0.013177205839652761,-0.013264795525669282,-0.07547230095964863,0.02672641720681232,15.823429378999922,-0.7066201321978083,-0.025166383198345743,-0.03507523180071481,-0.020288088170296814,-0.030659856619233983,0.009878950107562439,0.014366955378475594,32.71025854479814,-0.1346536870841586,-0.07516276355859139,-0.0594909235255672,1.791759469228055,12.721501350402832,2024-12-05,0.008902158790373926
2024-12-03,2,0.905290842987597,0.0644641487551758,1.0,0.0,0.0,1,2024-12-03,2024-12-03,2024-12-03,12.627129554748535,13.380000114440918,13.539999961853027,13.300000190734863,13.4399995803833,17101200,2024-12-03,12.627129554748535,-0.0074182907390336,0.0194319627536865,-0.0029325532750018,13.4399995803833,13.539999961853027,13.300000190734863,17101200,-0.007418290739033662,-0.007445943098148167,-0.06048140260519138,0.019006676860134866,16.65465925292473,1.2961411423507614,-0.023072379503783713,-0.03504973097680564,-0.018540887446798937,-0.03118335971491093,0.008869838072409493,0.013895562474927691,30.961362017616494,-0.1671123347189436,-0.09355267779066184,-0.07355965692828176,1.0986122886681098,12.627129554748535,2024-12-06,0.010463347130641676
2024-12-04,5,0.6449234470725059,0.1982613410741383,1.0,0.0,0.0,1,2024-12-04,2024-12-04,2024-12-04,12.872499465942385,13.640000343322754,13.699999809265137,13.399999618530272,13.460000038146973,12933200,2024-12-04,12.872499465942385,0.0194319627536865,-0.0029325532750018,-0.0058823568749218,13.460000038146973,13.699999809265137,13.399999618530272,12933200,0.01943196275368675,0.019245572909099007,-0.04364788785583605,0.02330551199699757,16.375308283914283,-0.24372558650854914,0.0008805629172259355,-0.01159419606401102,0.00035379705115068383,-0.010133327251984237,0.015925635371767676,0.016255490882244837,39.95113477300429,-0.1710648169048774,-0.10905510561350495,-0.06200971129137245,1.791759469228055,12.872499465942385,2024-12-09,0.013196452694417715
2024-12-05,6,0.7734856018796563,0.3404202090243388,1.0,0.0,0.0,1,2024-12-05,2024-12-05,2024-12-05,12.834750175476074,13.600000381469728,13.699999809265137,13.520000457763672,13.68000030517578,9021300,2024-12-05,12.834750175476074,-0.0029325532750018,-0.0058823568749218,0.0221893266671873,13.68000030517578,13.699999809265137,13.520000457763672,9021300,-0.00293255327500197,-0.0029368616344145337,-0.061787288804365584,0.014024375156549411,16.015099116671195,-0.3024696130887947,0.003541929976092595,-0.013062403434917269,-0.0017213427381155277,-0.010691292994773671,0.015757285627183114,0.01227434288291779,39.1074348679735,-0.175223373789688,-0.12228875924874157,-0.05293461454094643,1.9459101490553132,12.834750175476074,2024-12-10,0.005882356874922001
2024-12-06,7,0.2939430536103568,0.6670211716079463,0.7142857142857143,0.2857142857142857,0.0,1,2024-12-06,2024-12-06,2024-12-06,12.759251594543455,13.520000457763672,13.68000030517578,13.479999542236328,13.68000030517578,8691000,2024-12-06,12.759251594543455,-0.0058823568749218,0.0221893266671873,-0.0101302164966341,13.68000030517578,13.68000030517578,13.479999542236328,8691000,-0.005882356874922112,-0.0058997260842104104,-0.0673061907962065,0.015674960357783246,15.977798680481149,-0.036613348408765956,-0.0002957632110557329,-0.01543838781113449,-0.005075229083138066,-0.013549478471855392,0.012545508060383686,0.01096611422241521,37.406001871495775,-0.18250733365942295,-0.13433247413087784,-0.04817485952854511,2.0794415416798357,12.759251594543455,2024-12-11,0.017751491231250194
2024-12-09,12,0.11057340411935,0.7270249174506441,0.4166666666666667,0.4166666666666667,0.1666666666666666,1,2024-12-09,2024-12-09,2024-12-09,13.042370796203612,13.81999969482422,13.81999969482422,13.4399995803833,13.520000457763672,5899500,2024-12-09,13.042370796203612,0.0221893266671873,-0.0101302164966341,0.0058479571042455,13.520000457763672,13.81999969482422,13.4399995803833,5899500,0.022189326667187315,0.02194672576670076,-0.035327636493221286,0.029135815901778425,15.590378329027986,-0.32119433897134964,0.016774547328867184,0.008023327670599878,0.011270449664223081,0.006812647775809699,0.014485246072697846,0.01358794474108911,46.76021082632314,-0.1635492766310911,-0.1401758346309205,-0.02337344200017058,2.5649493574615367,13.042370796203612,2024-12-12,-0.018813290545708794
2024-12-10,6,0.5536436526260029,0.561456413621126,0.8333333333333334,0.1666666666666666,0.0,1,2024-12-10,2024-12-10,2024-12-10,12.910248756408691,13.68000030517578,13.899999618530272,13.68000030517578,13.880000114440918,10913200,2024-12-10,12.910248756408691,-0.0101302164966341,0.0058479571042455,-0.0145348933279173,13.880000114440918,13.899999618530272,13.68000030517578,10913200,-0.010130216496634037,-0.01018187631935108,-0.06986681196229139,0.017040671911552733,16.205483715325684,0.8498516823459614,0.0020509903247960537,0.00043880771796378504,0.0006838068391243901,-0.0027725472525799155,0.015107522961704435,0.013839375740287747,43.49364924052404,-0.15737193852551457,-0.14361505540983932,-0.013756883115675245,1.9459101490553132,12.910248756408691,2024-12-13,0.0029239785521226747
2024-12-11,6,-0.3106430964544416,0.6739171680095289,0.1666666666666666,0.8333333333333334,0.0,1,2024-12-11,2024-12-11,2024-12-11,12.985747337341309,13.760000228881836,13.800000190734863,13.68000030517578,13.68000030517578,3710400,2024-12-11,12.985747337341309,0.0058479571042455,-0.0145348933279173,0.0117994179434737,13.68000030517578,13.800000190734863,13.68000030517578,3710400,0.005847957104245571,0.00583092417606057,-0.05074948482068401,0.009240891759384293,15.126650514996088,-0.6600080636293663,0.006142158345711746,0.007910948993145928,0.004347703358306365,0.0025015872124192207,0.012804829493036081,0.014064221055988485,45.822705120842286,-0.14471605248776775,-0.14383525482542503,-0.0008807976623427249,1.9459101490553132,12.985747337341309,2024-12-17,0.002906978665583315
2024-12-12,8,-0.2872332615952473,0.7341687431521751,0.25,0.75,0.0,1,2024-12-12,2024-12-12,2024-12-12,12.797000885009766,13.5600004196167,13.760000228881836,13.5600004196167,13.760000228881836,7321400,2024-12-12,12.797000885009766,-0.0145348933279173,0.0117994179434737,0.0,13.760000228881836,13.760000228881836,13.5600004196167,7321400,-0.014534893327917353,-0.014641559741631394,-0.06998541626843603,0.015628646982388958,15.80631226106673,0.973210435532557,-0.007901666052764655,-0.0036737606457614147,-0.00685701793698279,-0.009896900212483573,0.014779979273466144,0.014632025931535134,41.24565617436626,-0.14820798352751652,-0.14470980056584334,-0.003498182961673174,2.1972245773362196,12.797000885009766,2024-12-18,0.038348108316289764
2024-12-13,7,0.4449334879006658,0.1763184727701826,1.0,0.0,0.0,1,2024-12-13,2024-12-13,2024-12-13,12.947998046875,13.720000267028809,13.800000190734863,13.619999885559082,13.640000343322754,3119500,2024-12-13,12.947998046875,0.0117994179434737,0.0,0.005830907655322,13.640000343322754,13.800000190734863,13.619999885559082,3119500,0.011799417943473722,0.01173034760717373,-0.05073330491421231,0.013901786556047893,14.95318361109712,-0.5739202884694183,0.0008754091846825407,0.007638085435685893,0.0032357505996643,0.0014605858334590938,0.015277762060149124,0.013443096430019475,45.90116758278804,-0.13720948942379785,-0.14320973833743425,0.006000248913636402,2.0794415416798357,12.947998046875,2024-12-19,0.01603495922504017
2024-12-17,1,0.9096788596361876,0.0,1.0,0.0,0.0,1,2024-12-17,2024-12-17,2024-12-17,13.023496627807615,13.800000190734863,13.920000076293944,13.68000030517578,13.739999771118164,7066200,2024-12-17,13.023496627807615,0.005830907655322,0.020289868444389,-0.0099432241263622,13.739999771118164,13.920000076293944,13.68000030517578,7066200,0.005830907655321793,0.005813973708247211,-0.05214724565109942,0.0184282130964521,15.770833552576464,1.2651707004327615,0.007005258589573682,0.011137170375914884,0.006038728737072008,0.005964818527176119,0.011413008463833018,0.012609251797907083,48.11489821987217,-0.12100611591288057,-0.13876901385252352,0.017762897939642946,0.6931471805599453,13.023496627807615,2024-12-20,0.010144897608590053
2024-12-18,7,0.3016659170389175,0.6844023477037858,0.7142857142857143,0.2857142857142857,0.0,1,2024-12-18,2024-12-18,2024-12-18,13.287741661071776,14.079999923706056,14.100000381469728,13.800000190734863,13.84000015258789,9943600,2024-12-18,13.287741661071776,0.020289868444389,-0.0099432241263622,0.0,13.84000015258789,14.100000381469728,13.800000190734863,9943600,0.02028986844438907,0.02008677167274353,-0.039903069756314295,0.022577214276655898,16.112439786669356,0.4072061362542809,0.02147418712302107,0.026388707673162815,0.017479959943274892,0.021477132894013762,0.012839875030338926,0.01323588603790539,55.048152894113684,-0.08585280220760794,-0.1281857715235404,0.04233296931593247,2.0794415416798357,13.287741661071776,2024-12-23,-0.005681821851925228
2024-12-19,4,0.7967765477951617,0.2874411088294731,1.0,0.0,0.0,1,2024-12-19,2024-12-19,2024-12-19,13.15561866760254,13.9399995803833,14.0600004196167,13.800000190734863,14.020000457763672,13128900,2024-12-19,13.15561866760254,-0.0099432241263622,0.0,0.0043041998987145,14.020000457763672,14.0600004196167,13.800000190734863,13128900,-0.00994322412636206,-0.009992988130602676,-0.06165347802699062,0.019763436099141506,16.39032654132875,0.32033669898226,0.008683044546613061,0.01396564767328412,0.004896601329566819,0.009243085576503107,0.014653476164863405,0.0129813724157782,51.353125866181834,-0.06787237867301776,-0.1161230929534359,0.04825071428041813,1.6094379124341003,13.15561866760254,2024-12-24,0.01004308476914173
2024-12-20,1,0.952214490622282,0.0,1.0,0.0,0.0,1,2024-12-20,2024-12-20,2024-12-20,13.15561866760254,13.9399995803833,13.979999542236328,13.84000015258789,13.899999618530272,7354400,2024-12-20,13.15561866760254,0.0,0.0043041998987145,0.0057142894264567,13.899999618530272,13.979999542236328,13.84000015258789,7354400,0.0,0.0,-0.05355258786736849,0.010641794444316375,15.810809467504695,-0.439831212058893,0.003166359116072437,0.011464210732507585,0.003259081412252396,0.007549836601539628,0.01148074525305286,0.012883960072797433,51.353125866181834,-0.05301167785619754,-0.10350080993398823,0.0504891320777907,0.6931471805599453,13.15561866760254,2024-12-26,0.01721665461128219
2024-12-23,6,0.5737349783691268,0.3107495889206533,0.8333333333333334,0.0,0.1666666666666666,1,2024-12-23,2024-12-23,2024-12-23,13.21224308013916,14.0,14.140000343322754,13.899999618530272,13.899999618530272,4428000,2024-12-23,13.21224308013916,0.0043041998987145,0.0057142894264567,0.0071022414294139,13.899999618530272,14.140000343322754,13.899999618530272,4428000,0.004304199898714334,0.004294963324885437,-0.04947888901192877,0.018165024919444217,15.303458798646231,-0.39791145436745345,0.0034403837508558688,0.012292137761255928,0.005038812486085398,0.009704371808527235,0.010944994933997367,0.01254162620409941,52.92374696843773,-0.03624750980185176,-0.09005014990756095,0.05380264010570919,1.9459101490553132,13.21224308013916,2024-12-27,0.05285714110417339
2024-12-24,8,0.3900681103114038,0.5792505814585793,0.625,0.125,0.25,1,2024-12-24,2024-12-24,2024-12-24,13.287741661071776,14.079999923706056,14.100000381469728,14.0,14.0,1738800,2024-12-24,13.287741661071776,0.0057142894264567,0.0071022414294139,0.0394922693320858,14.0,14.100000381469728,14.0,1738800,0.005714289426456798,0.005698024805717239,-0.050875595637730316,0.007525762015880614,14.36870635320588,-0.6073170731707317,0.0051399378849625865,0.01616629977746986,0.007162189438456368,0.012625118939773916,0.010940497866573829,0.010781948516625568,55.00947332297008,-0.016677434245536915,-0.07537560677515615,0.05869817252961923,2.1972245773362196,13.287741661071776,2024-12-30,0.05397723582230585
2024-12-26,10,0.627929411130026,0.3291157289027513,1.0,0.0,0.0,2,2024-12-25,2024-12-26,2024-12-26,13.38211441040039,14.18000030517578,14.199999809265137,14.079999923706056,14.079999923706056,2126300,2024-12-26,13.38211441040039,0.0071022414294139,0.0394922693320858,0.0067842306554783,14.079999923706056,14.199999809265137,14.079999923706056,2126300,0.007102241429413958,0.0070771392969439795,-0.04956573274767266,0.008967184248986695,14.569894408295204,0.22285484242005982,0.010835464765073244,0.019703712678059482,0.009498209078332653,0.01615572058230974,0.006895387216946592,0.009990443426520819,57.541743821567415,0.0063736127520979124,-0.05902576286970534,0.06539937562180326,2.3978952727983707,13.38211441040039,2024-12-31,0.05359657997155676
2024-12-27,15,0.7595816345419735,0.2638812950266528,0.9333333333333332,0.0,0.0666666666666666,1,2024-12-27,2024-12-27,2024-12-27,13.910604476928713,14.739999771118164,15.039999961853027,14.420000076293944,14.420000076293944,17025100,2024-12-27,13.910604476928713,0.0394922693320858,0.0067842306554783,0.0067385150153387,14.420000076293944,15.039999961853027,14.420000076293944,17025100,0.03949226933208605,0.03873239137830664,-0.035325630837038775,0.04457030509259163,16.65019934243453,7.006913417673893,0.038906129372133114,0.052556425696405284,0.03237760962255476,0.045585679209888985,0.01597070799130731,0.015149346789718207,68.3015037795273,0.0665196678407991,-0.03391667672760445,0.10043634456840356,2.772588722239781,13.910604476928713,2025-01-02,0.0013568187081516303
2024-12-30,9,0.3882203352016707,0.6605184603944491,0.6666666666666666,0.2222222222222222,0.1111111111111111,1,2024-12-30,2024-12-30,2024-12-30,14.004977226257324,14.84000015258789,14.899999618530272,14.539999961853027,14.579999923706056,7852900,2024-12-30,14.004977226257324,0.0067842306554783,0.0067385150153387,-0.0120481675081032,14.579999923706056,14.899999618530272,14.539999961853027,7852900,0.006784230655478174,0.006761321319131319,-0.03943914269257202,0.02570512260471917,15.876393575630406,-0.5387457342394464,0.032850759029048104,0.05009904921137687,0.02591415225948346,0.0426922344893621,0.015028676115756003,0.013149287928015065,69.77452183966591,0.12041289706937697,-0.0030507619682081655,0.12346365903758513,2.302585092994046,14.004977226257324,2025-01-03,-0.01617251775127515
2024-12-31,8,0.2445189231948461,0.6313891820352174,0.625,0.375,0.0,1,2024-12-31,2024-12-31,2024-12-31,14.099349975585938,14.9399995803833,14.960000038146973,14.779999732971191,14.84000015258789,7707100,2024-12-31,14.099349975585938,0.0067385150153387,-0.0120481675081032,-0.0108401158227063,14.84000015258789,14.960000038146973,14.779999732971191,7707100,0.006738515015338731,0.0067159127035645305,-0.04990904106377613,0.01276656764230018,15.85765266964377,-0.01856638948668643,0.02638083609247377,0.048126799391603026,0.021647978627227227,0.04031428723926034,0.014725905389283643,0.013132830768815638,71.21504312032671,0.16879302080380043,0.03131799458619356,0.13747502621760688,2.1972245773362196,14.099349975585938,2025-01-06,-0.02409633501620645
2025-01-02,9,-0.2276942964332799,0.7345829779977763,0.3333333333333333,0.6666666666666666,0.0,2,2025-01-01,2025-01-02,2025-01-02,13.929478645324709,14.760000228881836,14.9399995803833,14.65999984741211,14.9399995803833,9167400,2025-01-02,13.929478645324709,-0.0120481675081032,-0.0108401158227063,-0.001369829354465,14.9399995803833,14.9399995803833,14.65999984741211,9167400,-0.012048167508103114,-0.012121334961278762,-0.06763861870420923,0.02010123566722079,16.031164379851038,0.18947464026676708,0.004628365453992034,0.028571416096923707,0.006206673737476409,0.022615194492732194,0.018604740113885618,0.014682091536275595,65.19221589117937,0.19122311965404748,0.06329901959976435,0.12792410005428312,2.302585092994046,13.929478645324709,2025-01-07,-0.02981038697690852
2025-01-03,11,0.1856092477894642,0.6285416207005391,0.5454545454545454,0.3636363636363636,0.0909090909090909,1,2025-01-03,2025-01-03,2025-01-03,13.778481483459473,14.600000381469728,14.800000190734863,14.4399995803833,14.800000190734863,6305500,2025-01-03,13.778481483459473,-0.0108401158227063,-0.001369829354465,-0.0178327631686012,14.800000190734863,14.800000190734863,14.4399995803833,6305500,-0.010840115822706498,-0.010899297960991206,-0.06902153338584986,0.026127742072573755,15.656932984969758,-0.31218229814342124,-0.01191121550940577,0.013748075293666284,-0.003138733537409566,0.00941384220437147,0.020809944535613488,0.014813909825262891,60.30964231599883,0.19457202043175315,0.08955361976616211,0.10501840066559104,2.4849066497880004,13.778481483459473,2025-01-08,-0.019178164680606735
2025-01-06,3,-0.4222976018985112,0.6866197134360728,0.3333333333333333,0.6666666666666666,0.0,1,2025-01-06,2025-01-06,2025-01-06,13.759607315063477,14.579999923706056,14.640000343322754,14.520000457763672,14.600000381469728,4979800,2025-01-06,13.759607315063477,-0.001369829354465,-0.0178327631686012,0.0,14.600000381469728,14.640000343322754,14.520000457763672,4979800,-0.0013698293544650575,-0.001370768428373914,-0.05756116742797321,0.008721170801706738,15.420900488363063,-0.21024502418523516,-0.0111231421009097,0.007880563281404962,-0.0030073575518393403,0.006561333432113514,0.009123138618712993,0.014168670223490684,59.707683197314935,0.19347282646324615,0.11033746110557893,0.08313536535766722,1.3862943611198906,13.759607315063477,2025-01-09,-0.03155012401585422
2025-01-07,5,0.4660007655154913,0.6613963779672357,0.6,0.4,0.0,1,2025-01-07,2025-01-07,2025-01-07,13.514235496520996,14.31999969482422,14.579999923706056,14.260000228881836,14.579999923706056,7647300,2025-01-07,13.514235496520996,-0.0178327631686012,0.0,-0.0139664207202705,14.579999923706056,14.579999923706056,14.260000228881836,7647300,-0.017832763168601273,-0.017993682855156568,-0.07309769772029986,0.0236787123405241,15.84986333309295,0.5356640828948953,-0.02185799410711453,-0.012686247812793927,-0.013954348128614402,-0.00933714535889174,0.009721111398408824,0.015834535512906655,52.38709317414402,0.1708329957897945,0.12243656804242205,0.04839642774737245,1.791759469228055,13.514235496520996,2025-01-10,-0.015363034565046063
2025-01-08,5,-0.2685583086218684,0.7071997353357635,0.2,0.8,0.0,1,2025-01-08,2025-01-08,2025-01-08,13.514235496520996,14.31999969482422,14.5,14.300000190734863,14.31999969482422,5157200,2025-01-08,13.514235496520996,0.0,-0.0139664207202705,-0.0014163958247705,14.31999969482422,14.5,14.300000190734863,5157200,0.0,0.0,-0.05626845080132631,0.014799195212827479,15.455904548422469,-0.32561819204163556,-0.013502400655430735,-0.014859738628072328,-0.009346372932958369,-0.007652473886553879,0.0075535084565302975,0.015847733903833178,52.38709317414402,0.151148421948319,0.12817893882360146,0.022969483124717555,1.791759469228055,13.514235496520996,2025-01-13,-0.029329525853445615
2025-01-09,4,0.0535422225948422,1.0335463305096908,0.5,0.5,0.0,1,2025-01-09,2025-01-09,2025-01-09,13.32548999786377,14.119999885559082,14.359999656677246,14.119999885559082,14.34000015258789,4188600,2025-01-09,13.32548999786377,-0.0139664207202705,-0.0014163958247705,-0.0141844068206703,14.34000015258789,14.359999656677246,14.119999885559082,4188600,-0.013966420720270545,-0.014064868894762217,-0.07074687196157636,0.01801057755899699,15.247877345929775,-0.18781509346156833,-0.018626625709963096,-0.02888584551355311,-0.015575194914834056,-0.01766985279800859,0.007827710476932837,0.0165914216351897,47.2219638658242,0.11894692492096404,0.12633253604307398,-0.007385611122109947,1.6094379124341003,13.32548999786377,2025-01-14,-0.02124643834527251
2025-01-10,8,0.0154454947914928,0.6850093599394669,0.5,0.375,0.125,1,2025-01-10,2025-01-10,2025-01-10,13.306615829467772,14.100000381469728,14.279999732971191,14.079999923706056,14.140000343322754,9724600,2025-01-10,13.306615829467772,-0.0014163958247705,-0.0141844068206703,-0.0057553996584389,14.140000343322754,14.279999732971191,14.079999923706056,9724600,-0.001416395824770711,-0.0014173998615243377,-0.05893808300001395,0.015030103207926939,16.090169418349465,1.3216826624647853,-0.013157854720718287,-0.02972747709122492,-0.011377376308944087,-0.01564978163179087,0.00833247945503224,0.01642728806215552,46.72584022432206,0.09085667962952648,0.11923736476036449,-0.02838068513083801,2.1972245773362196,13.306615829467772,2025-01-15,-0.04255314879282579
2025-01-13,7,0.0765639238192566,0.7485820814232876,0.4285714285714285,0.5714285714285714,0.0,1,2025-01-13,2025-01-13,2025-01-13,13.11786937713623,13.899999618530272,14.0600004196167,13.699999809265137,14.039999961853027,10468900,2025-01-13,13.11786937713623,-0.0141844068206703,-0.0057553996584389,-0.0231547910096265,14.039999961853027,14.0600004196167,13.699999809265137,10468900,-0.014184406820670237,-0.01428596704398366,-0.06567881675372114,0.027443527603577527,16.16391961076619,0.07653785245665623,-0.017806633420484608,-0.03792910996669707,-0.01707819890167972,-0.024359319692131454,0.008168845990394254,0.009032510692786396,41.9763577842182,0.05275655188324002,0.1059412021849396,-0.05318465030169958,2.0794415416798357,13.11786937713623,2025-01-16,-0.056115110319581385
2025-01-14,6,0.3561575953693439,0.6751899132431471,0.6666666666666666,0.1666666666666666,0.1666666666666666,1,2025-01-14,2025-01-14,2025-01-14,13.042370796203612,13.81999969482422,13.979999542236328,13.619999885559082,13.81999969482422,9643600,2025-01-14,13.042370796203612,-0.0057553996584389,-0.0231547910096265,-0.028148203485015,13.81999969482422,13.979999542236328,13.619999885559082,9643600,-0.005755399658439075,-0.005772025795118374,-0.056268373067464086,0.02760231727057133,16.08180514455299,-0.07883349731108336,-0.016510088311831872,-0.036665259763951186,-0.015272613651823863,-0.024658998083711747,0.006742617583131484,0.007887061720200528,40.215488220311876,0.016282131359380614,0.08800938801982781,-0.0717272566604472,1.9459101490553132,13.042370796203612,2025-01-17,-0.015918932529350505
2025-01-15,6,-0.3161885949472586,0.6973232362887763,0.3333333333333333,0.6666666666666666,0.0,1,2025-01-15,2025-01-15,2025-01-15,12.74037742614746,13.5,13.960000038146973,13.359999656677246,13.84000015258789,9961600,2025-01-15,12.74037742614746,-0.0231547910096265,-0.028148203485015,0.0365853912147338,13.84000015258789,13.960000038146973,13.359999656677246,9961600,-0.023154791009626585,-0.023427074506478185,-0.07945250825989457,0.047094396139185625,16.1142483596149,0.03297523746318798,-0.02793774164026719,-0.04942959637999744,-0.025708790519334168,-0.03898810472405345,0.008420389884598437,0.007736534442344369,34.060625672068156,-0.036570884398656744,0.0630933335361309,-0.09966421793478765,1.9459101490553132,12.74037742614746,2025-01-20,0.02074067908282906
2025-01-16,11,0.1673717545557089,0.7618719430952239,0.5454545454545454,0.4545454545454545,0.0,1,2025-01-16,2025-01-16,2025-01-16,12.381758689880373,13.119999885559082,13.739999771118164,13.079999923706056,13.579999923706056,16642000,2025-01-16,12.381758689880373,-0.028148203485015,0.0365853912147338,0.0132352658165337,13.579999923706056,13.739999771118164,13.079999923706056,16642000,-0.028148203485014678,-0.028551958868053617,-0.08823573199981852,0.05330420854926904,16.62744023853144,0.6706151622229362,-0.04149621447107221,-0.06539392266751187,-0.036060903886748985,-0.054688444852744045,0.011279651252001224,0.009638447159494943,28.48534487207155,-0.10617094255063542,0.02924047831877764,-0.13541142086941305,2.4849066497880004,12.381758689880373,2025-01-21,0.04268295641718933
2025-01-17,12,0.2835929215652868,0.6721100758276969,0.5833333333333334,0.1666666666666666,0.25,1,2025-01-17,2025-01-17,2025-01-17,12.834750175476074,13.600000381469728,13.739999771118164,13.15999984741211,13.18000030517578,16600500,2025-01-17,12.834750175476074,0.0365853912147338,0.0132352658165337,-0.0072568624382477,13.18000030517578,13.739999771118164,13.15999984741211,16600500,0.03658539121473359,0.035932033692041454,-0.02619500164686079,0.04518981014638573,16.624943433594236,-0.0024936906621800814,0.0008831402100915042,-0.024250220952238388,-0.0005300170540051274,-0.016508950279093493,0.025792689702269014,0.018070149548032165,41.5092950577616,-0.12335490444497133,-0.001278598233972153,-0.12207630621099917,2.5649493574615367,12.834750175476074,2025-01-22,0.02058824906222667
2025-01-20,6,0.6016198047436775,0.6257218538284715,0.8333333333333334,0.1666666666666666,0.0,2,2025-01-18,2025-01-20,2025-01-20,13.004621505737305,13.779999732971191,13.859999656677246,13.5600004196167,13.68000030517578,9424400,2025-01-20,13.004621505737305,0.0132352658165337,-0.0072568624382477,0.0146198927606138,13.68000030517578,13.859999656677246,13.5600004196167,9424400,0.013235265816533781,0.013148444912073565,-0.04936979417924045,0.023068663469228607,16.058812734902027,-0.43228216017589827,0.01592448704110394,-0.005628510846233614,0.008429808006174877,-0.002859057453154845,0.02676180335479167,0.019128214420496642,45.51637842173706,-0.12186137924795837,-0.025395154436769395,-0.09646622481118897,1.9459101490553132,13.004621505737305,2025-01-23,0.0014514164877450497
2025-01-21,3,0.9291613027453424,0.0349234113696376,1.0,0.0,0.0,1,2025-01-21,2025-01-21,2025-01-21,12.910248756408691,13.68000030517578,13.880000114440918,13.619999885559082,13.779999732971191,8858700,2025-01-21,12.910248756408691,-0.0072568624382477,0.0146198927606138,-0.0057636925374429,13.779999732971191,13.880000114440918,13.619999885559082,8858700,-0.0072568624382477465,-0.007283321548934296,-0.06311690808537973,0.020139056480439305,15.996910697836896,-0.060025041381944755,0.010638305020197913,-0.008264435564810935,0.0007409065009589266,-0.008274874682817734,0.02683056161901125,0.01865486398636141,43.72422634880797,-0.1268308152451958,-0.04568228659845468,-0.08114852864674112,1.3862943611198906,12.910248756408691,2025-01-24,0.005847957104245571
2025-01-22,1,0.4957356452941894,0.0,1.0,0.0,0.0,1,2025-01-22,2025-01-22,2025-01-22,13.098995208740234,13.880000114440918,13.880000114440918,13.699999809265137,13.699999809265137,5921200,2025-01-22,13.098995208740234,0.0146198927606138,-0.0057636925374429,-0.0028985526349126,13.699999809265137,13.880000114440918,13.699999809265137,5921200,0.014619892760613817,0.014514052463879157,-0.04386894955417813,0.013741535309187456,15.594049857906146,-0.33159492927856227,0.01968853086295841,0.009454570255258421,0.010195513598345807,0.005086640342453874,0.024514158781639536,0.019588087412301978,48.12362814219654,-0.11422218553857633,-0.05939026638647901,-0.054831919152097314,0.6931471805599453,13.098995208740234,2025-01-27,-0.03170038176108669
2025-01-23,5,-0.3612098544836044,0.5730591758109411,0.4,0.6,0.0,1,2025-01-23,2025-01-23,2025-01-23,13.023496627807615,13.800000190734863,13.880000114440918,13.760000228881836,13.880000114440918,10695200,2025-01-23,13.023496627807615,-0.0057636925374429,-0.0028985526349126,-0.0232559027647473,13.880000114440918,13.880000114440918,13.760000228881836,10695200,-0.0057636925374431325,-0.005780366714029039,-0.06170774348497203,0.00921410654822605,16.185305694150934,0.8062554887522799,0.0037823782248855853,0.005977562826295468,0.002911127993709073,-0.0005780133469408533,0.01791984519070743,0.019243960424215077,46.55582735895289,-0.10906463099338559,-0.06932513930786033,-0.03973949168552526,1.791759469228055,13.023496627807615,2025-01-28,-0.014492763174563383
2025-01-24,4,-0.2670795675367117,0.4514370606345267,0.25,0.5,0.25,1,2025-01-24,2025-01-24,2025-01-24,12.985747337341309,13.760000228881836,13.84000015258789,13.619999885559082,13.800000190734863,6074000,2025-01-24,12.985747337341309,-0.0028985526349126,-0.0232559027647473,0.0119048460444524,13.800000190734863,13.84000015258789,13.619999885559082,6074000,-0.0028985526349125657,-0.0029027615737895474,-0.059003829140541114,0.016941671612244018,15.619528089223971,-0.43208168150198223,-0.0014513724450758714,0.0055539427160773425,2.7581969159751196e-06,-0.0028448896889503583,0.010661888605239617,0.01924361337365012,45.75320959451874,-0.10679224953798894,-0.07681856135388605,-0.029973688184102884,1.6094379124341003,12.985747337341309,2025-01-31,-0.011627914662333927
2025-01-27,7,-0.2522867239812122,0.8164701941476779,0.2857142857142857,0.7142857142857143,0.0,1,2025-01-27,2025-01-27,2025-01-27,12.683752059936523,13.4399995803833,13.760000228881836,13.359999656677246,13.760000228881836,18384500,2025-01-27,12.683752059936523,-0.0232559027647473,0.0119048460444524,0.0,13.760000228881836,13.760000228881836,13.359999656677246,18384500,-0.023255902764747316,-0.02353058833601107,-0.07821570865139225,0.031536454695298706,16.72701853065757,2.026753375041159,-0.019836711847155075,-0.014518330634755938,-0.01562323593007442,-0.02140237214050955,0.013493251359584381,0.02006388953907971,39.836361431868426,-0.12788567936405038,-0.08703198495591892,-0.040853694408131455,2.0794415416798357,12.683752059936523,2025-02-03,0.010416712093148428
2025-01-28,9,-0.0547601879677838,0.9168140558880118,0.4444444444444444,0.5555555555555556,0.0,1,2025-01-28,2025-01-28,2025-01-28,12.834750175476074,13.600000381469728,13.65999984741211,13.239999771118164,13.479999542236328,5305700,2025-01-28,12.834750175476074,0.0119048460444524,0.0,-0.0014706263707709,13.479999542236328,13.65999984741211,13.239999771118164,5305700,0.01190484604445241,0.011834540796811233,-0.0478671653317584,0.03272366587208359,15.484292460791613,-0.711403628056243,-0.007009335795726601,-0.0011750815035553863,-0.0026063134172118474,-0.007993342692061534,0.015265218829972364,0.0205824715135676,43.75309094159604,-0.13090905044554368,-0.09580739805384388,-0.03510165239169981,2.302585092994046,12.834750175476074,2025-02-04,-0.0044118048082321115
2025-01-31,8,0.7061121796141379,0.3147562262546658,1.0,0.0,0.0,2,2025-01-29,2025-01-31,2025-01-31,12.834750175476074,13.600000381469728,13.699999809265137,13.520000457763672,13.579999923706056,7179400,2025-01-31,12.834750175476074,0.0,-0.0014706263707709,-0.0029455101824106,13.579999923706056,13.699999809265137,13.520000457763672,7179400,0.0,0.0,-0.05487847955941663,0.014024375156549411,15.786726511360405,0.35314850066909176,-0.002932538501217885,-0.0019081070059361327,-0.0017390531172990498,-0.006549526313194387,0.012689342784988476,0.019114950352511997,43.75309094159604,-0.1317859474416352,-0.10300310793140215,-0.02878283951023304,2.1972245773362196,12.834750175476074,2025-02-05,0.0014705520666900007
2025-02-03,1,-0.8172615356743337,0.0,0.0,1.0,0.0,1,2025-02-03,2025-02-03,2025-02-03,12.815875053405762,13.579999923706056,13.640000343322754,13.399999618530272,13.479999542236328,6631100,2025-02-03,12.815875053405762,-0.0014706263707709,-0.0029455101824106,0.0059084236869531,13.479999542236328,13.640000343322754,13.399999618530272,6631100,-0.0014706263707709999,-0.001471708803097993,-0.049267396986898436,0.01872683088687753,15.70728141172347,-0.07637128450845476,-0.0011768323894384425,-0.006729108083706081,-0.0021403694691279895,-0.006563622096640409,0.012685637151806706,0.01625821509319873,43.34401285918666,-0.13247684858729514,-0.10889785606258075,-0.02357899252471439,0.6931471805599453,12.815875053405762,2025-02-06,0.010309322845194702
2025-02-04,4,0.6534042023122311,0.211937848710677,1.0,0.0,0.0,1,2025-02-04,2025-02-04,2025-02-04,12.778125762939451,13.539999961853027,13.699999809265137,13.539999961853027,13.699999809265137,6676600,2025-02-04,12.778125762939451,-0.0029455101824106,0.0059084236869531,0.0073421861786338,13.699999809265137,13.699999809265137,13.539999961853027,6676600,-0.0029455101824107377,-0.002949856734836054,-0.06729007731096709,0.012521386186083628,15.714119583678396,0.006861606671592968,-0.0008854862355918147,-0.009219986742063924,-0.003392126968958964,-0.007777801009769325,0.012685427349501805,0.011426726549932223,42.488411097422215,-0.13451978463790581,-0.11402224177764578,-0.020497542860260037,1.6094379124341003,12.778125762939451,2025-02-07,0.014771059217382865
2025-02-05,3,0.0581924145420392,0.7843646769118153,0.6666666666666666,0.3333333333333333,0.0,1,2025-02-05,2025-02-05,2025-02-05,12.85362434387207,13.619999885559082,13.68000030517578,13.5600004196167,13.640000343322754,5035700,2025-02-05,12.85362434387207,0.0059084236869531,0.0073421861786338,0.0014576900867351,13.640000343322754,13.68000030517578,13.5600004196167,5035700,0.0059084236869533235,0.005891037401800414,-0.057652197922094736,0.009335879309114076,15.432063299865886,-0.24576880448132288,0.002355005889411066,-0.002197822210822986,0.0016627861505851271,-0.0015676356257954271,0.006155829888909005,0.010666070970458028,44.83387996487033,-0.1285647077411909,-0.1169307349703548,-0.011633972770836082,1.3862943611198906,12.85362434387207,2025-02-10,0.01615276507601049
2025-02-06,5,0.2628938784822822,0.7087897359227584,0.6,0.2,0.2,1,2025-02-06,2025-02-06,2025-02-06,12.947998046875,13.720000267028809,13.760000228881836,13.640000343322754,13.699999809265137,7475000,2025-02-06,12.947998046875,0.0073421861786338,0.0014576900867351,0.007278062237074,13.699999809265137,13.760000228881836,13.640000343322754,7475000,0.007342186178633803,0.007315363540875808,-0.0548906403547223,0.009267833152635052,15.82707481102028,0.48440137418829554,0.007934203476776647,0.004833770163843232,0.005993439234713849,0.00471027955059955,0.004583840004893341,0.010731041392743154,47.7048747565764,-0.11490553776499723,-0.1165256955292833,0.001620157764286062,1.791759469228055,12.947998046875,2025-02-12,0.01603495922504017
2025-02-07,5,0.3645494658499956,0.5803313473082091,0.4,0.4,0.2,1,2025-02-07,2025-02-07,2025-02-07,12.966872215270996,13.739999771118164,13.779999732971191,13.600000381469728,13.699999809265137,4371000,2025-02-07,12.966872215270996,0.0014576900867351,0.007278062237074,0.0072254017663488,13.699999809265137,13.779999732971191,13.600000381469728,4371000,0.0014576900867351306,0.0014566286878761048,-0.05351296381028675,0.013881478008974213,15.290502602626026,-0.41525083612040137,0.007331375996147971,0.007331368533214588,0.004960908029393307,0.0050464726914678515,0.004488738002083862,0.009524908161239149,48.28454608285405,-0.10138881238152031,-0.1134983188997307,0.012109506518210383,1.791759469228055,12.966872215270996,2025-02-13,0.010189272422507445
2025-02-10,4,0.0052282074466347,0.4295885530435717,0.5,0.5,0.0,1,2025-02-10,2025-02-10,2025-02-10,13.061245918273926,13.84000015258789,13.84000015258789,13.619999885559082,13.699999809265137,4524500,2025-02-10,13.061245918273926,0.007278062237074,0.0072254017663488,-0.0043041274069267,13.699999809265137,13.84000015258789,13.619999885559082,4524500,0.007278062237074057,0.007251704951489746,-0.04662437225431418,0.016843742810248086,15.325017852792199,0.03511782200869362,0.01080926122886372,0.014365320885763477,0.008150036602830868,0.010091081291700776,0.004474299941506485,0.009687404890964457,51.19748051003993,-0.08211497074601048,-0.10722164926898667,0.025106678522976184,1.6094379124341003,13.061245918273926,2025-02-14,0.0043352264566953735
2025-02-12,3,-0.0248612016439437,0.7988582509889467,0.3333333333333333,0.6666666666666666,0.0,1,2025-02-12,2025-02-12,2025-02-12,13.15561866760254,13.9399995803833,13.9399995803833,13.800000190734863,13.84000015258789,6382900,2025-02-12,13.15561866760254,0.0072254017663488,-0.0043041274069267,0.0014408867317854,13.84000015258789,13.9399995803833,13.800000190734863,6382900,0.007225401766348893,0.007199423611022215,-0.04944952871675943,0.010641794444316375,15.669133254169614,0.4107415183998231,0.012198657604973961,0.020348414630492195,0.01023688397171596,0.014182844943718242,0.0025225591502421887,0.009840077609035946,53.98846476474628,-0.0585502889398839,-0.09748737720316612,0.038937088263282224,1.3862943611198906,13.15561866760254,2025-02-17,-0.0014346849717129517
2025-02-13,2,-0.2705796603113413,0.7619544902999684,0.5,0.5,0.0,1,2025-02-13,2025-02-13,2025-02-13,13.098995208740234,13.880000114440918,14.0,13.859999656677246,13.9399995803833,5996700,2025-02-13,13.098995208740234,-0.0043041274069267,0.0014408867317854,0.0014388862648084,13.9399995803833,14.0,13.859999656677246,5996700,-0.004304127406926872,-0.004313416828111816,-0.060330301073075195,0.010687868885495845,15.606720042645218,-0.06050541290009248,0.004050943270273555,0.012695197088967713,0.003918106296035173,0.008018328385275275,0.00518509097662553,0.005398106354253262,52.064524772043846,-0.043937662716807324,-0.08677743430589437,0.04283977158908704,1.0986122886681098,13.098995208740234,2025-02-18,0.004322733000507117
2025-02-14,5,0.442955589434132,0.7278586689448268,0.8,0.2,0.0,1,2025-02-14,2025-02-14,2025-02-14,13.11786937713623,13.899999618530272,13.920000076293944,13.81999969482422,13.880000114440918,3482700,2025-02-14,13.11786937713623,0.0014408867317854,0.0014388862648084,0.001436746249966,13.880000114440918,13.920000076293944,13.81999969482422,3482700,0.0014408867317854401,0.001439849650590297,-0.05490855410813416,0.007623218267748459,15.063318700127741,-0.4192305768172495,0.002885990260858451,0.011939422692153201,0.0035700417222848113,0.007735490499909625,0.004837150016907809,0.0044653745650652535,52.66998180722697,-0.030482678166089627,-0.07551848307793342,0.045035804911843794,1.791759469228055,13.11786937713623,2025-02-19,-0.002877699829219482
2025-02-17,6,-0.4780228622257709,0.3734195449459336,0.0,0.8333333333333334,0.1666666666666666,1,2025-02-17,2025-02-17,2025-02-17,13.136744499206545,13.920000076293944,13.9399995803833,13.800000190734863,13.899999618530272,1608800,2025-02-17,13.136744499206545,0.0014388862648084,0.001436746249966,-0.0057388848704275,13.899999618530272,13.9399995803833,13.800000190734863,1608800,0.001438886264808481,0.0014378520599169775,-0.05491044174607181,0.010657084002577154,14.29099973902169,-0.5380595514974014,0.0017271314165205887,0.011040122524348606,0.0033371323813138343,0.007502884518308051,0.004838286371594191,0.0044096843218890056,53.305168992107085,-0.018087934912299986,-0.06403237344480674,0.04594443853250675,1.9459101490553132,13.136744499206545,2025-02-20,-0.008620695287616331
2025-02-18,4,-0.2409451380372047,0.4003354037871163,0.25,0.75,0.0,1,2025-02-18,2025-02-18,2025-02-18,13.15561866760254,13.9399995803833,13.979999542236328,13.84000015258789,13.920000076293944,2056000,2025-02-18,13.15561866760254,0.001436746249966,-0.0057388848704275,-0.0043289708723707,13.920000076293944,13.979999542236328,13.84000015258789,2056000,0.0014367462499660366,0.0014357151176045413,-0.05491245721996514,0.010641794444316375,14.536273391938398,0.2779711586275484,0.0017246201567240327,0.009852208815114283,0.003180715628918751,0.007311165338460324,0.0040763218778494875,0.00422261449861668,53.97038869429992,-0.006665191751249466,-0.052558937106095285,0.04589374535484582,1.6094379124341003,13.15561866760254,2025-02-21,0.0028694424352135872
2025-02-19,9,0.1266994147251049,0.7747712941316534,0.4444444444444444,0.4444444444444444,0.1111111111111111,1,2025-02-19,2025-02-19,2025-02-19,13.080120086669922,13.859999656677246,13.960000038146973,13.84000015258789,13.9399995803833,2783300,2025-02-19,13.080120086669922,-0.0057388848704275,-0.0043289708723707,0.0130434502435023,13.9399995803833,13.960000038146973,13.84000015258789,2783300,-0.0057388848704276185,-0.0057554155456394085,-0.061684327087313674,0.009174218949363858,14.839148191324986,0.3537451361867705,-0.0028777143274567596,0.0017345919481559502,-0.0017190917040090792,0.0012517337885580293,0.0035746522854822526,0.0046979186247156106,50.849768448825444,-0.0036624713233841533,-0.04277964394955306,0.03911717262616891,2.302585092994046,13.080120086669922,2025-02-24,-0.015872990412307053
2025-02-20,8,-0.045288357854588,0.876100003522329,0.375,0.5,0.125,1,2025-02-20,2025-02-20,2025-02-20,13.023496627807615,13.800000190734863,13.880000114440918,13.68000030517578,13.859999656677246,5247400,2025-02-20,13.023496627807615,-0.0043289708723707,0.0130434502435023,-0.0243204383555623,13.859999656677246,13.880000114440918,13.68000030517578,5247400,-0.00432897087237083,-0.0043383679965014466,-0.06035375538170622,0.015356844247043554,15.47324346437223,0.8853159918082851,-0.00605011190567184,-0.003897775646062418,-0.004035205500907857,-0.0025235873571572975,0.0035801537018312736,0.004944914842669443,48.5809803276526,-0.005785146095997007,-0.035380744378841845,0.02959559828284484,2.1972245773362196,13.023496627807615,2025-02-25,-0.028985599576336396
2025-02-21,4,0.7237038100138307,0.1472658294157187,1.0,0.0,0.0,1,2025-02-21,2025-02-21,2025-02-21,13.193367958068848,13.979999542236328,13.979999542236328,13.760000228881836,13.800000190734863,2600400,2025-02-21,13.193367958068848,0.0130434502435023,-0.0243204383555623,-0.0175953937361912,13.800000190734863,13.979999542236328,13.760000228881836,2600400,0.013043450243502619,0.012959116985876484,-0.04395885683199486,0.016674992621572737,14.771176221868599,-0.5044402942409574,0.005755385034675875,0.0072046012681332705,0.005952637988728027,0.008563900097811272,0.0074009061029224185,0.005943597602076724,55.05917998524837,0.006168706522890588,-0.02707085419849536,0.03323956072138595,1.6094379124341003,13.193367958068848,2025-02-26,-0.028612322938527446
2025-02-24,5,-0.3014434077776969,0.6828448763677701,0.2,0.8,0.0,1,2025-02-24,2025-02-24,2025-02-24,12.872499465942385,13.640000343322754,13.960000038146973,13.640000343322754,13.960000038146973,7339100,2025-02-24,12.872499465942385,-0.0243204383555623,-0.0175953937361912,0.0134328836575656,13.960000038146973,13.960000038146973,13.640000343322754,7339100,-0.02432043835556219,-0.024621064464451337,-0.0779011869078004,0.024859173284167764,15.808726913525431,1.8222965697584987,-0.014735613646667312,-0.016582545232210255,-0.012418345925490848,-0.013100147951302432,0.013565469713291317,0.010211864113728883,43.827002156831156,-0.01013238503106706,-0.0236831603650097,0.013550775333942642,1.791759469228055,12.872499465942385,2025-02-27,-0.005865106550003829
2025-02-25,5,-0.0558208440430461,0.9155286034969168,0.4,0.6,0.0,1,2025-02-25,2025-02-25,2025-02-25,12.646002769470217,13.399999618530272,13.760000228881836,13.15999984741211,13.760000228881836,10718900,2025-02-25,12.646002769470217,-0.0175953937361912,0.0134328836575656,-0.0014727178844475,13.760000228881836,13.760000228881836,13.15999984741211,10718900,-0.017595393736191234,-0.017752032813800778,-0.08095911634313577,0.04744585244898397,16.187519189694818,0.46051968224986717,-0.024461330713435037,-0.03081158310219123,-0.02006274740138625,-0.025064777610255273,0.014314499331389575,0.011052029583163795,37.94285272049504,-0.04085653927161914,-0.027117836146331592,-0.013738703125287549,1.791759469228055,12.646002769470217,2025-02-28,0.014925459803118768
2025-02-26,9,0.350524258075489,0.6391166171640466,0.7777777777777778,0.2222222222222222,0.0,1,2025-02-26,2025-02-26,2025-02-26,12.815875053405762,13.579999923706056,13.600000381469728,13.300000190734863,13.399999618530272,8006500,2025-02-26,12.815875053405762,0.0134328836575656,-0.0014727178844475,0.0029498544858683,13.399999618530272,13.600000381469728,13.300000190734863,8006500,0.013432883657565453,0.013343462376288251,-0.04359138669800779,0.023408482798460285,15.89576439464318,-0.25304835384227864,-0.007309953983255513,-0.01522844782206112,-0.004610178630957362,-0.009813835565618767,0.017264393090586385,0.011846552897984126,44.01394875964473,-0.050911503114553724,-0.031876569539976016,-0.01903493357457771,2.302585092994046,12.815875053405762,2025-03-03,0.008836530547231769
2025-02-27,5,0.0560642728582024,0.5097807975520134,0.4,0.6,0.0,1,2025-02-27,2025-02-27,2025-02-27,12.797000885009766,13.5600004196167,13.579999923706056,13.4399995803833,13.579999923706056,5791900,2025-02-27,12.797000885009766,-0.0014727178844475,0.0029498544858683,0.007352908941612,13.579999923706056,13.579999923706056,13.4399995803833,5791900,-0.001472717884447583,-0.001473803399333562,-0.0576582505961168,0.010940090149306015,15.571971120360173,-0.27660026228689194,-0.005281664169361933,-0.014391610865820303,-0.00405895890482566,-0.009241567974096143,0.017296096724430984,0.011833785780157377,43.504686697933586,-0.059714767386454426,-0.0374442091092717,-0.022270558277182724,1.791759469228055,12.797000885009766,2025-03-04,0.002949854485868375
2025-02-28,5,0.0347734336275607,0.8731970204329319,0.4,0.6,0.0,1,2025-02-28,2025-02-28,2025-02-28,12.834750175476074,13.600000381469728,13.65999984741211,13.399999618530272,13.479999542236328,11702300,2025-02-28,12.834750175476074,0.0029498544858683,0.007352908941612,-0.0072992383069974,13.479999542236328,13.65999984741211,13.399999618530272,11702300,0.002949854485868375,0.002945512202431555,-0.0478671653317584,0.020257521597781596,16.275296047098298,1.0204596073827243,0.0032458198336218214,-0.009323993623703508,-0.0007476645680996041,-0.005176017014781098,0.01538287790695868,0.011895768975032927,44.87840726145004,-0.06292006217896251,-0.04253937972320987,-0.02038068245575264,1.791759469228055,12.834750175476074,2025-03-05,0.01617644425399467
2025-03-03,4,0.2978976262966171,0.495677393826161,0.75,0.25,0.0,2,2025-03-01,2025-03-03,2025-03-03,12.929122924804688,13.699999809265137,13.800000190734863,13.420000076293944,13.4399995803833,2804100,2025-03-03,12.929122924804688,0.007352908941612,-0.0072992383069974,0.0161764442539948,13.4399995803833,13.800000190734863,13.420000076293944,2804100,0.007352908941612002,0.007326008092504832,-0.03801165710780799,0.029391020307486186,14.846593546459383,-0.7603804380335489,0.009728772948142561,-0.00043777584390403135,0.004390173232009298,0.001749274135851353,0.011732634784923554,0.012234300253477578,48.2652192507874,-0.05718598479441184,-0.04546870073745026,-0.011717284056961576,1.6094379124341003,12.929122924804688,2025-03-06,0.011678840300570092
2025-03-04,4,0.2255618777126074,0.656709833299893,0.5,0.5,0.0,1,2025-03-04,2025-03-04,2025-03-04,12.834750175476074,13.600000381469728,13.720000267028809,13.460000038146973,13.5,6293800,2025-03-04,12.834750175476074,-0.0072992383069974,0.0161764442539948,0.0028943580163582,13.5,13.720000267028809,13.460000038146973,6293800,-0.007299238306997413,-0.007326008092504832,-0.04927776477955006,0.020257521597781457,15.655075738693238,1.2444991262793765,-0.0005878750263420551,-0.005266219011947126,-0.0019626641341127238,-0.004555934522708083,0.007966722091719817,0.012311049953364057,45.26976782807005,-0.05957009237638289,-0.04828897906523679,-0.011281113311146097,1.6094379124341003,12.834750175476074,2025-03-07,0.010294087379072892
2025-03-05,7,0.5168214371161801,0.4783161612812636,0.8571428571428571,0.1428571428571428,0.0,1,2025-03-05,2025-03-05,2025-03-05,13.042370796203612,13.81999969482422,13.81999969482422,13.600000381469728,13.600000381469728,8701100,2025-03-05,13.042370796203612,0.0161764442539948,0.0028943580163582,-0.0086580146549524,13.600000381469728,13.81999969482422,13.600000381469728,8701100,0.01617644425399467,0.016046999682490348,-0.04100217423713445,0.016868046215840593,15.978960127341956,0.38248752740792535,0.012009359145401799,0.011120859116664938,0.00941020220156652,0.009427598255028702,0.00890481171694981,0.013539500750272876,52.285696251657455,-0.04419679276147015,-0.047470541804483464,0.0032737490430133145,2.0794415416798357,13.042370796203612,2025-03-10,-0.020260506114507693
2025-03-06,1,0.2886824309825897,0.0,1.0,0.0,0.0,1,2025-03-06,2025-03-06,2025-03-06,13.080120086669922,13.859999656677246,13.859999656677246,13.68000030517578,13.81999969482422,4574400,2025-03-06,13.080120086669922,0.0028943580163582,-0.0086580146549524,-0.0145560509271663,13.81999969482422,13.859999656677246,13.68000030517578,4574400,0.0028943580163582894,0.0028901774270004843,-0.05353687586776096,0.013761291968940386,15.335986319158065,-0.47427336773511397,0.01049868012243782,0.013602455531855018,0.008187542106458778,0.010081290493571649,0.008494781667760283,0.013487690548865266,53.45401953942309,-0.028637178236673222,-0.04370386909092142,0.0150666908542482,0.6931471805599453,13.080120086669922,2025-03-11,-0.03318909263242309
2025-03-07,8,-0.0890411698492243,0.8956129109779527,0.375,0.625,0.0,1,2025-03-07,2025-03-07,2025-03-07,12.966872215270996,13.739999771118164,13.859999656677246,13.619999885559082,13.84000015258789,8873800,2025-03-07,12.966872215270996,-0.0086580146549524,-0.0145560509271663,-0.0103397787688422,13.84000015258789,13.859999656677246,13.619999885559082,8873800,-0.008658014654952417,-0.008695713016872553,-0.06308727801232224,0.018508686376620415,15.998613785607567,0.9398828261629941,-0.0002910436421794671,0.00659340005256559,-0.0003609720773567471,0.0010928188096328562,0.010373652622159392,0.01298460416638031,49.535375290243636,-0.025154265677995724,-0.03999394840833628,0.014839682730340559,2.1972245773362196,12.966872215270996,2025-03-12,-0.053857351657024655
2025-03-10,3,-0.55382856571426,0.4016782122480737,0.0,1.0,0.0,1,2025-03-10,2025-03-10,2025-03-10,12.778125762939451,13.539999961853027,13.65999984741211,13.520000457763672,13.600000381469728,5448400,2025-03-10,12.778125762939451,-0.0145560509271663,-0.0103397787688422,-0.0298506933669273,13.600000381469728,13.65999984741211,13.520000457763672,5448400,-0.014556050927166497,-0.014663029630552327,-0.060431955549802595,0.0109561755961488,15.510832729095428,-0.3860127566544209,-0.012543773352328702,-0.007331390813384631,-0.00999083948012558,-0.01105548090245545,0.012082913603435497,0.011355661388145926,43.77541868331115,-0.037195526786073074,-0.03943426408388364,0.0022387372978105655,1.3862943611198906,12.778125762939451,2025-03-13,-0.010339778768842067
2025-03-11,4,-0.3772688764729537,0.8939884361041083,0.25,0.75,0.0,1,2025-03-11,2025-03-11,2025-03-11,12.646002769470217,13.399999618530272,13.520000457763672,13.239999771118164,13.5,9588300,2025-03-11,12.646002769470217,-0.0103397787688422,-0.0298506933669273,0.0307691745619289,13.5,13.520000457763672,13.239999771118164,9588300,-0.010339778768842067,-0.010393605641452197,-0.06325905411331728,0.02214143802984775,16.076054267452076,0.7598377505322664,-0.019894718930315247,-0.01759536462314837,-0.013576414927263802,-0.01747931717240281,0.012468498474114204,0.010341069516083153,40.24743735597665,-0.05674540859438082,-0.042896492985983074,-0.013848915608397745,1.6094379124341003,12.646002769470217,2025-03-14,0.0
2025-03-12,4,-0.3375092213973403,0.8608605280161298,0.25,0.75,0.0,1,2025-03-12,2025-03-12,2025-03-12,12.268510818481444,13.0,13.4399995803833,12.960000038146973,13.399999618530272,6222700,2025-03-12,12.268510818481444,-0.0298506933669273,0.0307691745619289,0.0,13.399999618530272,13.4399995803833,12.960000038146973,6222700,-0.029850693366927583,-0.03030529496585599,-0.08443946509402447,0.03912451554537904,15.64371461483155,-0.35101112814576096,-0.03760733311859843,-0.042850835752390015,-0.02909851923782769,-0.0386263848606484,0.01184161828741247,0.012866299803651927,32.250165028228125,-0.10152891426558242,-0.054622977241902945,-0.04690593702367947,1.6094379124341003,12.268510818481444,2025-03-17,0.04307695321360416
2025-03-13,8,0.6238904176279902,0.2336820181738883,1.0,0.0,0.0,1,2025-03-13,2025-03-13,2025-03-13,12.646002769470217,13.399999618530272,13.4399995803833,13.039999961853027,13.039999961853027,6208800,2025-03-13,12.646002769470217,0.0307691745619289,0.0,0.0119403829251159,13.039999961853027,13.4399995803833,13.039999961853027,6208800,0.03076917456192918,0.03030529496585599,-0.030214508706702666,0.03163051802392028,15.641478359583772,-0.002233757050797869,-0.0011926368354098216,-0.012236523120115805,0.0005167450568874798,-0.007413229670911625,0.022464101770339966,0.017017976638109097,44.19231097194728,-0.10534536376653314,-0.06476745454682899,-0.04057790921970415,2.1972245773362196,12.646002769470217,2025-03-19,0.011940382925115678
2025-03-14,4,-0.156324737239629,0.6930683540561026,0.5,0.5,0.0,1,2025-03-14,2025-03-14,2025-03-14,12.646002769470217,13.399999618530272,13.460000038146973,13.220000267028809,13.359999656677246,6797800,2025-03-14,12.646002769470217,0.0,0.0119403829251159,0.0,13.359999656677246,13.460000038146973,13.220000267028809,6797800,0.0,0.0,-0.05344288215233435,0.018978310814352167,15.732109735494046,0.09486535240304095,0.003895694862592558,-0.010778130721702306,0.0003444373758210162,-0.0060735560336177,0.022592105883825417,0.016966310573588116,44.19231097194728,-0.1071349425633823,-0.07324095215013965,-0.03389399041324265,1.6094379124341003,12.646002769470217,2025-03-20,0.007462805314662813
2025-03-17,7,0.4585237034729549,0.4946433476083238,0.5714285714285714,0.2857142857142857,0.1428571428571428,1,2025-03-17,2025-03-17,2025-03-17,12.797000885009766,13.5600004196167,13.600000381469728,13.380000114440918,13.399999618530272,4262600,2025-03-17,12.797000885009766,0.0119403829251159,0.0,-0.0044247444671691,13.399999618530272,13.600000381469728,13.380000114440918,4262600,0.011940382925115678,0.011869658976954689,-0.04499990676765733,0.0171915489422616,15.265390095307849,-0.3729441878254729,0.01557824726239998,0.002069208182972071,0.008159199391804206,0.00473580684815289,0.022836487300449643,0.017286797803072903,48.41088261143421,-0.09527068946871786,-0.07764689961385529,-0.01762378985486257,2.0794415416798357,12.797000885009766,2025-03-21,0.0
2025-03-19,14,0.1960706150857731,0.6620315546397662,0.5,0.3571428571428571,0.1428571428571428,1,2025-03-19,2025-03-19,2025-03-19,12.797000885009766,13.5600004196167,13.600000381469728,13.420000076293944,13.5600004196167,3122500,2025-03-19,12.797000885009766,0.0,-0.0044247444671691,0.0044444098450406,13.5600004196167,13.600000381469728,13.420000076293944,3122500,0.0,0.0,-0.05626840051591247,0.014065819545783944,14.954144841238023,-0.26746586590343924,0.013150069420711175,0.00236550325077145,0.0054247124909172495,0.00387141755107967,0.022064160219773084,0.01713968904515076,48.410882611434204,-0.08488962861713034,-0.0790954454145103,-0.00579418320262004,2.70805020110221,12.797000885009766,2025-03-24,0.0
2025-03-20,6,0.7660056750755757,0.2430569144632041,0.8333333333333334,0.0,0.1666666666666666,1,2025-03-20,2025-03-20,2025-03-20,12.74037742614746,13.5,13.699999809265137,13.5,13.600000381469728,3943500,2025-03-20,12.74037742614746,-0.0044247444671691,0.0044444098450406,0.0,13.600000381469728,13.699999809265137,13.5,3943500,-0.004424744467169228,-0.004434562621556282,-0.06320756847135994,0.01569810709490216,15.187579465401994,0.2629303442754203,0.0011866522975367833,0.00029645171142145266,0.0006504317718847297,-0.00046678591889570686,0.014280649754363755,0.016168173754387664,46.87003083554962,-0.08030588673533323,-0.0793375336786749,-0.0009683530566583359,1.9459101490553132,12.74037742614746,2025-03-25,0.00740737469322772
2025-03-21,6,0.3086645466585954,0.3269703836200711,1.0,0.0,0.0,1,2025-03-21,2025-03-21,2025-03-21,12.797000885009766,13.5600004196167,13.65999984741211,13.5,13.5,7693200,2025-03-21,12.797000885009766,0.0044444098450406,0.0,0.0029498544858683,13.5,13.65999984741211,13.5,7693200,0.004444409845040909,0.004434562621556282,-0.05207400851779514,0.012502917585911167,15.855847509748262,0.9508558387219475,0.003255410697677208,0.006980574754430036,0.0033927232031956134,0.0032503727281463224,0.006190624681461375,0.01622999240603272,48.630811462972304,-0.07128249809550269,-0.07772652656204046,0.006444028466537771,1.9459101490553132,12.797000885009766,2025-03-26,0.001474889981300631
2025-03-24,9,0.369106509257108,0.7430679265787062,0.6666666666666666,0.3333333333333333,0.0,1,2025-03-24,2025-03-24,2025-03-24,12.797000885009766,13.5600004196167,13.619999885559082,13.479999542236328,13.579999923706056,1934300,2025-03-24,12.797000885009766,0.0,0.0029498544858683,-0.0014706263707709,13.579999923706056,13.619999885559082,13.479999542236328,1934300,0.0,0.0,-0.0576582505961168,0.010940090149305876,14.475256578872944,-0.7485701658607602,0.0008857327216258426,0.00832840433005444,0.002259260453675971,0.0026578251553197596,0.006190624681461375,0.016069494833225565,48.630811462972304,-0.06340055545067358,-0.07486133233976709,0.011460776889093513,2.302585092994046,12.797000885009766,2025-03-27,0.01951950676328451
2025-03-25,4,0.8550236178562045,0.1120623056859976,1.0,0.0,0.0,1,2025-03-25,2025-03-25,2025-03-25,12.834750175476074,13.600000381469728,13.65999984741211,13.5600004196167,13.5600004196167,9359600,2025-03-25,12.834750175476074,0.0029498544858683,-0.0014706263707709,0.0180180421521312,13.5600004196167,13.65999984741211,13.5600004196167,9359600,0.002949854485868375,0.002945512202431555,-0.053484529623718524,0.0077913030193983435,16.05191321934004,3.838753037274466,0.0032457899187350314,0.010851817605953329,0.0034711513661218607,0.004589829998634665,0.003401072415944991,0.015392314360432553,49.91421127011707,-0.05349139139885928,-0.07058734415158553,0.017095952752726254,1.6094379124341003,12.834750175476074,2025-03-28,0.0030272968673177303
2025-03-26,6,0.5995319069285567,0.3317405679138901,0.8333333333333334,0.0,0.1666666666666666,1,2025-03-26,2025-03-26,2025-03-26,12.815875053405762,13.579999923706056,13.800000190734863,13.579999923706056,13.65999984741211,9383300,2025-03-26,12.815875053405762,-0.0014706263707709,0.0180180421521312,-0.0132743172004815,13.65999984741211,13.800000190734863,13.579999923706056,9383300,-0.0014706263707709999,-0.001471708803097993,-0.06179537360436115,0.017166230640672697,16.054442178049996,0.002532159493995545,0.001474889981300631,0.00801661010758159,0.0013293959179077053,0.0025451127485704994,0.003526548934156133,0.014944191542090595,49.25162040034015,-0.04662392056730269,-0.06579465943472897,0.019170738867426276,1.9459101490553132,12.815875053405762,2025-04-02,0.0330330524744018
2025-03-27,13,0.5657712840296042,0.4835517020207954,0.8461538461538461,0.1538461538461538,0.0,1,2025-03-27,2025-03-27,2025-03-27,13.046792030334473,13.5600004196167,13.5600004196167,13.31999969482422,13.399999618530272,5540000,2025-03-27,13.046792030334473,0.0180180421521312,-0.0132743172004815,0.0284005729925869,13.399999618530272,13.5600004196167,13.31999969482422,5540000,0.01801804215213121,0.01785764110696686,-0.026358775988871205,0.01839538211649764,15.527505239228866,-0.4095893768716763,0.01466044981847281,0.019935587259607868,0.012831406721478533,0.016798972288534664,0.007756065303316304,0.010938954712123472,56.80595013564284,-0.022291369242656955,-0.05709400139631456,0.03480263215365761,2.6390573296152584,13.046792030334473,2025-04-03,0.0014748672805844354
2025-03-28,9,0.2945213561567167,0.7954279482100183,0.5555555555555556,0.3333333333333333,0.1111111111111111,1,2025-03-28,2025-03-28,2025-03-28,12.873604774475098,13.380000114440918,13.640000343322754,13.380000114440918,13.600000381469728,4305700,2025-03-28,12.873604774475098,-0.0132743172004815,0.0284005729925869,-0.0130814486414421,13.600000381469728,13.640000343322754,13.380000114440918,4305700,-0.013274317200481556,-0.013363208472744859,-0.05341144019263111,0.02019638115637561,15.27545051650202,-0.22279783393501806,1.4815964011205551e-08,0.004609154513630864,-0.0004089093476394856,0.002699737688937498,0.011224712630742414,0.008567143025230754,50.709113895287366,-0.016788879421614666,-0.049032977001374586,0.03224409757975992,2.302585092994046,12.873604774475098,2025-04-04,0.007473838896987051
2025-04-02,7,0.3929541876007403,0.4134623810602359,0.8571428571428571,0.1428571428571428,0.0,2,2025-04-01,2025-04-02,2025-04-02,13.239222526550291,13.760000228881836,13.760000228881836,13.4399995803833,13.699999809265137,9802500,2025-04-02,13.239222526550291,0.0284005729925869,-0.0130814486414421,-0.0073636952191598,13.699999809265137,13.760000228881836,13.4399995803833,9802500,0.028400572992586692,0.028004753578429575,-0.03363337876860609,0.024170652608700948,16.09814811516341,1.2766333000441277,0.02138347234936866,0.028379980943051608,0.01848100048189738,0.025364661425727242,0.016420692422186044,0.011940664492417267,60.3774036696324,0.016879602847838626,-0.03585046103153195,0.05273006387937058,2.0794415416798357,13.239222526550291,2025-04-07,-0.046511641308653484
2025-04-03,10,-0.3461322986520826,0.7012062315246445,0.3,0.7,0.0,1,2025-04-03,2025-04-03,2025-04-03,13.066034317016602,13.579999923706056,13.800000190734863,13.460000038146973,13.800000190734863,1821900,2025-04-03,13.066034317016602,-0.0130814486414421,-0.0073636952191598,-0.0267062661463273,13.800000190734863,13.800000190734863,13.460000038146973,1821900,-0.013081448641442006,-0.013167764373636093,-0.053185932143032626,0.02602167913680512,14.415391019431171,-0.8141392501912778,0.004437824403301205,0.012810744920682904,0.00343262745991213,0.009757221035594288,0.0187856512810476,0.012833458162347383,54.88557496641353,0.029250099559421372,-0.02283034891334129,0.052080448472762664,2.3978952727983707,13.066034317016602,2025-04-08,-0.026509463364360886
2025-04-04,3,-0.3427322829763095,0.5184449138921728,0.3333333333333333,0.6666666666666666,0.0,1,2025-04-04,2025-04-04,2025-04-04,12.969820022583008,13.479999542236328,13.5600004196167,13.420000076293944,13.5600004196167,1700400,2025-04-04,12.969820022583008,-0.0073636952191598,-0.0267062661463273,0.0076220243489266,13.5600004196167,13.5600004196167,13.420000076293944,1700400,-0.007363695219159805,-0.007390941058571965,-0.043523626752983095,0.010794316581031005,14.346374663563518,-0.06668862176848345,-0.005312846713754649,0.004007742790957947,-0.0026410460171423233,0.0018987520867499441,0.019368431076068112,0.013177570433056476,52.05292044443625,0.030933535323827144,-0.012077572065907604,0.04301110738973475,1.3862943611198906,12.969820022583008,2025-04-09,-0.048961524700066206
2025-04-07,5,-0.1426043693441897,0.9891300883274772,0.4,0.6,0.0,2,2025-04-06,2025-04-07,2025-04-07,12.62344455718994,13.119999885559082,13.279999732971191,12.68000030517578,13.279999732971191,15235900,2025-04-07,12.62344455718994,-0.0267062661463273,0.0076220243489266,-0.0302573242378968,13.279999732971191,13.279999732971191,12.68000030517578,15235900,-0.02670626614632743,-0.02706935761246365,-0.049439396760767695,0.04753056307865432,16.539165108791078,7.960185838626206,-0.025549623101936647,-0.021920207214007448,-0.01971020355274511,-0.020430886800813397,0.020713829319246035,0.015881875591322786,43.37414377336926,0.00426885630078111,-0.00880828639256986,0.01307714269335097,1.791759469228055,12.62344455718994,2025-04-10,0.01371956828020049
2025-04-08,4,0.8050371552817523,0.1137325773284817,1.0,0.0,0.0,1,2025-04-08,2025-04-08,2025-04-08,12.719660758972168,13.220000267028809,13.239999771118164,13.100000381469728,13.239999771118164,6652600,2025-04-08,12.719660758972168,0.0076220243489266,-0.0302573242378968,0.0374416275648634,13.239999771118164,13.239999771118164,13.100000381469728,6652600,0.00762202434892667,0.00759312348383645,-0.03930053029767172,0.011006534867660149,15.710518463981039,-0.5633602215819217,-0.015783148844604078,-0.013874332607041295,-0.008192361063670273,-0.010632452293283245,0.021086077542612842,0.016029749206139976,46.06428819892806,-0.008995555399044619,-0.008845740193864813,-0.0001498152051798065,1.6094379124341003,12.719660758972168,2025-04-11,0.0
2025-04-09,8,-0.4148982333717868,0.6336244153110455,0.25,0.75,0.0,1,2025-04-09,2025-04-09,2025-04-09,12.334797859191896,12.81999969482422,13.100000381469728,12.65999984741211,13.0,12235200,2025-04-09,12.334797859191896,-0.0302573242378968,0.0374416275648634,-0.0060150204475369,13.0,13.100000381469728,12.65999984741211,12235200,-0.03025732423789662,-0.030724525397874736,-0.051169395446777205,0.03567148315525336,16.319827683003492,0.8391606289270361,-0.03201456480596676,-0.04027281596979859,-0.02579636010234332,-0.03343869904885499,0.015314510332620775,0.018579687841626908,38.23885757153534,-0.04998670123865523,-0.017073932402822897,-0.03291276883583233,2.1972245773362196,12.334797859191896,2025-04-14,0.043681860167791964
2025-04-10,11,0.5453421408733861,0.3588214229316073,0.9090909090909092,0.0909090909090909,0.0,1,2025-04-10,2025-04-10,2025-04-10,12.796632766723633,13.300000190734863,13.460000038146973,13.119999885559082,13.300000190734863,12591100,2025-04-10,12.796632766723633,0.0374416275648634,-0.0060150204475369,0.0121028397234841,13.300000190734863,13.460000038146973,13.119999885559082,12591100,0.037441627564863245,0.03675770895183428,-0.03784717419492142,0.02656950142947191,16.348500852554398,0.029088204524650108,0.008492605224925676,-0.004043689316965415,0.0070943520060196,0.0022496350569249923,0.027697958147183625,0.022665727692219688,49.356925767813856,-0.04469109123879633,-0.022597364170017585,-0.022093727068778747,2.4849066497880004,12.796632766723633,2025-04-15,0.01052626715183691
2025-04-11,6,-0.2878916123105834,0.6689404925362462,0.1666666666666666,0.5,0.3333333333333333,1,2025-04-11,2025-04-11,2025-04-11,12.719660758972168,13.220000267028809,13.260000228881836,13.0,13.15999984741211,11493400,2025-04-11,12.719660758972168,-0.0060150204475369,0.0121028397234841,0.0044842737062644,13.15999984741211,13.260000228881836,13.0,11493400,-0.0060150204475369895,-0.006033183553959542,-0.03346041744267446,0.020440814720505615,16.257283602545325,-0.08718062758615208,0.0063946867735771296,-0.00929251378892626,0.0006908671928647081,-0.003093966964725192,0.027661762289191767,0.02274242059982993,47.81208942265963,-0.046173026002684026,-0.027312496536550875,-0.01886052946613315,1.9459101490553132,12.719660758972168,2025-04-16,0.016641385875691528
2025-04-14,6,0.7135313002703091,0.1543496385203488,1.0,0.0,0.0,1,2025-04-14,2025-04-14,2025-04-14,12.873604774475098,13.380000114440918,13.399999618530272,13.199999809265137,13.31999969482422,4824800,2025-04-14,12.873604774475098,0.0121028397234841,0.0044842737062644,0.0,13.31999969482422,13.399999618530272,13.199999809265137,4824800,0.012102839723484138,0.012030185982405683,-0.03351313292616512,0.015535649320358263,15.38928004838137,-0.5802112516748743,0.0145586936160369,0.004052245202595506,0.008498446350426736,0.007328304731891722,0.024853684459785714,0.022278835668685444,51.10808132964351,-0.034527463387233226,-0.02875548990668735,-0.005771973480545877,1.9459101490553132,12.873604774475098,2025-04-17,0.007473838896987051
2025-04-15,8,0.6263318351702766,0.64141757165958,0.875,0.125,0.0,1,2025-04-15,2025-04-15,2025-04-15,12.931333541870115,13.4399995803833,13.5,13.300000190734863,13.34000015258789,5208600,2025-04-15,12.931333541870115,0.0044842737062644,0.0,0.0029762190100717,13.34000015258789,13.5,13.300000190734863,5208600,0.004484273706264252,0.004474249307853118,-0.03063467811418998,0.0154662942238371,15.465821855598106,0.0795473387497927,0.015719453645069104,0.008100798437176149,0.008643039762010085,0.0096708957291185,0.02478452709753981,0.021906410345623753,52.3240700805076,-0.020404827889059618,-0.0270853575031618,0.006680529614102183,2.1972245773362196,12.931333541870115,2025-04-18,0.004464328515107363
2025-04-16,11,-0.1335538898975673,0.7141249485843806,0.2727272727272727,0.7272727272727273,0.0,1,2025-04-16,2025-04-16,2025-04-16,12.931333541870115,13.4399995803833,13.479999542236328,13.34000015258789,13.4399995803833,4819800,2025-04-16,12.931333541870115,0.0,0.0029762190100717,0.0014836937076181,13.4399995803833,13.479999542236328,13.34000015258789,4819800,0.0,0.0,-0.0378471766662569,0.010826369082131877,15.388243198867427,-0.07464577813615947,0.006289279237722489,0.010526304806780962,0.005745473722062799,0.00789866247996196,0.016908429211348528,0.019633901977468355,52.3240700805076,-0.009107551326227536,-0.023489796267774952,0.014382244941547415,2.4849066497880004,12.931333541870115,2025-04-21,0.0029762190100717234
2025-04-17,6,0.1960602287047853,0.797438623924503,0.6666666666666666,0.3333333333333333,0.0,1,2025-04-17,2025-04-17,2025-04-17,12.969820022583008,13.479999542236328,13.5600004196167,13.420000076293944,13.4399995803833,6451000,2025-04-17,12.969820022583008,0.0029762190100717,0.0014836937076181,-0.001481495621886,13.4399995803833,13.5600004196167,13.420000076293944,6451000,0.0029762190100717234,0.0029717988383684,-0.0349835991428568,0.010794316581031005,15.679745870529093,0.3384372795551682,0.006571090841757554,0.014296473517936725,0.005808940637832993,0.008899230199884478,0.006612761130140511,0.01929675954112727,53.223577525144435,0.0029175276482575896,-0.018208331484568446,0.021125859132826035,1.9459101490553132,12.969820022583008,2025-04-23,0.0014836937076179169
2025-04-18,8,0.5059990045847371,0.3650937458259315,0.875,0.125,0.0,1,2025-04-18,2025-04-18,2025-04-18,12.989063262939451,13.5,13.520000457763672,13.279999732971191,13.300000190734863,3951800,2025-04-18,12.989063262939451,0.0014836937076181,-0.001481495621886,-0.0059347748304723,13.300000190734863,13.520000457763672,13.279999732971191,3951800,0.0014836937076179169,0.001482594121606784,-0.023378716040321483,0.01847713880008987,15.189681982331065,-0.38741280421640056,0.0038667682364106337,0.015648533327745406,0.0048556844956964,0.008489875009608294,0.004718347293512481,0.019153030524719436,53.69401016773164,0.013840710945610013,-0.011798522998532755,0.02563923394414277,2.1972245773362196,12.989063262939451,2025-04-24,0.007407331266767958
2025-04-21,5,-0.0493676590267568,0.7648898414706831,0.6,0.4,0.0,1,2025-04-21,2025-04-21,2025-04-21,12.969820022583008,13.479999542236328,13.5,13.31999969482422,13.5,2947000,2025-04-21,12.969820022583008,-0.001481495621886,-0.0059347748304723,0.0074627583283835,13.5,13.5,13.31999969482422,2947000,-0.001481495621885931,-0.001482594121606784,-0.0392725909197772,0.01387839652843012,14.896298601047905,-0.2542638797509995,0.0008910094156089343,0.011404566779677161,0.0022421470328946036,0.005716566467731665,0.002357138931143112,0.016703583587892964,53.118699321945044,0.020705958333101293,-0.005297626732205946,0.026003585065307238,1.791759469228055,12.969820022583008,2025-04-25,0.005934701300206235
2025-04-23,5,0.5785108551383018,0.2956384003791761,1.0,0.0,0.0,1,2025-04-23,2025-04-23,2025-04-23,12.989063262939451,13.5,13.520000457763672,13.420000076293944,13.5,5979700,2025-04-23,12.989063262939451,0.0074627583283835,0.0074073312667675,-0.0029411318842746,13.5,13.520000457763672,13.420000076293944,5979700,0.0014836937076179169,0.001482594121606784,-0.03784716570818879,0.007698813951815186,15.603881124676773,1.0290804207668818,0.001483693707618139,0.010781692662778175,0.0024830250612672966,0.005890341125885046,0.0016936142082264196,0.016620730873255923,53.65348344090437,0.027383821376430362,0.0012386628895213157,0.026145158486909046,1.791759469228055,12.989063262939451,2025-04-28,0.007407331266767958
2025-04-24,2,0.6747501292265952,0.3912054601273095,1.0,0.0,0.0,1,2025-04-24,2025-04-24,2025-04-24,13.085277557373049,13.600000381469728,13.640000343322754,13.479999542236328,13.5,5710100,2025-04-24,13.085277557373049,0.0074073312667675,-0.0029411318842746,0.002949807657629,13.5,13.640000343322754,13.479999542236328,5710100,0.007407331266767958,0.007380031716837987,-0.03072018093532973,0.012227543541579025,15.557747269741958,-0.04508587387327123,0.006512674354310688,0.01235664794299729,0.006584085926706118,0.010889198607794803,0.003246044839252413,0.012093928819572367,56.33545324829323,0.03997891338654469,0.00898671298892599,0.0309922003976187,1.0986122886681098,13.085277557373049,2025-04-29,0.0029412047657486617
2025-04-25,3,0.8480214506077269,0.1160053804337144,1.0,0.0,0.0,1,2025-04-25,2025-04-25,2025-04-25,13.046792030334473,13.5600004196167,13.640000343322754,13.539999961853027,13.600000381469728,2209400,2025-04-25,13.046792030334473,-0.0029411318842746,0.002949807657629,0.0029412047657486,13.600000381469728,13.640000343322754,13.539999961853027,2209400,-0.0029411318842748058,-0.00294546551192143,-0.04067708350133674,0.007664748639912436,14.608231996031778,-0.6130715749286353,0.0023654575496852015,0.007429410569882888,0.0024128119050592645,0.006467451652250267,0.00396959880519877,0.005203797276170788,54.965303795370204,0.04632119228157272,0.016453608847455337,0.029867583434117384,1.3862943611198906,13.046792030334473,2025-04-30,0.02212381326982915
2025-04-28,6,0.6713751186616719,0.270411089619942,0.8333333333333334,0.0,0.1666666666666666,1,2025-04-28,2025-04-28,2025-04-28,13.085277557373049,13.600000381469728,13.640000343322754,13.520000457763672,13.5600004196167,4830500,2025-04-28,13.085277557373049,0.002949807657629,0.0029412047657486,0.0161289689668042,13.5600004196167,13.640000343322754,13.520000457763672,4830500,0.002949807657629089,0.00294546551192143,-0.03500905955407556,0.00917060299507875,15.390460746957586,1.1863401828550737,0.003838168525695629,0.007556629930831837,0.0035734284722466203,0.007707415807993279,0.004050012386128714,0.00438730596004993,56.114751955861394,0.05383240790575172,0.023929368659114617,0.029903039246637106,1.9459101490553132,13.085277557373049,2025-05-02,0.019117612332944622
2025-04-29,5,-0.5125825077295303,0.4144202605904313,0.2,0.8,0.0,1,2025-04-29,2025-04-29,2025-04-29,13.123764038085938,13.640000343322754,13.640000343322754,13.520000457763672,13.600000381469728,6109100,2025-04-29,13.123764038085938,0.0029412047657486,0.0161289689668042,0.0,13.600000381469728,13.640000343322754,13.520000457763672,6109100,0.0029412047657486617,0.002936887885492734,-0.035017377207773634,0.009143709473199554,15.625290184479358,0.2646930959528,0.004418260731292811,0.008577330866288646,0.004340654484212392,0.008714147688033025,0.003709137443178515,0.002965956740119219,57.28878290182072,0.06217393532736715,0.03157828199276513,0.03059565333460202,1.791759469228055,13.123764038085938,2025-05-06,0.03079179354454653
2025-04-30,1,0.7804400324821472,0.0,1.0,0.0,0.0,1,2025-04-30,2025-04-30,2025-04-30,13.335436820983888,13.859999656677246,13.859999656677246,13.640000343322754,13.640000343322754,10240700,2025-04-30,13.335436820983888,0.0161289689668042,0.0,-0.0043289746087792,13.640000343322754,13.859999656677246,13.640000343322754,10240700,0.01612896896680427,0.016000279059801947,-0.022328703421767848,0.01649734585434155,16.14188063226381,0.6763025650259449,0.015235820565749236,0.021671756728121716,0.013599976310926465,0.02034874810584819,0.007083624592942759,0.0053819681616926185,63.13083925425266,0.08488636330679,0.042239898255570105,0.0426464650512199,0.6931471805599453,13.335436820983888,2025-05-07,0.02164508758677086
2025-05-02,3,0.717048712229977,0.2574627528988358,0.6666666666666666,0.0,0.3333333333333333,2,2025-05-01,2025-05-02,2025-05-02,13.335436820983888,13.859999656677246,13.960000038146973,13.760000228881836,13.81999969482422,8452000,2025-05-02,13.335436820983888,0.0,-0.0043289746087792,0.0188406173923623,13.81999969482422,13.960000038146973,13.760000228881836,8452000,0.0,0.0,-0.03506243737630526,0.014997619646806645,15.949913776033268,-0.1746657943304657,0.011383502502410048,0.018518455796368682,0.009025734283137687,0.01658760535876236,0.0073031747837856474,0.0053819681616926185,63.13083925425266,0.10171363464899486,0.05413464553425506,0.047578989114739796,1.3862943611198906,13.335436820983888,2025-05-08,0.03174612369297791
2025-05-06,3,0.3738363049924374,0.2744222608456775,1.0,0.0,0.0,1,2025-05-06,2025-05-06,2025-05-06,13.527868270874023,14.0600004196167,14.079999923706056,13.800000190734863,13.81999969482422,13932300,2025-05-06,13.527868270874023,0.0188406173923623,0.0071123732269824,0.0098870304658016,13.81999969482422,14.079999923706056,13.800000190734863,13932300,0.014430082229277774,0.014326959455595034,-0.021138309001526558,0.02069799375368272,16.449720515172917,0.6484027449124468,0.01854538400480421,0.02883068295705149,0.015601380707000123,0.025429430455862878,0.007416224379601596,0.006463960148464984,67.77771003027077,0.12908892147929052,0.06912550072326215,0.05996342075602837,1.3862943611198906,13.527868270874023,2025-05-09,0.01706972394356354
2025-05-07,4,0.5236180769279599,0.3166159326585463,1.0,0.0,0.0,1,2025-05-07,2025-05-07,2025-05-07,13.624083518981934,14.15999984741211,14.260000228881836,14.0,14.0,12176700,2025-05-07,13.624083518981934,0.0071123732269824,0.0098870304658016,0.0,14.0,14.260000228881836,14.0,12176700,0.007112373226982438,0.0070871995928980525,-0.026851177215576172,0.019083869276020453,16.31503492969971,-0.12600934519067208,0.01753380021737483,0.03116808506212232,0.015101581411420595,0.02661474496907923,0.007030830703839403,0.006442288255844626,69.82552009060123,0.1567409874036123,0.08664859805933219,0.07009238934428012,1.6094379124341003,13.624083518981934,2025-05-13,0.01271191631293167
2025-05-08,6,-0.526571733566622,0.5802476596269512,0.1666666666666666,0.8333333333333334,0.0,1,2025-05-08,2025-05-08,2025-05-08,13.758785247802734,14.300000190734863,14.380000114440918,14.0600004196167,14.18000030517578,19923400,2025-05-08,13.758785247802734,0.0098870304658016,0.0,0.0027972295533165,14.18000030517578,14.380000114440918,14.0600004196167,19923400,0.009887030465801638,0.009838473573416717,-0.029704869415221328,0.023257845010359646,16.807405528479244,0.6361904292624438,0.017938541967196464,0.03518173612574249,0.01661935576069129,0.029880647911670444,0.006409930014129938,0.006208899945257636,72.463968293514,0.1873649263966488,0.1067918637267955,0.08057306266985331,1.9459101490553132,13.758785247802734,2025-05-14,0.0
2025-05-09,5,0.7333209624513983,0.279418685300039,1.0,0.0,0.0,1,2025-05-09,2025-05-09,2025-05-09,13.758785247802734,14.300000190734863,14.359999656677246,14.239999771118164,14.279999732971191,9465500,2025-05-09,13.758785247802734,0.0,0.0027972295533165,-0.0027894268859942,14.279999732971191,14.359999656677246,14.239999771118164,9465500,0.0,0.0,-0.03649961448983933,0.008721691878884868,16.063164273078918,-0.5249053876346407,0.011601611749128882,0.02922128461792317,0.011018530215921363,0.02431569940904521,0.006304839023129102,0.006343487968909145,72.463968293514,0.20922282815590343,0.1272780566126171,0.08194477154328633,1.791759469228055,13.758785247802734,2025-05-15,-0.00699300456944596
2025-05-13,4,0.6081342278048396,0.210616117086375,1.0,0.0,0.0,1,2025-05-13,2025-05-13,2025-05-13,13.797271728515623,14.34000015258789,14.5,14.31999969482422,14.5,13035700,2025-05-13,13.797271728515623,0.0027972295533165,-0.0027894268859942,-0.0069930045694459,14.5,14.5,14.31999969482422,13035700,0.002797229553316516,0.0027933245870928047,-0.04846401872306047,0.013046079595849547,16.38320238219296,0.37718028630288947,0.00758856371301686,0.026632359223342172,0.009188643651802275,0.02212959123356928,0.005703011928418817,0.006380426773045358,73.23934008216486,0.22703380573747722,0.14722920643758913,0.07980459929988809,1.6094379124341003,13.797271728515623,2025-05-16,-0.009762924980480259
2025-05-14,5,0.2148778520524502,0.6385789894660123,0.6,0.4,0.0,1,2025-05-14,2025-05-14,2025-05-14,13.758785247802734,14.300000190734863,14.380000114440918,14.239999771118164,14.34000015258789,10826600,2025-05-14,13.758785247802734,-0.0027894268859942,-0.0069930045694459,0.0,14.34000015258789,14.380000114440918,14.239999771118164,10826600,-0.0027894268859941507,-0.0027933245870928047,-0.040531025007016226,0.010175341848955148,16.19751671930031,-0.1694653911949493,0.0014005597380188917,0.01837347909514797,0.0042400490387766165,0.015718170524088526,0.0051501360720564975,0.0063587176579169,71.08376214046892,0.23533084890563138,0.16484953493119758,0.0704813139744338,1.791759469228055,13.758785247802734,2025-05-19,-0.01398600913889192
2025-05-15,8,-0.0442912497674115,0.6853410589136735,0.5,0.375,0.125,1,2025-05-15,2025-05-15,2025-05-15,13.662569999694824,14.199999809265137,14.380000114440918,14.100000381469728,14.279999732971191,7683500,2025-05-15,13.662569999694824,-0.0069930045694459,0.0,-0.0070422510633109,14.279999732971191,14.380000114440918,14.100000381469728,7683500,-0.00699300456944596,-0.0070175702180179655,-0.04323737708837482,0.02049392851984977,15.854585860626536,-0.29031274823120834,-0.00615901793693685,0.006949393336284082,-0.001856793049940575,0.007037815761880006,0.006335944248169312,0.0074574163532144435,65.86470060205727,0.23147425781901632,0.17817447950876136,0.05329977831025495,2.1972245773362196,13.662569999694824,2025-05-20,-0.00422532271719811
2025-05-16,11,0.4681765043430708,0.5836893418232058,0.8181818181818182,0.1818181818181818,0.0,1,2025-05-16,2025-05-16,2025-05-16,13.662569999694824,14.199999809265137,14.300000190734863,14.140000343322754,14.18000030517578,3057500,2025-05-16,13.662569999694824,0.0,-0.0070422510633109,0.0028369065543114,14.18000030517578,14.300000190734863,14.140000343322754,3057500,0.0,0.0,-0.03649014769711185,0.011710816297057086,14.933108473608007,-0.602069369427995,-0.0047659136036980465,0.0029665421259490454,-0.0012386286589888273,0.005750854086713719,0.0036996249577443243,0.007576269677745713,65.86470060205727,0.22581482881589565,0.18770254937018824,0.038112279445707414,2.4849066497880004,13.662569999694824,2025-05-21,-0.0070422510633109114
2025-05-19,5,0.1422878105193377,0.9587223222622866,0.6,0.4,0.0,1,2025-05-19,2025-05-19,2025-05-19,13.566354751586914,14.100000381469728,14.18000030517578,14.020000457763672,14.100000381469728,6693700,2025-05-19,13.566354751586914,-0.0070422510633109,0.0028369065543114,-0.0028288812824598,14.100000381469728,14.18000030517578,14.020000457763672,6693700,-0.0070422510633109114,-0.0070671647478453,-0.03784720676916671,0.011793871702595108,15.716677492889964,1.189272281275552,-0.008996347624144363,-0.005781962626048021,-0.005530019722637336,-0.0010899969944790922,0.004322815087814688,0.006995111236238869,60.69632819916869,0.21113212443372298,0.1923884643828952,0.018743660050827782,1.791759469228055,13.566354751586914,2025-05-22,-0.007092266385778534
2025-05-20,2,0.2986673563718796,0.4049493017896107,1.0,0.0,0.0,1,2025-05-20,2025-05-20,2025-05-20,13.604841232299805,14.140000343322754,14.220000267028809,14.039999961853027,14.079999923706056,6978100,2025-05-20,13.604841232299805,0.0028369065543114,-0.0028288812824598,-0.0070922663857785,14.079999923706056,14.220000267028809,14.039999961853027,6978100,0.002836906554311458,0.0028328901292677955,-0.033747066333874184,0.013230606818728265,15.758287374685445,0.042487712326515936,-0.0033831171260880755,-0.004926078755194019,-0.0018074995974454167,0.0014263074202460757,0.004335688492354071,0.0069741895388457,61.981453762073784,0.2002926636278204,0.19396930423188025,0.006323359395940142,1.0986122886681098,13.604841232299805,2025-05-23,-0.00990108448860938
2025-05-21,4,-0.1057412736117839,0.5690171332807358,0.5,0.5,0.0,1,2025-05-21,2025-05-21,2025-05-21,13.566354751586914,14.100000381469728,14.199999809265137,14.0600004196167,14.199999809265137,4334700,2025-05-21,13.566354751586914,-0.0028288812824598,-0.0070922663857785,0.0,14.199999809265137,14.199999809265137,14.0600004196167,4334700,-0.0028288812824598386,-0.0028328901292677955,-0.04462289198516647,0.010319602591260647,15.282163192346259,-0.37881371720095725,-0.003392710080009076,-0.008020261684367536,-0.0030922855194099874,-0.0011511560819599254,0.004335705903758951,0.005553803653927431,59.873168546960706,0.1864475244936461,0.19246494828423344,-0.0060174237905873396,1.6094379124341003,13.566354751586914,2025-05-26,-0.007092266385778534
2025-05-22,6,-0.6952675891419252,0.37973492105319,0.1666666666666666,0.8333333333333334,0.0,1,2025-05-22,2025-05-22,2025-05-22,13.470138549804688,14.0,14.100000381469728,13.979999542236328,14.079999923706056,5772000,2025-05-22,13.470138549804688,-0.0070922663857785,0.0,0.0,14.079999923706056,14.100000381469728,13.979999542236328,5772000,-0.007092266385778534,-0.007117536057400287,-0.043314018267469195,0.008908656639997231,15.568529372126056,0.33158004014118614,-0.007655290276233573,-0.013945689711719944,-0.006798109263426277,-0.006748042473008198,0.0043598335514954305,0.005432471538772619,54.85009347486142,0.1658000686253409,0.18713197235245496,-0.02133190372711405,1.9459101490553132,13.470138549804688,2025-05-27,0.0
2025-05-23,6,0.5758335830178112,0.4018070940204316,0.8333333333333334,0.1666666666666666,0.0,1,2025-05-23,2025-05-23,2025-05-23,13.470138549804688,14.0,14.039999961853027,13.960000038146973,14.020000457763672,6012200,2025-05-23,13.470138549804688,0.0,0.0,0.0,14.020000457763672,14.039999961853027,13.960000038146973,6012200,0.0,0.0,-0.03921982097044045,0.005939057227233543,15.60930146242986,0.04161469161469156,-0.004833711372308369,-0.0118577650260967,-0.004542366009098964,-0.005527907942931232,0.0043598335514954305,0.0038856044342931027,54.85009347486142,0.1477338274906259,0.17925234338008916,-0.03151851588946325,1.9459101490553132,13.470138549804688,2025-05-28,0.007142925919171095
2025-05-26,5,-0.1512200143188238,0.6712952162772594,0.4,0.6,0.0,1,2025-05-26,2025-05-26,2025-05-26,13.470138549804688,14.0,14.039999961853027,13.960000038146973,14.0,5106600,2025-05-26,13.470138549804688,0.0,0.0,0.007142925919171,14.0,14.039999961853027,13.960000038146973,5106600,0.0,0.0,-0.03784724644252232,0.005939057227233543,15.4460445745181,-0.15062705831475998,-0.0034168892794435024,-0.009760979408724668,-0.0030328360899213314,-0.00452738412834075,0.0037521179406749443,0.0038856044342931027,54.850093474861424,0.13189578868148288,0.1697810324403679,-0.03788524375888502,1.791759469228055,13.470138549804688,2025-05-29,0.005714340735336831
2025-05-27,5,0.3959563362877816,0.7331181363977091,0.6,0.4,0.0,1,2025-05-27,2025-05-27,2025-05-27,13.470138549804688,14.0,14.0600004196167,13.9399995803833,14.0,3936500,2025-05-27,13.470138549804688,0.0,0.007142925919171,-0.0014184532771557,14.0,14.0600004196167,13.9399995803833,3936500,0.0,0.0,-0.03784724644252232,0.0089086566399971,15.185802815639397,-0.22913484510241644,-0.0014265472395836865,-0.0073738372410250275,-0.0020239368161542037,-0.003707275061055171,0.0031071279980914852,0.003581798166764977,54.850093474861424,0.11798398290586931,0.1594216225334682,-0.04143763962759889,1.791759469228055,13.470138549804688,2025-05-30,0.0
2025-05-28,10,0.4476376139791682,0.6349937530764421,0.8,0.2,0.0,1,2025-05-28,2025-05-28,2025-05-28,13.566354751586914,14.100000381469728,14.18000030517578,14.079999923706056,14.100000381469728,6276900,2025-05-28,13.566354751586914,0.007142925919171,-0.0014184532771557,-0.0056818725794034,14.100000381469728,14.18000030517578,14.079999923706056,6276900,0.007142925919171095,0.007117536057400287,-0.03784720676916671,0.007371204962631951,15.65238694530975,0.5945382954401117,0.005706188958334968,0.0011360658621772934,0.0033972410726186286,0.002787593076834849,0.0050329196272130205,0.00467063166105331,59.42833775741191,0.11341523968645362,0.1502203459640653,-0.03680510627761169,2.3978952727983707,13.566354751586914,2025-06-03,-0.009929102643069676
2025-05-29,9,0.4178324100406219,0.6226672444399914,0.6666666666666666,0.3333333333333333,0.0,1,2025-05-29,2025-05-29,2025-05-29,13.547111511230469,14.079999923706056,14.140000343322754,14.039999961853027,14.079999923706056,4917000,2025-05-29,13.547111511230469,-0.0014184532771557,-0.0056818725794034,-0.0028570995685216,14.079999923706056,14.140000343322754,14.039999961853027,4917000,-0.001418453277155729,-0.0014194602343327034,-0.03784718859112919,0.007381675524470798,15.408209349770098,-0.21665153180710228,0.003134826344789232,0.000568517325930662,0.0013151139804246093,0.001116692961427912,0.0034087931508234,0.0042415688632195985,58.158151585772515,0.10700818534438561,0.14157791384012938,-0.03456972849574377,2.302585092994046,13.547111511230469,2025-06-05,0.008522738472230174
2025-05-30,6,0.3912033967208118,0.7800825105901326,0.6666666666666666,0.3333333333333333,0.0,1,2025-05-30,2025-05-30,2025-05-30,13.470138549804688,14.0,14.079999923706056,13.800000190734863,14.0600004196167,37923000,2025-05-30,13.470138549804688,-0.0056818725794034,-0.0028570995685216,-0.0014326784889268,14.0600004196167,14.079999923706056,13.800000190734863,37923000,-0.005681872579403446,-0.005698075823067583,-0.0419531900574504,0.020786700295317533,17.451068372515024,6.712629652226967,-0.0025648579184639475,-0.0037005763477596654,-0.002920412125023475,-0.003743449751866579,0.004618352342604137,0.004489810999720077,53.254963393025925,0.09462865370516127,0.13218806181313578,-0.03755940810797451,1.9459101490553132,13.470138549804688,2025-06-06,0.014285781039195644
2025-06-03,2,-0.029908288270235,1.240483341385591,0.5,0.5,0.0,2,2025-06-02,2025-06-03,2025-06-03,13.431653022766112,13.960000038146973,14.0600004196167,13.699999809265137,14.0,5492100,2025-06-03,13.431653022766112,-0.0028570995685216,-0.0014326784889268,0.0186513998113329,14.0,14.0600004196167,13.699999809265137,5492100,-0.0028570995685217593,-0.0028611888683762743,-0.040596212659563466,0.026802405462780787,15.518821436086913,-0.8551775967091211,-0.004847437947835709,-0.00555633682749368,-0.003853522395971032,-0.00539816649660585,0.004793115188619747,0.004082924310784717,50.942411978228364,0.08078113070605042,0.12190667559171871,-0.04112554488566829,1.0986122886681098,13.431653022766112,2025-06-09,0.02292264281680856
2025-06-05,1,0.8057569414377213,0.0,1.0,0.0,0.0,1,2025-06-05,2025-06-05,2025-06-05,13.662569999694824,14.199999809265137,14.260000228881836,13.9399995803833,13.9399995803833,5400200,2025-06-05,13.662569999694824,0.0186513998113329,0.0,0.0056337868902545,13.9399995803833,14.260000228881836,13.9399995803833,5400200,0.017191999863108265,0.01704588967362186,-0.01990169218361255,0.02342170239608528,15.501946733063996,-0.016733125762458778,0.0093830163246158,0.01110798249648326,0.008809179329088979,0.00955324429452964,0.009323390616188525,0.00703453273738942,61.69146024064638,0.08743207659329855,0.11501175579203468,-0.027579679198736134,0.6931471805599453,13.662569999694824,2025-06-10,0.0028168585441417093
2025-06-06,3,-0.2672225385904312,0.9167977340911856,0.3333333333333333,0.6666666666666666,0.0,1,2025-06-06,2025-06-06,2025-06-06,13.662569999694824,14.199999809265137,14.220000267028809,14.079999923706056,14.100000381469728,3840600,2025-06-06,13.662569999694824,0.0,0.0056337868902545,-0.002801147279293,14.100000381469728,14.220000267028809,14.079999923706056,3840600,0.0,0.0,-0.03102343049222727,0.010246999160910375,15.161139422734099,-0.2888041183659864,0.007950048289458334,0.010388537736359726,0.0058555918996849865,0.007802737793649817,0.009049250652481387,0.0069445240835046655,61.69146024064638,0.09164655469193228,0.1103387155720142,-0.018692160880081923,1.3862943611198906,13.662569999694824,2025-06-11,0.0028168585441417093
2025-06-09,6,0.5288009513169527,0.2857696622907137,0.8333333333333334,0.1666666666666666,0.0,2,2025-06-08,2025-06-09,2025-06-09,13.739542007446287,14.279999732971191,14.359999656677246,14.140000343322754,14.18000030517578,4683600,2025-06-09,13.739542007446287,0.0056337868902545,-0.002801147279293,0.0,14.18000030517578,14.359999656677246,14.140000343322754,4683600,0.005633786890254289,0.005617976466800734,-0.03106193852257693,0.016012128587347473,15.359577816467658,0.21949695360099986,0.010758781783350546,0.014060518004488154,0.007652188188576492,0.011002519476764672,0.009040582028510533,0.0065041811050633724,64.6829947012416,0.10004430818309373,0.10827983409423012,-0.008235525911136382,1.9459101490553132,13.739542007446287,2025-06-12,-0.0014005736396464075
2025-06-10,5,0.2236259980127216,0.6679875057715341,0.4,0.4,0.2,1,2025-06-10,2025-06-10,2025-06-10,13.701055526733398,14.239999771118164,14.279999732971191,14.100000381469728,14.15999984741211,5356400,2025-06-10,13.701055526733398,-0.002801147279293,0.0,0.0014045078730537,14.15999984741211,14.279999732971191,14.100000381469728,5356400,-0.002801147279292926,-0.0028050778340906746,-0.03241132243109366,0.013137626597472703,15.493802852296085,0.14365018361943793,0.004514646012404366,0.009499489470714106,0.003214562312291891,0.006675081315894005,0.008431621622809811,0.006658428598943863,62.07287548008309,0.10241349199328198,0.10710656567404049,-0.004693073680758511,1.791759469228055,13.701055526733398,2025-06-13,0.004213523619161608
2025-06-11,8,0.7175776804797352,0.4132544954364051,0.75,0.125,0.125,1,2025-06-11,2025-06-11,2025-06-11,13.701055526733398,14.239999771118164,14.31999969482422,14.18000030517578,14.31999969482422,5202900,2025-06-11,13.701055526733398,0.0,0.0014045078730537,0.0028050759947886,14.31999969482422,14.31999969482422,14.18000030517578,5202900,0.0,0.0,-0.0432223590280195,0.010218146286267892,15.464726912607272,-0.028657307146590982,0.0005620910757477837,0.007784838377043357,0.0021407476859174324,0.005454809931212834,0.007983633303279133,0.006658428598943863,62.07287548008309,0.10310258481330514,0.10630576950189342,-0.0032031846885882814,2.1972245773362196,13.701055526733398,2025-06-16,0.008426977632422172
2025-06-12,1,0.9770702244713904,0.0,1.0,0.0,0.0,1,2025-06-12,2025-06-12,2025-06-12,13.720298767089844,14.260000228881836,14.279999732971191,14.220000267028809,14.239999771118164,5094100,2025-06-12,13.720298767089844,0.0014045078730537,0.0028050759947886,0.0041957750161292,14.239999771118164,14.279999732971191,14.220000267028809,5094100,0.0014045078730537952,0.0014035224744297636,-0.03649585761106455,0.004373043689566029,15.443593761572725,-0.0209114147879067,0.0011232768313949038,0.00734670151135508,0.0023627136613981747,0.005611431362342323,0.003080906498512274,0.006632856476810453,62.940065448270985,0.10400258742365764,0.10584513308624627,-0.0018425456625886238,0.6931471805599453,13.720298767089844,2025-06-17,0.0028050759947886306
2025-06-13,6,0.0726043156270558,0.8421251530730771,0.5,0.5,0.0,1,2025-06-13,2025-06-13,2025-06-13,13.758785247802734,14.300000190734863,14.31999969482422,14.199999809265137,14.199999809265137,8650000,2025-06-13,13.758785247802734,0.0028050759947886,0.0041957750161292,-0.0041782440441575,14.199999809265137,14.31999969482422,14.199999809265137,8650000,0.0028050759947886306,0.0028011491108781428,-0.03107144840766273,0.008721691878884996,15.973069994514992,0.69804283386663,0.0025238604332782355,0.008747199252346682,0.0034436718333972216,0.006888550791063874,0.0031427890559985166,0.006386339079776343,64.679491438236,0.10659264961201664,0.10599463639140036,0.0005980132206162836,1.9459101490553132,13.758785247802734,2025-06-18,-0.005594389792787591
2025-06-16,2,0.2630005229730158,0.910577147755428,0.5,0.5,0.0,2,2025-06-15,2025-06-16,2025-06-16,13.816514015197754,14.359999656677246,14.359999656677246,14.260000228881836,14.300000190734863,5354600,2025-06-16,13.816514015197754,0.0041957750161292,-0.0041782440441575,-0.0055943897927875,14.300000190734863,14.359999656677246,14.260000228881836,5354600,0.004195775016129222,0.004186997296462103,-0.033810221614567926,0.007237674255996395,15.493466749284071,-0.3809710982658959,0.00560223910761759,0.010982815392934997,0.005089612027937118,0.009074306170044455,0.0026930749259103993,0.0063550318066347864,67.16868331536773,0.11201231340236006,0.1071981717935923,0.004814141608767766,1.0986122886681098,13.816514015197754,2025-06-19,-0.009749259111112796
2025-06-17,4,0.0467052673920989,0.7526665089870358,0.5,0.5,0.0,1,2025-06-17,2025-06-17,2025-06-17,13.758785247802734,14.300000190734863,14.359999656677246,14.199999809265137,14.359999656677246,4005300,2025-06-17,13.758785247802734,-0.0041782440441575,-0.0055943897927875,0.0,14.359999656677246,14.359999656677246,14.199999809265137,4005300,-0.004178244044157564,-0.004186997296462103,-0.04186729966911618,0.011628922505179823,15.203129291715452,-0.25198894408545924,0.0005597729438768795,0.004636801736981333,0.0005932255512735018,0.0039713400391403475,0.0032144068273448623,0.006168414868017806,62.43048920651981,0.1103768512988701,0.10783390769464786,0.0025429436042222336,1.6094379124341003,13.758785247802734,2025-06-20,-0.005594389792787591
2025-06-18,5,0.1380143075250089,0.5525636860411873,0.6,0.2,0.2,1,2025-06-18,2025-06-18,2025-06-18,13.68181324005127,14.220000267028809,14.300000190734863,14.220000267028809,14.279999732971191,4975600,2025-06-18,13.68181324005127,-0.0055943897927875,0.0,0.0,14.279999732971191,14.300000190734863,14.220000267028809,4975600,-0.005594389792787591,-0.0056100970002508355,-0.04188981121188433,0.005847172615386095,15.420056725298712,0.24225401343220243,-0.00475921471160512,-0.0028050203491730707,-0.0033418968062141063,-0.001346530327654416,0.0043539250675327604,0.00646822710678956,56.68845413068283,0.10169743334816772,0.10660661282535185,-0.004909179477184125,1.791759469228055,13.68181324005127,2025-06-23,0.005625863063686731
2025-06-19,8,-0.0165475466055795,0.8329056229628101,0.375,0.5,0.125,1,2025-06-19,2025-06-19,2025-06-19,13.68181324005127,14.220000267028809,14.239999771118164,14.18000030517578,14.220000267028809,6006100,2025-06-19,13.68181324005127,0.0,0.0,0.0056258630636867,14.220000267028809,14.239999771118164,14.18000030517578,6006100,0.0,0.0,-0.03784718824692331,0.004385344609641796,15.608286343900833,0.20711070021705935,-0.004201665331871385,-0.0029448611190069363,-0.002230415810634101,-0.0011019764216575467,0.00426296093583334,0.0035834774169663155,56.68845413068283,0.09373837445974509,0.1040329651522305,-0.010294590692485409,2.1972245773362196,13.68181324005127,2025-06-24,0.0028128966799454425
2025-06-20,8,0.2710643335012719,0.7104327513324966,0.75,0.25,0.0,1,2025-06-20,2025-06-20,2025-06-20,13.68181324005127,14.220000267028809,14.279999732971191,14.15999984741211,14.15999984741211,11774900,2025-06-20,13.68181324005127,0.0,0.0056258630636867,-0.0027972295533166,14.15999984741211,14.279999732971191,14.15999984741211,11774900,0.0,0.0,-0.033770240996735146,0.008770758923079143,16.2814807901881,0.9604901683288656,-0.003084676528329333,-0.003084662673442873,-0.0014880501973184579,-0.0009017977558768431,0.003877472681099583,0.0035834774169663155,56.68845413068283,0.08643440097782218,0.10051325231734884,-0.01407885133952666,2.1972245773362196,13.68181324005127,2025-06-25,0.001406413488074909
2025-06-23,10,0.030713611561805,0.6809916113012559,0.6,0.4,0.0,1,2025-06-23,2025-06-23,2025-06-23,13.758785247802734,14.300000190734863,14.34000015258789,13.960000038146973,14.0,2781900,2025-06-23,13.758785247802734,0.0056258630636867,-0.0027972295533166,-0.0014025379973943,14.0,14.34000015258789,13.960000038146973,2781900,0.005625863063686731,0.0056100970002508355,-0.017229625156947544,0.027618725606724886,14.838645064922915,-0.7637432165029002,0.0033679388131839794,0.002383297861040523,0.0027491766785785465,0.003857683499964404,0.004386516672952106,0.00358212987617548,61.151187141117745,0.08586712435560528,0.09758402672500013,-0.01171690236939485,2.3978952727983707,13.758785247802734,2025-06-26,-0.002797229553316627
2025-06-24,7,-0.0951865802385978,0.683728872885026,0.2857142857142857,0.4285714285714285,0.2857142857142857,1,2025-06-24,2025-06-24,2025-06-24,13.720298767089844,14.260000228881836,14.4399995803833,14.220000267028809,14.300000190734863,7638200,2025-06-24,13.720298767089844,-0.0027972295533166,-0.0014025379973943,0.0014045078730537,14.300000190734863,14.4399995803833,14.220000267028809,7638200,-0.002797229553316627,-0.0028011491108781428,-0.04053856055334984,0.01603458620611039,15.848672662210818,1.7456774147165608,0.0011232489655885747,-0.0005607145234481914,-3.716265917930173e-05,0.0008586514085231478,0.00416059322621789,0.0035817719642679017,57.93670455126548,0.08137398752229075,0.09434201888445826,-0.01296803136216751,2.0794415416798357,13.720298767089844,2025-06-30,0.008415158476089424
2025-06-25,9,0.8290923103276227,0.1098701900673703,1.0,0.0,0.0,1,2025-06-25,2025-06-25,2025-06-25,13.701055526733398,14.239999771118164,14.359999656677246,14.220000267028809,14.220000267028809,7993600,2025-06-25,13.701055526733398,-0.0014025379973943,0.0014045078730537,0.0084151584760894,14.220000267028809,14.359999656677246,14.220000267028809,7993600,-0.0014025379973943153,-0.0014035224744297636,-0.03649400355488466,0.010218146286267632,15.894151904573413,0.04652928700479175,-0.0005615155147635775,-0.001962466097417681,-0.0009602264859058796,-0.00044602765200851824,0.0032029358226871333,0.0036154320068865057,56.34195393977869,0.07539131142761413,0.09055187739308944,-0.015160565965475312,2.302585092994046,13.701055526733398,2025-07-01,0.04634827256946994
2025-06-26,8,0.6909152524312958,0.1750331781716373,1.0,0.0,0.0,1,2025-06-26,2025-06-26,2025-06-26,13.720298767089844,14.260000228881836,14.380000114440918,14.220000267028809,14.260000228881836,8992300,2025-06-26,13.720298767089844,0.0014045078730537,0.0084151584760894,0.0361612680809959,14.260000228881836,14.380000114440918,14.220000267028809,8992300,0.0014045078730537952,0.0014035224744297636,-0.03784722672717037,0.01166154251654436,16.01187932475465,0.12493744995996803,0.0002805723966126106,-0.0005607145234481914,0.00029524490311416685,0.0007835620790439535,0.0032331146159356003,0.0036154320068865057,57.59885546026872,0.07137994264765268,0.0867174904440021,-0.01533754779634941,2.1972245773362196,13.720298767089844,2025-07-02,0.023842937430873956
2025-06-30,4,0.855046414071694,0.1033368802851498,1.0,0.0,0.0,1,2025-06-30,2025-06-30,2025-06-30,13.8357572555542,14.380000114440918,14.479999542236328,14.359999656677246,14.420000076293944,8252200,2025-06-30,13.8357572555542,0.0084151584760894,0.0361612680809959,-0.0201341563076979,14.420000076293944,14.479999542236328,14.359999656677246,8252200,0.008415158476089424,0.008379948424208195,-0.04051614546800331,0.008673170780797669,15.925990510608093,-0.08230374876283042,0.0064389759990011175,0.0072849471445666225,0.005791770924276962,0.00751903627297934,0.004715295425281103,0.0044394103465512065,64.24934102049241,0.07663404946224617,0.08470080224765092,-0.008066752785404752,1.6094379124341003,13.8357572555542,2025-07-03,-0.025034734660417834
2025-07-01,8,0.6850064219906926,0.2939911922608574,1.0,0.0,0.0,1,2025-07-01,2025-07-01,2025-07-01,14.33607578277588,14.899999618530272,14.9399995803833,14.380000114440918,14.380000114440918,14723300,2025-07-01,14.33607578277588,0.0361612680809959,-0.0201341563076979,-0.039726000334424,14.380000114440918,14.9399995803833,14.380000114440918,14723300,0.036161268080995956,0.035522795893726755,-0.003054543206917424,0.039062256256708394,16.504941898841512,0.7841666464700323,0.03414765217907689,0.03977662371276569,0.027718754082371566,0.035675796411387406,0.01613291099442055,0.012151757661648221,79.35814123658588,0.11978864187925886,0.09171837017397251,0.02807027170528635,2.1972245773362196,14.33607578277588,2025-07-04,-0.05637578401147125
2025-07-02,15,0.2927224049344659,0.6437639957088676,0.6666666666666666,0.2666666666666666,0.0666666666666666,1,2025-07-02,2025-07-02,2025-07-02,14.047430992126465,14.600000381469728,14.979999542236328,14.520000457763672,14.899999618530272,9560300,2025-07-02,14.047430992126465,-0.0201341563076979,-0.039726000334424,0.0028530235793156,14.899999618530272,14.979999542236328,14.520000457763672,9560300,-0.020134156307698214,-0.020339610879913206,-0.057219372364514444,0.03274613591129112,16.07312976988758,-0.35066866802958574,0.008565929635701686,0.016713100189532426,0.004673390166576086,0.01209558622311424,0.020422242970396246,0.01418744580486259,62.85436904964888,0.1292083119903058,0.09921635853723917,0.029991953453066628,2.772588722239781,14.047430992126465,2025-07-07,-0.054794569837646745
2025-07-03,19,-0.1332389929723975,0.7320538279957257,0.3684210526315789,0.631578947368421,0.0,1,2025-07-03,2025-07-03,2025-07-03,13.48938274383545,14.020000457763672,14.260000228881836,13.859999656677246,14.260000228881836,33311600,2025-07-03,13.48938274383545,-0.039726000334424,0.0028530235793156,-0.0184922126883627,14.260000228881836,14.260000228881836,13.859999656677246,33311600,-0.03972600033442408,-0.0405366189254357,-0.05404049598018926,0.029652993009438272,17.321416272659395,2.484367645366777,-0.028547629619741666,-0.0223151671796169,-0.023771397785086412,-0.023118004296139083,0.02883330381139313,0.019407610481239325,43.86219129241996,0.09059926663539919,0.09749294015687118,-0.0068936735214719935,2.995732273553991,13.48938274383545,2025-07-08,-0.01141237710983578
2025-07-04,11,0.4327273182147605,0.6573818526601142,0.7272727272727273,0.2727272727272727,0.0,1,2025-07-04,2025-07-04,2025-07-04,13.527868270874023,14.0600004196167,14.220000267028809,13.960000038146973,14.0600004196167,11301700,2025-07-04,13.527868270874023,0.0028530235793156,-0.0184922126883627,0.0043477961077338,14.0600004196167,14.220000267028809,13.960000038146973,11301700,0.0028530235793156056,0.002848961431977326,-0.037847235623139665,0.019219600876926455,16.24046380332737,-0.6607277945220283,-0.023068372083054567,-0.018430609618477645,-0.014089357038810313,-0.016696120718931673,0.02889302167001011,0.01944887795488186,45.09435015132469,0.06238761483465716,0.09047187509242838,-0.02808426025777122,2.4849066497880004,13.527868270874023,2025-07-09,-0.0042674662343977765
2025-07-07,5,-0.6369987320154905,0.4117308285106045,0.0,1.0,0.0,1,2025-07-07,2025-07-07,2025-07-07,13.277708053588867,13.800000190734863,14.079999923706056,13.760000228881836,14.0600004196167,10130400,2025-07-07,13.277708053588867,-0.0184922126883627,0.0043477961077338,0.010101036106207,14.0600004196167,14.079999923706056,13.760000228881836,10130400,-0.018492212688362764,-0.018665331204750224,-0.055639569180692725,0.02410052198261182,16.131051460831316,-0.10363927550722463,-0.03334270134228767,-0.033748806889174476,-0.021782023343522194,-0.028719977136864805,0.028860792888960957,0.020211630289655773,39.088604877626196,0.01961769805822655,0.07630103968558802,-0.056683341627361467,1.791759469228055,13.277708053588867,2025-07-10,0.011594242662658516
2025-07-08,8,-0.4742492499062792,0.8022900621254643,0.25,0.75,0.0,1,2025-07-08,2025-07-08,2025-07-08,13.335436820983888,13.859999656677246,13.9399995803833,13.579999923706056,13.600000381469728,12084200,2025-07-08,13.335436820983888,0.0043477961077338,0.010101036106207,-0.0028570995685216,13.600000381469728,13.9399995803833,13.579999923706056,12084200,0.004347796107733837,0.00433837174915519,-0.019453202431252353,0.02699571536425183,16.30740945491541,0.19286503987996517,-0.014785385740039625,-0.02654872554821519,-0.011754636089842063,-0.02013271189003063,0.01830324939806611,0.020156330323113446,41.04006853657264,-0.009509915670236069,0.0591388486144232,-0.06864876428465927,2.1972245773362196,13.335436820983888,2025-07-11,0.007215076871784465
2025-07-09,7,0.1844249401640679,0.6317347490404231,0.5714285714285714,0.4285714285714285,0.0,1,2025-07-09,2025-07-09,2025-07-09,13.470138549804688,14.0,14.0,13.779999732971191,13.84000015258789,4621500,2025-07-09,13.470138549804688,0.010101036106207,-0.0028570995685216,0.0,13.84000015258789,14.0,13.779999732971191,4621500,0.010101036106206829,0.010050361598646251,-0.02672410395270437,0.016332442774465637,15.34623010206691,-0.6175584647721819,0.0037281120340943996,-0.014916996267024918,-0.0011822544413719882,-0.008389733797646182,0.020702423649495996,0.020574618074692463,45.433029392253346,-0.02147688349264243,0.043015702193010076,-0.0644925856856525,2.0794415416798357,13.470138549804688,2025-07-14,-0.0014285851838342634
2025-07-10,6,0.4465123052553584,0.6606307434225056,0.8333333333333334,0.1666666666666666,0.0,1,2025-07-10,2025-07-10,2025-07-10,13.431653022766112,13.960000038146973,14.0,13.920000076293944,13.979999542236328,7089500,2025-07-10,13.431653022766112,-0.0028570995685216,0.0,0.0014326074869202,13.979999542236328,14.0,13.920000076293944,7089500,-0.0028570995685217593,-0.0028611888683762743,-0.03922364359265921,0.005956074324616621,15.774125515213411,0.5340257492156226,0.0017221892237146985,-0.015792426107540503,-0.002694275471378016,-0.009201117574298867,0.010907824854760781,0.020577837508515995,44.4148197179446,-0.033678032707090466,0.027676955212989972,-0.06135498792008044,1.9459101490553132,13.431653022766112,2025-07-15,-0.0042980354667803145
2025-07-11,8,0.3008979321166407,0.5891862533616259,0.75,0.25,0.0,1,2025-07-11,2025-07-11,2025-07-11,13.431653022766112,13.960000038146973,14.0600004196167,13.859999656677246,13.979999542236328,7251100,2025-07-11,13.431653022766112,0.0,0.0014326074869202,-0.0057224449362414,13.979999542236328,14.0600004196167,13.859999656677246,7251100,0.0,0.0,-0.03922364359265921,0.01489025681354781,15.796663877369946,0.022794273220960504,0.0031618585143313727,-0.013706357290510507,-0.0017977982354815403,-0.007540802344239705,0.010741693121952393,0.020558374962456036,44.4148197179446,-0.04285354240265882,0.013570855689860217,-0.056424398092519035,2.1972245773362196,13.431653022766112,2025-07-16,-0.02005728583895494
2025-07-14,3,0.1523495229581992,0.7096853269606186,0.6666666666666666,0.3333333333333333,0.0,1,2025-07-14,2025-07-14,2025-07-14,13.450895309448242,13.979999542236328,14.0,13.880000114440918,13.960000038146973,3203800,2025-07-14,13.450895309448242,0.0014326074869202,-0.0057224449362414,-0.0158272765682074,13.960000038146973,14.0,13.880000114440918,3203800,0.001432607486920423,0.001431582283840438,-0.03646882000770454,0.008921330721739477,14.979848475378818,-0.5581635889727076,0.0020068574128682126,-0.00949415434321621,-0.00024520758487667216,-0.005012028908485289,0.004930085100502155,0.020284604728499724,45.12791180995283,-0.04801897536439981,0.0012528894790082117,-0.04927186484340802,1.3862943611198906,13.450895309448242,2025-07-17,-0.014306147790820511
2025-07-15,2,0.2308611199259758,0.4249748394872436,0.5,0.5,0.0,1,2025-07-15,2025-07-15,2025-07-15,13.373923301696776,13.899999618530272,14.0,13.859999656677246,14.0,4950100,2025-07-15,13.373923301696776,-0.0057224449362414,-0.0158272765682074,0.0073098665229154,14.0,14.0,13.859999656677246,4950100,-0.005722444936241522,-0.005738880856691608,-0.04471976416451603,0.010468158083798177,15.414918538377117,0.5450714776203258,-0.004298007188044628,-0.008134743971053404,-0.003985425570362411,-0.00877636827525774,0.00598429921416164,0.015027559200962068,42.76454426399735,-0.05765895935318177,-0.010529480287429786,-0.04712947906575199,1.0986122886681098,13.373923301696776,2025-07-18,-0.008633105324426738
2025-07-16,7,-0.4857108648866415,0.5745205232265829,0.1428571428571428,0.8571428571428571,0.0,1,2025-07-16,2025-07-16,2025-07-16,13.162250518798828,13.68000030517578,13.920000076293944,13.65999984741211,13.859999656677246,9997900,2025-07-16,13.162250518798828,-0.0158272765682074,0.0073098665229154,0.0,13.859999656677246,13.920000076293944,13.65999984741211,9997900,-0.01582727656820737,-0.015953865390933686,-0.05034265188760432,0.01975347821487609,16.117885728926233,1.019736975010606,-0.015544005231897917,-0.01738252045674482,-0.013253667452184814,-0.020106038863563658,0.006853859201051955,0.014660813133037295,37.02247569692717,-0.08144014932652688,-0.024711614095249204,-0.056728535231277674,2.0794415416798357,13.162250518798828,2025-07-21,0.007309866522915431
2025-07-17,10,0.4004949411377311,0.6845919236489129,0.7,0.3,0.0,1,2025-07-17,2025-07-17,2025-07-17,13.258464813232422,13.779999732971191,13.81999969482422,13.65999984741211,13.720000267028809,12743300,2025-07-17,13.258464813232422,0.0073098665229154,0.0,0.0,13.720000267028809,13.81999969482422,13.65999984741211,12743300,0.007309866522915431,0.00728327893780234,-0.03363960968029459,0.012067750653335488,16.360516279726877,0.27459766550975706,-0.005772032644041358,-0.008490454847761786,-0.004035247530540076,-0.010614825605373301,0.008745433876195155,0.009366170929175592,40.906513122193275,-0.09146882853229243,-0.038063056982657856,-0.05340577154963458,2.3978952727983707,13.258464813232422,2025-07-22,0.0
2025-07-18,6,0.7710589646206548,0.1793878845869831,1.0,0.0,0.0,1,2025-07-18,2025-07-18,2025-07-18,13.258464813232422,13.779999732971191,13.800000190734863,13.68000030517578,13.779999732971191,7432800,2025-07-18,13.258464813232422,0.0,0.0,0.0,13.779999732971191,13.800000190734863,13.68000030517578,7432800,0.0,0.0,-0.03784723728919247,0.00905081299000165,15.821413330848031,-0.4167287908155658,-0.0031828866565137837,-0.006488844339341493,-0.0026937883880070457,-0.008701651224437446,0.008745433876195155,0.009255360785387585,40.906513122193275,-0.09828367601792287,-0.05010718078971086,-0.04817649522821201,1.9459101490553132,13.258464813232422,2025-07-23,0.01161107046296972
2025-07-21,2,0.3114944752305746,0.6640536147478093,0.5,0.5,0.0,1,2025-07-21,2025-07-21,2025-07-21,13.258464813232422,13.779999732971191,13.84000015258789,13.699999809265137,13.779999732971191,3542400,2025-07-21,13.258464813232422,0.0,0.0,0.0116110704629697,13.779999732971191,13.84000015258789,13.699999809265137,3542400,0.0,0.0,-0.03784723728919247,0.01055931778640228,15.080315303790904,-0.5234097513722957,-0.00029020870016605027,-0.006345561859747217,-0.0017974729292397074,-0.00713081461303211,0.008604192498698825,0.007208676131595904,40.906513122193275,-0.10250290209905266,-0.06058632505157922,-0.04191657704747344,1.0986122886681098,13.258464813232422,2025-07-24,0.01161107046296972
2025-07-22,10,0.2886425900040194,0.6048386365603873,0.7,0.3,0.0,1,2025-07-22,2025-07-22,2025-07-22,13.258464813232422,13.779999732971191,13.899999618530272,13.739999771118164,13.739999771118164,5685900,2025-07-22,13.258464813232422,0.0,0.0116110704629697,0.0,13.739999771118164,13.899999618530272,13.739999771118164,5685900,0.0,0.0,-0.03504621294812109,0.012067750653335221,15.553500159856139,0.6050982384823849,0.0014534735464875048,-0.005772025533890779,-0.0011990336963634274,-0.005841876927273559,0.008506285578521287,0.00703826428959941,40.906513122193275,-0.10464043931818168,-0.06939714790489972,-0.03524329141328196,2.3978952727983707,13.258464813232422,2025-07-25,-0.0130623913325566
2025-07-23,14,0.5400202713540888,0.3916796126086269,0.9285714285714286,0.0714285714285714,0.0,1,2025-07-23,2025-07-23,2025-07-23,13.412409782409668,13.9399995803833,14.0,13.760000228881836,13.779999732971191,8037700,2025-07-23,13.412409782409668,0.0116110704629697,0.0,-0.0243902647133293,13.779999732971191,14.0,13.760000228881836,8037700,0.01161107046296972,0.01154417927195217,-0.026675613765216315,0.017893859120895857,15.899653654991372,0.41361965563938874,0.009267335632968221,0.006207610237903616,0.00690813261614065,0.004659921092297514,0.0054002484802580936,0.007303520022944867,47.83082225618292,-0.09284215396497686,-0.07408614911691515,-0.01875600484806171,2.70805020110221,13.412409782409668,2025-07-28,-0.04160685941931885
2025-07-24,3,0.2595341801643371,0.5525647796209794,0.6666666666666666,0.3333333333333333,0.0,1,2025-07-24,2025-07-24,2025-07-24,13.412409782409668,13.9399995803833,13.9399995803833,13.880000114440918,13.899999618530272,5394900,2025-07-24,13.412409782409668,0.0,-0.0243902647133293,-0.0176470099500704,13.899999618530272,13.9399995803833,13.880000114440918,5394900,0.0,0.0,-0.03507840643898949,0.004473429228286174,15.500964806181628,-0.32880052751408984,0.006934435788756188,0.006352891393983207,0.004594841153414464,0.0038094351360362655,0.005192628569348028,0.007252658100894255,47.83082225618292,-0.08254045285958789,-0.07577700986544969,-0.006763442994138197,1.3862943611198906,13.412409782409668,2025-07-29,-0.044476327422254824
2025-07-25,12,-0.4542568977922201,0.5603991161403643,0.1666666666666666,0.75,0.0833333333333333,1,2025-07-25,2025-07-25,2025-07-25,13.085277557373049,13.600000381469728,13.920000076293944,13.420000076293944,13.859999656677246,19583400,2025-07-25,13.085277557373049,-0.0243902647133293,-0.0176470099500704,-0.0029940406305468,13.859999656677246,13.920000076293944,13.420000076293944,19583400,-0.02439026471332928,-0.024692633921534313,-0.05589625674564605,0.038210882253565136,16.79019287763361,2.629983873658455,-0.015063732501202298,-0.015634047231932624,-0.013360318785326508,-0.016978700997264617,0.013200761426378382,0.01055657216237404,37.11331525581662,-0.09962470552513025,-0.08054654899738581,-0.019078156527744444,2.5649493574615367,13.085277557373049,2025-07-30,-0.023529419481567837
2025-07-28,12,0.1958075889075795,0.7039598606076098,0.5833333333333334,0.4166666666666667,0.0,3,2025-07-26,2025-07-28,2025-07-28,12.854361534118652,13.359999656677246,13.600000381469728,13.359999656677246,13.600000381469728,13945500,2025-07-28,12.854361534118652,-0.0176470099500704,-0.0029940406305468,-0.0030030318298603,13.600000381469728,13.600000381469728,13.359999656677246,13945500,-0.017647009950070514,-0.017804574882082758,-0.05482638429679927,0.01867076199432084,16.450667505253875,-0.2878917859003033,-0.026522845504682757,-0.028646170314326036,-0.020726973130489212,-0.02826136298385451,0.014628466681875413,0.011442107683528817,31.711729421657225,-0.13029513091557732,-0.09049626538102412,-0.039798865534553196,2.5649493574615367,12.854361534118652,2025-07-31,-0.025449122787493672
2025-07-29,6,0.094566261395812,0.5366709270377812,0.6666666666666666,0.1666666666666666,0.1666666666666666,1,2025-07-29,2025-07-29,2025-07-29,12.815875053405762,13.31999969482422,13.460000038146973,13.31999969482422,13.34000015258789,5800200,2025-07-29,12.815875053405762,-0.0029940406305468,-0.0030030318298603,-0.0195782778450884,13.34000015258789,13.460000038146973,13.31999969482422,5800200,-0.002994040630546868,-0.002998531736805532,-0.039289737120464074,0.010923978482885385,15.573403130088584,-0.584080886307411,-0.022887325479796994,-0.02745325986808167,-0.015898014383735726,-0.025648734000488282,0.014376201311934659,0.011441364293430293,30.90440021518016,-0.15590996829070747,-0.1035790059629608,-0.05233096232774667,1.9459101490553132,12.815875053405762,2025-08-01,-0.0015014415014147353
2025-07-30,6,-0.0429865922002743,0.7695237643713593,0.3333333333333333,0.5,0.1666666666666666,1,2025-07-30,2025-07-30,2025-07-30,12.777388572692873,13.279999732971191,13.359999656677246,13.199999809265137,13.31999969482422,6523100,2025-07-30,12.777388572692873,-0.0030030318298603,-0.0195782778450884,0.021505430370488,13.31999969482422,13.359999656677246,13.199999809265137,6523100,-0.00300303182986017,-0.0030075499776405223,-0.0407365716639011,0.012522108606296297,15.690860434331519,0.12463363332298893,-0.01629632063954778,-0.027533695584884943,-0.01264835708721046,-0.02350143378175651,0.010756681083291988,0.010686317801155738,30.07971328366078,-0.17727196790597688,-0.11831759835156402,-0.058954369554412855,1.9459101490553132,12.777388572692873,2025-08-04,-0.009036082305330373
2025-07-31,15,-0.1832710340619087,0.5929048119718845,0.4,0.4666666666666667,0.1333333333333333,1,2025-07-31,2025-07-31,2025-07-31,12.527229309082031,13.020000457763672,13.260000228881836,13.020000457763672,13.199999809265137,12447500,2025-07-31,12.527229309082031,-0.0195782778450884,0.021505430370488,-0.010526341677248,13.199999809265137,13.260000228881836,13.020000457763672,12447500,-0.019578277845088587,-0.019772471152871507,-0.05096746287154375,0.019158248420037164,16.33703043783589,0.9082184850761141,-0.02222888770615261,-0.04123709376280482,-0.02154904018755255,-0.03514289986260799,0.009915896388820167,0.01119917140982709,25.345363048666428,-0.21194410865719604,-0.13704290041269043,-0.07490120824450561,2.772588722239781,12.527229309082031,2025-08-05,0.01996924119761112
2025-08-01,9,0.3085051253955397,0.3369052268035282,0.6666666666666666,0.1111111111111111,0.2222222222222222,1,2025-08-01,2025-08-01,2025-08-01,12.796632766723633,13.300000190734863,13.300000190734863,13.039999961853027,13.039999961853027,8844800,2025-08-01,12.796632766723633,0.021505430370488,-0.010526341677248,0.0091184776196002,13.039999961853027,13.300000190734863,13.039999961853027,8844800,0.02150543037048802,0.02127745133628789,-0.018663128515439907,0.02031786280199746,15.995340386736153,-0.28943161277364937,0.003319298432099993,-0.01714448382802969,-0.00033807793893358973,-0.011807180098550085,0.016438270360040322,0.014086619539641035,36.86924795749183,-0.2152026997056069,-0.15267486027127375,-0.06252783943433315,2.302585092994046,12.796632766723633,2025-08-06,-0.009022567934011128
2025-08-04,7,-0.1447938829660415,0.8191696043798004,0.4285714285714285,0.4285714285714285,0.1428571428571428,1,2025-08-04,2025-08-04,2025-08-04,12.661931037902832,13.15999984741211,13.260000228881836,13.079999923706056,13.260000228881836,5197400,2025-08-04,12.661931037902832,-0.010526341677248,0.0091184776196002,-0.0075300437085569,13.260000228881836,13.260000228881836,13.079999923706056,5197400,-0.010526341677248086,-0.010582135493713452,-0.045103256459704956,0.014215865229162749,15.46366925091385,-0.4123778943560058,-0.004237268750234446,-0.02301407606198802,-0.007266882126821916,-0.018244866120566305,0.015264081013636238,0.014193095092915373,34.03990765819937,-0.2260487115189207,-0.16734963052080315,-0.05869908099811755,2.0794415416798357,12.661931037902832,2025-08-07,0.04559268937094729
2025-08-05,3,0.4775071439022819,0.1860984834378286,1.0,0.0,0.0,1,2025-08-05,2025-08-05,2025-08-05,12.777388572692873,13.279999732971191,13.279999732971191,13.0,13.199999809265137,4884800,2025-08-05,12.777388572692873,0.0091184776196002,-0.0075300437085569,0.0440060388766787,13.199999809265137,13.279999732971191,13.0,4884800,0.009118477619600496,0.00907715531029707,-0.032016003233244834,0.02191369006101852,15.401639105679402,-0.06014545734405663,0.005451203899457413,-0.010432224376369592,0.0011895138345552336,-0.007616030266292317,0.016182764025021414,0.01479464908868716,38.40318629565874,-0.22275995775386193,-0.1784316959674149,-0.044328261786447026,1.3862943611198906,12.777388572692873,2025-08-08,0.039156630327831676
2025-08-06,8,0.2505591975641437,0.5642327290635204,0.5,0.5,0.0,1,2025-08-06,2025-08-06,2025-08-06,12.681174278259276,13.18000030517578,13.300000190734863,13.079999923706056,13.279999732971191,6590300,2025-08-06,12.681174278259276,-0.0075300437085569,0.0440060388766787,0.0029069325605333,13.279999732971191,13.300000190734863,13.079999923706056,6590300,-0.007530043708557255,-0.007558537618060246,-0.04509227912295583,0.017348572159123887,15.70110958070116,0.34914428431051414,-0.000606587816664228,-0.012290129735027855,-0.004241969419958469,-0.01237928177834513,0.016481917534439113,0.013815179587271699,36.251122440674436,-0.22531993817475637,-0.18780934440888322,-0.03751059376587315,2.1972245773362196,12.681174278259276,2025-08-11,0.0364187129973097
2025-08-07,6,0.3451006639904032,0.5434842426163601,0.8333333333333334,0.1666666666666666,0.0,1,2025-08-07,2025-08-07,2025-08-07,13.239222526550291,13.760000228881836,13.779999732971191,13.15999984741211,13.18000030517578,15163800,2025-08-07,13.239222526550291,0.0440060388766787,0.0029069325605333,-0.0101449533516736,13.18000030517578,13.779999732971191,13.15999984741211,15163800,0.044006038876678755,0.043065273808352345,0.004493339909199788,0.04683053588046562,16.534421632345758,1.3009271201614494,0.03179363346926145,0.03256791964132466,0.026041381425035093,0.025287814011300425,0.022414021742905386,0.020936609027243487,52.779643318304615,-0.18024120287817347,-0.1862957161027413,0.00605451322456782,1.9459101490553132,13.239222526550291,2025-08-12,-0.013081448641442006
2025-08-08,7,0.27515859156847,0.5606219170448181,0.8571428571428571,0.1428571428571428,0.0,1,2025-08-08,2025-08-08,2025-08-08,13.277708053588867,13.800000190734863,13.859999656677246,13.68000030517578,13.800000190734863,6527200,2025-08-08,13.277708053588867,0.0029069325605333,-0.0101449533516736,-0.0058564993312383,13.800000190734863,13.859999656677246,13.68000030517578,6527200,0.002906932560533315,0.0029027156023762046,-0.03784725579182645,0.013556507702608668,15.691488772301765,-0.5695538057742782,0.02709136097757403,0.03401764544898711,0.019163938209782794,0.023010307845938494,0.021835823111471815,0.01927690910854239,53.67175186236948,-0.13979900408856238,-0.17699637369990553,0.03719736961134315,2.0794415416798357,13.277708053588867,2025-08-13,0.0
2025-08-11,8,0.3774601679469925,0.5673079199356064,0.625,0.25,0.125,1,2025-08-11,2025-08-11,2025-08-11,13.143006324768066,13.65999984741211,13.800000190734863,13.600000381469728,13.800000190734863,5929300,2025-08-11,13.143006324768066,-0.0101449533516736,-0.0058564993312383,0.0162003046552994,13.800000190734863,13.800000190734863,13.600000381469728,5929300,-0.010144953351673647,-0.010196764100537159,-0.04760825049900317,0.015217204064509519,15.595416888815286,-0.09160129917882098,0.009160712704031404,0.02123200180654683,0.005865790710409158,0.010311521400620416,0.021757220085718714,0.018576790082881385,50.10379594296353,-0.11726580671957443,-0.16505026030383932,0.04778445358426489,2.1972245773362196,13.143006324768066,2025-08-14,0.0014642155345003793
2025-08-12,4,0.5987179991789162,0.2641609788737211,1.0,0.0,0.0,1,2025-08-12,2025-08-12,2025-08-12,13.066034317016602,13.579999923706056,13.68000030517578,13.520000457763672,13.600000381469728,3818800,2025-08-12,13.066034317016602,-0.0058564993312383,0.0162003046552994,-0.0086955922154676,13.600000381469728,13.68000030517578,13.520000457763672,3818800,-0.0058564993312383296,-0.005873715875475138,-0.03926220952027812,0.012245478890540734,15.155447056968345,-0.35594420926584924,-0.0011768425989463482,0.013281564553542458,-1.6707886376754466e-05,0.003592737848604255,0.02252533718194648,0.01869043611324078,48.134658924907335,-0.10441544692951865,-0.15292329762897522,0.04850785069945657,1.6094379124341003,13.066034317016602,2025-08-15,0.0029455364787132066
2025-08-13,9,0.1029332532650894,0.6183916032451072,0.5555555555555556,0.4444444444444444,0.0,1,2025-08-13,2025-08-13,2025-08-13,13.277708053588867,13.800000190734863,13.800000190734863,13.579999923706056,13.579999923706056,3846500,2025-08-13,13.277708053588867,0.0162003046552994,-0.0086955922154676,-0.0043860068600642,13.579999923706056,13.800000190734863,13.579999923706056,3846500,0.016200304655299425,0.016070479976012297,-0.022260078926030817,0.016569144775655943,15.162674461857694,0.007253587514402415,0.0058309021050955145,0.0257172330930997,0.01073099632641994,0.01618351705541099,0.02179876984706211,0.019091258155984114,53.54201000274949,-0.07627192740243594,-0.13759302358366737,0.06132109618123144,2.302585092994046,13.277708053588867,2025-08-18,-0.013043460148422503
2025-08-14,13,0.1152285452788839,0.7054985145744144,0.6153846153846154,0.3846153846153846,0.0,1,2025-08-14,2025-08-14,2025-08-14,13.162250518798828,13.68000030517578,13.779999732971191,13.5600004196167,13.760000228881836,4567000,2025-08-14,13.162250518798828,-0.0086955922154676,-0.0043860068600642,0.0,13.760000228881836,13.779999732971191,13.5600004196167,4567000,-0.008695592215467673,-0.00873361948435969,-0.04344111192878825,0.01671441468465296,15.334367311129231,0.18731314181723646,-0.0017512580038037129,0.01183435245228237,0.0012938902107233474,0.006003325537589088,0.010925691336850991,0.0178682364176527,50.45222915807191,-0.06256325331287371,-0.12258706952950865,0.06002381621663494,2.6390573296152584,13.162250518798828,2025-08-19,0.0029239321181135924
2025-08-15,9,0.0688419238560729,0.5843965551597476,0.4444444444444444,0.4444444444444444,0.1111111111111111,1,2025-08-15,2025-08-15,2025-08-15,13.104520797729492,13.619999885559082,13.739999771118164,13.600000381469728,13.739999771118164,2477100,2025-08-15,13.104520797729492,-0.0043860068600642,0.0,0.0073421416618744,13.739999771118164,13.739999771118164,13.600000381469728,2477100,-0.004386006860064295,-0.004395653605614669,-0.04625028995447767,0.010683289515835803,14.72259948277142,-0.45760893365447775,-0.0035118427608529235,0.005017706551659895,-0.0020673291587970377,0.0013013410562421335,0.010739249035878414,0.01708537469076452,48.931732531807256,-0.05571508750677623,-0.10921267312496216,0.05349758561818593,2.302585092994046,13.104520797729492,2025-08-20,0.002936813000078642
2025-08-18,6,0.5908308385405691,0.4130529155068705,1.0,0.0,0.0,1,2025-08-18,2025-08-18,2025-08-18,13.104520797729492,13.619999885559082,13.739999771118164,13.520000457763672,13.65999984741211,2974700,2025-08-18,13.104520797729492,0.0,0.0073421416618744,-0.00437321986205,13.65999984741211,13.739999771118164,13.520000457763672,2974700,0.0,0.0,-0.040664645379762054,0.016788047174728402,14.905654087709301,0.2008800613620767,-0.0029282567942674476,0.0016178859479771823,-0.0013791698385388074,0.0010644817271481255,0.00987547128711365,0.016507506505843417,48.931732531807256,-0.049714785664313865,-0.09731309563283251,0.047598309968518646,1.9459101490553132,13.104520797729492,2025-08-21,0.001468442887265331
2025-08-19,4,0.5531501113437116,0.4338577904197508,1.0,0.0,0.0,1,2025-08-19,2025-08-19,2025-08-19,13.200736045837402,13.720000267028809,13.899999618530272,13.600000381469728,13.600000381469728,6265200,2025-08-19,13.200736045837402,0.0073421416618744,-0.00437321986205,-0.001464070411795,13.600000381469728,13.899999618530272,13.600000381469728,6265200,0.007342141661874413,0.00731531934858376,-0.029357670914210533,0.022725947706161605,15.650521228798455,1.1061619659125288,0.0023378076261897363,0.00571763350391663,0.003960704687298033,0.006874024414925239,0.009865614910627554,0.01645052837106834,51.74285971637893,-0.03677185376586323,-0.08520484725943867,0.04843299349357544,1.6094379124341003,13.200736045837402,2025-08-22,-0.011661775144081732
2025-08-20,8,0.1090346346027218,0.7599513276260145,0.5,0.5,0.0,1,2025-08-20,2025-08-20,2025-08-20,13.143006324768066,13.65999984741211,13.779999732971191,13.640000343322754,13.720000267028809,2795500,2025-08-20,13.143006324768066,-0.00437321986205,-0.001464070411795,-0.0058650862304509,13.720000267028809,13.779999732971191,13.640000343322754,2795500,-0.004373219862050082,-0.004382810359146561,-0.04205495124131623,0.010652006564480449,14.843521897166534,-0.5538051458852071,-4.353680960189621e-08,-0.002191416120418732,-0.00028659853491452836,0.002020609234815618,0.006071021906618576,0.016246842576026134,49.965640233210536,-0.03081754750604837,-0.07432738730876061,0.04350983980271224,2.1972245773362196,13.143006324768066,2025-08-25,0.0043924289194432475
2025-08-21,7,0.7253238428384066,0.245286182332086,1.0,0.0,0.0,1,2025-08-21,2025-08-21,2025-08-21,13.123764038085938,13.640000343322754,13.779999732971191,13.539999961853027,13.68000030517578,2259500,2025-08-21,13.123764038085938,-0.001464070411795,-0.0058650862304509,0.0117993768234367,13.68000030517578,13.779999732971191,13.539999961853027,2259500,-0.001464070411795082,-0.0014651432101095985,-0.04066054493283834,0.018287418946399108,14.630654550409165,-0.19173671972813455,-0.0008789714970564022,-0.0027781599345458874,-0.0011675140444140641,0.0004528839240007798,0.004815403490915315,0.007964986207378672,49.35710985363413,-0.027336292849712507,-0.064929168416951,0.03759287556723849,2.0794415416798357,13.123764038085938,2025-08-26,-0.014662751909999105
2025-08-22,8,0.654407074500341,0.2449340277232658,0.875,0.0,0.125,1,2025-08-22,2025-08-22,2025-08-22,13.046792030334473,13.5600004196167,13.739999771118164,13.520000457763672,13.699999809265137,2851000,2025-08-22,13.046792030334473,-0.0058650862304509,0.0117993768234367,-0.0204081426241559,13.699999809265137,13.739999771118164,13.520000457763672,2851000,-0.0058650862304509,-0.005882353397414164,-0.04767940058575095,0.016862330053470792,14.863180718648868,0.2617835804381501,-0.005865071782142572,-0.006884394009309958,-0.004694830041165665,-0.004434704835080017,0.005142288042057865,0.007988614858185816,46.89666527333444,-0.03043750656808797,-0.058030836047178395,0.027593329479090427,2.1972245773362196,13.046792030334473,2025-08-27,-0.005899688411718396
2025-08-25,7,0.5032797327065575,0.4833785643905319,0.7142857142857143,0.1428571428571428,0.1428571428571428,1,2025-08-25,2025-08-25,2025-08-25,13.200736045837402,13.720000267028809,13.760000228881836,13.600000381469728,13.65999984741211,5833800,2025-08-25,13.200736045837402,0.0117993768234367,-0.0204081426241559,0.0029762190100717,13.65999984741211,13.760000228881836,13.600000381469728,5833800,0.011799376823436791,0.011730306966670323,-0.03362106930489569,0.012120524708359764,15.579179318440646,1.04622939319537,0.004392385191401171,0.004392385191401171,0.004688417355480201,0.005974884207457842,0.007709279498515015,0.0084207989605476,52.04548887266216,-0.020239931958967006,-0.05047265522953612,0.030232723270569112,2.0794415416798357,13.200736045837402,2025-08-28,-0.020408142624156023
2025-08-26,4,-0.4669441456208005,0.4354748104982376,0.0,0.75,0.25,1,2025-08-26,2025-08-26,2025-08-26,12.931333541870115,13.4399995803833,13.720000267028809,13.4399995803833,13.699999809265137,8210900,2025-08-26,12.931333541870115,-0.0204081426241559,0.0029762190100717,-0.0029673874152361,13.699999809265137,13.720000267028809,13.4399995803833,8210900,-0.020408142624156023,-0.020619266131562064,-0.05610702759829106,0.02165288566248013,15.920973219621528,0.40747025952209537,-0.012055262477650541,-0.015095983987352346,-0.010599483153078126,-0.011940394717441127,0.011498661542388114,0.010608643401547243,44.004541499900924,-0.03351052274455135,-0.04708022873253917,0.013569705987987818,1.6094379124341003,12.931333541870115,2025-08-29,-0.017857166562213256
2025-08-27,4,-0.321091644000262,0.8006840450360784,0.25,0.75,0.0,1,2025-08-27,2025-08-27,2025-08-27,12.969820022583008,13.479999542236328,13.539999961853027,13.420000076293944,13.4399995803833,3617800,2025-08-27,12.969820022583008,0.0029762190100717,-0.0029673874152361,-0.0178571665622133,13.4399995803833,13.539999961853027,13.420000076293944,3617800,0.0029762190100717234,0.0029717988383684,-0.0349835991428568,0.009252239842198303,15.101376940660712,-0.5593905661985896,-0.00648582355684546,-0.009842772272083744,-0.0051162616887858725,-0.007375470060060896,0.011911308134186232,0.008917884457881555,45.3046096215094,-0.04045567634881664,-0.045755318255794666,0.005299641906978028,1.6094379124341003,12.969820022583008,2025-09-02,-0.017804177430884804
2025-08-28,7,0.6055378276588661,0.4098446319115182,1.0,0.0,0.0,1,2025-08-28,2025-08-28,2025-08-28,12.931333541870115,13.4399995803833,13.5600004196167,13.399999618530272,13.5,4978000,2025-08-28,12.931333541870115,-0.0029673874152361,-0.0178571665622133,0.0030303321561222,13.5,13.5600004196167,13.399999618530272,4978000,-0.002967387415236278,-0.0029717988383684,-0.04212344134295441,0.012373109128178007,15.420538962793543,0.3759743490519101,-0.0065050303377681695,-0.01103751683870935,-0.005393483831397372,-0.008460307415402712,0.011894670231907165,0.008641654648501222,44.199475214053315,-0.04850614927114627,-0.04630548445886499,-0.002200664812281282,2.0794415416798357,12.931333541870115,2025-09-03,-0.025297566589175924
2025-08-29,10,-0.2991065856767818,0.5467238197109371,0.2,0.7,0.1,1,2025-08-29,2025-08-29,2025-08-29,12.700416564941406,13.199999809265137,13.460000038146973,13.140000343322754,13.420000076293944,9946500,2025-08-29,12.700416564941406,-0.0178571665622133,0.0030303321561222,-0.010573969725944,13.420000076293944,13.460000038146973,13.140000343322754,9946500,-0.017857166562213256,-0.01801852963875028,-0.05362023153961538,0.025195999925510717,16.11273138899704,0.998091603053435,-0.01902499068146246,-0.02568646062617508,-0.015556290573257692,-0.02151121031476433,0.013713712187782561,0.010038056814394116,38.18140847605217,-0.07268145072573517,-0.05158067771223902,-0.021100773013496152,2.3978952727983707,12.700416564941406,2025-09-04,-0.010606012366422446
2025-09-02,5,0.5864445011597128,0.508114627991094,0.8,0.2,0.0,3,2025-08-30,2025-09-02,2025-09-02,12.738903045654297,13.239999771118164,13.239999771118164,13.119999885559082,13.199999809265137,4899500,2025-09-02,12.738903045654297,0.0030303321561222,-0.010573969725944,-0.0030534642246216,13.199999809265137,13.239999771118164,13.119999885559082,4899500,0.0030303321561222507,0.0030257499543626665,-0.034931573505568844,0.009419954381395371,15.40464392116045,-0.5074146684763485,-0.008982032996055489,-0.019985182509409505,-0.008417343461083582,-0.015225392787742487,0.011336231728352346,0.010186075657883474,39.656130155787224,-0.08772378872330755,-0.05880929991445273,-0.02891448880885482,1.791759469228055,12.738903045654297,2025-09-08,0.006042279109559789
2025-09-03,7,0.498187557428277,0.3676598973402497,0.7142857142857143,0.0,0.2857142857142857,1,2025-09-03,2025-09-03,2025-09-03,12.604202270507812,13.100000381469728,13.31999969482422,13.100000381469728,13.279999732971191,4585600,2025-09-03,12.604202270507812,-0.010573969725944,-0.0030534642246216,0.019908079077676,13.279999732971191,13.31999969482422,13.100000381469728,4585600,-0.010573969725944043,-0.010630271383551104,-0.05088836416054504,0.01745444167214468,15.338431734689937,-0.0640677620165323,-0.014444738151873193,-0.025877399845252835,-0.012681441809632488,-0.021075089903011546,0.00906342871343774,0.009775486988861937,36.38457087384908,-0.10925475595561807,-0.0688983911226858,-0.04035636483293227,2.0794415416798357,12.604202270507812,2025-09-09,0.0
2025-09-04,8,0.4285421617678366,0.6083140467081385,0.625,0.25,0.125,1,2025-09-04,2025-09-04,2025-09-04,12.565715789794922,13.0600004196167,13.18000030517578,13.039999961853027,13.100000381469728,6872900,2025-09-04,12.565715789794922,-0.0030534642246216,0.019908079077676,-0.0165164518236855,13.100000381469728,13.18000030517578,13.039999961853027,6872900,-0.003053464224621605,-0.003058135558097419,-0.040785082146300174,0.011141453910365499,15.74309684580969,0.4988005931612003,-0.011205317330399867,-0.024499534827206015,-0.010519159356141339,-0.019775416188598682,0.008070549670343338,0.009787345104957695,35.48383430665112,-0.12794882554258002,-0.08070847800666464,-0.047240347535915383,2.1972245773362196,12.565715789794922,2025-09-10,0.009188373380060177
2025-09-08,10,0.501177285797894,0.5576496893596651,0.9,0.1,0.0,2,2025-09-05,2025-09-08,2025-09-08,12.815875053405762,13.31999969482422,13.420000076293944,13.119999885559082,13.15999984741211,4796400,2025-09-08,12.815875053405762,0.019908079077676,-0.0165164518236855,0.0061068527860401,13.15999984741211,13.420000076293944,13.119999885559082,4796400,0.019908079077676,0.01971250468396102,-0.02614930075960595,0.023408482798460008,15.383376402977094,-0.3021286502058811,0.010315512493742851,-0.002695436192965972,0.006101000923787403,-0.0002135782219491178,0.01441282356503964,0.012473767622931505,45.01260275367641,-0.12118134535209713,-0.08880305147575114,-0.032378293876345984,2.3978952727983707,12.815875053405762,2025-09-11,-0.0075074307476199476
2025-09-09,5,0.7557917444966733,0.1803221854114499,1.0,0.0,0.0,1,2025-09-09,2025-09-09,2025-09-09,12.604202270507812,13.100000381469728,13.31999969482422,13.039999961853027,13.31999969482422,7505700,2025-09-09,12.604202270507812,-0.0165164518236855,0.0061068527860401,0.0030349303517476,13.31999969482422,13.31999969482422,13.039999961853027,7505700,-0.016516451823685552,-0.0166543691258636,-0.05373854660030863,0.022214792095677168,15.831173423084849,0.5648611458593946,-0.004861715345838347,-0.015777568296949318,-0.007035474050941404,-0.013727066732070248,0.01404507398742666,0.013242954237242923,39.67313619071054,-0.1313837826380002,-0.09731919770820097,-0.034064584929799246,1.791759469228055,12.604202270507812,2025-09-12,0.021374022582742347
2025-09-10,9,0.2943898752176513,0.3625088601898604,0.6666666666666666,0.1111111111111111,0.2222222222222222,1,2025-09-10,2025-09-10,2025-09-10,12.681174278259276,13.18000030517578,13.279999732971191,13.119999885559082,13.18000030517578,4449000,2025-09-10,12.681174278259276,0.0061068527860401,0.0030349303517476,0.0121028397234841,13.18000030517578,13.279999732971191,13.119999885559082,4449000,0.006106852786039951,0.006088281530162831,-0.03784719388212875,0.012617116041565221,15.308190134557766,-0.4072504896278828,0.002128959043105727,-0.005733232966326773,-0.000647933753900154,-0.00631214965836735,0.014353930400892377,0.012626627081439818,42.351114999512305,-0.13173967695717437,-0.10420329355799565,-0.027536383399178715,2.302585092994046,12.681174278259276,2025-09-17,0.01972682167452855
2025-09-11,7,0.1010421697449471,0.5556011289346883,0.7142857142857143,0.2857142857142857,0.0,1,2025-09-11,2025-09-11,2025-09-11,12.719660758972168,13.220000267028809,13.300000190734863,13.199999809265137,13.199999809265137,4135300,2025-09-11,12.719660758972168,0.0030349303517476,0.0121028397234841,0.0044842737062644,13.199999809265137,13.300000190734863,13.199999809265137,4135300,0.0030349303517478443,0.003030334247517086,-0.03638932251770312,0.007861874885239255,15.235070677019166,-0.07051022701730725,0.003339436882757729,-0.0010578389050484027,0.0015887570315400446,-0.0026986525199019784,0.013294538488624342,0.011339052704351997,43.696939586600266,-0.12744705806823653,-0.10885204646004383,-0.0185950116081927,2.0794415416798357,12.719660758972168,2025-09-18,0.0045384711758122975
2025-09-12,7,0.525754077360034,0.3657632747346893,0.8571428571428571,0.1428571428571428,0.0,1,2025-09-12,2025-09-12,2025-09-12,12.873604774475098,13.380000114440918,13.460000038146973,13.260000228881836,13.260000228881836,5138300,2025-09-12,12.873604774475098,0.0121028397234841,0.0044842737062644,-0.0119048022911782,13.260000228881836,13.460000038146973,13.260000228881836,5138300,0.012102839723484138,0.012030185982405683,-0.029139928185304528,0.015535649320358402,15.45223303804231,0.24254588542548294,0.010574014327187964,0.01179674110220641,0.009098965376483914,0.0076545693284906235,0.013608076756300302,0.01208995442134904,48.84156857195905,-0.11035107270979694,-0.10915185170999446,-0.0011992209998024778,2.0794415416798357,12.873604774475098,2025-09-19,0.0
2025-09-17,8,0.4321517716161906,0.2278431107292716,1.0,0.0,0.0,2,2025-09-15,2025-09-17,2025-09-17,12.931333541870115,13.4399995803833,13.5,13.239999771118164,13.279999732971191,6529100,2025-09-17,12.931333541870115,0.0044842737062644,-0.0119048022911782,0.0075301929838664,13.279999732971191,13.5,13.239999771118164,6529100,0.004484273706264252,0.004474249307853118,-0.026254984797583834,0.020106219365542324,15.691779819493139,0.27067317984547423,0.013268961114389244,0.016333914624415025,0.009041633028590734,0.009937869386998255,0.01082717930081269,0.012162629865248542,50.66217558277142,-0.09109407626685773,-0.10554029662136712,0.01444622035450939,2.1972245773362196,12.931333541870115,2025-09-22,-0.001488035755927486
2025-09-18,9,-0.2125721826321548,0.6021103626607894,0.3333333333333333,0.6666666666666666,0.0,1,2025-09-18,2025-09-18,2025-09-18,12.777388572692873,13.279999732971191,13.520000457763672,13.260000228881836,13.4399995803833,8040800,2025-09-18,12.777388572692873,-0.0119048022911782,0.0075301929838664,0.0029895651907225,13.4399995803833,13.520000457763672,13.260000228881836,8040800,-0.011904802291178074,-0.01197623191971564,-0.049301415801943846,0.020348463804058838,15.900039263058394,0.23153267678546818,-0.001503818503312493,0.0036275068481077533,-0.0019825019550875345,-0.0017067535868997563,0.008896559648469075,0.011303272800517796,45.96453523988233,-0.08724908712180834,-0.10188205472145537,0.014632967599647023,2.302585092994046,12.777388572692873,2025-09-23,0.009036156942984874
2025-09-19,6,-0.0840418102840582,0.5372454638545955,0.5,0.5,0.0,1,2025-09-19,2025-09-19,2025-09-19,12.873604774475098,13.380000114440918,13.460000038146973,13.300000190734863,13.380000114440918,6713300,2025-09-19,12.873604774475098,0.0075301929838664,0.0029895651907225,-0.0014904010241586,13.380000114440918,13.460000038146973,13.300000190734863,6713300,0.007530192983866257,0.007501982611862523,-0.03784718502500401,0.012428519456286721,15.719601340288984,-0.16509551288429014,0.002998514585160539,0.010116268461418887,0.003681718246874688,0.00474909952761382,0.009051650604204676,0.011495966583210322,49.13884660180711,-0.0755669731238644,-0.09661903840193717,0.021052065278072768,1.9459101490553132,12.873604774475098,2025-09-24,-0.0074739129768063295
2025-09-22,3,0.6833196468651295,0.2605651179782653,1.0,0.0,0.0,1,2025-09-22,2025-09-22,2025-09-22,12.912091255187988,13.420000076293944,13.539999961853027,13.399999618530272,13.399999618530272,3437000,2025-09-22,12.912091255187988,0.0029895651907225,-0.0014904010241586,-0.0089552360248034,13.399999618530272,13.539999961853027,13.399999618530272,3437000,0.002989565190722576,0.002985105327198312,-0.036411072927761606,0.010842576973463112,15.05010984678334,-0.4880312216048739,0.002989580050979823,0.010694416765257397,0.004444959280298644,0.006334322171961837,0.009051691578932992,0.010739262159593876,50.39414858568322,-0.06248301101021525,-0.0897918329235928,0.02730882191337755,1.3862943611198906,12.912091255187988,2025-09-25,-0.01639352495758828
2025-09-23,9,0.491892472633885,0.4758628647490197,0.6666666666666666,0.2222222222222222,0.1111111111111111,1,2025-09-23,2025-09-23,2025-09-23,12.892847061157228,13.399999618530272,13.539999961853027,13.359999656677246,13.460000038146973,4869200,2025-09-23,12.892847061157228,-0.0014904010241586,-0.0089552360248034,-0.0060240797494384,13.460000038146973,13.539999961853027,13.359999656677246,4869200,-0.0014904010241584276,-0.0014915127765400271,-0.04213617944891357,0.013961253423851976,15.398440415890104,0.4167006109979634,0.0011954242839375961,0.006610528484953804,0.0019633597049124596,0.0039520102159604775,0.007569312452441556,0.010661056807919391,49.73317454572511,-0.05305513581809862,-0.08244449350249397,0.02938935768439535,2.302585092994046,12.892847061157228,2025-09-26,-0.004477581027773181
2025-09-24,12,0.0972088132208833,0.7546828983763537,0.5,0.4166666666666667,0.0833333333333333,1,2025-09-24,2025-09-24,2025-09-24,12.777388572692873,13.279999732971191,13.460000038146973,13.260000228881836,13.460000038146973,4643500,2025-09-24,12.777388572692873,-0.0089552360248034,-0.0060240797494384,0.0106060874564253,13.460000038146973,13.460000038146973,13.260000228881836,4643500,-0.008955236024803415,-0.008995575162520808,-0.05071407604156845,0.015652635757870372,15.350979165552975,-0.046352583586626195,-0.005392487442155369,-0.0021040549725910296,-0.004683916352327677,-0.0041262849524410505,0.008089965514457564,0.009279503874143103,45.84779402245335,-0.05427437073518604,-0.0768104689490324,0.02253609821384636,2.5649493574615367,12.777388572692873,2025-09-29,0.008355162981394937
2025-09-25,2,-0.6568549424409866,0.0978137316745067,0.0,1.0,0.0,1,2025-09-25,2025-09-25,2025-09-25,12.700416564941406,13.199999809265137,13.31999969482422,13.199999809265137,13.300000190734863,6459800,2025-09-25,12.700416564941406,-0.0060240797494384,0.0106060874564253,0.0038197889423392,13.300000190734863,13.31999969482422,13.199999809265137,6459800,-0.006024079749438527,-0.006042297719034639,-0.045081474977056245,0.009448499972066659,15.681109070330741,0.391148917842145,-0.01019798385995696,-0.008860221987263439,-0.007145289918430442,-0.008299786162416667,0.006657101268179311,0.007695340583785624,43.41280580936319,-0.06075131756225005,-0.07359863867167593,0.01284732110942588,1.0986122886681098,12.700416564941406,2025-09-30,0.020642692331028112
2025-09-26,7,0.2307257588420595,0.5614641164002179,0.7142857142857143,0.2857142857142857,0.0,1,2025-09-26,2025-09-26,2025-09-26,12.835118293762209,13.34000015258789,13.380000114440918,13.199999809265137,13.199999809265137,2918400,2025-09-26,12.835118293762209,0.0106060874564253,0.0038197889423392,0.006088228236168,13.199999809265137,13.380000114440918,13.199999809265137,2918400,0.010606087456425328,0.010550237463729406,-0.027642539452676054,0.014024047231669093,14.8865464215156,-0.5482213071612124,0.0009003687817361605,0.00044997437919502836,0.0022541325554168434,0.00181421895081324,0.007721425168227744,0.008158499401780879,48.561442402172055,-0.054388088787924005,-0.06975652869492555,0.015368439907001541,2.0794415416798357,12.835118293762209,2025-10-01,0.000763972648857747
2025-09-29,2,0.2063327957876027,0.5485478405463344,0.5,0.5,0.0,1,2025-09-29,2025-09-29,2025-09-29,12.884145736694336,13.140000343322754,13.260000228881836,13.079999923706056,13.18000030517578,3399900,2025-09-29,12.884145736694336,0.0038197889423392,0.006088228236168,-0.0090771525967208,13.18000030517578,13.260000228881836,13.079999923706056,3399900,0.0038197889423390308,0.003812512073405827,-0.02244723532861085,0.013970682174382316,15.039256871515404,0.1649876644736843,0.005161692723084865,0.0029855548169150925,0.004046816242737394,0.004610584036724097,0.007825463345417075,0.008181456867171977,50.3327537963784,-0.04487182477028462,-0.06477958790999737,0.01990776313971275,1.0986122886681098,12.884145736694336,2025-10-02,0.02435306098309642
2025-09-30,1,0.2091830670833587,0.0,1.0,0.0,0.0,1,2025-09-30,2025-09-30,2025-09-30,12.962587356567385,13.220000267028809,13.260000228881836,13.140000343322754,13.140000343322754,5594700,2025-09-30,12.962587356567385,0.006088228236168,-0.0090771525967208,0.0274809061689542,13.140000343322754,13.260000228881836,13.140000343322754,5594700,0.0060882282361682805,0.006069769855973739,-0.013501749019780187,0.009257402265318977,15.537330457728226,0.6455483984823083,0.010182103420825372,0.008393447475142368,0.006750261442379113,0.008759456338945482,0.008284102445257435,0.0074924012893713195,53.11461595090727,-0.03064725137889468,-0.05795312060377683,0.02730586922488215,0.6931471805599453,12.962587356567385,2025-10-03,0.004538539512713546
2025-10-01,7,0.5856768465933523,0.4083048712097349,0.8571428571428571,0.0,0.1428571428571428,1,2025-10-01,2025-10-01,2025-10-01,12.844923973083496,13.100000381469728,13.279999732971191,13.079999923706056,13.220000267028809,3670200,2025-10-01,12.844923973083496,-0.0090771525967208,0.0274809061689542,-0.0133729883685371,13.220000267028809,13.279999732971191,13.079999923706056,3670200,-0.009077152596721039,-0.009118600959079348,-0.028371882478759648,0.015570338110543433,15.11575698692339,-0.343986272722398,-4.004627252507387e-05,-8.775015940909459e-05,-0.0015933779544680116,-0.0003250111645627385,0.008321219870936519,0.007947710936947959,48.70762702453218,-0.028539638984026894,-0.052070424279826846,0.023530785295799952,2.0794415416798357,12.844923973083496,2025-10-06,0.019847308747817927
2025-10-02,10,0.7673385232221335,0.1666989211303235,1.0,0.0,0.0,1,2025-10-02,2025-10-02,2025-10-02,13.197914123535156,13.460000038146973,13.619999885559082,13.140000343322754,13.140000343322754,7874300,2025-10-02,13.197914123535156,0.0274809061689542,-0.0133729883685371,0.0060241188866487,13.140000343322754,13.619999885559082,13.140000343322754,7874300,0.027480906168954267,0.027110084411652746,0.00440744130131107,0.036369348803412034,15.879114976831637,1.1454689117759251,0.019542482847335618,0.024038474381119945,0.017082006183220422,0.02210206027136641,0.01321761483208533,0.010941264680579363,59.55055196488411,0.0015956207799927569,-0.04133721526786293,0.04293283604785569,2.3978952727983707,13.197914123535156,2025-10-07,-0.013372988368537175
2025-10-03,7,0.1178342822406973,0.6819442734574206,0.5714285714285714,0.4285714285714285,0.0,1,2025-10-03,2025-10-03,2025-10-03,13.021418571472168,13.279999732971191,13.5,13.260000228881836,13.5,7338700,2025-10-03,13.021418571472168,-0.0133729883685371,0.0060241188866487,-0.0059880461845343,13.5,13.5,13.260000228881836,7338700,-0.013372988368537175,-0.013463212053875129,-0.03545047618724682,0.018431154009899114,15.808672409451852,-0.06801874452332268,0.003021107777423815,0.009186582626784956,0.002317697918515771,0.006889573211065869,0.015995746214565797,0.011989194044452383,53.464759496613176,0.011108266062677785,-0.03084811900175479,0.041956385064432576,2.0794415416798357,13.021418571472168,2025-10-08,-0.006024118886648666
2025-10-06,9,0.4954982814120335,0.4610297448159944,0.7777777777777778,0.2222222222222222,0.0,1,2025-10-06,2025-10-06,2025-10-06,13.099861145019531,13.359999656677246,13.4399995803833,13.260000228881836,13.279999732971191,2439600,2025-10-06,13.099861145019531,0.0060241188866487,-0.0059880461845343,-0.0060241188866486,13.279999732971191,13.4399995803833,13.260000228881836,2439600,0.006024118886648777,0.00600604642658098,-0.01356465297995582,0.013740554156171285,14.707345059307617,-0.6675705506424844,0.005721163913469329,0.013790718500277466,0.0055550470137835095,0.010574796748136661,0.016054679943900498,0.012077418847574533,55.63484145785655,0.024692130586362993,-0.019740069084131236,0.04443219967049423,2.302585092994046,13.099861145019531,2025-10-09,-0.005988046184534301
2025-10-07,6,-0.3695952428194384,0.7535967118760548,0.3333333333333333,0.6666666666666666,0.0,1,2025-10-07,2025-10-07,2025-10-07,13.021418571472168,13.279999732971191,13.359999656677246,13.279999732971191,13.359999656677246,1828300,2025-10-07,13.021418571472168,-0.0059880461845343,-0.0060241188866486,0.0060606288352802,13.359999656677246,13.359999656677246,13.279999732971191,1828300,-0.005988046184534301,-0.00600604642658098,-0.02534289625043945,0.006143718003299705,14.418897678272636,-0.25057386456796193,-0.0012033885363600394,0.006718400475004271,-0.00031089035144549193,0.0036979453590872957,0.016457854182972187,0.012283553450472794,52.97445134619979,0.028795840450584365,-0.010032887177188116,0.03882872762777248,1.9459101490553132,13.021418571472168,2025-10-10,-0.00451803423581465
2025-10-08,7,-0.1973897698667965,0.8008785566888547,0.2857142857142857,0.7142857142857143,0.0,1,2025-10-08,2025-10-08,2025-10-08,12.942975997924805,13.199999809265137,13.300000190734863,13.199999809265137,13.300000190734863,4268800,2025-10-08,12.942975997924805,-0.0060241188866486,0.0060606288352802,-0.0045180342358147,13.300000190734863,13.300000190734863,13.199999809265137,4268800,-0.006024118886648666,-0.006042337093439709,-0.026843923886465147,0.00772622783861764,15.26684354952123,1.3348465787890391,-0.008711353552337986,-0.0006255877311167612,-0.004231022813297014,-0.0019222802063425526,0.016041253633906592,0.012050776174572777,50.380023941606666,0.025425312791133692,-0.0029412471835237545,0.028366559974657445,2.0794415416798357,12.942975997924805,2025-10-13,0.004545490047152656
2025-10-09,5,0.7165168642997741,0.2696083435263935,1.0,0.0,0.0,1,2025-10-09,2025-10-09,2025-10-09,13.021418571472168,13.279999732971191,13.31999969482422,13.239999771118164,13.300000190734863,7128400,2025-10-09,13.021418571472168,0.0060606288352802,-0.0045180342358147,0.0030256930084757,13.300000190734863,13.31999969482422,13.239999771118164,7128400,0.006060628835280246,0.006042337093439709,-0.020945986110343272,0.006143718003299842,15.779597503565006,0.6698838080959519,0.0,0.0029453756763031524,0.0012019195024961515,0.0033738581662365874,0.00849447754664113,0.0118327261407254,52.865984202871296,0.028752366072648528,0.003397475467710702,0.025354890604937827,1.791759469228055,13.021418571472168,2025-10-14,-0.006024118886648666
2025-10-10,4,-0.597726183012128,0.3009516285147927,0.0,1.0,0.0,1,2025-10-10,2025-10-10,2025-10-10,12.962587356567385,13.220000267028809,13.300000190734863,13.220000267028809,13.279999732971191,3026400,2025-10-10,12.962587356567385,-0.0045180342358147,0.0030256930084757,-0.0045249220589693,13.279999732971191,13.300000190734863,13.220000267028809,3026400,-0.00451803423581465,-0.004528271398698269,-0.023901534848358826,0.006171601510212651,14.92288468272649,-0.5754447000729477,-0.0036176963638568926,-0.0025652489879222085,-0.0022168177845636183,-0.0009488157851946788,0.00635665322919727,0.011655511817724477,50.80996487451981,0.026338281089152815,0.007985636591999124,0.01835264449715369,1.6094379124341003,12.962587356567385,2025-10-15,-0.0030256930084759937
2025-10-13,6,0.2016858983164032,0.7679944769633652,0.5,0.5,0.0,1,2025-10-13,2025-10-13,2025-10-13,13.001808166503906,13.260000228881836,13.31999969482422,13.140000343322754,13.199999809265137,3312500,2025-10-13,13.001808166503906,0.0030256930084757,-0.0045249220589693,-0.0015150651053582,13.199999809265137,13.31999969482422,13.140000343322754,3312500,0.0030256930084757716,0.003021124811706244,-0.01501451860795626,0.013844178378603718,15.013214051163361,0.09453476077187428,0.0009058041504301784,-0.00045228754930604076,0.000534635586740162,0.0016962746738988788,0.005642763430882149,0.011637230081099757,52.14613367762896,0.027275478192867908,0.011843604912172883,0.015431873280695025,1.9459101490553132,13.001808166503906,2025-10-16,-0.006033131612811604
2025-10-14,4,0.2810129020363092,0.6611623889125912,0.75,0.25,0.0,1,2025-10-14,2025-10-14,2025-10-14,12.942975997924805,13.199999809265137,13.359999656677246,13.18000030517578,13.300000190734863,3820100,2025-10-14,12.942975997924805,-0.0045249220589693,-0.0015150651053582,0.0,13.300000190734863,13.359999656677246,13.18000030517578,3820100,-0.004524922058969372,-0.004535190506447684,-0.026843923886465147,0.013907106953634665,15.155787420023808,0.15323773584905664,-0.0024184034168337476,-0.004825123109471585,-0.0026653510918532852,-0.0023218251776059295,0.005383068811550723,0.011602482989907225,49.954143061347835,0.023005753322600242,0.014076034594258355,0.008929718728341886,1.6094379124341003,12.942975997924805,2025-10-17,-0.007575693940638506
2025-10-15,10,0.3421868968056515,0.672050764156087,0.7,0.3,0.0,1,2025-10-15,2025-10-15,2025-10-15,12.92336654663086,13.18000030517578,13.220000267028809,13.140000343322754,13.199999809265137,3719000,2025-10-15,12.92336654663086,-0.0015150651053582,0.0,-0.0060698250153566,13.199999809265137,13.220000267028809,13.140000343322754,3719000,-0.0015150651053582598,-0.0015162139770517058,-0.02095706565390306,0.006190331553113054,15.128965641796658,-0.026465275778120967,-0.003628621130587817,-0.006931835537407505,-0.0027881334442607653,-0.0031385832561650062,0.004707330331858232,0.01119088384831097,49.2116038974505,0.0178340667446939,0.014827641024345466,0.0030064257203484337,2.3978952727983707,12.92336654663086,2025-10-21,0.0045523134155878164
2025-10-16,9,0.3350221421569586,0.6274606191296505,0.6666666666666666,0.3333333333333333,0.0,1,2025-10-16,2025-10-16,2025-10-16,12.92336654663086,13.18000030517578,13.300000190734863,13.15999984741211,13.199999809265137,4018800,2025-10-16,12.92336654663086,0.0,-0.0060698250153566,0.0106870066914996,13.199999809265137,13.300000190734863,13.15999984741211,4018800,0.0,0.0,-0.02095706565390306,0.010833117115234358,15.206494157400762,0.08061306802904,-0.0021198946680098807,-0.004832328805894459,-0.0018604847227333687,-0.0025693979858615323,0.003201195060081944,0.006082235206971828,49.2116038974505,0.013578938323318468,0.014577900484140066,-0.0009989621608215982,2.302585092994046,12.92336654663086,2025-10-22,-0.007587262820552554
2025-10-17,10,0.3065572628984229,0.6830732705418242,0.6,0.3,0.1,1,2025-10-17,2025-10-17,2025-10-17,12.844923973083496,13.100000381469728,13.239999771118164,13.079999923706056,13.220000267028809,5518800,2025-10-17,12.844923973083496,-0.0060698250153566,0.0106870066914996,-0.012084563515527,13.220000267028809,13.239999771118164,13.079999923706056,5518800,-0.006069825015356689,-0.0060883212872862025,-0.028371882478759648,0.01245627048843472,15.52367118451481,0.37324574499850693,-0.006371349621277833,-0.009526668257880067,-0.005293317237176742,-0.007066775210486931,0.0036146815761718925,0.004899473626954373,46.03685584538059,0.0038328752791656484,0.012428895443145184,-0.008596020163979536,2.3978952727983707,12.844923973083496,2025-10-23,0.0015267046351816749
2025-10-21,4,0.4578521642833948,0.1983929357254083,1.0,0.0,0.0,1,2025-10-21,2025-10-21,2025-10-21,12.982197761535645,13.239999771118164,13.300000190734863,13.199999809265137,13.279999732971191,3518700,2025-10-21,12.982197761535645,0.0106870066914996,-0.012084563515527,0.0030580780523004,13.279999732971191,13.300000190734863,13.199999809265137,3518700,0.01068700669149969,0.010630304263889556,-0.02242484769756229,0.007702885390177393,15.073602445373533,-0.3624157425527289,0.004552343067792286,0.0019676155804309037,0.0035517611003021976,0.002898348332885048,0.006584458112916128,0.005815771677883753,51.8864966089302,0.007104007012504354,0.011363917757017018,-0.004259910744512664,1.6094379124341003,12.982197761535645,2025-10-24,-0.0015105612569208393
2025-10-22,6,-0.4614440160803497,0.670214916513595,0.1666666666666666,0.8333333333333334,0.0,1,2025-10-22,2025-10-22,2025-10-22,12.825313568115234,13.079999923706056,13.279999732971191,13.079999923706056,13.260000228881836,4105600,2025-10-22,12.825313568115234,-0.012084563515527,0.0030580780523004,0.0076219609380432,13.260000228881836,13.279999732971191,13.079999923706056,4105600,-0.012084563515527003,-0.012158175500113888,-0.0327817988886458,0.015594145765164808,15.227862696973183,0.1667945548071732,-0.005776827278335173,-0.008640262278961974,-0.005733539014404099,-0.007557321807057704,0.008415018044432029,0.006667173735075264,45.77886015569803,-0.002929076227250249,0.008505318960163566,-0.011434395187413815,1.9459101490553132,12.825313568115234,2025-10-27,0.021406695083607596
2025-10-23,5,0.0898282586596906,0.7992017978925293,0.4,0.6,0.0,1,2025-10-23,2025-10-23,2025-10-23,12.864534378051758,13.119999885559082,13.15999984741211,13.0600004196167,13.100000381469728,6036100,2025-10-23,12.864534378051758,0.0030580780523004,0.0076219609380432,0.0105899991009588,13.100000381469728,13.15999984741211,13.0600004196167,6036100,0.003058078052300406,0.003053411642689241,-0.017974503554293246,0.007773264453785412,15.613268831665602,0.4702114185502728,-0.0018259423219481041,-0.005005310607373525,-0.0017969427669897176,-0.003703153241530588,0.008697054278585045,0.006600116158684625,47.44441804519952,-0.007627648614146665,0.00527872544530152,-0.012906374059448184,1.791759469228055,12.864534378051758,2025-10-28,0.007621960938043459
2025-10-24,9,0.1954550990420911,0.7715680576600745,0.6666666666666666,0.3333333333333333,0.0,1,2025-10-24,2025-10-24,2025-10-24,12.962587356567385,13.220000267028809,13.279999732971191,13.140000343322754,13.140000343322754,2365400,2025-10-24,12.962587356567385,0.0076219609380432,0.0105899991009588,-0.0104790262226817,13.140000343322754,13.279999732971191,13.140000343322754,2365400,0.007621960938043459,0.007593060552614439,-0.013501749019780187,0.010800265857225487,14.676458121560541,-0.608124451218502,0.005170316931462082,0.0030349052178049174,0.003866724368925656,0.003180953649074114,0.009519367886355603,0.006790594234388643,51.45890092686246,-0.003400051501618151,0.0035429700559175864,-0.006943021557535737,2.302585092994046,12.962587356567385,2025-10-29,0.006051459588244823
2025-10-27,6,0.5946572596052041,0.4657715765423528,0.6666666666666666,0.1666666666666666,0.1666666666666666,2,2025-10-26,2025-10-27,2025-10-27,13.099861145019531,13.359999656677246,13.420000076293944,13.260000228881836,13.279999732971191,5258600,2025-10-27,13.099861145019531,0.0105899991009588,-0.0104790262226817,0.006051459588245,13.279999732971191,13.420000076293944,13.260000228881836,5258600,0.010589999100958591,0.010534317825279249,-0.01356465297995582,0.012213858272302248,15.475375579755962,1.2231335080747443,0.01181459012154229,0.01258146588022413,0.009618632126846993,0.011266426682677855,0.009498156346294919,0.007430956708246591,56.47184161585358,0.010901531087018412,0.005014682262137752,0.00588684882488066,1.9459101490553132,13.099861145019531,2025-10-30,-0.0029940594924360298
2025-10-28,6,-0.2823301112900178,0.6694897573803578,0.1666666666666666,0.8333333333333334,0.0,1,2025-10-28,2025-10-28,2025-10-28,12.962587356567385,13.220000267028809,13.380000114440918,13.220000267028809,13.359999656677246,6037900,2025-10-28,12.962587356567385,-0.0104790262226817,0.006051459588245,0.0015036735134441,13.359999656677246,13.380000114440918,13.220000267028809,6037900,-0.010479026222681487,-0.010534317825279249,-0.029746430413359875,0.012343203020425303,15.613566992956835,0.1481953371619822,0.00151515343536901,0.002274453225863171,-0.0006409973690707504,0.0005475745898011475,0.010429599964010298,0.008222788435234735,50.8198556909556,0.011031625135073497,0.0062180708367249,0.004813554298348597,1.9459101490553132,12.962587356567385,2025-10-31,0.004538539512713546
2025-10-29,7,0.3877378874125757,0.718364589897287,0.5714285714285714,0.2857142857142857,0.1428571428571428,1,2025-10-29,2025-10-29,2025-10-29,13.041029930114746,13.300000190734863,13.34000015258789,13.18000030517578,13.199999809265137,2702700,2025-10-29,13.041029930114746,0.006051459588245,0.0015036735134441,-0.0030029777862446,13.199999809265137,13.34000015258789,13.18000030517578,2702700,0.006051459588244823,0.006033223041506108,-0.012043172836927542,0.012268957917398425,14.809762201307942,-0.5523774822372016,0.0042283527882025496,0.007575774489301246,0.003597904709221167,0.005395444094091095,0.008205038020053033,0.008294799920160831,53.67317611349228,0.017265361380088606,0.008427528945397642,0.008837832434690964,2.0794415416798357,13.041029930114746,2025-11-03,0.0030074932844033064
2025-10-30,5,0.3582961960695684,0.5598011101933532,0.8,0.2,0.0,1,2025-10-30,2025-10-30,2025-10-30,13.060639381408691,13.31999969482422,13.34000015258789,13.260000228881836,13.300000190734863,3453400,2025-10-30,13.060639381408691,0.0015036735134441,-0.0030029777862446,0.0045181074747104,13.300000190734863,13.34000015258789,13.260000228881836,3453400,0.0015036735134441592,0.0015025441284355345,-0.01799705307469973,0.006125268554610845,15.054870100530124,0.27775927775927767,0.002709974915910518,0.008021734584544582,0.0033988728631422216,0.005644282057254646,0.00824906902687048,0.008256594758187066,54.385636394025056,0.023516873226498092,0.011445397801617734,0.012071475424880358,1.791759469228055,13.060639381408691,2025-11-04,-0.0015014158741614159
2025-10-31,6,-0.340733432987084,0.6678491383443198,0.1666666666666666,0.8333333333333334,0.0,1,2025-10-31,2025-10-31,2025-10-31,13.021418571472168,13.279999732971191,13.31999969482422,13.239999771118164,13.300000190734863,3706300,2025-10-31,13.021418571472168,-0.0030029777862446,0.0045181074747104,-0.0029984753898051,13.300000190734863,13.31999969482422,13.239999771118164,3706300,-0.0030029777862446982,-0.0030074957712433736,-0.020945986110343272,0.006143718003299842,15.125544902173127,0.0732321769850004,-0.0012033885363600394,0.004234696311048669,0.0002570925056004647,0.002146175173354914,0.008147211047217415,0.008354586483811073,52.64184304549503,0.025018057234005298,0.014159929688095247,0.01085812754591005,1.9459101490553132,13.021418571472168,2025-11-05,-0.006024118886648666
2025-11-03,4,0.7885421281680465,0.1353166988666277,1.0,0.0,0.0,1,2025-11-03,2025-11-03,2025-11-03,13.08025074005127,13.34000015258789,13.359999656677246,13.260000228881836,13.279999732971191,1739500,2025-11-03,13.08025074005127,0.0045181074747104,-0.0029984753898051,-0.0075188794685235,13.279999732971191,13.359999656677246,13.260000228881836,1739500,0.004518107474710487,0.004507931466487314,-0.015041340130752485,0.007645069638398858,14.369108848451807,-0.5306640045328225,0.0036112081138186536,0.006944451837007426,0.0031791793978404037,0.005453910464759293,0.006665685178861734,0.008054498185118686,54.97399681550685,0.03060225693013585,0.01744839513650337,0.013153861793632482,1.6094379124341003,13.08025074005127,2025-11-06,-0.010494809683283424
2025-11-04,2,-0.2195571511983871,0.0324772445710094,0.0,1.0,0.0,1,2025-11-04,2025-11-04,2025-11-04,13.041029930114746,13.300000190734863,13.399999618530272,13.300000190734863,13.31999969482422,4543100,2025-11-04,13.041029930114746,-0.0029984753898051,-0.0075188794685235,0.0,13.31999969482422,13.399999618530272,13.300000190734863,4543100,-0.002998475389805133,-0.0030029798236794747,-0.020943676509082375,0.007668062133995002,15.329120376499695,1.61172750790457,-0.0006011078573920914,0.003470679736013116,0.00011410770057884712,0.001994727665500129,0.0041812050337541665,0.007531127595242457,53.096769468408795,0.031499872914448446,0.020258690692092386,0.01124118222235606,1.0986122886681098,13.041029930114746,2025-11-07,-0.006015059697564218
2025-11-05,7,-0.2743388296637152,0.7959334027505259,0.2857142857142857,0.7142857142857143,0.0,1,2025-11-05,2025-11-05,2025-11-05,12.942975997924805,13.199999809265137,13.34000015258789,13.15999984741211,13.300000190734863,1979400,2025-11-05,12.942975997924805,-0.0075188794685235,0.0,0.0015152124708972,13.300000190734863,13.34000015258789,13.15999984741211,1979400,-0.007518879468523587,-0.007547288736247548,-0.026843923886465147,0.013907180636403975,14.498304831648197,-0.5643063106689266,-0.006622548548721352,-0.0049751703375090495,-0.004949304057752291,-0.004536600645583921,0.004636026113747711,0.006786506946152713,48.62619826906444,0.024022194289690546,0.02101139141161202,0.0030108028780785265,2.0794415416798357,12.942975997924805,2025-11-10,0.010606118882432902
2025-11-06,8,0.0700962613336741,0.7445032642836911,0.625,0.375,0.0,1,2025-11-06,2025-11-06,2025-11-06,12.942975997924805,13.199999809265137,13.300000190734863,13.18000030517578,13.279999732971191,3796900,2025-11-06,12.942975997924805,0.0,0.0015152124708972,0.0090771525967208,13.279999732971191,13.300000190734863,13.18000030517578,3796900,0.0,0.0,-0.0253782938119821,0.009271429196679637,15.14969576565833,0.9182075376376679,-0.004825123109471585,-0.005574848764945184,-0.003304988502837669,-0.0037148282904633234,0.004436991161287757,0.006748974823162191,48.62619826906443,0.01788985697069556,0.02038708452342873,-0.0024972275527331694,2.1972245773362196,12.942975997924805,2025-11-11,0.013636396458688083
2025-11-07,8,-0.0806245591957121,0.6127000758758843,0.5,0.5,0.0,1,2025-11-07,2025-11-07,2025-11-07,12.962587356567385,13.220000267028809,13.260000228881836,13.18000030517578,13.199999809265137,2571700,2025-11-07,12.962587356567385,0.0015152124708972,0.0090771525967208,0.0029984753898051,13.199999809265137,13.260000228881836,13.18000030517578,2571700,0.0015152124708972536,0.00151406569474144,-0.017985792130929525,0.006171601510212788,14.760078105637854,-0.3226842950828307,-0.002414709471129206,-0.004068083374419884,-0.0011972387894153558,-0.0018050147419454987,0.004588361725353309,0.006307733383817577,49.610319400353404,0.014445885037320139,0.019198844626207013,-0.004752959588886874,2.1972245773362196,12.962587356567385,2025-11-12,0.013615692109434585
2025-11-10,3,0.8944086341653019,0.0607722028594456,1.0,0.0,0.0,1,2025-11-10,2025-11-10,2025-11-10,13.08025074005127,13.34000015258789,13.34000015258789,13.220000267028809,13.220000267028809,2370500,2025-11-10,13.08025074005127,0.0090771525967208,0.0029984753898051,0.0014947557067022,13.220000267028809,13.34000015258789,13.220000267028809,2370500,0.009077152596720817,0.009036202865185583,-0.010571068392946994,0.009174127311768311,14.678611883176151,-0.07823618618034767,0.006640524439245343,0.005123583786918795,0.005232306438227363,0.00592870424654568,0.006128087913763763,0.006038390513595055,55.16025928068677,0.020969243771567392,0.01955292445527909,0.0014163193162883003,1.3862943611198906,13.08025074005127,2025-11-13,0.011993974468703206
2025-11-11,4,0.5506171835586429,0.488902179443218,0.75,0.25,0.0,1,2025-11-11,2025-11-11,2025-11-11,13.119471549987791,13.380000114440918,13.420000076293944,13.260000228881836,13.34000015258789,3688800,2025-11-11,13.119471549987791,0.0029984753898051,0.0014947557067022,0.0074626963171227,13.34000015258789,13.420000076293944,13.260000228881836,3688800,0.002998475389804911,0.002993988928598146,-0.016531379316162755,0.012195601537948873,15.120812030965466,0.5561273992828517,0.008441364820801267,0.0069235328422325715,0.005482576544340034,0.0073067176223178265,0.005975810178783816,0.0048622254999537325,56.86567245512444,0.02896989720477272,0.02143631900517782,0.007533578199594902,1.6094379124341003,13.119471549987791,2025-11-14,0.0029895841049236704
2025-11-12,4,-0.5176285225898027,0.5194516901471093,0.25,0.75,0.0,1,2025-11-12,2025-11-12,2025-11-12,13.139081954956056,13.399999618530272,13.4399995803833,13.359999656677246,13.4399995803833,4145000,2025-11-12,13.139081954956056,0.0014947557067022,0.0074626963171227,-0.0059258759744676,13.4399995803833,13.4399995803833,13.359999656677246,4145000,0.001494755706702433,0.001493639671386493,-0.022389704971900178,0.006088699650425633,15.237413587806026,0.12367165473866848,0.006913120502014314,0.0076703128787269925,0.004646199524441341,0.007198607439662386,0.0035496716417398088,0.004562845126600884,57.73131764161135,0.036472436932475816,0.02444354259063742,0.012028894341838396,1.6094379124341003,13.139081954956056,2025-11-17,-0.00895522106394242
2025-11-13,5,0.529177962243557,0.0994698368441732,1.0,0.0,0.0,1,2025-11-13,2025-11-13,2025-11-13,13.23713493347168,13.5,13.5600004196167,13.359999656677246,13.399999618530272,5017900,2025-11-13,13.23713493347168,0.0074626963171227,-0.0059258759744676,-0.0104322472493982,13.399999618530272,13.5600004196167,13.359999656677246,5017900,0.007462696317122708,0.0074349881652544525,-0.012154081320522842,0.015109067327985549,15.428522276738198,0.21059107358262974,0.00987431617002077,0.01381795634227534,0.008063074511155621,0.012007440312607365,0.0035327912102088967,0.005035579340016472,61.85352822423378,0.04975674484081338,0.029506183040672613,0.02025056180014077,1.791759469228055,13.23713493347168,2025-11-18,-0.023703647988615684
2025-11-14,7,-0.311833495008094,0.6584747726819079,0.2857142857142857,0.7142857142857143,0.0,1,2025-11-14,2025-11-14,2025-11-14,13.158693313598633,13.420000076293944,13.5,13.380000114440918,13.479999542236328,3709200,2025-11-14,13.158693313598633,-0.0059258759744676,-0.0104322472493982,-0.0075300570596912,13.479999542236328,13.5,13.380000114440918,3709200,-0.005925875974467698,-0.005943503651617998,-0.02383577444724384,0.009119437827088055,15.126327047508086,-0.26080631339803506,0.000895024033713776,0.006751725777964568,0.0013919756985272258,0.004912239861464496,0.005890292186728708,0.0053890432651716585,57.05940544292228,0.053340198798032645,0.03427298619214462,0.019067212605888027,2.0794415416798357,13.158693313598633,2025-11-19,-0.017883748892040696
2025-11-17,6,0.2922624312341213,0.4597143986036139,0.6666666666666666,0.3333333333333333,0.0,1,2025-11-17,2025-11-17,2025-11-17,13.021418571472168,13.279999732971191,13.539999961853027,13.239999771118164,13.420000076293944,3811400,2025-11-17,13.021418571472168,-0.0104322472493982,-0.0075300570596912,0.0,13.420000076293944,13.539999961853027,13.239999771118164,3811400,-0.010432247249398285,-0.010487044580108407,-0.02970055905780945,0.023038979131821735,15.15350739604716,0.02755311118300452,-0.008659315353970798,-0.003302327549938644,-0.006054803654903185,-0.004562920014809513,0.007193554558676136,0.0063175882532990404,49.78683465889266,0.04458919100174086,0.036336227154063865,0.008252963847676993,1.9459101490553132,13.021418571472168,2025-11-20,-0.010542079883567701
2025-11-18,2,-0.4856934808194637,0.3700103809692694,0.0,1.0,0.0,1,2025-11-18,2025-11-18,2025-11-18,12.92336654663086,13.18000030517578,13.34000015258789,13.15999984741211,13.260000228881836,9201600,2025-11-18,12.92336654663086,-0.0075300570596912,0.0,-0.0030348756103918,13.260000228881836,13.34000015258789,13.15999984741211,9201600,-0.007530057059691231,-0.007558551070491415,-0.025387155085996826,0.013928282891790884,16.034888048618374,1.414230991236816,-0.01317755958937461,-0.009915818238447227,-0.00906709909234249,-0.00988782083153783,0.007314204497597128,0.0066745193290899925,45.34147436308498,0.029403035436088132,0.03494958881046872,-0.005546553374380585,1.0986122886681098,12.92336654663086,2025-11-21,-0.006069825015356689
2025-11-19,7,0.4119120623384203,0.6193425136363353,0.8571428571428571,0.1428571428571428,0.0,1,2025-11-19,2025-11-19,2025-11-19,12.92336654663086,13.18000030517578,13.220000267028809,13.15999984741211,13.199999809265137,4921800,2025-11-19,12.92336654663086,0.0,-0.0030348756103918,-0.0030441881372961,13.199999809265137,13.220000267028809,13.15999984741211,4921800,0.0,0.0,-0.02095706565390306,0.004642785562121304,15.409185078396575,-0.46511476264997387,-0.009915839939955151,-0.009767053750125987,-0.006063057509308245,-0.008104605569035805,0.00711305278475483,0.006254576740551031,45.34147436308498,0.017169972979397485,0.03139366564425447,-0.014223692664856985,2.0794415416798357,12.92336654663086,2025-11-24,-0.010622212225517291
2025-11-20,4,0.3568847309798002,0.7055175734994633,0.75,0.25,0.0,1,2025-11-20,2025-11-20,2025-11-20,12.884145736694336,13.140000343322754,13.260000228881836,13.140000343322754,13.199999809265137,7018600,2025-11-20,12.884145736694336,-0.0030348756103918,-0.0030441881372961,-0.0045801881507733,13.199999809265137,13.260000228881836,13.140000343322754,7018600,-0.0030348756103918406,-0.0030394901841805932,-0.02392833917687646,0.00931376344318426,15.764074468392264,0.42602299971555113,-0.007552835446735573,-0.012327066569630674,-0.00607139681110469,-0.00911241174534927,0.004027711207881176,0.006320633901420682,43.538078509334014,0.004261270000109008,0.02596718651542538,-0.02170591651531637,1.6094379124341003,12.884145736694336,2025-11-25,-0.003044188137296122
2025-11-21,5,-0.5035880181007086,0.8299441193121124,0.2,0.8,0.0,1,2025-11-21,2025-11-21,2025-11-21,12.844923973083496,13.100000381469728,13.15999984741211,13.100000381469728,13.140000343322754,6558600,2025-11-21,12.844923973083496,-0.0030441881372961,-0.0045801881507733,0.004601262800129,13.140000343322754,13.15999984741211,13.100000381469728,6558600,-0.003044188137296122,-0.0030488311031056092,-0.022456344180326018,0.004671064310548646,15.696287875981534,-0.0655401362095005,-0.005768073319036837,-0.01444477370566255,-0.006083181424430317,-0.00994554510275103,0.004135626245573347,0.006328567115705262,41.749760853103616,-0.009029749317292612,0.018967799348881785,-0.027997548666174397,1.791759469228055,12.844923973083496,2025-11-26,0.0015267046351816749
2025-11-24,8,0.6093900006671902,0.515337498169414,0.875,0.125,0.0,2,2025-11-23,2025-11-24,2025-11-24,12.786091804504396,13.039999961853027,13.140000343322754,13.039999961853027,13.100000381469728,10668400,2025-11-24,12.786091804504396,-0.0045801881507733,0.004601262800129,0.0015267046351816,13.100000381469728,13.140000343322754,13.039999961853027,10668400,-0.004580188150773212,-0.004590709350864142,-0.02396248609346328,0.007821027957463715,16.18279675262896,0.6266276339462691,-0.006703276646107148,-0.016739583757931387,-0.007115564185140033,-0.011878694395993539,0.002738030411147267,0.005333172911956249,39.15198534384075,-0.02403320240911988,0.01036759899728145,-0.03440080140640133,2.1972245773362196,12.786091804504396,2025-11-27,0.01840490202681555
2025-11-25,4,0.435622150078416,0.8627297401133072,0.75,0.25,0.0,1,2025-11-25,2025-11-25,2025-11-25,12.844923973083496,13.100000381469728,13.119999885559082,13.039999961853027,13.0600004196167,10388100,2025-11-25,12.844923973083496,0.004601262800129,0.0015267046351816,0.0121950930216387,13.0600004196167,13.119999885559082,13.039999961853027,10388100,0.004601262800128847,0.004590709350864142,-0.01646833381491694,0.006228135244217429,16.156171574474538,-0.02627385549848149,-0.0009151992731813996,-0.010125429677698361,-0.00169947085172506,-0.006006989533943297,0.0036499125967286846,0.0055292188277704275,42.97328144648749,-0.030820997481486145,0.0021298797015279307,-0.03295087718301408,1.6094379124341003,12.844923973083496,2025-11-28,0.006106892785954887
2025-11-26,7,0.597805278641837,0.5585705060964418,0.8571428571428571,0.1428571428571428,0.0,1,2025-11-26,2025-11-26,2025-11-26,12.864534378051758,13.119999885559082,13.220000267028809,13.020000457763672,13.119999885559082,9907800,2025-11-26,12.864534378051758,0.0015267046351816,0.0121950930216387,-0.0075300570596912,13.119999885559082,13.220000267028809,13.020000457763672,9907800,0.0015267046351816749,0.0015255404064649092,-0.019471456534729845,0.015546603039621654,16.10883298460971,-0.046235596499841214,0.0015267046351816749,-0.006512202604359696,-0.00011691403842684078,-0.003676191852671984,0.0038357402644087065,0.0055315347615211355,44.230518788778994,-0.03422347131585468,-0.005140790501948592,-0.029082680813906088,2.0794415416798357,12.864534378051758,2025-12-01,0.015243847744035754
2025-11-27,6,0.3808479271829128,0.683656133943902,0.6666666666666666,0.3333333333333333,0.0,1,2025-11-27,2025-11-27,2025-11-27,13.021418571472168,13.279999732971191,13.279999732971191,13.100000381469728,13.119999885559082,6967000,2025-11-27,13.021418571472168,0.0121950930216387,-0.0075300570596912,0.0106220646363712,13.119999885559082,13.279999732971191,13.100000381469728,6967000,0.012195093021638792,0.012121331951312708,-0.0075138197367989705,0.013823328887976358,15.756695417546048,-0.2968166495084681,0.011578282208647206,0.007281513915614157,0.008018888092931054,0.006922663703382792,0.006700290600563645,0.006549002802461864,53.1325226518757,-0.02398423770735647,-0.00890947994303017,-0.015074757764326301,1.9459101490553132,13.021418571472168,2025-12-02,-0.04066267431681114
2025-11-28,9,-0.4227752283525963,0.6745315632185491,0.1111111111111111,0.6666666666666666,0.2222222222222222,1,2025-11-28,2025-11-28,2025-11-28,12.92336654663086,13.18000030517578,13.260000228881836,13.100000381469728,13.260000228881836,13016400,2025-11-28,12.92336654663086,-0.0075300570596912,0.0106220646363712,-0.0435435429953531,13.260000228881836,13.260000228881836,13.100000381469728,13016400,-0.007530057059691231,-0.007558551070491415,-0.025387155085996826,0.012380663106225969,16.381720735642464,0.8682933830917181,0.0027389283227943206,0.0015197809315994348,0.0002855914451689312,-0.0005396731393616516,0.007781111880166212,0.006684376368099763,47.977925812347785,-0.023510535434963842,-0.011829691041416904,-0.011680844393546937,2.302585092994046,12.92336654663086,2025-12-03,-0.025796664072049613
2025-12-01,8,0.6849629808857571,0.2282165298984496,1.0,0.0,0.0,1,2025-12-01,2025-12-01,2025-12-01,13.060639381408691,13.31999969482422,13.5600004196167,13.199999809265137,13.199999809265137,10817700,2025-12-01,13.060639381408691,0.0106220646363712,-0.0435435429953531,0.0078493803335755,13.199999809265137,13.5600004196167,13.199999809265137,10817700,0.010622064636371276,0.010566046841734789,-0.010557608323496158,0.027563781514709708,16.196694331911555,-0.16891767308933348,0.009090861799970096,0.011850438057236623,0.0072474349304529895,0.008229461865775223,0.007906195812301533,0.0069671422382335604,54.616102073884406,-0.011920935319787773,-0.01184793989709108,-7.299542269669293e-05,2.1972245773362196,13.060639381408691,2025-12-04,-0.06156148273178241
2025-12-02,7,0.3792740463146141,0.5920771814475838,0.8571428571428571,0.1428571428571428,0.0,1,2025-12-02,2025-12-02,2025-12-02,12.49193286895752,12.739999771118164,13.34000015258789,12.739999771118164,13.279999732971191,21005700,2025-12-02,12.49193286895752,-0.0435435429953531,0.0078493803335755,-0.0264797533745638,13.279999732971191,13.34000015258789,12.739999771118164,21005700,-0.043543542995353124,-0.044520014395078356,-0.05934238553161132,0.048031028325546704,16.86030443503518,0.9417898444216424,-0.029555181647317297,-0.02896346639097447,-0.024709341600305024,-0.029377062856056235,0.02276908813356195,0.015526840792180406,34.80260454060058,-0.04807181445277742,-0.01909271480822835,-0.028979099644549068,2.0794415416798357,12.49193286895752,2025-12-05,-0.007849227647145463
2025-12-03,10,0.4091401999816298,0.3735509792713902,0.7,0.2,0.1,1,2025-12-03,2025-12-03,2025-12-03,12.58998680114746,12.84000015258789,13.039999961853027,12.800000190734863,12.859999656677246,6746300,2025-12-03,12.58998680114746,0.0078493803335755,-0.0264797533745638,0.0111999828197733,12.859999656677246,13.039999961853027,12.800000190734863,6746300,0.007849380333575517,0.007818734212011513,-0.020996334583072034,0.019062750017838807,15.724504912641834,-0.6788347924610939,-0.017747812436556543,-0.018798683674586925,-0.011434275911604286,-0.0178729306008224,0.0234126759580403,0.015904818371977242,38.91714438342327,-0.06802535975888269,-0.028879243798359218,-0.03914611596052347,2.3978952727983707,12.58998680114746,2025-12-08,-0.010903485785541234
2025-12-04,12,-0.2375569611710185,0.6543969760261633,0.4166666666666667,0.5833333333333334,0.0,1,2025-12-04,2025-12-04,2025-12-04,12.256607055664062,12.5,12.920000076293944,12.5,12.859999656677246,12264400,2025-12-04,12.256607055664062,-0.0264797533745638,0.0111999828197733,0.004746795264916,12.859999656677246,12.920000076293944,12.5,12264400,-0.026479753374563653,-0.026836656619911636,-0.046920110196106146,0.03426723842793441,16.322211396324747,0.8179446511421076,-0.03220808281056031,-0.04008597589856944,-0.02539251643559537,-0.03619006511540468,0.023077185064481434,0.017628053933332607,31.61236788767036,-0.10947765717677171,-0.04499892647404172,-0.06447873070273,2.5649493574615367,12.256607055664062,2025-12-09,0.01599994211010536
2025-12-05,8,-0.3273505942488555,0.605242831474755,0.25,0.75,0.0,1,2025-12-05,2025-12-05,2025-12-05,12.393880844116213,12.640000343322754,12.68000030517578,12.520000457763672,12.5600004196167,17308400,2025-12-05,12.393880844116213,0.0111999828197733,0.004746795264916,0.0,12.5600004196167,12.68000030517578,12.520000457763672,17308400,0.011199982819773302,0.011137727420516441,-0.013226080410079801,0.012909584126594605,16.666702548535532,0.4112716480219172,-0.013116782362094126,-0.02589394171764925,-0.009698085743190088,-0.020874447632515225,0.025354701041950662,0.018349850880596985,36.86714710759348,-0.12975630414130634,-0.061950402007494645,-0.0678059021338117,2.1972245773362196,12.393880844116213,2025-12-10,0.007911325441526618
2025-12-08,3,-0.3158413556714852,0.6217513931678363,0.3333333333333333,0.6666666666666666,0.0,1,2025-12-08,2025-12-08,2025-12-08,12.452712059020996,12.699999809265137,12.760000228881836,12.520000457763672,12.699999809265137,9720300,2025-12-08,12.452712059020996,0.004746795264916,0.0,0.0031495797662897,12.699999809265137,12.760000228881836,12.520000457763672,9720300,0.004746795264916059,0.0047355647575293425,-0.019471476689608667,0.019272891718740366,16.08972714303534,-0.4384056296364771,0.0012614057296476133,-0.018698832489980388,-0.0033371090770522027,-0.013315708447704466,0.02438960983081237,0.01852023158825198,39.0293796616603,-0.1394723402705047,-0.07745478966009665,-0.06201755061040805,1.3862943611198906,12.452712059020996,2025-12-11,0.003149579766289712
2025-12-09,7,0.1369307656506343,0.6730635261550129,0.5714285714285714,0.2857142857142857,0.1428571428571428,1,2025-12-09,2025-12-09,2025-12-09,12.452712059020996,12.699999809265137,12.779999732971191,12.65999984741211,12.779999732971191,11657900,2025-12-09,12.452712059020996,0.0,0.0031495797662897,0.0,12.779999732971191,12.779999732971191,12.65999984741211,11657900,0.0,0.0,-0.02560936469394628,0.009636445859370183,16.27149470552893,0.19933541145849398,0.0018933103933052031,-0.01565650594660739,-0.00222721687324956,-0.010921110971689796,0.015077478689018169,0.018381357254292383,39.0293796616603,-0.14549519090995489,-0.0910628699100683,-0.05443232099988658,2.0794415416798357,12.452712059020996,2025-12-12,0.025196944464973114
2025-12-10,13,0.3107519111273667,0.6561704229426265,0.6153846153846154,0.3076923076923077,0.0769230769230769,1,2025-12-10,2025-12-10,2025-12-10,12.49193286895752,12.739999771118164,12.760000228881836,12.68000030517578,12.720000267028809,6859000,2025-12-10,12.49193286895752,0.0031495797662897,0.0,0.0219781427848675,12.720000267028809,12.760000228881836,12.68000030517578,6859000,0.003149579766289712,0.0031446302298543394,-0.017929826515999125,0.006404126930977707,15.741072362275295,-0.4116436064814417,0.006637127506350593,-0.009639343120004806,0.0006100459291007443,-0.006395745681996079,0.014561644533161805,0.018432281878148285,40.602257642432264,-0.14542715810079976,-0.10193572754821459,-0.04349143055258517,2.6390573296152584,12.49193286895752,2025-12-15,0.02825752490258404
2025-12-11,6,0.4278110079079245,0.4281616455704323,0.8333333333333334,0.1666666666666666,0.0,1,2025-12-11,2025-12-11,2025-12-11,12.49193286895752,12.739999771118164,12.800000190734863,12.699999809265137,12.779999732971191,8136400,2025-12-11,12.49193286895752,0.0,0.0219781427848675,0.0061443409157511,12.779999732971191,12.800000190734863,12.699999809265137,8136400,0.0,0.0,-0.02254044366452423,0.008005196835329442,15.91185850261494,0.18623706079603441,0.0028337292840190376,-0.005464518297969678,0.00040661460153956774,-0.0052389750401771185,0.004608615749873732,0.01772119688350328,40.602257642432264,-0.1437165664913369,-0.11029189533683906,-0.03342467115449785,1.9459101490553132,12.49193286895752,2025-12-16,0.031397292304657265
2025-12-12,8,0.3840581371332519,0.5470741889995063,0.875,0.125,0.0,1,2025-12-12,2025-12-12,2025-12-12,12.76648235321045,13.020000457763672,13.020000457763672,12.779999732971191,12.779999732971191,7354900,2025-12-12,12.76648235321045,0.0219781427848675,0.0061443409157511,0.0030534835155917,12.779999732971191,13.020000457763672,12.779999732971191,7354900,0.021978142784867538,0.02174010484524791,-0.0010576979689497666,0.01879928379269849,15.81087745169595,-0.0960498500565361,0.018779427902615442,0.01766460925238822,0.01481851557888314,0.013560487587717995,0.009178688840388622,0.019441111392697052,50.88799684049607,-0.11883718040116698,-0.11200095234970464,-0.006836228051462334,2.1972245773362196,12.76648235321045,2025-12-17,0.0168970122197325
2025-12-15,7,0.3437901683417814,0.4668961972127837,0.5714285714285714,0.2857142857142857,0.1428571428571428,1,2025-12-15,2025-12-15,2025-12-15,12.844923973083496,13.100000381469728,13.15999984741211,12.9399995803833,12.960000038146973,9239800,2025-12-15,12.844923973083496,0.0061443409157511,0.0030534835155917,0.00761028529521,12.960000038146973,13.15999984741211,12.9399995803833,9239800,0.006144340915751112,0.006125541420809455,-0.008879325981848546,0.017127409044212217,16.03903090658941,0.2562781275068322,0.018662543434976753,0.02568119676299152,0.01393812037638531,0.016132262150284182,0.009153184521923909,0.019192440758503636,53.372384597592514,-0.0917330628716897,-0.10794737445410166,0.01621431158241196,2.0794415416798357,12.844923973083496,2025-12-18,0.015267194842273124
2025-12-16,6,0.4163004353952904,0.6115832268851309,0.6666666666666666,0.3333333333333333,0.0,1,2025-12-16,2025-12-16,2025-12-16,12.884145736694336,13.140000343322754,13.220000267028809,13.020000457763672,13.100000381469728,8540400,2025-12-16,12.884145736694336,0.0030534835155917,0.00761028529521,0.0045317572309222,13.100000381469728,13.220000267028809,13.020000457763672,8540400,0.0030534835155917595,0.0030488311031056092,-0.01647745331982769,0.015522939071973765,15.96031852016589,-0.07569427909695015,0.014828599807274134,0.02560105585088368,0.011291992591706324,0.015682884240001638,0.008723340310850605,0.012250513721162197,54.6088117440328,-0.06632345046942056,-0.09962258965716544,0.03329913918774488,1.9459101490553132,12.884145736694336,2025-12-19,0.01674270166867431
2025-12-17,8,0.1113881592755206,0.706206906848569,0.5,0.5,0.0,1,2025-12-17,2025-12-17,2025-12-17,12.982197761535645,13.239999771118164,13.260000228881836,13.140000343322754,13.140000343322754,7195100,2025-12-17,12.982197761535645,0.00761028529521,0.0045317572309222,0.0045112399266049,13.140000343322754,13.260000228881836,13.140000343322754,7195100,0.0076102852952100175,0.007581473160783947,-0.012009328589348068,0.009243418392117255,15.78891093573114,-0.15752189592993304,0.014714878588770741,0.03018984825481641,0.012579190000970186,0.01907450204333383,0.008472856847597863,0.012240582859433037,57.63337925781669,-0.03783799773990992,-0.08726567127371435,0.04942767353380442,2.1972245773362196,12.982197761535645,2025-12-22,0.022658639234292455
2025-12-18,11,0.4575287115717815,0.6637753578053714,0.7272727272727273,0.2727272727272727,0.0,1,2025-12-18,2025-12-18,2025-12-18,13.041029930114746,13.300000190734863,13.34000015258789,13.199999809265137,13.239999771118164,5671200,2025-12-18,13.041029930114746,0.0045317572309222,0.0045112399266049,0.0134730857151177,13.239999771118164,13.34000015258789,13.199999809265137,5671200,0.004531757230922251,0.0045215197366959,-0.01502793387032017,0.010735374742102295,15.550911469852453,-0.2117969173465275,0.010638296299856798,0.028456572107101064,0.01138017726171725,0.019301789052302176,0.0076367322757831865,0.0064713463991706585,59.382222415500806,-0.010395968646490061,-0.0718917307482695,0.06149576210177944,2.4849066497880004,13.041029930114746,2025-12-23,0.027067658945903128
2025-12-19,13,0.8239341036130029,0.092486352477876,1.0,0.0,0.0,1,2025-12-19,2025-12-19,2025-12-19,13.099861145019531,13.359999656677246,13.420000076293944,13.279999732971191,13.300000190734863,8839300,2025-12-19,13.099861145019531,0.0045112399266049,0.0134730857151177,0.0088626259574469,13.300000190734863,13.420000076293944,13.279999732971191,8839300,0.00451123992660496,0.004501094783773141,-0.015048048334221398,0.010687162388433346,15.99471835908925,0.5586295669346875,0.009978807076813201,0.027376184947039972,0.010572319960103549,0.0194700240567367,0.0017482343229982427,0.006243551267418101,61.110970781158464,0.015915757543281117,-0.05433023308995938,0.0702459906332405,2.6390573296152584,13.099861145019531,2025-12-24,0.017964138553602682
2025-12-22,8,0.2607733017066493,0.6215228566174578,0.625,0.25,0.125,1,2025-12-22,2025-12-22,2025-12-22,13.27635669708252,13.539999961853027,13.5600004196167,13.34000015258789,13.34000015258789,5625200,2025-12-22,13.27635669708252,0.0134730857151177,0.0088626259574469,-0.0043923493134181,13.34000015258789,13.5600004196167,13.34000015258789,5625200,0.013473085715117739,0.013383130775479035,-0.004770873671468782,0.016570831294187332,15.54276723874967,-0.36361476587512587,0.01682187198336549,0.034535472377336784,0.015996259933826806,0.027005041055882417,0.004167488460382799,0.006707863987118745,65.81206662778345,0.050428398938660024,-0.033378506684235504,0.08380690562289553,2.1972245773362196,13.27635669708252,2025-12-26,0.008862625957446912
2025-12-23,11,0.4436736415902322,0.559800218053333,0.6363636363636364,0.1818181818181818,0.1818181818181818,1,2025-12-23,2025-12-23,2025-12-23,13.394020080566406,13.65999984741211,13.65999984741211,13.4399995803833,13.579999923706056,5912600,2025-12-23,13.394020080566406,0.0088626259574469,-0.0043923493134181,0.0044117271601811,13.579999923706056,13.65999984741211,13.4399995803833,5912600,0.008862625957446912,0.008823583398180457,-0.013695128437739732,0.01642526035540371,15.592596394088853,0.051091516746071264,0.01788376364623523,0.03610438064919275,0.01652935494109542,0.029349416762398217,0.00370291765091583,0.006336909824888111,68.54225054400325,0.08627978790026525,-0.009446847767335356,0.0957266356676006,2.4849066497880004,13.394020080566406,2025-12-29,0.01610542321886599
2025-12-24,6,0.6646791186261302,0.2789526866366546,1.0,0.0,0.0,1,2025-12-24,2025-12-24,2025-12-24,13.33518886566162,13.600000381469728,13.699999809265137,13.579999923706056,13.619999885559082,3527700,2025-12-24,13.33518886566162,-0.0043923493134181,0.0044117271601811,0.0161054232188659,13.619999885559082,13.699999809265137,13.579999923706056,3527700,-0.004392349313418364,-0.004402024019850792,-0.020911235116781474,0.008998739108081355,15.076156941950392,-0.4033589283902175,0.00800477661437049,0.024868162084382694,0.008010720431560037,0.020222655327420735,0.006606782487005058,0.007270024143553665,65.71643245091573,0.10869214914102443,0.014180951614336601,0.09451119752668782,1.9459101490553132,13.33518886566162,2025-12-30,0.013235181480543812
2025-12-26,5,-0.6700562365353108,0.4461928931294483,0.2,0.8,0.0,1,2025-12-26,2025-12-26,2025-12-26,13.394020080566406,13.65999984741211,13.68000030517578,13.520000457763672,13.600000381469728,1486600,2025-12-26,13.394020080566406,0.0044117271601811,0.0161054232188659,-0.0072046900102538,13.600000381469728,13.68000030517578,13.520000457763672,1486600,0.004411727160181345,0.004402024019850792,-0.01514560993571547,0.011945618003384503,14.212002863949008,-0.57859228392437,0.0070775556203261925,0.02230204344411435,0.008270846981725644,0.020137875671773164,0.006610930355695152,0.006953513089214449,67.17387082073004,0.1297061228218741,0.037285985855844105,0.09242013696602999,1.791759469228055,13.394020080566406,2025-12-31,0.004392349313418142
2025-12-29,10,0.3986730685457587,0.4614987379815273,0.8,0.1,0.1,1,2025-12-29,2025-12-29,2025-12-29,13.609736442565918,13.880000114440918,13.880000114440918,13.640000343322754,13.65999984741211,8103500,2025-12-29,13.609736442565918,0.0161054232188659,-0.0072046900102538,-0.0043540998583712,13.65999984741211,13.880000114440918,13.640000343322754,8103500,0.01610542321886599,0.015977106783976236,-0.0036796050810874513,0.017634417252015176,15.907806748483772,4.451029194134266,0.01551067840688014,0.032123738409942204,0.016207240141647317,0.02972136106954082,0.008098899548971542,0.005681291913026059,71.89222569920882,0.16190007269917572,0.06220880322451043,0.09969126947466529,2.3978952727983707,13.609736442565918,,
2025-12-30,13,0.0260612767261381,0.7348691038560079,0.5384615384615384,0.3846153846153846,0.0769230769230769,1,2025-12-30,2025-12-30,2025-12-30,13.511682510375977,13.779999732971191,13.84000015258789,13.619999885559082,13.81999969482422,10994900,2025-12-30,13.511682510375977,-0.0072046900102538,-0.0043540998583712,,13.81999969482422,13.84000015258789,13.619999885559082,10994900,-0.007204690010253811,-0.007230769126118641,-0.022309492855033346,0.01628222590782936,16.212942177837693,0.35680878632689583,0.004666015535364165,0.019532334151742603,0.00590636044973003,0.018173835951447836,0.009557055979193846,0.0071377574306213405,67.16627891561525,0.1774562716283583,0.08525829690528,0.09219797472307831,2.6390573296152584,13.511682510375977,,
2025-12-31,9,-0.3936134344484243,0.6537486251055409,0.2222222222222222,0.6666666666666666,0.1111111111111111,1,2025-12-31,2025-12-31,2025-12-31,13.452851295471191,13.720000267028809,13.84000015258789,13.65999984741211,13.779999732971191,6323400,2025-12-31,13.452851295471191,-0.0043540998583712,,,13.779999732971191,13.84000015258789,13.65999984741211,6323400,-0.004354099858371208,-0.004363606556604616,-0.023740815953518273,0.01338008584368855,15.659767754292842,-0.42487880744708906,-0.0005827739925854392,0.010755830254456589,0.0010171782164383192,0.011214296919207056,0.009550350492992927,0.007732883248699001,64.42962434469678,0.18292879471005996,0.10479239646623599,0.07813639824382397,2.302585092994046,13.452851295471191,,
