market_date,article_count,sentiment_score_mean,sentiment_score_std,positive_ratio,negative_ratio,neutral_ratio,source_day_count,first_calendar_date,last_calendar_date,Date,Adj Close 1155.KL,Close 1155.KL,High 1155.KL,Low 1155.KL,Open 1155.KL,Volume 1155.KL,date,close,return_tplus0_1d,return_tplus1_1d,return_tplus2_1d
2023-01-03,6,-0.48283690346094477,0.703605290919044,0.16666666666666666,0.8333333333333334,0.0,2,2023-01-02,2023-01-03,2023-01-03,7.017922878265381,8.710000038146973,8.720000267028809,8.640000343322754,8.670000076293945,2945000,2023-01-03,7.017922878265381,,0.0,0.008036608559341518
2023-01-04,6,-0.44705595293392736,0.4304593256516743,0.16666666666666666,0.8333333333333334,0.0,1,2023-01-04,2023-01-04,2023-01-04,7.017922878265381,8.710000038146973,8.729999542236328,8.670000076293945,8.710000038146973,5769800,2023-01-04,7.017922878265381,0.0,0.008036608559341518,-0.0011389241430146413
2023-01-05,11,0.506305898793719,0.4137060081573951,0.9090909090909091,0.09090909090909091,0.0,1,2023-01-05,2023-01-05,2023-01-05,7.0743231773376465,8.779999732971191,8.779999732971191,8.710000038146973,8.720000267028809,4995300,2023-01-05,7.0743231773376465,0.008036608559341518,-0.0011389241430146413,0.003420870753113814
2023-01-06,7,-0.5677906471703734,0.454455124452517,0.14285714285714285,0.8571428571428571,0.0,1,2023-01-06,2023-01-06,2023-01-06,7.066266059875488,8.770000457763672,8.789999961853027,8.729999542236328,8.779999732971191,2335800,2023-01-06,7.066266059875488,-0.0011389241430146413,0.003420870753113814,-0.001136537265510218
2023-01-09,6,0.1373437281387548,0.8485288252155694,0.5,0.3333333333333333,0.16666666666666666,1,2023-01-09,2023-01-09,2023-01-09,7.0904388427734375,8.800000190734863,8.819999694824219,8.770000457763672,8.789999961853027,8902300,2023-01-09,7.0904388427734375,0.003420870753113814,-0.001136537265510218,0.004550648536426838
2023-01-10,11,0.16472972197119484,0.7430447151782039,0.5454545454545454,0.36363636363636365,0.09090909090909091,1,2023-01-10,2023-01-10,2023-01-10,7.082380294799805,8.789999961853027,8.829999923706055,8.760000228881836,8.800000190734863,9589500,2023-01-10,7.082380294799805,-0.001136537265510218,0.004550648536426838,-0.0033973579024394462
2023-01-11,7,0.1451986219201769,0.6468341255889914,0.42857142857142855,0.42857142857142855,0.14285714285714285,1,2023-01-11,2023-01-11,2023-01-11,7.114609718322754,8.829999923706055,8.850000381469727,8.770000457763672,8.789999961853027,9458400,2023-01-11,7.114609718322754,0.004550648536426838,-0.0033973579024394462,0.006818080330722953
2023-01-12,4,-0.06898417696356773,0.4271170241812403,0.5,0.5,0.0,1,2023-01-12,2023-01-12,2023-01-12,7.0904388427734375,8.800000190734863,8.850000381469727,8.800000190734863,8.84000015258789,8251400,2023-01-12,7.0904388427734375,-0.0033973579024394462,0.006818080330722953,-0.00902939000318681
2023-01-13,8,0.3434755849884823,0.6899176827975052,0.75,0.25,0.0,1,2023-01-13,2023-01-13,2023-01-13,7.138782024383545,8.859999656677246,8.859999656677246,8.8100004196167,8.8100004196167,4406700,2023-01-13,7.138782024383545,0.006818080330722953,-0.00902939000318681,0.0
2023-01-16,6,-0.1671770165363948,0.44866175957703336,0.5,0.3333333333333333,0.16666666666666666,1,2023-01-16,2023-01-16,2023-01-16,7.0743231773376465,8.779999732971191,8.869999885559082,8.770000457763672,8.859999656677246,13282500,2023-01-16,7.0743231773376465,-0.00902939000318681,0.0,0.003416974640823023
2023-01-17,8,-0.17512925586197525,0.70826702007047,0.375,0.625,0.0,1,2023-01-17,2023-01-17,2023-01-17,7.0743231773376465,8.779999732971191,8.829999923706055,8.760000228881836,8.779999732971191,10039700,2023-01-17,7.0743231773376465,0.0,0.003416974640823023,-0.001135045720571326
2023-01-18,10,-0.4216900018975139,0.658152227976481,0.2,0.8,0.0,1,2023-01-18,2023-01-18,2023-01-18,7.098495960235596,8.8100004196167,8.84000015258789,8.770000457763672,8.789999961853027,12028600,2023-01-18,7.098495960235596,0.003416974640823023,-0.001135045720571326,0.0
2023-01-19,7,0.14514127347086156,0.5104485851656285,0.5714285714285714,0.2857142857142857,0.14285714285714285,1,2023-01-19,2023-01-19,2023-01-19,7.0904388427734375,8.800000190734863,8.859999656677246,8.779999732971191,8.850000381469727,8461300,2023-01-19,7.0904388427734375,-0.001135045720571326,0.0,0.00113633551333292
2023-01-20,9,0.23313911176390117,0.47261413423482834,0.5555555555555556,0.2222222222222222,0.2222222222222222,1,2023-01-20,2023-01-20,2023-01-20,7.0904388427734375,8.800000190734863,8.819999694824219,8.779999732971191,8.800000190734863,9472200,2023-01-20,7.0904388427734375,0.0,0.00113633551333292,-0.0034053386848933442
2023-01-25,7,0.23124348252479518,0.23855909049333243,0.7142857142857143,0.14285714285714285,0.14285714285714285,2,2023-01-23,2023-01-25,2023-01-25,7.098495960235596,8.8100004196167,8.819999694824219,8.789999961853027,8.800000190734863,7311200,2023-01-25,7.098495960235596,0.00113633551333292,-0.0034053386848933442,-0.0045557639759850055
2023-01-26,6,-0.32628752167026204,0.5400228294171319,0.16666666666666666,0.8333333333333334,0.0,1,2023-01-26,2023-01-26,2023-01-26,7.0743231773376465,8.779999732971191,8.8100004196167,8.770000457763672,8.8100004196167,3449500,2023-01-26,7.0743231773376465,-0.0034053386848933442,-0.0045557639759850055,0.004576613948945596
2023-01-27,8,-0.15520199644379323,0.8537304651762138,0.375,0.625,0.0,1,2023-01-27,2023-01-27,2023-01-27,7.0420942306518555,8.739999771118164,8.800000190734863,8.729999542236328,8.779999732971191,7677600,2023-01-27,7.0420942306518555,-0.0045557639759850055,0.004576613948945596,-0.0045557639759850055
2023-01-30,10,-0.04571766271255908,0.6275978867301535,0.3,0.4,0.3,1,2023-01-30,2023-01-30,2023-01-30,7.0743231773376465,8.779999732971191,8.779999732971191,8.75,8.75,10107700,2023-01-30,7.0743231773376465,0.004576613948945596,-0.0045557639759850055,-0.0022882731182688465
2023-01-31,5,-0.22672511916607624,0.928692008528162,0.4,0.6,0.0,1,2023-01-31,2023-01-31,2023-01-31,7.0420942306518555,8.739999771118164,8.760000228881836,8.729999542236328,8.75,18926700,2023-01-31,7.0420942306518555,-0.0045557639759850055,-0.0022882731182688465,-0.0011467606607273861
2023-02-02,8,0.41024922952055937,0.6252880441281262,0.75,0.25,0.0,2,2023-02-01,2023-02-02,2023-02-02,7.025979995727539,8.720000267028809,8.850000381469727,8.710000038146973,8.850000381469727,8622200,2023-02-02,7.025979995727539,-0.0022882731182688465,-0.0011467606607273861,-0.009184889626748127
2023-02-03,4,0.6277879285626113,0.2540496359384194,1.0,0.0,0.0,1,2023-02-03,2023-02-03,2023-02-03,7.017922878265381,8.710000038146973,8.739999771118164,8.680000305175781,8.720000267028809,10222500,2023-02-03,7.017922878265381,-0.0011467606607273861,-0.009184889626748127,0.0011587885208206306
2023-02-07,8,0.05195561284199358,0.6088159555653335,0.5,0.5,0.0,2,2023-02-06,2023-02-07,2023-02-07,6.953464031219482,8.630000114440918,8.6899995803833,8.600000381469727,8.649999618530273,14622300,2023-02-07,6.953464031219482,-0.009184889626748127,0.0011587885208206306,-0.00231496306449952
2023-02-08,6,0.009182413108646889,0.8253340260876048,0.5,0.5,0.0,1,2023-02-08,2023-02-08,2023-02-08,6.961521625518799,8.640000343322754,8.65999984741211,8.619999885559082,8.630000114440918,10821200,2023-02-08,6.961521625518799,0.0011587885208206306,-0.00231496306449952,0.015081316408308565
2023-02-09,11,-0.18545334214683284,0.6091421680954062,0.36363636363636365,0.5454545454545454,0.09090909090909091,1,2023-02-09,2023-02-09,2023-02-09,6.945405960083008,8.619999885559082,8.670000076293945,8.600000381469727,8.65999984741211,8488500,2023-02-09,6.945405960083008,-0.00231496306449952,0.015081316408308565,0.0022856578587835408
2023-02-10,5,-0.06475373804569247,0.42989293374433885,0.6,0.4,0.0,1,2023-02-10,2023-02-10,2023-02-10,7.050151824951172,8.75,8.760000228881836,8.630000114440918,8.630000114440918,3723000,2023-02-10,7.050151824951172,0.015081316408308565,0.0022856578587835408,0.003420870753113814
2023-02-13,6,-0.13817792385816574,0.5544646065326155,0.3333333333333333,0.6666666666666666,0.0,1,2023-02-13,2023-02-13,2023-02-13,7.066266059875488,8.770000457763672,8.789999961853027,8.729999542236328,8.760000228881836,10984000,2023-02-13,7.066266059875488,0.0022856578587835408,0.003420870753113814,0.0
2023-02-14,7,0.1857540445136173,0.6820387256537458,0.42857142857142855,0.42857142857142855,0.14285714285714285,1,2023-02-14,2023-02-14,2023-02-14,7.0904388427734375,8.800000190734863,8.819999694824219,8.75,8.75,10805000,2023-02-14,7.0904388427734375,0.003420870753113814,0.0,-0.003409208292175836
2023-02-15,8,0.16054860522854142,0.6955885967758018,0.5,0.5,0.0,1,2023-02-15,2023-02-15,2023-02-15,7.0904388427734375,8.800000190734863,8.819999694824219,8.720000267028809,8.800000190734863,6298100,2023-02-15,7.0904388427734375,0.0,-0.003409208292175836,-0.0022804455405123214
2023-02-16,7,0.1896533301499273,0.5729660222239336,0.42857142857142855,0.42857142857142855,0.14285714285714285,1,2023-02-16,2023-02-16,2023-02-16,7.066266059875488,8.770000457763672,8.800000190734863,8.760000228881836,8.800000190734863,11109700,2023-02-16,7.066266059875488,-0.003409208292175836,-0.0022804455405123214,-0.0011428965644115774
2023-02-17,4,-0.5130670983344316,0.1727694255892779,0.0,1.0,0.0,1,2023-02-17,2023-02-17,2023-02-17,7.050151824951172,8.75,8.779999732971191,8.729999542236328,8.770000457763672,4141800,2023-02-17,7.050151824951172,-0.0022804455405123214,-0.0011428965644115774,-0.004576681661353721
2023-02-20,10,-0.16457484355196356,0.5886664209284914,0.3,0.7,0.0,1,2023-02-20,2023-02-20,2023-02-20,7.0420942306518555,8.739999771118164,8.770000457763672,8.710000038146973,8.75,1772000,2023-02-20,7.0420942306518555,-0.0011428965644115774,-0.004576681661353721,-0.004597723980378721
2023-02-21,7,0.1942367053457669,0.4726789426970373,0.7142857142857143,0.2857142857142857,0.0,1,2023-02-21,2023-02-21,2023-02-21,7.009864807128906,8.699999809265137,8.760000228881836,8.699999809265137,8.75,3129300,2023-02-21,7.009864807128906,-0.004576681661353721,-0.004597723980378721,0.003464254683984258
2023-02-22,4,-0.7989185797050596,0.08390796920168678,0.0,1.0,0.0,1,2023-02-22,2023-02-22,2023-02-22,6.977635383605957,8.65999984741211,8.739999771118164,8.630000114440918,8.699999809265137,6858900,2023-02-22,6.977635383605957,-0.004597723980378721,0.003464254683984258,0.005753734288441281
2023-02-23,6,0.197196723582844,0.8164075072496805,0.6666666666666666,0.3333333333333333,0.0,1,2023-02-23,2023-02-23,2023-02-23,7.001807689666748,8.6899995803833,8.720000267028809,8.65999984741211,8.680000305175781,5099500,2023-02-23,7.001807689666748,0.003464254683984258,0.005753734288441281,0.0011442042715423817
2023-02-24,4,0.000565174967050594,0.35808252507110594,0.75,0.25,0.0,1,2023-02-24,2023-02-24,2023-02-24,7.0420942306518555,8.739999771118164,8.760000228881836,8.6899995803833,8.710000038146973,5191900,2023-02-24,7.0420942306518555,0.005753734288441281,0.0011442042715423817,0.005714347552018051
2023-02-27,8,0.017272176453843692,0.6931727123794004,0.375,0.625,0.0,1,2023-02-27,2023-02-27,2023-02-27,7.050151824951172,8.75,8.779999732971191,8.699999809265137,8.75,9393300,2023-02-27,7.050151824951172,0.0011442042715423817,0.005714347552018051,-0.002272872778843027
2023-02-28,10,-0.21260367380455136,0.6335329406472338,0.3,0.5,0.2,1,2023-02-28,2023-02-28,2023-02-28,7.0904388427734375,8.800000190734863,8.819999694824219,8.739999771118164,8.75,14539900,2023-02-28,7.0904388427734375,0.005714347552018051,-0.002272872778843027,-0.003416772429044035
2023-03-01,6,-0.4810309843936314,0.6049551673771444,0.16666666666666666,0.8333333333333334,0.0,1,2023-03-01,2023-03-01,2023-03-01,7.0743231773376465,8.779999732971191,8.8100004196167,8.739999771118164,8.800000190734863,11206400,2023-03-01,7.0743231773376465,-0.002272872778843027,-0.003416772429044035,-0.0045713833525867775
2023-03-02,3,0.3283944410116723,0.5753716034576403,0.6666666666666666,0.3333333333333333,0.0,1,2023-03-02,2023-03-02,2023-03-02,7.050151824951172,8.75,8.800000190734863,8.739999771118164,8.779999732971191,6903900,2023-03-02,7.050151824951172,-0.003416772429044035,-0.0045713833525867775,-0.00229629035231238
2023-03-03,2,-0.29294030368328094,0.13963042284759064,0.0,1.0,0.0,1,2023-03-03,2023-03-03,2023-03-03,7.017922878265381,8.710000038146973,8.779999732971191,8.710000038146973,8.779999732971191,7501900,2023-03-03,7.017922878265381,-0.0045713833525867775,-0.00229629035231238,-0.001150787718892654
2023-03-06,5,0.33245788067579274,0.5421676290399059,0.8,0.2,0.0,1,2023-03-06,2023-03-06,2023-03-06,7.001807689666748,8.6899995803833,8.789999961853027,8.65999984741211,8.760000228881836,10924700,2023-03-06,7.001807689666748,-0.00229629035231238,-0.001150787718892654,-0.001152045376556332
2023-03-07,6,0.5343293836340308,0.7248837598745479,0.8333333333333334,0.16666666666666666,0.0,1,2023-03-07,2023-03-07,2023-03-07,6.993750095367432,8.680000305175781,8.739999771118164,8.680000305175781,8.720000267028809,7443900,2023-03-07,6.993750095367432,-0.001150787718892654,-0.001152045376556332,0.004613701240814061
2023-03-08,6,-0.15315683775891864,0.6303215940478095,0.16666666666666666,0.5,0.3333333333333333,1,2023-03-08,2023-03-08,2023-03-08,6.985692977905273,8.670000076293945,8.710000038146973,8.670000076293945,8.699999809265137,10314400,2023-03-08,6.985692977905273,-0.001152045376556332,0.004613701240814061,-0.0011482131217814828
2023-03-09,6,-0.19667970016598701,0.4736005631757373,0.3333333333333333,0.5,0.16666666666666666,1,2023-03-09,2023-03-09,2023-03-09,7.017922878265381,8.710000038146973,8.720000267028809,8.6899995803833,8.6899995803833,12475500,2023-03-09,7.017922878265381,0.004613701240814061,-0.0011482131217814828,0.004761933267087182
2023-03-10,5,-0.5988616432994605,0.3788463365678415,0.2,0.8,0.0,1,2023-03-10,2023-03-10,2023-03-10,7.009864807128906,8.699999809265137,8.75,8.699999809265137,8.710000038146973,7520300,2023-03-10,7.009864807128906,-0.0011482131217814828,0.004761933267087182,-0.01184827641862074
2023-03-13,5,-0.6251676850020885,0.5027514208469525,0.0,0.8,0.2,1,2023-03-13,2023-03-13,2023-03-13,7.043245315551758,8.4399995803833,8.479999542236328,8.359999656677246,8.449999809265137,11284800,2023-03-13,7.043245315551758,0.004761933267087182,-0.01184827641862074,0.0011990478322865261
2023-03-14,7,-0.887268987018615,0.0900234415694515,0.0,1.0,0.0,1,2023-03-14,2023-03-14,2023-03-14,6.959794998168945,8.34000015258789,8.449999809265137,8.34000015258789,8.4399995803833,12179400,2023-03-14,6.959794998168945,-0.01184827641862074,0.0011990478322865261,-0.010778438114617761
2023-03-15,9,0.6401120845952796,0.35096175357488374,0.8888888888888888,0.0,0.1111111111111111,1,2023-03-15,2023-03-15,2023-03-15,6.968140125274658,8.350000381469727,8.420000076293945,8.350000381469727,8.390000343322754,8240000,2023-03-15,6.968140125274658,0.0011990478322865261,-0.010778438114617761,0.014527861283624377
2023-03-16,8,-0.8579978744965047,0.10304055970255843,0.0,1.0,0.0,1,2023-03-16,2023-03-16,2023-03-16,6.8930344581604,8.260000228881836,8.350000381469727,8.260000228881836,8.350000381469727,10810700,2023-03-16,6.8930344581604,-0.010778438114617761,0.014527861283624377,-0.004773297680200739
2023-03-17,11,0.3148715927011587,0.6827553552240426,0.7272727272727273,0.18181818181818182,0.09090909090909091,1,2023-03-17,2023-03-17,2023-03-17,6.993175506591797,8.380000114440918,8.430000305175781,8.289999961853027,8.289999961853027,14838400,2023-03-17,6.993175506591797,0.014527861283624377,-0.004773297680200739,0.007194218480615078
2023-03-20,8,-0.5110870394855738,0.47989623095176037,0.125,0.875,0.0,1,2023-03-20,2023-03-20,2023-03-20,6.959794998168945,8.34000015258789,8.399999618530273,8.329999923706055,8.390000343322754,4898200,2023-03-20,6.959794998168945,-0.004773297680200739,0.007194218480615078,0.01785724853686066
2023-03-21,9,0.31816028596626394,0.7389847830247968,0.7777777777777778,0.2222222222222222,0.0,1,2023-03-21,2023-03-21,2023-03-21,7.0098652839660645,8.399999618530273,8.420000076293945,8.369999885559082,8.380000114440918,3105300,2023-03-21,7.0098652839660645,0.007194218480615078,0.01785724853686066,-0.007017785152280909
2023-03-22,8,0.7321463814005256,0.26680915146481377,1.0,0.0,0.0,1,2023-03-22,2023-03-22,2023-03-22,7.135042190551758,8.550000190734863,8.550000190734863,8.399999618530273,8.399999618530273,5988000,2023-03-22,7.135042190551758,0.01785724853686066,-0.007017785152280909,-0.007066978708609173
2023-03-23,10,-0.17098607174120845,0.5879176528462661,0.4,0.5,0.1,1,2023-03-23,2023-03-23,2023-03-23,7.084969997406006,8.489999771118164,8.529999732971191,8.449999809265137,8.510000228881836,4242000,2023-03-23,7.084969997406006,-0.007017785152280909,-0.007066978708609173,0.0011861788340146173
2023-03-24,8,-0.6254689750494435,0.5126121300572083,0.125,0.875,0.0,1,2023-03-24,2023-03-24,2023-03-24,7.034900665283203,8.430000305175781,8.5,8.430000305175781,8.5,3945300,2023-03-24,7.034900665283203,-0.007066978708609173,0.0011861788340146173,0.008293888274912842
2023-03-27,6,0.3292225752957165,0.7301972740225636,0.6666666666666666,0.3333333333333333,0.0,1,2023-03-27,2023-03-27,2023-03-27,7.043245315551758,8.4399995803833,8.460000038146973,8.430000305175781,8.4399995803833,4017200,2023-03-27,7.043245315551758,0.0011861788340146173,0.008293888274912842,0.005875408229882195
2023-03-28,6,0.17800754370788732,0.7398452386108317,0.6666666666666666,0.3333333333333333,0.0,1,2023-03-28,2023-03-28,2023-03-28,7.101661205291748,8.510000228881836,8.510000228881836,8.4399995803833,8.460000038146973,3961900,2023-03-28,7.101661205291748,0.008293888274912842,0.005875408229882195,0.008177551923743254
2023-03-29,8,0.49238084914395586,0.297709611540135,0.625,0.0,0.375,1,2023-03-29,2023-03-29,2023-03-29,7.143386363983154,8.5600004196167,8.569999694824219,8.489999771118164,8.5,6333300,2023-03-29,7.143386363983154,0.005875408229882195,0.008177551923743254,-0.006952466528281631
2023-03-30,9,0.33764092349964714,0.35047591409708306,0.5555555555555556,0.0,0.4444444444444444,1,2023-03-30,2023-03-30,2023-03-30,7.201801776885986,8.630000114440918,8.630000114440918,8.539999961853027,8.569999694824219,4793800,2023-03-30,7.201801776885986,0.008177551923743254,-0.006952466528281631,0.011668614002630084
2023-03-31,7,-0.033046973569850834,0.7181365101851956,0.42857142857142855,0.42857142857142855,0.14285714285714285,1,2023-03-31,2023-03-31,2023-03-31,7.151731491088867,8.569999694824219,8.640000343322754,8.5600004196167,8.630000114440918,5979600,2023-03-31,7.151731491088867,-0.006952466528281631,0.011668614002630084,-0.0011534752842118356
2023-04-03,5,0.49129865020513536,0.4175433332954852,0.8,0.0,0.2,1,2023-04-03,2023-04-03,2023-04-03,7.235182285308838,8.670000076293945,8.670000076293945,8.569999694824219,8.569999694824219,3422500,2023-04-03,7.235182285308838,0.011668614002630084,-0.0011534752842118356,0.0
2023-04-04,5,-0.11162692904472352,0.6176550256922082,0.4,0.4,0.2,1,2023-04-04,2023-04-04,2023-04-04,7.226836681365967,8.65999984741211,8.670000076293945,8.609999656677246,8.670000076293945,4197700,2023-04-04,7.226836681365967,-0.0011534752842118356,0.0,-0.0011546093815724134
2023-04-05,4,-0.49579253420233727,0.345671204383736,0.0,0.75,0.25,1,2023-04-05,2023-04-05,2023-04-05,7.226836681365967,8.65999984741211,8.65999984741211,8.619999885559082,8.65999984741211,3801300,2023-04-05,7.226836681365967,0.0,-0.0011546093815724134,0.0011559440454118608
2023-04-06,7,-0.34152351985020296,0.7101371075554447,0.2857142857142857,0.7142857142857143,0.0,1,2023-04-06,2023-04-06,2023-04-06,7.21849250793457,8.649999618530273,8.65999984741211,8.59000015258789,8.649999618530273,6289600,2023-04-06,7.21849250793457,-0.0011546093815724134,0.0011559440454118608,-0.0011546093815724134
2023-04-07,7,0.0840691615428243,0.40574084586781145,0.2857142857142857,0.42857142857142855,0.2857142857142857,1,2023-04-07,2023-04-07,2023-04-07,7.226836681365967,8.65999984741211,8.670000076293945,8.630000114440918,8.649999618530273,1679400,2023-04-07,7.226836681365967,0.0011559440454118608,-0.0011546093815724134,0.009248543229096962
2023-04-10,12,0.061135832065095506,0.45829672922904274,0.5833333333333334,0.3333333333333333,0.08333333333333333,2,2023-04-08,2023-04-10,2023-04-10,7.21849250793457,8.649999618530273,8.699999809265137,8.640000343322754,8.65999984741211,4621700,2023-04-10,7.21849250793457,-0.0011546093815724134,0.009248543229096962,-0.0034364463598429706
2023-04-11,8,0.24971790611743927,0.5010593979873024,0.75,0.25,0.0,1,2023-04-11,2023-04-11,2023-04-11,7.285253047943115,8.729999542236328,8.729999542236328,8.649999618530273,8.65999984741211,6301800,2023-04-11,7.285253047943115,0.009248543229096962,-0.0034364463598429706,0.001149497759720619
2023-04-12,7,-0.33478106119270834,0.575050353462498,0.2857142857142857,0.7142857142857143,0.0,1,2023-04-12,2023-04-12,2023-04-12,7.260217666625977,8.699999809265137,8.729999542236328,8.65999984741211,8.729999542236328,6229000,2023-04-12,7.260217666625977,-0.0034364463598429706,0.001149497759720619,0.0
2023-04-13,8,-0.45980161312036216,0.31000328474042493,0.125,0.75,0.125,1,2023-04-13,2023-04-13,2023-04-13,7.268563270568848,8.710000038146973,8.720000267028809,8.680000305175781,8.699999809265137,9680500,2023-04-13,7.268563270568848,0.001149497759720619,0.0,-0.0011481779317603635
2023-04-14,5,0.32538585364818573,0.33850558066571707,0.8,0.2,0.0,1,2023-04-14,2023-04-14,2023-04-14,7.268563270568848,8.710000038146973,8.729999542236328,8.6899995803833,8.710000038146973,5182100,2023-04-14,7.268563270568848,0.0,-0.0011481779317603635,0.0
2023-04-17,6,-0.514970147361358,0.5192494205168587,0.16666666666666666,0.8333333333333334,0.0,1,2023-04-17,2023-04-17,2023-04-17,7.260217666625977,8.699999809265137,8.720000267028809,8.670000076293945,8.710000038146973,5435900,2023-04-17,7.260217666625977,-0.0011481779317603635,0.0,-0.0011494320816405335
2023-04-18,6,-0.24519747014467916,0.8619127771071601,0.3333333333333333,0.6666666666666666,0.0,1,2023-04-18,2023-04-18,2023-04-18,7.260217666625977,8.699999809265137,8.710000038146973,8.649999618530273,8.710000038146973,4305200,2023-04-18,7.260217666625977,0.0,-0.0011494320816405335,0.001150754796121145
2023-04-19,5,-0.5640902541577816,0.43474269696412204,0.0,0.8,0.2,1,2023-04-19,2023-04-19,2023-04-19,7.251872539520264,8.6899995803833,8.720000267028809,8.680000305175781,8.720000267028809,7339600,2023-04-19,7.251872539520264,-0.0011494320816405335,0.001150754796121145,-0.005747094730122249
2023-04-20,9,-0.14775441007481682,0.5967784877959699,0.3333333333333333,0.4444444444444444,0.2222222222222222,1,2023-04-20,2023-04-20,2023-04-20,7.260217666625977,8.699999809265137,8.699999809265137,8.65999984741211,8.699999809265137,1970400,2023-04-20,7.260217666625977,0.001150754796121145,-0.005747094730122249,-0.004624370701128755
2023-04-25,9,0.07462103561394745,0.6111646249885215,0.5555555555555556,0.4444444444444444,0.0,2,2023-04-24,2023-04-25,2023-04-25,7.21849250793457,8.649999618530273,8.710000038146973,8.619999885559082,8.710000038146973,4366500,2023-04-25,7.21849250793457,-0.005747094730122249,-0.004624370701128755,0.01045302410608362
2023-04-26,8,-0.9028466485906392,0.0536451328534378,0.0,1.0,0.0,1,2023-04-26,2023-04-26,2023-04-26,7.1851115226745605,8.609999656677246,8.649999618530273,8.550000190734863,8.649999618530273,6902900,2023-04-26,7.1851115226745605,-0.004624370701128755,0.01045302410608362,-0.004597794004642108
2023-04-27,5,0.2678596913814545,0.5688630391074606,0.8,0.2,0.0,1,2023-04-27,2023-04-27,2023-04-27,7.260217666625977,8.699999809265137,8.699999809265137,8.619999885559082,8.649999618530273,8021400,2023-04-27,7.260217666625977,0.01045302410608362,-0.004597794004642108,0.002309548670391237
2023-04-28,11,0.41551992229439993,0.5227880822720964,0.7272727272727273,0.2727272727272727,0.0,1,2023-04-28,2023-04-28,2023-04-28,7.226836681365967,8.65999984741211,8.699999809265137,8.619999885559082,8.699999809265137,8180600,2023-04-28,7.226836681365967,-0.004597794004642108,0.002309548670391237,0.00460825640398399
2023-05-02,12,0.561779638674731,0.3828867837181234,0.8333333333333334,0.08333333333333333,0.08333333333333333,2,2023-05-01,2023-05-02,2023-05-02,7.243527412414551,8.680000305175781,8.699999809265137,8.649999618530273,8.65999984741211,3605300,2023-05-02,7.243527412414551,0.002309548670391237,0.00460825640398399,0.003440453014822875
2023-05-03,8,-0.07817340246401724,0.7675933139677318,0.5,0.5,0.0,1,2023-05-03,2023-05-03,2023-05-03,7.276907444000244,8.720000267028809,8.729999542236328,8.630000114440918,8.6899995803833,6173500,2023-05-03,7.276907444000244,0.00460825640398399,0.003440453014822875,0.0011428638597139607
2023-05-05,6,-0.25763088123252004,0.6797911068663396,0.3333333333333333,0.6666666666666666,0.0,1,2023-05-05,2023-05-05,2023-05-05,7.301943302154541,8.75,8.75,8.6899995803833,8.720000267028809,8269100,2023-05-05,7.301943302154541,0.003440453014822875,0.0011428638597139607,-0.0011415592129457863
2023-05-08,11,-0.0351052485321733,0.7497327665989484,0.45454545454545453,0.5454545454545454,0.0,1,2023-05-08,2023-05-08,2023-05-08,7.310288429260254,8.760000228881836,8.760000228881836,8.699999809265137,8.739999771118164,2841600,2023-05-08,7.310288429260254,0.0011428638597139607,-0.0011415592129457863,-0.005714319298569803
2023-05-09,6,-0.7159564783796668,0.19581329236081985,0.0,1.0,0.0,1,2023-05-09,2023-05-09,2023-05-09,7.301943302154541,8.75,8.75,8.720000267028809,8.729999542236328,4385800,2023-05-09,7.301943302154541,-0.0011415592129457863,-0.005714319298569803,0.0045975969704015185
2023-05-10,7,-0.32549369281956136,0.4926594434561288,0.2857142857142857,0.7142857142857143,0.0,1,2023-05-10,2023-05-10,2023-05-10,7.260217666625977,8.699999809265137,8.75,8.6899995803833,8.75,3548400,2023-05-10,7.260217666625977,-0.005714319298569803,0.0045975969704015185,-0.0057207274528363605
2023-05-11,6,0.17627236914510527,0.33161042742153474,0.6666666666666666,0.16666666666666666,0.16666666666666666,1,2023-05-11,2023-05-11,2023-05-11,7.293597221374512,8.739999771118164,8.75,8.699999809265137,8.699999809265137,9117700,2023-05-11,7.293597221374512,0.0045975969704015185,-0.0057207274528363605,0.0
2023-05-12,6,0.30509260048468906,0.5442970410386491,0.6666666666666666,0.3333333333333333,0.0,1,2023-05-12,2023-05-12,2023-05-12,7.251872539520264,8.6899995803833,8.779999732971191,8.65999984741211,8.739999771118164,8072900,2023-05-12,7.251872539520264,-0.0057207274528363605,0.0,0.004603019184485024
2023-05-15,7,-0.48514918623758213,0.5460724884085049,0.14285714285714285,0.7142857142857143,0.14285714285714285,1,2023-05-15,2023-05-15,2023-05-15,7.251872539520264,8.6899995803833,8.739999771118164,8.649999618530273,8.6899995803833,3836700,2023-05-15,7.251872539520264,0.0,0.004603019184485024,-0.002290898787514317
2023-05-16,7,0.30737648970846626,0.845475666306258,0.7142857142857143,0.2857142857142857,0.0,1,2023-05-16,2023-05-16,2023-05-16,7.285253047943115,8.729999542236328,8.75,8.6899995803833,8.6899995803833,3238200,2023-05-16,7.285253047943115,0.004603019184485024,-0.002290898787514317,0.005740496042781373
2023-05-17,7,0.18242026439734868,0.5032971661209071,0.5714285714285714,0.2857142857142857,0.14285714285714285,1,2023-05-17,2023-05-17,2023-05-17,7.268563270568848,8.710000038146973,8.75,8.6899995803833,8.699999809265137,4054500,2023-05-17,7.268563270568848,-0.002290898787514317,0.005740496042781373,0.0022829879694361566
2023-05-18,7,0.553077961517764,0.545591811611205,0.8571428571428571,0.14285714285714285,0.0,1,2023-05-18,2023-05-18,2023-05-18,7.310288429260254,8.760000228881836,8.760000228881836,8.699999809265137,8.729999542236328,3691600,2023-05-18,7.310288429260254,0.005740496042781373,0.0022829879694361566,-0.02277911458613313
2023-05-19,9,-0.04391560010198087,0.6455865035539768,0.4444444444444444,0.5555555555555556,0.0,1,2023-05-19,2023-05-19,2023-05-19,7.326977729797363,8.779999732971191,8.779999732971191,8.710000038146973,8.75,4841000,2023-05-19,7.326977729797363,0.0022829879694361566,-0.02277911458613313,0.0034965912830160484
2023-05-22,10,-0.41764321862719955,0.4910064398378083,0.1,0.7,0.2,1,2023-05-22,2023-05-22,2023-05-22,7.160075664520264,8.579999923706055,8.739999771118164,8.579999923706055,8.710000038146973,11619300,2023-05-22,7.160075664520264,-0.02277911458613313,0.0034965912830160484,-0.005807169249876121
2023-05-23,8,-0.6281979090999812,0.40740640950214546,0.125,0.875,0.0,1,2023-05-23,2023-05-23,2023-05-23,7.1851115226745605,8.609999656677246,8.6899995803833,8.550000190734863,8.600000381469727,8260900,2023-05-23,7.1851115226745605,0.0034965912830160484,-0.005807169249876121,0.0
2023-05-24,8,0.1773761941003613,0.7903352245406684,0.5,0.375,0.125,1,2023-05-24,2023-05-24,2023-05-24,7.143386363983154,8.5600004196167,8.600000381469727,8.550000190734863,8.600000381469727,8130600,2023-05-24,7.143386363983154,-0.005807169249876121,0.0,0.002336328974344326
2023-05-25,7,-0.26872811712590716,0.5176066192073806,0.14285714285714285,0.42857142857142855,0.42857142857142855,1,2023-05-25,2023-05-25,2023-05-25,7.143386363983154,8.5600004196167,8.619999885559082,8.5600004196167,8.579999923706055,9154400,2023-05-25,7.143386363983154,0.0,0.002336328974344326,0.002331216247561718
2023-05-26,8,-0.2665637743193657,0.3962884803801505,0.375,0.625,0.0,1,2023-05-26,2023-05-26,2023-05-26,7.160075664520264,8.579999923706055,8.609999656677246,8.5600004196167,8.569999694824219,5321800,2023-05-26,7.160075664520264,0.002336328974344326,0.002331216247561718,-0.0011627974963676069
2023-05-29,7,0.18310635470386066,0.58244383104176,0.5714285714285714,0.2857142857142857,0.14285714285714285,2,2023-05-27,2023-05-29,2023-05-29,7.176767349243164,8.600000381469727,8.619999885559082,8.579999923706055,8.59000015258789,6150800,2023-05-29,7.176767349243164,0.002331216247561718,-0.0011627974963676069,0.0069848404914671924
2023-05-30,5,-0.6253120094537735,0.1430079771368477,0.0,1.0,0.0,1,2023-05-30,2023-05-30,2023-05-30,7.168422222137451,8.59000015258789,8.649999618530273,8.579999923706055,8.619999885559082,8271900,2023-05-30,7.168422222137451,-0.0011627974963676069,0.0069848404914671924,-0.005780314746540505
2023-05-31,9,-0.07189840864804053,0.8597934700960844,0.4444444444444444,0.5555555555555556,0.0,1,2023-05-31,2023-05-31,2023-05-31,7.21849250793457,8.649999618530273,8.649999618530273,8.579999923706055,8.609999656677246,59731000,2023-05-31,7.21849250793457,0.0069848404914671924,-0.005780314746540505,-0.0023257943180589047
2023-06-01,7,-0.18318131898662873,0.8443515753939629,0.42857142857142855,0.5714285714285714,0.0,1,2023-06-01,2023-06-01,2023-06-01,7.176767349243164,8.600000381469727,8.649999618530273,8.59000015258789,8.600000381469727,8702900,2023-06-01,7.176767349243164,-0.005780314746540505,-0.0023257943180589047,0.0
2023-06-06,10,0.25441865660250185,0.6085160176125147,0.6,0.3,0.1,3,2023-06-04,2023-06-06,2023-06-06,7.160075664520264,8.579999923706055,8.630000114440918,8.550000190734863,8.569999694824219,7838300,2023-06-06,7.160075664520264,0.0,0.0,0.002331216247561718
2023-06-07,2,-0.7146116252988578,0.19626669142948797,0.0,1.0,0.0,1,2023-06-07,2023-06-07,2023-06-07,7.160075664520264,8.579999923706055,8.600000381469727,8.5600004196167,8.600000381469727,5694000,2023-06-07,7.160075664520264,0.0,0.002331216247561718,0.002325395667411634
2023-06-08,7,-0.04332255432382226,0.7886868109076075,0.42857142857142855,0.42857142857142855,0.14285714285714285,1,2023-06-08,2023-06-08,2023-06-08,7.176767349243164,8.600000381469727,8.600000381469727,8.569999694824219,8.600000381469727,4977100,2023-06-08,7.176767349243164,0.002331216247561718,0.002325395667411634,0.0011601660929361213
2023-06-09,2,0.4321152595803142,0.6892855803008623,0.5,0.5,0.0,1,2023-06-09,2023-06-09,2023-06-09,7.193456172943115,8.619999885559082,8.649999618530273,8.59000015258789,8.609999656677246,3179100,2023-06-09,7.193456172943115,0.002325395667411634,0.0011601660929361213,-0.0011588216673299456
2023-06-12,8,0.33007859438657766,0.7106413868889692,0.5,0.25,0.25,3,2023-06-10,2023-06-12,2023-06-12,7.201801776885986,8.630000114440918,8.65999984741211,8.600000381469727,8.619999885559082,5126600,2023-06-12,7.201801776885986,0.0011601660929361213,-0.0011588216673299456,-0.0023200007477244267
2023-06-13,4,-0.27434091083705425,0.36681386241999236,0.5,0.5,0.0,1,2023-06-13,2023-06-13,2023-06-13,7.193456172943115,8.619999885559082,8.649999618530273,8.609999656677246,8.619999885559082,4022900,2023-06-13,7.193456172943115,-0.0011588216673299456,-0.0023200007477244267,0.0
2023-06-14,3,0.6079416622718176,0.32786540646456086,1.0,0.0,0.0,1,2023-06-14,2023-06-14,2023-06-14,7.176767349243164,8.600000381469727,8.649999618530273,8.59000015258789,8.630000114440918,4709200,2023-06-14,7.176767349243164,-0.0023200007477244267,0.0,-0.0034884589308774583
2023-06-15,5,-0.4634043879806996,0.6700499797747316,0.2,0.8,0.0,1,2023-06-15,2023-06-15,2023-06-15,7.176767349243164,8.600000381469727,8.630000114440918,8.579999923706055,8.600000381469727,3846900,2023-06-15,7.176767349243164,0.0,-0.0034884589308774583,0.009334944541596446
2023-06-16,6,0.46772002064002055,0.5388735421535826,0.8333333333333334,0.16666666666666666,0.0,1,2023-06-16,2023-06-16,2023-06-16,7.151731491088867,8.569999694824219,8.619999885559082,8.569999694824219,8.619999885559082,22042500,2023-06-16,7.151731491088867,-0.0034884589308774583,0.009334944541596446,0.0
2023-06-19,10,-0.2638778873719275,0.594540133589405,0.3,0.7,0.0,1,2023-06-19,2023-06-19,2023-06-19,7.21849250793457,8.649999618530273,8.649999618530273,8.5600004196167,8.569999694824219,3264000,2023-06-19,7.21849250793457,0.009334944541596446,0.0,0.0104044872745086
2023-06-20,7,-0.05139904329553246,0.6824824893356143,0.42857142857142855,0.5714285714285714,0.0,1,2023-06-20,2023-06-20,2023-06-20,7.21849250793457,8.649999618530273,8.649999618530273,8.609999656677246,8.649999618530273,6681500,2023-06-20,7.21849250793457,0.0,0.0104044872745086,0.0011443023965691523
2023-06-21,7,-0.056771149592740225,0.4908447807928441,0.2857142857142857,0.5714285714285714,0.14285714285714285,1,2023-06-21,2023-06-21,2023-06-21,7.293597221374512,8.739999771118164,8.75,8.630000114440918,8.649999618530273,4738400,2023-06-21,7.293597221374512,0.0104044872745086,0.0011443023965691523,-0.0011429944652633361
2023-06-22,6,0.035193374070028455,0.50051622089628,0.3333333333333333,0.3333333333333333,0.3333333333333333,1,2023-06-22,2023-06-22,2023-06-22,7.301943302154541,8.75,8.789999961853027,8.729999542236328,8.729999542236328,8575800,2023-06-22,7.301943302154541,0.0011443023965691523,-0.0011429944652633361,-0.004576555811268701
2023-06-23,4,-0.25308857858181,0.7039188718670025,0.25,0.75,0.0,1,2023-06-23,2023-06-23,2023-06-23,7.293597221374512,8.739999771118164,8.75,8.720000267028809,8.75,5713300,2023-06-23,7.293597221374512,-0.0011429944652633361,-0.004576555811268701,0.001149497759720619
2023-06-26,11,0.17461998904631895,0.6845005941199351,0.5454545454545454,0.45454545454545453,0.0,1,2023-06-26,2023-06-26,2023-06-26,7.260217666625977,8.699999809265137,8.75,8.680000305175781,8.739999771118164,5306800,2023-06-26,7.260217666625977,-0.004576555811268701,0.001149497759720619,0.002296159055510394
2023-06-27,6,0.007336327418064077,0.6987034745409927,0.5,0.3333333333333333,0.16666666666666666,1,2023-06-27,2023-06-27,2023-06-27,7.268563270568848,8.710000038146973,8.739999771118164,8.6899995803833,8.729999542236328,5553800,2023-06-27,7.268563270568848,0.001149497759720619,0.002296159055510394,-0.011454821199476384
2023-06-28,6,0.6479801307432355,0.34760674804079533,1.0,0.0,0.0,1,2023-06-28,2023-06-28,2023-06-28,7.285253047943115,8.729999542236328,8.779999732971191,8.710000038146973,8.720000267028809,6424900,2023-06-28,7.285253047943115,0.002296159055510394,-0.011454821199476384,0.01390506547819137
2023-06-30,13,-0.16257652153189367,0.7061862147801747,0.38461538461538464,0.6153846153846154,0.0,2,2023-06-29,2023-06-30,2023-06-30,7.201801776885986,8.630000114440918,8.739999771118164,8.600000381469727,8.729999542236328,11019400,2023-06-30,7.201801776885986,-0.011454821199476384,0.01390506547819137,-0.005714319298569803
2023-07-03,8,0.4466861133114435,0.44913759235512196,0.625,0.25,0.125,1,2023-07-03,2023-07-03,2023-07-03,7.301943302154541,8.75,8.779999732971191,8.649999618530273,8.649999618530273,4420600,2023-07-03,7.301943302154541,0.01390506547819137,-0.005714319298569803,0.0
2023-07-04,10,-0.33192300898954274,0.7095673495427793,0.3,0.6,0.1,1,2023-07-04,2023-07-04,2023-07-04,7.260217666625977,8.699999809265137,8.75,8.6899995803833,8.75,4200200,2023-07-04,7.260217666625977,-0.005714319298569803,0.0,0.0034482962449213783
2023-07-05,6,0.10089845582842825,0.6397210388434555,0.5,0.5,0.0,1,2023-07-05,2023-07-05,2023-07-05,7.260217666625977,8.699999809265137,8.729999542236328,8.670000076293945,8.670000076293945,3847000,2023-07-05,7.260217666625977,0.0,0.0034482962449213783,-0.00687289271968583
2023-07-06,4,-0.5075389072299004,0.41130143033806027,0.25,0.75,0.0,1,2023-07-06,2023-07-06,2023-07-06,7.285253047943115,8.729999542236328,8.729999542236328,8.6899995803833,8.720000267028809,8449400,2023-07-06,7.285253047943115,0.0034482962449213783,-0.00687289271968583,0.0
2023-07-07,6,-0.37703791819512844,0.4666357077382047,0.3333333333333333,0.6666666666666666,0.0,1,2023-07-07,2023-07-07,2023-07-07,7.235182285308838,8.670000076293945,8.729999542236328,8.670000076293945,8.729999542236328,4282500,2023-07-07,7.235182285308838,-0.00687289271968583,0.0,0.008073733841410746
2023-07-10,10,0.32991651953198015,0.5589283227869557,0.8,0.2,0.0,1,2023-07-10,2023-07-10,2023-07-10,7.235182285308838,8.670000076293945,8.699999809265137,8.65999984741211,8.670000076293945,4183300,2023-07-10,7.235182285308838,0.0,0.008073733841410746,0.0011443023965691523
2023-07-11,4,0.7472152279224247,0.29658906622507536,1.0,0.0,0.0,1,2023-07-11,2023-07-11,2023-07-11,7.293597221374512,8.739999771118164,8.739999771118164,8.65999984741211,8.65999984741211,6327700,2023-07-11,7.293597221374512,0.008073733841410746,0.0011443023965691523,-0.0022857277194279213
2023-07-12,7,0.8031187833153776,0.12760839130826723,1.0,0.0,0.0,1,2023-07-12,2023-07-12,2023-07-12,7.301943302154541,8.75,8.760000228881836,8.710000038146973,8.739999771118164,4733200,2023-07-12,7.301943302154541,0.0011443023965691523,-0.0022857277194279213,0.008018374839633413
2023-07-13,9,0.26121324838863486,0.6767606657710581,0.6666666666666666,0.2222222222222222,0.1111111111111111,1,2023-07-13,2023-07-13,2023-07-13,7.285253047943115,8.729999542236328,8.779999732971191,8.729999542236328,8.75,5238100,2023-07-13,7.285253047943115,-0.0022857277194279213,0.008018374839633413,0.005681786453811677
2023-07-14,5,0.9007112169638276,0.06327255624997029,1.0,0.0,0.0,1,2023-07-14,2023-07-14,2023-07-14,7.3436689376831055,8.800000190734863,8.829999923706055,8.729999542236328,8.729999542236328,16087300,2023-07-14,7.3436689376831055,0.008018374839633413,0.005681786453811677,-0.003390044119771951
2023-07-17,7,0.3132041145914367,0.7912540179378622,0.7142857142857143,0.2857142857142857,0.0,2,2023-07-16,2023-07-17,2023-07-17,7.385394096374512,8.850000381469727,8.850000381469727,8.789999961853027,8.800000190734863,8706900,2023-07-17,7.385394096374512,0.005681786453811677,-0.003390044119771951,-0.002267328367039023
2023-07-18,7,-0.2862280218728951,0.8297854185108606,0.2857142857142857,0.7142857142857143,0.0,1,2023-07-18,2023-07-18,2023-07-18,7.360357284545898,8.819999694824219,8.850000381469727,8.789999961853027,8.850000381469727,6517200,2023-07-18,7.360357284545898,-0.003390044119771951,-0.002267328367039023,-0.0022728704176863124
2023-07-20,8,0.4749125314410776,0.3513683813104858,0.875,0.0,0.125,2,2023-07-19,2023-07-20,2023-07-20,7.3436689376831055,8.800000190734863,8.850000381469727,8.789999961853027,8.850000381469727,9032300,2023-07-20,7.3436689376831055,-0.002267328367039023,-0.0022728704176863124,0.015945425766049404
2023-07-21,5,0.4081733781844378,0.4102129984447227,1.0,0.0,0.0,1,2023-07-21,2023-07-21,2023-07-21,7.326977729797363,8.779999732971191,8.8100004196167,8.770000457763672,8.800000190734863,6196300,2023-07-21,7.326977729797363,-0.0022728704176863124,0.015945425766049404,0.006726368924078185
2023-07-24,12,0.10717790150859703,0.6611169273796796,0.5833333333333334,0.4166666666666667,0.0,1,2023-07-24,2023-07-24,2023-07-24,7.443809509277344,8.920000076293945,8.930000305175781,8.779999732971191,8.779999732971191,6344700,2023-07-24,7.443809509277344,0.015945425766049404,0.006726368924078185,0.002227312073884269
2023-07-25,5,0.49601683374494315,0.8160337653872358,0.8,0.2,0.0,1,2023-07-25,2023-07-25,2023-07-25,7.493879318237305,8.979999542236328,9.039999961853027,8.920000076293945,8.920000076293945,16470100,2023-07-25,7.493879318237305,0.006726368924078185,0.002227312073884269,-0.001111308067497263
2023-07-26,8,0.5014015499036759,0.3777969752030976,1.0,0.0,0.0,1,2023-07-26,2023-07-26,2023-07-26,7.510570526123047,9.0,9.020000457763672,8.960000038146973,8.979999542236328,12650500,2023-07-26,7.510570526123047,0.002227312073884269,-0.001111308067497263,0.0
2023-07-27,8,0.721910961670801,0.1384702446401578,1.0,0.0,0.0,1,2023-07-27,2023-07-27,2023-07-27,7.502223968505859,8.989999771118164,9.0600004196167,8.979999542236328,9.0,11107700,2023-07-27,7.502223968505859,-0.001111308067497263,0.0,0.0033372519847070237
2023-07-28,6,0.0376298580861961,0.9498608711591556,0.5,0.5,0.0,1,2023-07-28,2023-07-28,2023-07-28,7.502223968505859,8.989999771118164,9.0,8.960000038146973,8.989999771118164,6829000,2023-07-28,7.502223968505859,0.0,0.0033372519847070237,-0.003326151778084263
2023-07-31,5,0.6412114365026355,0.30380109161699537,1.0,0.0,0.0,1,2023-07-31,2023-07-31,2023-07-31,7.527260780334473,9.020000457763672,9.0600004196167,8.989999771118164,9.0,13720000,2023-07-31,7.527260780334473,0.0033372519847070237,-0.003326151778084263,-0.004449287956299619
2023-08-01,7,0.09241454423006089,0.6806012829606859,0.2857142857142857,0.42857142857142855,0.2857142857142857,1,2023-08-01,2023-08-01,2023-08-01,7.502223968505859,8.989999771118164,9.0600004196167,8.960000038146973,9.010000228881836,7015900,2023-08-01,7.502223968505859,-0.003326151778084263,-0.004449287956299619,-0.00558656150535819
2023-08-02,7,-0.08697956926854598,0.7413564380459976,0.5714285714285714,0.42857142857142855,0.0,1,2023-08-02,2023-08-02,2023-08-02,7.468844413757324,8.949999809265137,8.989999771118164,8.920000076293945,8.989999771118164,7720100,2023-08-02,7.468844413757324,-0.004449287956299619,-0.00558656150535819,0.0011235379400784673
2023-08-03,6,-0.08967963621641199,0.7082297366381693,0.5,0.5,0.0,1,2023-08-03,2023-08-03,2023-08-03,7.427119255065918,8.899999618530273,8.9399995803833,8.850000381469727,8.930000305175781,6079000,2023-08-03,7.427119255065918,-0.00558656150535819,0.0011235379400784673,0.001122405279498917
2023-08-04,9,0.4988344733655039,0.4457572394178355,0.6666666666666666,0.2222222222222222,0.1111111111111111,1,2023-08-04,2023-08-04,2023-08-04,7.435463905334473,8.90999984741211,9.0,8.890000343322754,8.899999618530273,9106400,2023-08-04,7.435463905334473,0.0011235379400784673,0.001122405279498917,0.005605414200425374
2023-08-07,8,-0.18404588417615741,0.39535781390875663,0.25,0.375,0.375,1,2023-08-07,2023-08-07,2023-08-07,7.443809509277344,8.920000076293945,8.970000267028809,8.899999618530273,8.90999984741211,4553900,2023-08-07,7.443809509277344,0.001122405279498917,0.005605414200425374,0.0033445012057033985
2023-08-08,5,0.1272310585714877,0.7128646257407344,0.6,0.4,0.0,1,2023-08-08,2023-08-08,2023-08-08,7.485535144805908,8.970000267028809,9.0,8.920000076293945,8.9399995803833,12847500,2023-08-08,7.485535144805908,0.005605414200425374,0.0033445012057033985,0.0
2023-08-09,8,-0.21411649230867624,0.6072040868708121,0.25,0.625,0.125,1,2023-08-09,2023-08-09,2023-08-09,7.510570526123047,9.0,9.0,8.920000076293945,8.949999809265137,13758700,2023-08-09,7.510570526123047,0.0033445012057033985,0.0,0.00222223520215592
2023-08-10,5,0.06809636168181898,0.3215823972707548,0.4,0.4,0.2,1,2023-08-10,2023-08-10,2023-08-10,7.510570526123047,9.0,9.0,8.930000305175781,8.989999771118164,13833200,2023-08-10,7.510570526123047,0.0,0.00222223520215592,-0.0022173078226584986
2023-08-11,8,0.44869312277296564,0.48283414289687693,0.625,0.375,0.0,1,2023-08-11,2023-08-11,2023-08-11,7.527260780334473,9.020000457763672,9.020000457763672,8.9399995803833,9.0,11962100,2023-08-11,7.527260780334473,0.00222223520215592,-0.0022173078226584986,0.0033332258256211222
2023-08-14,6,0.3889383644176026,0.4596260165772564,0.6666666666666666,0.3333333333333333,0.0,1,2023-08-14,2023-08-14,2023-08-14,7.510570526123047,9.0,9.020000457763672,8.970000267028809,9.020000457763672,6458500,2023-08-14,7.510570526123047,-0.0022173078226584986,0.0033332258256211222,0.0
2023-08-15,6,0.6002041970690092,0.29951115662065103,1.0,0.0,0.0,1,2023-08-15,2023-08-15,2023-08-15,7.535604953765869,9.029999732971191,9.050000190734863,9.0,9.0,6833500,2023-08-15,7.535604953765869,0.0033332258256211222,0.0,-0.006644431239052562
2023-08-16,7,0.20514657614486562,0.4919068787648011,0.5714285714285714,0.42857142857142855,0.0,1,2023-08-16,2023-08-16,2023-08-16,7.535604953765869,9.029999732971191,9.050000190734863,9.010000228881836,9.029999732971191,8915800,2023-08-16,7.535604953765869,0.0,-0.006644431239052562,0.0033445012057033985
2023-08-17,4,0.35956758540123707,0.5533576598603399,0.75,0.25,0.0,1,2023-08-17,2023-08-17,2023-08-17,7.485535144805908,8.970000267028809,9.029999732971191,8.949999809265137,9.0,9008200,2023-08-17,7.485535144805908,-0.006644431239052562,0.0033445012057033985,-0.001111308067497263
2023-08-18,5,-0.03622319493442775,0.5762579864946318,0.2,0.8,0.0,1,2023-08-18,2023-08-18,2023-08-18,7.510570526123047,9.0,9.010000228881836,8.960000038146973,8.970000267028809,14576400,2023-08-18,7.510570526123047,0.0033445012057033985,-0.001111308067497263,0.002224834656471497
2023-08-21,9,0.24440108612179762,0.5412133698010376,0.4444444444444444,0.2222222222222222,0.3333333333333333,2,2023-08-19,2023-08-21,2023-08-21,7.502223968505859,8.989999771118164,9.010000228881836,8.960000038146973,9.0,8039100,2023-08-21,7.502223968505859,-0.001111308067497263,0.002224834656471497,-0.002219895755460888
2023-08-22,6,0.4008657703331362,0.6349331114434056,0.6666666666666666,0.3333333333333333,0.0,1,2023-08-22,2023-08-22,2023-08-22,7.518915176391602,9.010000228881836,9.039999961853027,8.979999542236328,8.989999771118164,9313800,2023-08-22,7.518915176391602,0.002224834656471497,-0.002219895755460888,0.002224834656471497
2023-08-23,3,-0.6541378386318683,0.38320703556074687,0.0,1.0,0.0,1,2023-08-23,2023-08-23,2023-08-23,7.502223968505859,8.989999771118164,9.010000228881836,8.979999542236328,9.0,9939200,2023-08-23,7.502223968505859,-0.002219895755460888,0.002224834656471497,0.001109947877730555
2023-08-24,7,0.47811577954728696,0.47676540039527426,0.8571428571428571,0.14285714285714285,0.0,1,2023-08-24,2023-08-24,2023-08-24,7.518915176391602,9.010000228881836,9.020000457763672,8.970000267028809,9.0,9482300,2023-08-24,7.518915176391602,0.002224834656471497,0.001109947877730555,-0.0022173078226584986
2023-08-25,7,-0.08265164853738885,0.7207946297282867,0.42857142857142855,0.42857142857142855,0.14285714285714285,1,2023-08-25,2023-08-25,2023-08-25,7.527260780334473,9.020000457763672,9.020000457763672,8.970000267028809,9.0,6904100,2023-08-25,7.527260780334473,0.001109947877730555,-0.0022173078226584986,0.00999986794328267
2023-08-28,10,0.3166189210489393,0.5836829003247699,0.7,0.3,0.0,1,2023-08-28,2023-08-28,2023-08-28,7.510570526123047,9.0,9.020000457763672,8.989999771118164,9.0,4888100,2023-08-28,7.510570526123047,-0.0022173078226584986,0.00999986794328267,0.0022002331611006287
2023-08-29,9,0.05078128952946928,0.6569712806855367,0.4444444444444444,0.3333333333333333,0.2222222222222222,1,2023-08-29,2023-08-29,2023-08-29,7.585675239562988,9.09000015258789,9.09000015258789,9.0,9.0,9759300,2023-08-29,7.585675239562988,0.00999986794328267,0.0022002331611006287,0.004390805526278241
2023-08-30,15,0.4242721457500011,0.786202752446126,0.7333333333333333,0.26666666666666666,0.0,1,2023-08-30,2023-08-30,2023-08-30,7.602365493774414,9.109999656677246,9.149999618530273,9.09000015258789,9.09000015258789,20042600,2023-08-30,7.602365493774414,0.0022002331611006287,0.004390805526278241,0.0
2023-09-01,9,0.531301706408461,0.35105818916453324,0.7777777777777778,0.0,0.2222222222222222,2,2023-08-31,2023-09-01,2023-09-01,7.635746002197266,9.149999618530273,9.170000076293945,9.109999656677246,9.149999618530273,10690700,2023-09-01,7.635746002197266,0.004390805526278241,0.0,-0.00218574286906148
2023-09-04,7,0.5283729330570038,0.6380212063571897,0.7142857142857143,0.2857142857142857,0.0,1,2023-09-04,2023-09-04,2023-09-04,7.635746002197266,9.149999618530273,9.15999984741211,9.130000114440918,9.149999618530273,7505000,2023-09-04,7.635746002197266,0.0,-0.00218574286906148,0.005476483477392158
2023-09-05,4,-0.4723116271197796,0.3058052965456732,0.0,0.75,0.25,1,2023-09-05,2023-09-05,2023-09-05,7.619056224822998,9.130000114440918,9.15999984741211,9.100000381469727,9.15999984741211,8691000,2023-09-05,7.619056224822998,-0.00218574286906148,0.005476483477392158,-0.001089268748369232
2023-09-06,5,0.4202878877520561,0.5393295692478259,0.8,0.2,0.0,1,2023-09-06,2023-09-06,2023-09-06,7.6607818603515625,9.180000305175781,9.180000305175781,9.130000114440918,9.130000114440918,5751000,2023-09-06,7.6607818603515625,0.005476483477392158,-0.001089268748369232,-0.003271805828446661
2023-09-07,7,-0.16449566927206302,0.6232321483606165,0.2857142857142857,0.7142857142857143,0.0,1,2023-09-07,2023-09-07,2023-09-07,7.652437210083008,9.170000076293945,9.199999809265137,9.170000076293945,9.170000076293945,7713500,2023-09-07,7.652437210083008,-0.001089268748369232,-0.003271805828446661,0.0021881970767732017
2023-09-08,7,-0.2727538049221039,0.5394412259053861,0.14285714285714285,0.8571428571428571,0.0,1,2023-09-08,2023-09-08,2023-09-08,7.627399921417236,9.140000343322754,9.1899995803833,9.119999885559082,9.1899995803833,6968900,2023-09-08,7.627399921417236,-0.003271805828446661,0.0021881970767732017,-0.002183419324989
2023-09-11,5,-0.04167959205806258,0.6666770323599036,0.4,0.6,0.0,1,2023-09-11,2023-09-11,2023-09-11,7.644090175628662,9.15999984741211,9.15999984741211,9.140000343322754,9.149999618530273,8610500,2023-09-11,7.644090175628662,0.0021881970767732017,-0.002183419324989,-0.0021880095277408973
2023-09-12,7,-0.06426475469821266,0.5371543533571242,0.2857142857142857,0.7142857142857143,0.0,1,2023-09-12,2023-09-12,2023-09-12,7.627399921417236,9.140000343322754,9.15999984741211,9.130000114440918,9.15999984741211,13363800,2023-09-12,7.627399921417236,-0.002183419324989,-0.0021880095277408973,0.00113252340826131
2023-09-13,5,0.25856715785339474,0.4891912973014292,0.6,0.2,0.2,1,2023-09-13,2023-09-13,2023-09-13,7.610711097717285,9.119999885559082,9.149999618530273,9.100000381469727,9.140000343322754,8474400,2023-09-13,7.610711097717285,-0.0021880095277408973,0.00113252340826131,0.007918445419313747
2023-09-14,4,-0.045055299997329684,0.15632813792171002,0.25,0.5,0.25,1,2023-09-14,2023-09-14,2023-09-14,7.619330406188965,8.84000015258789,8.920000076293945,8.8100004196167,8.880000114440918,12036700,2023-09-14,7.619330406188965,0.00113252340826131,0.007918445419313747,0.002244585705360569
2023-09-15,2,0.27538972347974777,0.25310816774842876,1.0,0.0,0.0,1,2023-09-15,2023-09-15,2023-09-15,7.67966365814209,8.90999984741211,8.920000076293945,8.84000015258789,8.850000381469727,16968900,2023-09-15,7.67966365814209,0.007918445419313747,0.002244585705360569,-0.0022395588236386876
2023-09-18,7,-0.11969813657924534,0.7444025116913465,0.42857142857142855,0.5714285714285714,0.0,1,2023-09-18,2023-09-18,2023-09-18,7.696901321411133,8.930000305175781,8.930000305175781,8.850000381469727,8.90999984741211,3578300,2023-09-18,7.696901321411133,0.002244585705360569,-0.0022395588236386876,-0.0056115263542924065
2023-09-19,6,-0.355194063236316,0.5103430869944471,0.16666666666666666,0.8333333333333334,0.0,1,2023-09-19,2023-09-19,2023-09-19,7.67966365814209,8.90999984741211,8.930000305175781,8.880000114440918,8.930000305175781,3117600,2023-09-19,7.67966365814209,-0.0022395588236386876,-0.0056115263542924065,0.004514629555232075
2023-09-20,7,-0.44460175399269375,0.6175639863161426,0.14285714285714285,0.7142857142857143,0.14285714285714285,1,2023-09-20,2023-09-20,2023-09-20,7.636569023132324,8.859999656677246,8.90999984741211,8.859999656677246,8.899999618530273,8614700,2023-09-20,7.636569023132324,-0.0056115263542924065,0.004514629555232075,-0.0022472317997969116
2023-09-21,6,-0.10673675251503789,0.6917764952343014,0.3333333333333333,0.5,0.16666666666666666,1,2023-09-21,2023-09-21,2023-09-21,7.671045303344727,8.899999618530273,8.899999618530273,8.859999656677246,8.859999656677246,10162700,2023-09-21,7.671045303344727,0.004514629555232075,-0.0022472317997969116,-0.001126084311723563
2023-09-22,8,-0.13743477419484407,0.5806819092073839,0.375,0.625,0.0,1,2023-09-22,2023-09-22,2023-09-22,7.653806686401367,8.880000114440918,8.899999618530273,8.859999656677246,8.859999656677246,7870100,2023-09-22,7.653806686401367,-0.0022472317997969116,-0.001126084311723563,0.0
2023-09-25,8,0.17807647807057947,0.8367523269381174,0.5,0.5,0.0,1,2023-09-25,2023-09-25,2023-09-25,7.645187854766846,8.869999885559082,8.899999618530273,8.850000381469727,8.880000114440918,7752500,2023-09-25,7.645187854766846,-0.001126084311723563,0.0,0.00112735380715967
2023-09-26,10,0.25949609731324014,0.5704459601593058,0.8,0.2,0.0,1,2023-09-26,2023-09-26,2023-09-26,7.645187854766846,8.869999885559082,8.880000114440918,8.850000381469727,8.859999656677246,11442100,2023-09-26,7.645187854766846,0.0,0.00112735380715967,-0.01013519491008641
2023-09-27,7,0.06643913483380207,0.7195009110916105,0.42857142857142855,0.5714285714285714,0.0,1,2023-09-27,2023-09-27,2023-09-27,7.653806686401367,8.880000114440918,8.930000305175781,8.850000381469727,8.869999885559082,8611800,2023-09-27,7.653806686401367,0.00112735380715967,-0.01013519491008641,-0.004550519954226062
2023-09-29,5,0.09157879967242484,0.5264889096729101,0.6,0.4,0.0,1,2023-09-29,2023-09-29,2023-09-29,7.576233863830566,8.789999961853027,8.880000114440918,8.789999961853027,8.880000114440918,9701600,2023-09-29,7.576233863830566,-0.01013519491008641,-0.004550519954226062,0.002285629309620507
2023-10-02,11,-0.07951831157234583,0.6252557231749576,0.45454545454545453,0.5454545454545454,0.0,2,2023-09-30,2023-10-02,2023-10-02,7.541758060455322,8.75,8.829999923706055,8.75,8.789999961853027,8039400,2023-10-02,7.541758060455322,-0.004550519954226062,0.002285629309620507,-0.004561086571131412
2023-10-03,7,0.027296432160905403,0.628846424874628,0.42857142857142855,0.5714285714285714,0.0,1,2023-10-03,2023-10-03,2023-10-03,7.558995723724365,8.770000457763672,8.779999732971191,8.739999771118164,8.75,9769100,2023-10-03,7.558995723724365,0.002285629309620507,-0.004561086571131412,0.0034366157946557063
2023-10-04,6,-0.3681872319430113,0.633090874892435,0.3333333333333333,0.6666666666666666,0.0,1,2023-10-04,2023-10-04,2023-10-04,7.5245184898376465,8.729999542236328,8.779999732971191,8.6899995803833,8.760000228881836,19376300,2023-10-04,7.5245184898376465,-0.004561086571131412,0.0034366157946557063,0.0011414468941421951
2023-10-05,6,-0.02716829131046931,0.28813785278918647,0.3333333333333333,0.6666666666666666,0.0,1,2023-10-05,2023-10-05,2023-10-05,7.550377368927002,8.760000228881836,8.770000457763672,8.710000038146973,8.729999542236328,21738000,2023-10-05,7.550377368927002,0.0034366157946557063,0.0011414468941421951,0.0034208780104265646
2023-10-06,5,0.09911561217159034,0.3059564870732425,0.6,0.2,0.2,1,2023-10-06,2023-10-06,2023-10-06,7.558995723724365,8.770000457763672,8.789999961853027,8.729999542236328,8.760000228881836,17326600,2023-10-06,7.558995723724365,0.0011414468941421951,0.0034208780104265646,0.010227206431145053
2023-10-09,10,0.2595675223972648,0.7231078333667477,0.6,0.3,0.1,1,2023-10-09,2023-10-09,2023-10-09,7.5848541259765625,8.800000190734863,8.8100004196167,8.770000457763672,8.770000457763672,5249900,2023-10-09,7.5848541259765625,0.0034208780104265646,0.010227206431145053,0.001124879832764103
2023-10-10,7,0.4036819164508155,0.8359342202016868,0.7142857142857143,0.2857142857142857,0.0,1,2023-10-10,2023-10-10,2023-10-10,7.662425994873047,8.890000343322754,8.890000343322754,8.819999694824219,8.819999694824219,10124500,2023-10-10,7.662425994873047,0.010227206431145053,0.001124879832764103,0.010112170135189391
2023-10-11,8,0.2395967822521925,0.4583903480150509,0.75,0.125,0.125,1,2023-10-11,2023-10-11,2023-10-11,7.671045303344727,8.899999618530273,8.920000076293945,8.869999885559082,8.890000343322754,5376600,2023-10-11,7.671045303344727,0.001124879832764103,0.010112170135189391,-0.0011123674509813108
2023-10-12,11,0.592605850320648,0.3126086033210063,0.8181818181818182,0.0,0.18181818181818182,1,2023-10-12,2023-10-12,2023-10-12,7.7486162185668945,8.989999771118164,9.0,8.930000305175781,8.930000305175781,8988800,2023-10-12,7.7486162185668945,0.010112170135189391,-0.0011123674509813108,0.0
2023-10-13,8,0.06010125251486899,0.47292207851922546,0.375,0.625,0.0,1,2023-10-13,2023-10-13,2023-10-13,7.739996910095215,8.979999542236328,8.989999771118164,8.949999809265137,8.989999771118164,3997100,2023-10-13,7.739996910095215,-0.0011123674509813108,0.0,0.0022273355943063233
2023-10-16,10,0.30930890240706505,0.6004202336837531,0.6,0.4,0.0,3,2023-10-14,2023-10-16,2023-10-16,7.739996910095215,8.979999542236328,8.989999771118164,8.90999984741211,8.979999542236328,7575600,2023-10-16,7.739996910095215,0.0,0.0022273355943063233,-0.005555656639519846
2023-10-17,8,0.5860063264262863,0.4244264312745571,0.875,0.0,0.125,1,2023-10-17,2023-10-17,2023-10-17,7.757236480712891,9.0,9.029999732971191,8.949999809265137,8.949999809265137,14488500,2023-10-17,7.757236480712891,0.0022273355943063233,-0.005555656639519846,0.001117400692458359
2023-10-18,4,-0.32331351842731243,0.46760588466882574,0.25,0.75,0.0,1,2023-10-18,2023-10-18,2023-10-18,7.714139938354492,8.949999809265137,9.0,8.9399995803833,9.0,7189900,2023-10-18,7.714139938354492,-0.005555656639519846,0.001117400692458359,0.0033480900388933588
2023-10-19,9,-0.18967171349666184,0.6576883511919511,0.3333333333333333,0.5555555555555556,0.1111111111111111,1,2023-10-19,2023-10-19,2023-10-19,7.72275972366333,8.960000038146973,9.0,8.9399995803833,9.0,8419400,2023-10-19,7.72275972366333,0.001117400692458359,0.0033480900388933588,0.0
2023-10-20,8,-0.478805203223601,0.5648768786590318,0.125,0.875,0.0,1,2023-10-20,2023-10-20,2023-10-20,7.7486162185668945,8.989999771118164,9.0,8.9399995803833,8.949999809265137,5698700,2023-10-20,7.7486162185668945,0.0033480900388933588,0.0,-0.0033369177378547166
2023-10-23,9,-0.07817812346749835,0.6262354730544447,0.3333333333333333,0.6666666666666666,0.0,1,2023-10-23,2023-10-23,2023-10-23,7.7486162185668945,8.989999771118164,9.029999732971191,8.960000038146973,8.989999771118164,8603700,2023-10-23,7.7486162185668945,0.0,-0.0033369177378547166,0.004464305285055037
2023-10-24,11,-0.05920181994919072,0.6217842953913634,0.45454545454545453,0.5454545454545454,0.0,1,2023-10-24,2023-10-24,2023-10-24,7.72275972366333,8.960000038146973,8.989999771118164,8.949999809265137,8.989999771118164,6262000,2023-10-24,7.72275972366333,-0.0033369177378547166,0.004464305285055037,0.0
2023-10-25,6,0.6730835777319347,0.24362803714937684,1.0,0.0,0.0,1,2023-10-25,2023-10-25,2023-10-25,7.757236480712891,9.0,9.020000457763672,8.970000267028809,8.970000267028809,3303500,2023-10-25,7.757236480712891,0.004464305285055037,0.0,0.0
2023-10-26,10,0.33302879659458995,0.6528505917658723,0.7,0.3,0.0,1,2023-10-26,2023-10-26,2023-10-26,7.757236480712891,9.0,9.010000228881836,8.989999771118164,8.989999771118164,10190100,2023-10-26,7.757236480712891,0.0,0.0,-0.0011112542678606285
2023-10-27,8,0.5108729741768911,0.43258432950657155,0.75,0.25,0.0,1,2023-10-27,2023-10-27,2023-10-27,7.757236480712891,9.0,9.020000457763672,8.989999771118164,9.0,9618700,2023-10-27,7.757236480712891,0.0,-0.0011112542678606285,0.0033372869680332595
2023-10-30,3,-0.14789979027894637,0.8684143207241195,0.3333333333333333,0.6666666666666666,0.0,1,2023-10-30,2023-10-30,2023-10-30,7.7486162185668945,8.989999771118164,9.010000228881836,8.970000267028809,9.0,6331100,2023-10-30,7.7486162185668945,-0.0011112542678606285,0.0033372869680332595,0.0
2023-10-31,7,0.1757208726901029,0.5814805335032094,0.5714285714285714,0.2857142857142857,0.14285714285714285,1,2023-10-31,2023-10-31,2023-10-31,7.774475574493408,9.020000457763672,9.020000457763672,8.979999542236328,8.989999771118164,7999800,2023-10-31,7.774475574493408,0.0033372869680332595,0.0,0.0
2023-11-01,8,0.10002478183014317,0.7310959382138736,0.5,0.375,0.125,1,2023-11-01,2023-11-01,2023-11-01,7.774475574493408,9.020000457763672,9.020000457763672,8.989999771118164,9.0,3072400,2023-11-01,7.774475574493408,0.0,0.0,0.002217028350326
2023-11-02,4,0.3833797946572304,0.5389575720157394,0.5,0.25,0.25,1,2023-11-02,2023-11-02,2023-11-02,7.774475574493408,9.020000457763672,9.039999961853027,8.989999771118164,9.0,4638000,2023-11-02,7.774475574493408,0.0,0.002217028350326,0.00774344379735048
2023-11-03,3,0.31924215463610994,0.6144721542035702,0.6666666666666666,0.3333333333333333,0.0,1,2023-11-03,2023-11-03,2023-11-03,7.791711807250977,9.039999961853027,9.0600004196167,9.029999732971191,9.039999961853027,8990900,2023-11-03,7.791711807250977,0.002217028350326,0.00774344379735048,0.004390798894876369
2023-11-06,6,0.3753549636652073,0.6387752992258827,0.8333333333333334,0.16666666666666666,0.0,1,2023-11-06,2023-11-06,2023-11-06,7.852046489715576,9.109999656677246,9.119999885559082,9.029999732971191,9.039999961853027,9292100,2023-11-06,7.852046489715576,0.00774344379735048,0.004390798894876369,-0.003278687929879287
2023-11-07,4,-0.12536874413490295,0.6235828924722366,0.5,0.5,0.0,1,2023-11-07,2023-11-07,2023-11-07,7.886523246765137,9.149999618530273,9.170000076293945,9.109999656677246,9.119999885559082,7965100,2023-11-07,7.886523246765137,0.004390798894876369,-0.003278687929879287,0.0
2023-11-08,4,-0.17815866973251104,0.5702625328409479,0.5,0.5,0.0,1,2023-11-08,2023-11-08,2023-11-08,7.860665798187256,9.119999885559082,9.149999618530273,9.109999656677246,9.149999618530273,2564700,2023-11-08,7.860665798187256,-0.003278687929879287,0.0,-0.004386044995663085
2023-11-09,5,-0.22998159527778625,0.5302309451143309,0.4,0.6,0.0,1,2023-11-09,2023-11-09,2023-11-09,7.860665798187256,9.119999885559082,9.119999885559082,9.100000381469727,9.109999656677246,3319100,2023-11-09,7.860665798187256,0.0,-0.004386044995663085,0.0033040253506018136
2023-11-10,5,-0.041658226400613764,0.46359259049570717,0.4,0.4,0.2,1,2023-11-10,2023-11-10,2023-11-10,7.826188564300537,9.079999923706055,9.119999885559082,9.029999732971191,9.109999656677246,2550200,2023-11-10,7.826188564300537,-0.004386044995663085,0.0033040253506018136,0.0032930839892184594
2023-11-14,13,0.7082497066674898,0.4118238415301074,0.8461538461538461,0.07692307692307693,0.07692307692307693,2,2023-11-13,2023-11-14,2023-11-14,7.852046489715576,9.109999656677246,9.130000114440918,9.0600004196167,9.079999923706055,2876000,2023-11-14,7.852046489715576,0.0033040253506018136,0.0032930839892184594,0.0
2023-11-15,2,0.5012522339820862,0.03226284355263453,1.0,0.0,0.0,1,2023-11-15,2023-11-15,2023-11-15,7.877903938293457,9.140000343322754,9.15999984741211,9.109999656677246,9.130000114440918,12278700,2023-11-15,7.877903938293457,0.0032930839892184594,0.0,-0.002188163278103561
2023-11-16,5,-0.12742592580616469,0.5352369895264588,0.2,0.8,0.0,1,2023-11-16,2023-11-16,2023-11-16,7.877903938293457,9.140000343322754,9.149999618530273,9.09000015258789,9.140000343322754,9223500,2023-11-16,7.877903938293457,0.0,-0.002188163278103561,-0.0010965112489157436
2023-11-17,8,-0.26369275688193744,0.7595884081281127,0.25,0.75,0.0,1,2023-11-17,2023-11-17,2023-11-17,7.860665798187256,9.119999885559082,9.15999984741211,9.109999656677246,9.140000343322754,8253300,2023-11-17,7.860665798187256,-0.002188163278103561,-0.0010965112489157436,0.0
2023-11-20,11,0.2128338827751577,0.6377531878889999,0.45454545454545453,0.2727272727272727,0.2727272727272727,1,2023-11-20,2023-11-20,2023-11-20,7.852046489715576,9.109999656677246,9.119999885559082,9.09000015258789,9.119999885559082,3004800,2023-11-20,7.852046489715576,-0.0010965112489157436,0.0,-0.0010977149056579094
2023-11-21,10,0.37871910724788904,0.6160763702108997,0.6,0.4,0.0,1,2023-11-21,2023-11-21,2023-11-21,7.852046489715576,9.109999656677246,9.140000343322754,9.09000015258789,9.119999885559082,7807600,2023-11-21,7.852046489715576,0.0,-0.0010977149056579094,-0.001098921207847936
2023-11-22,14,-0.029854771315253208,0.8044394592928716,0.42857142857142855,0.5,0.07142857142857142,1,2023-11-22,2023-11-22,2023-11-22,7.8434271812438965,9.100000381469727,9.119999885559082,9.079999923706055,9.109999656677246,5590200,2023-11-22,7.8434271812438965,-0.0010977149056579094,-0.001098921207847936,0.0
2023-11-23,8,0.28670743911061436,0.3735947841229267,0.625,0.25,0.125,1,2023-11-23,2023-11-23,2023-11-23,7.834807872772217,9.09000015258789,9.130000114440918,9.079999923706055,9.100000381469727,10776700,2023-11-23,7.834807872772217,-0.001098921207847936,0.0,-0.003300207908533581
2023-11-24,6,0.19623844977468255,0.5421498368543755,0.8333333333333334,0.16666666666666666,0.0,1,2023-11-24,2023-11-24,2023-11-24,7.834807872772217,9.09000015258789,9.119999885559082,9.079999923706055,9.09000015258789,6451100,2023-11-24,7.834807872772217,0.0,-0.003300207908533581,-0.0011037728440860262
2023-11-27,14,-0.29500882365807357,0.6607384083779805,0.35714285714285715,0.6428571428571429,0.0,1,2023-11-27,2023-11-27,2023-11-27,7.808951377868652,9.0600004196167,9.100000381469727,9.0600004196167,9.09000015258789,2295500,2023-11-27,7.808951377868652,-0.003300207908533581,-0.0011037728440860262,-0.0011051147655387616
2023-11-28,3,0.35693429425979656,0.8348798705477408,0.6666666666666666,0.3333333333333333,0.0,1,2023-11-28,2023-11-28,2023-11-28,7.800332069396973,9.050000190734863,9.130000114440918,9.039999961853027,9.0600004196167,7021100,2023-11-28,7.800332069396973,-0.0011037728440860262,-0.0011051147655387616,-0.006637167600017757
2023-11-29,9,-0.03266491694375874,0.8194365888635763,0.5555555555555556,0.4444444444444444,0.0,1,2023-11-29,2023-11-29,2023-11-29,7.791711807250977,9.039999961853027,9.09000015258789,9.020000457763672,9.050000190734863,5286400,2023-11-29,7.791711807250977,-0.0011051147655387616,-0.006637167600017757,0.0022273355943063233
2023-11-30,7,-0.10574465524405241,0.8223501569749182,0.2857142857142857,0.5714285714285714,0.14285714285714285,1,2023-11-30,2023-11-30,2023-11-30,7.739996910095215,8.979999542236328,9.039999961853027,8.960000038146973,9.029999732971191,17499800,2023-11-30,7.739996910095215,-0.006637167600017757,0.0022273355943063233,0.0
2023-12-01,7,0.30252041913835065,0.6936996384990491,0.5714285714285714,0.42857142857142855,0.0,1,2023-12-01,2023-12-01,2023-12-01,7.757236480712891,9.0,9.050000190734863,8.979999542236328,8.979999542236328,5534500,2023-12-01,7.757236480712891,0.0022273355943063233,0.0,0.0011110698579257505
2023-12-04,10,0.027690778486430638,0.6170207144765544,0.4,0.4,0.2,2,2023-12-03,2023-12-04,2023-12-04,7.757236480712891,9.0,9.039999961853027,9.0,9.0,3433400,2023-12-04,7.757236480712891,0.0,0.0011110698579257505,-0.001109836751763571
2023-12-05,6,0.18386708688922235,0.8649647254300808,0.5,0.3333333333333333,0.16666666666666666,1,2023-12-05,2023-12-05,2023-12-05,7.765855312347412,9.010000228881836,9.029999732971191,8.979999542236328,9.020000457763672,6046500,2023-12-05,7.765855312347412,0.0011110698579257505,-0.001109836751763571,0.0011110698579257505
2023-12-06,5,-0.16630855798721314,0.6630269716901314,0.4,0.6,0.0,1,2023-12-06,2023-12-06,2023-12-06,7.757236480712891,9.0,9.039999961853027,8.989999771118164,9.010000228881836,9132000,2023-12-06,7.757236480712891,-0.001109836751763571,0.0011110698579257505,0.003329510255290602
2023-12-07,3,0.09353924791018169,0.8100273591121864,0.3333333333333333,0.3333333333333333,0.3333333333333333,1,2023-12-07,2023-12-07,2023-12-07,7.765855312347412,9.010000228881836,9.029999732971191,8.979999542236328,9.0,5578600,2023-12-07,7.765855312347412,0.0011110698579257505,0.003329510255290602,0.0011063373953299482
2023-12-08,6,0.4756861245259643,0.4715189671348079,0.8333333333333334,0.16666666666666666,0.0,1,2023-12-08,2023-12-08,2023-12-08,7.791711807250977,9.039999961853027,9.069999694824219,8.989999771118164,9.010000228881836,3680200,2023-12-08,7.791711807250977,0.003329510255290602,0.0011063373953299482,0.002209985009611559
2023-12-11,5,0.397736194357276,0.3445670339162866,1.0,0.0,0.0,1,2023-12-11,2023-12-11,2023-12-11,7.800332069396973,9.050000190734863,9.0600004196167,9.029999732971191,9.039999961853027,3501100,2023-12-11,7.800332069396973,0.0011063373953299482,0.002209985009611559,0.0
2023-12-12,5,0.22040624618530275,0.6818054636872697,0.6,0.4,0.0,1,2023-12-12,2023-12-12,2023-12-12,7.817570686340332,9.069999694824219,9.079999923706055,9.050000190734863,9.0600004196167,10430500,2023-12-12,7.817570686340332,0.002209985009611559,0.0,-0.002205111745709032
2023-12-13,10,0.16719606835395098,0.6129155014084666,0.6,0.4,0.0,1,2023-12-13,2023-12-13,2023-12-13,7.817570686340332,9.069999694824219,9.079999923706055,9.0600004196167,9.079999923706055,17272900,2023-12-13,7.817570686340332,0.0,-0.002205111745709032,-0.005524840263295805
2023-12-14,6,0.5903611189375321,0.4708692502357195,0.8333333333333334,0.16666666666666666,0.0,1,2023-12-14,2023-12-14,2023-12-14,7.800332069396973,9.050000190734863,9.079999923706055,9.039999961853027,9.0600004196167,12189400,2023-12-14,7.800332069396973,-0.002205111745709032,-0.005524840263295805,0.0
2023-12-15,7,0.2601447666862182,0.6143244906310615,0.5714285714285714,0.42857142857142855,0.0,1,2023-12-15,2023-12-15,2023-12-15,7.757236480712891,9.0,9.069999694824219,9.0,9.050000190734863,12959300,2023-12-15,7.757236480712891,-0.005524840263295805,0.0,-0.0022223855957645977
2023-12-18,3,0.2443332523107529,0.1810419780201939,1.0,0.0,0.0,1,2023-12-18,2023-12-18,2023-12-18,7.757236480712891,9.0,9.039999961853027,8.989999771118164,9.0,14454300,2023-12-18,7.757236480712891,0.0,-0.0022223855957645977,-0.0011134213695828121
2023-12-19,3,0.005188544591267885,0.24284091963819657,0.6666666666666666,0.3333333333333333,0.0,1,2023-12-19,2023-12-19,2023-12-19,7.739996910095215,8.979999542236328,9.029999732971191,8.970000267028809,9.020000457763672,8844000,2023-12-19,7.739996910095215,-0.0022223855957645977,-0.0011134213695828121,-0.008918594855505613
2023-12-20,4,0.09919363749213517,0.4688430987992026,0.25,0.5,0.25,1,2023-12-20,2023-12-20,2023-12-20,7.73137903213501,8.970000267028809,9.010000228881836,8.949999809265137,9.0,10544500,2023-12-20,7.73137903213501,-0.0011134213695828121,-0.008918594855505613,0.0
2023-12-21,4,-0.5206358060240746,0.45534329423483805,0.25,0.75,0.0,1,2023-12-21,2023-12-21,2023-12-21,7.662425994873047,8.890000343322754,8.979999542236328,8.880000114440918,8.970000267028809,14900400,2023-12-21,7.662425994873047,-0.008918594855505613,0.0,0.0
2023-12-22,7,-0.0014313443430832454,0.6077934056114292,0.42857142857142855,0.42857142857142855,0.14285714285714285,1,2023-12-22,2023-12-22,2023-12-22,7.662425994873047,8.890000343322754,8.90999984741211,8.880000114440918,8.899999618530273,9499000,2023-12-22,7.662425994873047,0.0,0.0,0.001124879832764103
2023-12-26,4,-0.19256801158189774,0.652143615509469,0.5,0.5,0.0,1,2023-12-26,2023-12-26,2023-12-26,7.662425994873047,8.890000343322754,8.930000305175781,8.890000343322754,8.890000343322754,4446800,2023-12-26,7.662425994873047,0.0,0.001124879832764103,0.0011234915785995891
2023-12-27,3,0.2872496098279953,0.5634654411949254,0.6666666666666666,0.3333333333333333,0.0,1,2023-12-27,2023-12-27,2023-12-27,7.671045303344727,8.899999618530273,8.920000076293945,8.890000343322754,8.899999618530273,9111900,2023-12-27,7.671045303344727,0.001124879832764103,0.0011234915785995891,-0.002244585705360569
2023-12-28,4,0.21518584294244647,0.6621215355302144,0.75,0.25,0.0,1,2023-12-28,2023-12-28,2023-12-28,7.67966365814209,8.90999984741211,8.930000305175781,8.890000343322754,8.920000076293945,10363900,2023-12-28,7.67966365814209,0.0011234915785995891,-0.002244585705360569,0.003374577267719392
2023-12-29,6,-0.16632797506948313,0.7667100379656103,0.5,0.5,0.0,1,2023-12-29,2023-12-29,2023-12-29,7.662425994873047,8.890000343322754,8.979999542236328,8.890000343322754,8.90999984741211,18460900,2023-12-29,7.662425994873047,-0.002244585705360569,0.003374577267719392,-0.0033632277956540113
2024-01-02,4,0.06988575216382743,0.5603423043469025,0.75,0.25,0.0,1,2024-01-02,2024-01-02,2024-01-02,7.688283443450928,8.920000076293945,8.920000076293945,8.829999923706055,8.890000343322754,6414300,2024-01-02,7.688283443450928,0.003374577267719392,-0.0033632277956540113,0.01574794427526016
2024-01-03,5,0.05429177638143303,0.765326868874268,0.6,0.4,0.0,1,2024-01-03,2024-01-03,2024-01-03,7.662425994873047,8.890000343322754,8.930000305175781,8.880000114440918,8.920000076293945,8678500,2024-01-03,7.662425994873047,-0.0033632277956540113,0.01574794427526016,0.003322319791353223
2024-01-04,9,0.38440776155847645,0.6151528021444871,0.5555555555555556,0.3333333333333333,0.1111111111111111,1,2024-01-04,2024-01-04,2024-01-04,7.783093452453613,9.029999732971191,9.050000190734863,8.899999618530273,8.899999618530273,5560000,2024-01-04,7.783093452453613,0.01574794427526016,0.003322319791353223,0.0
2024-01-05,3,0.21266136116658652,0.5282180067463853,0.3333333333333333,0.3333333333333333,0.3333333333333333,1,2024-01-05,2024-01-05,2024-01-05,7.808951377868652,9.0600004196167,9.069999694824219,9.0,9.029999732971191,4495500,2024-01-05,7.808951377868652,0.003322319791353223,0.0,0.004414908187666766
2024-01-08,13,0.3615668139850291,0.6070398671614344,0.6153846153846154,0.3076923076923077,0.07692307692307693,2,2024-01-07,2024-01-08,2024-01-08,7.808951377868652,9.0600004196167,9.09000015258789,9.0600004196167,9.0600004196167,5330400,2024-01-08,7.808951377868652,0.0,0.004414908187666766,-0.010988908106027262
2024-01-09,12,0.6173075070449462,0.33473327617035575,0.9166666666666666,0.08333333333333333,0.0,1,2024-01-09,2024-01-09,2024-01-09,7.8434271812438965,9.100000381469727,9.119999885559082,9.0600004196167,9.079999923706055,6138900,2024-01-09,7.8434271812438965,0.004414908187666766,-0.010988908106027262,0.0
2024-01-10,7,-0.5070493718875306,0.6219803355811625,0.14285714285714285,0.8571428571428571,0.0,1,2024-01-10,2024-01-10,2024-01-10,7.757236480712891,9.0,9.09000015258789,9.0,9.09000015258789,6162000,2024-01-10,7.757236480712891,-0.010988908106027262,0.0,0.006666665027467156
2024-01-11,10,-0.6222131549380719,0.4935088703914579,0.1,0.9,0.0,1,2024-01-11,2024-01-11,2024-01-11,7.757236480712891,9.0,9.050000190734863,8.989999771118164,9.010000228881836,7170600,2024-01-11,7.757236480712891,0.0,0.006666665027467156,0.002207362499494714
2024-01-12,9,0.49018828726063174,0.45350672417955684,0.7777777777777778,0.1111111111111111,0.1111111111111111,1,2024-01-12,2024-01-12,2024-01-12,7.808951377868652,9.0600004196167,9.0600004196167,8.970000267028809,9.0,4583000,2024-01-12,7.808951377868652,0.006666665027467156,0.002207362499494714,-0.002202500781863681
2024-01-15,7,0.385874369846923,0.46441438710560035,0.8571428571428571,0.14285714285714285,0.0,1,2024-01-15,2024-01-15,2024-01-15,7.826188564300537,9.079999923706055,9.09000015258789,9.029999732971191,9.0600004196167,2119300,2024-01-15,7.826188564300537,0.002207362499494714,-0.002202500781863681,-0.0011037728440860262
2024-01-16,5,0.04644813491031528,0.7110704948824055,0.4,0.6,0.0,1,2024-01-16,2024-01-16,2024-01-16,7.808951377868652,9.0600004196167,9.109999656677246,9.0600004196167,9.09000015258789,4671600,2024-01-16,7.808951377868652,-0.002202500781863681,-0.0011037728440860262,-0.00331479412331781
2024-01-17,4,-0.22200490348041058,0.4974656306848086,0.5,0.5,0.0,1,2024-01-17,2024-01-17,2024-01-17,7.800332069396973,9.050000190734863,9.079999923706055,9.020000457763672,9.0600004196167,6297800,2024-01-17,7.800332069396973,-0.0011037728440860262,-0.00331479412331781,0.0011084835083254863
2024-01-18,9,-0.5314619228657749,0.5778135213578683,0.2222222222222222,0.7777777777777778,0.0,1,2024-01-18,2024-01-18,2024-01-18,7.774475574493408,9.020000457763672,9.069999694824219,8.979999542236328,9.050000190734863,21155600,2024-01-18,7.774475574493408,-0.00331479412331781,0.0011084835083254863,-0.0022148185951392785
2024-01-19,6,0.3125218174730738,0.688689623873201,0.6666666666666666,0.3333333333333333,0.0,1,2024-01-19,2024-01-19,2024-01-19,7.783093452453613,9.029999732971191,9.039999961853027,9.0,9.020000457763672,3936200,2024-01-19,7.783093452453613,0.0011084835083254863,-0.0022148185951392785,0.008878939621135284
2024-01-22,6,0.2031855772559842,0.626084235346199,0.5,0.3333333333333333,0.16666666666666666,1,2024-01-22,2024-01-22,2024-01-22,7.765855312347412,9.010000228881836,9.039999961853027,8.979999542236328,9.029999732971191,7647700,2024-01-22,7.765855312347412,-0.0022148185951392785,0.008878939621135284,0.0011001301642168393
2024-01-23,7,0.6522046544456056,0.3426258465384675,0.8571428571428571,0.14285714285714285,0.0,1,2024-01-23,2024-01-23,2024-01-23,7.834807872772217,9.09000015258789,9.100000381469727,9.020000457763672,9.020000457763672,8965400,2024-01-23,7.834807872772217,0.008878939621135284,0.0011001301642168393,0.004395624036901191
2024-01-24,8,0.5591931789531372,0.39097488260854013,0.875,0.125,0.0,1,2024-01-24,2024-01-24,2024-01-24,7.8434271812438965,9.100000381469727,9.100000381469727,9.069999694824219,9.09000015258789,2691000,2024-01-24,7.8434271812438965,0.0011001301642168393,0.004395624036901191,0.009846886072541361
2024-01-26,7,0.2115146660112909,0.6124379534222264,0.5714285714285714,0.2857142857142857,0.14285714285714285,1,2024-01-26,2024-01-26,2024-01-26,7.877903938293457,9.140000343322754,9.140000343322754,9.09000015258789,9.100000381469727,11712600,2024-01-26,7.877903938293457,0.004395624036901191,0.009846886072541361,0.0010834433599355986
2024-01-29,8,0.4334616975393146,0.5571937288739738,0.75,0.125,0.125,1,2024-01-29,2024-01-29,2024-01-29,7.955476760864258,9.229999542236328,9.239999771118164,9.140000343322754,9.140000343322754,9102600,2024-01-29,7.955476760864258,0.009846886072541361,0.0010834433599355986,0.00216454156168866
2024-01-30,5,0.033520849794149356,0.7215050440326433,0.4,0.6,0.0,1,2024-01-30,2024-01-30,2024-01-30,7.9640960693359375,9.239999771118164,9.25,9.220000267028809,9.229999542236328,10320800,2024-01-30,7.9640960693359375,0.0010834433599355986,0.00216454156168866,0.008639346275962856
2024-01-31,7,0.21235811371090157,0.48540574683897547,0.5714285714285714,0.42857142857142855,0.0,1,2024-01-31,2024-01-31,2024-01-31,7.981334686279297,9.260000228881836,9.260000228881836,9.199999809265137,9.239999771118164,25319200,2024-01-31,7.981334686279297,0.00216454156168866,0.008639346275962856,-0.0021414848994928404
2024-02-02,7,0.30734919543777195,0.4689632207796714,0.5714285714285714,0.42857142857142855,0.0,1,2024-02-02,2024-02-02,2024-02-02,8.050288200378418,9.34000015258789,9.350000381469727,9.25,9.260000228881836,7897900,2024-02-02,8.050288200378418,0.008639346275962856,-0.0021414848994928404,-0.001072980990024952
2024-02-05,5,0.032697704061865805,0.7093686972836434,0.6,0.4,0.0,2,2024-02-03,2024-02-05,2024-02-05,8.033048629760742,9.319999694824219,9.369999885559082,9.300000190734863,9.3100004196167,6688200,2024-02-05,8.033048629760742,-0.0021414848994928404,-0.001072980990024952,-0.002148029336989321
2024-02-06,8,0.31110101053491235,0.3596798147037348,0.75,0.25,0.0,1,2024-02-06,2024-02-06,2024-02-06,8.024429321289062,9.3100004196167,9.319999694824219,9.270000457763672,9.319999694824219,12713500,2024-02-06,8.024429321289062,-0.001072980990024952,-0.002148029336989321,-0.0032293372557660183
2024-02-07,6,0.09662449491831165,0.9242661312657157,0.5,0.5,0.0,1,2024-02-07,2024-02-07,2024-02-07,8.007192611694336,9.289999961853027,9.329999923706055,9.260000228881836,9.3100004196167,11263600,2024-02-07,8.007192611694336,-0.002148029336989321,-0.0032293372557660183,0.0
2024-02-08,6,0.4240752061208089,0.4382646233639825,0.8333333333333334,0.16666666666666666,0.0,1,2024-02-08,2024-02-08,2024-02-08,7.981334686279297,9.260000228881836,9.319999694824219,9.260000228881836,9.279999732971191,6242500,2024-02-08,7.981334686279297,-0.0032293372557660183,0.0,0.019438439504860572
2024-02-09,3,-0.30067275464534765,0.1302879998729036,0.0,0.6666666666666666,0.3333333333333333,1,2024-02-09,2024-02-09,2024-02-09,7.981334686279297,9.260000228881836,9.279999732971191,9.239999771118164,9.279999732971191,1872900,2024-02-09,7.981334686279297,0.0,0.019438439504860572,-0.0042373651165410475
2024-02-13,17,0.5884519789696616,0.37224915490916416,0.8235294117647058,0.058823529411764705,0.11764705882352941,2,2024-02-12,2024-02-13,2024-02-13,8.136479377746582,9.4399995803833,9.449999809265137,9.260000228881836,9.300000190734863,8227000,2024-02-13,8.136479377746582,0.019438439504860572,-0.0042373651165410475,0.0
2024-02-14,16,-0.06555810465943068,0.5441053773046053,0.375,0.5,0.125,1,2024-02-14,2024-02-14,2024-02-14,8.102002143859863,9.399999618530273,9.4399995803833,9.380000114440918,9.40999984741211,9920200,2024-02-14,8.102002143859863,-0.0042373651165410475,0.0,0.0031915475898307566
2024-02-15,10,0.35104347015731036,0.4217057522407191,0.7,0.3,0.0,1,2024-02-15,2024-02-15,2024-02-15,8.102002143859863,9.399999618530273,9.449999809265137,9.359999656677246,9.399999618530273,14681500,2024-02-15,8.102002143859863,0.0,0.0031915475898307566,0.0031812766854177887
2024-02-16,13,0.584985421003344,0.3562487165557154,0.9230769230769231,0.07692307692307693,0.0,1,2024-02-16,2024-02-16,2024-02-16,8.127860069274902,9.430000305175781,9.4399995803833,9.399999618530273,9.420000076293945,9230300,2024-02-16,8.127860069274902,0.0031915475898307566,0.0031812766854177887,0.005285391738184986
2024-02-19,12,0.1226558923178042,0.5658452895110593,0.4166666666666667,0.4166666666666667,0.16666666666666666,1,2024-02-19,2024-02-19,2024-02-19,8.153717041015625,9.460000038146973,9.460000038146973,9.40999984741211,9.430000305175781,5441400,2024-02-19,8.153717041015625,0.0031812766854177887,0.005285391738184986,0.0021030878369596717
2024-02-20,6,0.3823069397670527,0.4793725222944116,0.6666666666666666,0.3333333333333333,0.0,1,2024-02-20,2024-02-20,2024-02-20,8.196812629699707,9.510000228881836,9.539999961853027,9.449999809265137,9.460000038146973,11376500,2024-02-20,8.196812629699707,0.005285391738184986,0.0021030878369596717,-0.0010492209676541409
2024-02-21,8,-0.16782906069420284,0.7310449465743781,0.375,0.625,0.0,1,2024-02-21,2024-02-21,2024-02-21,8.214051246643066,9.529999732971191,9.529999732971191,9.479999542236328,9.5,10354100,2024-02-21,8.214051246643066,0.0021030878369596717,-0.0010492209676541409,0.0010503229885565624
2024-02-22,3,-0.19611419209589562,0.8727420492386612,0.3333333333333333,0.6666666666666666,0.0,1,2024-02-22,2024-02-22,2024-02-22,8.205432891845703,9.520000457763672,9.539999961853027,9.5,9.529999732971191,9020000,2024-02-22,8.205432891845703,-0.0010492209676541409,0.0010503229885565624,-0.0020986741409002585
2024-02-23,1,0.9270092863589524,0.0,1.0,0.0,0.0,1,2024-02-23,2024-02-23,2024-02-23,8.214051246643066,9.529999732971191,9.539999961853027,9.5,9.520000457763672,11030500,2024-02-23,8.214051246643066,0.0010503229885565624,-0.0020986741409002585,0.0
2024-02-26,6,0.08828788514559467,0.4765432550929574,0.6666666666666666,0.16666666666666666,0.16666666666666666,2,2024-02-24,2024-02-26,2024-02-26,8.196812629699707,9.510000228881836,9.520000457763672,9.479999542236328,9.520000457763672,10318700,2024-02-26,8.196812629699707,-0.0020986741409002585,0.0,0.0
2024-02-27,7,-0.011499605341149228,0.6349535686780509,0.42857142857142855,0.42857142857142855,0.14285714285714285,1,2024-02-27,2024-02-27,2024-02-27,8.196812629699707,9.510000228881836,9.529999732971191,9.489999771118164,9.510000228881836,12318900,2024-02-27,8.196812629699707,0.0,0.0,0.0021030878369596717
2024-02-28,8,0.24262806819751861,0.7350192712569369,0.75,0.25,0.0,1,2024-02-28,2024-02-28,2024-02-28,8.196812629699707,9.510000228881836,9.550000190734863,9.489999771118164,9.5,15098000,2024-02-28,8.196812629699707,0.0,0.0021030878369596717,-0.008394464358009057
2024-02-29,11,0.405971425246786,0.6363672444807176,0.7272727272727273,0.2727272727272727,0.0,1,2024-02-29,2024-02-29,2024-02-29,8.214051246643066,9.529999732971191,9.550000190734863,9.5,9.529999732971191,25877300,2024-02-29,8.214051246643066,0.0021030878369596717,-0.008394464358009057,0.015872952683925412
2024-03-01,5,-0.07567326277494428,0.7837291891281485,0.4,0.6,0.0,1,2024-03-01,2024-03-01,2024-03-01,8.145098686218262,9.449999809265137,9.600000381469727,9.430000305175781,9.529999732971191,13831100,2024-03-01,8.145098686218262,-0.008394464358009057,0.015872952683925412,0.003125056907754331
2024-03-04,7,0.4315282524164234,0.41364130757903006,0.7142857142857143,0.14285714285714285,0.14285714285714285,1,2024-03-04,2024-03-04,2024-03-04,8.274385452270508,9.600000381469727,9.600000381469727,9.420000076293945,9.449999809265137,22934200,2024-03-04,8.274385452270508,0.015872952683925412,0.003125056907754331,0.0010384404504151235
2024-03-05,6,-0.303180665243417,0.45437007631658477,0.16666666666666666,0.6666666666666666,0.16666666666666666,1,2024-03-05,2024-03-05,2024-03-05,8.300243377685547,9.630000114440918,9.630000114440918,9.479999542236328,9.600000381469727,16190000,2024-03-05,8.300243377685547,0.003125056907754331,0.0010384404504151235,0.006223949707052201
2024-03-06,11,-0.03379051366143604,0.7501378973706787,0.45454545454545453,0.5454545454545454,0.0,1,2024-03-06,2024-03-06,2024-03-06,8.308862686157227,9.640000343322754,9.649999618530273,9.569999694824219,9.619999885559082,12203500,2024-03-06,8.308862686157227,0.0010384404504151235,0.006223949707052201,0.005154733251964805
2024-03-07,7,0.6176421699513283,0.4324893544975543,0.8571428571428571,0.0,0.14285714285714285,1,2024-03-07,2024-03-07,2024-03-07,8.360576629638672,9.699999809265137,9.729999542236328,9.630000114440918,9.649999618530273,12851700,2024-03-07,8.360576629638672,0.006223949707052201,0.005154733251964805,0.007179504056451069
2024-03-08,8,0.6813424054998904,0.3842543642566616,0.875,0.125,0.0,1,2024-03-08,2024-03-08,2024-03-08,8.40367317199707,9.75,9.770000457763672,9.670000076293945,9.699999809265137,13304100,2024-03-08,8.40367317199707,0.005154733251964805,0.007179504056451069,0.0010182357378547557
2024-03-11,9,0.5029388607169191,0.5513995491183229,0.8888888888888888,0.1111111111111111,0.0,1,2024-03-11,2024-03-11,2024-03-11,8.464007377624512,9.819999694824219,9.819999694824219,9.75,9.75,14310100,2024-03-11,8.464007377624512,0.007179504056451069,0.0010182357378547557,0.010504162899676261
2024-03-12,7,0.12181330438969391,0.563070980651676,0.5714285714285714,0.42857142857142855,0.0,1,2024-03-12,2024-03-12,2024-03-12,8.472625732421875,9.829999923706055,9.850000381469727,9.779999732971191,9.819999694824219,13954200,2024-03-12,8.472625732421875,0.0010182357378547557,0.010504162899676261,0.0031185696974207477
2024-03-13,15,-0.08341410700231791,0.7038644907321328,0.4,0.5333333333333333,0.06666666666666667,1,2024-03-13,2024-03-13,2024-03-13,8.561623573303223,9.619999885559082,9.619999885559082,9.479999542236328,9.520000457763672,14597000,2024-03-13,8.561623573303223,0.010504162899676261,0.0031185696974207477,0.006217637868371595
2024-03-14,11,0.40948346379975026,0.4684767336625019,0.8181818181818182,0.18181818181818182,0.0,1,2024-03-14,2024-03-14,2024-03-14,8.588323593139648,9.649999618530273,9.649999618530273,9.520000457763672,9.609999656677246,16668600,2024-03-14,8.588323593139648,0.0031185696974207477,0.006217637868371595,0.004119515272466456
2024-03-15,4,-0.11389652639627455,0.32651406677243483,0.25,0.75,0.0,1,2024-03-15,2024-03-15,2024-03-15,8.641722679138184,9.710000038146973,9.739999771118164,9.600000381469727,9.640000343322754,28950100,2024-03-15,8.641722679138184,0.006217637868371595,0.004119515272466456,-0.010256481271442297
2024-03-18,7,0.30043346082259503,0.7018933925102501,0.7142857142857143,0.2857142857142857,0.0,1,2024-03-18,2024-03-18,2024-03-18,8.677322387695312,9.75,9.800000190734863,9.65999984741211,9.710000038146973,9478200,2024-03-18,8.677322387695312,0.004119515272466456,-0.010256481271442297,-0.008290146810119636
2024-03-19,6,-0.400783840722094,0.6838729454131085,0.16666666666666666,0.8333333333333334,0.0,1,2024-03-19,2024-03-19,2024-03-19,8.588323593139648,9.649999618530273,9.770000457763672,9.609999656677246,9.75,15660900,2024-03-19,8.588323593139648,-0.010256481271442297,-0.008290146810119636,-0.002089833972186095
2024-03-20,13,-0.29073647123116714,0.6376703572237178,0.23076923076923078,0.7692307692307693,0.0,1,2024-03-20,2024-03-20,2024-03-20,8.517125129699707,9.569999694824219,9.65999984741211,9.550000190734863,9.649999618530273,8926900,2024-03-20,8.517125129699707,-0.008290146810119636,-0.002089833972186095,0.0041884210489702145
2024-03-21,10,0.4405798988416791,0.46128495755334836,0.9,0.1,0.0,1,2024-03-21,2024-03-21,2024-03-21,8.4993257522583,9.550000190734863,9.579999923706055,9.520000457763672,9.569999694824219,13260300,2024-03-21,8.4993257522583,-0.002089833972186095,0.0041884210489702145,0.0031282135114107934
2024-03-22,4,0.24766780622303486,0.4116662138080316,0.75,0.25,0.0,1,2024-03-22,2024-03-22,2024-03-22,8.534924507141113,9.59000015258789,9.59000015258789,9.529999732971191,9.550000190734863,11088500,2024-03-22,8.534924507141113,0.0041884210489702145,0.0031282135114107934,0.007276514108083054
2024-03-25,10,0.15284468056634068,0.8431028283762931,0.5,0.4,0.1,1,2024-03-25,2024-03-25,2024-03-25,8.561623573303223,9.619999885559082,9.619999885559082,9.539999961853027,9.59000015258789,8437900,2024-03-25,8.561623573303223,0.0031282135114107934,0.007276514108083054,-0.004127907632537453
2024-03-26,11,0.006795202635905939,0.6421714995732838,0.45454545454545453,0.5454545454545454,0.0,1,2024-03-26,2024-03-26,2024-03-26,8.623922348022461,9.6899995803833,9.699999809265137,9.59000015258789,9.619999885559082,12421500,2024-03-26,8.623922348022461,0.007276514108083054,-0.004127907632537453,0.004145017883495861
2024-03-27,8,-0.22023738326970488,0.5540872439367929,0.25,0.625,0.125,1,2024-03-27,2024-03-27,2024-03-27,8.588323593139648,9.649999618530273,9.699999809265137,9.649999618530273,9.6899995803833,12331400,2024-03-27,8.588323593139648,-0.004127907632537453,0.004145017883495861,0.0020640644010210263
2024-03-29,12,0.38054535204234224,0.5857543336242842,0.75,0.16666666666666666,0.08333333333333333,2,2024-03-28,2024-03-29,2024-03-29,8.623922348022461,9.6899995803833,9.699999809265137,9.630000114440918,9.649999618530273,11394900,2024-03-29,8.623922348022461,0.004145017883495861,0.0020640644010210263,0.002059702457749113
2024-04-01,3,0.37266690672064823,0.7555662478707406,0.6666666666666666,0.3333333333333333,0.0,1,2024-04-01,2024-04-01,2024-04-01,8.641722679138184,9.710000038146973,9.720000267028809,9.680000305175781,9.6899995803833,5896100,2024-04-01,8.641722679138184,0.0020640644010210263,0.002059702457749113,-0.011305298680079345
2024-04-02,4,0.25203534244792536,0.6533841793129721,0.5,0.25,0.25,1,2024-04-02,2024-04-02,2024-04-02,8.65952205657959,9.729999542236328,9.729999542236328,9.6899995803833,9.720000267028809,9104200,2024-04-02,8.65952205657959,0.002059702457749113,-0.011305298680079345,0.007276514108083054
2024-04-03,8,0.342439497995656,0.7126746917965484,0.625,0.25,0.125,1,2024-04-03,2024-04-03,2024-04-03,8.561623573303223,9.619999885559082,9.739999771118164,9.579999923706055,9.739999771118164,17711600,2024-04-03,8.561623573303223,-0.011305298680079345,0.007276514108083054,-0.005159884540671844
2024-04-04,3,0.7693847759316365,0.08906862782415925,1.0,0.0,0.0,1,2024-04-04,2024-04-04,2024-04-04,8.623922348022461,9.6899995803833,9.710000038146973,9.619999885559082,9.630000114440918,8919600,2024-04-04,8.623922348022461,0.007276514108083054,-0.005159884540671844,0.005186647040554382
2024-04-05,5,0.45425095316022646,0.5831760843420397,0.6,0.4,0.0,1,2024-04-05,2024-04-05,2024-04-05,8.579423904418945,9.640000343322754,9.699999809265137,9.630000114440918,9.680000305175781,8829400,2024-04-05,8.579423904418945,-0.005159884540671844,0.005186647040554382,-0.006191861448806235
2024-04-08,6,0.4877333827316761,0.2769336235366265,0.8333333333333334,0.0,0.16666666666666666,1,2024-04-08,2024-04-08,2024-04-08,8.623922348022461,9.6899995803833,9.699999809265137,9.619999885559082,9.649999618530273,5322100,2024-04-08,8.623922348022461,0.005186647040554382,-0.006191861448806235,0.002076813155583279
2024-04-09,13,-0.16066817763762975,0.6741087087397518,0.38461538461538464,0.5384615384615384,0.07692307692307693,1,2024-04-09,2024-04-09,2024-04-09,8.570524215698242,9.630000114440918,9.699999809265137,9.619999885559082,9.6899995803833,5053800,2024-04-09,8.570524215698242,-0.006191861448806235,0.002076813155583279,0.0
2024-04-12,8,-0.21895370859419927,0.6970088350340109,0.25,0.75,0.0,2,2024-04-10,2024-04-12,2024-04-12,8.588323593139648,9.649999618530273,9.670000076293945,9.609999656677246,9.630000114440918,20130900,2024-04-12,8.588323593139648,0.002076813155583279,0.0,-0.007254003382373697
2024-04-15,4,-0.27693457156419754,0.7117056722108803,0.25,0.75,0.0,1,2024-04-15,2024-04-15,2024-04-15,8.588323593139648,9.649999618530273,9.65999984741211,9.600000381469727,9.640000343322754,10966600,2024-04-15,8.588323593139648,0.0,-0.007254003382373697,0.0020877646366115332
2024-04-16,11,-0.44733873824588954,0.6675355594896072,0.18181818181818182,0.8181818181818182,0.0,1,2024-04-16,2024-04-16,2024-04-16,8.526023864746094,9.579999923706055,9.649999618530273,9.579999923706055,9.649999618530273,16712100,2024-04-16,8.526023864746094,-0.007254003382373697,0.0020877646366115332,0.007291673294192114
2024-04-17,14,0.3329212345914649,0.6472867415537827,0.7142857142857143,0.2857142857142857,0.0,1,2024-04-17,2024-04-17,2024-04-17,8.543824195861816,9.600000381469727,9.609999656677246,9.529999732971191,9.579999923706055,8183700,2024-04-17,8.543824195861816,0.0020877646366115332,0.007291673294192114,-0.0020682225320566294
2024-04-18,15,0.3452617783099413,0.6371312654683912,0.8,0.2,0.0,1,2024-04-18,2024-04-18,2024-04-18,8.606122970581055,9.670000076293945,9.699999809265137,9.59000015258789,9.630000114440918,6173800,2024-04-18,8.606122970581055,0.007291673294192114,-0.0020682225320566294,0.00932640128099349
2024-04-19,6,0.17401522227252528,0.6701069081433589,0.6666666666666666,0.3333333333333333,0.0,1,2024-04-19,2024-04-19,2024-04-19,8.588323593139648,9.649999618530273,9.710000038146973,9.649999618530273,9.680000305175781,11014400,2024-04-19,8.588323593139648,-0.0020682225320566294,0.00932640128099349,0.00821354400281038
2024-04-22,7,0.36986958388505237,0.6359643551075868,0.8571428571428571,0.14285714285714285,0.0,1,2024-04-22,2024-04-22,2024-04-22,8.668421745300293,9.739999771118164,9.779999732971191,9.640000343322754,9.649999618530273,10542600,2024-04-22,8.668421745300293,0.00932640128099349,0.00821354400281038,-0.0020366305418633157
2024-04-23,11,0.8558979285034266,0.11782614800984595,1.0,0.0,0.0,1,2024-04-23,2024-04-23,2024-04-23,8.739620208740234,9.819999694824219,9.84000015258789,9.739999771118164,9.739999771118164,12826500,2024-04-23,8.739620208740234,0.00821354400281038,-0.0020366305418633157,-0.00204089621422221
2024-04-24,7,0.6784528922289611,0.2956860954217066,1.0,0.0,0.0,1,2024-04-24,2024-04-24,2024-04-24,8.721820831298828,9.800000190734863,9.880000114440918,9.789999961853027,9.819999694824219,16388400,2024-04-24,8.721820831298828,-0.0020366305418633157,-0.00204089621422221,0.0010225897784630344
2024-04-25,9,-0.10745289052526157,0.5012568386764655,0.4444444444444444,0.4444444444444444,0.1111111111111111,1,2024-04-25,2024-04-25,2024-04-25,8.704020500183105,9.779999732971191,9.850000381469727,9.760000228881836,9.800000190734863,20536400,2024-04-25,8.704020500183105,-0.00204089621422221,0.0010225897784630344,-0.0040857428066057855
2024-04-26,9,0.09587939668239821,0.7519890472334639,0.4444444444444444,0.4444444444444444,0.1111111111111111,1,2024-04-26,2024-04-26,2024-04-26,8.712921142578125,9.789999961853027,9.8100004196167,9.760000228881836,9.779999732971191,21849500,2024-04-26,8.712921142578125,0.0010225897784630344,-0.0040857428066057855,-0.0020513621968182294
2024-04-29,7,0.5381207370332309,0.422113237425439,0.8571428571428571,0.14285714285714285,0.0,1,2024-04-29,2024-04-29,2024-04-29,8.677322387695312,9.75,9.8100004196167,9.729999542236328,9.789999961853027,11487500,2024-04-29,8.677322387695312,-0.0040857428066057855,-0.0020513621968182294,0.0051386720090060845
2024-04-30,8,0.2511031243484468,0.7598875509545565,0.625,0.25,0.125,1,2024-04-30,2024-04-30,2024-04-30,8.65952205657959,9.729999542236328,9.789999961853027,9.720000267028809,9.760000228881836,18284500,2024-04-30,8.65952205657959,-0.0020513621968182294,0.0051386720090060845,0.0020450699898222346
2024-05-02,9,0.1944851333068477,0.5588957099209014,0.5555555555555556,0.3333333333333333,0.1111111111111111,1,2024-05-02,2024-05-02,2024-05-02,8.704020500183105,9.779999732971191,9.800000190734863,9.729999542236328,9.729999542236328,12902000,2024-05-02,8.704020500183105,0.0051386720090060845,0.0020450699898222346,0.003061180306100475
2024-05-03,7,0.5273655358968038,0.6775339783528502,0.8571428571428571,0.14285714285714285,0.0,1,2024-05-03,2024-05-03,2024-05-03,8.721820831298828,9.800000190734863,9.84000015258789,9.770000457763672,9.779999732971191,12570300,2024-05-03,8.721820831298828,0.0020450699898222346,0.003061180306100475,0.0010173883696147357
2024-05-06,7,0.5260707585673247,0.6020698194431937,0.8571428571428571,0.14285714285714285,0.0,1,2024-05-06,2024-05-06,2024-05-06,8.748519897460938,9.829999923706055,9.84000015258789,9.800000190734863,9.800000190734863,7250200,2024-05-06,8.748519897460938,0.003061180306100475,0.0010173883696147357,-0.004065090673116667
2024-05-07,13,0.46652871212707114,0.4185362064033908,0.8461538461538461,0.07692307692307693,0.07692307692307693,1,2024-05-07,2024-05-07,2024-05-07,8.757420539855957,9.84000015258789,9.869999885559082,9.829999923706055,9.829999923706055,11018700,2024-05-07,8.757420539855957,0.0010173883696147357,-0.004065090673116667,0.004081683084955934
2024-05-08,11,0.4467440180226483,0.6622311743937115,0.8181818181818182,0.18181818181818182,0.0,1,2024-05-08,2024-05-08,2024-05-08,8.721820831298828,9.800000190734863,9.869999885559082,9.760000228881836,9.850000381469727,7482500,2024-05-08,8.721820831298828,-0.004065090673116667,0.004081683084955934,0.003048627431592177
2024-05-09,6,0.27285314801459515,0.6057606523536233,0.6666666666666666,0.3333333333333333,0.0,1,2024-05-09,2024-05-09,2024-05-09,8.757420539855957,9.84000015258789,9.84000015258789,9.779999732971191,9.800000190734863,5843200,2024-05-09,8.757420539855957,0.004081683084955934,0.003048627431592177,0.0
2024-05-10,7,0.39873521881444113,0.5839595534344099,0.8571428571428571,0.14285714285714285,0.0,1,2024-05-10,2024-05-10,2024-05-10,8.78411865234375,9.869999885559082,9.880000114440918,9.829999923706055,9.84000015258789,10022700,2024-05-10,8.78411865234375,0.003048627431592177,0.0,0.0010132652742167458
2024-05-13,7,0.6241657312161156,0.32935516904463985,1.0,0.0,0.0,2,2024-05-12,2024-05-13,2024-05-13,8.78411865234375,9.869999885559082,9.890000343322754,9.84000015258789,9.869999885559082,6357800,2024-05-13,8.78411865234375,0.0,0.0010132652742167458,0.0
2024-05-14,11,0.5539130336943675,0.494095859242112,0.8181818181818182,0.18181818181818182,0.0,1,2024-05-14,2024-05-14,2024-05-14,8.79301929473877,9.880000114440918,9.880000114440918,9.84000015258789,9.869999885559082,8552500,2024-05-14,8.79301929473877,0.0010132652742167458,0.0,0.00404863305354386
2024-05-15,10,0.20874346292112023,0.7141473571780267,0.6,0.3,0.1,1,2024-05-15,2024-05-15,2024-05-15,8.79301929473877,9.880000114440918,9.890000343322754,9.859999656677246,9.880000114440918,8762600,2024-05-15,8.79301929473877,0.0,0.00404863305354386,0.0
2024-05-16,6,0.26514750346541405,0.47202169197623894,0.6666666666666666,0.16666666666666666,0.16666666666666666,1,2024-05-16,2024-05-16,2024-05-16,8.828619003295898,9.920000076293945,9.920000076293945,9.859999656677246,9.880000114440918,8935300,2024-05-16,8.828619003295898,0.00404863305354386,0.0,0.007056349472286172
2024-05-17,1,0.9025123044848443,0.0,1.0,0.0,0.0,1,2024-05-17,2024-05-17,2024-05-17,8.828619003295898,9.920000076293945,9.930000305175781,9.899999618530273,9.920000076293945,14514800,2024-05-17,8.828619003295898,0.0,0.007056349472286172,0.0
2024-05-20,13,0.6324910018772173,0.3338452848882827,0.8461538461538461,0.07692307692307693,0.07692307692307693,2,2024-05-18,2024-05-20,2024-05-20,8.89091682434082,9.989999771118164,10.0,9.920000076293945,9.920000076293945,8624900,2024-05-20,8.89091682434082,0.007056349472286172,0.0,0.0
2024-05-21,10,-0.0570341338869184,0.6811965221873655,0.3,0.6,0.1,1,2024-05-21,2024-05-21,2024-05-21,8.89091682434082,9.989999771118164,10.0,9.960000038146973,9.989999771118164,15707100,2024-05-21,8.89091682434082,0.0,0.0,-0.001000879349362993
2024-05-23,8,-0.03824587509734555,0.45249970901343545,0.375,0.5,0.125,2,2024-05-22,2024-05-23,2024-05-23,8.89091682434082,9.989999771118164,10.0,9.970000267028809,10.0,12556500,2024-05-23,8.89091682434082,0.0,-0.001000879349362993,0.0010018821124799793
2024-05-24,12,-0.003561654341562359,0.7741904971543165,0.4166666666666667,0.5,0.08333333333333333,1,2024-05-24,2024-05-24,2024-05-24,8.882018089294434,9.979999542236328,10.0,9.9399995803833,9.989999771118164,7144100,2024-05-24,8.882018089294434,-0.001000879349362993,0.0010018821124799793,0.0
2024-05-27,6,0.09934430150315166,0.7817150559214837,0.6666666666666666,0.3333333333333333,0.0,1,2024-05-27,2024-05-27,2024-05-27,8.89091682434082,9.989999771118164,10.039999961853027,9.979999542236328,9.979999542236328,9859000,2024-05-27,8.89091682434082,0.0010018821124799793,0.0,-0.00900898678315809
2024-05-28,6,0.5466852535028012,0.7231777769811258,0.8333333333333334,0.16666666666666666,0.0,1,2024-05-28,2024-05-28,2024-05-28,8.89091682434082,9.989999771118164,10.020000457763672,9.979999542236328,10.0,14897200,2024-05-28,8.89091682434082,0.0,-0.00900898678315809,0.0
2024-05-29,10,-0.1773544333409518,0.7708511439913992,0.3,0.7,0.0,1,2024-05-29,2024-05-29,2024-05-29,8.810818672180176,9.899999618530273,9.979999542236328,9.890000343322754,9.979999542236328,18596100,2024-05-29,8.810818672180176,-0.00900898678315809,0.0,0.0030303676457137385
2024-05-30,6,-0.22582886088639498,0.6989341074425034,0.16666666666666666,0.6666666666666666,0.16666666666666666,1,2024-05-30,2024-05-30,2024-05-30,8.810818672180176,9.899999618530273,9.920000076293945,9.890000343322754,9.899999618530273,13482600,2024-05-30,8.810818672180176,0.0,0.0030303676457137385,0.013091560094574017
2024-05-31,6,0.27103384584188467,0.8340596142367758,0.6666666666666666,0.3333333333333333,0.0,1,2024-05-31,2024-05-31,2024-05-31,8.837518692016602,9.930000305175781,9.949999809265137,9.880000114440918,9.949999809265137,44154100,2024-05-31,8.837518692016602,0.0030303676457137385,0.013091560094574017,-0.007952171929502039
2024-06-04,20,0.5764491224079393,0.4150493057488873,0.8,0.15,0.05,3,2024-06-01,2024-06-04,2024-06-04,8.953215599060059,10.0600004196167,10.0600004196167,9.930000305175781,9.930000305175781,12569300,2024-06-04,8.953215599060059,0.013091560094574017,-0.007952171929502039,0.0
2024-06-05,8,0.04890152925509026,0.6256503955598621,0.625,0.375,0.0,1,2024-06-05,2024-06-05,2024-06-05,8.882018089294434,9.979999542236328,10.0600004196167,9.970000267028809,10.039999961853027,9305400,2024-06-05,8.882018089294434,-0.007952171929502039,0.0,0.002003978967669573
2024-06-06,11,0.4091062939471819,0.5048152243880849,0.8181818181818182,0.18181818181818182,0.0,1,2024-06-06,2024-06-06,2024-06-06,8.882018089294434,9.979999542236328,10.039999961853027,9.970000267028809,9.989999771118164,17551100,2024-06-06,8.882018089294434,0.0,0.002003978967669573,-0.0010000926904721874
2024-06-07,6,0.7059971178726604,0.2862434371235934,1.0,0.0,0.0,1,2024-06-07,2024-06-07,2024-06-07,8.89981746673584,10.0,10.020000457763672,9.979999542236328,10.0,14225900,2024-06-07,8.89981746673584,0.002003978967669573,-0.0010000926904721874,-0.001000879349362993
2024-06-10,6,0.27131355119248235,0.4774442178100575,0.8333333333333334,0.16666666666666666,0.0,1,2024-06-10,2024-06-10,2024-06-10,8.89091682434082,9.989999771118164,10.0,9.979999542236328,10.0,3362700,2024-06-10,8.89091682434082,-0.0010000926904721874,-0.001000879349362993,-0.00200408633902438
2024-06-11,4,0.2974228970706463,0.48825786274554794,0.75,0.25,0.0,1,2024-06-11,2024-06-11,2024-06-11,8.882018089294434,9.979999542236328,10.0,9.960000038146973,10.0,7326800,2024-06-11,8.882018089294434,-0.001000879349362993,-0.00200408633902438,-0.004016006358820157
2024-06-12,3,-0.07625452242791653,0.280099973877987,0.0,0.6666666666666666,0.3333333333333333,1,2024-06-12,2024-06-12,2024-06-12,8.864217758178711,9.960000038146973,10.0,9.960000038146973,9.979999542236328,6605100,2024-06-12,8.864217758178711,-0.00200408633902438,-0.004016006358820157,0.0020159918284439193
2024-06-13,4,0.4320930697722361,0.35224970719392734,1.0,0.0,0.0,1,2024-06-13,2024-06-13,2024-06-13,8.828619003295898,9.920000076293945,10.0,9.90999984741211,9.960000038146973,7110100,2024-06-13,8.828619003295898,-0.004016006358820157,0.0020159918284439193,-0.0010059139894488256
2024-06-18,7,0.608450864574739,0.5217876549529333,0.8571428571428571,0.14285714285714285,0.0,2,2024-06-17,2024-06-18,2024-06-18,8.837518692016602,9.930000305175781,9.989999771118164,9.930000305175781,9.9399995803833,9341600,2024-06-18,8.837518692016602,-0.0010059139894488256,0.0010069268712749047,-0.0010059139894488256
2024-06-19,7,0.7930471531581134,0.21803139037312105,1.0,0.0,0.0,1,2024-06-19,2024-06-19,2024-06-19,8.846417427062988,9.9399995803833,9.960000038146973,9.930000305175781,9.930000305175781,14041500,2024-06-19,8.846417427062988,0.0010069268712749047,-0.0010059139894488256,-0.007049459306924355
2024-06-20,2,0.6873191241174936,0.08510189181794281,1.0,0.0,0.0,1,2024-06-20,2024-06-20,2024-06-20,8.837518692016602,9.930000305175781,9.949999809265137,9.890000343322754,9.9399995803833,11191300,2024-06-20,8.837518692016602,-0.0010059139894488256,-0.007049459306924355,0.002028477145643137
2024-06-21,4,0.574587571201846,0.5843131559305333,0.75,0.25,0.0,1,2024-06-21,2024-06-21,2024-06-21,8.775218963623047,9.859999656677246,9.979999542236328,9.859999656677246,9.979999542236328,20822100,2024-06-21,8.775218963623047,-0.007049459306924355,0.002028477145643137,0.0030363934465700293
2024-06-24,7,-0.06260247455377664,0.7911304204862152,0.42857142857142855,0.42857142857142855,0.14285714285714285,1,2024-06-24,2024-06-24,2024-06-24,8.79301929473877,9.880000114440918,9.899999618530273,9.819999694824219,9.859999656677246,12314000,2024-06-24,8.79301929473877,0.002028477145643137,0.0030363934465700293,0.005045444248549247
2024-06-25,4,-0.2973380386829377,0.3148969767021928,0.25,0.75,0.0,1,2024-06-25,2024-06-25,2024-06-25,8.819718360900879,9.90999984741211,9.90999984741211,9.850000381469727,9.880000114440918,7228400,2024-06-25,8.819718360900879,0.0030363934465700293,0.005045444248549247,0.0
2024-06-26,7,0.2588225717523268,0.6872576186979013,0.5714285714285714,0.42857142857142855,0.0,1,2024-06-26,2024-06-26,2024-06-26,8.864217758178711,9.960000038146973,9.960000038146973,9.859999656677246,9.880000114440918,7868600,2024-06-26,8.864217758178711,0.005045444248549247,0.0,0.0
2024-06-27,9,0.2797460728583651,0.7464138073102311,0.6666666666666666,0.3333333333333333,0.0,1,2024-06-27,2024-06-27,2024-06-27,8.864217758178711,9.960000038146973,9.960000038146973,9.899999618530273,9.9399995803833,11688600,2024-06-27,8.864217758178711,0.0,0.0,0.0010040015897050392
2024-06-28,8,0.2616761075332761,0.31613823974331756,0.75,0.125,0.125,1,2024-06-28,2024-06-28,2024-06-28,8.864217758178711,9.960000038146973,9.970000267028809,9.90999984741211,9.960000038146973,19112200,2024-06-28,8.864217758178711,0.0,0.0010040015897050392,0.0020059891631014626
2024-07-01,6,0.33072387302915257,0.5314733577615094,0.6666666666666666,0.3333333333333333,0.0,1,2024-07-01,2024-07-01,2024-07-01,8.873117446899414,9.970000267028809,9.979999542236328,9.960000038146973,9.979999542236328,4567700,2024-07-01,8.873117446899414,0.0010040015897050392,0.0020059891631014626,0.003003067103645396
2024-07-02,6,0.5530176858883351,0.40889019733337145,0.8333333333333334,0.16666666666666666,0.0,1,2024-07-02,2024-07-02,2024-07-02,8.89091682434082,9.989999771118164,10.0,9.960000038146973,9.960000038146973,8972000,2024-07-02,8.89091682434082,0.0020059891631014626,0.003003067103645396,0.007984023611244284
2024-07-03,5,0.1757403593510389,0.8030663389202964,0.6,0.4,0.0,1,2024-07-03,2024-07-03,2024-07-03,8.917616844177246,10.020000457763672,10.020000457763672,9.989999771118164,9.989999771118164,6945200,2024-07-03,8.917616844177246,0.003003067103645396,0.007984023611244284,-0.005940614438176839
2024-07-04,2,0.27762221544981003,0.3887764707346315,1.0,0.0,0.0,1,2024-07-04,2024-07-04,2024-07-04,8.988815307617188,10.100000381469727,10.100000381469727,9.989999771118164,10.0,5841700,2024-07-04,8.988815307617188,0.007984023611244284,-0.005940614438176839,0.001992003170299128
2024-07-05,6,0.20132283944015705,0.9190496193677813,0.6666666666666666,0.3333333333333333,0.0,1,2024-07-05,2024-07-05,2024-07-05,8.935416221618652,10.039999961853027,10.079999923706055,9.989999771118164,10.079999923706055,5166300,2024-07-05,8.935416221618652,-0.005940614438176839,0.001992003170299128,-0.003976085964750964
2024-07-09,8,0.5629134002374485,0.38836088556379783,0.875,0.0,0.125,2,2024-07-08,2024-07-09,2024-07-09,8.953215599060059,10.0600004196167,10.100000381469727,9.989999771118164,10.039999961853027,15335700,2024-07-09,8.953215599060059,0.001992003170299128,-0.003976085964750964,0.003991958334255807
2024-07-10,6,0.03177516565968597,0.5982872509729046,0.5,0.3333333333333333,0.16666666666666666,1,2024-07-10,2024-07-10,2024-07-10,8.917616844177246,10.020000457763672,10.079999923706055,10.0,10.0600004196167,11404600,2024-07-10,8.917616844177246,-0.003976085964750964,0.003991958334255807,-0.0019880429823755374
2024-07-11,7,0.46651433993663105,0.34159467709740843,0.8571428571428571,0.14285714285714285,0.0,1,2024-07-11,2024-07-11,2024-07-11,8.953215599060059,10.0600004196167,10.100000381469727,10.020000457763672,10.020000457763672,8715700,2024-07-11,8.953215599060059,0.003991958334255807,-0.0019880429823755374,0.009960229310900681
2024-07-12,7,-0.08933175381805214,0.41318150864318265,0.42857142857142855,0.5714285714285714,0.0,1,2024-07-12,2024-07-12,2024-07-12,8.935416221618652,10.039999961853027,10.0600004196167,10.0,10.039999961853027,13515100,2024-07-12,8.935416221618652,-0.0019880429823755374,0.009960229310900681,-0.00394482174116817
2024-07-15,7,0.564910374781383,0.30443952707371447,0.8571428571428571,0.0,0.14285714285714285,1,2024-07-15,2024-07-15,2024-07-15,9.024415016174316,10.140000343322754,10.180000305175781,10.039999961853027,10.039999961853027,16356600,2024-07-15,9.024415016174316,0.009960229310900681,-0.00394482174116817,-0.001980169447504676
2024-07-16,6,-0.0817437667089204,0.5959881280075243,0.5,0.5,0.0,1,2024-07-16,2024-07-16,2024-07-16,8.988815307617188,10.100000381469727,10.199999809265137,10.079999923706055,10.119999885559082,12165100,2024-07-16,8.988815307617188,-0.00394482174116817,-0.001980169447504676,0.0019840982983359012
2024-07-17,7,0.6222428402730397,0.25891594893843545,1.0,0.0,0.0,1,2024-07-17,2024-07-17,2024-07-17,8.971015930175781,10.079999923706055,10.15999984741211,10.0600004196167,10.100000381469727,6894900,2024-07-17,8.971015930175781,-0.001980169447504676,0.0019840982983359012,0.0
2024-07-18,8,0.2455127744469791,0.6869924482217975,0.625,0.375,0.0,1,2024-07-18,2024-07-18,2024-07-18,8.988815307617188,10.100000381469727,10.140000343322754,10.0600004196167,10.079999923706055,9066900,2024-07-18,8.988815307617188,0.0019840982983359012,0.0,-0.003960444990672052
2024-07-19,4,0.002986682578921332,0.7132522076929296,0.5,0.5,0.0,1,2024-07-19,2024-07-19,2024-07-19,8.988815307617188,10.100000381469727,10.180000305175781,10.079999923706055,10.100000381469727,10604900,2024-07-19,8.988815307617188,0.0,-0.003960444990672052,0.003976192482270324
2024-07-22,5,0.31372118322178727,0.7177287775134964,0.6,0.4,0.0,1,2024-07-22,2024-07-22,2024-07-22,8.953215599060059,10.0600004196167,10.119999885559082,10.039999961853027,10.100000381469727,7268000,2024-07-22,8.953215599060059,-0.003960444990672052,0.003976192482270324,0.0019800633518420874
2024-07-23,4,0.8011873087380083,0.24803206207989983,1.0,0.0,0.0,1,2024-07-23,2024-07-23,2024-07-23,8.988815307617188,10.100000381469727,10.140000343322754,10.0600004196167,10.079999923706055,9008600,2024-07-23,8.988815307617188,0.003976192482270324,0.0019800633518420874,0.001976468106765772
2024-07-24,6,0.06801060711344084,0.582293595274311,0.5,0.5,0.0,1,2024-07-24,2024-07-24,2024-07-24,9.006613731384277,10.119999885559082,10.140000343322754,10.079999923706055,10.100000381469727,5658900,2024-07-24,9.006613731384277,0.0019800633518420874,0.001976468106765772,0.0
2024-07-25,4,-0.4279397092759609,0.3900142613626524,0.25,0.75,0.0,1,2024-07-25,2024-07-25,2024-07-25,9.024415016174316,10.140000343322754,10.140000343322754,10.079999923706055,10.079999923706055,2729300,2024-07-25,9.024415016174316,0.001976468106765772,0.0,0.005916968418916868
2024-07-26,3,-0.5581017211079597,0.3873049539662431,0.0,1.0,0.0,1,2024-07-26,2024-07-26,2024-07-26,9.024415016174316,10.140000343322754,10.15999984741211,10.100000381469727,10.15999984741211,7445100,2024-07-26,9.024415016174316,0.0,0.005916968418916868,-0.011764537793514607
2024-07-29,6,0.6413342063315214,0.3077943929461785,0.8333333333333334,0.0,0.16666666666666666,2,2024-07-27,2024-07-29,2024-07-29,9.077812194824219,10.199999809265137,10.199999809265137,10.140000343322754,10.140000343322754,6957200,2024-07-29,9.077812194824219,0.005916968418916868,-0.011764537793514607,0.013888794394518289
2024-07-30,5,0.02130899261683228,0.59007507069809,0.4,0.4,0.2,1,2024-07-30,2024-07-30,2024-07-30,8.971015930175781,10.079999923706055,10.260000228881836,10.079999923706055,10.239999771118164,14123900,2024-07-30,8.971015930175781,-0.011764537793514607,0.013888794394518289,0.003913942953880367
2024-07-31,8,0.6348953056149185,0.3083032538839692,1.0,0.0,0.0,1,2024-07-31,2024-07-31,2024-07-31,9.095612525939941,10.220000267028809,10.220000267028809,10.079999923706055,10.100000381469727,12304400,2024-07-31,9.095612525939941,0.013888794394518289,0.003913942953880367,-0.001949289643511043
2024-08-01,6,0.14883788131798306,0.786799932819892,0.6666666666666666,0.3333333333333333,0.0,1,2024-08-01,2024-08-01,2024-08-01,9.13121223449707,10.260000228881836,10.260000228881836,10.220000267028809,10.239999771118164,9399700,2024-08-01,9.13121223449707,0.003913942953880367,-0.001949289643511043,-0.03320316873839613
2024-08-02,7,0.15841865679249167,0.6909008866450844,0.5714285714285714,0.42857142857142855,0.0,1,2024-08-02,2024-08-02,2024-08-02,9.113412857055664,10.239999771118164,10.239999771118164,10.180000305175781,10.239999771118164,14920300,2024-08-02,9.113412857055664,-0.001949289643511043,-0.03320316873839613,0.020202054095044497
2024-08-05,7,-0.14891738504437463,0.8329389542210586,0.2857142857142857,0.5714285714285714,0.14285714285714285,1,2024-08-05,2024-08-05,2024-08-05,8.810818672180176,9.899999618530273,10.199999809265137,9.760000228881836,10.180000305175781,41673600,2024-08-05,8.810818672180176,-0.03320316873839613,0.020202054095044497,0.003960444990672052
2024-08-06,7,0.10755407105066947,0.6901295990272113,0.5714285714285714,0.42857142857142855,0.0,1,2024-08-06,2024-08-06,2024-08-06,8.988815307617188,10.100000381469727,10.119999885559082,9.800000190734863,9.850000381469727,15941600,2024-08-06,8.988815307617188,0.020202054095044497,0.003960444990672052,0.0
2024-08-07,11,0.6269029893235051,0.5115566333435555,0.9090909090909091,0.09090909090909091,0.0,1,2024-08-07,2024-08-07,2024-08-07,9.024415016174316,10.140000343322754,10.180000305175781,10.0600004196167,10.100000381469727,8335500,2024-08-07,9.024415016174316,0.003960444990672052,0.0,0.001972252354882853
2024-08-08,12,0.0656577886159842,0.7653513394788433,0.5833333333333334,0.4166666666666667,0.0,1,2024-08-08,2024-08-08,2024-08-08,9.024415016174316,10.140000343322754,10.180000305175781,10.100000381469727,10.140000343322754,10489900,2024-08-08,9.024415016174316,0.0,0.001972252354882853,0.003936951402359723
2024-08-09,4,0.32917428703512996,0.4650416641676539,0.75,0.25,0.0,1,2024-08-09,2024-08-09,2024-08-09,9.042213439941406,10.15999984741211,10.199999809265137,10.119999885559082,10.180000305175781,8868100,2024-08-09,9.042213439941406,0.001972252354882853,0.003936951402359723,0.0
2024-08-12,5,0.1615467999130488,0.7144562222819302,0.4,0.4,0.2,1,2024-08-12,2024-08-12,2024-08-12,9.077812194824219,10.199999809265137,10.239999771118164,10.15999984741211,10.180000305175781,8462800,2024-08-12,9.077812194824219,0.003936951402359723,0.0,0.0
2024-08-13,5,0.35708138183690613,0.7984409973778346,0.6,0.4,0.0,1,2024-08-13,2024-08-13,2024-08-13,9.077812194824219,10.199999809265137,10.220000267028809,10.15999984741211,10.199999809265137,9175400,2024-08-13,9.077812194824219,0.0,0.0,-0.001960546187871226
2024-08-14,7,-0.034010341390967404,0.819764862267971,0.42857142857142855,0.42857142857142855,0.14285714285714285,1,2024-08-14,2024-08-14,2024-08-14,9.077812194824219,10.199999809265137,10.239999771118164,10.180000305175781,10.199999809265137,8837800,2024-08-14,9.077812194824219,0.0,-0.001960546187871226,0.007858432014605343
2024-08-15,6,-0.19394994977240768,0.8117217117836573,0.3333333333333333,0.6666666666666666,0.0,1,2024-08-15,2024-08-15,2024-08-15,9.060014724731445,10.180000305175781,10.220000267028809,10.140000343322754,10.199999809265137,8570700,2024-08-15,9.060014724731445,-0.001960546187871226,0.007858432014605343,0.0331384461454427
2024-08-16,4,0.8684119730023667,0.14626098262454337,1.0,0.0,0.0,1,2024-08-16,2024-08-16,2024-08-16,9.13121223449707,10.260000228881836,10.260000228881836,10.180000305175781,10.199999809265137,13280600,2024-08-16,9.13121223449707,0.007858432014605343,0.0331384461454427,0.0
2024-08-19,6,0.7255496828972051,0.3178266264507503,1.0,0.0,0.0,1,2024-08-19,2024-08-19,2024-08-19,9.433806419372559,10.600000381469727,10.640000343322754,10.199999809265137,10.260000228881836,22478300,2024-08-19,9.433806419372559,0.0331384461454427,0.0,-0.007547161800324109
2024-08-20,5,-0.033511957526206934,0.473947703981582,0.6,0.4,0.0,1,2024-08-20,2024-08-20,2024-08-20,9.433806419372559,10.600000381469727,10.680000305175781,10.479999542236328,10.600000381469727,14561200,2024-08-20,9.433806419372559,0.0,-0.007547161800324109,-0.007604554604342506
2024-08-21,6,-0.4103869305302699,0.530857326342876,0.3333333333333333,0.6666666666666666,0.0,1,2024-08-21,2024-08-21,2024-08-21,9.362607955932617,10.520000457763672,10.619999885559082,10.479999542236328,10.600000381469727,9183300,2024-08-21,9.362607955932617,-0.007547161800324109,-0.007604554604342506,0.0
2024-08-22,13,0.48997289621127915,0.4331612617893022,0.9230769230769231,0.07692307692307693,0.0,1,2024-08-22,2024-08-22,2024-08-22,9.291409492492676,10.4399995803833,10.539999961853027,10.399999618530273,10.520000457763672,11791600,2024-08-22,9.291409492492676,-0.007604554604342506,0.0,0.009578508078161407
2024-08-23,10,-0.0948044708929956,0.6856378271662894,0.4,0.5,0.1,1,2024-08-23,2024-08-23,2024-08-23,9.291409492492676,10.4399995803833,10.539999961853027,10.420000076293945,10.4399995803833,16880900,2024-08-23,9.291409492492676,0.0,0.009578508078161407,0.015180249835554216
2024-08-26,6,0.24554696197931966,0.7278143628433867,0.6666666666666666,0.16666666666666666,0.16666666666666666,2,2024-08-24,2024-08-26,2024-08-26,9.380407333374023,10.539999961853027,10.579999923706055,10.460000038146973,10.460000038146973,10275400,2024-08-26,9.380407333374023,0.009578508078161407,0.015180249835554216,0.0149532556784997
2024-08-27,6,0.8424606277452161,0.13268801203723288,1.0,0.0,0.0,1,2024-08-27,2024-08-27,2024-08-27,9.522804260253906,10.699999809265137,10.720000267028809,10.520000457763672,10.539999961853027,16528500,2024-08-27,9.522804260253906,0.015180249835554216,0.0149532556784997,-0.016574642875397005
2024-08-28,15,0.6480930251379807,0.30336270792400094,0.9333333333333333,0.0,0.06666666666666667,1,2024-08-28,2024-08-28,2024-08-28,9.665201187133789,10.859999656677246,11.0,10.720000267028809,10.720000267028809,27770500,2024-08-28,9.665201187133789,0.0149532556784997,-0.016574642875397005,0.00936326187183556
2024-08-29,15,0.5032176417298615,0.6742690089641165,0.8,0.2,0.0,1,2024-08-29,2024-08-29,2024-08-29,9.505003929138184,10.680000305175781,10.9399995803833,10.680000305175781,10.859999656677246,15147400,2024-08-29,9.505003929138184,-0.016574642875397005,0.00936326187183556,-0.0018551616096953438
2024-08-30,12,0.5118944953428581,0.47301057296547633,0.8333333333333334,0.16666666666666666,0.0,1,2024-08-30,2024-08-30,2024-08-30,9.594001770019531,10.779999732971191,10.800000190734863,10.579999923706055,10.680000305175781,28703800,2024-08-30,9.594001770019531,0.00936326187183556,-0.0018551616096953438,-0.00557622724453033
2024-09-02,2,-0.9170221127569675,0.057944780714190756,0.0,1.0,0.0,1,2024-09-02,2024-09-02,2024-09-02,9.576203346252441,10.760000228881836,10.800000190734863,10.65999984741211,10.779999732971191,9546700,2024-09-02,9.576203346252441,-0.0018551616096953438,-0.00557622724453033,0.009345859908842735
2024-09-03,2,0.8972297885920852,0.09075105288990688,1.0,0.0,0.0,1,2024-09-03,2024-09-03,2024-09-03,9.522804260253906,10.699999809265137,10.819999694824219,10.65999984741211,10.760000228881836,10840000,2024-09-03,9.522804260253906,-0.00557622724453033,0.009345859908842735,0.0
2024-09-04,8,-0.005132197227794649,0.819885818422925,0.375,0.625,0.0,1,2024-09-04,2024-09-04,2024-09-04,9.61180305480957,10.800000190734863,10.819999694824219,10.680000305175781,10.699999809265137,23271800,2024-09-04,9.61180305480957,0.009345859908842735,0.0,0.0
2024-09-05,7,0.2517249170424683,0.6365092790384612,0.7142857142857143,0.2857142857142857,0.0,1,2024-09-05,2024-09-05,2024-09-05,9.61180305480957,10.800000190734863,10.84000015258789,10.779999732971191,10.800000190734863,17008300,2024-09-05,9.61180305480957,0.0,0.0,0.009259125129753798
2024-09-06,8,0.5548933335230686,0.3047171192035554,0.875,0.0,0.125,1,2024-09-06,2024-09-06,2024-09-06,9.61180305480957,10.800000190734863,10.899999618530273,10.779999732971191,10.859999656677246,14520600,2024-09-06,9.61180305480957,0.0,0.009259125129753798,0.0036697704075865367
2024-09-09,10,-0.2624702827073634,0.7754062220738399,0.3,0.7,0.0,1,2024-09-09,2024-09-09,2024-09-09,9.700799942016602,10.899999618530273,10.979999542236328,10.699999809265137,10.779999732971191,20533500,2024-09-09,9.700799942016602,0.009259125129753798,0.0036697704075865367,0.0028168282913072495
2024-09-10,4,0.7159174861735665,0.3035442471517648,1.0,0.0,0.0,1,2024-09-10,2024-09-10,2024-09-10,9.73639965057373,10.9399995803833,11.039999961853027,10.899999618530273,10.960000038146973,35524000,2024-09-10,9.73639965057373,0.0036697704075865367,0.0028168282913072495,-0.0037452214094531033
2024-09-11,10,0.008862671721726634,0.820528688116125,0.4,0.5,0.1,1,2024-09-11,2024-09-11,2024-09-11,9.763825416564941,10.680000305175781,10.819999694824219,10.600000381469727,10.699999809265137,26690300,2024-09-11,9.763825416564941,0.0028168282913072495,-0.0037452214094531033,0.0
2024-09-12,6,0.47784546219433355,0.41954610282061083,0.8333333333333334,0.16666666666666666,0.0,1,2024-09-12,2024-09-12,2024-09-12,9.72725772857666,10.640000343322754,10.779999732971191,10.600000381469727,10.680000305175781,25908500,2024-09-12,9.72725772857666,-0.0037452214094531033,0.0,0.001879650411690692
2024-09-13,3,0.05852802594502765,0.48801952926981157,0.3333333333333333,0.6666666666666666,0.0,1,2024-09-13,2024-09-13,2024-09-13,9.72725772857666,10.640000343322754,10.65999984741211,10.579999923706055,10.640000343322754,16938300,2024-09-13,9.72725772857666,0.0,0.001879650411690692,0.0018761239545270758
2024-09-17,11,0.4697056248022074,0.48257596961616034,0.9090909090909091,0.09090909090909091,0.0,2,2024-09-16,2024-09-17,2024-09-17,9.7455415725708,10.65999984741211,10.699999809265137,10.619999885559082,10.640000343322754,18105900,2024-09-17,9.7455415725708,0.001879650411690692,0.0018761239545270758,-0.0037452214094531033
2024-09-18,6,-0.3113906718790531,0.4902824390778742,0.3333333333333333,0.6666666666666666,0.0,1,2024-09-18,2024-09-18,2024-09-18,9.763825416564941,10.680000305175781,10.699999809265137,10.640000343322754,10.65999984741211,13326600,2024-09-18,9.763825416564941,0.0018761239545270758,-0.0037452214094531033,-0.0037593988648174648
2024-09-19,4,0.43661433609668165,0.36303585031881574,1.0,0.0,0.0,1,2024-09-19,2024-09-19,2024-09-19,9.72725772857666,10.640000343322754,10.720000267028809,10.600000381469727,10.699999809265137,15438900,2024-09-19,9.72725772857666,-0.0037452214094531033,-0.0037593988648174648,0.009433913986858444
2024-09-20,3,0.8002627119421959,0.04145038479750985,1.0,0.0,0.0,1,2024-09-20,2024-09-20,2024-09-20,9.690689086914062,10.600000381469727,10.720000267028809,10.600000381469727,10.680000305175781,23154900,2024-09-20,9.690689086914062,-0.0037593988648174648,0.009433913986858444,0.0037383183036916456
2024-09-23,4,0.41400105657521635,0.4530385196803655,0.5,0.0,0.5,1,2024-09-23,2024-09-23,2024-09-23,9.782110214233398,10.699999809265137,10.699999809265137,10.520000457763672,10.600000381469727,8581000,2024-09-23,9.782110214233398,0.009433913986858444,0.0037383183036916456,-0.0037243953284650244
2024-09-24,7,0.5577512630926712,0.5033664984106734,0.8571428571428571,0.0,0.14285714285714285,1,2024-09-24,2024-09-24,2024-09-24,9.818678855895996,10.739999771118164,10.779999732971191,10.640000343322754,10.699999809265137,4198700,2024-09-24,9.818678855895996,0.0037383183036916456,-0.0037243953284650244,-0.0037383183036916456
2024-09-25,9,0.4184562279325393,0.4710350520615109,0.6666666666666666,0.2222222222222222,0.1111111111111111,1,2024-09-25,2024-09-25,2024-09-25,9.782110214233398,10.699999809265137,10.760000228881836,10.640000343322754,10.739999771118164,9920100,2024-09-25,9.782110214233398,-0.0037243953284650244,-0.0037383183036916456,-0.01500928520871192
2024-09-26,15,0.044414690416306274,0.6596041821191779,0.5333333333333333,0.4,0.06666666666666667,1,2024-09-26,2024-09-26,2024-09-26,9.7455415725708,10.65999984741211,10.680000305175781,10.600000381469727,10.640000343322754,8842600,2024-09-26,9.7455415725708,-0.0037383183036916456,-0.01500928520871192,-0.0019048116737048204
2024-09-27,5,-0.40337300971150397,0.5151303645729901,0.2,0.8,0.0,1,2024-09-27,2024-09-27,2024-09-27,9.599267959594727,10.5,10.680000305175781,10.5,10.65999984741211,9355500,2024-09-27,9.599267959594727,-0.01500928520871192,-0.0019048116737048204,0.0057252411786961055
2024-09-30,7,-0.12185727618634701,0.7680618723058861,0.42857142857142855,0.5714285714285714,0.0,1,2024-09-30,2024-09-30,2024-09-30,9.58098316192627,10.479999542236328,10.5600004196167,10.479999542236328,10.520000457763672,13366600,2024-09-30,9.58098316192627,-0.0019048116737048204,0.0057252411786961055,-0.0075902321745440204
2024-10-01,6,0.5463705954995628,0.6141370476633153,0.8333333333333334,0.16666666666666666,0.0,1,2024-10-01,2024-10-01,2024-10-01,9.635836601257324,10.539999961853027,10.5600004196167,10.460000038146973,10.5,6397400,2024-10-01,9.635836601257324,0.0057252411786961055,-0.0075902321745440204,0.007648284429097707
2024-10-02,10,-0.15070347636938095,0.6078844569210136,0.3,0.7,0.0,1,2024-10-02,2024-10-02,2024-10-02,9.562698364257812,10.460000038146973,10.539999961853027,10.399999618530273,10.520000457763672,8410900,2024-10-02,9.562698364257812,-0.0075902321745440204,0.007648284429097707,-0.0037950666014641143
2024-10-03,9,0.7982568377111521,0.2850462327752595,1.0,0.0,0.0,1,2024-10-03,2024-10-03,2024-10-03,9.635836601257324,10.539999961853027,10.539999961853027,10.399999618530273,10.460000038146973,11292800,2024-10-03,9.635836601257324,0.007648284429097707,-0.0037950666014641143,0.0
2024-10-04,8,0.02560553580406119,0.6976244773659677,0.5,0.5,0.0,1,2024-10-04,2024-10-04,2024-10-04,9.599267959594727,10.5,10.5600004196167,10.4399995803833,10.5,12419500,2024-10-04,9.599267959594727,-0.0037950666014641143,0.0,-0.0019048116737048204
2024-10-07,6,0.2611846576910466,0.6874516962297393,0.6666666666666666,0.3333333333333333,0.0,2,2024-10-05,2024-10-07,2024-10-07,9.599267959594727,10.5,10.520000457763672,10.420000076293945,10.5,7475800,2024-10-07,9.599267959594727,0.0,-0.0019048116737048204,0.001908446905649397
2024-10-08,5,-0.010360029526054882,0.4459398595767223,0.2,0.2,0.6,1,2024-10-08,2024-10-08,2024-10-08,9.58098316192627,10.479999542236328,10.5,10.460000038146973,10.5,8959300,2024-10-08,9.58098316192627,-0.0019048116737048204,0.001908446905649397,0.0038095239987592233
2024-10-09,11,0.4292199469002133,0.5415712268645062,0.7272727272727273,0.2727272727272727,0.0,1,2024-10-09,2024-10-09,2024-10-09,9.599267959594727,10.5,10.5600004196167,10.5,10.5,4743600,2024-10-09,9.599267959594727,0.001908446905649397,0.0038095239987592233,0.001897582786539953
2024-10-10,6,0.5849462759215385,0.367322904144453,0.8333333333333334,0.16666666666666666,0.0,1,2024-10-10,2024-10-10,2024-10-10,9.635836601257324,10.539999961853027,10.600000381469727,10.520000457763672,10.539999961853027,6759800,2024-10-10,9.635836601257324,0.0038095239987592233,0.001897582786539953,-0.0018939887860216498
2024-10-11,6,0.08307581643263498,0.671264933712979,0.3333333333333333,0.5,0.16666666666666666,1,2024-10-11,2024-10-11,2024-10-11,9.654121398925781,10.5600004196167,10.579999923706055,10.520000457763672,10.520000457763672,5909600,2024-10-11,9.654121398925781,0.001897582786539953,-0.0018939887860216498,0.011385100832776773
2024-10-14,4,0.05108970997389409,0.6774471279691241,0.25,0.25,0.5,2,2024-10-12,2024-10-14,2024-10-14,9.635836601257324,10.539999961853027,10.579999923706055,10.5,10.5600004196167,3022100,2024-10-14,9.635836601257324,-0.0018939887860216498,0.011385100832776773,-0.005628469721079665
2024-10-15,2,0.18254713900387293,1.0794440975646376,0.5,0.5,0.0,1,2024-10-15,2024-10-15,2024-10-15,9.7455415725708,10.65999984741211,10.680000305175781,10.539999961853027,10.539999961853027,12317600,2024-10-15,9.7455415725708,0.011385100832776773,-0.005628469721079665,0.007547072142644495
2024-10-16,2,-0.008052087156102006,1.3472976435243484,0.5,0.5,0.0,1,2024-10-16,2024-10-16,2024-10-16,9.690689086914062,10.600000381469727,10.65999984741211,10.5600004196167,10.65999984741211,7567800,2024-10-16,9.690689086914062,-0.005628469721079665,0.007547072142644495,-0.0018726107047265517
2024-10-17,4,0.36111050727777183,0.5811064055562876,0.5,0.5,0.0,1,2024-10-17,2024-10-17,2024-10-17,9.763825416564941,10.680000305175781,10.699999809265137,10.600000381469727,10.600000381469727,5079500,2024-10-17,9.763825416564941,0.007547072142644495,-0.0018726107047265517,0.0
2024-10-18,3,0.8928790418431163,0.1130801712396138,1.0,0.0,0.0,1,2024-10-18,2024-10-18,2024-10-18,9.7455415725708,10.65999984741211,10.699999809265137,10.640000343322754,10.640000343322754,6453400,2024-10-18,9.7455415725708,-0.0018726107047265517,0.0,-0.003752443624050694
2024-10-21,7,0.13545741686331375,0.4549515693361491,0.5714285714285714,0.42857142857142855,0.0,1,2024-10-21,2024-10-21,2024-10-21,9.7455415725708,10.65999984741211,10.65999984741211,10.579999923706055,10.619999885559082,3445100,2024-10-21,9.7455415725708,0.0,-0.003752443624050694,0.0
2024-10-22,4,-0.5085337851196527,0.41254876145319835,0.25,0.75,0.0,1,2024-10-22,2024-10-22,2024-10-22,9.708971977233887,10.619999885559082,10.680000305175781,10.619999885559082,10.65999984741211,6057900,2024-10-22,9.708971977233887,-0.003752443624050694,0.0,-0.0037663810415795584
2024-10-23,13,0.5090433051093266,0.635993460159981,0.8461538461538461,0.15384615384615385,0.0,1,2024-10-23,2024-10-23,2024-10-23,9.708971977233887,10.619999885559082,10.65999984741211,10.600000381469727,10.619999885559082,7188600,2024-10-23,9.708971977233887,0.0,-0.0037663810415795584,-0.0037806202981961468
2024-10-24,7,-0.04002442437091044,0.8596199333143292,0.42857142857142855,0.5714285714285714,0.0,1,2024-10-24,2024-10-24,2024-10-24,9.672404289245605,10.579999923706055,10.640000343322754,10.5600004196167,10.600000381469727,12054000,2024-10-24,9.672404289245605,-0.0037663810415795584,-0.0037806202981961468,-0.013282782590932407
2024-10-25,6,-0.3002660448352496,0.4429983326026745,0.3333333333333333,0.6666666666666666,0.0,1,2024-10-25,2024-10-25,2024-10-25,9.635836601257324,10.539999961853027,10.619999885559082,10.5,10.619999885559082,5831600,2024-10-25,9.635836601257324,-0.0037806202981961468,-0.013282782590932407,0.005769181195941719
2024-10-28,3,0.4129542609055837,0.8666157921877418,0.6666666666666666,0.3333333333333333,0.0,2,2024-10-26,2024-10-28,2024-10-28,9.507845878601074,10.399999618530273,10.600000381469727,10.399999618530273,10.539999961853027,13604800,2024-10-28,9.507845878601074,-0.013282782590932407,0.005769181195941719,0.0038241920788382178
2024-10-29,11,0.13379717522978105,0.7718026170690804,0.5454545454545454,0.36363636363636365,0.09090909090909091,1,2024-10-29,2024-10-29,2024-10-29,9.562698364257812,10.460000038146973,10.479999542236328,10.420000076293945,10.420000076293945,16313400,2024-10-29,9.562698364257812,0.005769181195941719,0.0038241920788382178,-0.009523859671223489
2024-10-30,7,0.9005336281510868,0.05520064981096312,1.0,0.0,0.0,1,2024-10-30,2024-10-30,2024-10-30,9.599267959594727,10.5,10.520000457763672,10.420000076293945,10.479999542236328,18351100,2024-10-30,9.599267959594727,0.0038241920788382178,-0.009523859671223489,0.003846154231938126
2024-11-01,10,-0.0060262051178142425,0.5882939990673234,0.5,0.4,0.1,2,2024-10-31,2024-11-01,2024-11-01,9.507845878601074,10.399999618530273,10.5,10.399999618530273,10.5,15832100,2024-11-01,9.507845878601074,-0.009523859671223489,0.003846154231938126,0.009578594978199462
2024-11-04,2,0.7107717767357826,0.12564303232844687,1.0,0.0,0.0,1,2024-11-04,2024-11-04,2024-11-04,9.544414520263672,10.4399995803833,10.5,10.399999618530273,10.420000076293945,3985100,2024-11-04,9.544414520263672,0.003846154231938126,0.009578594978199462,0.005692550416388498
2024-11-05,6,-0.12419251538813114,0.5637116252308961,0.16666666666666666,0.3333333333333333,0.5,1,2024-11-05,2024-11-05,2024-11-05,9.635836601257324,10.539999961853027,10.579999923706055,10.420000076293945,10.420000076293945,9613100,2024-11-05,9.635836601257324,0.009578594978199462,0.005692550416388498,-0.001886841844213949
2024-11-06,5,0.8263413878157735,0.1868027574548383,1.0,0.0,0.0,1,2024-11-06,2024-11-06,2024-11-06,9.690689086914062,10.600000381469727,10.600000381469727,10.520000457763672,10.579999923706055,7861300,2024-11-06,9.690689086914062,0.005692550416388498,-0.001886841844213949,-0.007561339193833838
2024-11-07,13,0.31298611517279196,0.7641371690477538,0.6923076923076923,0.3076923076923077,0.0,1,2024-11-07,2024-11-07,2024-11-07,9.672404289245605,10.579999923706055,10.640000343322754,10.520000457763672,10.600000381469727,12499600,2024-11-07,9.672404289245605,-0.001886841844213949,-0.007561339193833838,-0.015238095995037337
2024-11-08,9,0.27364102513011956,0.6159144742254192,0.6666666666666666,0.2222222222222222,0.1111111111111111,1,2024-11-08,2024-11-08,2024-11-08,9.599267959594727,10.5,10.600000381469727,10.5,10.579999923706055,5558600,2024-11-08,9.599267959594727,-0.007561339193833838,-0.015238095995037337,0.01353960207752447
2024-11-11,4,0.30067029781639576,0.7827792995632246,0.75,0.25,0.0,1,2024-11-11,2024-11-11,2024-11-11,9.452993392944336,10.34000015258789,10.539999961853027,10.34000015258789,10.5,6387900,2024-11-11,9.452993392944336,-0.015238095995037337,0.01353960207752447,-0.0057252411786961055
2024-11-12,10,0.2517204474192113,0.6940112802325766,0.5,0.3,0.2,1,2024-11-12,2024-11-12,2024-11-12,9.58098316192627,10.479999542236328,10.479999542236328,10.380000114440918,10.380000114440918,9276500,2024-11-12,9.58098316192627,0.01353960207752447,-0.0057252411786961055,-0.01151621639722844
2024-11-13,9,0.2677154969941411,0.6873093030100942,0.5555555555555556,0.3333333333333333,0.1111111111111111,1,2024-11-13,2024-11-13,2024-11-13,9.526129722595215,10.420000076293945,10.479999542236328,10.380000114440918,10.479999542236328,3269900,2024-11-13,9.526129722595215,-0.0057252411786961055,-0.01151621639722844,0.005825091096804513
2024-11-14,11,0.03145520120266483,0.8351566584666592,0.45454545454545453,0.45454545454545453,0.09090909090909091,1,2024-11-14,2024-11-14,2024-11-14,9.416424751281738,10.300000190734863,10.460000038146973,10.279999732971191,10.4399995803833,10771400,2024-11-14,9.416424751281738,-0.01151621639722844,0.005825091096804513,-0.0019303512824486724
2024-11-15,10,-0.09737678370438516,0.7423043165148465,0.5,0.5,0.0,1,2024-11-15,2024-11-15,2024-11-15,9.47127628326416,10.359999656677246,10.359999656677246,10.279999732971191,10.34000015258789,13010100,2024-11-15,9.47127628326416,0.005825091096804513,-0.0019303512824486724,-0.009671230814769172
2024-11-18,7,0.22841366167579386,0.5994953510541136,0.5714285714285714,0.2857142857142857,0.14285714285714285,1,2024-11-18,2024-11-18,2024-11-18,9.452993392944336,10.34000015258789,10.380000114440918,10.260000228881836,10.319999694824219,8958700,2024-11-18,9.452993392944336,-0.0019303512824486724,-0.009671230814769172,-0.011718853064982881
2024-11-19,6,-0.22099505985776582,0.4256032583847404,0.3333333333333333,0.6666666666666666,0.0,1,2024-11-19,2024-11-19,2024-11-19,9.361571311950684,10.239999771118164,10.319999694824219,10.239999771118164,10.300000190734863,11017500,2024-11-19,9.361571311950684,-0.009671230814769172,-0.011718853064982881,0.007905139969630826
2024-11-20,6,-0.0205493066459894,0.7484819465612056,0.5,0.5,0.0,1,2024-11-20,2024-11-20,2024-11-20,9.251864433288574,10.119999885559082,10.260000228881836,10.020000457763672,10.239999771118164,24806300,2024-11-20,9.251864433288574,-0.011718853064982881,0.007905139969630826,0.0
2024-11-21,8,-0.05339042778359733,0.638236852947851,0.375,0.375,0.25,1,2024-11-21,2024-11-21,2024-11-21,9.32500171661377,10.199999809265137,10.239999771118164,10.119999885559082,10.119999885559082,8807300,2024-11-21,9.32500171661377,0.007905139969630826,0.0,0.009804076979962995
2024-11-22,5,0.6547596924472601,0.3571560573719924,1.0,0.0,0.0,1,2024-11-22,2024-11-22,2024-11-22,9.32500171661377,10.199999809265137,10.239999771118164,10.15999984741211,10.199999809265137,8308300,2024-11-22,9.32500171661377,0.0,0.009804076979962995,-0.0077670919623242796
2024-11-25,5,0.43635749919340017,0.41246835802792486,0.8,0.0,0.2,2,2024-11-23,2024-11-25,2024-11-25,9.416424751281738,10.300000190734863,10.420000076293945,10.199999809265137,10.220000267028809,27565700,2024-11-25,9.416424751281738,0.009804076979962995,-0.0077670919623242796,-0.003913792853551423
2024-11-26,6,0.7013865398863951,0.17388309112042274,1.0,0.0,0.0,1,2024-11-26,2024-11-26,2024-11-26,9.343286514282227,10.220000267028809,10.359999656677246,10.220000267028809,10.300000190734863,12043400,2024-11-26,9.343286514282227,-0.0077670919623242796,-0.003913792853551423,0.001964482935507883
2024-11-27,8,0.1329870909103192,0.6320636776023069,0.625,0.375,0.0,1,2024-11-27,2024-11-27,2024-11-27,9.306718826293945,10.180000305175781,10.279999732971191,10.180000305175781,10.239999771118164,18362100,2024-11-27,9.306718826293945,-0.003913792853551423,0.001964482935507883,0.0
2024-11-28,5,-0.2509633295238018,0.48613864167526943,0.2,0.6,0.2,1,2024-11-28,2024-11-28,2024-11-28,9.32500171661377,10.199999809265137,10.220000267028809,10.140000343322754,10.180000305175781,11487500,2024-11-28,9.32500171661377,0.001964482935507883,0.0,-0.011764606018036639
2024-11-29,3,-0.11683382838964462,0.579072805884105,0.3333333333333333,0.6666666666666666,0.0,1,2024-11-29,2024-11-29,2024-11-29,9.32500171661377,10.199999809265137,10.220000267028809,10.15999984741211,10.199999809265137,14264900,2024-11-29,9.32500171661377,0.0,-0.011764606018036639,0.00992068769139487
2024-12-02,6,0.278037712792866,0.6481479662883345,0.8333333333333334,0.16666666666666666,0.0,2,2024-11-30,2024-12-02,2024-12-02,9.215296745300293,10.079999923706055,10.260000228881836,10.079999923706055,10.199999809265137,8313200,2024-12-02,9.215296745300293,-0.011764606018036639,0.00992068769139487,0.0
2024-12-03,4,0.8035940814297646,0.18315986712568263,1.0,0.0,0.0,1,2024-12-03,2024-12-03,2024-12-03,9.306718826293945,10.180000305175781,10.180000305175781,10.0600004196167,10.100000381469727,11883800,2024-12-03,9.306718826293945,0.00992068769139487,0.0,0.003929170814204408
2024-12-04,8,0.5061869294731878,0.4626506549067704,0.75,0.25,0.0,1,2024-12-04,2024-12-04,2024-12-04,9.306718826293945,10.180000305175781,10.199999809265137,10.100000381469727,10.100000381469727,6372400,2024-12-04,9.306718826293945,0.0,0.003929170814204408,-0.005870893421410672
2024-12-05,6,0.8682921190435687,0.06426637842591723,1.0,0.0,0.0,1,2024-12-05,2024-12-05,2024-12-05,9.343286514282227,10.220000267028809,10.239999771118164,10.180000305175781,10.199999809265137,4621500,2024-12-05,9.343286514282227,0.003929170814204408,-0.005870893421410672,-0.005905461687037761
2024-12-06,7,0.3156641627927976,0.6850813223192038,0.7142857142857143,0.2857142857142857,0.0,1,2024-12-06,2024-12-06,2024-12-06,9.288433074951172,10.15999984741211,10.220000267028809,10.140000343322754,10.220000267028809,21450600,2024-12-06,9.288433074951172,-0.005870893421410672,-0.005905461687037761,0.0
2024-12-09,8,-0.024946004152297988,0.6209627968440541,0.25,0.5,0.25,1,2024-12-09,2024-12-09,2024-12-09,9.233580589294434,10.100000381469727,10.180000305175781,10.100000381469727,10.119999885559082,9903600,2024-12-09,9.233580589294434,-0.005905461687037761,0.0,0.0019801466849533877
2024-12-10,8,0.4107467782741878,0.5404298715712237,0.75,0.125,0.125,1,2024-12-10,2024-12-10,2024-12-10,9.233580589294434,10.100000381469727,10.140000343322754,10.079999923706055,10.100000381469727,14271600,2024-12-10,9.233580589294434,0.0,0.0019801466849533877,0.0019764396111319193
2024-12-11,5,-0.29260279359295965,0.7799381127236436,0.2,0.6,0.2,1,2024-12-11,2024-12-11,2024-12-11,9.251864433288574,10.119999885559082,10.140000343322754,10.100000381469727,10.100000381469727,8436000,2024-12-11,9.251864433288574,0.0019801466849533877,0.0019764396111319193,0.0
2024-12-12,7,-0.47413133018250975,0.6218249954427816,0.14285714285714285,0.8571428571428571,0.0,1,2024-12-12,2024-12-12,2024-12-12,9.270150184631348,10.140000343322754,10.15999984741211,10.100000381469727,10.140000343322754,8949000,2024-12-12,9.270150184631348,0.0019764396111319193,0.0,-0.0019725410029590718
2024-12-13,4,0.1608823221176863,0.7075574660972678,0.75,0.25,0.0,1,2024-12-13,2024-12-13,2024-12-13,9.270150184631348,10.140000343322754,10.180000305175781,10.119999885559082,10.15999984741211,7364400,2024-12-13,9.270150184631348,0.0,-0.0019725410029590718,0.0019764396111319193
2024-12-16,4,0.26273684913758183,0.5008543530455187,0.5,0.25,0.25,1,2024-12-16,2024-12-16,2024-12-16,9.251864433288574,10.119999885559082,10.15999984741211,10.100000381469727,10.140000343322754,10993700,2024-12-16,9.251864433288574,-0.0019725410029590718,0.0019764396111319193,-0.0019725410029590718
2024-12-18,4,0.20039252378046518,0.5405861671883508,0.5,0.5,0.0,1,2024-12-18,2024-12-18,2024-12-18,9.251864433288574,10.119999885559082,10.15999984741211,10.119999885559082,10.140000343322754,8070600,2024-12-18,9.251864433288574,-0.0019725410029590718,-0.0059288034376484555,-0.009940307552049665
2024-12-19,5,0.18385545359924435,0.8118258389894006,0.6,0.4,0.0,1,2024-12-19,2024-12-19,2024-12-19,9.197011947631836,10.0600004196167,10.119999885559082,10.039999961853027,10.100000381469727,8357800,2024-12-19,9.197011947631836,-0.0059288034376484555,-0.009940307552049665,0.012048194032952209
2024-12-20,5,0.27302935551851987,0.7397260156150826,0.6,0.4,0.0,1,2024-12-20,2024-12-20,2024-12-20,9.1055908203125,9.960000038146973,10.079999923706055,9.960000038146973,10.0600004196167,16617300,2024-12-20,9.1055908203125,-0.009940307552049665,0.012048194032952209,0.0
2024-12-23,5,0.24240359365940098,0.5346240985746895,0.8,0.2,0.0,1,2024-12-23,2024-12-23,2024-12-23,9.215296745300293,10.079999923706055,10.079999923706055,9.960000038146973,9.989999771118164,7289400,2024-12-23,9.215296745300293,0.012048194032952209,0.0,0.00396815089073832
2024-12-24,8,0.37825952883576974,0.6035123318770568,0.5,0.125,0.375,1,2024-12-24,2024-12-24,2024-12-24,9.215296745300293,10.079999923706055,10.119999885559082,10.020000457763672,10.079999923706055,5510500,2024-12-24,9.215296745300293,0.0,0.00396815089073832,-0.0019762334528330427
2024-12-26,9,0.6444447345307304,0.29602370465055505,1.0,0.0,0.0,2,2024-12-25,2024-12-26,2024-12-26,9.251864433288574,10.119999885559082,10.180000305175781,10.0600004196167,10.079999923706055,3892000,2024-12-26,9.251864433288574,0.00396815089073832,-0.0019762334528330427,0.013861439927718155
2024-12-27,6,0.7775608722586185,0.18550971126151264,1.0,0.0,0.0,1,2024-12-27,2024-12-27,2024-12-27,9.233580589294434,10.100000381469727,10.15999984741211,10.100000381469727,10.119999885559082,2381800,2024-12-27,9.233580589294434,-0.0019762334528330427,0.013861439927718155,0.0
2024-12-30,5,0.06436663195490835,0.8267660544268817,0.6,0.4,0.0,1,2024-12-30,2024-12-30,2024-12-30,9.361571311950684,10.239999771118164,10.239999771118164,10.100000381469727,10.100000381469727,5907300,2024-12-30,9.361571311950684,0.013861439927718155,0.0,-0.005859324661311449
2024-12-31,4,0.09630712494254114,0.6364563968223241,0.5,0.5,0.0,1,2024-12-31,2024-12-31,2024-12-31,9.361571311950684,10.239999771118164,10.279999732971191,10.180000305175781,10.239999771118164,6723100,2024-12-31,9.361571311950684,0.0,-0.005859324661311449,-0.00392927328579884
2025-01-02,13,0.32612386564365947,0.697126888914216,0.6923076923076923,0.3076923076923077,0.0,2,2025-01-01,2025-01-02,2025-01-02,9.306718826293945,10.180000305175781,10.220000267028809,10.140000343322754,10.199999809265137,5317400,2025-01-02,9.306718826293945,-0.005859324661311449,-0.00392927328579884,-0.003944876254274865
2025-01-03,9,0.032325587028430594,0.6948368141090321,0.4444444444444444,0.5555555555555556,0.0,1,2025-01-03,2025-01-03,2025-01-03,9.270150184631348,10.140000343322754,10.180000305175781,10.119999885559082,10.15999984741211,5622100,2025-01-03,9.270150184631348,-0.00392927328579884,-0.003944876254274865,0.005940543338121218
2025-01-06,5,-0.06340395696461196,0.7749160925412582,0.4,0.4,0.2,1,2025-01-06,2025-01-06,2025-01-06,9.233580589294434,10.100000381469727,10.15999984741211,10.079999923706055,10.140000343322754,10345600,2025-01-06,9.233580589294434,-0.003944876254274865,0.005940543338121218,-0.009842470369504919
2025-01-07,5,0.1136833627242595,0.771337525263588,0.4,0.6,0.0,1,2025-01-07,2025-01-07,2025-01-07,9.288433074951172,10.15999984741211,10.15999984741211,10.100000381469727,10.100000381469727,8476000,2025-01-07,9.288433074951172,0.005940543338121218,-0.009842470369504919,0.001988123726768043
2025-01-08,8,0.2544860065099783,0.7435041640346898,0.625,0.375,0.0,1,2025-01-08,2025-01-08,2025-01-08,9.197011947631836,10.0600004196167,10.15999984741211,10.0600004196167,10.140000343322754,8759200,2025-01-08,9.197011947631836,-0.009842470369504919,0.001988123726768043,0.001984075445369049
2025-01-09,9,-0.2639702315856185,0.703686052994009,0.3333333333333333,0.6666666666666666,0.0,1,2025-01-09,2025-01-09,2025-01-09,9.215296745300293,10.079999923706055,10.15999984741211,10.0600004196167,10.0600004196167,10233100,2025-01-09,9.215296745300293,0.001988123726768043,0.001984075445369049,-0.0019801466849532767
2025-01-10,7,0.5098947099010859,0.455056317727057,0.8571428571428571,0.0,0.14285714285714285,1,2025-01-10,2025-01-10,2025-01-10,9.233580589294434,10.100000381469727,10.119999885559082,10.079999923706055,10.100000381469727,2682500,2025-01-10,9.233580589294434,0.001984075445369049,-0.0019801466849532767,0.011904659648581006
2025-01-13,10,0.020628439914435158,0.7425200830158298,0.4,0.6,0.0,2,2025-01-11,2025-01-13,2025-01-13,9.215296745300293,10.079999923706055,10.119999885559082,10.0600004196167,10.100000381469727,10214700,2025-01-13,9.215296745300293,-0.0019801466849532767,0.011904659648581006,-0.00588220073833301
2025-01-14,8,-0.1491930619813502,0.7057142807354221,0.375,0.5,0.125,1,2025-01-14,2025-01-14,2025-01-14,9.32500171661377,10.199999809265137,10.300000190734863,10.100000381469727,10.100000381469727,19973500,2025-01-14,9.32500171661377,0.011904659648581006,-0.00588220073833301,0.0
2025-01-15,7,-0.009216642805508221,0.6962460095290636,0.5714285714285714,0.42857142857142855,0.0,1,2025-01-15,2025-01-15,2025-01-15,9.270150184631348,10.140000343322754,10.279999732971191,10.100000381469727,10.279999732971191,11024100,2025-01-15,9.270150184631348,-0.00588220073833301,0.0,0.0
2025-01-16,8,0.38837389409309253,0.6709670300262957,0.75,0.25,0.0,1,2025-01-16,2025-01-16,2025-01-16,9.270150184631348,10.140000343322754,10.220000267028809,10.140000343322754,10.180000305175781,9931100,2025-01-16,9.270150184631348,0.0,0.0,0.013806655386675803
2025-01-17,5,0.1267548336647451,0.907760293836749,0.6,0.4,0.0,1,2025-01-17,2025-01-17,2025-01-17,9.270150184631348,10.140000343322754,10.199999809265137,10.079999923706055,10.140000343322754,15633400,2025-01-17,9.270150184631348,0.0,0.013806655386675803,0.0
2025-01-20,8,0.23193836855352856,0.6370810128479687,0.375,0.25,0.375,1,2025-01-20,2025-01-20,2025-01-20,9.398139953613281,10.279999732971191,10.300000190734863,10.140000343322754,10.140000343322754,8638800,2025-01-20,9.398139953613281,0.013806655386675803,0.0,0.007782000482208229
2025-01-21,3,0.8754049086322387,0.05907144388949818,1.0,0.0,0.0,1,2025-01-21,2025-01-21,2025-01-21,9.398139953613281,10.279999732971191,10.300000190734863,10.199999809265137,10.279999732971191,5418900,2025-01-21,9.398139953613281,0.0,0.007782000482208229,0.0
2025-01-22,9,0.6840120255947113,0.35962319878416793,0.8888888888888888,0.0,0.1111111111111111,1,2025-01-22,2025-01-22,2025-01-22,9.47127628326416,10.359999656677246,10.359999656677246,10.260000228881836,10.279999732971191,8926100,2025-01-22,9.47127628326416,0.007782000482208229,0.0,0.003861105329757253
2025-01-23,10,-0.057998912036418916,0.7317984080758928,0.4,0.5,0.1,1,2025-01-23,2025-01-23,2025-01-23,9.47127628326416,10.359999656677246,10.380000114440918,10.279999732971191,10.359999656677246,9697800,2025-01-23,9.47127628326416,0.0,0.003861105329757253,-0.0038462545358691758
2025-01-24,7,0.28483904113194775,0.6469820042319319,0.5714285714285714,0.2857142857142857,0.14285714285714285,1,2025-01-24,2025-01-24,2025-01-24,9.507845878601074,10.399999618530273,10.399999618530273,10.319999694824219,10.359999656677246,11596300,2025-01-24,9.507845878601074,0.003861105329757253,-0.0038462545358691758,-0.011582913224411628
2025-01-27,7,-0.25614623053531566,0.7185479549619814,0.14285714285714285,0.7142857142857143,0.14285714285714285,1,2025-01-27,2025-01-27,2025-01-27,9.47127628326416,10.359999656677246,10.380000114440918,10.319999694824219,10.359999656677246,3223800,2025-01-27,9.47127628326416,-0.0038462545358691758,-0.011582913224411628,0.009765676930425737
2025-01-28,11,-0.1996236806312068,0.843141922273753,0.36363636363636365,0.6363636363636364,0.0,1,2025-01-28,2025-01-28,2025-01-28,9.361571311950684,10.239999771118164,10.399999618530273,10.239999771118164,10.359999656677246,3640700,2025-01-28,9.361571311950684,-0.011582913224411628,0.009765676930425737,-0.0038684721487155516
2025-01-31,14,0.5749265345013035,0.5339448049816992,0.8571428571428571,0.14285714285714285,0.0,3,2025-01-29,2025-01-31,2025-01-31,9.452993392944336,10.34000015258789,10.359999656677246,10.199999809265137,10.239999771118164,7709000,2025-01-31,9.452993392944336,0.009765676930425737,-0.0038684721487155516,0.007766990684573871
2025-02-03,8,-0.15540535468608144,0.5884006703233087,0.375,0.5,0.125,1,2025-02-03,2025-02-03,2025-02-03,9.416424751281738,10.300000190734863,10.34000015258789,10.239999771118164,10.319999694824219,4994800,2025-02-03,9.416424751281738,-0.0038684721487155516,0.007766990684573871,-0.003853564740842419
2025-02-04,4,0.5170812488067896,0.4685975823582572,0.75,0.25,0.0,1,2025-02-04,2025-02-04,2025-02-04,9.489562034606934,10.380000114440918,10.399999618530273,10.260000228881836,10.279999732971191,10817200,2025-02-04,9.489562034606934,0.007766990684573871,-0.003853564740842419,0.007736843411470851
2025-02-05,5,0.3796362358145416,0.7499642848783294,0.8,0.2,0.0,1,2025-02-05,2025-02-05,2025-02-05,9.452993392944336,10.34000015258789,10.399999618530273,10.34000015258789,10.380000114440918,6038400,2025-02-05,9.452993392944336,-0.003853564740842419,0.007736843411470851,0.0
2025-02-06,7,0.5279816760947662,0.4924177491063921,0.7142857142857143,0.0,0.2857142857142857,1,2025-02-06,2025-02-06,2025-02-06,9.526129722595215,10.420000076293945,10.420000076293945,10.319999694824219,10.34000015258789,12903300,2025-02-06,9.526129722595215,0.007736843411470851,0.0,0.003838772169547422
2025-02-07,4,-0.08089547697454688,0.906600208159647,0.5,0.5,0.0,1,2025-02-07,2025-02-07,2025-02-07,9.526129722595215,10.420000076293945,10.4399995803833,10.399999618530273,10.420000076293945,6398400,2025-02-07,9.526129722595215,0.0,0.003838772169547422,0.013384373090197688
2025-02-10,2,-0.40270740538835537,0.6959921620087548,0.5,0.5,0.0,1,2025-02-10,2025-02-10,2025-02-10,9.562698364257812,10.460000038146973,10.460000038146973,10.380000114440918,10.420000076293945,6433900,2025-02-10,9.562698364257812,0.003838772169547422,0.013384373090197688,-0.007547170554048299
2025-02-12,9,0.6495010970781246,0.34984889007411957,0.8888888888888888,0.0,0.1111111111111111,2,2025-02-11,2025-02-12,2025-02-12,9.690689086914062,10.600000381469727,10.600000381469727,10.460000038146973,10.479999542236328,11945900,2025-02-12,9.690689086914062,0.013384373090197688,-0.007547170554048299,0.0038023809056342284
2025-02-13,9,0.2643906203512516,0.6861116665829898,0.6666666666666666,0.3333333333333333,0.0,1,2025-02-13,2025-02-13,2025-02-13,9.617551803588867,10.520000457763672,10.640000343322754,10.5,10.600000381469727,6888700,2025-02-13,9.617551803588867,-0.007547170554048299,0.0038023809056342284,0.0
2025-02-14,6,0.2459774039064845,0.854726966187543,0.6666666666666666,0.3333333333333333,0.0,1,2025-02-14,2025-02-14,2025-02-14,9.654121398925781,10.5600004196167,10.5600004196167,10.479999542236328,10.5,5132600,2025-02-14,9.654121398925781,0.0038023809056342284,0.0,-0.0018939887860216498
2025-02-17,7,-0.38042948255315423,0.31256149791730886,0.0,0.5714285714285714,0.42857142857142855,1,2025-02-17,2025-02-17,2025-02-17,9.654121398925781,10.5600004196167,10.5600004196167,10.479999542236328,10.5600004196167,3827600,2025-02-17,9.654121398925781,0.0,-0.0018939887860216498,-0.0037950666014641143
2025-02-18,9,0.10063338155547775,0.586099212254488,0.5555555555555556,0.4444444444444444,0.0,1,2025-02-18,2025-02-18,2025-02-18,9.635836601257324,10.539999961853027,10.539999961853027,10.359999656677246,10.5,12645300,2025-02-18,9.635836601257324,-0.0018939887860216498,-0.0037950666014641143,-0.005714335672464155
2025-02-19,10,-0.08367613912560042,0.7419234297407752,0.4,0.6,0.0,1,2025-02-19,2025-02-19,2025-02-19,9.599267959594727,10.5,10.539999961853027,10.460000038146973,10.5,11660500,2025-02-19,9.599267959594727,-0.0037950666014641143,-0.005714335672464155,0.005747176970844592
2025-02-20,11,0.1358514917506413,0.8625956379218988,0.5454545454545454,0.45454545454545453,0.0,1,2025-02-20,2025-02-20,2025-02-20,9.544414520263672,10.4399995803833,10.5,10.399999618530273,10.460000038146973,8891800,2025-02-20,9.544414520263672,-0.005714335672464155,0.005747176970844592,-0.0019048116737048204
2025-02-21,5,0.6226732073351741,0.31544535473074337,1.0,0.0,0.0,1,2025-02-21,2025-02-21,2025-02-21,9.599267959594727,10.5,10.539999961853027,10.420000076293945,10.4399995803833,11116300,2025-02-21,9.599267959594727,0.005747176970844592,-0.0019048116737048204,-0.001908446905649397
2025-02-24,6,-0.1591539951817443,0.6963820189757269,0.3333333333333333,0.6666666666666666,0.0,1,2025-02-24,2025-02-24,2025-02-24,9.58098316192627,10.479999542236328,10.539999961853027,10.4399995803833,10.479999542236328,7864000,2025-02-24,9.58098316192627,-0.0019048116737048204,-0.001908446905649397,0.022944554101557157
2025-02-25,5,-0.12844835054129358,0.7896439723444961,0.4,0.6,0.0,1,2025-02-25,2025-02-25,2025-02-25,9.562698364257812,10.460000038146973,10.520000457763672,10.4399995803833,10.5,8278900,2025-02-25,9.562698364257812,-0.001908446905649397,0.022944554101557157,-0.0037383183036916456
2025-02-26,16,0.39118672776385216,0.5093609725683478,0.75,0.0625,0.1875,1,2025-02-26,2025-02-26,2025-02-26,9.782110214233398,10.699999809265137,10.760000228881836,10.460000038146973,10.460000038146973,12926700,2025-02-26,9.782110214233398,0.022944554101557157,-0.0037383183036916456,0.005628567578577881
2025-02-27,11,0.6182316059288993,0.48227221806849574,0.8181818181818182,0.18181818181818182,0.0,1,2025-02-27,2025-02-27,2025-02-27,9.7455415725708,10.65999984741211,10.720000267028809,10.640000343322754,10.699999809265137,7396500,2025-02-27,9.7455415725708,-0.0037383183036916456,0.005628567578577881,-0.003731440956461718
2025-02-28,8,-0.36745194182731217,0.738511750958154,0.25,0.75,0.0,1,2025-02-28,2025-02-28,2025-02-28,9.800395011901855,10.720000267028809,10.739999771118164,10.640000343322754,10.680000305175781,28644300,2025-02-28,9.800395011901855,0.005628567578577881,-0.003731440956461718,-0.00749054049315534
2025-03-03,6,0.21876976250981292,0.7340296920627218,0.6666666666666666,0.3333333333333333,0.0,1,2025-03-03,2025-03-03,2025-03-03,9.763825416564941,10.680000305175781,10.739999771118164,10.640000343322754,10.680000305175781,7335000,2025-03-03,9.763825416564941,-0.003731440956461718,-0.00749054049315534,-0.001886841844213949
2025-03-04,3,-0.37499176524579525,0.2067272043294956,0.0,1.0,0.0,1,2025-03-04,2025-03-04,2025-03-04,9.690689086914062,10.600000381469727,10.680000305175781,10.579999923706055,10.640000343322754,10536900,2025-03-04,9.690689086914062,-0.00749054049315534,-0.001886841844213949,-0.0018902115516565843
2025-03-05,4,0.6741354926489294,0.2580926330671386,1.0,0.0,0.0,1,2025-03-05,2025-03-05,2025-03-05,9.672404289245605,10.579999923706055,10.65999984741211,10.5600004196167,10.600000381469727,9949000,2025-03-05,9.672404289245605,-0.001886841844213949,-0.0018902115516565843,0.007575658791593165
2025-03-06,9,-0.041981791663500995,0.6698052623263692,0.4444444444444444,0.5555555555555556,0.0,1,2025-03-06,2025-03-06,2025-03-06,9.654121398925781,10.5600004196167,10.680000305175781,10.539999961853027,10.619999885559082,8011300,2025-03-06,9.654121398925781,-0.0018902115516565843,0.007575658791593165,-0.0056391473179441265
2025-03-07,12,0.176172675875326,0.7468679121435413,0.5833333333333334,0.4166666666666667,0.0,1,2025-03-07,2025-03-07,2025-03-07,9.72725772857666,10.640000343322754,10.640000343322754,10.539999961853027,10.539999961853027,13601100,2025-03-07,9.72725772857666,0.007575658791593165,-0.0056391473179441265,-0.0018902115516565843
2025-03-10,4,-0.6307807557750493,0.3622846243178786,0.0,1.0,0.0,1,2025-03-10,2025-03-10,2025-03-10,9.672404289245605,10.579999923706055,10.640000343322754,10.539999961853027,10.640000343322754,10654600,2025-03-10,9.672404289245605,-0.0056391473179441265,-0.0018902115516565843,-0.005859481501677366
2025-03-11,1,-0.7369777709245682,0.0,0.0,1.0,0.0,1,2025-03-11,2025-03-11,2025-03-11,9.654121398925781,10.5600004196167,10.600000381469727,10.4399995803833,10.5600004196167,19060800,2025-03-11,9.654121398925781,-0.0018902115516565843,-0.005859481501677366,0.01178783604226008
2025-03-12,7,-0.25428338651545346,0.7456965026780616,0.42857142857142855,0.5714285714285714,0.0,1,2025-03-12,2025-03-12,2025-03-12,9.597553253173828,10.180000305175781,10.220000267028809,10.100000381469727,10.220000267028809,18772300,2025-03-12,9.597553253173828,-0.005859481501677366,0.01178783604226008,0.0019416848336453185
2025-03-13,7,0.35554593562015474,0.44072530515328356,0.8571428571428571,0.14285714285714285,0.0,1,2025-03-13,2025-03-13,2025-03-13,9.710687637329102,10.300000190734863,10.319999694824219,10.140000343322754,10.180000305175781,11848700,2025-03-13,9.710687637329102,0.01178783604226008,0.0019416848336453185,0.009689904054678511
2025-03-14,9,-0.049173894183089324,0.6757234589261728,0.5555555555555556,0.4444444444444444,0.0,1,2025-03-14,2025-03-14,2025-03-14,9.72954273223877,10.319999694824219,10.399999618530273,10.199999809265137,10.260000228881836,12181600,2025-03-14,9.72954273223877,0.0019416848336453185,0.009689904054678511,-0.005758165960798256
2025-03-17,7,0.16774315453533611,0.6270419179530232,0.42857142857142855,0.2857142857142857,0.2857142857142857,1,2025-03-17,2025-03-17,2025-03-17,9.823821067810059,10.420000076293945,10.4399995803833,10.319999694824219,10.34000015258789,12164200,2025-03-17,9.823821067810059,0.009689904054678511,-0.005758165960798256,-0.017374445746744627
2025-03-19,7,-0.1693062115061496,0.727975707432209,0.2857142857142857,0.5714285714285714,0.14285714285714285,2,2025-03-18,2025-03-19,2025-03-19,9.767253875732422,10.359999656677246,10.460000038146973,10.34000015258789,10.399999618530273,14737900,2025-03-19,9.767253875732422,-0.005758165960798256,-0.017374445746744627,0.0
2025-03-20,10,0.25767152924090625,0.8226164738601368,0.6,0.3,0.1,1,2025-03-20,2025-03-20,2025-03-20,9.597553253173828,10.180000305175781,10.399999618530273,10.15999984741211,10.359999656677246,9345500,2025-03-20,9.597553253173828,-0.017374445746744627,0.0,-0.0019647718289100835
2025-03-21,9,0.45603898144327104,0.38127527132609307,0.8888888888888888,0.0,0.1111111111111111,1,2025-03-21,2025-03-21,2025-03-21,9.597553253173828,10.180000305175781,10.279999732971191,10.180000305175781,10.199999809265137,20309800,2025-03-21,9.597553253173828,0.0,-0.0019647718289100835,0.005905620584486737
2025-03-24,9,0.00963217858225106,0.7195920347366859,0.5555555555555556,0.4444444444444444,0.0,1,2025-03-24,2025-03-24,2025-03-24,9.578696250915527,10.15999984741211,10.279999732971191,10.15999984741211,10.180000305175781,7825900,2025-03-24,9.578696250915527,-0.0019647718289100835,0.005905620584486737,-0.003913867014038064
2025-03-25,6,0.5746779404580593,0.6860616107203082,0.8333333333333334,0.16666666666666666,0.0,1,2025-03-25,2025-03-25,2025-03-25,9.63526439666748,10.220000267028809,10.279999732971191,10.15999984741211,10.199999809265137,10897000,2025-03-25,9.63526439666748,0.005905620584486737,-0.003913867014038064,0.017681654696990012
2025-03-26,8,0.34324510337319225,0.7431401720824221,0.625,0.25,0.125,1,2025-03-26,2025-03-26,2025-03-26,9.597553253173828,10.180000305175781,10.300000190734863,10.180000305175781,10.220000267028809,14890200,2025-03-26,9.597553253173828,-0.003913867014038064,0.017681654696990012,-0.023166057848944765
2025-03-27,13,0.4644463604602676,0.39461869891151263,0.7692307692307693,0.07692307692307693,0.15384615384615385,1,2025-03-27,2025-03-27,2025-03-27,9.767253875732422,10.359999656677246,10.399999618530273,10.180000305175781,10.180000305175781,12466300,2025-03-27,9.767253875732422,0.017681654696990012,-0.023166057848944765,0.019762909457873068
2025-03-28,8,-0.3093056529760361,0.726040619408257,0.375,0.625,0.0,1,2025-03-28,2025-03-28,2025-03-28,9.540985107421875,10.119999885559082,10.420000076293945,10.119999885559082,10.359999656677246,14794700,2025-03-28,9.540985107421875,-0.023166057848944765,0.019762909457873068,-0.005813962036489317
2025-04-02,10,0.10360021726228297,0.6304264257648613,0.6,0.4,0.0,3,2025-03-31,2025-04-02,2025-04-02,9.72954273223877,10.319999694824219,10.34000015258789,10.180000305175781,10.180000305175781,11658100,2025-04-02,9.72954273223877,0.019762909457873068,-0.005813962036489317,-0.0019493534854602146
2025-04-03,12,-0.23316993036617836,0.7541594323583657,0.4166666666666667,0.5833333333333334,0.0,1,2025-04-03,2025-04-03,2025-04-03,9.672975540161133,10.260000228881836,10.279999732971191,10.199999809265137,10.260000228881836,3435200,2025-04-03,9.672975540161133,-0.005813962036489317,-0.0019493534854602146,-0.0234374367163821
2025-04-04,6,-0.3093220678468546,0.5953183299722404,0.3333333333333333,0.6666666666666666,0.0,1,2025-04-04,2025-04-04,2025-04-04,9.654119491577148,10.239999771118164,10.260000228881836,10.15999984741211,10.199999809265137,11496600,2025-04-04,9.654119491577148,-0.0019493534854602146,-0.0234374367163821,-0.012000017398659635
2025-04-07,9,-0.5670642592012882,0.46645802689618066,0.1111111111111111,0.7777777777777778,0.1111111111111111,2,2025-04-05,2025-04-07,2025-04-07,9.427851676940918,10.0,10.140000343322754,9.869999885559082,10.119999885559082,32825100,2025-04-07,9.427851676940918,-0.0234374367163821,-0.012000017398659635,-0.03846152664804581
2025-04-08,5,0.4020179307088256,0.7510990675438117,0.8,0.2,0.0,1,2025-04-08,2025-04-08,2025-04-08,9.314717292785645,9.880000114440918,10.020000457763672,9.880000114440918,10.0,23089300,2025-04-08,9.314717292785645,-0.012000017398659635,-0.03846152664804581,0.05157893369428268
2025-04-09,13,-0.31068902942710197,0.6687232099538194,0.23076923076923078,0.6153846153846154,0.15384615384615385,1,2025-04-09,2025-04-09,2025-04-09,8.956459045410156,9.5,9.880000114440918,9.319999694824219,9.869999885559082,33584300,2025-04-09,8.956459045410156,-0.03846152664804581,0.05157893369428268,-0.017017025125626084
2025-04-10,12,0.23674519724833468,0.6620852993428756,0.6666666666666666,0.3333333333333333,0.0,1,2025-04-10,2025-04-10,2025-04-10,9.418423652648926,9.989999771118164,10.079999923706055,9.880000114440918,9.979999542236328,15033600,2025-04-10,9.418423652648926,0.05157893369428268,-0.017017025125626084,0.00712833726519313
2025-04-11,6,-0.37112260501210886,0.7446456188221106,0.3333333333333333,0.6666666666666666,0.0,1,2025-04-11,2025-04-11,2025-04-11,9.258150100708008,9.819999694824219,9.899999618530273,9.720000267028809,9.850000381469727,10373900,2025-04-11,9.258150100708008,-0.017017025125626084,0.00712833726519313,0.005055602007757898
2025-04-14,8,0.20708621316589415,0.7335831926388396,0.625,0.25,0.125,1,2025-04-14,2025-04-14,2025-04-14,9.324145317077637,9.890000343322754,9.979999542236328,9.850000381469727,9.899999618530273,10707000,2025-04-14,9.324145317077637,0.00712833726519313,0.005055602007757898,-0.010060342925622412
2025-04-15,8,0.6638844733824955,0.4991801417132713,0.875,0.125,0.0,1,2025-04-15,2025-04-15,2025-04-15,9.371284484863281,9.9399995803833,9.960000038146973,9.899999618530273,9.899999618530273,6780200,2025-04-15,9.371284484863281,0.005055602007757898,-0.010060342925622412,0.003048733475704113
2025-04-16,12,-0.22777936743417138,0.6681019121639675,0.25,0.75,0.0,1,2025-04-16,2025-04-16,2025-04-16,9.277006149291992,9.84000015258789,9.960000038146973,9.8100004196167,9.9399995803833,6038900,2025-04-16,9.277006149291992,-0.010060342925622412,0.003048733475704113,0.015197642217321672
2025-04-17,7,0.21240749921915786,0.715682524258509,0.7142857142857143,0.2857142857142857,0.0,1,2025-04-17,2025-04-17,2025-04-17,9.305289268493652,9.869999885559082,9.890000343322754,9.8100004196167,9.84000015258789,5321100,2025-04-17,9.305289268493652,0.003048733475704113,0.015197642217321672,-0.003992088912211256
2025-04-18,7,0.49074253865650724,0.3914279334119815,0.8571428571428571,0.14285714285714285,0.0,1,2025-04-18,2025-04-18,2025-04-18,9.446707725524902,10.020000457763672,10.0600004196167,9.869999885559082,9.869999885559082,5759800,2025-04-18,9.446707725524902,0.015197642217321672,-0.003992088912211256,-0.003006067171583471
2025-04-21,8,-0.20985188824124631,0.6019376074870783,0.375,0.5,0.125,1,2025-04-21,2025-04-21,2025-04-21,9.408995628356934,9.979999542236328,10.039999961853027,9.970000267028809,10.039999961853027,3345700,2025-04-21,9.408995628356934,-0.003992088912211256,-0.003006067171583471,0.0
2025-04-22,3,-0.375076487660408,0.10570485440026678,0.0,1.0,0.0,1,2025-04-22,2025-04-22,2025-04-22,9.380711555480957,9.949999809265137,9.970000267028809,9.899999618530273,9.970000267028809,6512000,2025-04-22,9.380711555480957,-0.003006067171583471,0.0,0.0
2025-04-23,5,0.49934871345758436,0.35488945966151214,1.0,0.0,0.0,1,2025-04-23,2025-04-23,2025-04-23,9.380711555480957,9.949999809265137,10.0,9.90999984741211,9.989999771118164,7732300,2025-04-23,9.380711555480957,0.0,0.0,-0.008040145626611594
2025-04-24,5,0.08002988044172527,0.6866761698799052,0.4,0.4,0.2,1,2025-04-24,2025-04-24,2025-04-24,9.380711555480957,9.949999809265137,9.989999771118164,9.930000305175781,9.949999809265137,9293800,2025-04-24,9.380711555480957,0.0,-0.008040145626611594,0.012158072778922557
2025-04-25,3,0.8480214506077269,0.11600538043371444,1.0,0.0,0.0,1,2025-04-25,2025-04-25,2025-04-25,9.305289268493652,9.869999885559082,9.970000267028809,9.869999885559082,9.960000038146973,9179100,2025-04-25,9.305289268493652,-0.008040145626611594,0.012158072778922557,-0.004004077386916216
2025-04-28,7,0.4763828579868589,0.6083659241344997,0.8571428571428571,0.14285714285714285,0.0,2,2025-04-26,2025-04-28,2025-04-28,9.418423652648926,9.989999771118164,9.989999771118164,9.899999618530273,9.90999984741211,10079900,2025-04-28,9.418423652648926,0.012158072778922557,-0.004004077386916216,0.004020174476629501
2025-04-29,12,0.13286605341515198,0.7800371920445005,0.5833333333333334,0.4166666666666667,0.0,1,2025-04-29,2025-04-29,2025-04-29,9.380711555480957,9.949999809265137,10.0,9.949999809265137,9.989999771118164,6401100,2025-04-29,9.380711555480957,-0.004004077386916216,0.004020174476629501,0.0
2025-04-30,6,0.844763815208959,0.10314822169015929,1.0,0.0,0.0,1,2025-04-30,2025-04-30,2025-04-30,9.418423652648926,9.989999771118164,10.0,9.9399995803833,9.989999771118164,13948400,2025-04-30,9.418423652648926,0.004020174476629501,0.0,0.0010010193467291373
2025-05-02,7,0.6453722625571702,0.4248663165234448,0.7142857142857143,0.0,0.2857142857142857,2,2025-05-01,2025-05-02,2025-05-02,9.418423652648926,9.989999771118164,10.039999961853027,9.960000038146973,9.989999771118164,18469500,2025-05-02,9.418423652648926,0.0,0.0010010193467291373,-0.003999972081220604
2025-05-05,3,-0.3675483309974273,0.6118967658018446,0.3333333333333333,0.6666666666666666,0.0,1,2025-05-05,2025-05-05,2025-05-05,9.427851676940918,10.0,10.0600004196167,9.989999771118164,10.020000457763672,6860500,2025-05-05,9.427851676940918,0.0010010193467291373,-0.003999972081220604,0.004016036113551946
2025-05-06,8,0.487917123013176,0.48074910364826,0.75,0.0,0.25,1,2025-05-06,2025-05-06,2025-05-06,9.390140533447266,9.960000038146973,10.020000457763672,9.949999809265137,10.0,5588400,2025-05-06,9.390140533447266,-0.003999972081220604,0.004016036113551946,-0.012000017398659635
2025-05-07,9,0.39554539211611783,0.5265036193991551,0.6666666666666666,0.2222222222222222,0.1111111111111111,1,2025-05-07,2025-05-07,2025-05-07,9.427851676940918,10.0,10.020000457763672,9.960000038146973,9.979999542236328,16094000,2025-05-07,9.427851676940918,0.004016036113551946,-0.012000017398659635,0.0010121642982439116
2025-05-08,7,-0.31556150317192083,0.6235023627796649,0.2857142857142857,0.7142857142857143,0.0,1,2025-05-08,2025-05-08,2025-05-08,9.314717292785645,9.880000114440918,10.0600004196167,9.880000114440918,10.0,12018800,2025-05-08,9.314717292785645,-0.012000017398659635,0.0010121642982439116,0.03134475290411509
2025-05-09,8,0.5590290744439699,0.43907603162194353,0.875,0.125,0.0,1,2025-05-09,2025-05-09,2025-05-09,9.324145317077637,9.890000343322754,9.9399995803833,9.890000343322754,9.930000305175781,8175900,2025-05-09,9.324145317077637,0.0010121642982439116,0.03134475290411509,0.0
2025-05-13,10,0.21380232945084576,0.6137819000296583,0.5,0.4,0.1,2,2025-05-12,2025-05-13,2025-05-13,9.616408348083496,10.199999809265137,10.239999771118164,9.979999542236328,9.979999542236328,33513000,2025-05-13,9.616408348083496,0.03134475290411509,0.0,-0.00980390309549184
2025-05-14,14,0.3843602152940418,0.5858870148104267,0.7142857142857143,0.2857142857142857,0.0,1,2025-05-14,2025-05-14,2025-05-14,9.616408348083496,10.199999809265137,10.279999732971191,10.119999885559082,10.220000267028809,16646600,2025-05-14,9.616408348083496,0.0,-0.00980390309549184,0.003960368472610609
2025-05-15,8,0.25103409652365377,0.6657644913175073,0.75,0.25,0.0,1,2025-05-15,2025-05-15,2025-05-15,9.522130012512207,10.100000381469727,10.220000267028809,10.079999923706055,10.199999809265137,10899600,2025-05-15,9.522130012512207,-0.00980390309549184,0.003960368472610609,0.0
2025-05-16,10,0.014389582490548475,0.659813229816613,0.6,0.4,0.0,1,2025-05-16,2025-05-16,2025-05-16,9.55984115600586,10.140000343322754,10.180000305175781,10.079999923706055,10.100000381469727,6301900,2025-05-16,9.55984115600586,0.003960368472610609,0.0,-0.009861814684833381
2025-05-19,8,0.41538260437664576,0.8184552517097929,0.75,0.25,0.0,2,2025-05-18,2025-05-19,2025-05-19,9.55984115600586,10.140000343322754,10.15999984741211,10.079999923706055,10.140000343322754,7294200,2025-05-19,9.55984115600586,0.0,-0.009861814684833381,-0.003984136398839988
2025-05-20,6,0.29035819151128334,0.4307206808936324,0.8333333333333334,0.16666666666666666,0.0,1,2025-05-20,2025-05-20,2025-05-20,9.465563774108887,10.039999961853027,10.180000305175781,10.0,10.140000343322754,8251600,2025-05-20,9.465563774108887,-0.009861814684833381,-0.003984136398839988,-0.018000026097989452
2025-05-21,9,-0.043842909676540254,0.7233845957415506,0.5555555555555556,0.4444444444444444,0.0,1,2025-05-21,2025-05-21,2025-05-21,9.427851676940918,10.0,10.0600004196167,9.979999542236328,10.039999961853027,9415900,2025-05-21,9.427851676940918,-0.003984136398839988,-0.018000026097989452,0.006109988654570575
2025-05-22,14,-0.3222825646932636,0.7657461365534862,0.35714285714285715,0.6428571428571429,0.0,1,2025-05-22,2025-05-22,2025-05-22,9.258150100708008,9.819999694824219,10.020000457763672,9.819999694824219,10.0,11412000,2025-05-22,9.258150100708008,-0.018000026097989452,0.006109988654570575,0.0040486571929754245
2025-05-23,11,0.6218138411641121,0.3165467517881884,0.9090909090909091,0.09090909090909091,0.0,1,2025-05-23,2025-05-23,2025-05-23,9.314717292785645,9.880000114440918,9.890000343322754,9.859999656677246,9.880000114440918,10907900,2025-05-23,9.314717292785645,0.006109988654570575,0.0040486571929754245,-0.007056478441903158
2025-05-26,10,0.05147168543189766,0.5968544704175641,0.5,0.4,0.1,1,2025-05-26,2025-05-26,2025-05-26,9.352429389953613,9.920000076293945,9.9399995803833,9.850000381469727,9.899999618530273,7002100,2025-05-26,9.352429389953613,0.0040486571929754245,-0.007056478441903158,-0.0010152469845542411
2025-05-27,10,0.31007790376897904,0.6546363392873548,0.5,0.5,0.0,1,2025-05-27,2025-05-27,2025-05-27,9.286434173583984,9.850000381469727,9.9399995803833,9.850000381469727,9.920000076293945,10954400,2025-05-27,9.286434173583984,-0.007056478441903158,-0.0010152469845542411,0.003048733475704113
2025-05-28,12,-0.21014246569635972,0.7762073196454667,0.3333333333333333,0.5833333333333334,0.08333333333333333,1,2025-05-28,2025-05-28,2025-05-28,9.277006149291992,9.84000015258789,9.890000343322754,9.819999694824219,9.869999885559082,8025100,2025-05-28,9.277006149291992,-0.0010152469845542411,0.003048733475704113,-0.009118503340523554
2025-05-29,5,0.01774748675525184,0.6841614071672475,0.4,0.6,0.0,1,2025-05-29,2025-05-29,2025-05-29,9.305289268493652,9.869999885559082,9.890000343322754,9.819999694824219,9.850000381469727,8959200,2025-05-29,9.305289268493652,0.003048733475704113,-0.009118503340523554,-0.002045027213073314
2025-05-30,7,-0.382991278011884,0.6622710055891814,0.2857142857142857,0.7142857142857143,0.0,1,2025-05-30,2025-05-30,2025-05-30,9.220438957214355,9.779999732971191,9.899999618530273,9.779999732971191,9.890000343322754,29844200,2025-05-30,9.220438957214355,-0.009118503340523554,-0.002045027213073314,-0.00409833219654876
2025-06-03,6,0.4039112203754485,0.7380321975443971,0.6666666666666666,0.3333333333333333,0.0,3,2025-06-01,2025-06-03,2025-06-03,9.201582908630371,9.760000228881836,9.84000015258789,9.699999809265137,9.800000190734863,10002900,2025-06-03,9.201582908630371,-0.002045027213073314,-0.00409833219654876,-0.0020576508562375473
2025-06-04,7,0.6139278068273727,0.46007135517884595,0.8571428571428571,0.14285714285714285,0.0,1,2025-06-04,2025-06-04,2025-06-04,9.163871765136719,9.720000267028809,9.779999732971191,9.710000038146973,9.760000228881836,8806600,2025-06-04,9.163871765136719,-0.00409833219654876,-0.0020576508562375473,0.0
2025-06-05,12,0.11756941901209457,0.7065547365192569,0.5,0.4166666666666667,0.08333333333333333,1,2025-06-05,2025-06-05,2025-06-05,9.145015716552734,9.699999809265137,9.739999771118164,9.6899995803833,9.729999542236328,8953900,2025-06-05,9.145015716552734,-0.0020576508562375473,0.0,-0.002061789229682809
2025-06-06,3,-0.18755893812825283,0.9704168964250507,0.3333333333333333,0.6666666666666666,0.0,1,2025-06-06,2025-06-06,2025-06-06,9.145015716552734,9.699999809265137,9.710000038146973,9.680000305175781,9.6899995803833,5942700,2025-06-06,9.145015716552734,0.0,-0.002061789229682809,-0.002066153486195099
2025-06-09,7,0.3164507086787905,0.6296876371325427,0.7142857142857143,0.2857142857142857,0.0,1,2025-06-09,2025-06-09,2025-06-09,9.126160621643066,9.680000305175781,9.720000267028809,9.680000305175781,9.710000038146973,4156400,2025-06-09,9.126160621643066,-0.002061789229682809,-0.002066153486195099,0.00414075791482893
2025-06-10,5,-0.18350351843982932,0.6751838078489165,0.2,0.8,0.0,1,2025-06-10,2025-06-10,2025-06-10,9.107304573059082,9.65999984741211,9.699999809265137,9.649999618530273,9.6899995803833,9601600,2025-06-10,9.107304573059082,-0.002066153486195099,0.00414075791482893,0.007216627296166456
2025-06-11,12,0.6279759579920211,0.4996364798569867,0.8333333333333334,0.08333333333333333,0.08333333333333333,1,2025-06-11,2025-06-11,2025-06-11,9.145015716552734,9.699999809265137,9.760000228881836,9.65999984741211,9.65999984741211,7224400,2025-06-11,9.145015716552734,0.00414075791482893,0.007216627296166456,-0.007164920733625291
2025-06-12,8,0.45784239732893184,0.5441871572137701,0.75,0.25,0.0,1,2025-06-12,2025-06-12,2025-06-12,9.21101188659668,9.770000457763672,9.819999694824219,9.6899995803833,9.699999809265137,9934800,2025-06-12,9.21101188659668,0.007216627296166456,-0.007164920733625291,-0.011340101472024244
2025-06-13,7,-0.6919513036097799,0.2776018775008578,0.0,1.0,0.0,1,2025-06-13,2025-06-13,2025-06-13,9.145015716552734,9.699999809265137,9.760000228881836,9.680000305175781,9.75,6997700,2025-06-13,9.145015716552734,-0.007164920733625291,-0.011340101472024244,-0.0041710875828187
2025-06-16,5,0.10418916698545218,0.589920560534295,0.6,0.2,0.2,1,2025-06-16,2025-06-16,2025-06-16,9.04131031036377,9.59000015258789,9.699999809265137,9.569999694824219,9.6899995803833,14727400,2025-06-16,9.04131031036377,-0.011340101472024244,-0.0041710875828187,0.007329765404079369
2025-06-17,7,0.1293212301763041,0.7840037753541705,0.5714285714285714,0.42857142857142855,0.0,1,2025-06-17,2025-06-17,2025-06-17,9.0035982131958,9.550000190734863,9.630000114440918,9.529999732971191,9.600000381469727,10413500,2025-06-17,9.0035982131958,-0.0041710875828187,0.007329765404079369,-0.0020789351847714244
2025-06-18,8,0.28174084168858826,0.7400668034359534,0.75,0.25,0.0,1,2025-06-18,2025-06-18,2025-06-18,9.069592475891113,9.619999885559082,9.640000343322754,9.550000190734863,9.550000190734863,8598600,2025-06-18,9.069592475891113,0.007329765404079369,-0.0020789351847714244,0.006250009219856745
2025-06-19,4,-0.4263439485803247,0.5792623973656232,0.25,0.75,0.0,1,2025-06-19,2025-06-19,2025-06-19,9.050737380981445,9.600000381469727,9.649999618530273,9.569999694824219,9.640000343322754,3742600,2025-06-19,9.050737380981445,-0.0020789351847714244,0.006250009219856745,0.0010352156575372806
2025-06-20,9,-0.049623702756232686,0.6923877381689715,0.5555555555555556,0.4444444444444444,0.0,1,2025-06-20,2025-06-20,2025-06-20,9.107304573059082,9.65999984741211,9.6899995803833,9.59000015258789,9.609999656677246,13607700,2025-06-20,9.107304573059082,0.006250009219856745,0.0010352156575372806,0.013443677012406452
2025-06-23,9,0.24246017671086723,0.6664202678068142,0.7777777777777778,0.2222222222222222,0.0,1,2025-06-23,2025-06-23,2025-06-23,9.116732597351074,9.670000076293945,9.6899995803833,9.579999923706055,9.600000381469727,5298600,2025-06-23,9.116732597351074,0.0010352156575372806,0.013443677012406452,-0.0010204268059494925
2025-06-24,6,-0.13712167708824086,0.7317715372422416,0.3333333333333333,0.5,0.16666666666666666,1,2025-06-24,2025-06-24,2025-06-24,9.23929500579834,9.800000190734863,9.84000015258789,9.649999618530273,9.670000076293945,22349600,2025-06-24,9.23929500579834,0.013443677012406452,-0.0010204268059494925,0.00204283495606683
2025-06-25,9,0.7834074149529139,0.23644698866593897,1.0,0.0,0.0,1,2025-06-25,2025-06-25,2025-06-25,9.229866981506348,9.789999961853027,9.890000343322754,9.720000267028809,9.829999923706055,6881000,2025-06-25,9.229866981506348,-0.0010204268059494925,0.00204283495606683,-0.011213047489850525
2025-06-26,10,0.5459940711967647,0.409183345424622,0.9,0.1,0.0,1,2025-06-26,2025-06-26,2025-06-26,9.248722076416016,9.8100004196167,9.8100004196167,9.760000228881836,9.789999961853027,13716700,2025-06-26,9.248722076416016,0.00204283495606683,-0.011213047489850525,0.002061893513190416
2025-06-30,7,0.5566770926650081,0.6603368832875837,0.8571428571428571,0.14285714285714285,0.0,2,2025-06-27,2025-06-30,2025-06-30,9.145015716552734,9.699999809265137,9.829999923706055,9.699999809265137,9.819999694824219,16988600,2025-06-30,9.145015716552734,-0.011213047489850525,0.002061893513190416,0.004115197643546509
2025-07-01,8,0.5948303523473442,0.3713624304024051,0.875,0.125,0.0,1,2025-07-01,2025-07-01,2025-07-01,9.163871765136719,9.720000267028809,9.760000228881836,9.6899995803833,9.699999809265137,9735300,2025-07-01,9.163871765136719,0.002061893513190416,0.004115197643546509,0.004098435838968184
2025-07-02,7,0.41052748050008503,0.6509377055827014,0.7142857142857143,0.2857142857142857,0.0,1,2025-07-02,2025-07-02,2025-07-02,9.201582908630371,9.760000228881836,9.8100004196167,9.710000038146973,9.720000267028809,10304200,2025-07-02,9.201582908630371,0.004115197643546509,0.004098435838968184,-0.006122560835697177
2025-07-03,12,0.025100264077385286,0.6871021602325962,0.4166666666666667,0.4166666666666667,0.16666666666666666,1,2025-07-03,2025-07-03,2025-07-03,9.23929500579834,9.800000190734863,9.800000190734863,9.710000038146973,9.760000228881836,8090300,2025-07-03,9.23929500579834,0.004098435838968184,-0.006122560835697177,-0.0020533219812630676
2025-07-04,10,0.5623925793450326,0.45806177296211037,0.8,0.2,0.0,1,2025-07-04,2025-07-04,2025-07-04,9.182726860046387,9.739999771118164,9.8100004196167,9.739999771118164,9.800000190734863,7461200,2025-07-04,9.182726860046387,-0.006122560835697177,-0.0020533219812630676,-0.0020576508562375473
2025-07-07,6,-0.188736821214358,0.9249351728285132,0.3333333333333333,0.6666666666666666,0.0,1,2025-07-07,2025-07-07,2025-07-07,9.163871765136719,9.720000267028809,9.760000228881836,9.699999809265137,9.75,7229900,2025-07-07,9.163871765136719,-0.0020533219812630676,-0.0020576508562375473,0.0
2025-07-08,8,-0.2910693056765013,0.8418692750628187,0.375,0.625,0.0,1,2025-07-08,2025-07-08,2025-07-08,9.145015716552734,9.699999809265137,9.710000038146973,9.670000076293945,9.699999809265137,9821300,2025-07-08,9.145015716552734,-0.0020576508562375473,0.0,0.003092840269785624
2025-07-09,8,0.05581842618994415,0.523750066951191,0.5,0.5,0.0,1,2025-07-09,2025-07-09,2025-07-09,9.145015716552734,9.699999809265137,9.720000267028809,9.680000305175781,9.699999809265137,9677500,2025-07-09,9.145015716552734,0.0,0.003092840269785624,-0.0041110721369237435
2025-07-10,8,0.15970694756833834,0.7028841167313754,0.625,0.375,0.0,1,2025-07-10,2025-07-10,2025-07-10,9.173299789428711,9.729999542236328,9.729999542236328,9.670000076293945,9.699999809265137,14117500,2025-07-10,9.173299789428711,0.003092840269785624,-0.0041110721369237435,0.00309603211405185
2025-07-11,10,0.2433136989362538,0.5831973745861404,0.7,0.3,0.0,1,2025-07-11,2025-07-11,2025-07-11,9.135587692260742,9.6899995803833,9.739999771118164,9.649999618530273,9.729999542236328,14116200,2025-07-11,9.135587692260742,-0.0041110721369237435,0.00309603211405185,-0.007201673927902719
2025-07-14,6,0.15293489070609212,0.6146684878342384,0.5,0.3333333333333333,0.16666666666666666,1,2025-07-14,2025-07-14,2025-07-14,9.163871765136719,9.720000267028809,9.75,9.699999809265137,9.710000038146973,4294400,2025-07-14,9.163871765136719,0.00309603211405185,-0.007201673927902719,-0.01243525162699699
2025-07-15,3,0.27564204608400666,0.31035109334641836,0.3333333333333333,0.3333333333333333,0.3333333333333333,1,2025-07-15,2025-07-15,2025-07-15,9.09787654876709,9.649999618530273,9.739999771118164,9.630000114440918,9.720000267028809,11533300,2025-07-15,9.09787654876709,-0.007201673927902719,-0.01243525162699699,0.0
2025-07-16,10,-0.38025692184455695,0.7425830810642977,0.2,0.8,0.0,1,2025-07-16,2025-07-16,2025-07-16,8.984742164611816,9.529999732971191,9.680000305175781,9.529999732971191,9.640000343322754,12695100,2025-07-16,8.984742164611816,-0.01243525162699699,0.0,-0.0010492310680663142
2025-07-17,14,0.44952622182401164,0.6613016002633793,0.7857142857142857,0.14285714285714285,0.07142857142857142,1,2025-07-17,2025-07-17,2025-07-17,8.984742164611816,9.529999732971191,9.600000381469727,9.510000228881836,9.550000190734863,7431600,2025-07-17,8.984742164611816,0.0,-0.0010492310680663142,0.0
2025-07-18,7,0.4277786746887224,0.5433079087304752,0.7142857142857143,0.14285714285714285,0.14285714285714285,1,2025-07-18,2025-07-18,2025-07-18,8.97531509399414,9.520000457763672,9.59000015258789,9.520000457763672,9.550000190734863,15598200,2025-07-18,8.97531509399414,-0.0010492310680663142,0.0,0.0010503331101974211
2025-07-21,3,-0.02956002578139305,0.7546112374006781,0.3333333333333333,0.6666666666666666,0.0,1,2025-07-21,2025-07-21,2025-07-21,8.97531509399414,9.520000457763672,9.600000381469727,9.510000228881836,9.539999961853027,8019000,2025-07-21,8.97531509399414,0.0,0.0010503331101974211,0.006296023270957907
2025-07-22,8,-0.17929895571433008,0.5691822361564765,0.375,0.625,0.0,1,2025-07-22,2025-07-22,2025-07-22,8.984742164611816,9.529999732971191,9.579999923706055,9.510000228881836,9.520000457763672,13305100,2025-07-22,8.984742164611816,0.0010503331101974211,0.006296023270957907,0.004170982103161025
2025-07-23,11,0.08552681730890821,0.7212117369633494,0.5454545454545454,0.45454545454545453,0.0,1,2025-07-23,2025-07-23,2025-07-23,9.04131031036377,9.59000015258789,9.619999885559082,9.539999961853027,9.539999961853027,14928700,2025-07-23,9.04131031036377,0.006296023270957907,0.004170982103161025,-0.009345755124661181
2025-07-24,10,0.141323607461527,0.6503193538770261,0.6,0.4,0.0,1,2025-07-24,2025-07-24,2025-07-24,9.079021453857422,9.630000114440918,9.640000343322754,9.550000190734863,9.619999885559082,16109900,2025-07-24,9.079021453857422,0.004170982103161025,-0.009345755124661181,0.0
2025-07-25,10,-0.44974923725239935,0.5384567135620557,0.1,0.8,0.1,1,2025-07-25,2025-07-25,2025-07-25,8.994171142578125,9.539999961853027,9.630000114440918,9.539999961853027,9.630000114440918,11782100,2025-07-25,8.994171142578125,-0.009345755124661181,0.0,-0.0020964742926360413
2025-07-28,7,0.5183965867119176,0.43307978405665504,0.8571428571428571,0.14285714285714285,0.0,2,2025-07-27,2025-07-28,2025-07-28,8.994171142578125,9.539999961853027,9.630000114440918,9.529999732971191,9.5600004196167,8810800,2025-07-28,8.994171142578125,0.0,-0.0020964742926360413,-0.007353075558105715
2025-07-29,6,-0.05736048550655445,0.5320307619827217,0.6666666666666666,0.3333333333333333,0.0,1,2025-07-29,2025-07-29,2025-07-29,8.97531509399414,9.520000457763672,9.630000114440918,9.520000457763672,9.539999961853027,10407600,2025-07-29,8.97531509399414,-0.0020964742926360413,-0.007353075558105715,-0.006349109161560951
2025-07-30,5,-0.6299495067447425,0.3019512900082611,0.0,0.8,0.2,1,2025-07-30,2025-07-30,2025-07-30,8.909318923950195,9.449999809265137,9.529999732971191,9.4399995803833,9.520000457763672,17662900,2025-07-30,8.909318923950195,-0.007353075558105715,-0.006349109161560951,0.022364195913639806
2025-07-31,14,0.24793395030844426,0.7149171145932567,0.6428571428571429,0.2857142857142857,0.07142857142857142,1,2025-07-31,2025-07-31,2025-07-31,8.852752685546875,9.390000343322754,9.489999771118164,9.390000343322754,9.449999809265137,24319000,2025-07-31,8.852752685546875,-0.006349109161560951,0.022364195913639806,-0.006249903850064742
2025-08-01,7,0.6358408049148109,0.2714716202715743,1.0,0.0,0.0,1,2025-08-01,2025-08-01,2025-08-01,9.050737380981445,9.600000381469727,9.630000114440918,9.399999618530273,9.40999984741211,9626900,2025-08-01,9.050737380981445,0.022364195913639806,-0.006249903850064742,0.012578527658361649
2025-08-04,6,-0.20187416602857408,0.8333913910262652,0.5,0.5,0.0,1,2025-08-04,2025-08-04,2025-08-04,8.994171142578125,9.539999961853027,9.600000381469727,9.539999961853027,9.600000381469727,5851200,2025-08-04,8.994171142578125,-0.006249903850064742,0.012578527658361649,-0.003105542257291649
2025-08-05,5,-0.3102468267083168,0.6798909326041491,0.4,0.6,0.0,1,2025-08-05,2025-08-05,2025-08-05,9.107304573059082,9.65999984741211,9.680000305175781,9.5600004196167,9.579999923706055,15631100,2025-08-05,9.107304573059082,0.012578527658361649,-0.003105542257291649,0.0
2025-08-06,8,-0.03834769962122668,0.5628102386764937,0.375,0.625,0.0,1,2025-08-06,2025-08-06,2025-08-06,9.079021453857422,9.630000114440918,9.680000305175781,9.619999885559082,9.680000305175781,13104300,2025-08-06,9.079021453857422,-0.003105542257291649,0.0,-0.0020768811572720036
2025-08-07,10,0.440624874830246,0.6248092571827326,0.8,0.2,0.0,1,2025-08-07,2025-08-07,2025-08-07,9.079021453857422,9.630000114440918,9.670000076293945,9.609999656677246,9.630000114440918,9314400,2025-08-07,9.079021453857422,0.0,-0.0020768811572720036,0.0041623018793566224
2025-08-08,7,0.32102951700133936,0.6027088516322832,0.8571428571428571,0.14285714285714285,0.0,1,2025-08-08,2025-08-08,2025-08-08,9.060165405273438,9.609999656677246,9.65999984741211,9.59000015258789,9.649999618530273,10712700,2025-08-08,9.060165405273438,-0.0020768811572720036,0.0041623018793566224,0.006217625813498495
2025-08-11,11,0.31619166872802784,0.6867539027593226,0.6363636363636364,0.36363636363636365,0.0,2,2025-08-10,2025-08-11,2025-08-11,9.09787654876709,9.649999618530273,9.729999542236328,9.609999656677246,9.609999656677246,17908700,2025-08-11,9.09787654876709,0.0041623018793566224,0.006217625813498495,0.015447962471599075
2025-08-12,7,0.46420466121552245,0.43989995280064265,0.8571428571428571,0.14285714285714285,0.0,1,2025-08-12,2025-08-12,2025-08-12,9.154443740844727,9.710000038146973,9.800000190734863,9.649999618530273,9.649999618530273,16886500,2025-08-12,9.154443740844727,0.006217625813498495,0.015447962471599075,-0.0020283322238086043
2025-08-13,9,0.09764454182651308,0.529528424217015,0.5555555555555556,0.4444444444444444,0.0,1,2025-08-13,2025-08-13,2025-08-13,9.29586124420166,9.859999656677246,9.890000343322754,9.720000267028809,9.729999542236328,12018300,2025-08-13,9.29586124420166,0.015447962471599075,-0.0020283322238086043,-0.004065012234203413
2025-08-14,13,0.23319628172052598,0.673397745908575,0.6923076923076923,0.3076923076923077,0.0,1,2025-08-14,2025-08-14,2025-08-14,9.277006149291992,9.84000015258789,9.979999542236328,9.829999923706055,9.899999618530273,11253900,2025-08-14,9.277006149291992,-0.0020283322238086043,-0.004065012234203413,-0.002040853611899096
2025-08-15,14,0.0604915323534182,0.7011992108827141,0.5,0.42857142857142855,0.07142857142857142,1,2025-08-15,2025-08-15,2025-08-15,9.23929500579834,9.800000190734863,9.930000305175781,9.789999961853027,9.930000305175781,7456100,2025-08-15,9.23929500579834,-0.004065012234203413,-0.002040853611899096,0.002045027213073203
2025-08-18,7,0.3540632997506431,0.4860347980361742,0.8571428571428571,0.14285714285714285,0.0,1,2025-08-18,2025-08-18,2025-08-18,9.220438957214355,9.779999732971191,9.819999694824219,9.779999732971191,9.800000190734863,10610600,2025-08-18,9.220438957214355,-0.002040853611899096,0.002045027213073203,0.0
2025-08-19,5,0.34239691011607654,0.6027097111125818,0.8,0.2,0.0,1,2025-08-19,2025-08-19,2025-08-19,9.23929500579834,9.800000190734863,9.850000381469727,9.789999961853027,9.789999961853027,14476700,2025-08-19,9.23929500579834,0.002045027213073203,0.0,-0.002040853611899096
2025-08-20,7,-0.10404623832021441,0.7094429527328775,0.2857142857142857,0.7142857142857143,0.0,1,2025-08-20,2025-08-20,2025-08-20,9.23929500579834,9.800000190734863,9.850000381469727,9.779999732971191,9.8100004196167,15305500,2025-08-20,9.23929500579834,0.0,-0.002040853611899096,0.002045027213073203
2025-08-21,9,0.3151621172825496,0.6957288113477665,0.6666666666666666,0.2222222222222222,0.1111111111111111,1,2025-08-21,2025-08-21,2025-08-21,9.220438957214355,9.779999732971191,9.850000381469727,9.779999732971191,9.8100004196167,15263300,2025-08-21,9.220438957214355,-0.002040853611899096,0.002045027213073203,0.005102030810365976
2025-08-22,9,0.3618234233516786,0.6829467254370721,0.7777777777777778,0.2222222222222222,0.0,1,2025-08-22,2025-08-22,2025-08-22,9.23929500579834,9.800000190734863,9.880000114440918,9.800000190734863,9.8100004196167,20549800,2025-08-22,9.23929500579834,0.002045027213073203,0.005102030810365976,-0.010152264454689308
2025-08-25,8,0.07918138953391464,0.4417143104110625,0.375,0.25,0.375,1,2025-08-25,2025-08-25,2025-08-25,9.286434173583984,9.850000381469727,9.899999618530273,9.829999923706055,9.850000381469727,17724500,2025-08-25,9.286434173583984,0.005102030810365976,-0.010152264454689308,0.00410253526574289
2025-08-26,9,0.046254823087818114,0.7815850655583759,0.4444444444444444,0.5555555555555556,0.0,1,2025-08-26,2025-08-26,2025-08-26,9.192155838012695,9.75,9.880000114440918,9.75,9.850000381469727,81816700,2025-08-26,9.192155838012695,-0.010152264454689308,0.00410253526574289,0.01634309294780234
2025-08-27,11,0.2937751975418493,0.8090986317388029,0.6363636363636364,0.36363636363636365,0.0,1,2025-08-27,2025-08-27,2025-08-27,9.229866981506348,9.789999961853027,9.829999923706055,9.720000267028809,9.779999732971191,7930800,2025-08-27,9.229866981506348,0.00410253526574289,0.01634309294780234,-0.0050251164324631725
2025-08-28,9,0.46807713128833306,0.6175114615066277,0.7777777777777778,0.1111111111111111,0.1111111111111111,1,2025-08-28,2025-08-28,2025-08-28,9.380711555480957,9.949999809265137,9.979999542236328,9.829999923706055,9.829999923706055,11065300,2025-08-28,9.380711555480957,0.01634309294780234,-0.0050251164324631725,0.016161709049592465
2025-08-29,12,0.14669646014226603,0.6433630079110897,0.5833333333333334,0.4166666666666667,0.0,1,2025-08-29,2025-08-29,2025-08-29,9.333572387695312,9.899999618530273,9.949999809265137,9.859999656677246,9.949999809265137,15268300,2025-08-29,9.333572387695312,-0.0050251164324631725,0.016161709049592465,-0.007952331260694945
2025-09-02,10,0.03833910622633995,0.6919900909659202,0.5,0.5,0.0,2,2025-09-01,2025-09-02,2025-09-02,9.484418869018555,10.0600004196167,10.100000381469727,9.949999809265137,10.0,14442600,2025-09-02,9.484418869018555,0.016161709049592465,-0.007952331260694945,0.0010020223905278236
2025-09-03,3,0.20964380105336514,0.0029908373567504904,1.0,0.0,0.0,1,2025-09-03,2025-09-03,2025-09-03,9.408995628356934,9.979999542236328,10.079999923706055,9.970000267028809,10.0600004196167,8502700,2025-09-03,9.408995628356934,-0.007952331260694945,0.0010020223905278236,0.0010010193467291373
2025-09-04,3,-0.18119875341653824,0.38115715411599443,0.3333333333333333,0.3333333333333333,0.3333333333333333,1,2025-09-04,2025-09-04,2025-09-04,9.418423652648926,9.989999771118164,10.039999961853027,9.979999542236328,9.979999542236328,8335900,2025-09-04,9.418423652648926,0.0010020223905278236,0.0010010193467291373,0.004000073236218427
2025-09-08,6,0.5349616265545288,0.3729354936243301,0.8333333333333334,0.0,0.16666666666666666,2,2025-09-05,2025-09-08,2025-09-08,9.427851676940918,10.0,10.0600004196167,9.989999771118164,10.0,11547400,2025-09-08,9.427851676940918,0.0010010193467291373,0.004000073236218427,-0.006972238697970035
2025-09-09,3,0.6881137235711018,0.2139966040207584,1.0,0.0,0.0,1,2025-09-09,2025-09-09,2025-09-09,9.465563774108887,10.039999961853027,10.039999961853027,9.989999771118164,10.020000457763672,14188000,2025-09-09,9.465563774108887,0.004000073236218427,-0.006972238697970035,0.010341348928857741
2025-09-10,5,0.47375032645650206,0.34473874870090837,1.0,0.0,0.0,1,2025-09-10,2025-09-10,2025-09-10,9.399567604064941,9.970000267028809,10.0600004196167,9.949999809265137,10.0600004196167,13630000,2025-09-10,9.399567604064941,-0.006972238697970035,0.010341348928857741,0.010235399630471154
2025-09-11,14,-0.16665180938850557,0.5809935954477778,0.42857142857142855,0.5714285714285714,0.0,1,2025-09-11,2025-09-11,2025-09-11,9.496771812438965,9.770000457763672,9.779999732971191,9.680000305175781,9.739999771118164,11221500,2025-09-11,9.496771812438965,0.010341348928857741,0.010235399630471154,0.0070921386574887
2025-09-12,7,0.33520990676645723,0.4264441152042942,0.5714285714285714,0.2857142857142857,0.14285714285714285,1,2025-09-12,2025-09-12,2025-09-12,9.593975067138672,9.869999885559082,9.869999885559082,9.75,9.800000190734863,5982300,2025-09-12,9.593975067138672,0.010235399630471154,0.0070921386574887,-0.006036208962687084
2025-09-17,9,0.4169891843468779,0.26058324265570276,0.8888888888888888,0.0,0.1111111111111111,4,2025-09-13,2025-09-17,2025-09-17,9.662016868591309,9.9399995803833,9.9399995803833,9.829999923706055,9.869999885559082,12289100,2025-09-17,9.662016868591309,0.0070921386574887,-0.006036208962687084,-0.008097154734899137
2025-09-18,6,-0.44673111227651435,0.5474704625362767,0.16666666666666666,0.8333333333333334,0.0,1,2025-09-18,2025-09-18,2025-09-18,9.603694915771484,9.880000114440918,9.949999809265137,9.819999694824219,9.9399995803833,6333800,2025-09-18,9.603694915771484,-0.006036208962687084,-0.008097154734899137,0.004081626932290527
2025-09-19,9,0.06829374066243571,0.556022200954468,0.5555555555555556,0.4444444444444444,0.0,1,2025-09-19,2025-09-19,2025-09-19,9.525932312011719,9.800000190734863,9.869999885559082,9.800000190734863,9.869999885559082,14915200,2025-09-19,9.525932312011719,-0.008097154734899137,0.004081626932290527,-0.002032517488025798
2025-09-22,3,0.6833196468651296,0.2605651179782654,1.0,0.0,0.0,1,2025-09-22,2025-09-22,2025-09-22,9.564813613891602,9.84000015258789,9.859999656677246,9.8100004196167,9.8100004196167,6948400,2025-09-22,9.564813613891602,0.004081626932290527,-0.002032517488025798,0.0010183784693231779
2025-09-23,11,0.37199781564148987,0.5546377333199767,0.6363636363636364,0.36363636363636365,0.0,1,2025-09-23,2025-09-23,2025-09-23,9.54537296295166,9.819999694824219,9.859999656677246,9.819999694824219,9.850000381469727,7863300,2025-09-23,9.54537296295166,-0.002032517488025798,0.0010183784693231779,-0.004069170102887987
2025-09-24,6,-0.27411813343254227,0.8937429300481983,0.3333333333333333,0.6666666666666666,0.0,1,2025-09-24,2025-09-24,2025-09-24,9.555093765258789,9.829999923706055,9.850000381469727,9.789999961853027,9.850000381469727,8350200,2025-09-24,9.555093765258789,0.0010183784693231779,-0.004069170102887987,0.010214489753541445
2025-09-25,7,-0.18069428631237575,0.39740233336699465,0.42857142857142855,0.5714285714285714,0.0,1,2025-09-25,2025-09-25,2025-09-25,9.516212463378906,9.789999961853027,9.84000015258789,9.789999961853027,9.829999923706055,9635800,2025-09-25,9.516212463378906,-0.004069170102887987,0.010214489753541445,0.0020222417827393535
2025-09-26,11,0.24856106682934545,0.5919660478493598,0.7272727272727273,0.2727272727272727,0.0,1,2025-09-26,2025-09-26,2025-09-26,9.613415718078613,9.890000343322754,9.890000343322754,9.789999961853027,9.789999961853027,17464100,2025-09-26,9.613415718078613,0.010214489753541445,0.0020222417827393535,0.0
2025-09-29,11,0.27336427944035013,0.5282024717623293,0.6363636363636364,0.2727272727272727,0.09090909090909091,3,2025-09-27,2025-09-29,2025-09-29,9.632856369018555,9.90999984741211,9.930000305175781,9.890000343322754,9.890000343322754,14425800,2025-09-29,9.632856369018555,0.0020222417827393535,0.0,0.0040363211482041805
2025-09-30,3,-0.2375902347266674,0.6896224959207925,0.0,0.6666666666666666,0.3333333333333333,1,2025-09-30,2025-09-30,2025-09-30,9.632856369018555,9.90999984741211,9.960000038146973,9.880000114440918,9.90999984741211,15324800,2025-09-30,9.632856369018555,0.0,0.0040363211482041805,0.003015021763927317
2025-10-01,5,-0.18278440795838835,0.6447378674724082,0.4,0.6,0.0,1,2025-10-01,2025-10-01,2025-10-01,9.671737670898438,9.949999809265137,9.970000267028809,9.90999984741211,9.90999984741211,7538300,2025-10-01,9.671737670898438,0.0040363211482041805,0.003015021763927317,0.0020040052578964573
2025-10-02,6,0.43461030318091315,0.6766716365799232,0.6666666666666666,0.16666666666666666,0.16666666666666666,1,2025-10-02,2025-10-02,2025-10-02,9.700898170471191,9.979999542236328,10.0,9.949999809265137,9.949999809265137,11590600,2025-10-02,9.700898170471191,0.003015021763927317,0.0020040052578964573,0.0020000953641075014
2025-10-03,5,0.6509108473081142,0.36638725628148194,1.0,0.0,0.0,1,2025-10-03,2025-10-03,2025-10-03,9.720338821411133,10.0,10.0,9.960000038146973,9.979999542236328,6072900,2025-10-03,9.720338821411133,0.0020040052578964573,0.0020000953641075014,-0.00698606664120871
2025-10-06,9,0.03492214023653002,0.6319249586347636,0.4444444444444444,0.5555555555555556,0.0,1,2025-10-06,2025-10-06,2025-10-06,9.73978042602539,10.020000457763672,10.039999961853027,9.979999542236328,10.0,6783700,2025-10-06,9.73978042602539,0.0020000953641075014,-0.00698606664120871,0.005025069141291194
2025-10-07,6,-0.5098592263335984,0.6148473605887785,0.16666666666666666,0.8333333333333334,0.0,1,2025-10-07,2025-10-07,2025-10-07,9.671737670898438,9.949999809265137,10.020000457763672,9.949999809265137,10.020000457763672,4086900,2025-10-07,9.671737670898438,-0.00698606664120871,0.005025069141291194,0.0
2025-10-08,7,-0.20395621590848484,0.7898035875422001,0.2857142857142857,0.7142857142857143,0.0,1,2025-10-08,2025-10-08,2025-10-08,9.720338821411133,10.0,10.0,9.949999809265137,9.970000267028809,3842400,2025-10-08,9.720338821411133,0.005025069141291194,0.0,-0.004999944076603646
2025-10-09,12,0.5427222947667664,0.4184187352334088,0.75,0.16666666666666666,0.08333333333333333,1,2025-10-09,2025-10-09,2025-10-09,9.720338821411133,10.0,10.0,9.949999809265137,10.0,8997700,2025-10-09,9.720338821411133,0.0,-0.004999944076603646,-0.002010047377363988
2025-10-10,7,-0.04826295023251859,0.6653232584061719,0.42857142857142855,0.5714285714285714,0.0,1,2025-10-10,2025-10-10,2025-10-10,9.671737670898438,9.949999809265137,10.0,9.949999809265137,10.0,13635800,2025-10-10,9.671737670898438,-0.004999944076603646,-0.002010047377363988,-0.0010070973040954279
2025-10-13,5,0.07280857507139446,0.7797260680759149,0.4,0.6,0.0,1,2025-10-13,2025-10-13,2025-10-13,9.652297019958496,9.930000305175781,9.960000038146973,9.880000114440918,9.899999618530273,11714400,2025-10-13,9.652297019958496,-0.002010047377363988,-0.0010070973040954279,0.0
2025-10-14,7,-0.08454182664198537,0.7033585459032918,0.42857142857142855,0.42857142857142855,0.14285714285714285,1,2025-10-14,2025-10-14,2025-10-14,9.642576217651367,9.920000076293945,9.9399995803833,9.90999984741211,9.930000305175781,19420400,2025-10-14,9.642576217651367,-0.0010070973040954279,0.0,0.0
2025-10-15,9,0.36859067519091904,0.5402279612027886,0.6666666666666666,0.2222222222222222,0.1111111111111111,1,2025-10-15,2025-10-15,2025-10-15,9.642576217651367,9.920000076293945,9.9399995803833,9.890000343322754,9.920000076293945,7596600,2025-10-15,9.642576217651367,0.0,0.0,-0.0030241399097653554
2025-10-16,5,0.29504745565354823,0.4964483415777644,0.8,0.2,0.0,1,2025-10-16,2025-10-16,2025-10-16,9.642576217651367,9.920000076293945,9.970000267028809,9.890000343322754,9.920000076293945,5504700,2025-10-16,9.642576217651367,0.0,-0.0030241399097653554,0.0010110712901485464
2025-10-17,7,0.10834380066288375,0.7585097941117978,0.5714285714285714,0.42857142857142855,0.0,1,2025-10-17,2025-10-17,2025-10-17,9.613415718078613,9.890000343322754,9.9399995803833,9.880000114440918,9.920000076293945,9174300,2025-10-17,9.613415718078613,-0.0030241399097653554,0.0010110712901485464,-0.004040398434620562
2025-10-21,7,0.4996147930089917,0.4249028808758945,0.8571428571428571,0.14285714285714285,0.0,2,2025-10-20,2025-10-21,2025-10-21,9.623135566711426,9.899999618530273,9.9399995803833,9.890000343322754,9.9399995803833,8248800,2025-10-21,9.623135566711426,0.0010110712901485464,-0.004040398434620562,-0.002028394740243633
2025-10-22,9,0.05159407277177604,0.6955989914550819,0.5555555555555556,0.4444444444444444,0.0,1,2025-10-22,2025-10-22,2025-10-22,9.584254264831543,9.859999656677246,9.920000076293945,9.84000015258789,9.90999984741211,8032900,2025-10-22,9.584254264831543,-0.004040398434620562,-0.002028394740243633,0.006097552464077172
2025-10-23,6,-0.02529203457136946,0.5447560298859625,0.5,0.5,0.0,1,2025-10-23,2025-10-23,2025-10-23,9.564813613891602,9.84000015258789,9.880000114440918,9.829999923706055,9.859999656677246,13607900,2025-10-23,9.564813613891602,-0.002028394740243633,0.006097552464077172,0.0010101491597764856
2025-10-24,6,0.3754730101985236,0.6034690764553872,0.8333333333333334,0.16666666666666666,0.0,1,2025-10-24,2025-10-24,2025-10-24,9.623135566711426,9.899999618530273,9.899999618530273,9.84000015258789,9.84000015258789,13120200,2025-10-24,9.623135566711426,0.006097552464077172,0.0010101491597764856,-0.003027290362271007
2025-10-27,5,0.6997880568727851,0.4173479180862093,0.8,0.2,0.0,2,2025-10-26,2025-10-27,2025-10-27,9.632856369018555,9.90999984741211,9.970000267028809,9.890000343322754,9.90999984741211,6836900,2025-10-27,9.632856369018555,0.0010101491597764856,-0.003027290362271007,-0.0010120946904352834
2025-10-28,8,0.3084774485323578,0.5857328121581137,0.625,0.375,0.0,1,2025-10-28,2025-10-28,2025-10-28,9.603694915771484,9.880000114440918,9.930000305175781,9.869999885559082,9.90999984741211,15488100,2025-10-28,9.603694915771484,-0.003027290362271007,-0.0010120946904352834,0.0020263395312052346
2025-10-29,9,0.2452534979933666,0.6769924276210953,0.6666666666666666,0.3333333333333333,0.0,1,2025-10-29,2025-10-29,2025-10-29,9.593975067138672,9.869999885559082,9.90999984741211,9.850000381469727,9.880000114440918,3533300,2025-10-29,9.593975067138672,-0.0010120946904352834,0.0020263395312052346,-0.0020222417827393535
2025-10-30,11,0.3790908148512245,0.5961875983921174,0.7272727272727273,0.18181818181818182,0.09090909090909091,1,2025-10-30,2025-10-30,2025-10-30,9.613415718078613,9.890000343322754,9.890000343322754,9.859999656677246,9.869999885559082,13328500,2025-10-30,9.613415718078613,0.0020263395312052346,-0.0020222417827393535,0.008105358124821382
2025-10-31,8,-0.43563700502272695,0.5942478084359252,0.125,0.875,0.0,1,2025-10-31,2025-10-31,2025-10-31,9.593975067138672,9.869999885559082,9.90999984741211,9.869999885559082,9.890000343322754,7945800,2025-10-31,9.593975067138672,-0.0020222417827393535,0.008105358124821382,0.0
2025-11-03,10,0.2687449051532894,0.6664811355340624,0.7,0.3,0.0,1,2025-11-03,2025-11-03,2025-11-03,9.671737670898438,9.949999809265137,9.949999809265137,9.859999656677246,9.869999885559082,7031700,2025-11-03,9.671737670898438,0.008105358124821382,0.0,-0.0030151203681645367
2025-11-04,6,-0.047159112291410586,0.7512829702705539,0.3333333333333333,0.6666666666666666,0.0,1,2025-11-04,2025-11-04,2025-11-04,9.671737670898438,9.949999809265137,10.0,9.920000076293945,9.9399995803833,11476500,2025-11-04,9.671737670898438,0.0,-0.0030151203681645367,0.0
2025-11-05,11,-0.11750445680015464,0.8481721136077243,0.36363636363636365,0.6363636363636364,0.0,1,2025-11-05,2025-11-05,2025-11-05,9.642576217651367,9.920000076293945,9.960000038146973,9.90999984741211,9.949999809265137,9886600,2025-11-05,9.642576217651367,-0.0030151203681645367,0.0,-0.0010080136691084096
2025-11-06,8,0.27747129113413393,0.637493214819269,0.75,0.25,0.0,1,2025-11-06,2025-11-06,2025-11-06,9.642576217651367,9.920000076293945,9.960000038146973,9.90999984741211,9.920000076293945,13615200,2025-11-06,9.642576217651367,0.0,-0.0010080136691084096,0.003027191360035264
2025-11-07,8,0.08419007231714208,0.6821131754406659,0.625,0.375,0.0,1,2025-11-07,2025-11-07,2025-11-07,9.632856369018555,9.90999984741211,9.920000076293945,9.890000343322754,9.90999984741211,14059300,2025-11-07,9.632856369018555,-0.0010080136691084096,0.003027191360035264,-0.003018055129622832
2025-11-10,7,0.37812527235863463,0.7323199201621331,0.5714285714285714,0.14285714285714285,0.2857142857142857,1,2025-11-10,2025-11-10,2025-11-10,9.662016868591309,9.9399995803833,9.979999542236328,9.899999618530273,9.90999984741211,5201100,2025-11-10,9.662016868591309,0.003027191360035264,-0.003018055129622832,0.003027191360035264
2025-11-11,8,0.7480227644555272,0.38393012299369494,0.875,0.125,0.0,1,2025-11-11,2025-11-11,2025-11-11,9.632856369018555,9.90999984741211,10.0,9.899999618530273,9.9399995803833,12091400,2025-11-11,9.632856369018555,-0.003018055129622832,0.003027191360035264,0.001006084178835298
2025-11-12,9,-0.015086525921813341,0.7510531347907793,0.5555555555555556,0.4444444444444444,0.0,1,2025-11-12,2025-11-12,2025-11-12,9.662016868591309,9.9399995803833,9.949999809265137,9.899999618530273,9.920000076293945,14528900,2025-11-12,9.662016868591309,0.003027191360035264,0.001006084178835298,-0.002010047377363988
2025-11-13,15,0.6156311200155566,0.28528644277299803,1.0,0.0,0.0,1,2025-11-13,2025-11-13,2025-11-13,9.671737670898438,9.949999809265137,9.970000267028809,9.9399995803833,9.949999809265137,6270800,2025-11-13,9.671737670898438,0.001006084178835298,-0.002010047377363988,-0.0010070973040954279
2025-11-14,7,-0.2431443840198751,0.750142924012898,0.2857142857142857,0.7142857142857143,0.0,1,2025-11-14,2025-11-14,2025-11-14,9.652297019958496,9.930000305175781,9.960000038146973,9.920000076293945,9.920000076293945,9101900,2025-11-14,9.652297019958496,-0.002010047377363988,-0.0010070973040954279,0.0
2025-11-17,8,0.4027114895870909,0.47017793069675823,0.75,0.125,0.125,2,2025-11-15,2025-11-17,2025-11-17,9.642576217651367,9.920000076293945,9.979999542236328,9.920000076293945,9.930000305175781,10284800,2025-11-17,9.642576217651367,-0.0010070973040954279,0.0,0.0010081125715484252
2025-11-18,4,-0.40098553511779755,0.5832926476230136,0.0,0.75,0.25,1,2025-11-18,2025-11-18,2025-11-18,9.642576217651367,9.920000076293945,9.949999809265137,9.920000076293945,9.930000305175781,10540800,2025-11-18,9.642576217651367,0.0,0.0010081125715484252,-0.003021193109450704
2025-11-19,5,0.5352097574621439,0.20728980450056905,1.0,0.0,0.0,1,2025-11-19,2025-11-19,2025-11-19,9.652297019958496,9.930000305175781,9.960000038146973,9.90999984741211,9.90999984741211,8296000,2025-11-19,9.652297019958496,0.0010081125715484252,-0.003021193109450704,0.004040398434620673
2025-11-20,8,0.2990592985297553,0.5851093823880393,0.625,0.25,0.125,1,2025-11-20,2025-11-20,2025-11-20,9.623135566711426,9.899999618530273,9.970000267028809,9.899999618530273,9.949999809265137,11768100,2025-11-20,9.623135566711426,-0.003021193109450704,0.004040398434620673,0.002012069654228954
2025-11-21,11,0.12309703105975961,0.8787342282296269,0.45454545454545453,0.45454545454545453,0.09090909090909091,1,2025-11-21,2025-11-21,2025-11-21,9.662016868591309,9.9399995803833,9.9399995803833,9.899999618530273,9.899999618530273,16576200,2025-11-21,9.662016868591309,0.004040398434620673,0.002012069654228954,0.002008029359290342
2025-11-24,11,0.2304713036864996,0.7001071181590749,0.6363636363636364,0.2727272727272727,0.09090909090909091,2,2025-11-23,2025-11-24,2025-11-24,9.68145751953125,9.960000038146973,9.979999542236328,9.920000076293945,9.9399995803833,29333500,2025-11-24,9.68145751953125,0.002012069654228954,0.002008029359290342,0.0
2025-11-25,7,0.6408171228000096,0.6629425241913488,0.8571428571428571,0.14285714285714285,0.0,1,2025-11-25,2025-11-25,2025-11-25,9.700898170471191,9.979999542236328,9.989999771118164,9.949999809265137,9.960000038146973,11171600,2025-11-25,9.700898170471191,0.002008029359290342,0.0,0.0
2025-11-26,5,0.8152420803904533,0.13406300201813542,1.0,0.0,0.0,1,2025-11-26,2025-11-26,2025-11-26,9.700898170471191,9.979999542236328,10.0,9.970000267028809,9.979999542236328,9291000,2025-11-26,9.700898170471191,0.0,0.0,-0.007013969248718777
2025-11-27,10,0.24085820880718528,0.8278012638516831,0.6,0.4,0.0,1,2025-11-27,2025-11-27,2025-11-27,9.700898170471191,9.979999542236328,10.0,9.960000038146973,10.0,7827900,2025-11-27,9.700898170471191,0.0,-0.007013969248718777,0.006054481722306271
2025-11-28,9,-0.32527142977859413,0.7788962327041139,0.3333333333333333,0.6666666666666666,0.0,1,2025-11-28,2025-11-28,2025-11-28,9.632856369018555,9.90999984741211,10.0,9.899999618530273,9.979999542236328,14660700,2025-11-28,9.632856369018555,-0.007013969248718777,0.006054481722306271,0.037111330251309305
2025-12-01,7,0.695788169944925,0.2208713068158433,1.0,0.0,0.0,1,2025-12-01,2025-12-01,2025-12-01,9.691178321838379,9.970000267028809,9.989999771118164,9.920000076293945,9.920000076293945,12913500,2025-12-01,9.691178321838379,0.006054481722306271,0.037111330251309305,-0.007736932895343607
2025-12-02,10,0.5920660332776606,0.5517922800428285,0.9,0.1,0.0,1,2025-12-02,2025-12-02,2025-12-02,10.050830841064453,10.34000015258789,10.34000015258789,9.970000267028809,9.979999542236328,23648700,2025-12-02,10.050830841064453,0.037111330251309305,-0.007736932895343607,-0.0019494105677062556
2025-12-03,12,0.5549917912576348,0.3683988460709931,0.9166666666666666,0.08333333333333333,0.0,1,2025-12-03,2025-12-03,2025-12-03,9.973068237304688,10.260000228881836,10.380000114440918,10.199999809265137,10.300000190734863,9302900,2025-12-03,9.973068237304688,-0.007736932895343607,-0.0019494105677062556,-0.005859271328700011
2025-12-04,12,0.25671996738916886,0.7413310511381591,0.6666666666666666,0.3333333333333333,0.0,1,2025-12-04,2025-12-04,2025-12-04,9.95362663269043,10.239999771118164,10.260000228881836,10.15999984741211,10.260000228881836,11408500,2025-12-04,9.95362663269043,-0.0019494105677062556,-0.005859271328700011,-0.005893997482647406
2025-12-05,8,-0.09022391412872827,0.7160721620466803,0.5,0.5,0.0,1,2025-12-05,2025-12-05,2025-12-05,9.895305633544922,10.180000305175781,10.239999771118164,10.079999923706055,10.239999771118164,6986900,2025-12-05,9.895305633544922,-0.005859271328700011,-0.005893997482647406,-0.0019761849547796917
2025-12-08,5,-0.3383558128029108,0.5984581348115381,0.2,0.6,0.2,1,2025-12-08,2025-12-08,2025-12-08,9.836982727050781,10.119999885559082,10.199999809265137,10.020000457763672,10.180000305175781,8398100,2025-12-08,9.836982727050781,-0.005893997482647406,-0.0019761849547796917,0.001980097994645602
2025-12-09,3,0.2402421931425731,0.4513559712218179,0.6666666666666666,0.3333333333333333,0.0,1,2025-12-09,2025-12-09,2025-12-09,9.817543029785156,10.100000381469727,10.180000305175781,10.0600004196167,10.180000305175781,8804400,2025-12-09,9.817543029785156,-0.0019761849547796917,0.001980097994645602,0.013834070266249832
2025-12-10,6,-0.2690959970156352,0.35265596378288466,0.3333333333333333,0.6666666666666666,0.0,1,2025-12-10,2025-12-10,2025-12-10,9.836982727050781,10.119999885559082,10.119999885559082,10.0600004196167,10.100000381469727,7198200,2025-12-10,9.836982727050781,0.001980097994645602,0.013834070266249832,0.00389862988547951
2025-12-11,10,0.29928839206695557,0.6177570808994296,0.8,0.2,0.0,1,2025-12-11,2025-12-11,2025-12-11,9.973068237304688,10.260000228881836,10.260000228881836,10.140000343322754,10.140000343322754,7073000,2025-12-11,9.973068237304688,0.013834070266249832,0.00389862988547951,0.005825234395315793
2025-12-12,7,0.5064834116825035,0.45232866917574266,0.8571428571428571,0.14285714285714285,0.0,1,2025-12-12,2025-12-12,2025-12-12,10.01194953918457,10.300000190734863,10.34000015258789,10.199999809265137,10.260000228881836,11934800,2025-12-12,10.01194953918457,0.00389862988547951,0.005825234395315793,0.0
2025-12-15,8,0.3626894839690067,0.5505775304978823,0.625,0.375,0.0,1,2025-12-15,2025-12-15,2025-12-15,10.070271492004395,10.359999656677246,10.359999656677246,10.279999732971191,10.300000190734863,8003400,2025-12-15,10.070271492004395,0.005825234395315793,0.0,-0.005791497564502701
2025-12-16,7,0.2246883078810892,0.772467266009056,0.5714285714285714,0.42857142857142855,0.0,1,2025-12-16,2025-12-16,2025-12-16,10.070271492004395,10.359999656677246,10.399999618530273,10.300000190734863,10.359999656677246,7523300,2025-12-16,10.070271492004395,0.0,-0.005791497564502701,0.0
2025-12-17,11,0.17326431431468914,0.7057744594277156,0.5454545454545454,0.45454545454545453,0.0,1,2025-12-17,2025-12-17,2025-12-17,10.01194953918457,10.300000190734863,10.359999656677246,10.239999771118164,10.359999656677246,5527700,2025-12-17,10.01194953918457,-0.005791497564502701,0.0,0.013592213589070257
2025-12-18,8,0.028076250222511555,0.6877302594549122,0.5,0.5,0.0,1,2025-12-18,2025-12-18,2025-12-18,10.01194953918457,10.300000190734863,10.34000015258789,10.279999732971191,10.279999732971191,9239700,2025-12-18,10.01194953918457,0.0,0.013592213589070257,0.0038314122235865167
2025-12-19,10,0.4137501358985901,0.663997090033695,0.7,0.2,0.1,1,2025-12-19,2025-12-19,2025-12-19,10.14803409576416,10.4399995803833,10.479999542236328,10.300000190734863,10.300000190734863,15901400,2025-12-19,10.14803409576416,0.013592213589070257,0.0038314122235865167,0.0057251828000173255
2025-12-22,5,-0.12076489031314852,0.6532014662028289,0.4,0.6,0.0,1,2025-12-22,2025-12-22,2025-12-22,10.186915397644043,10.479999542236328,10.5,10.4399995803833,10.4399995803833,11775300,2025-12-22,10.186915397644043,0.0038314122235865167,0.0057251828000173255,-0.005692591672088798
2025-12-23,4,0.7837062246399,0.21514680351462206,1.0,0.0,0.0,1,2025-12-23,2025-12-23,2025-12-23,10.245237350463867,10.539999961853027,10.539999961853027,10.460000038146973,10.479999542236328,11391600,2025-12-23,10.245237350463867,0.0057251828000173255,-0.005692591672088798,-0.007633577066689878
2025-12-24,10,0.04473990499973298,0.5798113355847105,0.5,0.5,0.0,1,2025-12-24,2025-12-24,2025-12-24,10.186915397644043,10.479999542236328,10.539999961853027,10.420000076293945,10.539999961853027,9549000,2025-12-24,10.186915397644043,-0.005692591672088798,-0.007633577066689878,0.003846148403593652
2025-12-26,11,-0.03428449236195195,0.7046507226003282,0.6363636363636364,0.36363636363636365,0.0,2,2025-12-25,2025-12-26,2025-12-26,10.109152793884277,10.399999618530273,10.5,10.359999656677246,10.479999542236328,8426100,2025-12-26,10.109152793884277,-0.007633577066689878,0.003846148403593652,0.005747118335379664
2025-12-29,7,0.2799974185015474,0.6237521688603741,0.7142857142857143,0.2857142857142857,0.0,1,2025-12-29,2025-12-29,2025-12-29,10.14803409576416,10.4399995803833,10.4399995803833,10.319999694824219,10.399999618530273,9425900,2025-12-29,10.14803409576416,0.003846148403593652,0.005747118335379664,-0.0019047592350688314
2025-12-30,6,-0.20432797741765782,0.7520486734180883,0.5,0.5,0.0,1,2025-12-30,2025-12-30,2025-12-30,10.206356048583984,10.5,10.520000457763672,10.380000114440918,10.420000076293945,8976600,2025-12-30,10.206356048583984,0.005747118335379664,-0.0019047592350688314,
2025-12-31,9,-0.48212022334337234,0.5982591390864357,0.2222222222222222,0.7777777777777778,0.0,1,2025-12-31,2025-12-31,2025-12-31,10.186915397644043,10.479999542236328,10.5,10.399999618530273,10.5,11098900,2025-12-31,10.186915397644043,-0.0019047592350688314,,
