market_date,article_count,sentiment_score_mean,sentiment_score_std,positive_ratio,negative_ratio,neutral_ratio,source_day_count,first_calendar_date,last_calendar_date,Date,Adj Close 1066.KL,Close 1066.KL,High 1066.KL,Low 1066.KL,Open 1066.KL,Volume 1066.KL,date,close,return_tplus0_1d,return_tplus1_1d,return_tplus2_1d,open,high,low,volume,return_1d,log_return_1d,open_close_pct,high_low_pct,volume_log1p,volume_change_1d,sma_5_gap,sma_10_gap,ema_5_gap,ema_10_gap,volatility_5,volatility_10,rsi_14,macd,macd_signal,macd_hist,article_count_log1p,current_close,target_date,target
2023-01-03,4,0.3092936536995694,0.4301849618086578,0.75,0.25,0.0,2,2023-01-02,2023-01-03,2023-01-03,4.442017078399658,5.679999828338623,5.78000020980835,5.659999847412109,5.78000020980835,3225300,2023-01-03,4.442017078399658,,-0.0070423918626688,0.0053191460609487,5.78000020980835,5.78000020980835,5.659999847412109,3225300,,,-0.2314849624292757,0.027014835890606978,14.986536837190059,,,,0.0,0.0,,,50.0,0.0,0.0,0.0,1.6094379124341003,4.442017078399658,2023-01-04,-0.007042391862668862
2023-01-04,7,-0.2986278416854994,0.4624271579993442,0.2857142857142857,0.7142857142857143,0.0,1,2023-01-04,2023-01-04,2023-01-04,4.4107346534729,5.639999866485596,5.730000019073486,5.619999885559082,5.699999809265137,3659200,2023-01-04,4.4107346534729,-0.0070423918626688,0.0053191460609487,0.0035275141913004,5.699999809265137,5.730000019073486,5.619999885559082,3659200,-0.007042391862668862,-0.007067306545789798,-0.2261868770059578,0.024939186361571986,15.112755375534395,0.13453012122903285,,,-0.004705975015163455,-0.005769344248181096,,,50.0,-0.0024954640967216335,-0.0004990928193443267,-0.0019963712773773067,2.0794415416798357,4.4107346534729,2023-01-05,0.005319146060948743
2023-01-05,2,0.8097178535535932,0.052731780584581,1.0,0.0,0.0,1,2023-01-05,2023-01-05,2023-01-05,4.4341959953308105,5.670000076293945,5.690000057220459,5.659999847412109,5.670000076293945,3727100,2023-01-05,4.4341959953308105,0.0053191460609487,0.0035275141913004,0.0123023116408447,5.670000076293945,5.690000057220459,5.659999847412109,3727100,0.005319146060948743,0.005305049369684234,-0.2179548614346558,0.006765648121990932,15.13114127763808,0.0185559685177088,,,0.0003920159982115923,-0.0003934867265754649,,,50.0,-0.002550601413503273,-0.000909394538176116,-0.0016412068753271568,1.0986122886681098,4.4341959953308105,2023-01-06,0.003527514191300485
2023-01-06,1,-0.2666878700256347,0.0,0.0,0.0,1.0,1,2023-01-06,2023-01-06,2023-01-06,4.449837684631348,5.690000057220459,5.699999809265137,5.639999866485596,5.670000076293945,905600,2023-01-06,4.449837684631348,0.0035275141913004,0.0123023116408447,-0.0069445804400668,5.670000076293945,5.699999809265137,5.639999866485596,905600,0.003527514191300485,0.0035213071058872725,-0.21519618611012903,0.013483625029013117,13.716354090670729,-0.7570228864264441,,,0.0026105301337990827,0.002561609610350235,,,50.0,-0.0013169633965386396,-0.0009909083098486207,-0.0003260550866900189,0.6931471805599453,4.449837684631348,2023-01-09,0.01230231164084472
2023-01-09,7,0.1791247796001178,0.6035689635917602,0.5714285714285714,0.1428571428571428,0.2857142857142857,1,2023-01-09,2023-01-09,2023-01-09,4.504580974578857,5.760000228881836,5.769999980926514,5.690000057220459,5.699999809265137,3134400,2023-01-09,4.504580974578857,0.0123023116408447,-0.0069445804400668,0.0052449652693205,5.699999809265137,5.769999980926514,5.690000057220459,3134400,0.01230231164084472,0.012227253173102914,-0.20972260959433203,0.017759681568058402,14.957948645212689,2.46113074204947,0.012658326902644568,,0.00991391719677237,0.012154257167617422,,,50.0,0.004031556337880993,1.3584619697302016e-05,0.004017971718183691,2.0794415416798357,4.504580974578857,2023-01-10,-0.00694458044006685
2023-01-10,4,0.318680695258081,0.4933456189250883,0.75,0.25,0.0,1,2023-01-10,2023-01-10,2023-01-10,4.4732985496521,5.71999979019165,5.760000228881836,5.699999809265137,5.760000228881836,2061000,2023-01-10,4.4732985496521,-0.0069445804400668,0.0052449652693205,-0.0052175991430259,5.760000228881836,5.760000228881836,5.699999809265137,2061000,-0.00694458044006685,-0.006968806262743543,-0.22338569932305682,0.01341301479226456,14.538702345073837,-0.34245788667687593,0.004213459090908422,,0.0019317914610301745,0.004189499087853266,0.008361327285567193,,50.0,0.005680584268549893,0.0011469845494678204,0.004533599719082073,1.6094379124341003,4.4732985496521,2023-01-11,0.005244965269320501
2023-01-11,3,0.0469537284225225,0.6008582014155467,0.3333333333333333,0.6666666666666666,0.0,1,2023-01-11,2023-01-11,2023-01-11,4.496760845184326,5.75,5.760000228881836,5.699999809265137,5.71999979019165,1586700,2023-01-11,4.496760845184326,0.0052449652693205,-0.0052175991430259,0.0087414311216693,5.71999979019165,5.760000228881836,5.699999809265137,1586700,0.005244965269320501,0.005231258346315437,-0.21385297025794808,0.013343031057779047,14.277167575960842,-0.23013100436681222,0.005596493614417719,,0.004779808621789616,0.007723805802364092,0.006931177852254048,,50.0,0.008779457826276982,0.0026734792048296527,0.006105978621447329,1.3862943611198906,4.496760845184326,2023-01-12,-0.005217599143025997
2023-01-12,2,0.4412075756117701,0.6837067705508691,0.5,0.0,0.5,1,2023-01-12,2023-01-12,2023-01-12,4.4732985496521,5.71999979019165,5.75,5.710000038146973,5.730000019073486,2897700,2023-01-12,4.4732985496521,-0.0052175991430259,0.0087414311216693,-0.0017331361341923,5.730000019073486,5.75,5.710000038146973,2897700,-0.005217599143025997,-0.005231258346315437,-0.21931962744122108,0.008941938797297187,14.879428221936724,0.8262431461523918,-0.0013967393278253581,,-0.00030853402034969335,0.0020166560598990912,0.00791933548735382,,50.0,0.009235663302537667,0.003985916024371256,0.005249747278166411,1.0986122886681098,4.4732985496521,2023-01-13,0.008741431121669363
2023-01-13,2,0.5569728270638734,0.3520685054244911,0.5,0.0,0.5,1,2023-01-13,2023-01-13,2023-01-13,4.512401580810547,5.769999980926514,5.769999980926514,5.739999771118164,5.75,3419800,2023-01-13,4.512401580810547,0.0087414311216693,-0.0017331361341923,-0.0069445804400668,5.75,5.769999980926514,5.739999771118164,3419800,0.008741431121669363,0.008703446014933336,-0.21523450768512228,0.006648390944619955,15.045092920211347,0.18017738206163503,0.004526529959568482,,0.005604384686890285,0.008799254930593525,0.008526545718269713,,50.0,0.012607169642133265,0.005710166747923658,0.006897002894209607,1.0986122886681098,4.512401580810547,2023-01-16,-0.001733136134192348
2023-01-16,4,0.0839246732648462,0.5865070893391802,0.5,0.25,0.25,1,2023-01-16,2023-01-16,2023-01-16,4.504580974578857,5.760000228881836,5.78000020980835,5.730000019073486,5.769999980926514,1512400,2023-01-16,4.504580974578857,-0.0017331361341923,-0.0069445804400668,0.0034964658523488,5.769999980926514,5.78000020980835,5.730000019073486,1512400,-0.001733136134192348,-0.0017346397521897927,-0.21931005381813926,0.011099853908062536,14.229209012199437,-0.5577519153166852,0.002785548732740617,0.007697756606305228,0.0025710475303810654,0.005761506287388585,0.00675231291408639,,50.0,0.01448112573994731,0.007464358546328388,0.007016767193618921,1.6094379124341003,4.504580974578857,2023-01-17,-0.00694458044006685
2023-01-17,4,0.517206214601174,0.5489811382942292,0.75,0.0,0.25,1,2023-01-17,2023-01-17,2023-01-17,4.4732985496521,5.71999979019165,5.78000020980835,5.699999809265137,5.78000020980835,2895500,2023-01-17,4.4732985496521,-0.0069445804400668,0.0034964658523488,-0.0104528495256207,5.78000020980835,5.78000020980835,5.699999809265137,2895500,-0.00694458044006685,-0.006968806262743543,-0.22607294337789946,0.017883984190913155,14.878668711011416,0.9145067442475536,-0.004178376174570508,-6.395778717749323e-08,-0.002931883516509415,-0.001000928819251512,0.00675231291408639,0.0072035630388874,50.0,0.013288833791200716,0.008629253595302854,0.004659580195897862,1.6094379124341003,4.4732985496521,2023-01-18,0.0034964658523488623
2023-01-18,3,0.325645354265968,1.090059875576003,0.6666666666666666,0.3333333333333333,0.0,1,2023-01-18,2023-01-18,2023-01-18,4.48893928527832,5.739999771118164,5.78000020980835,5.699999809265137,5.71999979019165,2543500,2023-01-18,4.48893928527832,0.0034964658523488,-0.0104528495256207,0.0,5.71999979019165,5.78000020980835,5.699999809265137,2543500,0.0034964658523488623,0.003490367426777441,-0.21522037588607726,0.01782167132569109,14.749052036403912,-0.12156795026765665,-0.00034840249333434326,0.0017450966648537847,0.0003694857976703769,0.002038016204732873,0.006452572806620099,0.006693755680838571,50.0,0.013450956231269906,0.009593594122496264,0.0038573621087736425,1.3862943611198906,4.48893928527832,2023-01-19,-0.010452849525620755
2023-01-19,1,0.8600505255162717,0.0,1.0,0.0,0.0,1,2023-01-19,2023-01-19,2023-01-19,4.442017078399658,5.679999828338623,5.75,5.670000076293945,5.739999771118164,5286500,2023-01-19,4.442017078399658,-0.0104528495256207,0.0,0.0123240784126814,5.739999771118164,5.75,5.670000076293945,5286500,-0.010452849525620755,-0.01050786426691852,-0.22612939799223303,0.01800981902907869,15.48066714831577,1.0784352270493414,-0.009417503249576464,-0.00889897505949555,-0.006747505141153742,-0.00691289671432993,0.007739979578934336,0.007568012533747476,50.0,0.009681605956315842,0.00961119648926018,7.040946705566195e-05,0.6931471805599453,4.442017078399658,2023-01-20,0.0
2023-01-20,1,0.0188041683286428,0.0,0.0,0.0,1.0,1,2023-01-20,2023-01-20,2023-01-20,4.442017078399658,5.679999828338623,5.71999979019165,5.639999866485596,5.690000057220459,5380200,2023-01-20,4.442017078399658,0.0,0.0123240784126814,-0.0052175991430259,5.690000057220459,5.71999979019165,5.639999866485596,5380200,0.0,0.0,-0.21932916806163183,0.01800981902907869,15.498236292034873,0.01772439232006051,-0.006298085112120377,-0.008726004641786633,-0.004508477084872231,-0.005663124328736169,0.005564020059726233,0.007477452823008496,50.0,0.006618079604642446,0.009012573112336634,-0.002394493507694188,0.6931471805599453,4.442017078399658,2023-01-25,0.01232407841268146
2023-01-25,3,0.2106315962349375,0.4096737374749165,0.3333333333333333,0.3333333333333333,0.3333333333333333,2,2023-01-23,2023-01-25,2023-01-25,4.496760845184326,5.75,5.760000228881836,5.679999828338623,5.679999828338623,3611100,2023-01-25,4.496760845184326,0.0123240784126814,-0.0052175991430259,0.0017482862243338,5.679999828338623,5.760000228881836,5.679999828338623,3611100,0.01232407841268146,0.012248755186456517,-0.20831672868208334,0.017790672730324756,15.099523269959827,-0.32881677261068365,0.006300460194239799,0.0036656863717983157,0.0051600117052930106,0.005386313412721,0.008959633490966644,0.007481482763844759,35.71987641161577,0.008509485316442245,0.008911955553157757,-0.00040247023671551203,1.3862943611198906,4.496760845184326,2023-01-26,-0.005217599143025997
2023-01-26,1,0.9527888000011444,0.0,1.0,0.0,0.0,1,2023-01-26,2023-01-26,2023-01-26,4.4732985496521,5.71999979019165,5.739999771118164,5.710000038146973,5.71999979019165,1206600,2023-01-26,4.4732985496521,-0.0052175991430259,0.0017482862243338,0.0,5.71999979019165,5.739999771118164,5.710000038146973,1206600,-0.005217599143025997,-0.005231258346315437,-0.21795477032662264,0.006706400799813499,14.003317873763525,-0.6658635872725762,0.0010499877755036913,-0.0015710388532997888,-5.6341794077208185e-05,0.00011504213243118677,0.008668752512090882,0.0073254832794581535,33.666229952687445,0.00802274558589211,0.008734113559704628,-0.0007113679738125177,0.6931471805599453,4.4732985496521,2023-01-27,0.0017482862243338726
2023-01-27,3,0.7892002843630811,0.2236161011961978,1.0,0.0,0.0,1,2023-01-27,2023-01-27,2023-01-27,4.481119155883789,5.730000019073486,5.760000228881836,5.690000057220459,5.739999771118164,3084300,2023-01-27,4.481119155883789,0.0017482862243338,0.0,0.0034905765181447,5.739999771118164,5.760000228881836,5.690000057220459,3084300,0.0017482862243338726,0.0017467597508553645,-0.21931718909966827,0.015621135976593143,14.941835609421544,1.5561909497762305,0.0031512156531072755,0.0005238021771472035,0.0011272615681512388,0.0015241895096258506,0.008528101238732181,0.0071294162010643895,35.00755250675152,0.008173835518207717,0.008622057951405247,-0.0004482224331975298,1.3862943611198906,4.481119155883789,2023-01-30,0.0
2023-01-30,1,0.4666622877120971,0.0,1.0,0.0,0.0,1,2023-01-30,2023-01-30,2023-01-30,4.481119155883789,5.730000019073486,5.760000228881836,5.710000038146973,5.739999771118164,2843600,2023-01-30,4.481119155883789,0.0,0.0034905765181447,-0.0104348801656262,5.739999771118164,5.760000228881836,5.710000038146973,2843600,0.0,0.0,-0.21931718909966827,0.011157969470464123,14.860581764704305,-0.07804039814544628,0.0013980760848260054,0.00034912629330174916,0.0007512254362465054,0.0012467186468789748,0.006451383182518181,0.0069194467112675675,35.00755250675152,0.00819906169858875,0.008537458700841948,-0.0003383970022531983,0.6931471805599453,4.481119155883789,2023-01-31,0.0034905765181447723
2023-01-31,1,0.5693106986582279,0.0,1.0,0.0,0.0,1,2023-01-31,2023-01-31,2023-01-31,4.496760845184326,5.75,5.75,5.690000057220459,5.730000019073486,5214900,2023-01-31,4.496760845184326,0.0034905765181447,-0.0104348801656262,-0.0017575037082139,5.730000019073486,5.75,5.690000057220459,5214900,0.0034905765181447723,0.0034844985954600727,-0.2152249860007102,0.013342925017637126,15.467030662535954,0.8339077226051483,0.002440836917291689,0.004191543202815007,0.0028256184018313757,0.00387618757825825,0.006400495777889661,0.00637689911257354,37.919389937471756,0.009373159286125698,0.008704598817898698,0.0006685604682270009,0.6931471805599453,4.496760845184326,2023-02-02,-0.010434880165626215
2023-02-02,3,0.1200240366160869,0.676879225930031,0.3333333333333333,0.3333333333333333,0.3333333333333333,2,2023-02-01,2023-02-02,2023-02-02,4.449837684631348,5.690000057220459,5.75,5.650000095367432,5.75,5834700,2023-02-02,4.449837684631348,-0.0104348801656262,-0.0017575037082139,-0.0035210885843455,5.75,5.75,5.650000095367432,5834700,-0.010434880165626215,-0.010489705256674808,-0.22611518528150476,0.02247270838168853,15.57933357988771,0.11885175171144224,-0.0059398697110318865,-0.005070777614050392,-0.005105497703476569,-0.005405782572340367,0.0056934614261020386,0.007138089710612813,33.12485484775139,0.006443061576566933,0.008252291369632346,-0.0018092297930654127,1.3862943611198906,4.449837684631348,2023-02-03,-0.0017575037082139255
2023-02-03,1,0.4616175666451454,0.0,1.0,0.0,0.0,1,2023-02-03,2023-02-03,2023-02-03,4.442017078399658,5.679999828338623,5.690000057220459,5.659999847412109,5.690000057220459,2977900,2023-02-03,4.442017078399658,-0.0017575037082139,-0.0035210885843455,-0.0265017477515365,5.690000057220459,5.690000057220459,5.659999847412109,2977900,-0.0017575037082139255,-0.0017590499297817086,-0.21932916806163183,0.00675373580939898,14.906729247885727,-0.4896224313160916,-0.006298127511753071,-0.0061242374016208245,-0.004579815716147628,-0.00586072027739637,0.005420928916747716,0.006857121997575658,32.38978092404301,0.003450109750577468,0.007291855045821371,-0.003841745295243903,0.6931471805599453,4.442017078399658,2023-02-07,-0.003521088584345522
2023-02-07,2,0.7114719939418137,0.1453356303377232,1.0,0.0,0.0,2,2023-02-04,2023-02-06,2023-02-07,4.4263763427734375,5.659999847412109,5.690000057220459,5.630000114440918,5.650000095367432,4385800,2023-02-07,4.4263763427734375,-0.0035210885843455,-0.0265017477515365,-0.0054446420813445,5.650000095367432,5.690000057220459,5.630000114440918,4385800,-0.003521088584345522,-0.0035273022068529336,-0.2165705720248168,0.013555092954872158,15.29388283529362,0.4727828335404143,-0.0073658312975822815,-0.008235480269110695,-0.005404416746297214,-0.007672199662824508,0.005164249596286559,0.006740265419536144,30.91233925722726,-0.00018180702629866374,0.005797122631397365,-0.005978929657696029,1.0986122886681098,4.4263763427734375,2023-02-08,-0.026501747751536575
2023-02-08,1,-0.2525762617588043,0.0,0.0,1.0,0.0,1,2023-02-08,2023-02-08,2023-02-08,4.309069633483887,5.510000228881836,5.679999828338623,5.510000228881836,5.679999828338623,10601800,2023-02-08,4.309069633483887,-0.0265017477515365,-0.0054446420813445,0.0018247419881587,5.679999828338623,5.679999828338623,5.510000228881836,10601800,-0.026501747751536575,-0.026859249499215476,-0.24136095709279765,0.03945157862750579,16.176534450310342,1.417301290528524,-0.026157648081190588,-0.031634413421049,-0.0214018876155182,-0.027966881003823274,0.011607979590365254,0.010175363266225264,22.58967079944044,-0.012383054164883056,0.0021610872721412803,-0.014544141437024337,0.6931471805599453,4.309069633483887,2023-02-10,-0.0036298351602020995
2023-02-10,1,0.9243208412081004,0.0,1.0,0.0,0.0,1,2023-02-10,2023-02-10,2023-02-10,4.293428421020508,5.489999771118164,5.5,5.46999979019165,5.5,8925800,2023-02-10,4.293428421020508,0.0018247419881587,0.0018215294316774,0.0036364349899942,5.5,5.5,5.46999979019165,8925800,-0.0036298351602020995,-0.003636438997250524,-0.21937665072354404,0.006987471751355957,16.004456629502034,-0.1580863626931276,-0.02069215179336248,-0.03191680445194067,-0.016775564321153014,-0.025917213149008855,0.010241314917726646,0.010121570719867554,21.748857788392755,-0.0230490504481482,-0.002880940271916616,-0.020168110176231584,0.6931471805599453,4.293428421020508,2023-02-13,0.00182152943167746
2023-02-13,2,0.9185745432041584,0.0381782465959138,1.0,0.0,0.0,1,2023-02-13,2023-02-13,2023-02-13,4.301249027252197,5.5,5.539999961853027,5.5,5.5,2939700,2023-02-13,4.301249027252197,0.0018215294316774,0.0036364349899942,0.0018115191631664,5.5,5.539999961853027,5.5,2939700,0.00182152943167746,0.0018198724587872306,-0.21795472231778232,0.009299615437188683,14.893818433462727,-0.6706513701853055,-0.012212642419468178,-0.025859004558920984,-0.010039875863842918,-0.019840367443529017,0.01127700941941454,0.008768972926658779,23.28636364505293,-0.030519066976974152,-0.008408565612928125,-0.022110501364046027,1.0986122886681098,4.301249027252197,2023-02-14,0.0036364349899942194
2023-02-14,4,-0.0913466803031042,0.5672250328144568,0.25,0.25,0.5,1,2023-02-14,2023-02-14,2023-02-14,4.316890239715576,5.519999980926514,5.559999942779541,5.5,5.510000228881836,6373900,2023-02-14,4.316890239715576,0.0036364349899942,0.0018115191631664,-0.0018082434954228,5.510000228881836,5.559999942779541,5.5,6373900,0.0036364349899942194,0.003629839145679048,-0.2165353792387014,0.013898880779395073,15.667722241990665,1.1682144436507125,-0.002890119932388524,-0.018841030999645625,-0.004302536192804518,-0.013356318452016014,0.012098240879355744,0.009117348596117372,26.40103672372041,-0.03477611634604827,-0.013682075759552156,-0.021094040586496113,1.6094379124341003,4.316890239715576,2023-02-15,0.001811519163166464
2023-02-15,2,0.7161819618195295,0.3044498860001148,1.0,0.0,0.0,1,2023-02-15,2023-02-15,2023-02-15,4.324710369110107,5.53000020980835,5.539999961853027,5.510000228881836,5.53000020980835,4517700,2023-02-15,4.324710369110107,0.0018115191631664,-0.0018082434954228,-0.0072464080281227,5.53000020980835,5.539999961853027,5.510000228881836,4517700,0.001811519163166464,0.0018098803412003317,-0.21795475496736252,0.006936818979941177,15.323513794094568,-0.2912188769826951,0.0036297467133679095,-0.013556919013567814,-0.0016672628292537794,-0.009485493261829014,0.012557930269705486,0.009121425394682449,27.975556139069568,-0.03709127443170068,-0.01836391549398186,-0.018727358937718822,1.0986122886681098,4.324710369110107,2023-02-16,-0.0018082434954228566
2023-02-16,2,0.5044774594716728,0.4004122192306488,1.0,0.0,0.0,1,2023-02-16,2023-02-16,2023-02-16,4.316890239715576,5.519999980926514,5.559999942779541,5.5,5.539999961853027,5278800,2023-02-16,4.316890239715576,-0.0018082434954228,-0.0072464080281227,-0.0018249645176695,5.539999961853027,5.559999942779541,5.5,5278800,-0.0018082434954228566,-0.0018098803412003317,-0.2207779297038738,0.013898880779395073,15.479209546561787,0.16847068198419546,0.0014514293830545366,-0.011638272058747234,-0.0023176770429567117,-0.009245251983228675,0.0029831975132175825,0.009061873354678002,27.345545904736568,-0.03910628012649919,-0.02251238842048533,-0.016593891706013865,1.0986122886681098,4.316890239715576,2023-02-17,-0.007246408028122708
2023-02-17,2,0.7750234988052398,0.2673105193780515,1.0,0.0,0.0,1,2023-02-17,2023-02-17,2023-02-17,4.285608291625977,5.480000019073486,5.53000020980835,5.460000038146973,5.53000020980835,6374200,2023-02-17,4.285608291625977,-0.0072464080281227,-0.0018249645176695,0.003656379268256,5.53000020980835,5.53000020980835,5.460000038146973,6374200,-0.007246408028122708,-0.007272790773466653,-0.22502565478663866,0.016333777353883784,15.667769307820553,0.20750928241266964,-0.005444642081344542,-0.014033804036863717,-0.006385180549006053,-0.013478613610793166,0.004329146553315781,0.008747263270695298,24.92725842670417,-0.04273475873639221,-0.026556862483666704,-0.016177896252725504,1.0986122886681098,4.285608291625977,2023-02-20,-0.0018249645176695584
2023-02-20,2,-0.584265448153019,0.2067462972116572,0.0,1.0,0.0,1,2023-02-20,2023-02-20,2023-02-20,4.277787208557129,5.46999979019165,5.5,5.460000038146973,5.480000019073486,2486400,2023-02-20,4.277787208557129,-0.0018249645176695,0.003656379268256,-0.0036430588633549,5.480000019073486,5.5,5.460000038146973,2486400,-0.0018249645176695584,-0.0018266317942039478,-0.21938189896568974,0.009350619818819619,14.726346841343286,-0.6099275203162751,-0.006177446706320033,-0.011922078023634874,-0.00548063921870523,-0.012535808178198993,0.004174785631660578,0.008548428576912102,24.347517699972684,-0.045714482123010214,-0.030388386411535406,-0.015326095711474808,1.0986122886681098,4.277787208557129,2023-02-21,0.003656379268256016
2023-02-21,1,0.2669705897569656,0.0,1.0,0.0,0.0,1,2023-02-21,2023-02-21,2023-02-21,4.293428421020508,5.489999771118164,5.510000228881836,5.480000019073486,5.480000019073486,3452800,2023-02-21,4.293428421020508,0.003656379268256,-0.0036430588633549,0.0,5.480000019073486,5.510000228881836,5.480000019073486,3452800,0.003656379268256016,0.0036497109632043223,-0.21652766312464253,0.006987471751355957,15.05469634366593,0.38867438867438864,-0.0014551031347931342,-0.004894004856760059,-0.0012302891711739594,-0.007314358762368189,0.0041804318818083035,0.008864913568970857,27.95616405150355,-0.04628032843028418,-0.03356677481528516,-0.01271355361499902,0.6931471805599453,4.293428421020508,2023-02-22,-0.00364305886335492
2023-02-22,1,-0.1719349324703216,0.0,0.0,1.0,0.0,1,2023-02-22,2023-02-22,2023-02-22,4.277787208557129,5.46999979019165,5.510000228881836,5.460000038146973,5.489999771118164,4039600,2023-02-22,4.277787208557129,-0.0036430588633549,0.0,0.0018283011023088,5.489999771118164,5.510000228881836,5.460000038146973,4039600,-0.00364305886335492,-0.0036497109632043223,-0.22080375466284224,0.011688330507614949,15.21165648268377,0.16994902687673763,-0.002916594303264075,-0.005092860971775859,-0.0032511872107499062,-0.008961167619807253,0.0039413316405619596,0.008865242753190866,26.59023542633149,-0.04744397620736063,-0.03634221509370025,-0.011101761113660374,0.6931471805599453,4.277787208557129,2023-02-23,0.0
2023-02-23,1,0.8854571189731361,0.0,1.0,0.0,0.0,1,2023-02-23,2023-02-23,2023-02-23,4.277787208557129,5.46999979019165,5.5,5.420000076293945,5.480000019073486,4200800,2023-02-23,4.277787208557129,0.0,0.0018283011023088,0.0237226472288623,5.480000019073486,5.5,5.420000076293945,4200800,0.0,0.0,-0.21938189896568974,0.018701239637639238,15.250785779355654,0.03990494108327547,-0.0010957341238250207,-0.004368487704455748,-0.0021698096262690036,-0.007343829741530361,0.004064241944033815,0.0035516529400361862,26.59023542633149,-0.04781499396766531,-0.038636770868493264,-0.009178223099172045,0.6931471805599453,4.277787208557129,2023-02-24,0.0018283011023088047
2023-02-24,1,-0.2937093377113342,0.0,0.0,1.0,0.0,1,2023-02-24,2023-02-24,2023-02-24,4.285608291625977,5.480000019073486,5.5,5.460000038146973,5.5,2094400,2023-02-24,4.285608291625977,0.0018283011023088,0.0237226472288623,0.0124776364093439,5.5,5.5,5.460000038146973,2094400,0.0018283011023088047,0.0018266317942039478,-0.22079849243164062,0.009333555269432055,14.554778151601372,-0.5014282993715482,0.0007305636465775311,-0.0023665950322595553,-0.00023034358555640289,-0.004528242840568075,0.0028859189245194457,0.0034737877019368015,28.612955018816393,-0.04693687311947592,-0.040296791318689795,-0.006640081800786124,0.6931471805599453,4.285608291625977,2023-02-27,0.023722647228862304
2023-02-27,7,0.2674746452830732,0.7260385656685078,0.5714285714285714,0.4285714285714285,0.0,2,2023-02-25,2023-02-27,2023-02-27,4.387274265289307,5.610000133514404,5.639999866485596,5.489999771118164,5.489999771118164,6818800,2023-02-27,4.387274265289307,0.0237226472288623,0.0124776364093439,0.0035210885843455,5.489999771118164,5.639999866485596,5.489999771118164,6818800,0.023722647228862304,0.023445637614638803,-0.20086075624813043,0.03418981497331585,15.735194207912267,2.255729564553094,0.01925881138145158,0.019258788798836024,0.015536260306162841,0.015562614149104315,0.010747572941121749,0.008352188058665123,48.483890608863724,-0.03760388739781373,-0.03975821053451459,0.0021543231367008586,2.0794415416798357,4.387274265289307,2023-02-28,0.012477636409343962
2023-02-28,3,-0.0827307865644494,0.1602307460237984,0.3333333333333333,0.3333333333333333,0.3333333333333333,1,2023-02-28,2023-02-28,2023-02-28,4.442017078399658,5.679999828338623,5.690000057220459,5.639999866485596,5.639999866485596,7742000,2023-02-28,4.442017078399658,0.0124776364093439,0.0035210885843455,0.0017544204956876,5.639999866485596,5.690000057220459,5.639999866485596,7742000,0.012477636409343962,0.012400432257680505,-0.21240830078821016,0.011256190566668652,15.862170739285313,0.13539039127119135,0.0249007630503868,0.02898550212366402,0.018629998222062794,0.022982917943606962,0.011164643822595023,0.008986923763207755,55.643542897024446,-0.025496236713659748,-0.03690581577034362,0.011409579056683869,1.3862943611198906,4.442017078399658,2023-03-03,0.007042177168691044
2023-03-03,4,-0.258149879053235,0.5491861528132831,0.25,0.75,0.0,1,2023-03-03,2023-03-03,2023-03-03,4.4732985496521,5.71999979019165,5.739999771118164,5.690000057220459,5.71999979019165,2526200,2023-03-03,4.4732985496521,0.0017512411120508,-0.0122376837813807,0.0141592463855637,5.71999979019165,5.739999771118164,5.690000057220459,2526200,0.007042177168691044,0.00701749684014108,-0.21795477032662264,0.011177370198462093,14.74222715117341,-0.6737018858176183,0.022889769005542293,0.032677305155421665,0.017055550525858276,0.024563591315996947,0.009553999558947847,0.009068550364236002,59.138248497311274,-0.013224242183557777,-0.03216950105298645,0.018945258869428674,1.6094379124341003,4.4732985496521,2023-03-06,-0.012237683781380793
2023-03-06,6,-0.0089859388147791,0.6382003510958209,0.3333333333333333,0.5,0.1666666666666666,1,2023-03-06,2023-03-06,2023-03-06,4.418555736541748,5.650000095367432,5.71999979019165,5.639999866485596,5.71999979019165,2077000,2023-03-06,4.418555736541748,-0.0122376837813807,0.0141592463855637,-0.006980727395157,5.71999979019165,5.71999979019165,5.639999866485596,2077000,-0.012237683781380793,-0.012313180804952806,-0.2275251925501027,0.018105446321396386,14.546435584321783,-0.1778164832554825,0.003909016364102458,0.017651314355576098,0.003068050509055009,0.009817421785490499,0.013281086613755157,0.010258373145906484,51.49246414915083,-0.007825676094036282,-0.02730073606119642,0.019475059967160136,1.9459101490553132,4.418555736541748,2023-03-07,0.014159246385563762
2023-03-07,3,0.2977722771465778,1.0980425512785383,0.6666666666666666,0.3333333333333333,0.0,1,2023-03-07,2023-03-07,2023-03-07,4.481119155883789,5.730000019073486,5.730000019073486,5.650000095367432,5.650000095367432,2268400,2023-03-07,4.481119155883789,0.0141592463855637,-0.006980727395157,0.0052722968079892,5.650000095367432,5.730000019073486,5.650000095367432,2268400,0.014159246385563762,0.01405994055580817,-0.20688157871750049,0.017852666024516076,14.63458573596127,0.09215214251324033,0.009158119480797033,0.027434086361031174,0.011447920771028075,0.019644870956345928,0.013326055507809853,0.01026037471280543,58.151502360272154,0.0014839652751152954,-0.021543795793934076,0.02302776106904937,1.3862943611198906,4.481119155883789,2023-03-08,-0.006980727395157094
2023-03-08,2,0.5868779942393303,0.0836252901512539,1.0,0.0,0.0,1,2023-03-08,2023-03-08,2023-03-08,4.449837684631348,5.690000057220459,5.699999809265137,5.659999847412109,5.690000057220459,1985500,2023-03-08,4.449837684631348,-0.006980727395157,0.0052722968079892,-0.0122376837813807,5.690000057220459,5.699999809265137,5.659999847412109,1985500,-0.006980727395157094,-0.007005206661214736,-0.21795472058306542,0.008989083352675412,14.501381833204789,-0.12471345441721038,-0.0007024434146910563,0.01625294952832923,0.0029205812399970554,0.01022607893674432,0.011857880443782335,0.01073316588157308,54.14889259538597,0.006265544535365208,-0.01598192772807422,0.022247472263439427,1.0986122886681098,4.449837684631348,2023-03-09,0.005272296807989241
2023-03-09,2,-0.0536182895302772,0.6247819215093853,0.0,0.5,0.5,1,2023-03-09,2023-03-09,2023-03-09,4.4732985496521,5.71999979019165,5.71999979019165,5.630000114440918,5.699999809265137,2710100,2023-03-09,4.4732985496521,0.0052722968079892,-0.0122376837813807,-0.005309730884208,5.699999809265137,5.71999979019165,5.630000114440918,2710100,0.005272296807989241,0.005258446910359371,-0.21521075450197033,0.02011930899575928,14.812496461534092,0.3649458574666331,0.0031567422712330817,0.01743146050323796,0.0054572526005094435,0.012688721694239957,0.010791630879255418,0.010739538271941974,56.56366928908682,0.011811915871571266,-0.010423159008145123,0.02223507487971639,1.0986122886681098,4.4732985496521,2023-03-13,-0.01748243585806364
2023-03-13,2,0.6241161646321416,0.4088554256114848,1.0,0.0,0.0,1,2023-03-13,2023-03-13,2023-03-13,4.395094394683838,5.619999885559082,5.639999866485596,5.570000171661377,5.610000133514404,3662400,2023-03-13,4.395094394683838,-0.005309730884208,-0.0249109787471896,0.0091240437350599,5.610000133514404,5.639999866485596,5.570000171661377,3662400,-0.01748243585806364,-0.017637058409263995,-0.2165607326054526,0.01592677848031844,15.1136295012254,0.35138924762923884,-0.010911629259571898,-0.0030157720954170353,-0.008113171691470855,-0.004107372432399337,0.012968834022741021,0.01258970758508592,47.57010668963556,0.009784246683135933,-0.006381677869888913,0.016165924553024846,1.0986122886681098,4.395094394683838,2023-03-14,-0.024910978747189616
2023-03-14,3,0.2990773292258382,0.9869185676936056,0.6666666666666666,0.3333333333333333,0.0,1,2023-03-14,2023-03-14,2023-03-14,4.285608291625977,5.480000019073486,5.619999885559082,5.449999809265137,5.619999885559082,6987900,2023-03-14,4.285608291625977,-0.0249109787471896,0.0091240437350599,-0.0072333047579407,5.619999885559082,5.619999885559082,5.449999809265137,6987900,-0.024910978747189616,-0.025226508303196393,-0.23743623151343876,0.039667665527463924,15.759690782992054,0.9080111402359108,-0.02974497918775132,-0.02802406678566971,-0.022123407406674733,-0.02378361346275104,0.015999160195278143,0.01536055596449599,38.371589382712045,-0.0006498185566723436,-0.0052353060072456,0.004585487450573257,1.3862943611198906,4.285608291625977,2023-03-15,0.009124043735059928
2023-03-15,1,0.1431457400321961,0.0,1.0,0.0,0.0,1,2023-03-15,2023-03-15,2023-03-15,4.324710369110107,5.53000020980835,5.579999923706055,5.510000228881836,5.53000020980835,3179900,2023-03-15,4.324710369110107,0.0091240437350599,-0.0072333047579407,0.0018215294316774,5.53000020980835,5.579999923706055,5.510000228881836,3179900,0.009124043735059928,0.009082671114666985,-0.21795475496736252,0.01618598445902923,14.972360622196275,-0.54494197112151,-0.013908692277060153,-0.020024792265504687,-0.008839710723473115,-0.012204752899599214,0.014502404536769441,0.015612976014647964,42.6377335168192,-0.005697996611274014,-0.005327844128051283,-0.00037015248322273125,0.6931471805599453,4.324710369110107,2023-03-16,-0.007233304757940706
2023-03-16,2,0.3628070373088121,0.0791737847925596,0.5,0.0,0.5,1,2023-03-16,2023-03-16,2023-03-16,4.293428421020508,5.489999771118164,5.53000020980835,5.460000038146973,5.53000020980835,4437200,2023-03-16,4.293428421020508,-0.0072333047579407,0.0018215294316774,0.0,5.53000020980835,5.53000020980835,5.460000038146973,4437200,-0.007233304757940706,-0.00725959194566661,-0.223611526559182,0.016304026711766763,15.305534330213964,0.3953897921318281,-0.014008633079911736,-0.02503996222462057,-0.010729975769370959,-0.01588753027066092,0.01450277984339665,0.013542852275016504,40.23796574956011,-0.012083613491840062,-0.006678998000809039,-0.005404615491031023,1.0986122886681098,4.293428421020508,2023-03-17,0.00182152943167746
2023-03-17,1,0.5306298136711122,0.0,1.0,0.0,0.0,1,2023-03-17,2023-03-17,2023-03-17,4.301249027252197,5.5,5.550000190734863,5.5,5.5,6076200,2023-03-17,4.301249027252197,0.0018215294316774,0.0,0.0036364349899942,5.5,5.550000190734863,5.5,6076200,0.00182152943167746,0.0018198724587872306,-0.21795472231778232,0.011624574726566186,15.619890223124962,0.36937708464797625,-0.004344674732524645,-0.020131808764925707,-0.005969760191933404,-0.011561853751526185,0.013836844408416558,0.012660902347055381,41.130038287889406,-0.01632501865907976,-0.008608202132463183,-0.007716816526616576,0.6931471805599453,4.301249027252197,2023-03-20,0.0
2023-03-20,3,-0.0210647111137708,0.6408287538760292,0.3333333333333333,0.6666666666666666,0.0,1,2023-03-20,2023-03-20,2023-03-20,4.301249027252197,5.5,5.519999980926514,5.489999771118164,5.519999980926514,6524600,2023-03-20,4.301249027252197,0.0,0.0036364349899942,0.0,5.519999980926514,5.519999980926514,5.489999771118164,6524600,0.0,0.0,-0.2207882170082459,0.0069747670079718434,15.691090359878041,0.07379612257661039,0.0,-0.016276139717473548,-0.003987775482398703,-0.009479626169683786,0.01293799288347807,0.012219625774372928,41.130038287889406,-0.019462016796842896,-0.010778965065339126,-0.00868305173150377,1.3862943611198906,4.301249027252197,2023-03-21,0.0036364349899942194
2023-03-21,3,0.2795260227285325,0.934918902046445,0.6666666666666666,0.3333333333333333,0.0,1,2023-03-21,2023-03-21,2023-03-21,4.316890239715576,5.519999980926514,5.579999923706055,5.510000228881836,5.550000190734863,5192500,2023-03-21,4.316890239715576,0.0036364349899942,0.0,-0.0036232592433042,5.550000190734863,5.579999923706055,5.510000228881836,5192500,0.0036364349899942194,0.003629839145679048,-0.22218196552098024,0.016215305680051473,15.462726027317846,-0.20416577261441315,0.0021787141134410604,-0.01039791204007745,-0.00024392426502972686,-0.004814141893216828,0.005943690191681751,0.012038209733154597,43.100125574651294,-0.020450257457021337,-0.012713223543675569,-0.007737033913345768,1.3862943611198906,4.316890239715576,2023-03-23,-0.0036232592433042
2023-03-23,5,0.4128840550780296,0.5375436462742411,0.6,0.2,0.2,1,2023-03-23,2023-03-23,2023-03-23,4.301249027252197,5.5,5.539999961853027,5.46999979019165,5.519999980926514,7192700,2023-03-23,4.301249027252197,-0.0036232592433042,-0.0109090832496616,0.0018380471844274,5.519999980926514,5.539999961853027,5.46999979019165,7192700,-0.0036232592433042,-0.003629839145679048,-0.2207882170082459,0.016274382445160527,15.788577319794214,0.38520943668753005,-0.000363511310474518,-0.009900986838736525,-0.0025808592634624095,-0.006899619389645895,0.0043635237677892005,0.010566893932642124,41.60085953969324,-0.022239200763846334,-0.014618418987709724,-0.00762078177613661,1.791759469228055,4.301249027252197,2023-03-24,-0.010909083249661666
2023-03-24,3,0.2314831221786637,1.0173472234148442,0.6666666666666666,0.3333333333333333,0.0,1,2023-03-24,2023-03-24,2023-03-24,4.254326343536377,5.440000057220459,5.510000228881836,5.440000057220459,5.5,7076500,2023-03-24,4.254326343536377,-0.0109090832496616,0.0018380471844274,0.0110093923185976,5.5,5.510000228881836,5.440000057220459,7076500,-0.010909083249661666,-0.010969023626665741,-0.22648611935702237,0.016453879182947172,15.772290134468816,-0.016155268536154677,-0.009468325558006363,-0.01627485301130427,-0.00901497770839954,-0.01455610604983859,0.005749105720088186,0.010759724266316894,37.39799321818542,-0.02713047640591082,-0.017120830471349945,-0.010009645934560874,1.3862943611198906,4.254326343536377,2023-03-27,0.0018380471844274826
2023-03-27,5,0.3946581253781915,0.789246214072553,0.6,0.4,0.0,1,2023-03-27,2023-03-27,2023-03-27,4.26214599609375,5.449999809265137,5.46999979019165,5.440000057220459,5.440000057220459,5966100,2023-03-27,4.26214599609375,0.0018380471844274,0.0110093923185976,0.0054446420813445,5.440000057220459,5.46999979019165,5.440000057220459,5966100,0.0018380471844274826,0.001836360042749119,-0.2165172883708622,0.007038645085993327,15.601604173179373,-0.15691372853811913,-0.005837444808898806,-0.009631277237965752,-0.004807193835964063,-0.010451794128531589,0.005751721808963447,0.010466434044241878,38.51284458726811,-0.030029703255875617,-0.01970260502825508,-0.010327098227620537,1.791759469228055,4.26214599609375,2023-03-28,0.011009392318597655
2023-03-28,3,-0.0136720488468805,0.8397251936208546,0.3333333333333333,0.3333333333333333,0.3333333333333333,1,2023-03-28,2023-03-28,2023-03-28,4.309069633483887,5.510000228881836,5.519999980926514,5.449999809265137,5.480000019073486,3569700,2023-03-28,4.309069633483887,0.0110093923185976,0.0054446420813445,0.0054151584815984,5.480000019073486,5.519999980926514,5.449999809265137,3569700,0.011009392318597655,0.010949230122379916,-0.21367342728359534,0.016244845782355518,15.0879923967469,-0.40166943229245233,0.00474111353360418,0.0032775366658981397,0.004091130305815538,0.00036204110584892035,0.008203401818395597,0.01050049320016721,44.85875819172655,-0.028215762298020586,-0.02140523648220818,-0.006810525815812405,1.3862943611198906,4.309069633483887,2023-03-29,0.005444642081344542
2023-03-29,1,0.5790599621832371,0.0,1.0,0.0,0.0,1,2023-03-29,2023-03-29,2023-03-29,4.332530975341797,5.539999961853027,5.570000171661377,5.5,5.53000020980835,2982200,2023-03-29,4.332530975341797,0.0054446420813445,0.0054151584815984,0.0017952578482871,5.53000020980835,5.570000171661377,5.5,2982200,0.005444642081344542,0.005429873599461121,-0.21654054051257493,0.016156877367934936,14.908172176461804,-0.16457965655377205,0.009475271456905743,0.0076391805571747184,0.006351794501193497,0.004747521447316938,0.00841929690289039,0.00688102156671864,47.761740017886936,-0.02460147630194154,-0.022044484446154852,-0.002556991855786686,0.6931471805599453,4.332530975341797,2023-03-30,0.005415158481598459
2023-03-30,2,-0.0233417795971036,1.0675975575326937,0.5,0.5,0.0,1,2023-03-30,2023-03-30,2023-03-30,4.355992317199707,5.570000171661377,5.590000152587891,5.519999980926514,5.559999942779541,2750500,2023-03-30,4.355992317199707,0.0054151584815984,0.0017952578482871,0.0017920406732041,5.559999942779541,5.590000152587891,5.519999980926514,2750500,0.005415158481598459,0.005400549228125051,-0.21654813632568665,0.016069856547951226,14.827293634867843,-0.07769431962980355,0.012359185354312796,0.012359174135362139,0.00783673794471662,0.008320540980117253,0.008212836587027176,0.006489960556652885,50.56453347448849,-0.019617852010913595,-0.021559157959106602,0.0019413059481930076,1.0986122886681098,4.355992317199707,2023-03-31,0.0017952578482871573
2023-03-31,3,0.8367838353539506,0.0471040809313452,1.0,0.0,0.0,1,2023-03-31,2023-03-31,2023-03-31,4.363812446594238,5.579999923706055,5.599999904632568,5.570000171661377,5.570000171661377,4371200,2023-03-31,4.363812446594238,0.0017952578482871,0.0017920406732041,0.0017888350081118,5.570000171661377,5.599999904632568,5.570000171661377,4371200,0.0017952578482871573,0.0017936482989988622,-0.21655075186602127,0.006874661397192922,15.290548357688658,0.589238320305399,0.009041570504495944,0.012520371799312535,0.006410099095209398,0.008273544809264344,0.003764992570386822,0.005854396048509955,51.4986519814532,-0.01486590981398006,-0.020220508330081294,0.005354598516101233,1.3862943611198906,4.363812446594238,2023-04-03,0.0017920406732041538
2023-04-03,3,0.5452302110691866,0.2868627829027987,1.0,0.0,0.0,1,2023-04-03,2023-04-03,2023-04-03,4.3716325759887695,5.590000152587891,5.630000114440918,5.590000152587891,5.599999904632568,1425300,2023-04-03,4.3716325759887695,0.0017920406732041,0.0017888350081118,0.0017859674329605,5.599999904632568,5.630000114440918,5.590000152587891,1425300,0.0017920406732041538,0.0017904368840679918,-0.21935131242192324,0.009149891066492524,14.169893577449555,-0.6739339311859444,0.005757360366798636,0.012681055004994946,0.005460800292366619,0.008232521244493807,0.003775001907459754,0.005854303451803523,52.46593372341812,-0.010349638114665716,-0.018246334286998178,0.007896696172332462,1.3862943611198906,4.3716325759887695,2023-04-04,0.0017888350081118887
2023-04-04,3,-0.0677546213070551,0.526007948927226,0.3333333333333333,0.3333333333333333,0.3333333333333333,1,2023-04-04,2023-04-04,2023-04-04,4.379452705383301,5.599999904632568,5.650000095367432,5.590000152587891,5.639999866485596,4274600,2023-04-04,4.379452705383301,0.0017888350081118,0.0017859674329605,0.0017824573805202,5.639999866485596,5.650000095367432,5.590000152587891,4274600,0.0017888350081118887,0.0017872369482618833,-0.223501274989882,0.013700328971651646,15.268201322663838,1.9990879113169155,0.0043040267084888395,0.012658068740533102,0.004827919907481215,0.008196384244564703,0.001992564227683519,0.005825889237761631,53.46538131076631,-0.006069476026868692,-0.01581096263497228,0.009741486608103589,1.3862943611198906,4.379452705383301,2023-04-05,0.0017859674329605557
2023-04-05,2,-0.1468483437784016,1.118055313466948,0.5,0.5,0.0,1,2023-04-05,2023-04-05,2023-04-05,4.387274265289307,5.610000133514404,5.630000114440918,5.599999904632568,5.619999885559082,2594800,2023-04-05,4.387274265289307,0.0017859674329605,0.0017824573805202,0.008896646382446,5.619999885559082,5.630000114440918,5.599999904632568,2594800,0.0017859674329605557,0.0017843744894729952,-0.21934620024412027,0.006838006469233427,14.76902038570712,-0.39297244186590563,0.0035779315627983976,0.012818296127840911,0.00440528189120748,0.008164515474008649,0.0016209889905372018,0.005791023025175165,54.49593209840913,-0.002022962762994851,-0.013053362660576795,0.011030399897581944,1.0986122886681098,4.387274265289307,2023-04-06,0.001782457380520297
2023-04-06,1,0.4907559752464295,0.0,1.0,0.0,0.0,1,2023-04-06,2023-04-06,2023-04-06,4.395094394683838,5.619999885559082,5.619999885559082,5.579999923706055,5.619999885559082,6712200,2023-04-06,4.395094394683838,0.0017824573805202,0.008896646382446,0.0052911099824575,5.619999885559082,5.619999885559082,5.579999923706055,6712200,0.001782457380520297,0.0017808706885575898,-0.21795471811711425,0.009101047272479514,15.719437473045515,1.5867889625404654,0.003571477101032672,0.012430217472923832,0.004121881833948571,0.008135604157984977,5.009912710199492e-06,0.005490272830065833,55.5557090461704,0.001794264079353347,-0.010083837312590768,0.011878101391944115,0.6931471805599453,4.395094394683838,2023-04-07,0.008896646382446027
2023-04-07,3,0.3017679303884505,0.1958707020776431,0.3333333333333333,0.0,0.6666666666666666,1,2023-04-07,2023-04-07,2023-04-07,4.4341959953308105,5.670000076293945,5.670000076293945,5.610000133514404,5.639999866485596,6450200,2023-04-07,4.4341959953308105,0.008896646382446,0.0052911099824575,0.0017544204956876,5.639999866485596,5.670000076293945,5.610000133514404,6450200,0.008896646382446027,0.008857304393017351,-0.21379501767721623,0.013531188707653135,15.679621851077103,-0.039033401865260275,0.00925588492916396,0.01722271067179526,0.008665755041740386,0.013951309747034735,0.003179387089615752,0.003433128165945819,60.50832933549377,0.007883737422497816,-0.006490322365573051,0.014374059788070867,1.3862943611198906,4.4341959953308105,2023-04-10,0.00529110998245752
2023-04-10,1,0.6990326605737209,0.0,1.0,0.0,0.0,1,2023-04-10,2023-04-10,2023-04-10,4.457657814025879,5.699999809265137,5.71999979019165,5.670000076293945,5.670000076293945,5648400,2023-04-10,4.457657814025879,0.0052911099824575,0.0017544204956876,-0.0017513478950456,5.670000076293945,5.71999979019165,5.670000076293945,5648400,0.00529110998245752,0.00527716124128319,-0.21381697459526028,0.011216588617543178,15.546883054218505,-0.12430622306285077,0.010638312823491036,0.018038920042083628,0.009291774297751632,0.015748883675859693,0.003174562758313532,0.0033467813120262773,63.16097362215984,0.014436447232003324,-0.002304968446057776,0.0167414156780611,0.6931471805599453,4.457657814025879,2023-04-11,0.0017544204956876364
2023-04-11,3,0.3634195279640456,0.9997720258859067,0.6666666666666666,0.3333333333333333,0.0,1,2023-04-11,2023-04-11,2023-04-11,4.465478420257568,5.710000038146973,5.739999771118164,5.699999809265137,5.71999979019165,3249800,2023-04-11,4.465478420257568,0.0017544204956876,-0.0017513478950456,0.0087721024784386,5.71999979019165,5.739999771118164,5.699999809265137,3249800,0.0017544204956876364,0.0017528832977149467,-0.219321925865324,0.008957598288140457,14.99410432166201,-0.42465122866652505,0.008477585701653023,0.0161950781270499,0.0073479022675004835,0.014297917936518578,0.003180340839617153,0.002525687255366173,64.02832992660186,0.02002968479090228,0.002161962201334235,0.017867722589568046,1.3862943611198906,4.465478420257568,2023-04-13,0.0070053915801822075
2023-04-13,4,0.229814613587223,0.807118831949471,0.5,0.25,0.25,1,2023-04-13,2023-04-13,2023-04-13,4.496760845184326,5.75,5.760000228881836,5.710000038146973,5.710000038146973,5291400,2023-04-13,4.496760845184326,0.0087721024784386,-0.0018184823937841,0.0109291782788543,5.710000038146973,5.760000228881836,5.710000038146973,5291400,0.0070053915801822075,0.006980967823563944,-0.21247621451091456,0.011119157201435232,15.481593608090211,0.6282232752784787,0.010544958406279559,0.019503702607165163,0.009557289007466219,0.01744404744658201,0.003168674133495308,0.002696528165965623,67.34071447566407,0.026679056550111824,0.007065381071089753,0.01961367547902207,1.6094379124341003,4.496760845184326,2023-04-17,0.009090821366791735
2023-04-17,3,0.1614091402540604,0.9634793845653448,0.6666666666666666,0.3333333333333333,0.0,1,2023-04-17,2023-04-17,2023-04-17,4.53764009475708,5.550000190734863,5.570000171661377,5.5,5.510000228881836,5668400,2023-04-17,4.53764009475708,0.0109291782788543,-0.003603674228186,-0.0072334153287741,5.510000228881836,5.570000171661377,5.5,5668400,0.009090821366791735,0.009049748586104078,-0.17647188634002658,0.015426558783773347,15.550417625349462,0.07124768492270483,0.013240033810014262,0.024552403552580593,0.012412480074420973,0.021734609309110198,0.0030270040055617167,0.003161989854622721,71.08745530501872,0.03484566622424179,0.012621438101720162,0.022224228122521627,1.3862943611198906,4.53764009475708,2023-04-18,-0.0036036742281860823
2023-04-18,2,0.5099679043050855,0.6689180983065433,0.5,0.0,0.5,1,2023-04-18,2023-04-18,2023-04-18,4.52128791809082,5.53000020980835,5.559999942779541,5.510000228881836,5.559999942779541,3022500,2023-04-18,4.52128791809082,-0.003603674228186,-0.0072334153287741,0.00364316565961,5.559999942779541,5.559999942779541,5.510000228881836,3022500,-0.0036036742281860823,-0.003610183104107989,-0.18681871139902395,0.011058732556633595,14.921595192322973,-0.4667807494178251,0.005677098229749156,0.017243305603348524,0.005825697922676065,0.014721995886057826,0.004985770221109759,0.003959308577164113,67.73974499415726,0.039542458386160995,0.01800564215860833,0.021536816227552665,1.0986122886681098,4.52128791809082,2023-04-19,-0.007233415328774195
2023-04-19,2,-0.3706639651209116,0.6926619735546931,0.0,0.5,0.5,1,2023-04-19,2023-04-19,2023-04-19,4.488583564758301,5.489999771118164,5.539999961853027,5.480000019073486,5.539999961853027,4032100,2023-04-19,4.488583564758301,-0.0072334153287741,0.00364316565961,0.0018149705912737,5.539999961853027,5.539999961853027,5.480000019073486,4032100,-0.007233415328774195,-0.007259703322126221,-0.1897863545730147,0.01336723309567522,15.20979813802278,0.3340281224152193,-0.002969069703285254,0.007234848364065849,-0.0009670387551699022,0.006031796153820768,0.006896871415439037,0.005231130278469077,61.50159308580958,0.04016276071571223,0.02243706587002911,0.01772569484568312,1.0986122886681098,4.488583564758301,2023-04-20,0.0036431656596100925
2023-04-20,10,0.1539545813575386,0.6082487960842059,0.4,0.3,0.3,1,2023-04-20,2023-04-20,2023-04-20,4.504936218261719,5.510000228881836,5.53000020980835,5.480000019073486,5.489999771118164,4435300,2023-04-20,4.504936218261719,0.00364316565961,0.0018149705912737,-0.0072464127958643,5.489999771118164,5.53000020980835,5.480000019073486,4435300,0.0036431656596100925,0.0036365454058471247,-0.1794287056328628,0.011098978611989411,15.305106040644903,0.09999751990278027,-0.0010877343916627646,0.008065818919354095,0.0017801500028034045,0.007919893854227533,0.006972263182331744,0.005229847210782275,63.32047076595925,0.04149554247029741,0.02624876119008277,0.015246781280214637,2.3978952727983707,4.504936218261719,2023-04-25,0.001814970591273779
2023-04-25,8,0.0208841249113902,0.6621145384463167,0.375,0.25,0.375,3,2023-04-21,2023-04-25,2023-04-25,4.513112545013428,5.519999980926514,5.539999961853027,5.5,5.510000228881836,2718300,2023-04-25,4.513112545013428,0.0018149705912737,-0.0072464127958643,0.0072993065844992,5.510000228881836,5.539999961853027,5.5,2718300,0.001814970591273779,0.001813325522350695,-0.180923347088628,0.008863054367483834,14.815517610755176,-0.387121502491376,1.0565595331968325e-07,0.007059676897196221,0.0023960270934137995,0.007962535641475865,0.006359303809279647,0.005229204936134693,64.23044472343332,0.042719103614678566,0.02954282967500193,0.013176273939676637,2.1972245773362196,4.513112545013428,2023-04-26,-0.007246412795864354
2023-04-26,2,0.3819969124160707,0.3159125637310782,1.0,0.0,0.0,1,2023-04-26,2023-04-26,2023-04-26,4.480408668518066,5.480000019073486,5.519999980926514,5.46999979019165,5.519999980926514,4280200,2023-04-26,4.480408668518066,-0.0072464127958643,0.0072993065844992,-0.0072464127958643,5.519999980926514,5.519999980926514,5.46999979019165,4280200,-0.007246412795864354,-0.007272795576009683,-0.18833176014503453,0.011159738861812638,15.269510529072093,0.5745870580877754,-0.004722055220317212,-0.0021375337708299247,-0.003250439643246561,0.0005386452651068296,0.005062263922852325,0.006134077729207066,58.029218038263146,0.04058205050463837,0.03175067384092922,0.008831376663709145,1.0986122886681098,4.480408668518066,2023-04-27,0.007299306584499288
2023-04-27,1,0.4920647591352463,0.0,1.0,0.0,0.0,1,2023-04-27,2023-04-27,2023-04-27,4.513112545013428,5.519999980926514,5.53000020980835,5.489999771118164,5.5,2169200,2023-04-27,4.513112545013428,0.0072993065844992,-0.0072464127958643,0.0072993065844992,5.5,5.53000020980835,5.489999771118164,2169200,0.007299306584499288,0.007272795576009683,-0.17943408272483133,0.008863160023426036,14.589869454948383,-0.493201252277931,0.00290705498437438,0.0033826205235139017,0.002679831756961404,0.006406951558390439,0.006597085045585459,0.005950895690580226,61.982064050708196,0.04105410387954045,0.03361135984865147,0.00744274403088898,0.6931471805599453,4.513112545013428,2023-04-28,-0.007246412795864354
2023-04-28,4,0.0276807285845279,0.7570618918251818,0.25,0.25,0.5,1,2023-04-28,2023-04-28,2023-04-28,4.480408668518066,5.480000019073486,5.53000020980835,5.460000038146973,5.53000020980835,3786700,2023-04-28,4.480408668518066,-0.0072464127958643,0.0072993065844992,0.0,5.53000020980835,5.53000020980835,5.460000038146973,3786700,-0.007246412795864354,-0.007272795576009683,-0.1897995481860313,0.015623613121106229,15.147005749449473,0.7456666052000738,-0.0039985500676734675,-0.004391893499186561,-0.0030620142700493735,-0.0007249347547280127,0.006600479850719088,0.006430716653186969,56.2744001280987,0.03834723698697573,0.034558535276316325,0.003788701710659405,1.6094379124341003,4.480408668518066,2023-05-02,0.007299306584499288
2023-05-02,8,0.5659054623683915,0.6292296559246471,0.875,0.125,0.0,2,2023-05-01,2023-05-02,2023-05-02,4.513112545013428,5.519999980926514,5.53000020980835,5.480000019073486,5.480000019073486,2943600,2023-05-02,4.513112545013428,0.0072993065844992,0.0,-0.0018116824409227,5.480000019073486,5.53000020980835,5.480000019073486,2943600,0.007299306584499288,0.007272795576009683,-0.1764393194698441,0.011078870787325893,14.895144219754593,-0.22264768796049328,0.00290699122170035,0.0018149387793302552,0.0028060187538341275,0.005368290301678069,0.007316710427233436,0.006777913467719889,60.21941138628016,0.03839832302249491,0.035326492825552044,0.0030718301969428624,2.1972245773362196,4.513112545013428,2023-05-03,0.0
2023-05-03,7,0.3047692739803876,0.7738038812110137,0.7142857142857143,0.2857142857142857,0.0,1,2023-05-03,2023-05-03,2023-05-03,4.513112545013428,5.519999980926514,5.539999961853027,5.460000038146973,5.5,5959200,2023-05-03,4.513112545013428,0.0,-0.0018116824409227,0.0108892943091192,5.5,5.539999961853027,5.460000038146973,5959200,0.0,0.0,-0.17943408272483133,0.017726108734967667,15.60044696965195,1.0244598450876476,0.00290699122170035,0.0014514390090620832,0.0018689310839987705,0.004387954644216707,0.0072728693072758735,0.006451889243065374,60.21941138628015,0.038000759967445674,0.035861346253930775,0.0021394137135148997,2.0794415416798357,4.513112545013428,2023-05-05,-0.0018116824409227794
2023-05-05,4,0.398116439115256,0.5959472583948421,0.75,0.25,0.0,2,2023-05-04,2023-05-05,2023-05-05,4.504936218261719,5.510000228881836,5.550000190734863,5.489999771118164,5.519999980926514,4684600,2023-05-05,4.504936218261719,-0.0018116824409227,0.0108892943091192,-0.0035906300596634,5.519999980926514,5.550000190734863,5.489999771118164,4684600,-0.0018116824409227794,-0.001813325522350695,-0.18388836343699042,0.013318816673469146,15.35979130460632,-0.21388777017049265,-6.350861869730551e-08,0.00036308356099734596,3.590784426688032e-05,0.0021003740663418924,0.006249259498380841,0.00569326088444426,58.68422119246767,0.03660397925788317,0.03600987285472125,0.0005941064031619175,1.6094379124341003,4.504936218261719,2023-05-08,0.010889294309119224
2023-05-08,4,0.0505095060798338,1.046751154866093,0.5,0.5,0.0,1,2023-05-08,2023-05-08,2023-05-08,4.553991794586182,5.570000171661377,5.579999923706055,5.519999980926514,5.53000020980835,3655800,2023-05-08,4.553991794586182,0.0108892943091192,-0.0035906300596634,-0.0090090279432134,5.53000020980835,5.579999923706055,5.519999980926514,3655800,0.010889294309119224,0.010830432864719297,-0.17649337761164263,0.013175241740854557,15.111825779002544,-0.21961320070016654,0.009057926570089192,0.010522469900033027,0.007257298678701618,0.01062149404272561,0.0072625076958661395,0.006640287148355804,64.52721926086816,0.03900576138017264,0.03660905055981153,0.0023967108203611157,1.6094379124341003,4.553991794586182,2023-05-09,-0.0035906300596634244
2023-05-09,5,0.1834684489294886,0.4927439693192526,0.6,0.2,0.2,1,2023-05-09,2023-05-09,2023-05-09,4.53764009475708,5.550000190734863,5.570000171661377,5.519999980926514,5.570000171661377,1620800,2023-05-09,4.53764009475708,-0.0035906300596634,-0.0090090279432134,0.0018181644661567,5.570000171661377,5.570000171661377,5.519999980926514,1620800,-0.0035906300596634244,-0.003597091844332212,-0.18534291653286833,0.011018985571957313,14.298431029455635,-0.5566497073144046,0.0028912113363797065,0.005799189354763534,0.0024241317897435444,0.005714056498284492,0.006231644856762918,0.006242211331992857,61.4096532949967,0.039138580305796644,0.03711495650900855,0.002023623796788096,1.791759469228055,4.53764009475708,2023-05-10,-0.009009027943213455
2023-05-10,2,0.2100548148155212,0.1054805805934264,1.0,0.0,0.0,1,2023-05-10,2023-05-10,2023-05-10,4.496760368347168,5.5,5.579999923706055,5.489999771118164,5.570000171661377,3928500,2023-05-10,4.496760368347168,-0.0090090279432134,0.0018181644661567,-0.0054445942307073,5.570000171661377,5.579999923706055,5.489999771118164,3928500,-0.009009027943213455,-0.00904985462625163,-0.19268218496196046,0.02001444266886099,15.183768486148063,1.4238030602171765,-0.0054249662348884176,-0.00308141872624923,-0.00441421132481723,-0.0027396711089600068,0.0073046760833277245,0.006916426409494887,54.34109498670968,0.03553555621418969,0.03679907645004478,-0.0012635202358550895,1.0986122886681098,4.496760368347168,2023-05-11,0.0018181644661567908
2023-05-11,1,0.615551789291203,0.0,1.0,0.0,0.0,1,2023-05-11,2023-05-11,2023-05-11,4.504936218261719,5.510000228881836,5.570000171661377,5.5,5.510000228881836,4620000,2023-05-11,4.504936218261719,0.0018181644661567,-0.0054445942307073,0.0036496000786709,5.510000228881836,5.570000171661377,5.5,4620000,0.0018181644661567908,0.0018165136058645448,-0.1824072538784773,0.015538548887244251,15.345905479508115,0.17602138220694918,-0.003256161652275602,-0.0010877872004406708,-0.001737556655129202,-0.0007581631997359839,0.007393226832754639,0.006916527822887812,55.44566631452753,0.032959915039143084,0.03603124416786444,-0.0030713291287213576,0.6931471805599453,4.504936218261719,2023-05-12,-0.005444594230707311
2023-05-12,3,0.9537547716560464,0.0260190385608079,1.0,0.0,0.0,1,2023-05-12,2023-05-12,2023-05-12,4.480408668518066,5.480000019073486,5.519999980926514,5.46999979019165,5.5,9263400,2023-05-12,4.480408668518066,-0.0054445942307073,0.0036496000786709,0.0018181644661567,5.5,5.519999980926514,5.46999979019165,9263400,-0.005444594230707311,-0.005459470053658988,-0.1853802420876243,0.011159738861812638,16.041581817809792,1.0050649350649352,-0.007605909503643704,-0.006526458871232266,-0.004793253905666983,-0.005077328255359004,0.007744110580584678,0.006732422068355645,51.426283670813405,0.028609737329408524,0.03454694280017326,-0.005937205470764734,1.3862943611198906,4.480408668518066,2023-05-15,0.0036496000786709892
2023-05-15,3,0.0656199973697463,0.826882265065334,0.6666666666666666,0.3333333333333333,0.0,2,2023-05-13,2023-05-15,2023-05-15,4.496760368347168,5.5,5.519999980926514,5.46999979019165,5.489999771118164,3346300,2023-05-15,4.496760368347168,0.0036496000786709,0.0018181644661567,0.0,5.489999771118164,5.519999980926514,5.46999979019165,3346300,0.0036496000786709892,0.003642956447794443,-0.18091793154459462,0.011119158380512365,15.02336611464191,-0.6387611460155018,-0.0014524401301255763,-0.002539009688912186,-0.0007743979212333496,-0.0011836135609719634,0.0052127370278758816,0.00638388541936084,53.82927321513091,0.026179850650549064,0.03287352437024842,-0.00669367371969936,1.3862943611198906,4.496760368347168,2023-05-16,0.0018181644661567908
2023-05-16,3,0.6184264550295969,0.0958192274944202,1.0,0.0,0.0,1,2023-05-16,2023-05-16,2023-05-16,4.504936218261719,5.510000228881836,5.539999961853027,5.5,5.5,1857000,2023-05-16,4.504936218261719,0.0018181644661567,0.0,-0.001814864743569,5.5,5.539999961853027,5.5,1857000,0.0018181644661567908,0.0018165136058645448,-0.1809206875887784,0.008879140550509678,14.43447337883766,-0.4450587215730807,0.0018181644661567908,-0.0012688356702724723,0.0006946643449843304,0.0005173577960542186,0.005487760256909862,0.0059218219702512065,55.02726687155844,0.024629951956301355,0.03122480988745901,-0.006594857931157657,1.3862943611198906,4.504936218261719,2023-05-17,0.0
2023-05-17,2,0.8157804887741805,0.1790944216190579,1.0,0.0,0.0,1,2023-05-17,2023-05-17,2023-05-17,4.504936218261719,5.510000228881836,5.53000020980835,5.489999771118164,5.53000020980835,2676800,2023-05-17,4.504936218261719,0.0,-0.001814864743569,0.0,5.53000020980835,5.53000020980835,5.489999771118164,2676800,0.0,0.0,-0.18536418673701208,0.008879246398214307,14.800132982795022,0.44146472805600423,0.0014540028496625723,-0.0010877660769302855,0.00046300235291396596,0.0004232529289167619,0.00349630263166196,0.0054283851147046,55.02726687155844,0.023134960649341174,0.029606840039835446,-0.006471879390494272,1.0986122886681098,4.504936218261719,2023-05-18,-0.0018148647435690668
2023-05-18,2,0.8508440458681434,0.1269590225629006,1.0,0.0,0.0,1,2023-05-18,2023-05-18,2023-05-18,4.496760368347168,5.5,5.519999980926514,5.489999771118164,5.510000228881836,1883300,2023-05-18,4.496760368347168,-0.001814864743569,0.0,0.0,5.510000228881836,5.519999980926514,5.489999771118164,1883300,-0.0018148647435690668,-0.0018165136058645448,-0.18389107412801112,0.006671516236338052,14.448536646165547,-0.2964360430364614,0.0,-0.0025389885884390395,-0.0009022085915267875,-0.0011395084464262961,0.003497163470193684,0.005452426498148209,53.41973747471696,0.021047820337036782,0.027895036099275714,-0.006847215762238932,1.0986122886681098,4.496760368347168,2023-05-19,0.0
2023-05-19,5,-0.4023773743771017,0.8327317166665135,0.2,0.8,0.0,1,2023-05-19,2023-05-19,2023-05-19,4.496760368347168,5.5,5.519999980926514,5.489999771118164,5.5,3467100,2023-05-19,4.496760368347168,0.0,0.0,0.0018181644661567,5.5,5.519999980926514,5.489999771118164,3467100,0.0,0.0,-0.18240720575506036,0.006671516236338052,15.058829356057085,0.8409706366484362,-0.0007267372553212414,-0.0023580614175027215,-0.0006016533332867668,-0.0009325182947983457,0.0020766741081639046,0.0054284922669751105,53.41973747471696,0.01917273524520713,0.026150575928461997,-0.006977840683254868,1.791759469228055,4.496760368347168,2023-05-22,0.0
2023-05-22,3,0.5020478594427308,0.5308643251903451,0.6666666666666666,0.3333333333333333,0.0,2,2023-05-20,2023-05-22,2023-05-22,4.496760368347168,5.5,5.519999980926514,5.489999771118164,5.510000228881836,4239700,2023-05-22,4.496760368347168,0.0,0.0018181644661567,-0.0090743237178455,5.510000228881836,5.519999980926514,5.489999771118164,4239700,0.0,0.0,-0.18389107412801112,0.006671516236338052,15.260003305853644,0.22283752992414407,-0.0007267372553212414,-0.0010897204975018893,-0.0004011826798234752,-0.0007630988964134611,0.001284470113102236,0.003816849607033777,53.41973747471696,0.017485158774455556,0.02441749249766071,-0.006932333723205154,1.3862943611198906,4.496760368347168,2023-05-23,0.0018181644661567908
2023-05-23,4,0.7522697462700307,0.1869774088333442,1.0,0.0,0.0,1,2023-05-23,2023-05-23,2023-05-23,4.504936218261719,5.510000228881836,5.53000020980835,5.489999771118164,5.519999980926514,3557700,2023-05-23,4.504936218261719,0.0018181644661567,-0.0090743237178455,0.0,5.519999980926514,5.53000020980835,5.489999771118164,3557700,0.0018181644661567908,0.0018165136058645448,-0.18388836343699042,0.008879246398214307,15.08462510770143,-0.16086043823855456,0.0010901058829817512,0.0014540028496625723,0.0009437227303088491,0.0008619351608685211,0.001284470113102236,0.0038326639753500117,55.05947076417151,0.016615926959791416,0.022857179390086853,-0.006241252430295437,1.6094379124341003,4.504936218261719,2023-05-24,-0.009074323717845556
2023-05-24,1,-0.6903232559561729,0.0,0.0,1.0,0.0,1,2023-05-24,2023-05-24,2023-05-24,4.464056968688965,5.460000038146973,5.5,5.449999809265137,5.5,5047900,2023-05-24,4.464056968688965,-0.0090743237178455,0.0,0.0,5.5,5.5,5.449999809265137,5047900,-0.009074323717845556,-0.009115746170893946,-0.1883532784201882,0.011200616633158175,15.434483071283458,0.41886612137054846,-0.006188510222564059,-0.0069115382340404485,-0.0054408711373724605,-0.006735693450058533,0.004256938798455737,0.0038483849066625847,46.285928888171696,0.012484526831845422,0.02078264887843857,-0.008298122046593148,0.6931471805599453,4.464056968688965,2023-05-25,0.0
2023-05-25,2,-0.3057961408048869,0.8612903554084461,0.5,0.5,0.0,1,2023-05-25,2023-05-25,2023-05-25,4.464056968688965,5.460000038146973,5.489999771118164,5.460000038146973,5.480000019073486,1795900,2023-05-25,4.464056968688965,0.0,0.0,-0.0036631820826024,5.480000019073486,5.489999771118164,5.460000038146973,1795900,0.0,0.0,-0.185391066943151,0.006720284526297597,14.401017403830549,-0.6442282929535055,-0.00473929114706928,-0.006007588687312326,-0.0036338378393878656,-0.0055177793810360365,0.004333552340317238,0.0037568507862814787,46.285928888171696,0.009105401069700925,0.01844719931669104,-0.009341798246990114,1.0986122886681098,4.464056968688965,2023-05-26,0.0
2023-05-26,4,0.7862536263419316,0.2885276770880947,1.0,0.0,0.0,1,2023-05-26,2023-05-26,2023-05-26,4.464056968688965,5.460000038146973,5.489999771118164,5.449999809265137,5.460000038146973,2955100,2023-05-26,4.464056968688965,0.0,-0.0036631820826024,-0.0036763286930104,5.460000038146973,5.489999771118164,5.449999809265137,2955100,0.0,0.0,-0.18240715430397933,0.008960450579727886,14.899043387595256,0.6454702377637953,-0.0032858392707300066,-0.0056455479262542685,-0.002425496513261738,-0.004519080455203439,0.004333552340317238,0.003403752208849298,46.28592888817169,0.0063541726113856,0.016028593975629953,-0.009674421364244352,1.6094379124341003,4.464056968688965,2023-05-29,-0.003663182082602412
2023-05-29,5,0.4104270031675696,0.6474071988121992,0.6,0.2,0.2,2,2023-05-27,2023-05-29,2023-05-29,4.447704315185547,5.440000057220459,5.5,5.409999847412109,5.489999771118164,4017000,2023-05-29,4.447704315185547,-0.0036631820826024,-0.0036763286930104,-0.0129153282806897,5.489999771118164,5.5,5.409999847412109,4017000,-0.003663182082602412,-0.0036699079645317045,-0.18985346072616135,0.020235192407149945,15.206046162283386,0.3593448614260093,-0.004756802887960987,-0.008204306311285325,-0.00406142658539721,-0.0066909679904813,0.004336518560366055,0.003227510832224693,42.87271664909749,0.002821754336235216,0.013387226047751007,-0.01056547171151579,1.791759469228055,4.447704315185547,2023-05-30,-0.003676328693010378
2023-05-30,6,0.5722917138288418,0.5861842839764975,0.6666666666666666,0.1666666666666666,0.1666666666666666,1,2023-05-30,2023-05-30,2023-05-30,4.431353092193604,5.420000076293945,5.440000057220459,5.409999847412109,5.440000057220459,6355800,2023-05-30,4.431353092193604,-0.0036763286930104,-0.0129153282806897,-0.0037381736964957,5.440000057220459,5.440000057220459,5.409999847412109,6355800,-0.003676328693010378,-0.0036831029974828677,-0.1854130430914403,0.006769988575543397,15.664878497149235,0.5822255414488424,-0.0051394943676688065,-0.010226419514091978,-0.005161837413738879,-0.008478150935513074,0.003721385965264713,0.0031437157328806963,39.71875352440326,-0.0012823376489086158,0.010453313308419082,-0.011735650957327698,1.9459101490553132,4.431353092193604,2023-05-31,-0.012915328280689975
2023-05-31,3,0.1880852362761895,0.8422569909756945,0.6666666666666666,0.3333333333333333,0.0,1,2023-05-31,2023-05-31,2023-05-31,4.374120712280273,5.349999904632568,5.449999809265137,5.349999904632568,5.420000076293945,14421800,2023-05-31,4.374120712280273,-0.0129153282806897,-0.0037381736964957,-0.0037524189167083,5.420000076293945,5.449999809265137,5.349999904632568,14421800,-0.012915328280689975,-0.012999456278489863,-0.19296666961097478,0.022861715807663982,16.484251578000034,1.2690770634695867,-0.01400678079694706,-0.020146680469844913,-0.012079518632022168,-0.017481817761915597,0.005284134252363287,0.004674780836872955,31.09583817021003,-0.009048726773958293,0.0065529052919436085,-0.015601632065901903,1.3862943611198906,4.374120712280273,2023-06-02,-0.007476565419511361
2023-06-02,1,-0.6590907722711563,0.0,0.0,1.0,0.0,1,2023-06-02,2023-06-02,2023-06-02,4.34141731262207,5.309999942779541,5.369999885559082,5.289999961853027,5.360000133514404,4011400,2023-06-02,4.34141731262207,-0.0037524189167083,0.0,-0.001883111548301,5.360000133514404,5.369999885559082,5.289999961853027,4011400,-0.007476565419511361,-0.007504655031544072,-0.19003410364179923,0.018427144396707954,15.204651114823577,-0.7218516412653067,-0.015937774958756812,-0.024076537955580957,-0.013061934031255551,-0.02040566944329225,0.004894713266865936,0.004863413777073051,27.431140469558656,-0.01763920339140057,0.0017144835552747725,-0.019353686946675344,0.6931471805599453,4.34141731262207,2023-06-06,0.0
2023-06-06,5,0.1251566655933857,0.5634325658268106,0.4,0.2,0.4,2,2023-06-05,2023-06-06,2023-06-06,4.34141731262207,5.309999942779541,5.340000152587891,5.289999961853027,5.329999923706055,3976800,2023-06-06,4.34141731262207,0.0,-0.001883111548301,0.0056603231681611,5.329999923706055,5.340000152587891,5.289999961853027,3976800,0.0,0.0,-0.18547516420912127,0.011517020165164643,15.195988285221027,-0.008625417559954163,-0.010436089021985007,-0.020656656558760034,-0.008746036069562368,-0.01675772091060712,0.004894713266865936,0.004863413777073051,27.431140469558656,-0.024168617226816735,-0.0034621366011435293,-0.020706480625673207,1.791759469228055,4.34141731262207,2023-06-07,-0.0018831115483010086
2023-06-07,2,0.6661035309080034,0.2723531935561166,1.0,0.0,0.0,1,2023-06-07,2023-06-07,2023-06-07,4.333241939544678,5.300000190734863,5.329999923706055,5.300000190734863,5.309999942779541,6149700,2023-06-07,4.333241939544678,-0.001883111548301,0.0056603231681611,-0.0075048378334166,5.309999942779541,5.329999923706055,5.300000190734863,6149700,-0.0018831115483010086,-0.0018848868319074619,-0.1839468952467776,0.006923161316569292,15.631914020714634,0.5463940856970428,-0.007118681711915209,-0.018881845349651538,-0.007100236076955535,-0.015277462475977943,0.0051252290232690475,0.004747976682941321,26.524838987868534,-0.029660995523109968,-0.008701908385536817,-0.02095908713757315,1.0986122886681098,4.333241939544678,2023-06-08,0.005660323168161119
2023-06-08,3,0.3334192006538312,0.5329657110651828,0.6666666666666666,0.0,0.3333333333333333,1,2023-06-08,2023-06-08,2023-06-08,4.35776948928833,5.329999923706055,5.349999904632568,5.300000190734863,5.309999942779541,3268000,2023-06-08,4.35776948928833,0.0056603231681611,-0.0075048378334166,0.0018905619526721,5.309999942779541,5.349999904632568,5.300000190734863,3268000,0.005660323168161119,0.005644363734357283,-0.17932777095149308,0.01147369405853327,14.999689040959536,-0.4685919638356343,0.001879747220667305,-0.01002971967387778,-0.0009872220896808281,-0.007953353153860254,0.007125317017779408,0.005359098788256379,33.611666477087596,-0.03166951021418196,-0.013295428751265846,-0.018374081462916116,1.3862943611198906,4.35776948928833,2023-06-09,-0.0075048378334166
2023-06-09,2,0.2473633158951997,0.8918669773091444,0.5,0.5,0.0,1,2023-06-09,2023-06-09,2023-06-09,4.3250651359558105,5.289999961853027,5.360000133514404,5.289999961853027,5.329999923706055,4718700,2023-06-09,4.3250651359558105,-0.0075048378334166,0.0018905619526721,0.001886664347722,5.329999923706055,5.360000133514404,5.289999961853027,4718700,-0.0075048378334166,-0.007533140824023121,-0.18854311484708108,0.016184767040718192,15.367044107819597,0.44391064871481034,-0.003391207494674031,-0.014347059514913219,-0.005672476983407226,-0.012634146830385107,0.005538506270181949,0.005191659206900417,29.522783339258382,-0.035491121019020966,-0.01773456720481687,-0.017756553814204094,1.0986122886681098,4.3250651359558105,2023-06-12,0.0018905619526721207
2023-06-12,3,0.3061892800033093,0.8905843370949468,0.6666666666666666,0.3333333333333333,0.0,1,2023-06-12,2023-06-12,2023-06-12,4.333241939544678,5.300000190734863,5.329999923706055,5.300000190734863,5.300000190734863,5552200,2023-06-12,4.333241939544678,0.0018905619526721,0.001886664347722,0.003766552599935,5.300000190734863,5.329999923706055,5.300000190734863,5552200,0.0018905619526721207,0.0018887770896658385,-0.18240721064127757,0.006923161316569292,15.529704983683487,0.176637633246445,-0.00113071863670966,-0.00953084921787306,-0.0025316266487540595,-0.008827029472207926,0.004868450006275486,0.00535092701449842,31.75804712747069,-0.03742852269072028,-0.021673358301997556,-0.015755164388722723,1.3862943611198906,4.333241939544678,2023-06-13,0.0018866643477220002
2023-06-13,1,-0.7629643715918064,0.0,0.0,1.0,0.0,1,2023-06-13,2023-06-13,2023-06-13,4.34141731262207,5.309999942779541,5.329999923706055,5.309999942779541,5.320000171661377,2395200,2023-06-13,4.34141731262207,0.001886664347722,0.003766552599935,0.0,5.320000171661377,5.329999923706055,5.309999942779541,2395200,0.0018866643477220002,0.0018848868319074619,-0.18394414050060193,0.0046067860991769885,14.688977710149084,-0.5686034364756313,0.0007538124244730326,-0.004872594054012969,-0.00043325292090123924,-0.005699315398631999,0.004975972096017553,0.005498004552276943,34.01154271247228,-0.037867727598945855,-0.024912232161387216,-0.01295549543755864,0.6931471805599453,4.34141731262207,2023-06-16,0.007532885530981526
2023-06-16,2,0.5806152261793613,0.44718007784678,0.5,0.0,0.5,1,2023-06-16,2023-06-16,2023-06-16,4.374120712280273,5.349999904632568,5.349999904632568,5.320000171661377,5.329999923706055,6434100,2023-06-16,4.374120712280273,0.0037522000721093,0.0,0.0074766744327712,5.329999923706055,5.349999904632568,5.320000171661377,6434100,0.007532885530981526,0.007504655031544072,-0.17933944185896714,0.006858460235669226,15.677122684513042,1.68624749498998,0.006395703878171011,0.004317531550832143,0.00471974828519528,0.0014645904976622326,0.005794834652782982,0.006366825702066891,42.22979018004591,-0.035171474746913844,-0.026964080678492545,-0.0082073940684213,1.0986122886681098,4.374120712280273,2023-06-19,0.0
2023-06-19,5,-0.2063382672145963,0.7787665080057169,0.4,0.6,0.0,1,2023-06-19,2023-06-19,2023-06-19,4.374120712280273,5.349999904632568,5.380000114440918,5.329999923706055,5.360000133514404,4412000,2023-06-19,4.374120712280273,0.0,0.0074766744327712,0.0,5.360000133514404,5.380000114440918,5.329999923706055,4412000,0.0,0.0,-0.18393272326053411,0.01143091241046196,15.299838886010082,-0.3142786092849039,0.005639044578906738,0.005639022529669857,0.003141556404978374,0.0011979823065415562,0.005415363795413475,0.006342823514160603,42.22979018004591,-0.0326582114041889,-0.02810290682363182,-0.004555304580557078,1.791759469228055,4.374120712280273,2023-06-20,0.007476674432771224
2023-06-20,4,-0.211852066218853,0.7432417786872416,0.25,0.5,0.25,1,2023-06-20,2023-06-20,2023-06-20,4.406824588775635,5.389999866485596,5.429999828338623,5.340000152587891,5.369999885559082,5741000,2023-06-20,4.406824588775635,0.0074766744327712,0.0,0.0037105402086459,5.369999885559082,5.429999828338623,5.340000152587891,5741000,0.007476674432771224,0.007448862642920551,-0.1793622564822772,0.020422795130072873,15.56314414333544,0.3012239347234815,0.009363273054940668,0.012396653701102434,0.007069402622186249,0.007093575203077407,0.003506782151326018,0.005393784144425831,49.52097190690295,-0.02770810084368769,-0.028023945627642995,0.0003158447839553061,1.6094379124341003,4.406824588775635,2023-06-21,0.0
2023-06-21,3,0.615407601930201,0.369041274184913,1.0,0.0,0.0,1,2023-06-21,2023-06-21,2023-06-21,4.406824588775635,5.389999866485596,5.409999847412109,5.340000152587891,5.409999847412109,8477100,2023-06-21,4.406824588775635,0.0,0.0037105402086459,-0.0018483036948933,5.409999847412109,5.409999847412109,5.340000152587891,8477100,0.0,0.0,-0.18542981274137127,0.01588438418958424,15.952879086111992,0.4765894443476746,0.00597238689487134,0.010877682258280341,0.004701855312033487,0.005796358456224615,0.003844087933462142,0.004582683348925841,49.52097190690296,-0.023514047261030235,-0.027121965954320447,0.0036079186932902116,1.3862943611198906,4.406824588775635,2023-06-22,0.0037105402086459183
2023-06-22,3,0.4398620932673414,0.3906620979074533,0.6666666666666666,0.0,0.3333333333333333,1,2023-06-22,2023-06-22,2023-06-22,4.423176288604736,5.409999847412109,5.449999809265137,5.380000114440918,5.380000114440918,3293600,2023-06-22,4.423176288604736,0.0037105402086459,-0.0018483036948933,0.0018517262473582,5.380000114440918,5.449999809265137,5.380000114440918,3293600,0.0037105402086459183,0.0037036731361161923,-0.1778482909819814,0.01582566243279888,15.007492053056927,-0.6114709039647993,0.005950154846350086,0.01272924923890617,0.00560414727067271,0.007782486108614428,0.003752489291909296,0.004597398468330271,52.96338567907605,-0.018655732390689295,-0.02542871924159422,0.006772986850904925,1.3862943611198906,4.423176288604736,2023-06-23,-0.0018483036948933051
2023-06-23,3,-0.1647527726987997,0.5458558651299519,0.3333333333333333,0.3333333333333333,0.3333333333333333,1,2023-06-23,2023-06-23,2023-06-23,4.415000915527344,5.400000095367432,5.420000076293945,5.389999866485596,5.409999847412109,1654100,2023-06-23,4.415000915527344,-0.0018483036948933,0.0018517262473582,0.0055453423016398,5.409999847412109,5.420000076293945,5.389999866485596,1654100,-0.0018483036948933051,-0.0018500139158310613,-0.18391847688511978,0.006795063100177472,14.3187682167885,-0.4977835802769006,0.002227258762758977,0.008968677790043511,0.0024938766802085066,0.004838263550644317,0.003729676401136189,0.004594247414865312,51.08754280263793,-0.015288925915648122,-0.023400760576405,0.008111834660756878,1.3862943611198906,4.415000915527344,2023-06-26,0.0018517262473582985
2023-06-26,7,0.5607574052576508,0.6407544581450715,0.8571428571428571,0.1428571428571428,0.0,2,2023-06-24,2023-06-26,2023-06-26,4.423176288604736,5.409999847412109,5.440000057220459,5.400000095367432,5.400000095367432,2068800,2023-06-26,4.423176288604736,0.0018517262473582,0.0055453423016398,-0.0036763286930104,5.400000095367432,5.440000057220459,5.400000095367432,2068800,0.0018517262473582985,0.0018500139158310613,-0.18089329435395674,0.009043266477096504,14.542479770371616,0.25071035608488,0.0018518128104518805,0.009328313832391855,0.002895947931904619,0.005474290586570785,0.003587053585337321,0.004399833744290727,52.884625447960616,-0.011824715287540144,-0.021085551518632027,0.009260836231091883,2.0794415416798357,4.423176288604736,2023-06-27,0.005545342301639833
2023-06-27,2,0.1289799974765628,1.201737187408689,0.5,0.5,0.0,1,2023-06-27,2023-06-27,2023-06-27,4.447704315185547,5.440000057220459,5.440000057220459,5.409999847412109,5.420000076293945,2171800,2023-06-27,4.447704315185547,0.0055453423016398,-0.0036763286930104,0.0018450007806765,5.420000076293945,5.440000057220459,5.409999847412109,2171800,0.005545342301639833,0.005530023496935987,-0.17939035930295205,0.006745099872291775,14.591067335212387,0.04978731631863886,0.0055452989408211195,0.012093028585235421,0.005622382686067295,0.009022773111853066,0.002924769242052692,0.003205628288369619,57.88420294439275,-0.007019183868330003,-0.018272277988571624,0.01125309412024162,1.0986122886681098,4.447704315185547,2023-06-28,-0.003676328693010378
2023-06-28,4,0.5524948469828814,0.6971892477666304,0.75,0.25,0.0,1,2023-06-28,2023-06-28,2023-06-28,4.431353092193604,5.420000076293945,5.440000057220459,5.400000095367432,5.440000057220459,4103300,2023-06-28,4.431353092193604,-0.0036763286930104,0.0018450007806765,0.0036829912290246,5.440000057220459,5.440000057220459,5.400000095367432,4103300,-0.003676328693010378,-0.0036831029974828677,-0.1854130430914403,0.009026579697179264,15.22730232968894,0.8893544525278572,0.0007386746761763874,0.0061260064850658935,0.0012827662381991178,0.004343028386827097,0.003829017960132917,0.0038086527249869364,53.78671228706942,-0.004478546740177336,-0.015513531738892767,0.011034984998715431,1.6094379124341003,4.431353092193604,2023-06-30,0.001845000780676287
2023-06-30,3,0.2730091735720635,0.5110160558015914,0.3333333333333333,0.3333333333333333,0.3333333333333333,1,2023-06-30,2023-06-30,2023-06-30,4.439528942108154,5.429999828338623,5.449999809265137,5.389999866485596,5.429999828338623,3424200,2023-06-30,4.439528942108154,0.0018450007806765,0.0036829912290246,0.0018351663415789,5.429999828338623,5.449999809265137,5.389999866485596,3424200,0.001845000780676287,0.0018433008573213172,-0.18240716713494184,0.013514934481100476,15.046378717791828,-0.16550093826919798,0.0018450870237638473,0.005741922665966959,0.0020845808101599417,0.005063784334816912,0.003596925455948709,0.003809114579055316,55.483570635798245,-0.0017847769543939407,-0.012767780781993003,0.010983003827599062,1.3862943611198906,4.439528942108154,2023-07-03,0.0036829912290248235
2023-07-03,7,-0.1296446898153849,0.6282566366996182,0.1428571428571428,0.5714285714285714,0.2857142857142857,1,2023-07-03,2023-07-03,2023-07-03,4.45587968826294,5.449999809265137,5.449999809265137,5.420000076293945,5.429999828338623,2260400,2023-07-03,4.45587968826294,0.0036829912290246,0.0018351663415789,-0.0073260437142149,5.429999828338623,5.449999809265137,5.420000076293945,2260400,0.0036829912290248235,0.0036762256235169932,-0.1793959799025863,0.006732617366266091,14.631052789137303,-0.3398750073009754,0.003683099031767334,0.007579833900972055,0.0038427687052942083,0.007160300252568197,0.003448033789192452,0.003386222173932372,58.7459514037028,0.0016503988041307593,-0.009884144864768251,0.01153454366889901,2.0794415416798357,4.45587968826294,2023-07-04,0.0018351663415787645
2023-07-04,2,-0.6871289270929992,0.3398702206364931,0.0,1.0,0.0,1,2023-07-04,2023-07-04,2023-07-04,4.464056968688965,5.460000038146973,5.460000038146973,5.400000095367432,5.440000057220459,661400,2023-07-04,4.464056968688965,0.0018351663415789,-0.0073260437142149,0.0,5.440000057220459,5.460000038146973,5.400000095367432,661400,0.0018351663415787645,0.0018334844811762618,-0.179401301151851,0.013440675869591828,13.402115591473047,-0.7073969208989559,0.003676585759851747,0.007380229967441032,0.0037828230110157346,0.007358625499641835,0.003448039365239827,0.0033234398873016172,60.31243127578306,0.004975286525801259,-0.006912258586654349,0.011887545112455608,1.0986122886681098,4.464056968688965,2023-07-05,-0.007326043714214747
2023-07-05,3,0.1066076075658201,0.902988225857408,0.6666666666666666,0.3333333333333333,0.0,1,2023-07-05,2023-07-05,2023-07-05,4.431353092193604,5.420000076293945,5.460000038146973,5.420000076293945,5.449999809265137,2580500,2023-07-05,4.431353092193604,-0.0073260437142149,0.0,-0.003690109166671,5.449999809265137,5.460000038146973,5.420000076293945,2580500,-0.007326043714214747,-0.007353010962014572,-0.18690766104978707,0.009026579697179264,14.763494124092642,2.9015724221348655,-0.0029432911920862503,-0.0005530973034942877,-0.00238345961214792,-1.7450107661964864e-05,0.004606349453408646,0.003883413463697431,51.83513262894858,0.004914700871915478,-0.004546866694940384,0.009461567566855861,1.3862943611198906,4.431353092193604,2023-07-06,0.0
2023-07-06,5,0.4663855205290019,0.4046543428457349,0.6,0.2,0.2,1,2023-07-06,2023-07-06,2023-07-06,4.431353092193604,5.420000076293945,5.449999809265137,5.409999847412109,5.429999828338623,2164100,2023-07-06,4.431353092193604,0.0,-0.003690109166671,0.0037037765063083,5.429999828338623,5.449999809265137,5.409999847412109,2164100,0.0,0.0,-0.18391284856643672,0.009026579697179264,14.587515590687463,-0.16136407672931607,-0.0029432911920861393,-0.0011057012162047908,-0.0015902364962528948,-1.4277406112928048e-05,0.0043013639923390025,0.003883413463697431,51.83513262894858,0.004811225492125537,-0.0026752482575272,0.007486473749652737,1.791759469228055,4.431353092193604,2023-07-07,-0.0036901091666712293
2023-07-07,3,-0.0488729009715219,0.7402670709418689,0.3333333333333333,0.3333333333333333,0.3333333333333333,1,2023-07-07,2023-07-07,2023-07-07,4.415000915527344,5.400000095367432,5.440000057220459,5.400000095367432,5.440000057220459,9380900,2023-07-07,4.415000915527344,-0.003690109166671,0.0037037765063083,0.0036898939560352,5.440000057220459,5.440000057220459,5.400000095367432,9380900,-0.0036901091666712293,-0.003696934415284181,-0.18841895788817942,0.009060012130993998,16.05418637180648,3.334781202347396,-0.005524873746647008,-0.004608294138203739,-0.0035225114803030255,-0.0030328613136595406,0.0044208169938512645,0.003921711668169642,47.928603011418765,0.0033708791158693074,-0.0014660227828478985,0.004836901898717206,1.3862943611198906,4.415000915527344,2023-07-10,0.003703776506308598
2023-07-10,3,0.1750177604456743,0.7474795859375486,0.3333333333333333,0.3333333333333333,0.3333333333333333,1,2023-07-10,2023-07-10,2023-07-10,4.431353092193604,5.420000076293945,5.440000057220459,5.400000095367432,5.400000095367432,8174600,2023-07-10,4.431353092193604,0.0037037765063083,0.0036898939560352,0.0018381107416425,5.400000095367432,5.440000057220459,5.400000095367432,8174600,0.003703776506308598,0.003696934415284181,-0.17937907149387147,0.009026579697179264,15.916542466217024,-0.12859107335117104,-0.0007374560694609622,-0.0012897810602641169,0.00011213933252673947,0.0005396752128461468,0.004426444739442919,0.004049893505477372,51.83755317149241,0.0035084351749041787,-0.00047113119129748313,0.003979566366201661,1.3862943611198906,4.431353092193604,2023-07-11,0.0036898939560350286
2023-07-11,3,0.6961975134909153,0.2943984839253287,0.6666666666666666,0.0,0.3333333333333333,1,2023-07-11,2023-07-11,2023-07-11,4.447704315185547,5.440000057220459,5.440000057220459,5.420000076293945,5.420000076293945,6302200,2023-07-11,4.447704315185547,0.0036898939560352,0.0018381107416425,0.0055048569465951,5.420000076293945,5.440000057220459,5.420000076293945,6302200,0.0036898939560350286,0.0036831029974828677,-0.17939035930295205,0.00449669751161939,15.656409495427358,-0.229050962738238,0.003689937156985179,0.0018415386564905045,0.0025317557581157057,0.0034595242042410046,0.0047957435347783725,0.00416435589232386,55.439753355647014,0.00488059591367751,0.0005992142296975156,0.004281381683979995,1.3862943611198906,4.447704315185547,2023-07-12,0.0018381107416427511
2023-07-12,2,0.9144285607617352,0.071571131780095,1.0,0.0,0.0,1,2023-07-12,2023-07-12,2023-07-12,4.45587968826294,5.449999809265137,5.46999979019165,5.440000057220459,5.449999809265137,2509100,2023-07-12,4.45587968826294,0.0018381107416425,0.0055048569465951,0.0109488002360129,5.449999809265137,5.46999979019165,5.440000057220459,2509100,0.0018381107416427511,0.0018364234833554427,-0.18240736803553043,0.006732617366266091,14.735435079620052,-0.6018691885373362,0.004422976890501529,0.003498240581259582,0.002912100417492791,0.0043354504549573125,0.0030897738097686376,0.00382229565801529,57.164804888993636,0.006552197810187899,0.0017898109457955922,0.004762386864392306,1.0986122886681098,4.45587968826294,2023-07-13,0.0055048569465949715
2023-07-13,4,0.3409032981144264,0.7356943750694309,0.75,0.25,0.0,1,2023-07-13,2023-07-13,2023-07-13,4.480408668518066,5.480000019073486,5.510000228881836,5.449999809265137,5.449999809265137,3483500,2023-07-13,4.480408668518066,0.0055048569465951,0.0109488002360129,0.0018051423237919,5.449999809265137,5.510000228881836,5.449999809265137,3483500,0.0055048569465949715,0.00548976059841122,-0.17790663755597588,0.013391729205038092,15.063548380519874,0.3883464190347137,0.007723526104957745,0.007908848231792609,0.005606232941713252,0.008056238605024468,0.003543554855648581,0.003892368220339438,61.92720465610344,0.009743916264441488,0.0033806320095247713,0.0063632842549167165,1.6094379124341003,4.480408668518066,2023-07-14,0.010948800236012968
2023-07-14,2,0.702710947021842,0.2534909533291387,1.0,0.0,0.0,1,2023-07-14,2023-07-14,2023-07-14,4.529463768005371,5.539999961853027,5.570000171661377,5.480000019073486,5.480000019073486,6307300,2023-07-14,4.529463768005371,0.0109488002360129,0.0018051423237919,-0.0090090279432134,5.480000019073486,5.570000171661377,5.480000019073486,6307300,0.010948800236012968,0.010889296061600495,-0.17345551966418135,0.019869935426710294,15.657218409257275,0.8106215013635711,0.013538236136041215,0.016886909801327343,0.011016591053006897,0.015567702633910052,0.003497972859467885,0.004992866041636498,69.28250273789303,0.016046735909759136,0.005913852789571645,0.01013288312018749,1.0986122886681098,4.529463768005371,2023-07-17,0.0018051423237919195
2023-07-17,7,0.5208406071843845,0.686926301080761,0.8571428571428571,0.1428571428571428,0.0,1,2023-07-17,2023-07-17,2023-07-17,4.53764009475708,5.550000190734863,5.559999942779541,5.519999980926514,5.550000190734863,4574900,2023-07-17,4.53764009475708,0.0018051423237919,-0.0090090279432134,0.0,5.550000190734863,5.559999942779541,5.519999980926514,4574900,0.0018051423237919195,0.0018035150124455779,-0.1824072182317779,0.008815146423632066,15.336095617113363,-0.2746658633646727,0.010560906844332862,0.01685603374833433,0.008524590079205252,0.014192236833735494,0.003783839752038878,0.004958513197058006,70.31200004623554,0.021454216274063853,0.009021925486470087,0.012432290787593767,2.0794415416798357,4.53764009475708,2023-07-18,-0.009009027943213455
2023-07-18,1,0.9374179164879024,0.0,1.0,0.0,0.0,1,2023-07-18,2023-07-18,2023-07-18,4.496760368347168,5.5,5.550000190734863,5.480000019073486,5.550000190734863,3477700,2023-07-18,4.496760368347168,-0.0090090279432134,0.0,0.0127272573032504,5.550000190734863,5.550000190734863,5.480000019073486,3477700,-0.009009027943213455,-0.00904985462625163,-0.1897729344488974,0.015566800524686678,15.061882001253153,-0.23983037880609415,-0.0007266949008863932,0.006957188460303687,-0.0003742274328100148,0.004132397659322828,0.00730395824534088,0.0060279656733674535,59.56337087091022,0.022185292899734144,0.011654598969122899,0.010530693930611245,0.6931471805599453,4.496760368347168,2023-07-20,0.0
2023-07-20,7,0.3211795847330774,0.702142087324574,0.7142857142857143,0.2857142857142857,0.0,2,2023-07-19,2023-07-20,2023-07-20,4.496760368347168,5.5,5.559999942779541,5.5,5.510000228881836,3530000,2023-07-20,4.496760368347168,0.0,0.0127272573032504,-0.0035906300596634,5.510000228881836,5.559999942779541,5.5,3530000,0.0,0.0,-0.18389107412801112,0.013342926432522939,15.07680871219556,0.015038674986341594,-0.0025389885884390395,0.005484493831250603,-0.00024951608046075435,0.003378514200505167,0.007373756591912835,0.0053442695592633175,59.56337087091022,0.02250524988110314,0.013824729151518948,0.008680520729584192,2.0794415416798357,4.496760368347168,2023-07-24,0.009090928370936835
2023-07-24,5,0.6084099990781396,0.2280511081600377,1.0,0.0,0.0,1,2023-07-24,2023-07-24,2023-07-24,4.53764009475708,5.550000190734863,5.570000171661377,5.539999961853027,5.550000190734863,3974000,2023-07-24,4.53764009475708,-0.0035906300596634,0.0180179508015922,0.003539892617167,5.550000190734863,5.570000171661377,5.539999961853027,3974000,0.009090928370936835,0.00904985462625163,-0.1824072182317779,0.00661141236014128,15.195283953729499,0.12577903682719538,0.003979764853119905,0.012219641806445747,0.005875451318434255,0.010204209018270793,0.00796854057378564,0.005817004231127416,65.65289234626167,0.02576051913987598,0.016211887149190356,0.009548631990685626,1.791759469228055,4.53764009475708,2023-07-25,0.018017950801592297
2023-07-25,4,0.3471126892836764,0.6993705371178349,0.5,0.5,0.0,1,2023-07-25,2023-07-25,2023-07-25,4.619399070739746,5.650000095367432,5.679999828338623,5.559999942779541,5.559999942779541,6762400,2023-07-25,4.619399070739746,0.0180179508015922,0.003539892617167,0.0017636515589842,5.559999942779541,5.679999828338623,5.559999942779541,6762400,0.018017950801592297,0.017857551373249958,-0.16917282045322687,0.025977380114047034,15.726888562473338,0.7016607951685958,0.018017972197242216,0.02578067045537158,0.015872534087512102,0.023121869842407605,0.010154689795299012,0.007186062977926965,74.06502629835519,0.03453946015730658,0.0198774017508136,0.014662058406492977,1.6094379124341003,4.619399070739746,2023-07-26,0.0035398926171670286
2023-07-26,1,0.6381892412900926,0.0,1.0,0.0,0.0,1,2023-07-26,2023-07-26,2023-07-26,4.635751247406006,5.670000076293945,5.690000057220459,5.650000095367432,5.650000095367432,3426100,2023-07-26,4.635751247406006,0.003539892617167,0.0017636515589842,-0.003521195816294,5.650000095367432,5.690000057220459,5.650000095367432,3426100,0.0035398926171670286,0.0035336419440941125,-0.17951306740561515,0.008628582449373192,15.046933437875328,-0.4933603454394889,0.017222844226798095,0.024760587466685857,0.012895390720155442,0.021775254968135815,0.01009119977020203,0.007188416694028245,75.36459864352801,0.04232838290892893,0.02436759798243667,0.01796078492649226,0.6931471805599453,4.635751247406006,2023-07-27,0.0017636515589842805
2023-07-27,5,0.414076580107212,0.7690332752354916,0.8,0.2,0.0,1,2023-07-27,2023-07-27,2023-07-27,4.643927097320557,5.679999828338623,5.699999809265137,5.650000095367432,5.659999847412109,2231400,2023-07-27,4.643927097320557,0.0017636515589842,-0.003521195816294,0.0053004061525474,5.659999847412109,5.699999809265137,5.650000095367432,2231400,0.0017636515589842805,0.0017620981517514345,-0.17951815856605122,0.010766687945328385,14.61814019729026,-0.348705525232772,0.012477724030667714,0.022134275786891866,0.009740189048738968,0.019208185427445512,0.007294172311336444,0.007239433895161282,76.01182164269935,0.04860064508177153,0.029214207402303648,0.019386437679467884,1.791759469228055,4.643927097320557,2023-07-28,-0.003521195816294065
2023-07-28,2,0.3449983999598771,0.4928273291399864,0.5,0.0,0.5,1,2023-07-28,2023-07-28,2023-07-28,4.627574920654297,5.659999847412109,5.679999828338623,5.639999866485596,5.659999847412109,3458800,2023-07-28,4.627574920654297,-0.003521195816294,0.0053004061525474,-0.0017574524913318,5.659999847412109,5.679999828338623,5.639999866485596,3458800,-0.003521195816294065,-0.0035274098177147106,-0.1824072357934537,0.008643828039281471,15.056432555185983,0.5500582593887247,0.003190306948037458,0.014700553003775596,0.004114648130236098,0.012743281891206326,0.008191322399462566,0.007633689038101378,71.94085771373715,0.051656509955130936,0.033702667912869105,0.01795384204226183,1.0986122886681098,4.627574920654297,2023-07-31,0.005300406152547454
2023-07-31,8,0.8178869804251008,0.1688884095751112,1.0,0.0,0.0,2,2023-07-30,2023-07-31,2023-07-31,4.652102947235107,5.690000057220459,5.71999979019165,5.659999847412109,5.659999847412109,2902900,2023-07-31,4.652102947235107,0.0053004061525474,-0.0017574524913318,-0.0052817423845784,5.659999847412109,5.71999979019165,5.659999847412109,2902900,0.005300406152547454,0.005286408440443369,-0.178073662075775,0.012897380702892846,14.88122113977283,-0.1607204810917081,0.0035273444074253035,0.016252903643488636,0.006271514583491955,0.01476964550461246,0.007980787892774248,0.007628929893291447,74.17508208306108,0.05541867959791169,0.03804587024987763,0.017372809348034063,2.1972245773362196,4.652102947235107,2023-08-01,-0.0017574524913318568
2023-08-01,6,0.5459142612914244,0.1833919320361105,0.8333333333333334,0.0,0.1666666666666666,1,2023-08-01,2023-08-01,2023-08-01,4.643927097320557,5.679999828338623,5.699999809265137,5.659999847412109,5.690000057220459,2469900,2023-08-01,4.643927097320557,-0.0017574524913318,-0.0052817423845784,-0.0088495767055184,5.690000057220459,5.699999809265137,5.659999847412109,2469900,-0.0017574524913318568,-0.001758998622728658,-0.18384410358176773,0.008613391428152789,14.719688626829237,-0.14916118364394226,0.0007047354655733695,0.011936586635425295,0.002997527473246331,0.010600074039945229,0.003658937784979103,0.007358131878928379,72.11385384199319,0.05708249195052062,0.04185319459000623,0.015229297360514392,1.9459101490553132,4.643927097320557,2023-08-02,-0.005281742384578458
2023-08-02,2,0.5174522586166859,0.2241642778805498,1.0,0.0,0.0,1,2023-08-02,2023-08-02,2023-08-02,4.619399070739746,5.650000095367432,5.670000076293945,5.619999885559082,5.659999847412109,3132000,2023-08-02,4.619399070739746,-0.0052817423845784,-0.0088495767055184,0.005357196232268,5.659999847412109,5.670000076293945,5.619999885559082,3132000,-0.005281742384578458,-0.005295740095845547,-0.18385173228372992,0.010823959993319282,14.957182655377581,0.26806753309850606,-0.003878727161201967,0.004801671876257796,-0.0015345412251787094,0.004301439258389772,0.004246886070821501,0.007764990178349071,66.17281942055672,0.05577888421520072,0.04463833251504513,0.011140551700155592,1.0986122886681098,4.619399070739746,2023-08-04,-0.003539789392234316
2023-08-04,1,0.907531509641558,0.0,1.0,0.0,0.0,1,2023-08-04,2023-08-04,2023-08-04,4.6030473709106445,5.630000114440918,5.650000095367432,5.599999904632568,5.599999904632568,1201900,2023-08-04,4.6030473709106445,0.005357196232268,0.0035523640126837,0.0053097873132841,5.599999904632568,5.650000095367432,5.599999904632568,1201900,-0.003539789392234316,-0.0035460692707163233,-0.1780272411964151,0.010862410639274279,13.999415027956509,-0.6162515964240103,-0.005651700586319253,-0.001064585013891839,-0.003384985158691678,0.0006106274109418663,0.004138884871734384,0.007080378138246505,62.47749997306596,0.05281747322007657,0.046274160656051416,0.0065433125640251555,0.6931471805599453,4.6030473709106445,2023-08-07,0.003552364012683773
2023-08-07,4,-0.1963809477165341,0.6178927449725499,0.25,0.5,0.25,1,2023-08-07,2023-08-07,2023-08-07,4.619399070739746,5.650000095367432,5.650000095367432,5.570000171661377,5.599999904632568,1781000,2023-08-07,4.619399070739746,0.0035523640126837,0.0053097873132841,0.0052817423845785,5.599999904632568,5.650000095367432,5.570000171661377,1781000,0.003552364012683773,0.0035460692707163233,-0.17510729474863487,0.01731825340936469,14.392686123753954,0.48182045095265824,-0.0017668088475304433,-0.00017698910640262522,0.00010356407331735262,0.0034052798432144815,0.0045725590005069915,0.007037731698094817,64.60606018589081,0.051199779996929706,0.04725928452422708,0.003940495472702629,1.6094379124341003,4.619399070739746,2023-08-08,0.005309787313284131
2023-08-08,4,0.5046875157859178,0.8360456846061949,0.75,0.25,0.0,1,2023-08-08,2023-08-08,2023-08-08,4.643927097320557,5.679999828338623,5.699999809265137,5.630000114440918,5.650000095367432,2322900,2023-08-08,4.643927097320557,0.0053097873132841,0.0052817423845785,-0.0105079843030868,5.650000095367432,5.699999809265137,5.630000114440918,2322900,0.005309787313284131,0.005295740095845547,-0.17806601434781885,0.01507338365940478,14.658327393539194,0.30426726558113426,0.003888324565847867,0.002824883336007611,0.0036027658536355034,0.007133975643359269,0.0045754556914686375,0.006753016745691536,67.57723752184486,0.05130553494823875,0.04806853460902941,0.003237000339209338,1.6094379124341003,4.643927097320557,2023-08-09,0.005281742384578569
2023-08-09,5,-0.0470302667468786,0.5752141696673149,0.2,0.4,0.4,1,2023-08-09,2023-08-09,2023-08-09,4.668455123901367,5.710000038146973,5.710000038146973,5.659999847412109,5.670000076293945,3958500,2023-08-09,4.668455123901367,0.0052817423845785,-0.0105079843030868,0.0,5.670000076293945,5.710000038146973,5.659999847412109,3958500,0.005281742384578569,0.005267842904105535,-0.17663931903281616,0.010710221991612243,15.191375976214536,0.7041198501872659,0.0081215356460278,0.007054740172695473,0.005918127324114009,0.010166125004240412,0.005086043114634235,0.004176955855610574,70.26534854094331,0.052760364623678946,0.04900690061195932,0.0037534640117196233,1.791759469228055,4.668455123901367,2023-08-10,-0.01050798430308686
2023-08-10,3,0.5358176132043203,0.3858792032686748,0.6666666666666666,0.0,0.3333333333333333,1,2023-08-10,2023-08-10,2023-08-10,4.619399070739746,5.650000095367432,5.699999809265137,5.619999885559082,5.679999828338623,4079700,2023-08-10,4.619399070739746,-0.0105079843030868,0.0,0.0088494734805857,5.679999828338623,5.699999809265137,5.619999885559082,4079700,-0.01050798430308686,-0.010563582999951082,-0.18672549113599152,0.01731825340936469,15.221534259381192,0.030617658203865084,-0.0024717896261444716,-0.0031757548383202217,-0.003106179740862358,-0.00036713568033752697,0.006921992654788914,0.005427201717057946,59.61908584838064,0.049385627340847726,0.04908264595773701,0.00030298138311071754,1.3862943611198906,4.619399070739746,2023-08-11,0.0
2023-08-11,5,0.254421910084784,0.6574150207659141,0.6,0.4,0.0,1,2023-08-11,2023-08-11,2023-08-11,4.619399070739746,5.650000095367432,5.690000057220459,5.590000152587891,5.650000095367432,3920800,2023-08-11,4.619399070739746,0.0,0.0088494734805857,0.0052633129894963,5.650000095367432,5.690000057220459,5.590000152587891,3920800,0.0,0.0,-0.1824072579171635,0.021647816761705862,15.181806527627431,-0.03894894232419055,-0.0031757548383202217,-0.002647863859677413,-0.0020729327945251397,-0.00030040379099438574,0.006642358404174808,0.005379692211513737,59.61908584838064,0.04617880323218149,0.048501877412625904,-0.0023230741804444177,1.791759469228055,4.619399070739746,2023-08-14,0.008849473480585734
2023-08-14,6,0.6989470125796894,0.1456699230663093,1.0,0.0,0.0,1,2023-08-14,2023-08-14,2023-08-14,4.6602783203125,5.699999809265137,5.699999809265137,5.639999866485596,5.650000095367432,2897400,2023-08-14,4.6602783203125,0.0088494734805857,0.0052633129894963,0.003490469784886,5.650000095367432,5.699999809265137,5.639999866485596,2897400,0.008849473480585734,0.008810546377819639,-0.17517199262818206,0.01287475525185321,14.879324686226648,-0.26101815955927365,0.0038745052509085998,0.0054682330894577635,0.004495337423896961,0.006981669548109748,0.007564089397960663,0.005998674869431559,64.77687448722006,0.046401102791226556,0.04808172248834604,-0.0016806196971194814,1.9459101490553132,4.6602783203125,2023-08-15,0.005263312989496338
2023-08-15,3,0.4558554535421232,0.4985057518264015,0.6666666666666666,0.0,0.3333333333333333,1,2023-08-15,2023-08-15,2023-08-15,4.684806823730469,5.730000019073486,5.78000020980835,5.690000057220459,5.699999809265137,6727600,2023-08-15,4.684806823730469,0.0052633129894963,0.003490469784886,-0.013913112274059,5.699999809265137,5.78000020980835,5.690000057220459,6727600,0.005263312989496338,0.005249510168876981,-0.1781040385097048,0.019211070162381706,15.72172917447682,1.321943811693242,0.007384019026616784,0.010047642142837931,0.006500344391159318,0.010026298425578783,0.007558704360314397,0.0059955389618950245,67.46237970856893,0.04800317134756771,0.048066012260190374,-6.284091262266644e-05,1.3862943611198906,4.684806823730469,2023-08-17,-0.010471205787179194
2023-08-17,1,0.8634266667068006,0.0,1.0,0.0,0.0,1,2023-08-17,2023-08-17,2023-08-17,4.635751247406006,5.670000076293945,5.75,5.659999847412109,5.739999771118164,4185600,2023-08-17,4.635751247406006,-0.013913112274059,-0.0035274059787849,0.0070796820094012,5.739999771118164,5.75,5.659999847412109,4185600,-0.010471205787179194,-0.010526414602602507,-0.1923777992585265,0.01941436194149791,15.247160859719306,-0.3778464831440632,-0.0017605055687015536,-0.00035256482167689285,-0.002696248544321156,-0.0004499589110373847,0.008897331475297957,0.006952041813211909,57.94690667349562,0.0447980432293873,0.047412418454029756,-0.0026143752246424595,0.6931471805599453,4.635751247406006,2023-08-18,-0.003527405978784981
2023-08-18,3,0.8813158133998513,0.109101659323579,1.0,0.0,0.0,1,2023-08-18,2023-08-18,2023-08-18,4.619399070739746,5.650000095367432,5.690000057220459,5.639999866485596,5.670000076293945,2613700,2023-08-18,4.619399070739746,-0.0035274059787849,0.0070796820094012,0.0017573499920613,5.670000076293945,5.690000057220459,5.639999866485596,2613700,-0.003527405978784981,-0.0035336419440941125,-0.18529118014419824,0.010823959993319282,14.776277782538253,-0.375549503058104,-0.005281701529617822,-0.003878727161201967,-0.0041513615590895725,-0.0032552621560011374,0.00755151939865419,0.00682933006932425,55.154237551943375,0.04047193681322625,0.04602432212586906,-0.0055523853126428074,1.3862943611198906,4.619399070739746,2023-08-21,0.007079682009401234
2023-08-21,4,0.7933929284336045,0.1512139897193418,1.0,0.0,0.0,2,2023-08-19,2023-08-21,2023-08-21,4.652102947235107,5.690000057220459,5.739999771118164,5.650000095367432,5.650000095367432,4453600,2023-08-21,4.652102947235107,0.0070796820094012,0.0017573499920613,-0.0087718472509625,5.650000095367432,5.739999771118164,5.650000095367432,4453600,0.007079682009401234,0.007054738718574205,-0.17661896129002258,0.01934601980470404,15.309223540388862,0.7039445996097486,0.0003516346015501881,0.0021134309096679793,0.0019307543796960314,0.003108066622481198,0.008183458476660781,0.007036615112224222,59.37148004992617,0.0392301747909265,0.04466549265888055,-0.005435317867954051,1.6094379124341003,4.652102947235107,2023-08-22,0.0017573499920613411
2023-08-22,4,0.1515655912226066,0.6681425705983515,0.5,0.25,0.25,1,2023-08-22,2023-08-22,2023-08-22,4.6602783203125,5.699999809265137,5.71999979019165,5.670000076293945,5.71999979019165,3234500,2023-08-22,4.6602783203125,0.0017573499920613,-0.0087718472509625,0.0017698946961171,5.71999979019165,5.71999979019165,5.670000076293945,3234500,0.0017573499920613411,0.0017558076592454341,-0.18526599803313,0.010728911550147996,14.989385223632924,-0.2737336087659421,0.002109602538675981,0.0029912774974190093,0.0024579737207817143,0.003981738004899205,0.007123891380787749,0.006989359118023217,60.37464727165606,0.038462383311926196,0.04342487078948968,-0.004962487477563483,1.6094379124341003,4.6602783203125,2023-08-23,-0.008771847250962583
2023-08-23,3,-0.0462440351645151,0.3568182750182631,0.3333333333333333,0.6666666666666666,0.0,1,2023-08-23,2023-08-23,2023-08-23,4.619399070739746,5.650000095367432,5.699999809265137,5.650000095367432,5.699999809265137,2516700,2023-08-23,4.619399070739746,-0.0087718472509625,0.0017698946961171,-0.0035336384492177,5.699999809265137,5.699999809265137,5.650000095367432,2516700,-0.008771847250962583,-0.008810546377819639,-0.189579083278023,0.01082385676838658,14.738459474848147,-0.2219199257999691,-0.003878706676056831,-0.005281701529617822,-0.004232561371917631,-0.003951223416971739,0.007304384752335871,0.007408908324886949,53.28928238097684,0.034161496764890664,0.041572195984569876,-0.007410699219679212,1.3862943611198906,4.619399070739746,2023-08-24,0.0017698946961171025
2023-08-24,3,0.6628760816529393,0.0795257510202828,1.0,0.0,0.0,1,2023-08-24,2023-08-24,2023-08-24,4.627574920654297,5.659999847412109,5.710000038146973,5.630000114440918,5.650000095367432,2421200,2023-08-24,4.627574920654297,0.0017698946961171,-0.0035336384492177,0.0017731363687363,5.650000095367432,5.710000038146973,5.630000114440918,2421200,0.0017698946961171025,0.0017683302781308363,-0.18096020485936723,0.017287656078562943,14.699774256017921,-0.03794651726467202,-0.0017636722762777168,-0.0026431878147761267,-0.0016481289553823553,-0.0017911579084015639,0.00602407268588438,0.007183970921401313,54.44087188454757,0.03105475605296082,0.03946870799824807,-0.008413951945287254,1.3862943611198906,4.627574920654297,2023-08-25,-0.003533638449217724
2023-08-25,1,0.0566546618938446,0.0,0.0,0.0,1.0,1,2023-08-25,2023-08-25,2023-08-25,4.611222743988037,5.639999866485596,5.690000057220459,5.619999885559082,5.650000095367432,2403500,2023-08-25,4.611222743988037,-0.0035336384492177,0.0017731363687363,0.0088494734805857,5.650000095367432,5.690000057220459,5.619999885559082,2403500,-0.003533638449217724,-0.00353989649636266,-0.18385439537091558,0.01518039260901914,14.692436982375979,-0.007310424582851471,-0.004940070246630457,-0.0059923221037823104,-0.003456592718054541,-0.004355684964768014,0.006024898088995521,0.006443152861701555,51.695739735468166,0.02696235244427747,0.03696743688745396,-0.010005084443176486,0.6931471805599453,4.611222743988037,2023-08-28,0.0017731363687363277
2023-08-28,3,0.7411948449444026,0.1425958929413706,1.0,0.0,0.0,1,2023-08-28,2023-08-28,2023-08-28,4.619399070739746,5.650000095367432,5.670000076293945,5.619999885559082,5.639999866485596,2938900,2023-08-28,4.619399070739746,0.0017731363687363,0.0088494734805857,-0.015789427371192,5.639999866485596,5.670000076293945,5.619999885559082,2938900,0.0017731363687363277,0.0017715662182318237,-0.18095759218196716,0.010823959993319282,14.89354625990686,0.22275847722071984,-0.0017667471312282634,-0.004229810939301415,-0.0011270249746847538,-0.0021203118857575642,0.004716524819278134,0.006472329534269003,52.97263759003626,0.024101032634827213,0.03439415603692861,-0.010293123402101395,1.3862943611198906,4.619399070739746,2023-08-29,0.008849473480585734
2023-08-29,7,0.6363154409586319,0.6943727353019331,0.8571428571428571,0.1428571428571428,0.0,1,2023-08-29,2023-08-29,2023-08-29,4.6602783203125,5.699999809265137,5.71999979019165,5.639999866485596,5.650000095367432,2566500,2023-08-29,4.6602783203125,0.0088494734805857,-0.015789427371192,0.0071301612839675,5.650000095367432,5.71999979019165,5.639999866485596,2566500,0.008849473480585734,0.008810546377819639,-0.17517199262818206,0.01716634033580428,14.75805405061811,-0.12671407669536217,0.007067091567472872,0.004582230941549081,0.005128465564820495,0.005483635164625245,0.006595834123315882,0.006472329534269003,58.83211207409705,0.024845624970721403,0.032484449823687166,-0.007638824852965763,2.0794415416798357,4.6602783203125,2023-08-30,-0.015789427371192044
2023-08-30,3,0.0463265241123735,0.8402562603050506,0.3333333333333333,0.3333333333333333,0.3333333333333333,1,2023-08-30,2023-08-30,2023-08-30,4.586695194244385,5.610000133514404,5.739999771118164,5.599999904632568,5.71999979019165,10292100,2023-08-30,4.586695194244385,-0.015789427371192,0.0071301612839675,0.0053097873132841,5.71999979019165,5.739999771118164,5.599999904632568,10292100,-0.015789427371192044,-0.01591540824989246,-0.19813018138402658,0.03052303686132764,16.146887265782958,3.0101694915254233,-0.007430989551678202,-0.009184049883328993,-0.00718702575406116,-0.00851894956726551,0.009175726159053885,0.007853491519928837,47.38684687021208,0.01927597500656386,0.029842754860262506,-0.010566779853698645,1.3862943611198906,4.586695194244385,2023-09-01,0.007130161283967595
2023-09-01,1,-0.9451256655156614,0.0,0.0,1.0,0.0,1,2023-09-01,2023-09-01,2023-09-01,4.619399070739746,5.650000095367432,5.670000076293945,5.590000152587891,5.639999866485596,7494900,2023-09-01,4.619399070739746,0.0071301612839675,0.0053097873132841,-0.003521195816294,5.639999866485596,5.670000076293945,5.590000152587891,7494900,0.007130161283967595,0.007104861872072821,-0.18095759218196716,0.01731825340936469,15.829733480625727,-0.2717812691287492,4.128997477259588e-08,-0.0017667574172790523,-7.207534591557874e-05,-0.001186291548997187,0.009919625064993321,0.00773703317957477,51.86857797956502,0.017301476151009965,0.027334499118412,-0.010033022967402036,0.6931471805599453,4.619399070739746,2023-09-04,0.005309787313284131
2023-09-04,4,0.4744526034337468,0.9210337186075892,0.75,0.25,0.0,1,2023-09-04,2023-09-04,2023-09-04,4.643927097320557,5.679999828338623,5.730000019073486,5.659999847412109,5.659999847412109,4693800,2023-09-04,4.643927097320557,0.0053097873132841,-0.003521195816294,0.0017668707458879,5.659999847412109,5.730000019073486,5.659999847412109,4693800,0.005309787313284131,0.005295740095845547,-0.17951815856605122,0.01507348633912998,15.361753259948202,-0.37373413921466603,0.0038883659577622076,0.0030020169782261075,0.00348546799390137,0.0033660957744248154,0.009990202253904085,0.007834845772518114,54.96693213624639,0.017513987986855106,0.025370396892100626,-0.00785640890524552,1.6094379124341003,4.643927097320557,2023-09-05,-0.003521195816294065
2023-09-05,3,0.25771850378563,0.9814450485367896,0.6666666666666666,0.3333333333333333,0.0,1,2023-09-05,2023-09-05,2023-09-05,4.627574920654297,5.659999847412109,5.699999809265137,5.619999885559082,5.690000057220459,3365500,2023-09-05,4.627574920654297,-0.003521195816294,0.0017668707458879,0.0017636515589842,5.690000057220459,5.699999809265137,5.619999885559082,3365500,-0.003521195816294065,-0.0035274098177147106,-0.18671794830967933,0.017287656078562943,15.029087395565531,-0.2829903276662832,0.0,1.030425589299e-08,-3.200107049983192e-05,-0.00013660183001273918,0.010225799844125128,0.007566897261993169,52.5387580848201,0.016176449115785196,0.02353160733683754,-0.007355158221052344,1.3862943611198906,4.627574920654297,2023-09-06,0.001766870745887994
2023-09-06,1,0.4836220443248749,0.0,1.0,0.0,0.0,1,2023-09-06,2023-09-06,2023-09-06,4.635751247406006,5.670000076293945,5.690000057220459,5.630000114440918,5.650000095367432,2850700,2023-09-06,4.635751247406006,0.0017668707458879,0.0017636515589842,-0.003521195816294,5.650000095367432,5.690000057220459,5.630000114440918,2850700,0.001766870745887994,0.0017653116659632762,-0.17951306740561515,0.012942873674059788,14.863075486912704,-0.15296389838062696,0.0028299105778213374,0.0022981191296840286,0.0011558736808077175,0.001333263773590554,0.009201222030672078,0.007567213802388895,53.64150287681557,0.015596415392255203,0.021944568947921076,-0.006348153555665873,0.6931471805599453,4.635751247406006,2023-09-07,0.0017636515589842805
2023-09-07,2,0.9028335942421108,0.0302886677169547,1.0,0.0,0.0,1,2023-09-07,2023-09-07,2023-09-07,4.643927097320557,5.679999828338623,5.699999809265137,5.659999847412109,5.670000076293945,2716800,2023-09-07,4.643927097320557,0.0017636515589842,-0.003521195816294,0.0,5.670000076293945,5.699999809265137,5.659999847412109,2716800,0.0017636515589842805,0.0017620981517514345,-0.1809652495885072,0.008613391428152789,14.814965643179193,-0.04697091942329956,0.002117169892213333,0.003533628108550513,0.0019458142586419314,0.0025343355948825863,0.004082501385365341,0.007000006969575601,54.773100656370644,0.015616440640310536,0.02067894328639897,-0.005062502646088433,1.0986122886681098,4.643927097320557,2023-09-12,0.0
2023-09-12,3,0.4778479070713122,0.6905729242097973,0.6666666666666666,0.3333333333333333,0.0,1,2023-09-12,2023-09-12,2023-09-12,4.643927097320557,5.679999828338623,5.690000057220459,5.619999885559082,5.670000076293945,4600100,2023-09-12,4.643927097320557,0.0035336384492177,-0.0052817423845784,0.0070796820094012,5.670000076293945,5.690000057220459,5.619999885559082,4600100,0.0,0.0,-0.1809652495885072,0.01507348633912998,15.341588817740021,0.6932052414605419,0.0010574655290167545,0.0031791408738386373,0.0012963686748772574,0.0020725922786521966,0.0032080510444719395,0.006988153520770631,54.773100656370644,0.015454164801718129,0.0196339875894628,-0.004179822787744671,1.3862943611198906,4.643927097320557,2023-09-13,-0.005281742384578458
2023-09-13,5,0.3098743665963411,0.3519130679390219,0.6,0.0,0.4,1,2023-09-13,2023-09-13,2023-09-13,4.619399070739746,5.650000095367432,5.679999828338623,5.639999866485596,5.670000076293945,4501900,2023-09-13,4.619399070739746,-0.0052817423845784,0.0070796820094012,-0.0123022699385937,5.670000076293945,5.679999828338623,5.639999866485596,4501900,-0.005281742384578458,-0.005295740095845547,-0.18529118014419824,0.008659126704682345,15.32001030998046,-0.02134736201386922,-0.0031757548383202217,-0.002295612112130696,-0.0026650269887730227,-0.002636168224954716,0.0032003221623706393,0.0071174580898629375,50.48537136595952,0.013194258080685195,0.01834604168770728,-0.005151783607022085,1.791759469228055,4.619399070739746,2023-09-14,0.007079682009401234
2023-09-14,5,0.3338448867201805,0.7778329954424772,0.8,0.2,0.0,1,2023-09-14,2023-09-14,2023-09-14,4.652102947235107,5.690000057220459,5.710000038146973,5.670000076293945,5.679999828338623,2785000,2023-09-14,4.652102947235107,0.0070796820094012,-0.0123022699385937,0.0071173697694846,5.679999828338623,5.710000038146973,5.670000076293945,2785000,0.007079682009401234,0.007054738718574205,-0.18096776622688232,0.008598253801928565,14.839758790409885,-0.3813723094693352,0.0028198738146094637,0.004058607943704828,0.0029262372789389257,0.003617421987442082,0.004432056456043647,0.007438357433483885,55.4886232535949,0.013882170221036105,0.017453267394373046,-0.003571097173336941,1.791759469228055,4.652102947235107,2023-09-15,-0.012302269938593735
2023-09-15,4,0.7954782793531194,0.2837006358999795,1.0,0.0,0.0,1,2023-09-15,2023-09-15,2023-09-15,4.594871520996094,5.619999885559082,5.710000038146973,5.619999885559082,5.690000057220459,14620500,2023-09-15,4.594871520996094,-0.0123022699385937,0.0071173697694846,0.0035336384492177,5.690000057220459,5.710000038146973,5.619999885559082,14620500,-0.012302269938593735,-0.012378569277230245,-0.19246547016017623,0.01958708794721208,16.497935279824624,4.2497307001795335,-0.0077683492924482955,-0.00689165257087454,-0.006294435824219513,-0.007153549614494659,0.007368770579546344,0.007868133710369457,46.61219212353854,0.009697461454711842,0.015902106206440808,-0.006204644751728966,1.6094379124341003,4.594871520996094,2023-09-18,0.007117369769484627
2023-09-18,6,0.776224784553051,0.2069210000476777,1.0,0.0,0.0,1,2023-09-18,2023-09-18,2023-09-18,4.627574920654297,5.659999847412109,5.690000057220459,5.639999866485596,5.639999866485596,2908600,2023-09-18,4.627574920654297,0.0071173697694846,0.0035336384492177,0.0,5.639999866485596,5.690000057220459,5.639999866485596,2908600,0.007117369769484627,0.007092160836786876,-0.179507973368475,0.010804836570380952,14.883182767533706,-0.801060155261448,-4.121702168458086e-08,-0.0007062594476707762,0.0005186215596326704,-7.126010342950462e-05,0.008332574597673614,0.006407227722939825,51.396759555950105,0.008917149300500249,0.014505114825252697,-0.005587965524752448,1.9459101490553132,4.627574920654297,2023-09-19,0.003533638449217724
2023-09-19,2,0.0611857559997588,1.2462898142525327,0.5,0.5,0.0,1,2023-09-19,2023-09-19,2023-09-19,4.643927097320557,5.679999828338623,5.690000057220459,5.639999866485596,5.679999828338623,4119900,2023-09-19,4.643927097320557,0.0035336384492177,0.0,0.0,5.679999828338623,5.690000057220459,5.639999866485596,4119900,0.003533638449217724,0.0035274098177147106,-0.182407176466608,0.010766790625053585,15.231339691910792,0.4164546517224781,0.003533597086549989,0.0022940020114583515,0.002699080978521673,0.0028308670186778517,0.008551371174512361,0.006113242194737394,53.63426987076724,0.009508620830542824,0.013505816026310723,-0.003997195195767899,1.0986122886681098,4.643927097320557,2023-09-20,0.0
2023-09-20,2,-0.2805354818701744,0.2969772207831749,0.0,0.5,0.5,1,2023-09-20,2023-09-20,2023-09-20,4.643927097320557,5.679999828338623,5.699999809265137,5.659999847412109,5.679999828338623,6288900,2023-09-20,4.643927097320557,0.0,0.0,-0.0017605465682843,5.679999828338623,5.699999809265137,5.659999847412109,6288900,0.0,0.0,-0.182407176466608,0.008613391428152789,15.654296891630391,0.5264690890555597,0.0024708965487880707,0.0022940020114583515,0.0017977698768549821,0.0023149724009148276,0.008042352683663495,0.005879689939221777,53.63426987076724,0.009863664099601266,0.012777385640968832,-0.0029137215413675664,1.0986122886681098,4.643927097320557,2023-09-21,0.0
2023-09-21,5,0.383689408749342,0.5987443924178045,0.6,0.2,0.2,1,2023-09-21,2023-09-21,2023-09-21,4.643927097320557,5.679999828338623,5.690000057220459,5.659999847412109,5.679999828338623,4848800,2023-09-21,4.643927097320557,0.0,-0.0017605465682843,-0.0017637544198007,5.679999828338623,5.690000057220459,5.659999847412109,4848800,0.0,0.0,-0.182407176466608,0.006460094910977192,15.394242015855786,-0.2289907615004214,0.0028248730099416086,0.0019403898501630934,0.0011977954643684896,0.0018932714423600672,0.007313413459422948,0.005748315865969079,53.63426987076724,0.010029425474509246,0.012227793607676916,-0.0021983681331676705,1.791759469228055,4.643927097320557,2023-09-22,-0.0017605465682843935
2023-09-22,1,0.8078570300713181,0.0,1.0,0.0,0.0,1,2023-09-22,2023-09-22,2023-09-22,4.635751247406006,5.670000076293945,5.690000057220459,5.659999847412109,5.679999828338623,2414000,2023-09-22,4.635751247406006,-0.0017605465682843,-0.0017637544198007,0.0,5.679999828338623,5.690000057220459,5.659999847412109,2414000,-0.0017605465682843935,-0.0017620981517514345,-0.1838465867063337,0.006471488267438123,14.696796094889736,-0.502144860584062,-0.0007049427565758437,0.0001764271351867297,-0.000376644169466811,0.00010586343073826221,0.0035508807243045705,0.005761132665329173,52.13546712521921,0.009392795498994744,0.011660793985940483,-0.002267998486945739,0.6931471805599453,4.635751247406006,2023-09-25,-0.0017637544198007005
2023-09-25,3,0.5141873057000339,0.7568829070461757,0.6666666666666666,0.3333333333333333,0.0,1,2023-09-25,2023-09-25,2023-09-25,4.627574920654297,5.659999847412109,5.699999809265137,5.650000095367432,5.679999828338623,5421500,2023-09-25,4.627574920654297,-0.0017637544198007,0.0,-0.0018147855354626,5.679999828338623,5.699999809265137,5.650000095367432,5421500,-0.0017637544198007005,-0.0017653116659632762,-0.18528608089626583,0.010804733527822727,15.505883272345155,1.245857497928749,-0.0024674538304739757,-0.0012352714351210325,-0.0014275076833416556,-0.0013570181307658302,0.002161997752347252,0.005750146073912299,50.61222974182818,0.008134728335716268,0.01095558085589564,-0.0028208525201793722,1.3862943611198906,4.627574920654297,2023-09-26,0.0
2023-09-26,1,0.1881709992885589,0.0,1.0,0.0,0.0,1,2023-09-26,2023-09-26,2023-09-26,4.627574920654297,5.659999847412109,5.679999828338623,5.639999866485596,5.659999847412109,6256500,2023-09-26,4.627574920654297,0.0,-0.0018147855354626,-0.012727317397665,5.659999847412109,5.679999828338623,5.639999866485596,6256500,0.0,0.0,-0.1824072357934537,0.008643828039281471,15.649131641121008,0.1540164161209998,-0.0017637133480409295,-0.0008826556037615507,-0.000952124844071256,-0.0011105615710241823,0.000965170241659601,0.005750146073912299,50.61222974182818,0.007056359722485084,0.01017573662921353,-0.003119376906728446,0.6931471805599453,4.627574920654297,2023-09-29,-0.014519005581609346
2023-09-29,1,0.537943571805954,0.0,1.0,0.0,0.0,1,2023-09-29,2023-09-29,2023-09-29,4.560387134552002,5.429999828338623,5.510000228881836,5.429999828338623,5.5,12899500,2023-09-29,4.560387134552002,-0.012727317397665,-0.0055248815196848,0.0037037169437532,5.5,5.510000228881836,5.429999828338623,12899500,-0.014519005581609346,-0.01462543779258385,-0.17083870280872693,0.017542458169194856,16.372699186413183,1.0617757532166547,-0.01269871892320995,-0.01413275421609772,-0.010358241182826244,-0.012811003077912608,0.0061623797058780825,0.007193435568370639,39.58897116773439,0.0007713602398844444,0.008294861351347712,-0.007523501111463268,0.6931471805599453,4.560387134552002,2023-10-02,-0.005524881519684888
2023-10-02,8,0.443409647064982,0.6003474167331868,0.875,0.125,0.0,2,2023-09-30,2023-10-02,2023-10-02,4.535191535949707,5.400000095367432,5.449999809265137,5.389999866485596,5.440000057220459,5318900,2023-10-02,4.535191535949707,-0.0055248815196848,0.0037037169437532,0.003690050042886,5.440000057220459,5.449999809265137,5.389999866485596,5318900,-0.005524881519684888,-0.005540200125965455,-0.16632509407234444,0.013229858607719537,15.486777261030088,-0.5876661886119616,-0.01350890100269797,-0.017095362776001988,-0.010606549141242483,-0.014993970984499061,0.005840468619780248,0.006653516419132409,36.38833883977989,-0.006171480385583017,0.005401593003961567,-0.011573073389544584,2.1972245773362196,4.535191535949707,2023-10-03,0.0037037169437532658
2023-10-03,1,0.7616908401250839,0.0,1.0,0.0,0.0,1,2023-10-03,2023-10-03,2023-10-03,4.55198860168457,5.420000076293945,5.440000057220459,5.380000114440918,5.400000095367432,3929100,2023-10-03,4.55198860168457,0.0037037169437532,0.003690050042886,0.0036764836342937,5.400000095367432,5.440000057220459,5.380000114440918,3929100,0.0037037169437532658,0.0036968750725194788,-0.15703916272341475,0.013181039767396744,15.183921204496782,-0.26129462858861796,-0.006233937412949864,-0.012537219749913509,-0.004638811624745887,-0.009302106056618964,0.006939088029376688,0.005924604770428448,39.87803915539582,-0.010200760755625815,0.002281122252044091,-0.012481883007669906,0.6931471805599453,4.55198860168457,2023-10-04,0.0036900500428860283
2023-10-04,1,0.52922572940588,0.0,1.0,0.0,0.0,1,2023-10-04,2023-10-04,2023-10-04,4.568785667419434,5.440000057220459,5.449999809265137,5.400000095367432,5.429999828338623,6654000,2023-10-04,4.568785667419434,0.003690050042886,0.0036764836342937,0.0073260332273228,5.429999828338623,5.449999809265137,5.400000095367432,6654000,0.0036900500428860283,0.0036832585104953353,-0.15860298124220915,0.010943764391107055,15.710728885846091,0.6935175994502558,2.0873693884482236e-08,-0.007627845449944437,-0.0006441267354316826,-0.004624514072215868,0.007691793022773814,0.0054911832701431676,43.23186644888525,-0.01190141949683099,-0.0005553860977309255,-0.011346033399100064,0.6931471805599453,4.568785667419434,2023-10-05,0.003676483634293737
2023-10-05,2,0.4744008611887693,0.4732942493790618,1.0,0.0,0.0,1,2023-10-05,2023-10-05,2023-10-05,4.585582733154297,5.460000038146973,5.5,5.420000076293945,5.460000038146973,7767100,2023-10-05,4.585582733154297,0.0036764836342937,0.0073260332273228,0.0,5.460000038146973,5.5,5.420000076293945,7767100,0.003676483634293737,0.0036697418872329024,-0.1601496884401923,0.017445966709453507,15.865407551050982,0.16728283739104288,0.005524881519684888,-0.0027155665122980954,0.002017954391920318,-0.0007897105169525354,0.00815584344167884,0.005505218424297092,46.448935270904656,-0.011758278856568438,-0.002795964649498428,-0.00896231420707001,1.0986122886681098,4.585582733154297,2023-10-06,0.007326033227322837
2023-10-06,1,-0.8238018304109573,0.0,0.0,1.0,0.0,1,2023-10-06,2023-10-06,2023-10-06,4.619176864624023,5.5,5.5,5.46999979019165,5.480000019073486,3367800,2023-10-06,4.619176864624023,0.0073260332273228,0.0,0.0090909409983321,5.480000019073486,5.5,5.46999979019165,3367800,0.007326033227322837,0.0072993281945537,-0.15708451668856085,0.006494709054789888,15.029770567088049,-0.5664018745735216,0.010286590479712254,0.005131609082715594,0.006219777654742797,0.0053368300589815565,0.00479351122626419,0.00614078005078801,52.2742952218473,-0.008832260415967852,-0.004003223802792313,-0.004829036613175539,0.6931471805599453,4.619176864624023,2023-10-09,0.0
2023-10-09,3,0.4107208885252476,0.7802490395646632,0.6666666666666666,0.3333333333333333,0.0,1,2023-10-09,2023-10-09,2023-10-09,4.619176864624023,5.5,5.5,5.460000038146973,5.489999771118164,3329600,2023-10-09,4.619176864624023,0.0,0.0090909409983321,0.0036036161376449,5.489999771118164,5.5,5.460000038146973,3329600,0.0,0.0,-0.15861984386144656,0.00865954325312095,15.018363034957838,-0.011342716313320289,0.006588603072087862,0.005673228861120094,0.004137939415457481,0.004362264472955069,0.002590204209825753,0.00614078005078801,52.27429522184728,-0.006439143285400739,-0.004490407699313998,-0.0019487355860867408,1.3862943611198906,4.619176864624023,2023-10-10,0.009090940998332186
2023-10-10,3,0.2108095407796402,0.9739318876348354,0.6666666666666666,0.3333333333333333,0.0,1,2023-10-10,2023-10-10,2023-10-10,4.661169528961182,5.550000190734863,5.559999942779541,5.510000228881836,5.510000228881836,3933800,2023-10-10,4.661169528961182,0.0090909409983321,0.0036036161376449,0.0035905747845119,5.510000228881836,5.559999942779541,5.510000228881836,3933800,0.009090940998332186,0.009049867139886203,-0.15405275220703768,0.010726860198291981,15.185116692005025,0.18146323882748683,0.010929000177154924,0.014254457298623624,0.00880539320693785,0.0110125981904039,0.003546756359069056,0.0068180918915801275,58.77544293058713,-0.0011409712469747646,-0.0038205204088461514,0.0026795491618713868,1.3862943611198906,4.661169528961182,2023-10-11,0.003603616137644927
2023-10-11,5,-0.2747677654027939,0.6083466827645826,0.6,0.4,0.0,1,2023-10-11,2023-10-11,2023-10-11,4.677966594696045,5.570000171661377,5.579999923706055,5.539999961853027,5.559999942779541,4487500,2023-10-11,4.677966594696045,0.0036036161376449,0.0035905747845119,0.0,5.559999942779541,5.579999923706055,5.539999961853027,4487500,0.003603616137644927,0.0035971386698852026,-0.15863909301454995,0.008550715581932534,15.316806534619872,0.1407544867558086,0.009789736943497163,0.016794520250073663,0.008259575323069646,0.011959322389752058,0.0035534591968331966,0.006825400766893138,61.06037912211179,0.004362957630892339,-0.0021838248008984535,0.0065467824317907925,1.791759469228055,4.677966594696045,2023-10-12,0.0035905747845119684
2023-10-12,2,0.6620150455273688,0.335423494993838,1.0,0.0,0.0,1,2023-10-12,2023-10-12,2023-10-12,4.69476318359375,5.590000152587891,5.610000133514404,5.579999923706055,5.579999923706055,4345100,2023-10-12,4.69476318359375,0.0035905747845119,0.0,0.0,5.579999923706055,5.610000133514404,5.579999923706055,4345100,0.0035905747845119684,0.0035841440596058316,-0.15864457925016587,0.00639014336509835,15.284559561520787,-0.03173259052924793,0.008661081552937988,0.0189573197303623,0.007888632676456897,0.012721709729354824,0.00356008510102686,0.006855207934293909,63.25370894337797,0.009965331135238564,0.00024600638632895017,0.009719324748909615,1.0986122886681098,4.69476318359375,2023-10-13,0.0
2023-10-13,3,-0.1174647140627106,0.8976028644943733,0.3333333333333333,0.6666666666666666,0.0,1,2023-10-13,2023-10-13,2023-10-13,4.69476318359375,5.590000152587891,5.610000133514404,5.570000171661377,5.579999923706055,5399700,2023-10-13,4.69476318359375,0.0,0.0,0.0,5.579999923706055,5.610000133514404,5.570000171661377,5399700,0.0,0.0,-0.15864457925016587,0.008520123441542403,15.501854139631137,0.24271017928241,0.005395641137581064,0.015994157825556687,0.005245295713915743,0.010384651501827324,0.0037243247861954336,0.004062822430695125,63.253708943377966,0.014241090078698448,0.00304502312480285,0.011196066953895599,1.3862943611198906,4.69476318359375,2023-10-16,0.0
2023-10-16,2,-0.4864016897045077,0.6368096910142925,0.0,1.0,0.0,1,2023-10-16,2023-10-16,2023-10-16,4.69476318359375,5.590000152587891,5.599999904632568,5.519999980926514,5.590000152587891,5735100,2023-10-16,4.69476318359375,0.0,0.0,0.0,5.590000152587891,5.599999904632568,5.519999980926514,5735100,0.0,0.0,-0.16014972174547987,0.017040246883084805,15.562115919550081,0.06211456192010667,0.0021512755747448153,0.012497708014816311,0.0034907604523306546,0.008480520819084125,0.0037243247861954336,0.003032503697769763,63.253708943377966,0.017428752042050633,0.0059217689082524064,0.011506983133798226,1.0986122886681098,4.69476318359375,2023-10-17,0.0
2023-10-17,3,-0.2946586723749836,1.0316711095117956,0.3333333333333333,0.6666666666666666,0.0,1,2023-10-17,2023-10-17,2023-10-17,4.69476318359375,5.590000152587891,5.599999904632568,5.559999942779541,5.590000152587891,4769900,2023-10-17,4.69476318359375,0.0,0.0,0.0,5.590000152587891,5.599999904632568,5.559999942779541,4769900,0.0,0.0,-0.16014972174547987,0.008520123441542403,15.377836107932161,-0.16829697825669998,0.0007160581087508611,0.00938964296350897,0.002324468913501798,0.006927925685067837,0.001970215720789173,0.003220860244246464,63.253708943377966,0.019727589739353846,0.008682933074472696,0.01104465666488115,1.3862943611198906,4.69476318359375,2023-10-18,0.0
2023-10-18,4,-0.3350023087114095,0.5535847167836472,0.25,0.75,0.0,1,2023-10-18,2023-10-18,2023-10-18,4.69476318359375,5.590000152587891,5.610000133514404,5.559999942779541,5.570000171661377,5747500,2023-10-18,4.69476318359375,0.0,0.0,0.0017889151250016,5.570000171661377,5.610000133514404,5.559999942779541,5747500,0.0,0.0,-0.157134104325632,0.01065020508586955,15.564275709608149,0.2049518857837691,0.0,0.006663037391148707,0.0015484461706718466,0.005661171891754302,0.0016057538592930871,0.003354088747605711,63.25370894337796,0.021303857567847473,0.011207117973147652,0.010096739594699821,1.6094379124341003,4.69476318359375,2023-10-19,0.0
2023-10-19,3,0.2968937320013841,0.491870745499002,0.6666666666666666,0.3333333333333333,0.0,1,2023-10-19,2023-10-19,2023-10-19,4.69476318359375,5.590000152587891,5.599999904632568,5.570000171661377,5.590000152587891,3618200,2023-10-19,4.69476318359375,0.0,0.0017889151250016,-0.0053570604806024,5.590000152587891,5.599999904632568,5.570000171661377,3618200,0.0,0.0,-0.16014972174547987,0.006390041797215252,15.10148749894978,-0.37047411918225315,0.0,0.004311868056029677,0.0010317649029769616,0.00462710521362153,0.0,0.0034390815258007797,63.25370894337796,0.02229604623612147,0.013424903625742415,0.008871142610379055,1.3862943611198906,4.69476318359375,2023-10-20,0.0017889151250016777
2023-10-20,5,-0.0873945513740182,0.6706719420430015,0.4,0.4,0.2,1,2023-10-20,2023-10-20,2023-10-20,4.703161716461182,5.599999904632568,5.599999904632568,5.550000190734863,5.579999923706055,4200700,2023-10-20,4.703161716461182,0.0017889151250016,-0.0053570604806024,0.0,5.579999923706055,5.599999904632568,5.550000190734863,4200700,0.0017889151250016777,0.0017873169220883334,-0.1571394658124844,0.010631085408503996,15.250761974088451,0.16099165330827492,0.0014306202483611585,0.004304145349492305,0.001879915142235733,0.005250111270651114,0.0008000271650962638,0.0029637923238465015,64.80018444989511,0.023489284467229865,0.015437779794039905,0.00805150467318996,1.791759469228055,4.703161716461182,2023-10-23,-0.005357060480602471
2023-10-23,5,0.4222248332574964,0.414720256025043,0.6,0.2,0.2,1,2023-10-23,2023-10-23,2023-10-23,4.677966594696045,5.570000171661377,5.599999904632568,5.550000190734863,5.599999904632568,2161100,2023-10-23,4.677966594696045,-0.0053570604806024,0.0,0.001795236425971,5.599999904632568,5.599999904632568,5.550000190734863,2161100,-0.005357060480602471,-0.005371460981694165,-0.16464880814976024,0.010688343511130578,14.586128372018326,-0.4855381245982813,-0.003221118366737108,-0.0023284342539137137,-0.0023275162891248646,-0.00011051811075923901,0.002708873477183528,0.003715577185220236,57.04417141411229,0.022146606308432126,0.01677954509691835,0.005367061211513775,1.791759469228055,4.677966594696045,2023-10-24,0.0
2023-10-24,1,0.6733177755959333,0.0,1.0,0.0,0.0,1,2023-10-24,2023-10-24,2023-10-24,4.677966594696045,5.570000171661377,5.579999923706055,5.519999980926514,5.570000171661377,2965500,2023-10-24,4.677966594696045,0.0,0.001795236425971,0.003584242155006,5.570000171661377,5.579999923706055,5.519999980926514,2965500,0.0,0.0,-0.16014964981576707,0.0128260733728988,14.902556547472125,0.37221785201980473,-0.0025071111378363042,-0.002685703756185376,-0.001552882312375714,-9.042572583572994e-05,0.002708873477183528,0.0025047015839746484,57.04417141411229,0.020842267508138335,0.01759208957916235,0.0032501779289759863,0.6931471805599453,4.677966594696045,2023-10-25,0.001795236425971014
2023-10-25,2,0.6452503714244813,0.4231584351106083,1.0,0.0,0.0,1,2023-10-25,2023-10-25,2023-10-25,4.686364650726318,5.579999923706055,5.599999904632568,5.570000171661377,5.579999923706055,3755900,2023-10-25,4.686364650726318,0.001795236425971,0.003584242155006,-0.0035714412447425,5.579999923706055,5.599999904632568,5.570000171661377,3755900,0.001795236425971014,0.0017936269150722328,-0.16014969268784734,0.006401493525806167,15.13883876113544,0.2665317821615243,-0.00035833646441219,-0.001074137983431922,0.00015969812903726677,0.0013942801605832944,0.00293651779016719,0.0023017632012002818,58.94381678649594,0.020252761322196555,0.01812422392776919,0.0021285373944273656,1.0986122886681098,4.686364650726318,2023-10-26,0.003584242155006079
2023-10-26,3,0.8115638204229375,0.2040625592864337,1.0,0.0,0.0,1,2023-10-26,2023-10-26,2023-10-26,4.703161716461182,5.599999904632568,5.610000133514404,5.570000171661377,5.579999923706055,3493600,2023-10-26,4.703161716461182,0.003584242155006,-0.0035714412447425,-0.0017920193275979,5.579999923706055,5.610000133514404,5.570000171661377,3493600,0.003584242155006079,0.003577834066621932,-0.1571394658124844,0.00850490888140769,15.06644356739114,-0.06983679011688282,0.002865298922388515,0.00232681804565793,0.0024932298103259587,0.004073734064680812,0.0034391784759400744,0.002300721798885747,62.514513188586534,0.02090003367021165,0.01867938587625768,0.0022206477939539677,1.3862943611198906,4.703161716461182,2023-10-30,-0.005357060480602471
2023-10-30,2,0.4434772353852168,0.7604120811037772,0.5,0.5,0.0,1,2023-10-30,2023-10-30,2023-10-30,4.677966594696045,5.570000171661377,5.599999904632568,5.559999942779541,5.579999923706055,1091100,2023-10-30,4.677966594696045,-0.0017920193275979,0.001795236425971,0.0,5.579999923706055,5.599999904632568,5.559999942779541,1091100,-0.005357060480602471,-0.005371460981694165,-0.16165472067083983,0.008550715581932534,13.902697836149049,-0.6876860544996566,-0.0014341701157830622,-0.002685703756185376,-0.0019199660692807985,-0.00106810317910766,0.004116253690297065,0.002894609142375899,54.8137838509242,0.019159111594995615,0.018775331020005268,0.00038378057499034723,1.0986122886681098,4.677966594696045,2023-10-31,0.001795236425971014
2023-10-31,2,0.8069743423257025,0.1997747636211402,1.0,0.0,0.0,1,2023-10-31,2023-10-31,2023-10-31,4.686364650726318,5.579999923706055,5.599999904632568,5.559999942779541,5.570000171661377,2309200,2023-10-31,4.686364650726318,0.001795236425971,0.0,0.0017921210775029,5.570000171661377,5.599999904632568,5.559999942779541,2309200,0.001795236425971014,0.0017936269150722328,-0.15864191987475193,0.008535392534344917,14.65241213521923,1.1163962973146364,-4.0699960401902047e-08,-0.0007163654086864701,-8.54546086450636e-05,0.0005932801118184727,0.0034398351295299332,0.0029736346815113345,56.72721501075595,0.018246734249649954,0.018669611665934206,-0.0004228774162842522,1.0986122886681098,4.686364650726318,2023-11-01,0.0
2023-11-01,4,0.7175047770724633,0.3947675708851589,0.75,0.0,0.25,1,2023-11-01,2023-11-01,2023-11-01,4.686364650726318,5.579999923706055,5.599999904632568,5.559999942779541,5.579999923706055,1281400,2023-11-01,4.686364650726318,0.0,0.0017921210775029,0.0017889151250016,5.579999923706055,5.599999904632568,5.559999942779541,1281400,0.0,0.0,-0.16014969268784734,0.008535392534344917,14.063464568583194,-0.4450892083838559,-0.00035831612901249255,-0.000537377917930848,-5.6971361918733976e-05,0.0004853586453730241,0.0034398351295299332,0.0029736346815113345,56.72721501075595,0.017323968702730674,0.018400483073293502,-0.0010765143705628276,1.6094379124341003,4.686364650726318,2023-11-02,0.0017921210775029284
2023-11-02,3,0.0216581051548321,0.6635697709549921,0.6666666666666666,0.3333333333333333,0.0,1,2023-11-02,2023-11-02,2023-11-02,4.69476318359375,5.590000152587891,5.599999904632568,5.570000171661377,5.579999923706055,2674000,2023-11-02,4.69476318359375,0.0017921210775029,0.0017889151250016,0.0071427811029736,5.579999923706055,5.599999904632568,5.570000171661377,2674000,0.0017921210775029284,0.0017905171445335988,-0.15864457925016587,0.006390041797215252,14.799086410615534,1.0867800842828155,0.0010744820338950412,0.0012537801132788129,0.0011560298217416776,0.001863332295857889,0.003439511233973091,0.003038648739064914,58.75299959814526,0.017073548532001936,0.01813509616503519,-0.0010615476330332538,1.3862943611198906,4.69476318359375,2023-11-03,0.0017889151250016777
2023-11-03,4,0.4070102989207953,0.7637524577252649,0.75,0.25,0.0,1,2023-11-03,2023-11-03,2023-11-03,4.703161716461182,5.599999904632568,5.630000114440918,5.579999923706055,5.599999904632568,2256400,2023-11-03,4.703161716461182,0.0017889151250016,0.0071427811029736,0.0017731567384384,5.599999904632568,5.630000114440918,5.579999923706055,2256400,0.0017889151250016777,0.0017873169220883334,-0.160149679186509,0.010631186795015232,14.629281624031693,-0.15617053103964096,0.002865319316058601,0.002865309119223447,0.001962747243445806,0.002988943111980946,0.0030956748972369033,0.003090591033562842,60.732676862650685,0.017352748472770685,0.01797862662658229,-0.0006258781538116057,1.6094379124341003,4.703161716461182,2023-11-06,0.007142781102973617
2023-11-06,4,0.3906417356338352,0.8292671240801905,0.75,0.25,0.0,1,2023-11-06,2023-11-06,2023-11-06,4.73675537109375,5.639999866485596,5.650000095367432,5.619999885559082,5.619999885559082,4316800,2023-11-06,4.73675537109375,0.0071427811029736,0.0017731567384384,-0.0035399359481314,5.619999885559082,5.650000095367432,5.619999885559082,4316800,0.007142781102973617,0.007117392268267686,-0.15716094883469311,0.00633349359593851,15.278025176648624,0.9131359687998581,0.007502625175382915,0.009305565953055428,0.0060612731899905015,0.008291753514989342,0.0027068787248802633,0.00378532831368085,67.46020274765716,0.02005357844294764,0.018393616989855362,0.001659961453092277,1.6094379124341003,4.73675537109375,2023-11-07,0.001773156738438475
2023-11-07,1,-0.8331558741629125,0.0,0.0,1.0,0.0,1,2023-11-07,2023-11-07,2023-11-07,4.74515438079834,5.650000095367432,5.650000095367432,5.630000114440918,5.650000095367432,1671100,2023-11-07,4.74515438079834,0.0017731567384384,-0.0035399359481314,0.0,5.650000095367432,5.650000095367432,5.630000114440918,1671100,0.001773156738438475,0.0017715865518797003,-0.1601496812913324,0.004214821968162985,14.328993248599529,-0.6128845441067458,0.006771248909036354,0.009649773844379927,0.005216476947998316,0.008231869760752186,0.0027083412789976856,0.0031282778248195734,68.89506083786665,0.022611088983561345,0.01923711138859656,0.003373977594964786,0.6931471805599453,4.74515438079834,2023-11-09,-0.0035399359481314008
2023-11-09,5,0.0487004106864333,0.8580600420858232,0.4,0.6,0.0,1,2023-11-09,2023-11-09,2023-11-09,4.728356838226318,5.630000114440918,5.630000114440918,5.610000133514404,5.630000114440918,2720600,2023-11-09,4.728356838226318,0.0,0.0017762053827101,-0.0053191682129188,5.630000114440918,5.630000114440918,5.610000133514404,2720600,-0.0035399359481314008,-0.003546216347244169,-0.16014977937600566,0.004229795172146098,14.816363369747377,0.6280294416851175,0.0014229256388502698,0.004998141488587793,0.0011047727383757255,0.0038117813263514044,0.0037769287196067107,0.003487879089082181,62.91946168272458,0.023017185424353492,0.019993126195747946,0.0030240592286055468,1.791759469228055,4.728356838226318,2023-11-10,0.001776205382710172
2023-11-10,1,-0.9138226965442302,0.0,0.0,1.0,0.0,1,2023-11-10,2023-11-10,2023-11-10,4.73675537109375,5.639999866485596,5.639999866485596,5.610000133514404,5.630000114440918,1028600,2023-11-10,4.73675537109375,0.0017762053827101,-0.0053191682129188,0.0053476130663565,5.630000114440918,5.639999866485596,5.610000133514404,1028600,0.001776205382710172,0.0017746297953644685,-0.15865803289346306,0.006333392928472947,13.843710184517697,-0.6219216349334706,0.0014204193190736625,0.005706073435677306,0.0019201150904424313,0.004572876969754169,0.0037769346747416077,0.0034874491012959305,64.57393090916722,0.02374301647793864,0.020743104252186086,0.0029999122257525525,0.6931471805599453,4.73675537109375,2023-11-14,-0.00531916821291889
2023-11-14,8,0.5541198768769391,0.5520219516894475,0.875,0.125,0.0,2,2023-11-13,2023-11-14,2023-11-14,4.711559772491455,5.610000133514404,5.650000095367432,5.610000133514404,5.639999866485596,1366400,2023-11-14,4.711559772491455,-0.0053191682129188,0.0053476130663565,-0.001773056070973,5.639999866485596,5.650000095367432,5.610000133514404,1366400,-0.00531916821291889,-0.005333365355195685,-0.16461704183916434,0.00848974942153297,14.127690833866291,0.3284075442348824,-0.004259886428558235,0.0001782146796340811,-0.002275430207775986,-0.0006305916538010825,0.0049363701952569745,0.003889198887858037,56.43827892212175,0.022031206543351445,0.02100072471041916,0.0010304818329322854,2.1972245773362196,4.711559772491455,2023-11-15,0.00534761306635656
2023-11-15,1,0.931505646556616,0.0,1.0,0.0,0.0,1,2023-11-15,2023-11-15,2023-11-15,4.73675537109375,5.639999866485596,5.639999866485596,5.610000133514404,5.630000114440918,2280900,2023-11-15,4.73675537109375,0.0053476130663565,-0.001773056070973,0.0,5.630000114440918,5.639999866485596,5.610000133514404,2280900,0.00534761306635656,0.005333365355195685,-0.15865803289346306,0.006333392928472947,14.64008109830797,0.669276932084309,0.0010649464134717679,0.004273469062137991,0.002037931125753012,0.0038533197160268706,0.004350872499837721,0.0036607092199274793,61.64265171091956,0.022448882334460407,0.02129035623522741,0.0011585260992329968,0.6931471805599453,4.73675537109375,2023-11-17,-0.0017730560709730003
2023-11-17,4,0.8329672201653011,0.1311510558984028,1.0,0.0,0.0,1,2023-11-17,2023-11-17,2023-11-17,4.728356838226318,5.630000114440918,5.650000095367432,5.610000133514404,5.630000114440918,1832900,2023-11-17,4.728356838226318,0.0,0.0,0.0,5.630000114440918,5.650000095367432,5.610000133514404,1832900,-0.0017730560709730003,-0.0017746297953644685,-0.16014977937600566,0.008459590344292197,14.421410515543291,-0.19641369634793282,0.0,0.0016011039418402095,0.000174159292033238,0.0016958046517001613,0.004279561995135781,0.0037744177900811376,59.107693474803725,0.021850325049358688,0.02140234999805367,0.000447975051305019,1.6094379124341003,4.728356838226318,2023-11-20,0.0
2023-11-20,4,0.0307628586888313,0.7240389451569411,0.25,0.25,0.5,1,2023-11-20,2023-11-20,2023-11-20,4.728356838226318,5.630000114440918,5.639999866485596,5.599999904632568,5.639999866485596,1433700,2023-11-20,4.728356838226318,0.0,0.0,-0.0053285153018586,5.639999866485596,5.639999866485596,5.599999904632568,1433700,0.0,0.0,-0.16163883862418274,0.008459590344292197,14.175769770730106,-0.2177969338207213,0.0,0.0007109569999534937,0.00011609945475576922,0.0013870488670417735,0.003974573868319797,0.0037744177900811376,59.107693474803725,0.021132363358189465,0.02134835267008083,-0.0002159893118913632,1.6094379124341003,4.728356838226318,2023-11-21,0.0
2023-11-21,4,0.5245221172226593,0.7535869983086231,0.75,0.25,0.0,1,2023-11-21,2023-11-21,2023-11-21,4.728356838226318,5.630000114440918,5.650000095367432,5.619999885559082,5.630000114440918,1848000,2023-11-21,4.728356838226318,0.0,-0.0053285153018586,0.0,5.630000114440918,5.650000095367432,5.619999885559082,1848000,0.0,0.0,-0.16014977937600566,0.006344743181354977,14.429615072309161,0.28897258840761664,0.0003553673176104333,-2.0169253822643896e-08,7.7396641267935e-05,0.0011345720354238864,0.003854397169322927,0.0037698355785131684,59.107693474803725,0.02032903310603995,0.021144488757272654,-0.0008154556512327028,1.6094379124341003,4.728356838226318,2023-11-22,-0.005328515301858627
2023-11-22,2,0.3876125074457377,0.8346176258515563,0.5,0.5,0.0,1,2023-11-22,2023-11-22,2023-11-22,4.703161716461182,5.599999904632568,5.630000114440918,5.599999904632568,5.630000114440918,1582300,2023-11-22,4.703161716461182,-0.0053285153018586,0.0,0.0,5.630000114440918,5.630000114440918,5.599999904632568,1582300,-0.005328515301858627,-0.0053427624729032175,-0.16462493412786994,0.006378732354311386,14.27439067469828,-0.14377705627705628,-0.004621336601999149,-0.005328535363640308,-0.003507160033145662,-0.0034389806380594745,0.0038574115256299986,0.004193595017585366,51.21612548750028,0.017458106151085673,0.02040721223603526,-0.0029491060849495855,1.0986122886681098,4.703161716461182,2023-11-23,0.0
2023-11-23,2,0.5900967018678784,0.4174258186687812,0.5,0.0,0.5,1,2023-11-23,2023-11-23,2023-11-23,4.703161716461182,5.599999904632568,5.619999885559082,5.590000152587891,5.610000133514404,2578500,2023-11-23,4.703161716461182,0.0,0.0,-0.0053570604806024,5.610000133514404,5.619999885559082,5.590000152587891,2578500,0.0,0.0,-0.16164677281123888,0.006378630967800151,14.762718780295453,0.629589837578209,-0.003203938074337387,-0.004621346647158409,-0.002340843259404979,-0.0028154718589958883,0.002315725586089134,0.0033709192576921875,51.21612548750028,0.015009851629100623,0.019327740114648332,-0.004317888485547709,1.0986122886681098,4.703161716461182,2023-11-24,0.0
2023-11-24,2,0.5272204354405403,0.0244319274891738,1.0,0.0,0.0,1,2023-11-24,2023-11-24,2023-11-24,4.703161716461182,5.599999904632568,5.610000133514404,5.590000152587891,5.599999904632568,1964900,2023-11-24,4.703161716461182,0.0,-0.0053570604806024,-0.0107721320838166,5.599999904632568,5.610000133514404,5.590000152587891,1964900,0.0,0.0,-0.160149679186509,0.004252454440703845,14.49095242033691,-0.2379678107426798,-0.0021382423148796903,-0.003735932803834552,-0.0015617808009569245,-0.0023047476941375766,0.0023829844868207425,0.0032711596126424186,51.21612548750028,0.012920651059122434,0.018046322303543152,-0.005125671244420718,1.0986122886681098,4.703161716461182,2023-11-27,-0.005357060480602471
2023-11-27,9,-0.1322824159740573,0.7119936750985412,0.3333333333333333,0.5555555555555556,0.1111111111111111,1,2023-11-27,2023-11-27,2023-11-27,4.677966594696045,5.570000171661377,5.630000114440918,5.559999942779541,5.619999885559082,1722000,2023-11-27,4.677966594696045,-0.0053570604806024,-0.0107721320838166,-0.0036297771560418,5.619999885559082,5.630000114440918,5.559999942779541,1722000,-0.005357060480602471,-0.005371460981694165,-0.16762158541740307,0.014963803234667023,14.358997544689737,-0.12361952262201636,-0.005357060480602471,-0.008014124645690734,-0.004617619799876738,-0.006267367043944705,0.0029263828506549917,0.003478977967130311,43.89629236967067,0.009126701855691088,0.01626239821397274,-0.007135696358281651,2.302585092994046,4.677966594696045,2023-11-28,-0.010772132083816666
2023-11-28,5,-0.0388004406355321,0.7344293899078176,0.6,0.4,0.0,1,2023-11-28,2023-11-28,2023-11-28,4.627574920654297,5.510000228881836,5.579999923706055,5.480000019073486,5.570000171661377,9861700,2023-11-28,4.627574920654297,-0.0107721320838166,-0.0036297771560418,-0.0072860008716064,5.570000171661377,5.579999923706055,5.480000019073486,9861700,-0.010772132083816666,-0.010830571556023516,-0.16919662871859134,0.02160957009820368,16.104169226912763,4.726887340301975,-0.011836504200092524,-0.016422724557644264,-0.01027923470418557,-0.013929153345148548,0.00450120418808298,0.00446379863986153,33.56402742287327,0.0020303778912023063,0.013415994149418653,-0.011385616258216347,1.791759469228055,4.627574920654297,2023-11-29,-0.003629777156041847
2023-11-29,2,0.4932341275271028,0.6885114227068748,1.0,0.0,0.0,1,2023-11-29,2023-11-29,2023-11-29,4.610777854919434,5.489999771118164,5.53000020980835,5.460000038146973,5.510000228881836,5578200,2023-11-29,4.610777854919434,-0.0036297771560418,-0.0072860008716064,0.0036696339741952,5.510000228881836,5.53000020980835,5.460000038146973,5578200,-0.003629777156041847,-0.0036363807817794136,-0.16319824620858223,0.015181857349013424,15.534376880941286,-0.43435715951610776,-0.011523287942230453,-0.0178891213247393,-0.0092907598989459,-0.014370777710567606,0.004467349100521742,0.004368642940290599,30.9490145086325,-0.004892495163996813,0.00975429628673556,-0.014646791450732373,1.0986122886681098,4.610777854919434,2023-11-30,-0.007286000871606468
2023-11-30,2,0.8531309545505792,0.1413742760343259,1.0,0.0,0.0,1,2023-11-30,2023-11-30,2023-11-30,4.577183723449707,5.449999809265137,5.489999771118164,5.449999809265137,5.489999771118164,11024700,2023-11-30,4.577183723449707,-0.0072860008716064,0.0036696339741952,-0.0036562169960895,5.489999771118164,5.489999771118164,5.449999809265137,11024700,-0.007286000871606468,-0.007312673412363857,-0.1662688680736577,0.008738989795865217,16.21564885874802,0.9763902334086265,-0.013396158261326785,-0.021719676991640235,-0.011066947186157972,-0.017702884132222207,0.004022186304189552,0.0037407097939724477,26.50178470694709,-0.012940517359655956,0.0052153335574572565,-0.018155850917113213,1.0986122886681098,4.577183723449707,2023-12-01,0.0036696339741952855
2023-12-01,3,0.6792049539896351,0.4358839626835414,0.6666666666666666,0.0,0.3333333333333333,1,2023-12-01,2023-12-01,2023-12-01,4.593980312347412,5.46999979019165,5.480000019073486,5.440000057220459,5.449999809265137,6676900,2023-12-01,4.593980312347412,0.0036696339741952,-0.0036562169960895,0.0055047114037327,5.449999809265137,5.480000019073486,5.440000057220459,6676900,0.0036696339741952855,0.0036629172942659327,-0.15706780309651938,0.008707038152844921,15.714164515711962,-0.3943690077734542,-0.005092882678539912,-0.01530166696983215,-0.004970941066940515,-0.011564545292670037,0.0053661661973982856,0.0043520901089951994,31.78010964825188,-0.01775857874208242,0.000620551097549321,-0.01837912983963174,1.3862943611198906,4.593980312347412,2023-12-04,-0.003656216996089534
2023-12-04,8,0.0401796174701303,0.5469682687533369,0.625,0.25,0.125,1,2023-12-04,2023-12-04,2023-12-04,4.577183723449707,5.449999809265137,5.489999771118164,5.420000076293945,5.480000019073486,9885900,2023-12-04,4.577183723449707,-0.0036562169960895,0.0055047114037327,-0.0018250311597003,5.480000019073486,5.489999771118164,5.420000076293945,9885900,-0.003656216996089534,-0.0036629172942659327,-0.1647474986280055,0.015293180054276205,16.106620158637458,0.48061226018062264,-0.004384357703679842,-0.015712525979814207,-0.0057558394576529,-0.012453123379886799,0.00536603499439346,0.004236190939106838,29.49868237008978,-0.022670935022238936,-0.00403774612640833,-0.018633188895830606,2.1972245773362196,4.577183723449707,2023-12-05,0.005504711403732765
2023-12-05,8,-0.3784461279865354,0.3692874226523803,0.0,0.75,0.25,1,2023-12-05,2023-12-05,2023-12-05,4.60237979888916,5.480000019073486,5.480000019073486,5.449999809265137,5.449999809265137,4922700,2023-12-05,4.60237979888916,0.0055047114037327,-0.0018250311597003,0.0036564245882539,5.449999809265137,5.480000019073486,5.449999809265137,4922700,0.005504711403732765,0.005489615852344754,-0.15552661285143557,0.006518412456006026,15.409367921571883,-0.5020483719236488,0.0021946984957583737,-0.007605874633015763,-0.00018855930164329848,-0.0057484853867685315,0.0054214885047659915,0.004993396239089558,36.825109388662085,-0.0242513456337754,-0.008080466027881743,-0.016170879605893657,2.1972245773362196,4.60237979888916,2023-12-06,-0.001825031159700341
2023-12-06,3,0.4553455710411072,0.3681393969711806,1.0,0.0,0.0,1,2023-12-06,2023-12-06,2023-12-06,4.593980312347412,5.46999979019165,5.489999771118164,5.449999809265137,5.489999771118164,2541100,2023-12-06,4.593980312347412,-0.0018250311597003,0.0036564245882539,0.0018216036358438,5.489999771118164,5.489999771118164,5.449999809265137,2541100,-0.001825031159700341,-0.0018266985580788209,-0.16320937998659646,0.008707038152844921,14.748108009643023,-0.48379954090235033,0.001098017520897443,-0.00707945333874016,-0.0013430655304140782,-0.006196450569046386,0.005267132520962016,0.004909556906216485,35.50065830677946,-0.025883234975104585,-0.011641019817326313,-0.014242215157778272,1.3862943611198906,4.593980312347412,2023-12-07,0.0036564245882539925
2023-12-07,4,-0.0732800681143999,0.3214813931414447,0.25,0.5,0.25,1,2023-12-07,2023-12-07,2023-12-07,4.610777854919434,5.489999771118164,5.5,5.460000038146973,5.46999979019165,3726200,2023-12-07,4.610777854919434,0.0036564245882539,0.0018216036358438,0.0018180849697679,5.46999979019165,5.5,5.460000038146973,3726200,0.0036564245882539925,0.0036497561180979243,-0.15707897042572144,0.008675317508595582,15.130899773938276,0.4663728306638857,0.0032895064499376403,-0.0014550798317368718,0.0015377821964721594,-0.002097717916955899,0.003969668411864753,0.005228587132564293,40.13752133713808,-0.025526840208575763,-0.014418183895576205,-0.011108656312999558,1.6094379124341003,4.610777854919434,2023-12-08,0.001821603635843827
2023-12-08,3,0.3501385965694983,0.779024582581955,0.6666666666666666,0.3333333333333333,0.0,1,2023-12-08,2023-12-08,2023-12-08,4.619176864624023,5.5,5.519999980926514,5.489999771118164,5.5,2849100,2023-12-08,4.619176864624023,0.0018216036358438,0.0018180849697679,-0.0018147855354626,5.5,5.519999980926514,5.489999771118164,2849100,0.001821603635843827,0.0018199465280315241,-0.1601496609774503,0.006494709054789888,14.862514063887124,-0.23538725779614622,0.004016161657870665,0.0021866899262510398,0.0022389487864233892,-0.00022904978759974437,0.0037958829008241674,0.005335468183902418,42.36850251161416,-0.024286702905560453,-0.016391887697573056,-0.007894815207987398,1.3862943611198906,4.619176864624023,2023-12-11,0.0018180849697679857
2023-12-11,5,0.6659475528635085,0.2989005227271073,1.0,0.0,0.0,1,2023-12-11,2023-12-11,2023-12-11,4.627574920654297,5.510000228881836,5.53000020980835,5.489999771118164,5.53000020980835,4180100,2023-12-11,4.627574920654297,0.0018180849697679,-0.0018147855354626,-0.0018182914295648,5.53000020980835,5.53000020980835,5.489999771118164,4180100,0.0018180849697679857,0.0018164342537478895,-0.16318720703725392,0.008643931081839697,15.245845966888451,0.46716506967112426,0.003642979676864888,0.005107643469077994,0.002703742842940393,0.0012994036579727641,0.0027171718563142456,0.005284290545777368,44.5920610837046,-0.022368383421802918,-0.017587186842419028,-0.0047811965793838895,1.791759469228055,4.627574920654297,2023-12-12,-0.0018147855354626596
2023-12-12,3,0.1157783886107305,0.7833844082751988,0.6666666666666666,0.3333333333333333,0.0,1,2023-12-12,2023-12-12,2023-12-12,4.619176864624023,5.5,5.519999980926514,5.480000019073486,5.510000228881836,5309800,2023-12-12,4.619176864624023,-0.0018147855354626,-0.0018182914295648,0.0018216036358438,5.510000228881836,5.519999980926514,5.480000019073486,5309800,-0.0018147855354626596,-0.0018164342537478895,-0.16167392509139522,0.00865954325312095,15.48506491605635,0.27025669242362627,0.0010921870749065477,0.0034666264690919046,0.0005891934371136109,-0.000423645347670476,0.002446609796704435,0.004078550157665406,42.81316457308898,-0.021280446604500902,-0.018325838794835403,-0.0029546078096654993,1.3862943611198906,4.619176864624023,2023-12-13,-0.0018182914295648
2023-12-13,3,-0.5263418840865294,0.5188082628325462,0.3333333333333333,0.6666666666666666,0.0,1,2023-12-13,2023-12-13,2023-12-13,4.610777854919434,5.489999771118164,5.510000228881836,5.480000019073486,5.5,5145300,2023-12-13,4.610777854919434,-0.0018182914295648,0.0018216036358438,0.0054544613691009,5.5,5.510000228881836,5.480000019073486,5145300,-0.0018182914295648,-0.0018199465280315241,-0.16167675365101208,0.006506539840417842,15.45359442894039,-0.03098045124110138,-0.001455121078614563,0.0016420317023289055,-0.0008204493090744336,-0.0018344291564540427,0.002444850553346816,0.003946092064562992,41.04942595649857,-0.020855568714337025,-0.018831784778735726,-0.002023783935601299,1.3862943611198906,4.610777854919434,2023-12-14,0.001821603635843827
2023-12-14,5,0.1576298788189888,0.3949714341380521,0.2,0.2,0.6,1,2023-12-14,2023-12-14,2023-12-14,4.619176864624023,5.5,5.510000228881836,5.480000019073486,5.5,7437900,2023-12-14,4.619176864624023,0.0018216036358438,0.0054544613691009,0.0036167521941068,5.5,5.510000228881836,5.480000019073486,7437900,0.001821603635843827,0.0018199465280315241,-0.1601496609774503,0.006494709054789888,15.822099243348996,0.4455716867821118,4.129196118363154e-08,0.0025520424049494395,0.0006662178651455353,-1.3227685325967187e-05,0.0019920509916098645,0.003017626373999596,43.553673521722054,-0.01961501040555902,-0.018988429904100386,-0.0006265805014586331,1.791759469228055,4.619176864624023,2023-12-15,0.0054544613691009936
2023-12-15,3,-0.4760438371449709,0.4932677123783408,0.3333333333333333,0.6666666666666666,0.0,1,2023-12-15,2023-12-15,2023-12-15,4.64437198638916,5.53000020980835,5.539999961853027,5.5,5.5,7672200,2023-12-15,4.64437198638916,0.0054544613691009,0.0036167521941068,-0.0036037184375409,5.5,5.539999961853027,5.5,7672200,0.0054544613691009936,0.0054396396665299385,-0.15556872974742542,0.008612566342715787,15.853114094368017,0.0315008268462873,0.004358855525410599,0.0069191489417130825,0.0040745574407414775,0.004447459555742883,0.0030417835298374423,0.003242852988099761,50.365256692717125,-0.016409662867212127,-0.018472676496722736,0.0020630136295106093,1.3862943611198906,4.64437198638916,2023-12-18,0.0036167521941068426
2023-12-18,6,0.4046105539115767,0.6699174005018641,0.8333333333333334,0.1666666666666666,0.0,1,2023-12-18,2023-12-18,2023-12-18,4.661169528961182,5.550000190734863,5.559999942779541,5.519999980926514,5.519999980926514,7916700,2023-12-18,4.661169528961182,0.0036167521941068,-0.0036037184375409,-0.0054248716164367,5.519999980926514,5.559999942779541,5.519999980926514,7916700,0.0036167521941068426,0.0036102274733562645,-0.1555852273429139,0.008581529078591997,15.884485136609516,0.03186830374599192,0.00652890000382822,0.008724193391601354,0.005124201754286073,0.006601453687846259,0.0032484284537358417,0.002850382945121372,54.322801262951856,-0.012371371082224414,-0.017252415413823073,0.004881044331598659,1.9459101490553132,4.661169528961182,2023-12-19,-0.003603718437540926
2023-12-19,5,0.2940494212321938,0.6097565175754667,0.6,0.4,0.0,1,2023-12-19,2023-12-19,2023-12-19,4.64437198638916,5.53000020980835,5.559999942779541,5.519999980926514,5.559999942779541,2790300,2023-12-19,4.64437198638916,-0.0036037184375409,-0.0054248716164367,-0.0090910442282305,5.559999942779541,5.559999942779541,5.519999980926514,2790300,-0.003603718437540926,-0.0036102274733562645,-0.16468128881538124,0.008612566342715787,14.841660033283008,-0.6475425366630035,0.001811559507671534,0.004176486644946298,0.0010008436628261563,0.0024319131341206113,0.0037569039378841495,0.00299499864106208,50.02713666853145,-0.01040645788226957,-0.015883223907512373,0.005476766025242802,1.791759469228055,4.64437198638916,2023-12-20,-0.005424871616436788
2023-12-20,6,0.1691361221795281,0.6925124726538802,0.6666666666666666,0.3333333333333333,0.0,1,2023-12-20,2023-12-20,2023-12-20,4.619176864624023,5.5,5.559999942779541,5.489999771118164,5.539999961853027,14413800,2023-12-20,4.619176864624023,-0.0054248716164367,-0.0090910442282305,-0.005504503049781,5.539999961853027,5.559999942779541,5.489999771118164,14413800,-0.005424871616436788,-0.0054396396665299385,-0.16621355660100143,0.015154252307910837,16.483696708349296,4.165681109558112,-0.003984036709046346,-0.0018148369632391415,-0.0029573380689932316,-0.002460923409624338,0.004686982908250226,0.0035293056203058596,44.360793098909035,-0.010758271124170271,-0.014858233350843953,0.004099962226673682,1.9459101490553132,4.619176864624023,2023-12-21,-0.009091044228230594
2023-12-21,3,0.3271039339403311,0.5011658739559223,0.6666666666666666,0.3333333333333333,0.0,1,2023-12-21,2023-12-21,2023-12-21,4.577183723449707,5.449999809265137,5.5,5.429999828338623,5.5,6163300,2023-12-21,4.577183723449707,-0.0090910442282305,-0.005504503049781,-0.0036900500428861,5.5,5.5,5.429999828338623,6163300,-0.009091044228230594,-0.009132619940395381,-0.16778477755459872,0.015293284231252051,15.634123068602475,-0.5724028361708917,-0.01124826706684856,-0.010170810589370416,-0.008046575297643743,-0.009453121709403378,0.0061546804456146026,0.0044624800680653325,36.86585354791584,-0.014261187106810347,-0.014738824102037232,0.0004776369952268853,1.3862943611198906,4.577183723449707,2023-12-22,-0.005504503049781007
2023-12-22,3,0.4193431275586287,0.622896874375767,0.6666666666666666,0.3333333333333333,0.0,1,2023-12-22,2023-12-22,2023-12-22,4.55198860168457,5.420000076293945,5.46999979019165,5.389999866485596,5.46999979019165,12426400,2023-12-22,4.55198860168457,-0.005504503049781,-0.0036900500428861,-0.0018518584718766,5.46999979019165,5.46999979019165,5.389999866485596,12426400,-0.005504503049781007,-0.005519708651886557,-0.1678265491258668,0.017574719689862326,16.33533388012966,1.0161926240812553,-0.012750459366958511,-0.014186975993177087,-0.009045248042494847,-0.01222862362707089,0.004700650541123316,0.004597807282342481,33.237421907585855,-0.018852983563285797,-0.015561655994286947,-0.00329132756899885,1.3862943611198906,4.55198860168457,2023-12-26,-0.0036900500428861394
2023-12-26,7,0.2214680576164807,0.6021558992814403,0.4285714285714285,0.2857142857142857,0.2857142857142857,2,2023-12-25,2023-12-26,2023-12-26,4.535191535949707,5.400000095367432,5.429999828338623,5.389999866485596,5.420000076293945,21217800,2023-12-26,4.535191535949707,-0.0036900500428861,-0.0018518584718766,0.0129870594992949,5.420000076293945,5.429999828338623,5.389999866485596,21217800,-0.0036900500428861394,-0.0036968750725194788,-0.16324880588364257,0.00881990573847969,16.870351057128076,0.7074776282752848,-0.010989008703600645,-0.015855673878737764,-0.008503952622157973,-0.013025041109025248,0.0022229575201536127,0.0044908667469819655,31.043755665192236,-0.023575632941786218,-0.0171644513837868,-0.006411181557999416,2.0794415416798357,4.535191535949707,2023-12-27,-0.0018518584718766329
2023-12-27,3,0.3402057834900915,0.6220163098599149,0.6666666666666666,0.3333333333333333,0.0,1,2023-12-27,2023-12-27,2023-12-27,4.526793003082275,5.389999866485596,5.420000076293945,5.380000114440918,5.420000076293945,12601400,2023-12-27,4.526793003082275,-0.0018518584718766,0.0129870594992949,-0.0018316122929947,5.420000076293945,5.420000076293945,5.380000114440918,12601400,-0.0018518584718766329,-0.0018535752816297713,-0.16479835067131984,0.008836269258565949,16.349318556216694,-0.40609299738898474,-0.007731965497563165,-0.015704908624549763,-0.006917216804011694,-0.01218517990939183,0.002680261351213643,0.004490707165586838,29.978372188284794,-0.02767701461588512,-0.019266964030206467,-0.008410050585678654,1.3862943611198906,4.526793003082275,2023-12-28,0.012987059499294906
2023-12-28,2,-0.2694806307554245,0.0247806821238895,0.0,1.0,0.0,1,2023-12-28,2023-12-28,2023-12-28,4.585582733154297,5.460000038146973,5.460000038146973,5.389999866485596,5.400000095367432,6645100,2023-12-28,4.585582733154297,0.0129870594992949,-0.0018316122929947,0.0,5.400000095367432,5.460000038146973,5.389999866485596,6645100,0.012987059499294906,0.012903450751877488,-0.1508180273759272,0.015265272863853827,15.709390449412016,-0.47266970336629266,0.006637212837464768,-0.0023752742422719075,0.003978741290621368,0.0005265446909858973,0.00849162188735202,0.006535613104061586,44.37035712298309,-0.025885161225278175,-0.020590603469220807,-0.005294557756057368,1.0986122886681098,4.585582733154297,2023-12-29,-0.0018316122929947776
2023-12-29,4,0.0227280635153874,0.7677362949948693,0.5,0.5,0.0,1,2023-12-29,2023-12-29,2023-12-29,4.577183723449707,5.449999809265137,5.510000228881836,5.429999828338623,5.46999979019165,17896800,2023-12-29,4.577183723449707,-0.0018316122929947,0.0,-0.0073393721253666,5.46999979019165,5.510000228881836,5.429999828338623,17896800,-0.0018316122929947776,-0.0018332917458416809,-0.16322049378189502,0.017478083768706278,16.700132539755742,1.6932326074852146,0.004793443743845716,-0.003291954087914606,0.0014255441779211786,-0.0010688254627464477,0.007405429481464169,0.006491599781171851,43.010254112968894,-0.02485630636604874,-0.021443744048586393,-0.003412562317462349,1.6094379124341003,4.577183723449707,2024-01-02,0.0
2024-01-02,2,-0.38443623483181,0.1229187970179602,0.0,1.0,0.0,1,2024-01-02,2024-01-02,2024-01-02,4.577183723449707,5.449999809265137,5.460000038146973,5.420000076293945,5.449999809265137,1540800,2024-01-02,4.577183723449707,0.0,-0.0073393721253666,0.0092421771553194,5.449999809265137,5.460000038146973,5.420000076293945,1540800,0.0,0.0,-0.1601497461213889,0.008738989795865217,14.247812969039288,-0.9139063966742658,0.003683191764098259,-0.001831570774712299,0.0009499114050564028,-0.0008746635354576204,0.00675947490232532,0.006117276442330344,43.010254112968894,-0.023766960748520916,-0.0219083873885733,-0.0018585733599476156,1.0986122886681098,4.577183723449707,2024-01-03,-0.007339372125366617
2024-01-03,4,-0.0781721267849206,0.5328499872520056,0.5,0.5,0.0,1,2024-01-03,2024-01-03,2024-01-03,4.543590068817139,5.409999847412109,5.460000038146973,5.400000095367432,5.460000038146973,11529700,2024-01-03,4.543590068817139,-0.0073393721253666,0.0092421771553194,0.0073260332273228,5.460000038146973,5.460000038146973,5.400000095367432,11529700,-0.007339372125366617,-0.0073664378284563625,-0.1678406525507731,0.013205404068321061,16.260436959558604,6.482930944963655,-0.00405004639112494,-0.006610338230209956,-0.004273399820192925,-0.006725358540000892,0.0075588135915480555,0.006092174453777663,37.65586377388662,-0.02532247197899906,-0.022591204306658452,-0.0027312676723406093,1.6094379124341003,4.543590068817139,2024-01-04,0.009242177155319498
2024-01-04,8,0.4917896041297354,0.5099125383854873,0.625,0.25,0.125,1,2024-01-04,2024-01-04,2024-01-04,4.585582733154297,5.460000038146973,5.46999979019165,5.409999847412109,5.420000076293945,6543300,2024-01-04,4.585582733154297,0.0092421771553194,0.0073260332273228,0.0018180849697679,5.420000076293945,5.46999979019165,5.409999847412109,6543300,0.009242177155319498,0.009199729574298043,-0.153951537157579,0.01308447503209013,15.693952336156126,-0.43248306547438353,0.0025707450081293715,0.003861049001613326,0.003280797219928022,0.002007463604948967,0.008324649384536751,0.0071109404781980095,46.6042650200484,-0.022902760010408585,-0.02265351544740848,-0.00024924456300010403,2.1972245773362196,4.585582733154297,2024-01-05,0.007326033227322837
2024-01-05,6,0.3104250852484256,0.370026851235451,0.6666666666666666,0.1666666666666666,0.1666666666666666,1,2024-01-05,2024-01-05,2024-01-05,4.619176864624023,5.5,5.5,5.460000038146973,5.460000038146973,5954500,2024-01-05,4.619176864624023,0.0073260332273228,0.0018180849697679,0.0072596573546419,5.460000038146973,5.5,5.460000038146973,5954500,0.007326033227322837,0.0072993281945537,-0.15399691715172767,0.00865954325312095,15.599657962130387,-0.08998517567588216,0.008434248594522575,0.011215368402214487,0.00706221795431361,0.007635552254753986,0.006807459104013765,0.007415898074465509,52.48046647691204,-0.018066100430476517,-0.02173603244402209,0.0036699320135455717,1.9459101490553132,4.619176864624023,2024-01-08,0.0018180849697679857
2024-01-08,10,0.532960508367978,0.3942828923605862,0.8,0.1,0.1,1,2024-01-08,2024-01-08,2024-01-08,4.627574920654297,5.510000228881836,5.519999980926514,5.5,5.5,4596200,2024-01-08,4.627574920654297,0.0018180849697679,0.0072596573546419,-0.0054054242064673,5.5,5.519999980926514,5.5,4596200,0.0018180849697679857,0.0018164342537478895,-0.15862274169921875,0.004321914019640736,15.340740650675956,-0.22811319170375344,0.008049728606294826,0.011937527096546718,0.0059112385949373625,0.007732841101904198,0.00655464558563644,0.006693104218487408,53.847824731104495,-0.013400882894718968,-0.020069002534161468,0.006668119639442499,2.3978952727983707,4.627574920654297,2024-01-09,0.007259657354641957
2024-01-09,6,0.437767759586374,0.6342910142182094,0.6666666666666666,0.1666666666666666,0.1666666666666666,1,2024-01-09,2024-01-09,2024-01-09,4.661169528961182,5.550000190734863,5.570000171661377,5.519999980926514,5.519999980926514,7901400,2024-01-09,4.661169528961182,0.0072596573546419,-0.0054054242064673,-0.0054349044705483,5.519999980926514,5.570000171661377,5.519999980926514,7901400,0.007259657354641957,0.0072334328861383135,-0.1555852273429139,0.010726962498188013,15.882550643486208,0.7191157913058615,0.011666121049783484,0.016856082555575913,0.008770575439809969,0.01227892399806807,0.00674419869143306,0.006504786263644456,58.937927082173786,-0.006913169542853481,-0.01743783593589987,0.010524666393046389,1.9459101490553132,4.661169528961182,2024-01-10,-0.005405424206467391
2024-01-10,4,0.5631120863836259,0.4716713929246319,0.75,0.0,0.25,1,2024-01-10,2024-01-10,2024-01-10,4.635973930358887,5.519999980926514,5.550000190734863,5.5,5.550000190734863,4057100,2024-01-10,4.635973930358887,-0.0054054242064673,-0.0054349044705483,0.0036430004358032,5.550000190734863,5.550000190734863,5.5,4057100,-0.005405424206467391,-0.005420086372581068,-0.16468941062413772,0.010785261411293698,15.215979237121493,-0.48653403194370615,0.0021786775339338593,0.009140831506323721,0.00220938497818457,0.0055625829609109445,0.005966143464113082,0.006702607126420151,54.11723164331372,-0.003761325984248387,-0.014702533945569574,0.010941207961321187,1.6094379124341003,4.635973930358887,2024-01-11,-0.005434904470548396
2024-01-11,7,-0.4541189279407263,0.5264222157862914,0.2857142857142857,0.7142857142857143,0.0,1,2024-01-11,2024-01-11,2024-01-11,4.610777854919434,5.489999771118164,5.539999961853027,5.480000019073486,5.510000228881836,4540500,2024-01-11,4.610777854919434,-0.0054349044705483,0.0036430004358032,0.0108894345106838,5.510000228881836,5.539999961853027,5.480000019073486,4540500,-0.005434904470548396,-0.005449727295336659,-0.16319824620858223,0.013012976262893373,15.328547916352058,0.11914914594168247,-0.004352634325152871,0.001824761858030488,-0.0021606832828027223,7.972744654005659e-05,0.006368775980167471,0.007032160962201806,49.736163372902,-0.0032590121088951207,-0.012413829578234685,0.009154817469339565,2.0794415416798357,4.610777854919434,2024-01-12,0.003643000435803234
2024-01-12,2,-0.1214152276515961,0.2219351468678768,0.5,0.0,0.5,1,2024-01-12,2024-01-12,2024-01-12,4.627574920654297,5.510000228881836,5.510000228881836,5.489999771118164,5.489999771118164,2394300,2024-01-12,4.627574920654297,0.0036430004358032,0.0108894345106838,-0.0035906767170821,5.489999771118164,5.510000228881836,5.489999771118164,2394300,0.003643000435803234,0.0036363807817794136,-0.15709014324570994,0.004322017062198961,14.688601888190728,-0.47267922035018173,-0.0010877897886426569,0.004557849662177649,0.0009824809835918824,0.0030440453538087553,0.005642010192971097,0.0059230119516524935,52.49705998176797,-0.0014883847449818077,-0.01022874061158411,0.008740355866602302,1.0986122886681098,4.627574920654297,2024-01-15,0.010889434510683804
2024-01-15,5,0.4755296092480421,0.6461464043447703,0.8,0.2,0.0,1,2024-01-15,2024-01-15,2024-01-15,4.677966594696045,5.570000171661377,5.570000171661377,5.489999771118164,5.519999980926514,2050300,2024-01-15,4.677966594696045,0.0108894345106838,-0.0035906767170821,0.0,5.519999980926514,5.570000171661377,5.489999771118164,2050300,0.010889434510683804,0.010830571556023516,-0.15254228064130107,0.017101533096435244,14.533497169604521,-0.14367456041431736,0.007597752441551586,0.013280059392067445,0.007890489556766411,0.011398296240995531,0.0074047692942572785,0.006592730455694002,59.656487030854706,0.003935669207225878,-0.007395858647822113,0.011331527855047992,1.791759469228055,4.677966594696045,2024-01-17,-0.0035906767170821308
2024-01-17,2,-0.1005177162587643,1.1470014259225414,0.5,0.5,0.0,1,2024-01-17,2024-01-17,2024-01-17,4.661169528961182,5.550000190734863,5.550000190734863,5.510000228881836,5.550000190734863,2671800,2024-01-17,4.661169528961182,0.0,-0.0018019103687184,-0.0018050606262811,5.550000190734863,5.550000190734863,5.510000228881836,2671800,-0.0035906767170821308,-0.0035971386698852026,-0.1601496632842446,0.008581529078591997,14.79826333481729,0.3031263717504755,0.003979794651675306,0.00780830259480414,0.002843604960516277,0.006345605329046933,0.007132652649774848,0.006819730783603146,56.594580407735634,0.006800496328172478,-0.004556587652623194,0.011357083980795673,1.0986122886681098,4.661169528961182,2024-01-18,-0.0018019103687184623
2024-01-18,5,0.685365956928581,0.3251259831491971,1.0,0.0,0.0,1,2024-01-18,2024-01-18,2024-01-18,4.652770519256592,5.539999961853027,5.550000190734863,5.519999980926514,5.550000190734863,2260700,2024-01-18,4.652770519256592,-0.0018019103687184,-0.0018050606262811,0.0072334017183244,5.550000190734863,5.550000190734863,5.519999980926514,2260700,-0.0018019103687184623,-0.0018035357620425074,-0.16166299831414443,0.006447816346021503,14.631185500144682,-0.15386630735833517,0.001446095680217585,0.003623139511987672,0.000690808423106537,0.00370516011192068,0.006610293902323599,0.006186957345293995,55.07246314265648,0.008297513995462857,-0.001985767323005984,0.010283281318468842,1.791759469228055,4.652770519256592,2024-01-19,-0.001805060626281163
2024-01-19,3,0.4292439523463447,0.8167804265907086,0.6666666666666666,0.3333333333333333,0.0,1,2024-01-19,2024-01-19,2024-01-19,4.64437198638916,5.53000020980835,5.539999961853027,5.5,5.539999961853027,4521400,2024-01-19,4.64437198638916,-0.0018050606262811,0.0072334017183244,0.0053859131430531,5.539999961853027,5.539999961853027,5.5,4521400,-0.001805060626281163,-0.001806691711313757,-0.16166570065540148,0.008612566342715787,15.324332459534267,1.0,-0.0018051015461088005,0.0005427405011526609,-0.0007439427253334019,0.001548621696997543,0.005926413323228823,0.005802762695668661,53.522332415143495,0.008705864087300341,0.00015255895905528106,0.008553305128245061,1.3862943611198906,4.64437198638916,2024-01-22,0.007233401718324428
2024-01-22,5,-0.2148644439876079,0.7048813822769284,0.2,0.8,0.0,1,2024-01-22,2024-01-22,2024-01-22,4.677966594696045,5.570000171661377,5.610000133514404,5.489999771118164,5.539999961853027,9944400,2024-01-22,4.677966594696045,0.0072334017183244,0.0053859131430531,0.00178561923586,5.539999961853027,5.610000133514404,5.489999771118164,9944400,0.007233401718324428,0.007207366143241467,-0.15560169189399203,0.025652248678367778,16.11252023718424,1.1994072632370503,0.003242127238302972,0.006505314655955274,0.004313395706550205,0.007182973087572986,0.006450349209211373,0.00579212041588645,58.5483756179387,0.011606496142851697,0.002443346395814564,0.009163149747037132,1.791759469228055,4.677966594696045,2024-01-23,0.005385913143053145
2024-01-23,6,0.1814125358747939,0.7019747467707205,0.5,0.5,0.0,1,2024-01-23,2024-01-23,2024-01-23,4.703161716461182,5.599999904632568,5.610000133514404,5.559999942779541,5.570000171661377,6214900,2024-01-23,4.703161716461182,0.0053859131430531,0.00178561923586,0.0,5.570000171661377,5.610000133514404,5.559999942779541,6214900,0.005385913143053145,0.005371460981694165,-0.15562628877651208,0.010631186795015232,15.642460353596537,-0.37503519568802546,0.007556660910841284,0.010283225247083028,0.006460755297968301,0.01029169557177978,0.004869531548200044,0.005936983707634356,61.877956911575154,0.015756670616154267,0.005106011239882505,0.010650659376271762,1.9459101490553132,4.703161716461182,2024-01-24,0.0017856192358600698
2024-01-24,4,0.2397723423782735,0.6771539371813781,0.5,0.25,0.25,1,2024-01-24,2024-01-24,2024-01-24,4.711559772491455,5.610000133514404,5.619999885559082,5.599999904632568,5.610000133514404,2979600,2024-01-24,4.711559772491455,0.00178561923586,0.0,0.0071302519609381,5.610000133514404,5.619999885559082,5.599999904632568,2979600,0.0017856192358600698,0.001784026913072001,-0.1601497931623253,0.004244874710766485,14.90729995689972,-0.5205715297108562,0.007181252233597668,0.010992877722729277,0.005490161566678031,0.009874758422265595,0.004114137827924334,0.00560401679904985,62.946338005090816,0.019498599010859152,0.007984528794077834,0.011514070216781318,1.6094379124341003,4.711559772491455,2024-01-26,0.0
2024-01-26,4,0.2551667707739398,0.7150644123811186,0.5,0.5,0.0,1,2024-01-26,2024-01-26,2024-01-26,4.711559772491455,5.610000133514404,5.650000095367432,5.590000152587891,5.610000133514404,2579900,2024-01-26,4.711559772491455,0.0,0.0071302519609381,-0.0017700182187069,5.610000133514404,5.650000095367432,5.590000152587891,2579900,0.0,0.0,-0.1601497931623253,0.012734624132299456,14.76326158406855,-0.1341455228889784,0.00465609578137971,0.009355804398295087,0.003653421752554342,0.00806486805027129,0.00374250846446514,0.0051502038626427575,62.946338005090816,0.022208103035076476,0.010829243642277563,0.011378859392798913,1.6094379124341003,4.711559772491455,2024-01-29,0.007130251960938194
2024-01-29,6,0.4344836038847765,0.4079457428184161,0.6666666666666666,0.1666666666666666,0.1666666666666666,1,2024-01-29,2024-01-29,2024-01-29,4.74515438079834,5.650000095367432,5.659999847412109,5.599999904632568,5.599999904632568,3391200,2024-01-29,4.74515438079834,0.0071302519609381,-0.0017700182187069,-0.0070921236164263,5.599999904632568,5.659999847412109,5.599999904632568,3391200,0.007130251960938194,0.007104951907075385,-0.15265098899860022,0.012644465904488957,15.036694693901389,0.3144695530834529,0.007489347936678437,0.013634770971565624,0.007180608888448736,0.012444907814453732,0.003263672860944311,0.004752319601572921,67.20972942781452,0.026757761801778024,0.014014947274177656,0.012742814527600368,1.9459101490553132,4.74515438079834,2024-01-30,-0.0017700182187069258
2024-01-30,6,0.0591369434259831,0.705700723114548,0.3333333333333333,0.3333333333333333,0.3333333333333333,1,2024-01-30,2024-01-30,2024-01-30,4.73675537109375,5.639999866485596,5.659999847412109,5.630000114440918,5.659999847412109,4035400,2024-01-30,4.73675537109375,-0.0017700182187069,-0.0070921236164263,0.0035714412447425,5.659999847412109,5.659999847412109,5.630000114440918,4035400,-0.0017700182187069258,-0.0017715865518797003,-0.1631174030403003,0.006333392928472947,15.210616235169592,0.18996225524887955,0.0032016786923603213,0.009486239617885195,0.003592123955075799,0.008699128700598191,0.0037000311329092417,0.004960365694190553,65.19020277980624,0.02934737103798124,0.017081432026938376,0.012265939011042865,1.9459101490553132,4.73675537109375,2024-01-31,-0.007092123616426305
2024-01-31,4,-0.1630530813708902,0.4790834086367934,0.25,0.75,0.0,1,2024-01-31,2024-01-31,2024-01-31,4.703161716461182,5.599999904632568,5.639999866485596,5.579999923706055,5.639999866485596,4544200,2024-01-31,4.703161716461182,-0.0070921236164263,0.0035714412447425,0.0017792646965375,5.639999866485596,5.639999866485596,5.579999923706055,4544200,-0.007092123616426305,-0.007117392268267686,-0.16610605890105773,0.012757363322111536,15.329362472559753,0.12608415522624772,-0.003913151625132394,0.001788925299959665,-0.00235308221017716,0.0012639892347978687,0.005183134514902677,0.0047748223841678206,57.71961580775073,0.028361988491234946,0.01933754331979769,0.009024445171437256,1.6094379124341003,4.703161716461182,2024-02-02,0.0035714412447425126
2024-02-02,5,0.1669453207403421,0.415467092810637,0.4,0.6,0.0,1,2024-02-02,2024-02-02,2024-02-02,4.719958782196045,5.619999885559082,5.650000095367432,5.570000171661377,5.570000171661377,2783400,2024-02-02,4.719958782196045,0.0035714412447425,0.0017792646965375,-0.0035524107654201,5.570000171661377,5.650000095367432,5.570000171661377,2783400,0.0035714412447425126,0.0035650787927092864,-0.15261065767827225,0.01694928438947793,14.839184119240658,-0.38748294529290084,-0.0007111997135980097,0.004109379253066425,0.000806311559533146,0.003956473132977978,0.00539328465842849,0.0046197632451535,60.176968875491134,0.028606688452078366,0.021191372346253828,0.007415316105824538,1.791759469228055,4.719958782196045,2024-02-05,0.0017792646965375525
2024-02-05,6,0.1446243835768351,0.6946445312802296,0.5,0.3333333333333333,0.1666666666666666,1,2024-02-05,2024-02-05,2024-02-05,4.728356838226318,5.630000114440918,5.639999866485596,5.610000133514404,5.619999885559082,2627400,2024-02-05,4.728356838226318,0.0017792646965375,-0.0035524107654201,-0.0017824364829892,5.619999885559082,5.639999866485596,5.610000133514404,2627400,0.0017792646965375525,0.001777683680193931,-0.15865534973121487,0.006344642335083319,14.781505702621873,-0.0560465617589998,0.0003553067668384813,0.004281071774453915,0.001723187963162065,0.00469373516631677,0.005421565373377033,0.0044927707613545255,61.38536843802254,0.02914233319359205,0.022781564515721477,0.006360768677870575,1.9459101490553132,4.728356838226318,2024-02-06,-0.003552410765420122
2024-02-06,4,-0.0139703543391078,0.789275630729398,0.5,0.5,0.0,1,2024-02-06,2024-02-06,2024-02-06,4.711559772491455,5.610000133514404,5.639999866485596,5.599999904632568,5.639999866485596,1699200,2024-02-06,4.711559772491455,-0.0035524107654201,-0.0017824364829892,-0.0035714412447425,5.639999866485596,5.639999866485596,5.599999904632568,1699200,-0.003552410765420122,-0.0035587355598312165,-0.16461704183916434,0.00848974942153297,14.345668698541825,-0.3532770038821649,-0.0017794062403824196,-0.0007125676842212325,-0.0012243118604070569,0.0009199803288821862,0.004242410683542626,0.004671294170448273,57.61933782083551,0.027889954648195214,0.023803242542216226,0.004086712105978989,1.6094379124341003,4.711559772491455,2024-02-07,-0.001782436482989258
2024-02-07,5,-0.3657729541882872,0.569595945712651,0.4,0.6,0.0,1,2024-02-07,2024-02-07,2024-02-07,4.703161716461182,5.599999904632568,5.619999885559082,5.590000152587891,5.599999904632568,2746500,2024-02-07,4.703161716461182,-0.0017824364829892,-0.0035714412447425,0.0,5.599999904632568,5.619999885559082,5.590000152587891,2746500,-0.001782436482989258,-0.001784026913072001,-0.160149679186509,0.006378630967800151,14.825838295864509,0.6163488700564972,-0.0021382423148796903,-0.003026486935968631,-0.00200505216075364,-0.0007070986952484315,0.0042426757425049495,0.004284462879692182,55.776856706293046,0.025920981749549377,0.024226790383682854,0.0016941913658665222,1.791759469228055,4.703161716461182,2024-02-08,-0.0035714412447425126
2024-02-08,6,0.3380394054887195,0.4601717675484852,0.6666666666666666,0.1666666666666666,0.1666666666666666,1,2024-02-08,2024-02-08,2024-02-08,4.686364650726318,5.579999923706055,5.630000114440918,5.570000171661377,5.610000133514404,1807400,2024-02-08,4.686364650726318,-0.0035714412447425,0.0,0.0089605036376099,5.610000133514404,5.630000114440918,5.570000171661377,1807400,-0.0035714412447425126,-0.003577834066621932,-0.16464090210448376,0.012803088801517376,14.407400459730795,-0.341926087748043,-0.004992844729879042,-0.006233275468205957,-0.003719793909353064,-0.003501279477372332,0.0032382262349614165,0.004092088348160937,52.18267168380744,0.022743006493988638,0.023930033605744014,-0.001187027111755376,1.9459101490553132,4.686364650726318,2024-02-09,0.0
2024-02-09,4,0.0274515231139957,0.6969180820163714,0.25,0.75,0.0,1,2024-02-09,2024-02-09,2024-02-09,4.686364650726318,5.579999923706055,5.610000133514404,5.579999923706055,5.579999923706055,627000,2024-02-09,4.686364650726318,0.0,0.0089605036376099,0.0017762053827101,5.579999923706055,5.610000133514404,5.579999923706055,627000,0.0,0.0,-0.16014969268784734,0.006401595275711209,13.348703414510117,-0.6530928405444285,-0.0035714008349746473,-0.005702046952827611,-0.002482941282855866,-0.0028665080170667823,0.0023215718730881063,0.004026975822815312,52.18267168380744,0.019993960279586886,0.023142818940512587,-0.0031488586609257005,1.6094379124341003,4.686364650726318,2024-02-13,0.008960503637609918
2024-02-13,11,0.4369743973524733,0.467439436113344,0.6363636363636364,0.1818181818181818,0.1818181818181818,2,2024-02-12,2024-02-13,2024-02-13,4.728356838226318,5.630000114440918,5.639999866485596,5.590000152587891,5.590000152587891,3685600,2024-02-13,4.728356838226318,0.0089605036376099,0.0017762053827101,-0.0053191682129188,5.590000152587891,5.639999866485596,5.590000152587891,3685600,0.008960503637609918,0.00892059653952515,-0.1541401235852694,0.010574437507229417,15.11994416393005,4.878149920255184,0.0053571012524620265,0.0028499673358439725,0.00429430227710581,0.004959509154966568,0.005216366844127593,0.005029756505869365,59.71010582647065,0.02096210187480363,0.022706675527370795,-0.0017445736525671662,2.4849066497880004,4.728356838226318,2024-02-14,0.001776205382710172
2024-02-14,9,0.3129709572013881,0.5732438319327359,0.6666666666666666,0.2222222222222222,0.1111111111111111,1,2024-02-14,2024-02-14,2024-02-14,4.73675537109375,5.639999866485596,5.650000095367432,5.619999885559082,5.619999885559082,4884200,2024-02-14,4.73675537109375,0.0017762053827101,-0.0053191682129188,0.0017826388945816,5.619999885559082,5.650000095367432,5.619999885559082,4884200,0.001776205382710172,0.0017746297953644685,-0.15716094883469311,0.00633349359593851,15.401516268157051,0.3252116344692859,0.006064891409117701,0.004810228589285481,0.00404389703076391,0.005511488007130749,0.004836910915988494,0.004485371304733203,61.03138985230662,0.022151701451650574,0.022595680712226753,-0.0004439792605761793,2.302585092994046,4.73675537109375,2024-02-15,-0.00531916821291889
2024-02-15,8,0.0876048245700076,0.5446287804595171,0.375,0.375,0.25,1,2024-02-15,2024-02-15,2024-02-15,4.711559772491455,5.610000133514404,5.650000095367432,5.610000133514404,5.650000095367432,4712200,2024-02-15,4.711559772491455,-0.0053191682129188,0.0017826388945816,0.0017792646965375,5.650000095367432,5.650000095367432,5.610000133514404,4712200,-0.00531916821291889,-0.005333365355195685,-0.16609562956386956,0.00848974942153297,15.365665660449615,-0.035215593137054135,0.0003565941695120589,-5.0602895540485804e-08,-0.0008648947602634127,0.00013336235314453937,0.005563556805769897,0.004758322603032375,55.184521966759206,0.02082137756835145,0.02224082008345169,-0.0014194425151002402,2.1972245773362196,4.711559772491455,2024-02-16,0.001782638894581634
2024-02-16,8,0.0837127341656014,0.5817507135523785,0.5,0.5,0.0,1,2024-02-16,2024-02-16,2024-02-16,4.719958782196045,5.619999885559082,5.639999866485596,5.610000133514404,5.610000133514404,4627500,2024-02-16,4.719958782196045,0.0017826388945816,0.0017792646965375,0.0053286161481302,5.610000133514404,5.639999866485596,5.610000133514404,4627500,0.001782638894581634,0.0017810518796372854,-0.15865264351799396,0.00635593113320229,15.347527539529173,-0.017974619073893305,0.0007123139342954943,0.0014255724544627313,0.0006106150771985064,0.0015672858430300085,0.005112444751750918,0.004190749656089595,56.674572385865005,0.020211826837718938,0.021835021434305144,-0.0016231945965862055,2.1972245773362196,4.719958782196045,2024-02-19,0.0017792646965375525
2024-02-19,17,0.4983951117268161,0.5617433532127091,0.7058823529411765,0.2352941176470588,0.0588235294117647,2,2024-02-17,2024-02-19,2024-02-19,4.728356838226318,5.630000114440918,5.650000095367432,5.619999885559082,5.630000114440918,4749800,2024-02-19,4.728356838226318,0.0017792646965375,0.0053286161481302,0.0,5.630000114440918,5.650000095367432,5.619999885559082,4749800,0.0017792646965375525,0.001777683680193931,-0.16014977937600566,0.006344743181354977,15.373613280396373,0.02642895732036732,0.0007109670989251526,0.0030286538591148826,0.0015927081092950157,0.002738700611731426,0.005048677584925388,0.004075089597458844,58.17209840359331,0.020173854788069434,0.021502788105058002,-0.0013289333169885682,2.8903717578961645,4.728356838226318,2024-02-20,0.005328616148130294
2024-02-20,11,0.4908841245977038,0.5945748400507246,0.8181818181818182,0.1818181818181818,0.0,1,2024-02-20,2024-02-20,2024-02-20,4.753552436828613,5.659999847412109,5.659999847412109,5.630000114440918,5.630000114440918,7382500,2024-02-20,4.753552436828613,0.0053286161481302,0.0,-0.0017666905208005,5.630000114440918,5.659999847412109,5.630000114440918,7382500,0.005328616148130294,0.0053144693062439075,-0.15567453992837788,0.006311013367343028,15.814623028055674,0.5542759695145059,0.0049715886895425054,0.007834745593587433,0.0046092271005411245,0.006602769655823293,0.0038880238361777204,0.004373033479512898,62.37403732593028,0.021924108429261402,0.021587052169898684,0.0003370562593627176,2.4849066497880004,4.753552436828613,2024-02-21,0.0
2024-02-21,4,-0.2006426376756281,0.6595265078682568,0.5,0.5,0.0,1,2024-02-21,2024-02-21,2024-02-21,4.753552436828613,5.659999847412109,5.659999847412109,5.630000114440918,5.639999866485596,5713400,2024-02-21,4.753552436828613,0.0,-0.0017666905208005,0.0017698172401423,5.639999866485596,5.659999847412109,5.630000114440918,5713400,0.0,0.0,-0.1571715338017103,0.006311013367343028,15.55832502603627,-0.22608872333220453,0.004258334457411639,0.00693825175828966,0.0030681042040126005,0.005395788418756986,0.0038884564571092036,0.0041418105167041145,62.374037325930274,0.02304554238256795,0.02187875021243254,0.0011667921701354125,1.6094379124341003,4.753552436828613,2024-02-22,-0.0017666905208005845
2024-02-22,4,0.5506131442962214,0.3741832724256683,1.0,0.0,0.0,1,2024-02-22,2024-02-22,2024-02-22,4.74515438079834,5.650000095367432,5.659999847412109,5.639999866485596,5.659999847412109,1671200,2024-02-22,4.74515438079834,-0.0017666905208005,0.0017698172401423,-0.0017666905208005,5.659999847412109,5.659999847412109,5.639999866485596,1671200,-0.0017666905208005845,-0.0017682529589997387,-0.1616334790242193,0.004214821968162985,14.32905308759674,-0.7074946616725593,0.0010631399975229439,0.0042659841597947334,0.0008636224454330321,0.0029595147794434506,0.002631973650727552,0.00414068219753126,60.04237852227624,0.022991601068555134,0.022101320383657058,0.000890280684898076,1.6094379124341003,4.74515438079834,2024-02-23,0.0017698172401423573
2024-02-23,6,-0.0714002555857102,0.5217912394525326,0.5,0.5,0.0,1,2024-02-23,2024-02-23,2024-02-23,4.753552436828613,5.659999847412109,5.670000076293945,5.639999866485596,5.659999847412109,3527000,2024-02-23,4.753552436828613,0.0017698172401423,-0.0017666905208005,0.0053096526989913,5.659999847412109,5.670000076293945,5.639999866485596,3527000,0.0017698172401423573,0.0017682529589997387,-0.16014972350183826,0.006311113679091882,15.075958492745226,1.110459550023935,0.0014154131664987357,0.004614824850852184,0.0017551038787115836,0.003870407177523294,0.0026315440172630204,0.003833322553390809,61.58871726706105,0.023357257203085346,0.02235250774754272,0.0010047494555426272,1.9459101490553132,4.753552436828613,2024-02-26,-0.0017666905208005845
2024-02-26,7,-0.1398631998204759,0.4855233758397,0.2857142857142857,0.4285714285714285,0.2857142857142857,2,2024-02-24,2024-02-26,2024-02-26,4.74515438079834,5.650000095367432,5.670000076293945,5.630000114440918,5.659999847412109,5457500,2024-02-26,4.74515438079834,-0.0017666905208005,0.0053096526989913,-0.0140844577669182,5.659999847412109,5.670000076293945,5.630000114440918,5457500,-0.0017666905208005845,-0.0017682529589997387,-0.1616334790242193,0.00842964393632597,15.5125015506403,0.5473490218315848,-0.0010607639291115856,0.0015955379850849383,-9.791626254140873e-06,0.0017149743107955917,0.002967611592817185,0.003945673014251264,59.12461886709255,0.022707629964725307,0.022423532190979235,0.0002840977737460712,2.0794415416798357,4.74515438079834,2024-02-27,0.005309652698991307
2024-02-27,8,0.1683271449874155,0.667490072098823,0.625,0.25,0.125,1,2024-02-27,2024-02-27,2024-02-27,4.770349502563477,5.679999828338623,5.699999809265137,5.639999866485596,5.650000095367432,5461800,2024-02-27,4.770349502563477,0.0053096526989913,-0.0140844577669182,0.0,5.650000095367432,5.699999809265137,5.639999866485596,5461800,0.005309652698991307,0.0052956061925417686,-0.15569036777985212,0.012577682777184023,15.513289146811243,0.0007879065506184446,0.003533541398616835,0.00602195390204896,0.0035269752898432483,0.005747522116251069,0.0029602409676470366,0.003263324011708445,63.803536553961784,0.02394975360864482,0.022728776474512352,0.0012209771341324671,2.1972245773362196,4.770349502563477,2024-02-28,-0.014084457766918246
2024-02-28,7,0.6337605942972004,0.2978970497821317,1.0,0.0,0.0,1,2024-02-28,2024-02-28,2024-02-28,4.703161716461182,5.599999904632568,5.690000057220459,5.590000152587891,5.690000057220459,12753100,2024-02-28,4.703161716461182,-0.0140844577669182,0.0,0.00178561923586,5.690000057220459,5.690000057220459,5.590000152587891,12753100,-0.014084457766918246,-0.014184585012689155,-0.17343380155277954,0.021262272203519228,16.361285015682842,1.334962832765755,-0.008498573602349957,-0.0074441350240948,-0.007096530012786539,-0.006897919022347598,0.007309712076112165,0.005716606977166573,48.01835939676521,0.019290286306021365,0.022041078440814155,-0.00275079213479279,2.0794415416798357,4.703161716461182,2024-02-29,0.0
2024-02-29,5,0.0475693151354789,0.6881998278944419,0.6,0.4,0.0,1,2024-02-29,2024-02-29,2024-02-29,4.703161716461182,5.599999904632568,5.639999866485596,5.599999904632568,5.610000133514404,8896800,2024-02-29,4.703161716461182,0.0,0.00178561923586,0.0017826388945816,5.610000133514404,5.639999866485596,5.599999904632568,8896800,0.0,0.0,-0.16164677281123888,0.00850490888140769,16.001202331886727,-0.3023813817816845,-0.006739962461886351,-0.007268190500492211,-0.004742237819529094,-0.005650839023737864,0.007372742749845433,0.005481333980939851,48.01835939676521,0.015419874187942995,0.020716837590239925,-0.00529696340229693,1.791759469228055,4.703161716461182,2024-03-01,0.0017856192358600698
2024-03-01,8,0.4144131840148475,0.7379579035527819,0.75,0.25,0.0,1,2024-03-01,2024-03-01,2024-03-01,4.711559772491455,5.610000133514404,5.639999866485596,5.599999904632568,5.599999904632568,3472100,2024-03-01,4.711559772491455,0.00178561923586,0.0017826388945816,-0.0035587314444827,5.599999904632568,5.639999866485596,5.599999904632568,3472100,0.0017856192358600698,0.001784026913072001,-0.1586500262984212,0.00848974942153297,15.060270444201027,-0.6097360848844529,-0.0031983661941651365,-0.005319208265716746,-0.0019786799288192825,-0.0031729438722811754,0.007374634222834867,0.00548145171226225,49.818098792354355,0.012881705354963024,0.019149811143184543,-0.006268105788221519,2.1972245773362196,4.711559772491455,2024-03-04,0.001782638894581634
2024-03-04,9,0.1963365314942267,0.5643619969072725,0.5555555555555556,0.4444444444444444,0.0,2,2024-03-02,2024-03-04,2024-03-04,4.719958782196045,5.619999885559082,5.650000095367432,5.599999904632568,5.619999885559082,5516800,2024-03-04,4.719958782196045,0.0017826388945816,-0.0035587314444827,0.00178561923586,5.619999885559082,5.650000095367432,5.599999904632568,5516800,0.001782638894581634,0.0017810518796372854,-0.16014966578126547,0.010593353256275641,15.52330872127594,0.5888943290803836,-0.0003557061622703195,-0.0033693534367803535,-0.00013305438850541584,-0.0011424400292358028,0.007541700299891112,0.005481584759872356,51.622115330181565,0.011416317951086441,0.017603112504764925,-0.006186794553678484,2.302585092994046,4.719958782196045,2024-03-05,-0.00355873144448271
2024-03-05,2,0.1002340912818909,0.1182014267046815,0.5,0.0,0.5,1,2024-03-05,2024-03-05,2024-03-05,4.703161716461182,5.599999904632568,5.639999866485596,5.579999923706055,5.639999866485596,6684200,2024-03-05,4.703161716461182,-0.0035587314444827,0.00178561923586,0.0035650753775708,5.639999866485596,5.639999866485596,5.579999923706055,6684200,-0.00355873144448271,-0.0035650787927092864,-0.16610605890105773,0.012757363322111536,15.715257240058559,0.21160817865429227,-0.0010702654008239998,-0.005858315398557745,-0.0024639065683317307,-0.0038463714687195782,0.006666746218719668,0.005205597003158507,47.91247320252807,0.008798185049530005,0.01584212701371794,-0.007043941964187936,1.0986122886681098,4.703161716461182,2024-03-06,0.0017856192358600698
2024-03-06,8,0.3034649665933102,0.5297586233363486,0.75,0.25,0.0,1,2024-03-06,2024-03-06,2024-03-06,4.711559772491455,5.610000133514404,5.619999885559082,5.579999923706055,5.610000133514404,5472500,2024-03-06,4.711559772491455,0.00178561923586,0.0035650753775708,0.0017762053827101,5.610000133514404,5.619999885559082,5.579999923706055,5472500,0.0017856192358600698,0.001784026913072001,-0.1601497931623253,0.00848974942153297,15.51524629111098,-0.18127823823344602,0.0003565739139150814,-0.0031983661941651365,-0.00045522821374122113,-0.0016923256057755909,0.0023224304756680855,0.005275876488639104,49.85279163297664,0.007316607501727468,0.014137023111319848,-0.00682041560959238,2.1972245773362196,4.711559772491455,2024-03-07,0.003565075377570892
2024-03-07,6,0.4916934178521235,0.4272714049645361,0.8333333333333334,0.0,0.1666666666666666,1,2024-03-07,2024-03-07,2024-03-07,4.728356838226318,5.630000114440918,5.630000114440918,5.590000152587891,5.630000114440918,6831100,2024-03-07,4.728356838226318,0.0035650753775708,0.0017762053827101,0.0017731567384384,5.630000114440918,5.630000114440918,5.590000152587891,6831100,0.003565075377570892,0.0035587355598312165,-0.16014977937600566,0.008459590344292197,15.736996419141207,0.24825947921425318,0.0028499876202259244,0.0007109368020101758,0.0020700048142416883,0.0015267953039130866,0.002701046602960035,0.005442456679693716,53.57761797971429,0.007412384096951996,0.012792095308446279,-0.005379711211494283,1.9459101490553132,4.728356838226318,2024-03-08,0.001776205382710172
2024-03-08,3,-0.0526851713657379,0.0389047932680007,0.0,1.0,0.0,1,2024-03-08,2024-03-08,2024-03-08,4.73675537109375,5.639999866485596,5.650000095367432,5.619999885559082,5.630000114440918,4494900,2024-03-08,4.73675537109375,0.0017762053827101,0.0017731567384384,0.0017698172401423,5.630000114440918,5.650000095367432,5.619999885559082,4494900,0.001776205382710172,0.0017746297953644685,-0.15865803289346306,0.00633349359593851,15.31845420117368,-0.3419947007070604,0.0035586912499125933,0.002844909932352202,0.0025633018263460094,0.002703049299068505,0.0027004280643021213,0.005442732354914626,55.36291224182841,0.00807291956016254,0.011848260158789531,-0.003775340598626992,1.3862943611198906,4.73675537109375,2024-03-11,0.001773156738438475
2024-03-11,5,0.267276766244322,0.8634251413852398,0.6,0.4,0.0,1,2024-03-11,2024-03-11,2024-03-11,4.74515438079834,5.650000095367432,5.679999828338623,5.639999866485596,5.639999866485596,4233700,2024-03-11,4.74515438079834,0.0017731567384384,0.0017698172401423,-0.0053003724976481,5.639999866485596,5.679999828338623,5.639999866485596,4233700,0.001773156738438475,0.0017715865518797003,-0.1586605508636037,0.00842964393632597,15.258587109383134,-0.05811030278760376,0.0042659841597947334,0.004623111142007641,0.002889820892730377,0.003663287303184326,0.002699805882230166,0.005454768980884204,57.1381739976446,0.009168440488569018,0.01131229622474543,-0.0021438557361764116,1.791759469228055,4.74515438079834,2024-03-12,0.0017698172401423573
2024-03-12,5,0.5371573600918055,0.5897533715495603,0.6,0.4,0.0,1,2024-03-12,2024-03-12,2024-03-12,4.753552436828613,5.659999847412109,5.670000076293945,5.630000114440918,5.650000095367432,5754500,2024-03-12,4.753552436828613,0.0017698172401423,-0.0053003724976481,-0.0017761045364383,5.650000095367432,5.670000076293945,5.630000114440918,5754500,0.0017698172401423573,0.0017682529589997387,-0.15866329971814283,0.00841475136428994,15.565492889167711,0.3592129815527789,0.0039020868678469878,0.006759134178754511,0.003105007028615825,0.0044461745742181424,0.0008000312212797466,0.005180870348628774,58.89836972063531,0.010592201349552077,0.011168277249706761,-0.000576075900154684,1.791759469228055,4.753552436828613,2024-03-13,-0.0053003724976481426
2024-03-13,10,0.34198859045282,0.5893263646370515,0.7,0.2,0.1,1,2024-03-13,2024-03-13,2024-03-13,4.728356838226318,5.630000114440918,5.670000076293945,5.619999885559082,5.650000095367432,10160100,2024-03-13,4.728356838226318,-0.0053003724976481,-0.0017761045364383,0.0,5.650000095367432,5.670000076293945,5.619999885559082,10160100,-0.0053003724976481426,-0.0053144693062439075,-0.16312269762557885,0.010574538353501075,16.13397894101008,0.7655921452776089,-0.0021269331414943693,0.0008888517085861025,-0.0014756367244236346,-0.0007182854285804341,0.0034520324492229616,0.0027801039776964437,51.998909363988744,0.009577069356697443,0.010850035671104898,-0.0012729663144074553,2.3978952727983707,4.728356838226318,2024-03-14,-0.0017761045364383943
2024-03-14,5,0.6923880467191339,0.261322465735739,1.0,0.0,0.0,1,2024-03-14,2024-03-14,2024-03-14,4.719958782196045,5.619999885559082,5.619999885559082,5.599999904632568,5.619999885559082,11043900,2024-03-14,4.719958782196045,-0.0017761045364383,0.0,0.0088968286112067,5.619999885559082,5.619999885559082,5.599999904632568,11043900,-0.0017761045364383943,-0.001777683680193931,-0.16014966578126547,0.004237321097369483,16.21738888784858,0.08698733280184245,-0.003546051598677824,-0.001243946061061929,-0.0021684287458617613,-0.002040745778155828,0.00316473223038549,0.0028734539610710107,49.90066088246871,0.00800266723615728,0.010280561984115375,-0.0022778947479580956,1.791759469228055,4.719958782196045,2024-03-15,0.0
2024-03-15,5,0.4597879401873797,0.705360949322357,0.8,0.2,0.0,1,2024-03-15,2024-03-15,2024-03-15,4.719958782196045,5.619999885559082,5.650000095367432,5.610000133514404,5.610000133514404,17888800,2024-03-15,4.719958782196045,0.0,0.0088968286112067,0.0,5.610000133514404,5.650000095367432,5.610000133514404,17888800,0.0,0.0,-0.15865264351799396,0.008474642194738966,16.699685432556972,0.6197901103776746,-0.002838862660171637,-0.0014214187576896409,-0.0014466648271068694,-0.001670320854897045,0.0029592104120906636,0.0028301953070244234,49.90066088246872,0.006677962814238825,0.009560042150140065,-0.00288207933590124,1.791759469228055,4.719958782196045,2024-03-18,0.008896828611206775
2024-03-18,5,0.3912479702383279,0.6063707247052492,0.6,0.2,0.2,1,2024-03-18,2024-03-18,2024-03-18,4.761951446533203,5.670000076293945,5.679999828338623,5.630000114440918,5.630000114440918,20342200,2024-03-18,4.761951446533203,0.0088968286112067,0.0,-0.0052911239693123,5.630000114440918,5.679999828338623,5.630000114440918,20342200,0.008896828611206775,0.0088574850148333,-0.15418270875007178,0.01049983698051056,16.828208153153174,0.13714726532802657,0.005319208158622413,0.00656850990116542,0.004945933916726819,0.005892712041897452,0.005266793282244557,0.0039499494795323135,59.401052132530545,0.008913829008416307,0.009430799521795314,-0.0005169705133790062,1.791759469228055,4.761951446533203,2024-03-19,0.0
2024-03-19,2,0.2939481111243367,0.7744517091842916,0.5,0.0,0.5,1,2024-03-19,2024-03-19,2024-03-19,4.761951446533203,5.670000076293945,5.679999828338623,5.630000114440918,5.670000076293945,15333900,2024-03-19,4.761951446533203,0.0,-0.0052911239693123,0.003546112141946,5.670000076293945,5.679999828338623,5.630000114440918,15333900,0.0,0.0,-0.16014966799687694,0.01049983698051056,16.5455766868391,-0.24620247564176934,0.004962816862028818,0.005319218278915683,0.003291862166904247,0.0048161498190009144,0.005237826822798377,0.0036534751156970615,59.401052132530545,0.010563993929684656,0.009657438403373183,0.0009065555263114734,1.0986122886681098,4.761951446533203,2024-03-20,-0.005291123969312306
2024-03-20,4,0.5495966187445447,0.4385307582290822,0.75,0.0,0.25,1,2024-03-20,2024-03-20,2024-03-20,4.73675537109375,5.639999866485596,5.699999809265137,5.639999866485596,5.670000076293945,7618100,2024-03-20,4.73675537109375,-0.0052911239693123,0.003546112141946,-0.0035335816650987,5.670000076293945,5.699999809265137,5.639999866485596,7618100,-0.005291123969312306,-0.0053051715392749,-0.16459342021917353,0.012666886524411457,15.846037684005784,-0.5031857518309106,-0.0007088002082742406,-0.0005316843164315799,-0.001345357353659593,-0.0004095020764439683,0.005235327406452218,0.004184740466054884,52.476337978385544,0.009726527449129385,0.009671256212524423,5.527123660496215e-05,1.6094379124341003,4.73675537109375,2024-03-21,0.0035461121419460007
2024-03-21,4,0.3773672748939134,0.4040727382944987,0.75,0.0,0.25,1,2024-03-21,2024-03-21,2024-03-21,4.753552436828613,5.659999847412109,5.670000076293945,5.639999866485596,5.639999866485596,3470500,2024-03-21,4.753552436828613,0.003546112141946,-0.0035335816650987,-0.0035460114744804,5.639999866485596,5.670000076293945,5.639999866485596,3470500,0.0035461121419460007,0.003539839510879439,-0.1571715338017103,0.006311113679091882,15.059809521904652,-0.5444402147517098,0.0014153729281343175,0.0024795901693803746,0.0014629184849639376,0.0025636678472555907,0.0052319873580015264,0.0041832220338110125,56.14659313016631,0.010299485992226742,0.009796902168464888,0.0005025838237618548,1.6094379124341003,4.753552436828613,2024-03-22,-0.0035335816650987617
2024-03-22,2,0.6064297538250686,0.5012089079379488,0.5,0.0,0.5,1,2024-03-22,2024-03-22,2024-03-22,4.73675537109375,5.639999866485596,5.679999828338623,5.639999866485596,5.670000076293945,4333300,2024-03-22,4.73675537109375,-0.0035335816650987,-0.0035460114744804,0.0035586304187789,5.670000076293945,5.679999828338623,5.639999866485596,4333300,-0.0035335816650987617,-0.003539839510879439,-0.16459342021917353,0.008444591016274304,15.281840165191403,0.24860971041636648,-0.0028289045763382203,-0.0010627533300779923,-0.0013848465845733848,-0.0008011202979791854,0.005691931522517171,0.004342743356854051,51.83539984076069,0.009291075208199828,0.009695736776411876,-0.00040466156821204746,1.0986122886681098,4.73675537109375,2024-03-25,-0.003546011474480415
2024-03-25,5,0.2204369340091943,0.9496502332287208,0.6,0.4,0.0,1,2024-03-25,2024-03-25,2024-03-25,4.719958782196045,5.619999885559082,5.630000114440918,5.610000133514404,5.630000114440918,2520800,2024-03-25,4.719958782196045,-0.0035460114744804,0.0035586304187789,0.0,5.630000114440918,5.630000114440918,5.610000133514404,2520800,-0.003546011474480415,-0.0035523134755583996,-0.16164144116278475,0.004237321097369483,14.740087266124585,-0.41827244824960197,-0.004604986259315158,-0.004075810432225047,-0.0032893659993888935,-0.003557229654335581,0.0035375334054404788,0.004427510927288358,47.87654782825521,0.0070552297507182615,0.009167635371273153,-0.0021124056205548917,1.791759469228055,4.719958782196045,2024-03-26,0.0035586304187789075
2024-03-26,11,0.375645093196495,0.5251255625314949,0.7272727272727273,0.2727272727272727,0.0,1,2024-03-26,2024-03-26,2024-03-26,4.73675537109375,5.639999866485596,5.650000095367432,5.610000133514404,5.639999866485596,10607200,2024-03-26,4.73675537109375,0.0035586304187789,0.0,0.0053192688803844,5.639999866485596,5.650000095367432,5.610000133514404,10607200,0.0035586304187789075,0.0035523134755583996,-0.1601497370166919,0.008444591016274304,16.17704366805823,3.2078705172960964,-2.01334926508423e-08,-0.00017732449127816352,0.00017169111413939397,-9.211192572911031e-06,0.004264652793957204,0.004564476054998892,51.837811163072445,0.006562996329993354,0.008646707563017194,-0.00208371123302384,2.4849066497880004,4.73675537109375,2024-03-27,0.0
2024-03-27,6,0.8024496290987978,0.1683493269155799,1.0,0.0,0.0,1,2024-03-27,2024-03-27,2024-03-27,4.73675537109375,5.639999866485596,5.659999847412109,5.619999885559082,5.650000095367432,10430700,2024-03-27,4.73675537109375,0.0,0.0053192688803844,0.0052909236996692,5.650000095367432,5.659999847412109,5.619999885559082,10430700,0.0,0.0,-0.1616362316564335,0.008444591016274304,16.160264034689703,-0.016639640998566962,-2.01334926508423e-08,-0.00035453580770894444,0.00011445419250355471,-7.536442908628871e-06,0.003546090524898778,0.004219784729650405,51.837811163072445,0.0061025513840693435,0.008137876327227624,-0.0020353249431582805,1.9459101490553132,4.73675537109375,2024-03-29,0.005319268880384476
2024-03-29,6,0.1718477960675955,0.7462752771200483,0.5,0.5,0.0,2,2024-03-28,2024-03-29,2024-03-29,4.761951446533203,5.670000076293945,5.679999828338623,5.650000095367432,5.659999847412109,4051900,2024-03-29,4.761951446533203,0.0053192688803844,0.0052909236996692,0.0052631767677944,5.659999847412109,5.679999828338623,5.650000095367432,4051900,0.005319268880384476,0.0053051715392749,-0.15866579948575724,0.006299882161342031,15.214696711673163,-0.6115409320563336,0.004962857314506186,0.004073023902130268,0.0036163371316138004,0.004341737018126013,0.004042650356870926,0.004443882962870142,57.46198729607589,0.007682202514096126,0.008046741564601325,-0.0003645390505051995,1.9459101490553132,4.761951446533203,2024-04-01,0.005290923699669214
2024-04-01,4,0.4349234254332259,0.5769896163636025,0.75,0.25,0.0,1,2024-04-01,2024-04-01,2024-04-01,4.78714656829834,5.699999809265137,5.710000038146973,5.679999828338623,5.690000057220459,4072300,2024-04-01,4.78714656829834,0.0052909236996692,0.0052631767677944,-0.0122164484637808,5.690000057220459,5.710000038146973,5.679999828338623,4072300,0.005290923699669214,0.005276975938932615,-0.15867372229222074,0.006266825003232273,15.21971875393049,0.005034675090698215,0.008135821955968625,0.00795754796387449,0.005933275477361555,0.007886218164059766,0.0038391964626654476,0.004636287604995007,62.21374991249774,0.010842141716729259,0.008605821595026913,0.002236320121702346,1.6094379124341003,4.78714656829834,2024-04-02,0.00526317676779442
2024-04-02,11,0.6952598760412498,0.2956659601889012,0.8181818181818182,0.0,0.1818181818181818,1,2024-04-02,2024-04-02,2024-04-02,4.812342166900635,5.730000019073486,5.730000019073486,5.699999809265137,5.699999809265137,12499000,2024-04-02,4.812342166900635,0.0052631767677944,-0.0122164484637808,0.0053003724976481,5.699999809265137,5.730000019073486,5.699999809265137,12499000,0.00526317676779442,0.005249374660389217,-0.1557294161521984,0.006234014284082193,16.341159279078756,2.0692728924686294,0.009513756135152374,0.01218867280072966,0.0074572110218829035,0.010766733417175933,0.002298524101353906,0.004096516049080717,66.27135133477844,0.015204225690295559,0.009925502414080642,0.005278723276214916,2.4849066497880004,4.812342166900635,2024-04-03,-0.012216448463780893
2024-04-03,2,0.9557336519937965,0.0007269880265141,1.0,0.0,0.0,1,2024-04-03,2024-04-03,2024-04-03,4.753552436828613,5.659999847412109,5.739999771118164,5.659999847412109,5.739999771118164,13296800,2024-04-03,4.753552436828613,-0.0122164484637808,0.0053003724976481,0.0070299022297577,5.739999771118164,5.739999771118164,5.659999847412109,13296800,-0.012216448463780893,-0.012291682627717293,-0.17185494314007416,0.01682950272857988,16.403034037945098,0.06382910632850636,-0.003521159352677272,-2.0062349337379715e-08,-0.003238795134474004,-0.0012941190233164424,0.007592043922823883,0.005880923810704814,52.1889780813279,0.013758766282753854,0.010692155187815286,0.0030666110949385678,1.0986122886681098,4.753552436828613,2024-04-04,0.0053003724976481426
2024-04-04,4,0.1570507269352674,0.4989384748839846,0.5,0.5,0.0,1,2024-04-04,2024-04-04,2024-04-04,4.778748035430908,5.690000057220459,5.710000038146973,5.670000076293945,5.670000076293945,9745200,2024-04-04,4.778748035430908,0.0053003724976481,0.0070299022297577,0.0,5.670000076293945,5.710000038146973,5.670000076293945,9745200,0.0053003724976481426,0.00528637496298745,-0.1571873066791177,0.00837038520475593,16.09228551667312,-0.26710185909391737,-1.9956572061552436e-08,0.004413058454876717,0.0013620121909845295,0.0032698538712823133,0.007830684284330043,0.005807617766154257,56.45923475868688,0.01447939408520238,0.011449602967292706,0.0030297911179096738,1.6094379124341003,4.778748035430908,2024-04-05,0.007029902229757745
2024-04-05,1,0.9564214423298836,0.0,1.0,0.0,0.0,1,2024-04-05,2024-04-05,2024-04-05,4.812342166900635,5.730000019073486,5.739999771118164,5.690000057220459,5.690000057220459,6283900,2024-04-05,4.812342166900635,0.0070299022297577,0.0,0.0017451078371018,5.690000057220459,5.739999771118164,5.690000057220459,6283900,0.007029902229757745,0.007005307664729843,-0.15424567337325412,0.01038989169174293,15.653501523936923,-0.3551799860444116,0.004910575301551923,0.010225686582113536,0.005585351066570432,0.00843005845773992,0.008057435357773427,0.006082106385114626,61.40850307220013,0.017558854912794075,0.01267145335639298,0.004887401556401095,0.6931471805599453,4.812342166900635,2024-04-08,0.0
2024-04-08,1,0.9568153144791722,0.0,1.0,0.0,0.0,1,2024-04-08,2024-04-08,2024-04-08,4.812342166900635,5.730000019073486,5.760000228881836,5.730000019073486,5.75,6918100,2024-04-08,4.812342166900635,0.0,0.0017451078371018,0.0052266977915047,5.75,5.760000228881836,5.730000019073486,6918100,0.0,0.0,-0.16307092749554178,0.006234014284082193,15.749651867967938,0.10092458505068502,0.0038542534651040405,0.008625252906794723,0.003716647783493121,0.006886764950674751,0.00788469537158958,0.005872565717917018,61.40850307220013,0.019771436986687263,0.014091450082451839,0.005679986904235424,0.6931471805599453,4.812342166900635,2024-04-09,0.0017451078371018003
2024-04-09,9,0.5550839534650246,0.5976421825910573,0.8888888888888888,0.1111111111111111,0.0,1,2024-04-09,2024-04-09,2024-04-09,4.820740222930908,5.739999771118164,5.769999980926514,5.730000019073486,5.75,4400600,2024-04-09,4.820740222930908,0.0017451078371018,0.0052266977915047,-0.0051995214641512,5.75,5.769999980926514,5.730000019073486,4400600,0.0017451078371018003,0.0017435869056228182,-0.16161039601201596,0.008297473002747328,15.297251680469891,-0.363900492909903,0.005253879820146468,0.008255682588994784,0.0036388616563187703,0.007061176939154867,0.007568179457553471,0.005588912407364742,62.63973427923359,0.02194955633489748,0.015663071332940967,0.006286485001956513,2.302585092994046,4.820740222930908,2024-04-12,0.005226697791504975
2024-04-12,5,0.7561425899155438,0.2707014455667558,1.0,0.0,0.0,2,2024-04-10,2024-04-12,2024-04-12,4.84593677520752,5.769999980926514,5.78000020980835,5.75,5.75,10963500,2024-04-12,4.84593677520752,0.0052266977915047,-0.0051995214641512,-0.0069685677051778,5.75,5.78000020980835,5.75,10963500,0.005226697791504975,0.0052130860157608705,-0.15722838692043123,0.006190796785016844,16.210082222782436,1.4913648138890152,0.0066295714004240835,0.01121639320123835,0.005905562972382317,0.010061365822644719,0.0028880436253033324,0.0056607499416913626,66.13110563074304,0.025415904081801166,0.01761363788271301,0.007802266199088158,1.791759469228055,4.84593677520752,2024-04-15,-0.005199521464151369
2024-04-15,2,0.6755575996357948,0.36778324304155,1.0,0.0,0.0,1,2024-04-15,2024-04-15,2024-04-15,4.820740222930908,5.739999771118164,5.78000020980835,5.730000019073486,5.760000228881836,8664100,2024-04-15,4.820740222930908,-0.0051995214641512,-0.0069685677051778,0.003508784511863,5.760000228881836,5.78000020980835,5.730000019073486,8664100,-0.005199521464151369,-0.0052130860157608705,-0.16306596677571006,0.010371890710274412,15.974698725028073,-0.20973229351940526,-0.00034839104326711556,0.004198656062939898,0.000450122276695053,0.003931632003069785,0.004778143544287535,0.00611558568268574,60.08422703363448,0.025832082287858604,0.019257326763742127,0.0065747555241164775,1.0986122886681098,4.820740222930908,2024-04-16,-0.006968567705177842
2024-04-16,7,0.2940950667086456,0.7423065403468514,0.7142857142857143,0.2857142857142857,0.0,1,2024-04-16,2024-04-16,2024-04-16,4.78714656829834,5.699999809265137,5.760000228881836,5.679999828338623,5.739999771118164,8915600,2024-04-16,4.78714656829834,-0.0069685677051778,0.003508784511863,0.0018282611716593,5.739999771118164,5.760000228881836,5.679999828338623,8915600,-0.006968567705177842,-0.006992961566012035,-0.1660023067621493,0.01671150013935132,16.003313221477118,0.02902782747198218,-0.0062761533196118435,-0.0033222611151537684,-0.00435719335547935,-0.002508579651161247,0.0050139669413932835,0.0065440034712972266,53.11132704718392,0.023183929432595285,0.02004264729751276,0.0031412821350825237,2.0794415416798357,4.78714656829834,2024-04-17,0.0035087845118630945
2024-04-17,5,0.1933568993583321,0.4182593776581141,0.6,0.2,0.2,1,2024-04-17,2024-04-17,2024-04-17,4.803943634033203,5.71999979019165,5.730000019073486,5.690000057220459,5.699999809265137,4992400,2024-04-17,4.803943634033203,0.003508784511863,0.0018282611716593,0.0,5.699999809265137,5.730000019073486,5.690000057220459,4992400,0.0035087845118630945,0.0035026430892470817,-0.15720284302035023,0.008326484426180692,15.423427514330879,-0.4400376867513123,-0.0024415655090700428,-0.0001747853183349246,-0.0005759640169730185,0.0008110015544600113,0.0054245222978817585,0.006423621097064747,55.86908856313058,0.02218489834327464,0.020471097506665138,0.0017138008366095019,1.791759469228055,4.803943634033203,2024-04-18,0.001828261171659351
2024-04-18,8,0.4284336030250415,0.6283017193853271,0.75,0.25,0.0,1,2024-04-18,2024-04-18,2024-04-18,4.8127264976501465,5.480000019073486,5.510000228881836,5.46999979019165,5.489999771118164,8250300,2024-04-18,4.8127264976501465,0.0018282611716593,0.0,0.0072993026169869,5.489999771118164,5.510000228881836,5.46999979019165,8250300,0.001828261171659351,0.0018265919364259808,-0.12336490012823359,0.008311388297198291,15.925760242493793,0.6525719093021392,-0.0002850464953247922,0.0016451442214451273,0.000833814992650117,0.0021595730248791245,0.00543262486655079,0.006221490029312076,57.283802877435555,0.02184998962059037,0.020746875929450185,0.001103113691140186,2.1972245773362196,4.8127264976501465,2024-04-19,0.0
2024-04-19,4,-0.0645929742604494,0.6575333674775443,0.25,0.75,0.0,1,2024-04-19,2024-04-19,2024-04-19,4.8127264976501465,5.480000019073486,5.510000228881836,5.460000038146973,5.489999771118164,10940300,2024-04-19,4.8127264976501465,0.0,0.0072993026169869,0.0018114055005704,5.489999771118164,5.510000228881836,5.460000038146973,10940300,0.0,0.0,-0.12336490012823359,0.010389161062710772,16.207963868290765,0.3260487497424336,0.0010961749390301367,0.0004130797246841844,0.0005557222052645638,0.0017662298744662852,0.0045254125767522375,0.004516323923762145,57.283802877435555,0.021338594015973378,0.020865219546754826,0.00047337446921855153,1.6094379124341003,4.8127264976501465,2024-04-22,0.007299302616986969
2024-04-22,10,0.022846258059144,0.6786761662670718,0.4,0.4,0.2,3,2024-04-20,2024-04-22,2024-04-22,4.847856044769287,5.519999980926514,5.539999961853027,5.46999979019165,5.489999771118164,4384400,2024-04-22,4.847856044769287,0.0072993026169869,0.0018114055005704,-0.0018081302435015,5.489999771118164,5.539999961853027,5.46999979019165,4384400,0.007299302616986969,0.007272791637247478,-0.1169660752495969,0.014439408063056111,15.29356357240506,-0.5992431651782858,0.007267207449632718,0.0062698545021404595,0.005225697743556079,0.0074155617637692295,0.005269490365375112,0.004753655759677046,62.81367280276414,0.023497110118545272,0.021391597661112916,0.0021055124574323562,2.3978952727983707,4.847856044769287,2024-04-23,0.0018114055005704621
2024-04-23,7,0.5224393737568919,0.2967070391109802,1.0,0.0,0.0,1,2024-04-23,2024-04-23,2024-04-23,4.856637477874756,5.53000020980835,5.570000171661377,5.53000020980835,5.53000020980835,7021900,2024-04-23,4.856637477874756,0.0018114055005704,-0.0018081302435015,-0.0018117005818314,5.53000020980835,5.570000171661377,5.53000020980835,7021900,0.0018114055005704621,0.0018097668841274839,-0.12176540802643661,0.008236143223630346,15.764544537063706,0.6015646382629323,0.006186206884015721,0.007166589902952936,0.004686704339180503,0.007547646558097698,0.0027598731069115178,0.00434122200577933,64.06596548889397,0.025620995060670282,0.022237477141024392,0.0033835179196458898,2.0794415416798357,4.856637477874756,2024-04-24,-0.0018081302435015711
2024-04-24,7,0.2956127673720143,0.6765559747304393,0.5714285714285714,0.2857142857142857,0.1428571428571428,1,2024-04-24,2024-04-24,2024-04-24,4.847856044769287,5.519999980926514,5.559999942779541,5.5,5.550000190734863,10782200,2024-04-24,4.847856044769287,-0.0018081302435015,-0.0018117005818314,-0.0018148902591494,5.550000190734863,5.559999942779541,5.5,10782200,-0.0018081302435015711,-0.0018097668841274839,-0.12651245438472802,0.012376593328153674,16.193407277001402,0.5355103319614349,0.002542731539532994,0.004605624873562197,0.0019115711491439757,0.004679929940545335,0.0034094881630297733,0.004420958300411606,61.823823550134115,0.026292517145822814,0.023048485141984078,0.0032440320038387357,2.0794415416798357,4.847856044769287,2024-04-25,-0.0018117005818314436
2024-04-25,7,0.1731052648808275,0.5065321997906286,0.8571428571428571,0.1428571428571428,0.0,1,2024-04-25,2024-04-25,2024-04-25,4.839073181152344,5.510000228881836,5.53000020980835,5.510000228881836,5.519999980926514,4167800,2024-04-25,4.839073181152344,-0.0018117005818314,-0.0018148902591494,-0.0054546689419215,5.519999980926514,5.53000020980835,5.510000228881836,4167800,-0.0018117005818314436,-0.0018133436961844662,-0.12335630473315302,0.004133018902134275,15.242899116553835,-0.6134555100072341,-0.00036288573354725795,0.00240475869125234,6.426951648119683e-05,0.0023385800936377432,0.003777653235471397,0.004474253836679692,59.577992823253695,0.02581838131550729,0.02360246437668872,0.00221591693881857,2.0794415416798357,4.839073181152344,2024-04-26,-0.001814890259149493
2024-04-26,3,0.0961373796065648,0.668277006821144,0.6666666666666666,0.3333333333333333,0.0,1,2024-04-26,2024-04-26,2024-04-26,4.830290794372559,5.5,5.53000020980835,5.480000019073486,5.510000228881836,3314200,2024-04-26,4.830290794372559,-0.0018148902591494,-0.0054546689419215,0.0054845855403276,5.510000228881836,5.53000020980835,5.480000019073486,3314200,-0.001814890259149493,-0.0018165391678368614,-0.12335923888831003,0.010351383149253681,15.013727126909727,-0.20480829214453666,-0.002900685409844783,0.0009099024635308428,-0.0011678397834480325,0.00042496078421017103,0.003990734677876115,0.00417214384098194,57.33512825102907,0.024452091547892962,0.023772389810929568,0.0006797017369633944,1.3862943611198906,4.830290794372559,2024-04-29,-0.005454668941921592
2024-04-29,3,0.4410147971163193,0.5512080604801853,0.6666666666666666,0.3333333333333333,0.0,1,2024-04-29,2024-04-29,2024-04-29,4.803943157196045,5.46999979019165,5.510000228881836,5.460000038146973,5.510000228881836,7443300,2024-04-29,4.803943157196045,-0.0054546689419215,0.0054845855403276,-0.0054546689419215,5.510000228881836,5.510000228881836,5.460000038146973,7443300,-0.005454668941921592,-0.005469599969180949,-0.12814102402116845,0.01040815619559647,15.822824991206867,1.2458813590006637,-0.006538430506485504,-0.004203131827225204,-0.004420507928281525,-0.0041208825800874704,0.0025689522753271953,0.004205973753228408,51.11780844213908,0.021001174473169293,0.023218146743377514,-0.0022169722702082215,1.3862943611198906,4.803943157196045,2024-04-30,0.005484585540327602
2024-04-30,3,0.1788598857820034,0.6617663521087206,0.3333333333333333,0.3333333333333333,0.3333333333333333,1,2024-04-30,2024-04-30,2024-04-30,4.830290794372559,5.5,5.510000228881836,5.480000019073486,5.480000019073486,9594800,2024-04-30,4.830290794372559,0.0054845855403276,-0.0054546689419215,-0.00548438702126,5.480000019073486,5.510000228881836,5.480000019073486,9594800,0.005484585540327602,0.005469599969180949,-0.11856007708751345,0.0062108496331733905,16.076731947240127,0.28905189902328265,0.0,0.0003637505376414829,0.0006929817770240376,0.001096997479531403,0.0039949070745457045,0.003854537520270083,56.22933105470951,0.020159940705364754,0.022606505535774965,-0.002446564830410211,1.3862943611198906,4.830290794372559,2024-05-02,-0.005454668941921592
2024-05-02,2,0.6204567793756723,0.4098729098035435,1.0,0.0,0.0,2,2024-05-01,2024-05-02,2024-05-02,4.803943157196045,5.46999979019165,5.519999980926514,5.46999979019165,5.5,4953800,2024-05-02,4.803943157196045,-0.0054546689419215,-0.00548438702126,0.0073530747416048,5.5,5.519999980926514,5.46999979019165,4953800,-0.005454668941921592,-0.005469599969180949,-0.12655578960071912,0.01040815619559647,15.415665718664672,-0.4836995038979447,-0.0036430633054715944,-0.005092892717933228,-0.0031820327248573976,-0.003573098229247562,0.004465932938461919,0.004207610053277529,50.53813540552826,0.017169305691376202,0.021519065566895215,-0.004349759875519013,1.0986122886681098,4.803943157196045,2024-05-03,-0.005484387021260084
2024-05-03,1,-0.4614688158035278,0.0,0.0,1.0,0.0,1,2024-05-03,2024-05-03,2024-05-03,4.777596473693848,5.440000057220459,5.489999771118164,5.440000057220459,5.480000019073486,8194900,2024-05-03,4.777596473693848,-0.00548438702126,0.0073530747416048,0.0036495522301107,5.480000019073486,5.489999771118164,5.440000057220459,8194900,-0.005484387021260084,-0.005499481486315627,-0.1281758290027151,0.01046545353359391,15.919022689550184,0.6542654124106746,-0.006574132293937218,-0.009828948941313476,-0.00578265015060575,-0.007406807707667995,0.004758667007648135,0.004482566056091141,45.57108124613932,0.012528824239313785,0.01972101730137893,-0.007192193062065144,0.6931471805599453,4.777596473693848,2024-05-06,0.007353074741604848
2024-05-06,3,0.1191163738258183,0.7103987817855754,0.3333333333333333,0.3333333333333333,0.3333333333333333,1,2024-05-06,2024-05-06,2024-05-06,4.8127264976501465,5.480000019073486,5.480000019073486,5.449999809265137,5.449999809265137,2485300,2024-05-06,4.8127264976501465,0.0073530747416048,0.0036495522301107,-0.0036362814311045,5.449999809265137,5.480000019073486,5.449999809265137,2485300,0.007353074741604848,0.0073261726822704265,-0.11693088695739211,0.006233516453303021,14.725904336938175,-0.6967260125199819,0.0014621140739106142,-0.002548147195905459,0.0010180843763150094,-8.852555879923507e-05,0.0065422586909044365,0.005165469810917822,52.30257965034783,0.011552735847581097,0.018087361010619363,-0.006534625163038266,1.3862943611198906,4.8127264976501465,2024-05-07,0.003649552230110764
2024-05-07,5,-0.3576087899506092,0.7327282508608883,0.4,0.6,0.0,1,2024-05-07,2024-05-07,2024-05-07,4.830290794372559,5.5,5.519999980926514,5.46999979019165,5.480000019073486,7961500,2024-05-07,4.830290794372559,0.0036495522301107,-0.0036362814311045,0.0018246274974811,5.480000019073486,5.519999980926514,5.46999979019165,7961500,0.003649552230110764,0.00364290877322615,-0.11856007708751345,0.010351383149253681,15.890128107883081,2.203436204884722,0.004016082567349422,0.0014566807638802803,0.0031093930823253846,0.002911418085479678,0.006147013995264273,0.004701460620289808,55.28051867226114,0.012057479600033894,0.01688138472850227,-0.004823905128468378,1.791759469228055,4.830290794372559,2024-05-08,-0.0036362814311045044
2024-05-08,5,0.1771329456940293,0.8412834152643217,0.6,0.4,0.0,1,2024-05-08,2024-05-08,2024-05-08,4.8127264976501465,5.480000019073486,5.519999980926514,5.46999979019165,5.519999980926514,3394100,2024-05-08,4.8127264976501465,-0.0036362814311045,0.0018246274974811,0.001821600989375,5.519999980926514,5.519999980926514,5.46999979019165,3394100,-0.0036362814311045044,-0.00364290877322615,-0.12812925465946354,0.010389161062710772,15.037549482730707,-0.5736858632167305,0.0010961749390301367,-0.0012756594019773804,-0.000358861030472446,-0.0006018123578381829,0.005871297654572418,0.004738275959285947,51.79781117621574,0.010914386452730795,0.01568798507334798,-0.004773598620617183,1.791759469228055,4.8127264976501465,2024-05-09,0.001824627497481135
2024-05-09,3,0.538017592082421,0.7244530141584559,0.6666666666666666,0.3333333333333333,0.0,1,2024-05-09,2024-05-09,2024-05-09,4.821507930755615,5.489999771118164,5.5,5.480000019073486,5.480000019073486,3772200,2024-05-09,4.821507930755615,0.0018246274974811,0.001821600989375,0.0018181900746052,5.480000019073486,5.5,5.480000019073486,3772200,0.001824627497481135,0.0018229648868517412,-0.12016278942079339,0.004148075916029723,15.143169208696463,0.11139919271677323,0.002190471510380876,0.0010940077918415447,0.0009762643407740246,0.0009993646931469868,0.005274217780999005,0.004799585590902519,53.379218536938396,0.010594933363368142,0.014669374731352013,-0.004074441367983871,1.3862943611198906,4.821507930755615,2024-05-10,0.0018216009893750051
2024-05-10,2,0.409742824267596,0.4673859256892431,0.5,0.0,0.5,1,2024-05-10,2024-05-10,2024-05-10,4.830290794372559,5.5,5.510000228881836,5.489999771118164,5.489999771118164,6711200,2024-05-10,4.830290794372559,0.001821600989375,0.0018181900746052,-0.0018148902591494,5.489999771118164,5.510000228881836,5.489999771118164,6711200,0.0018216009893750051,0.0018199438863744088,-0.12016557454450325,0.004140632234186198,15.719288479518859,0.77912093738402,0.0018214820956889977,0.003100516487362981,0.0018646889745821404,0.0023083675527559855,0.003968678010657206,0.0048295836335161164,54.97043821801894,0.01092453691962536,0.013920407169006683,-0.0029958702493813223,1.0986122886681098,4.830290794372559,2024-05-13,0.0018181900746052637
2024-05-13,4,0.695142219774425,0.126343271784644,1.0,0.0,0.0,2,2024-05-11,2024-05-13,2024-05-13,4.839073181152344,5.510000228881836,5.519999980926514,5.5,5.5,3475600,2024-05-13,4.839073181152344,0.0018181900746052,-0.0018148902591494,-0.0036362814311045,5.5,5.519999980926514,5.5,3475600,0.0018181900746052637,0.0018165391678368614,-0.12016851251775568,0.004133018902134275,15.061277971667252,-0.4821194421265943,0.002547318708284063,0.0047410964558174395,0.002454496959763519,0.003377171960659675,0.0027610717482978923,0.00482884314436058,56.56680780983832,0.01175886643565427,0.0134880990223362,-0.0017292325866819312,1.6094379124341003,4.839073181152344,2024-05-14,-0.001814890259149493
2024-05-14,10,0.625621201726608,0.2799218981453861,1.0,0.0,0.0,1,2024-05-14,2024-05-14,2024-05-14,4.830290794372559,5.5,5.519999980926514,5.480000019073486,5.510000228881836,6207600,2024-05-14,4.830290794372559,-0.0018148902591494,-0.0036362814311045,0.0018246274974811,5.510000228881836,5.519999980926514,5.480000019073486,6207600,-0.001814890259149493,-0.0018165391678368614,-0.12335923888831003,0.008281067032160583,15.641285066872447,0.7860513292668891,0.0007278053452239863,0.002369247161161381,0.00042334507582819647,0.001272855548221763,0.0025724329446790806,0.004480529380495604,54.4865843345464,0.011577949972211066,0.013106069212311174,-0.0015281192401001079,2.3978952727983707,4.830290794372559,2024-05-15,-0.0036362814311045044
2024-05-15,12,0.6238329561504846,0.4822049432644859,0.8333333333333334,0.1666666666666666,0.0,1,2024-05-15,2024-05-15,2024-05-15,4.8127264976501465,5.480000019073486,5.510000228881836,5.46999979019165,5.5,5206200,2024-05-15,4.8127264976501465,-0.0036362814311045,0.0018246274974811,0.001821600989375,5.5,5.510000228881836,5.46999979019165,5206200,-0.0036362814311045044,-0.00364290877322615,-0.12495881860906427,0.008311388297198291,15.465360973088293,-0.16131838391648945,-0.0029111225909428384,-0.0009114920807907767,-0.002145282490929379,-0.0019383335684861613,0.0025724329446790806,0.004290093220757575,50.48771744998918,0.009903123375164746,0.01246548004488189,-0.002562356669717143,2.5649493574615367,4.8127264976501465,2024-05-16,0.001824627497481135
2024-05-16,7,0.4000321634645973,0.5697185169879024,0.5714285714285714,0.2857142857142857,0.1428571428571428,1,2024-05-16,2024-05-16,2024-05-16,4.821507930755615,5.489999771118164,5.5,5.46999979019165,5.489999771118164,6618800,2024-05-16,4.821507930755615,0.0018246274974811,0.001821600989375,0.0054544715057096,5.489999771118164,5.5,5.46999979019165,6618800,0.001824627497481135,0.0018229648868517412,-0.1217653676197504,0.006222163323010037,15.705424793684603,0.2713303369059967,-0.0010918068077896415,0.0005466404922815915,-0.00021640296917002644,-9.59279784845668e-05,0.0025724329446790806,0.003931400842074338,52.3698434253382,0.00917859437022095,0.011808102909949702,-0.002629508539728752,2.0794415416798357,4.821507930755615,2024-05-17,0.0018216009893750051
2024-05-17,3,0.7940728105604649,0.2861310280212289,1.0,0.0,0.0,1,2024-05-17,2024-05-17,2024-05-17,4.830290794372559,5.5,5.519999980926514,5.489999771118164,5.5,5096600,2024-05-17,4.830290794372559,0.001821600989375,0.0054544715057096,-0.0072333064345814,5.5,5.519999980926514,5.489999771118164,5096600,0.0018216009893750051,0.0018199438863744088,-0.12176531011408026,0.0062108496331733905,15.444084404916069,-0.2299812654861908,0.0007278053452239863,0.0012743450689221003,0.0010692972094792363,0.0014113285386918584,0.0025724329446790806,0.0033593945456092105,54.24330924056182,0.009206971371456873,0.011287876602251137,-0.002080905230794263,1.3862943611198906,4.830290794372559,2024-05-20,0.005454471505709657
2024-05-20,3,0.6952793089052042,0.3084419731491181,0.6666666666666666,0.0,0.3333333333333333,1,2024-05-20,2024-05-20,2024-05-20,4.856637477874756,5.53000020980835,5.539999961853027,5.480000019073486,5.5,11459700,2024-05-20,4.856637477874756,0.0054544715057096,-0.0072333064345814,0.0054647040701938,5.5,5.539999961853027,5.480000019073486,11459700,0.005454471505709657,0.0054396497481488115,-0.11697500402277167,0.012354214835445519,16.25434717816006,1.2484989993328885,0.005454491357022251,0.005820235908929883,0.004343613423141379,0.005616751763291905,0.00354440802563457,0.0030014736952811353,59.402035909554975,0.011226011052128726,0.011275503492226654,-4.9492440097928525e-05,1.3862943611198906,4.856637477874756,2024-05-21,-0.007233306434581421
2024-05-21,5,0.3570008575916291,0.7690588025978667,0.8,0.2,0.0,1,2024-05-21,2024-05-21,2024-05-21,4.821507930755615,5.489999771118164,5.539999961853027,5.489999771118164,5.53000020980835,7648400,2024-05-21,4.821507930755615,-0.0072333064345814,0.0054647040701938,-0.0036233028032425,5.53000020980835,5.539999961853027,5.489999771118164,7648400,-0.007233306434581421,-0.00725959363452322,-0.12811794795163095,0.01037023923903976,15.850007164347232,-0.3325828773877152,-0.0014551404924072475,-0.0012735066950219087,-0.001949305845611704,-0.001356285131384194,0.005032798099389468,0.0037727601490604484,51.12536624266346,0.009877590962784843,0.010995920986338293,-0.0011183300235534498,1.791759469228055,4.821507930755615,2024-05-23,0.005464704070193838
2024-05-23,16,0.4899482950131641,0.5645418186302512,0.8125,0.125,0.0625,2,2024-05-22,2024-05-23,2024-05-23,4.847856044769287,5.519999980926514,5.539999961853027,5.5,5.5,6639500,2024-05-23,4.847856044769287,0.0054647040701938,-0.0036233028032425,0.0018181900746052,5.5,5.539999961853027,5.5,6639500,0.005464704070193838,0.0054498267503957365,-0.11857162822376598,0.008251062218769116,15.70854736802626,-0.1319099419486428,0.002542830400807272,0.0034540516594281367,0.0023337708054842476,0.003352869535717451,0.005192074164078784,0.003939215082008928,56.06941704875332,0.010810415190596778,0.01095881982718999,-0.00014840463659321172,2.833213344056216,4.847856044769287,2024-05-24,-0.003623302803242523
2024-05-24,3,0.9021611521020532,0.0457237928414841,1.0,0.0,0.0,1,2024-05-24,2024-05-24,2024-05-24,4.830290794372559,5.5,5.53000020980835,5.489999771118164,5.519999980926514,7457300,2024-05-24,4.830290794372559,-0.0036233028032425,0.0018181900746052,-0.0018148902591494,5.519999980926514,5.53000020980835,5.489999771118164,7457300,-0.003623302803242523,-0.0036298828640213276,-0.12494731683643769,0.00828116575026649,15.824704110469243,0.1231719255968069,-0.0014524197246369441,-0.0003634959657473624,-0.0008656998600371502,-0.00023121511239510006,0.0056495908706484296,0.004143149464647736,52.273061824617365,0.010016848212754503,0.010770425504302893,-0.0007535772915483897,1.3862943611198906,4.830290794372559,2024-05-27,0.0018181900746052637
2024-05-27,6,0.3114195481563608,0.46666673723576,0.6666666666666666,0.1666666666666666,0.1666666666666666,2,2024-05-26,2024-05-27,2024-05-27,4.839073181152344,5.510000228881836,5.519999980926514,5.5,5.5,4778500,2024-05-27,4.839073181152344,0.0018181900746052,-0.0018148902591494,-0.0036362814311045,5.5,5.519999980926514,5.5,4778500,0.0018181900746052637,0.0018165391678368614,-0.12016851251775568,0.004133018902134275,15.379637456959042,-0.3592184839016802,1.9707788956324634e-08,0.0012720490884834401,0.000633743259537578,0.0012977157571782971,0.005649373004426152,0.0041430003296160384,53.95184994410758,0.009981544845451218,0.010612649372532559,-0.0006311045270813408,1.9459101490553132,4.839073181152344,2024-05-28,-0.001814890259149493
2024-05-28,8,0.3396379287878517,0.5495054835865797,0.625,0.25,0.125,1,2024-05-28,2024-05-28,2024-05-28,4.830290794372559,5.5,5.519999980926514,5.489999771118164,5.510000228881836,3760700,2024-05-28,4.830290794372559,-0.0018148902591494,-0.0036362814311045,0.0,5.510000228881836,5.519999980926514,5.489999771118164,3760700,-0.001814890259149493,-0.0018165391678368614,-0.12335923888831003,0.0062108496331733905,15.140115934159226,-0.2129957099508214,-0.0007267474838172916,-0.0003634959657473624,-0.0007885088666552686,-0.00042510992158117933,0.004901639114296043,0.004143594293626323,51.98271292146623,0.00913954645449877,0.010318028788925801,-0.001178482334427031,2.1972245773362196,4.830290794372559,2024-05-29,-0.0036362814311045044
2024-05-29,10,0.3189048777567222,0.5907052147790581,0.7,0.3,0.0,1,2024-05-29,2024-05-29,2024-05-29,4.8127264976501465,5.480000019073486,5.519999980926514,5.480000019073486,5.519999980926514,6156200,2024-05-29,4.8127264976501465,-0.0036362814311045,0.0,0.0018246274974811,5.519999980926514,5.519999980926514,5.480000019073486,6156200,-0.0036362814311045044,-0.00364290877322615,-0.12812925465946354,0.0083112892188155,15.632970424479996,0.6369824766665779,-0.003998504767041888,-0.0036362814311045044,-0.0029523003200259135,-0.003324145530464895,0.003942446771864988,0.004262078581679131,48.19421222359294,0.006974566250631753,0.009649336281266992,-0.002674770030635239,2.3978952727983707,4.8127264976501465,2024-05-30,0.0
2024-05-30,8,0.4424286783614661,0.662509898491913,0.75,0.125,0.125,1,2024-05-30,2024-05-30,2024-05-30,4.8127264976501465,5.480000019073486,5.510000228881836,5.480000019073486,5.489999771118164,6683200,2024-05-30,4.8127264976501465,0.0,0.0018246274974811,0.0036431030808188,5.489999771118164,5.510000228881836,5.480000019073486,6683200,0.0,0.0,-0.12336490012823359,0.006233516453303021,15.715107622353957,0.08560475618076091,-0.0025481866255413488,-0.0036362814311045044,-0.0019701390273776376,-0.002721400221358916,0.0023674762373021036,0.004103283245200165,48.194212223592935,0.005198874452722713,0.008759243915558136,-0.0035603694628354235,2.1972245773362196,4.8127264976501465,2024-05-31,0.001824627497481135
2024-05-31,5,0.1413191091734916,0.823066607330124,0.6,0.4,0.0,1,2024-05-31,2024-05-31,2024-05-31,4.821507930755615,5.489999771118164,5.510000228881836,5.46999979019165,5.489999771118164,13689700,2024-05-31,4.821507930755615,0.0018246274974811,0.0036431030808188,-0.0036298790572424,5.489999771118164,5.510000228881836,5.46999979019165,13689700,0.001824627497481135,0.0018229648868517412,-0.1217653676197504,0.008296250729990353,16.43215435626644,1.0483750299257841,-0.0003642863429063059,-0.0018182887927111757,-9.940914066952633e-05,-0.0007379068352398876,0.0023715723174494246,0.004103283245200165,50.29467665921532,0.00444892967983801,0.00789718106841411,-0.0034482513885761013,1.791759469228055,4.821507930755615,2024-06-04,0.0036431030808188325
2024-06-04,3,0.5843151295557618,0.539321646809467,0.6666666666666666,0.3333333333333333,0.0,1,2024-06-04,2024-06-04,2024-06-04,4.839073181152344,5.510000228881836,5.519999980926514,5.489999771118164,5.489999771118164,5458900,2024-06-04,4.839073181152344,0.0036431030808188,-0.0036298790572424,0.001821600989375,5.489999771118164,5.519999980926514,5.489999771118164,5458900,0.0036431030808188325,0.0036364830542112703,-0.11856586832484407,0.006199577622673101,15.512758045409855,-0.6012403485832414,0.0032774896052145674,0.0016360735978668828,0.0023594344352608765,0.0023735266740025907,0.002877402475394796,0.004231193220663183,54.28720880476583,0.005211882613870955,0.007360121377505481,-0.0021482387636345256,1.3862943611198906,4.839073181152344,2024-06-05,-0.0036298790572424355
2024-06-05,9,0.5078446374326531,0.6382342176714855,0.7777777777777778,0.2222222222222222,0.0,1,2024-06-05,2024-06-05,2024-06-05,4.821507930755615,5.489999771118164,5.519999980926514,5.489999771118164,5.510000228881836,4159200,2024-06-05,4.821507930755615,-0.0036298790572424,0.001821600989375,0.0054544715057096,5.510000228881836,5.519999980926514,5.489999771118164,4159200,-0.0036298790572424355,-0.0036364830542112703,-0.12495322495947317,0.006222163323010037,15.240833546482467,-0.23808825953946766,-9.88979210747587e-08,-0.001273526424260818,-0.0008530364028528359,-0.0010352119092655876,0.003253965279092889,0.003940478822397672,49.96508839542084,0.004349026532091571,0.0067579024084227,-0.0024088758763311287,2.302585092994046,4.821507930755615,2024-06-06,0.0018216009893750051
2024-06-06,8,0.5929625835851766,0.5104631226567216,0.75,0.25,0.0,1,2024-06-06,2024-06-06,2024-06-06,4.830290794372559,5.5,5.510000228881836,5.489999771118164,5.489999771118164,3809200,2024-06-06,4.830290794372559,0.001821600989375,0.0054544715057096,0.0,5.489999771118164,5.510000228881836,5.489999771118164,3809200,0.0018216009893750051,0.0018199438863744088,-0.12016557454450325,0.004140632234186198,15.152930013824308,-0.08415079823042892,0.0010921252246931523,0.0003637604166353281,0.0006444660611866215,0.0006417748258777944,0.002757598554971017,0.0032584986536167344,52.021965202092154,0.00432406542854924,0.0062711350124480085,-0.0019470695838987688,2.1972245773362196,4.830290794372559,2024-06-07,0.005454471505709657
2024-06-07,4,0.6115266951965168,0.1734808347391165,1.0,0.0,0.0,1,2024-06-07,2024-06-07,2024-06-07,4.856637477874756,5.53000020980835,5.53000020980835,5.5,5.5,4492300,2024-06-07,4.856637477874756,0.0054544715057096,0.0,0.0,5.5,5.53000020980835,5.5,4492300,0.005454471505709657,0.0054396497481488115,-0.11697500402277167,0.0061771565090086925,15.317875600609781,0.17932899296440197,0.004723819465860313,0.005637325413542893,0.004060043118625067,0.004985173207038507,0.003399788776855522,0.003256658175804952,57.64664108474423,0.006356961647560944,0.006288300339470596,6.866130809034775e-05,1.6094379124341003,4.856637477874756,2024-06-10,0.0
2024-06-10,2,0.6067673023790122,0.5090650383535309,0.5,0.0,0.5,1,2024-06-10,2024-06-10,2024-06-10,4.856637477874756,5.53000020980835,5.539999961853027,5.510000228881836,5.53000020980835,4807000,2024-06-10,4.856637477874756,0.0,0.0,-0.0072333064345814,5.53000020980835,5.539999961853027,5.510000228881836,4807000,0.0,0.0,-0.12176540802643661,0.0061770583264368255,15.385583954906032,0.07005320214589417,0.003265577910855688,0.0050890027800163384,0.0027030372631369204,0.0040750844417996035,0.0034961029322438664,0.0029751767191196626,57.64664108474423,0.007877242598096856,0.006606088791195848,0.0012711538069010084,1.0986122886681098,4.856637477874756,2024-06-11,0.0
2024-06-11,3,0.4142318448672692,0.5898509546668326,0.6666666666666666,0.3333333333333333,0.0,1,2024-06-11,2024-06-11,2024-06-11,4.856637477874756,5.53000020980835,5.539999961853027,5.519999980926514,5.53000020980835,4887500,2024-06-11,4.856637477874756,0.0,-0.0072333064345814,0.0072860083657759,5.53000020980835,5.539999961853027,5.519999980926514,4887500,0.0,0.0,-0.12176540802643661,0.004118071611815173,15.402191687879318,0.01674641148325362,0.0025380630715317043,0.004723789732154371,0.0018004026569344855,0.0033316914661889463,0.0033010061429837216,0.002944331105742854,57.64664108474423,0.008978576760503287,0.0070805863850573365,0.0018979903754459508,1.3862943611198906,4.856637477874756,2024-06-12,-0.007233306434581421
2024-06-12,5,0.4069549375213682,0.789715056143436,0.8,0.2,0.0,1,2024-06-12,2024-06-12,2024-06-12,4.821507930755615,5.489999771118164,5.539999961853027,5.489999771118164,5.539999961853027,6138300,2024-06-12,4.821507930755615,-0.0072333064345814,0.0072860083657759,0.0,5.539999961853027,5.539999961853027,5.489999771118164,6138300,-0.007233306434581421,-0.00725959363452322,-0.12969170325717652,0.01037023923903976,15.630058551734303,0.255918158567775,-0.004713601950996349,-0.002362417823743912,-0.0036372204397451258,-0.0032142421286175393,0.0046203313128081345,0.0037724440378858757,48.23041836109936,0.006936768408035476,0.007051822789652965,-0.00011505438161748833,1.791759469228055,4.821507930755615,2024-06-13,0.0072860083657759755
2024-06-13,7,0.4922847793038402,0.5408785011068271,0.8571428571428571,0.1428571428571428,0.0,1,2024-06-13,2024-06-13,2024-06-13,4.856637477874756,5.53000020980835,5.53000020980835,5.489999771118164,5.5,3487100,2024-06-13,4.856637477874756,0.0072860083657759,0.0,0.0,5.5,5.53000020980835,5.489999771118164,3487100,0.0072860083657759755,0.00725959363452322,-0.11697500402277167,0.008236241406202213,15.064581289964444,-0.43191111545541927,0.0014487571477961314,0.003994169186450236,0.002411945818238559,0.0033098478502042727,0.005680935385930833,0.004214405373375268,55.974830170494805,0.008060366552694376,0.007253531542261248,0.000806835010433128,2.0794415416798357,4.856637477874756,2024-06-14,0.0
2024-06-14,3,0.5576002939293782,0.4288938488943139,0.6666666666666666,0.0,0.3333333333333333,1,2024-06-14,2024-06-14,2024-06-14,4.856637477874756,5.53000020980835,5.53000020980835,5.510000228881836,5.53000020980835,3910700,2024-06-14,4.856637477874756,0.0,0.0,-0.0054248816433641,5.53000020980835,5.53000020980835,5.510000228881836,3910700,0.0,0.0,-0.12176540802643661,0.004118071611815173,15.17922719977958,0.12147629835680074,0.0014487571477961314,0.0030836150489759184,0.0016066721434397913,0.0027064286288982498,0.0051333732667711825,0.004214405373375268,55.974830170494805,0.008848822460302053,0.007572589725869409,0.0012762327344326436,1.3862943611198906,4.856637477874756,2024-06-18,0.0
2024-06-18,8,0.527611693891231,0.5543151403412189,0.75,0.25,0.0,3,2024-06-15,2024-06-18,2024-06-18,4.856637477874756,5.53000020980835,5.559999942779541,5.53000020980835,5.539999961853027,5868200,2024-06-18,4.856637477874756,0.0,-0.0054248816433641,0.0036364788673164,5.539999961853027,5.559999942779541,5.53000020980835,5868200,0.0,0.0,-0.12335062972630408,0.0061770583264368255,15.585058671237102,0.5005497736978035,0.0014487571477961314,0.002356344260487031,0.00107054142593066,0.0022132615991796722,0.0051333732667711825,0.004210223764939014,55.97483017049479,0.009365717288653208,0.00793121523842617,0.0014345020502270385,2.1972245773362196,4.856637477874756,2024-06-19,-0.005424881643364188
2024-06-19,2,-0.2715690694749355,0.7729894229581171,0.5,0.5,0.0,1,2024-06-19,2024-06-19,2024-06-19,4.830290794372559,5.5,5.539999961853027,5.5,5.53000020980835,5842600,2024-06-19,4.830290794372559,-0.0054248816433641,0.0036364788673164,0.0,5.53000020980835,5.539999961853027,5.5,5842600,-0.005424881643364188,-0.0054396497481488115,-0.12652972674300142,0.008281067032160583,15.58068663236597,-0.004362496165774887,-0.002900587263598875,-0.002900587263598875,-0.0029109959761882687,-0.0026390595657773686,0.005680315082705685,0.004481859601730376,49.09526699953938,0.007562230310248275,0.007857418252790592,-0.00029518794254231734,1.0986122886681098,4.830290794372559,2024-06-20,0.0036364788673164394
2024-06-20,6,0.6410399065352977,0.3835770803243799,0.8333333333333334,0.0,0.1666666666666666,1,2024-06-20,2024-06-20,2024-06-20,4.847856044769287,5.519999980926514,5.53000020980835,5.489999771118164,5.510000228881836,5099600,2024-06-20,4.847856044769287,0.0036364788673164,0.0,0.0,5.510000228881836,5.53000020980835,5.489999771118164,5099600,0.0036364788673164394,0.0036298828640213276,-0.12017135328629924,0.008251160579189433,15.444672859339896,-0.12716941087871836,-0.00036205161084934545,0.00018135048084744199,0.0004764845313796062,0.000808073208102611,0.004735359116768866,0.004447969287569884,53.22301677080693,0.007464279229925097,0.007778790448217493,-0.00031451121829239627,1.9459101490553132,4.847856044769287,2024-06-21,0.0
2024-06-21,1,0.5677348300814629,0.0,1.0,0.0,0.0,1,2024-06-21,2024-06-21,2024-06-21,4.847856044769287,5.519999980926514,5.53000020980835,5.5,5.519999980926514,16261700,2024-06-21,4.847856044769287,0.0,0.0,-0.0054350033850738,5.519999980926514,5.53000020980835,5.5,16261700,0.0,0.0,-0.12176520624632492,0.006188345844286996,16.604323269158552,2.1888187308808535,9.836043002309225e-08,-0.00018097992184973322,0.00031760590948515244,0.0006610536830347069,0.0032408965773020933,0.004427543753011202,53.22301677080693,0.007302473919359009,0.007683527142445797,-0.0003810532230867879,0.6931471805599453,4.847856044769287,2024-06-24,0.0
2024-06-24,6,0.4785244551797707,0.4189138055823313,0.8333333333333334,0.0,0.1666666666666666,1,2024-06-24,2024-06-24,2024-06-24,4.847856044769287,5.519999980926514,5.53000020980835,5.5,5.519999980926514,3908200,2024-06-24,4.847856044769287,0.0,-0.0054350033850738,0.0,5.519999980926514,5.53000020980835,5.5,3908200,0.0,0.0,-0.12176520624632492,0.006188345844286996,15.178587723780216,-0.7596684233505722,0.00036251082701221904,1.2786856284918713e-07,0.0002117148590266016,0.0005407971050432892,0.0032408965773020933,0.004051867793408922,53.22301677080693,0.00709248430088838,0.0075653185741343144,-0.00047283427324593466,1.9459101490553132,4.847856044769287,2024-06-25,-0.0054350033850738555
2024-06-25,8,0.3309874635306187,0.5909524651390166,0.75,0.25,0.0,1,2024-06-25,2024-06-25,2024-06-25,4.821507930755615,5.489999771118164,5.53000020980835,5.480000019073486,5.53000020980835,9682800,2024-06-25,4.821507930755615,-0.0054350033850738,0.0,0.001821600989375,5.53000020980835,5.53000020980835,5.480000019073486,9682800,-0.0054350033850738555,-0.0054498267503957365,-0.12811794795163095,0.01037023923903976,16.085861776900504,1.4775600020469781,-0.0036299183297444637,-0.00471365093489251,-0.003489035549376518,-0.004010326175347356,0.0039292830732529024,0.004377433560129315,46.203891512222484,0.004745292635173648,0.007001313386342181,-0.002256020751168533,2.1972245773362196,4.821507930755615,2024-06-26,0.0
2024-06-26,4,0.7321391333825886,0.270423542980632,1.0,0.0,0.0,1,2024-06-26,2024-06-26,2024-06-26,4.821507930755615,5.489999771118164,5.510000228881836,5.480000019073486,5.5,7203600,2024-06-26,4.821507930755615,0.0,0.001821600989375,0.0018181900746052,5.5,5.510000228881836,5.480000019073486,7203600,0.0,0.0,-0.12336219440806996,0.006222163323010037,15.790091597847404,-0.25604164084768866,-0.0032681068998696716,-0.00399137888245038,-0.002328732042544801,-0.003283570177544437,0.0032448537047149125,0.004377433560129315,46.203891512222484,0.0028522473969623263,0.00617150018846621,-0.003319252791503884,1.6094379124341003,4.821507930755615,2024-06-27,0.0018216009893750051
2024-06-27,5,0.6267751547507942,0.3645942631951283,0.6,0.0,0.4,1,2024-06-27,2024-06-27,2024-06-27,4.830290794372559,5.5,5.519999980926514,5.480000019073486,5.5,3534100,2024-06-27,4.830290794372559,0.001821600989375,0.0018181900746052,-0.0018148902591494,5.5,5.519999980926514,5.480000019073486,3534100,0.0018216009893750051,0.0018199438863744088,-0.12176531011408026,0.008281067032160583,15.077969510966692,-0.5093980787384086,-0.0007267474838172916,-0.0023580537929198675,-0.0003409735040648121,-0.0012013710902154529,0.0027498252937963067,0.003774795168772929,48.813611806243216,0.00203721534903778,0.005344643220580525,-0.003307427871542745,1.791759469228055,4.830290794372559,2024-06-28,0.0018181900746052637
2024-06-28,3,0.7988785558069748,0.170528180820081,1.0,0.0,0.0,1,2024-06-28,2024-06-28,2024-06-28,4.839073181152344,5.510000228881836,5.519999980926514,5.489999771118164,5.510000228881836,7553900,2024-06-28,4.839073181152344,0.0018181900746052,-0.0018148902591494,0.0018181900746052,5.510000228881836,5.519999980926514,5.489999771118164,7553900,0.0018181900746052637,0.0018165391678368614,-0.1217653393574624,0.006199577622673101,15.837574676529263,1.1374324439036814,0.0014540430866718523,-0.0001814462433065156,0.0009839134628364388,0.0005028267146474086,0.002979880436027932,0.0029350827508332848,51.35484098631612,0.0020760306061848866,0.004690920697701398,-0.0026148900915165113,1.3862943611198906,4.839073181152344,2024-07-01,-0.001814890259149493
2024-07-01,3,-0.0147934332489967,0.3808936875938831,0.6666666666666666,0.3333333333333333,0.0,1,2024-07-01,2024-07-01,2024-07-01,4.830290794372559,5.5,5.53000020980835,5.5,5.510000228881836,7738500,2024-07-01,4.830290794372559,-0.0018148902591494,0.0018181900746052,0.0018149887980929,5.510000228881836,5.53000020980835,5.5,7738500,-0.001814890259149493,-0.0018165391678368614,-0.12335923888831003,0.0062108496331733905,15.861718557558953,0.02443770767418152,0.00036380981160699655,-0.0014524394109474148,-0.0005553291466096066,-0.0010745096990387726,0.003035233336682267,0.002966405740382408,48.748476904137384,0.001382193692956335,0.004029175296752385,-0.00264698160379605,1.3862943611198906,4.830290794372559,2024-07-02,0.0018181900746052637
2024-07-02,1,0.9701555669307708,0.0,1.0,0.0,0.0,1,2024-07-02,2024-07-02,2024-07-02,4.839073181152344,5.510000228881836,5.519999980926514,5.5,5.510000228881836,9559800,2024-07-02,4.839073181152344,0.0018181900746052,0.0018149887980929,0.0,5.510000228881836,5.519999980926514,5.5,9559800,0.0018181900746052637,0.0018165391678368614,-0.1217653393574624,0.004133018902134275,16.07307746891135,0.2353556890870323,0.0014540430866718523,0.00072647363057321,0.0008408804673503134,0.0006067854796609762,0.0016255202921578577,0.003057493573230628,51.40451498632966,0.001523427037469105,0.0035280256448957294,-0.0020045986074266244,0.6931471805599453,4.839073181152344,2024-07-03,0.0018149887980929424
2024-07-03,4,0.0451079499907791,0.5585525735948695,0.25,0.25,0.5,1,2024-07-03,2024-07-03,2024-07-03,4.847856044769287,5.519999980926514,5.53000020980835,5.510000228881836,5.510000228881836,7423500,2024-07-03,4.847856044769287,0.0018149887980929,0.0,-0.0018117005818314,5.510000228881836,5.53000020980835,5.510000228881836,7423500,0.0018149887980929424,0.0018133436961844662,-0.12017135328629924,0.004125531109384558,15.820161336749527,-0.22346701813845482,0.0021787379332465218,0.0021787379332465218,0.001770029080303992,0.001981479865548863,0.0016247880397136248,0.002537318737930927,53.9734000750362,0.0023173462479126883,0.0032858897654991213,-0.000968543517586433,1.6094379124341003,4.847856044769287,2024-07-04,0.0
2024-07-04,1,0.8033000752329826,0.0,1.0,0.0,0.0,1,2024-07-04,2024-07-04,2024-07-04,4.847856044769287,5.519999980926514,5.539999961853027,5.510000228881836,5.53000020980835,6591400,2024-07-04,4.847856044769287,0.0,-0.0018117005818314,0.0054445722385052,5.53000020980835,5.539999961853027,5.510000228881836,6591400,0.0,0.0,-0.12335337055307331,0.006188247483866678,15.701276478724276,-0.11208998450865493,0.0014514444310043118,0.0021787379332465218,0.0011793235745285457,0.0016206269373317816,0.0016244111113619861,0.0022621788904965347,53.9734000750362,0.002912954219081776,0.0032113026562156526,-0.00029834843713387677,0.6931471805599453,4.847856044769287,2024-07-05,-0.0018117005818314436
2024-07-05,2,-0.4505668226629495,0.6893737580933921,0.0,0.5,0.5,1,2024-07-05,2024-07-05,2024-07-05,4.839073181152344,5.510000228881836,5.53000020980835,5.489999771118164,5.519999980926514,9670100,2024-07-05,4.839073181152344,-0.0018117005818314,0.0054445722385052,-0.0018050624661575,5.519999980926514,5.53000020980835,5.489999771118164,9670100,-0.0018117005818314436,-0.0018133436961844662,-0.12335630473315302,0.008266136343211928,16.084549312049184,0.4670783141669448,-0.00036288573354725795,0.0005447538190026524,-0.00042309854626498833,-0.00015874083744726875,0.001814943281147351,0.002333796967232065,50.855541535984756,0.002645775284382701,0.0030981971818490627,-0.0004524218974663618,1.0986122886681098,4.839073181152344,2024-07-09,0.005444572238505252
2024-07-09,4,0.583775980398059,0.3946209753994216,1.0,0.0,0.0,1,2024-07-09,2024-07-09,2024-07-09,4.865419864654541,5.539999961853027,5.539999961853027,5.510000228881836,5.519999980926514,8662600,2024-07-09,4.865419864654541,0.0054445722385052,-0.0018050624661575,0.0072334046171531,5.519999980926514,5.539999961853027,5.510000228881836,8662600,0.005444572238505252,0.005429804134829297,-0.11858335480684251,0.0061659083503005085,15.974525581863984,-0.1041871335353306,0.0036230866954125585,0.005627092429287162,0.003340524514172216,0.004319912993600461,0.0026910280230810013,0.002937235350968984,58.58439597137115,0.004508025511966274,0.003380162847872505,0.0011278626640937686,1.6094379124341003,4.865419864654541,2024-07-10,-0.0018050624661575254
2024-07-10,3,0.4333436600863933,0.4502066710567894,0.6666666666666666,0.0,0.3333333333333333,1,2024-07-10,2024-07-10,2024-07-10,4.856637477874756,5.53000020980835,5.539999961853027,5.510000228881836,5.539999961853027,9479700,2024-07-10,4.856637477874756,-0.0018050624661575,0.0072334046171531,0.0053859230824717,5.539999961853027,5.539999961853027,5.510000228881836,9479700,-0.0018050624661575254,-0.0018066935545173468,-0.12335062972630408,0.0061770583264368255,16.064663333649417,0.09432502943688958,0.0010860760641291378,0.003083545896666484,0.0010191019126402079,0.0020502904508070685,0.0030341417759096614,0.0022947604608645816,55.453689785444475,0.005215090699155489,0.003747148418129102,0.001467942281026387,1.3862943611198906,4.856637477874756,2024-07-11,0.007233404617153161
2024-07-11,4,0.5968649249989539,0.5160536047248402,0.75,0.25,0.0,1,2024-07-11,2024-07-11,2024-07-11,4.891767501831055,5.570000171661377,5.630000114440918,5.53000020980835,5.53000020980835,9454300,2024-07-11,4.891767501831055,0.0072334046171531,0.0053859230824717,0.0160715018072949,5.53000020980835,5.630000114440918,5.53000020980835,9454300,0.007233404617153161,0.00720736902125263,-0.11541278187391132,0.020442489262855818,16.06198032820378,-0.0026794096859604766,0.006505289441475215,0.008875243916727449,0.005491465791495065,0.007595044128192008,0.004245141328243206,0.0030540119667777908,63.78946298936157,0.008512022991055801,0.004700123332714442,0.0038118996583413585,1.6094379124341003,4.891767501831055,2024-07-12,0.005385923082471766
2024-07-12,6,0.4973353483558942,0.4224502159897548,0.8333333333333334,0.1666666666666666,0.0,1,2024-07-12,2024-07-12,2024-07-12,4.918114185333252,5.599999904632568,5.610000133514404,5.570000171661377,5.570000171661377,11578400,2024-07-12,4.918114185333252,0.0053859230824717,0.0160715018072949,-0.0052724313786672,5.570000171661377,5.610000133514404,5.570000171661377,11578400,0.005385923082471766,0.005371470867866934,-0.1170351824484209,0.008133190964194122,16.264651937673246,0.22467025586241185,0.009009010947957252,0.012475108225968867,0.0072449701112355935,0.010629094577869536,0.0043523049441215695,0.0033000355590236397,68.54363489815145,0.013099816228577588,0.006380061911887072,0.0067197543166905155,1.9459101490553132,4.918114185333252,2024-07-15,0.016071501807294997
2024-07-15,2,0.90398539241869,0.0967472479844231,1.0,0.0,0.0,1,2024-07-15,2024-07-15,2024-07-15,4.997155666351318,5.690000057220459,5.699999809265137,5.599999904632568,5.599999904632568,11218300,2024-07-15,4.997155666351318,0.0160715018072949,-0.0052724313786672,0.0035334889085283,5.599999904632568,5.699999809265137,5.599999904632568,11218300,0.016071501807294997,0.015943722474611732,-0.107650758669219,0.02001136472612298,16.23305702056779,-0.031101015684377842,0.01861803875645296,0.02541002036965967,0.015500862873708776,0.021878815212051483,0.006392865748867302,0.005589011996355401,77.91270132479872,0.0228502588038193,0.009674101290273518,0.013176157513545783,1.0986122886681098,4.997155666351318,2024-07-16,-0.005272431378667286
2024-07-16,2,-0.2152682840824127,0.4597266124951282,0.5,0.5,0.0,1,2024-07-16,2024-07-16,2024-07-16,4.970808506011963,5.659999847412109,5.710000038146973,5.639999866485596,5.690000057220459,5186400,2024-07-16,4.970808506011963,-0.0052724313786672,0.0035334889085283,0.0035211429165724,5.690000057220459,5.710000038146973,5.639999866485596,5186400,-0.005272431378667286,-0.0052863796942819175,-0.1263957019290116,0.014082250719719937,15.461550565654875,-0.5376839628107646,0.008912676984141,0.017070988153679467,0.006741667603690216,0.013452325286670508,0.008325458059600216,0.006025906976092137,70.38705186604247,0.02812732485360314,0.013364746002939444,0.014762578850663698,1.0986122886681098,4.970808506011963,2024-07-17,0.003533488908528337
2024-07-17,2,-0.0136799290776252,1.2984048438685136,0.5,0.5,0.0,1,2024-07-17,2024-07-17,2024-07-17,4.988372802734375,5.679999828338623,5.699999809265137,5.650000095367432,5.679999828338623,4561600,2024-07-17,4.988372802734375,0.0035334889085283,0.0035211429165724,0.0,5.679999828338623,5.699999809265137,5.650000095367432,4561600,0.003533488908528337,0.0035272608035761266,-0.1217653250891992,0.010023251243431074,15.333184216361847,-0.1204689187104735,0.007092134403123618,0.017556364891721188,0.006842495177242114,0.01389334818835497,0.007658764810470566,0.006016478687545928,72.30740464047074,0.033342379476120954,0.017360272697575747,0.015982106778545207,1.0986122886681098,4.988372802734375,2024-07-18,0.0035211429165724617
2024-07-18,5,0.4072980910539627,0.7101989493355563,0.6,0.4,0.0,1,2024-07-18,2024-07-18,2024-07-18,5.005937576293945,5.699999809265137,5.699999809265137,5.659999847412109,5.679999828338623,3625600,2024-07-18,5.005937576293945,0.0035211429165724,0.0,-0.0017542987320126,5.679999828338623,5.699999809265137,5.659999847412109,3625600,0.0035211429165724617,0.003514958206765728,-0.11867293528454881,0.00799050352574324,15.103530625632203,-0.20519116099614165,0.006000675725958304,0.01785710753771874,0.006901258192460791,0.014243021874492667,0.007615244982716787,0.00600143926738915,74.11516650453706,0.03844945686345902,0.021578109530752402,0.016871347332706618,1.791759469228055,5.005937576293945,2024-07-19,0.0
2024-07-19,1,0.9362689806148412,0.0,1.0,0.0,0.0,1,2024-07-19,2024-07-19,2024-07-19,5.005937576293945,5.699999809265137,5.710000038146973,5.670000076293945,5.699999809265137,3846700,2024-07-19,5.005937576293945,0.0,-0.0017542987320126,0.0,5.699999809265137,5.710000038146973,5.670000076293945,3846700,0.0,0.0,-0.12176530810457557,0.00799050352574324,15.162726455812889,0.06098300970873782,0.0024621608255248617,0.014595921076236973,0.0045902792275986926,0.011623281415230391,0.007861691253434352,0.00600143926738915,74.11516650453706,0.04201255787218905,0.02566499919903973,0.01634755867314932,0.6931471805599453,5.005937576293945,2024-07-22,-0.0017542987320126047
2024-07-22,3,-0.9030698823432128,0.0714164803618152,0.0,1.0,0.0,1,2024-07-22,2024-07-22,2024-07-22,4.997155666351318,5.690000057220459,5.710000038146973,5.659999847412109,5.699999809265137,2322900,2024-07-22,4.997155666351318,-0.0017542987320126,0.0,-0.0017575725479362,5.699999809265137,5.710000038146973,5.659999847412109,2322900,-0.0017542987320126047,-0.0017558393160599373,-0.12330599411097724,0.010005730073918431,14.658327393539194,-0.39613174929160055,0.0007035427278978545,0.00958132614106888,0.0018835097065674766,0.008043535706899085,0.0037336286735689178,0.005996106231766192,71.41204947675912,0.04362483441782494,0.029256966242796775,0.014367868175028168,1.3862943611198906,4.997155666351318,2024-07-23,0.0
2024-07-23,5,0.6311025363393129,0.3482694515730282,0.8,0.0,0.2,1,2024-07-23,2024-07-23,2024-07-23,4.997155666351318,5.690000057220459,5.699999809265137,5.679999828338623,5.690000057220459,5797500,2024-07-23,4.997155666351318,0.0,-0.0017575725479362,0.0035211429165724,5.690000057220459,5.699999809265137,5.679999828338623,5797500,0.0,0.0,-0.12176526957850194,0.004002272945224597,15.57293752059995,1.4958026604675192,-0.00035131470681770693,0.0069014838885981256,0.0012548852748464068,0.00657146415898846,0.0023634111558944277,0.006020402921709143,71.41204947675912,0.04439086493742295,0.03228374598172201,0.012107118955700935,1.791759469228055,4.997155666351318,2024-07-24,-0.0017575725479362925
2024-07-24,3,0.57465824438259,0.5723289021333229,0.6666666666666666,0.3333333333333333,0.0,1,2024-07-24,2024-07-24,2024-07-24,4.988372802734375,5.679999828338623,5.699999809265137,5.679999828338623,5.690000057220459,7418800,2024-07-24,4.988372802734375,-0.0017575725479362,0.0035211429165724,-0.0017542987320126,5.690000057220459,5.699999809265137,5.679999828338623,7418800,-0.0017575725479362925,-0.0017591188907057909,-0.123308830831335,0.004009319615316379,15.819528011789949,0.27965502371711937,-0.002108269793669626,0.0024708230482191063,-0.0003366518743718183,0.003925760943888745,0.0021543592753229114,0.006016479421806298,68.51369387040918,0.04378452519914777,0.03458390182520717,0.009200623373940606,1.3862943611198906,4.988372802734375,2024-07-25,0.0035211429165724617
2024-07-25,1,0.0382313430309295,0.0,1.0,0.0,0.0,1,2024-07-25,2024-07-25,2024-07-25,5.005937576293945,5.699999809265137,5.699999809265137,5.670000076293945,5.670000076293945,3063800,2024-07-25,5.005937576293945,0.0035211429165724,-0.0017542987320126,0.0017573817045084,5.670000076293945,5.699999809265137,5.670000076293945,3063800,0.0035211429165724617,0.003514958206765728,-0.11711860512602461,0.005992830017149587,14.935166859952743,-0.5870221599180461,0.001405449603652631,0.003697803115467524,0.0021199542744236854,0.006095962055862936,0.0021543592753229114,0.005816621904666312,71.04473292629041,0.044211682267083496,0.036509457913582434,0.007702224353501062,0.6931471805599453,5.005937576293945,2024-07-26,-0.0017542987320126047
2024-07-26,5,0.2977586113847792,0.3327424387965118,0.4,0.0,0.6,1,2024-07-26,2024-07-26,2024-07-26,4.997155666351318,5.690000057220459,5.710000038146973,5.679999828338623,5.699999809265137,4312700,2024-07-26,4.997155666351318,-0.0017542987320126,0.0017573817045084,-0.0070174806909976,5.699999809265137,5.710000038146973,5.679999828338623,4312700,-0.0017542987320126047,-0.0017558393160599373,-0.12330599411097724,0.0060034571286938345,15.277074947931252,0.40763104641295134,3.816868709982657e-08,0.00035166676213771453,0.00024126189904705164,0.0035407320968088296,0.002293120846670603,0.00583732615289114,68.09733771456592,0.04334196143010427,0.03787595861688681,0.005466002813217463,1.791759469228055,4.997155666351318,2024-07-29,0.0017573817045084539
2024-07-29,4,0.5702145664254203,0.3571692655398392,0.75,0.0,0.25,2,2024-07-27,2024-07-29,2024-07-29,5.005937576293945,5.699999809265137,5.710000038146973,5.679999828338623,5.699999809265137,4631200,2024-07-29,5.005937576293945,0.0017573817045084,-0.0070174806909976,0.0088339620900335,5.699999809265137,5.710000038146973,5.679999828338623,4631200,0.0017573817045084539,0.0017558393160599373,-0.12176530810457557,0.005992925271465274,15.348326787673667,0.07385164745982786,0.001405449603652631,0.0019335265937354684,0.0013318242596296326,0.004335729966647994,0.002292883031857657,0.0029267256714144247,69.46171901272635,0.042867181950058786,0.0388742032835212,0.003992978666537583,1.6094379124341003,5.005937576293945,2024-07-30,-0.007017480690997613
2024-07-30,2,0.7517590916249902,0.2647319343563957,1.0,0.0,0.0,1,2024-07-30,2024-07-30,2024-07-30,4.970808506011963,5.659999847412109,5.730000019073486,5.659999847412109,5.710000038146973,6485900,2024-07-30,4.970808506011963,-0.0070174806909976,0.0088339620900335,0.0017511311369582,5.710000038146973,5.730000019073486,5.659999847412109,6485900,-0.007017480690997613,-0.007042219010341855,-0.1294556089661419,0.014082250719719937,15.685141302088136,0.40047935740196916,-0.0045725980315241,-0.005097522582799163,-0.003803889374739966,-0.0022201484091173285,0.0040430267397574375,0.0033142756659654193,58.655370413557826,0.03920436983408049,0.03894023659363306,0.0002641332404474256,1.0986122886681098,4.970808506011963,2024-07-31,0.00883396209003351
2024-07-31,12,0.310693986248225,0.594686573044365,0.4166666666666667,0.1666666666666666,0.4166666666666667,1,2024-07-31,2024-07-31,2024-07-31,5.014720439910889,5.710000038146973,5.739999771118164,5.670000076293945,5.679999828338623,6203900,2024-07-31,5.014720439910889,0.0088339620900335,0.0017511311369582,-0.0017480700370866,5.679999828338623,5.739999771118164,5.670000076293945,6203900,0.00883396209003351,0.008795170932614393,-0.11712665643201717,0.01395884290320731,15.640688845704437,-0.0434789312200311,0.0031623855525355626,0.0031623951215198343,0.00332544104580923,0.005388794470802427,0.005919115063179673,0.004236759357547663,65.81471468278858,0.03939081809031908,0.03903035289297027,0.0003604651973488082,2.5649493574615367,5.014720439910889,2024-08-01,0.0017511311369582394
2024-08-01,4,0.3222229601815343,0.3956632543099316,0.5,0.0,0.5,1,2024-08-01,2024-08-01,2024-08-01,5.023501873016357,5.71999979019165,5.730000019073486,5.710000038146973,5.71999979019165,8507100,2024-08-01,5.023501873016357,0.0017511311369582,-0.0017480700370866,-0.0157619868948525,5.71999979019165,5.730000019073486,5.710000038146973,8507100,0.0017511311369582394,0.0017495996944059122,-0.12176537460186805,0.003981282665373965,15.95641178446307,0.37125034252647526,0.004213368814173446,0.004566097274595338,0.0033825331869734576,0.005841884304503608,0.005787191955713712,0.0041338681438588525,67.04373658782708,0.03978851075430079,0.03918198446523638,0.0006065262890644074,1.6094379124341003,5.023501873016357,2024-08-02,-0.0017480700370866575
2024-08-02,3,0.8507018176217874,0.1120981662773931,1.0,0.0,0.0,1,2024-08-02,2024-08-02,2024-08-02,5.014720439910889,5.710000038146973,5.730000019073486,5.710000038146973,5.71999979019165,6176500,2024-08-02,5.014720439910889,-0.0017480700370866,-0.0157619868948525,0.0,5.71999979019165,5.730000019073486,5.710000038146973,6176500,-0.0017480700370866575,-0.0017495996944059122,-0.12330059023605858,0.003988254413414334,15.636262487862984,-0.2739593986199762,0.0017544510720701734,0.0026339489733224752,0.0010851111106604527,0.003338650251019981,0.00578652839952425,0.004187303204084528,64.54473839106336,0.038946149821606824,0.03913481753651047,-0.0001886677149036467,1.3862943611198906,5.014720439910889,2024-08-05,-0.01576198689485253
2024-08-05,6,0.3755110598479708,0.8271299748559288,0.6666666666666666,0.3333333333333333,0.0,1,2024-08-05,2024-08-05,2024-08-05,4.935678482055664,5.619999885559082,5.690000057220459,5.590000152587891,5.690000057220459,29856500,2024-08-05,4.935678482055664,-0.0157619868948525,0.0,0.0142349414561175,5.690000057220459,5.690000057220459,5.590000152587891,29856500,-0.01576198689485253,-0.015887527941978785,-0.13256969553235431,0.020260619689092742,17.21191316303504,3.833886505302356,-0.011259765689552226,-0.011955085469313786,-0.009844203032699284,-0.010230811094206427,0.009259697758252656,0.006571612653926179,47.41355900344362,0.031537008295329017,0.03761525568827418,-0.006078247392945164,1.9459101490553132,4.935678482055664,2024-08-06,0.0
2024-08-06,1,0.9172029029577972,0.0,1.0,0.0,0.0,1,2024-08-06,2024-08-06,2024-08-06,4.935678482055664,5.619999885559082,5.630000114440918,5.570000171661377,5.590000152587891,12365600,2024-08-06,4.935678482055664,0.0,0.0142349414561175,-0.0035087879726566,5.590000152587891,5.630000114440918,5.570000171661377,12365600,0.0,0.0,-0.11705217400205407,0.012156371813455644,16.330429062689753,-0.5858322308375061,-0.009866167132628223,-0.010737623829135234,-0.006584408105212325,-0.008386263309023478,0.008986243677589496,0.006571612653926179,47.413559003443616,0.02537272922721634,0.03516675039606262,-0.009794021168846277,0.6931471805599453,4.935678482055664,2024-08-07,0.014234941456117589
2024-08-07,5,0.0319131217896938,0.8490699443710666,0.6,0.4,0.0,1,2024-08-07,2024-08-07,2024-08-07,5.005937576293945,5.699999809265137,5.699999809265137,5.619999885559082,5.619999885559082,2435500,2024-08-07,5.005937576293945,0.0142349414561175,-0.0035087879726566,-0.0052816187851387,5.619999885559082,5.699999809265137,5.619999885559082,2435500,0.014234941456117589,0.014134576019706246,-0.10926375832195401,0.01598100705148648,14.705663042821957,-0.8030423109270881,0.004582326299281236,0.0029913627640165696,0.005025211610452551,0.004682731279306296,0.010685638640167496,0.008175760815639662,58.71089634488856,0.025858732013631425,0.03330514671957638,-0.007446414705944954,1.791759469228055,5.005937576293945,2024-08-08,-0.003508787972656635
2024-08-08,5,0.2475332302041351,0.7237065830466164,0.6,0.2,0.2,1,2024-08-08,2024-08-08,2024-08-08,4.988372802734375,5.679999828338623,5.699999809265137,5.670000076293945,5.690000057220459,6697200,2024-08-08,4.988372802734375,-0.0035087879726566,-0.0052816187851387,0.0,5.690000057220459,5.699999809265137,5.670000076293945,6697200,-0.003508787972656635,-0.003514958206765728,-0.123308830831335,0.006013931628114696,15.717200235880647,1.7498254978443852,0.0024708710795584565,-0.00017605482198634892,0.00099869521194762,0.0009468564874999252,0.010691548786594986,0.008178053264069618,55.500742800446496,0.024543638505203802,0.03155284507670186,-0.007009206571498061,1.791759469228055,4.988372802734375,2024-08-09,-0.005281618785138775
2024-08-09,4,0.5512561325449497,0.3552487360096941,1.0,0.0,0.0,1,2024-08-09,2024-08-09,2024-08-09,4.962026119232178,5.650000095367432,5.710000038146973,5.639999866485596,5.690000057220459,6175300,2024-08-09,4.962026119232178,-0.0052816187851387,0.0,0.0053096623978017,5.690000057220459,5.710000038146973,5.639999866485596,6175300,-0.005281618785138775,-0.005295615840126722,-0.12793917937918148,0.014107175169849521,15.63606818422959,-0.07792808935077344,-0.0007073901664508275,-0.004755987865129208,-0.0028628910819461506,-0.0035535192689444273,0.010839636931139008,0.00832153784147559,50.9965595160261,0.021131865266172056,0.029468649114595905,-0.008336783848423849,1.6094379124341003,4.962026119232178,2024-08-13,0.005309662397801729
2024-08-13,4,0.0792512645712122,0.994284132183171,0.5,0.5,0.0,1,2024-08-13,2024-08-13,2024-08-13,4.988372802734375,5.679999828338623,5.690000057220459,5.659999847412109,5.659999847412109,3466200,2024-08-13,4.988372802734375,0.0053096623978017,0.0017606670480059,0.0017573817045084,5.659999847412109,5.690000057220459,5.659999847412109,3466200,0.005309662397801729,0.005295615840126722,-0.11866202522687677,0.006014027217834441,15.058569739497745,-0.4386993344452901,0.0024708710795584565,0.0008810325873753744,0.0016197340547288164,0.0014209580982340597,0.00787246168663048,0.008510536165544674,54.93514203431106,0.020319734315354943,0.027638866154747713,-0.00731913183939277,1.6094379124341003,4.988372802734375,2024-08-14,0.001760667048005926
2024-08-14,3,0.8250651227620741,0.1843540596693159,1.0,0.0,0.0,1,2024-08-14,2024-08-14,2024-08-14,4.997155666351318,5.690000057220459,5.699999809265137,5.670000076293945,5.690000057220459,6228600,2024-08-14,4.997155666351318,0.0017606670480059,0.0017573817045084,0.0070174806909977,5.690000057220459,5.699999809265137,5.670000076293945,6228600,0.001760667048005926,0.0017591188907057909,-0.12176526957850194,0.006003361706979955,15.644662306959102,0.7969534360394668,0.0017606287447988755,0.002113496794565517,0.0022529611642652103,0.0026036874436532464,0.007791160802650718,0.008189490141661164,56.19898302939747,0.02015251275563479,0.02614159547492513,-0.005989082719290342,1.3862943611198906,4.997155666351318,2024-08-15,0.0017573817045084539
2024-08-15,9,0.5861167199650986,0.5336191726702609,0.7777777777777778,0.2222222222222222,0.0,1,2024-08-15,2024-08-15,2024-08-15,5.005937576293945,5.699999809265137,5.71999979019165,5.690000057220459,5.699999809265137,13726500,2024-08-15,5.005937576293945,0.0017573817045084,0.0070174806909977,0.0313589357733148,5.699999809265137,5.71999979019165,5.690000057220459,13726500,0.0017573817045084539,0.0017558393160599373,-0.12176530810457557,0.005992830017149587,16.43483890185746,1.203785762450631,0.003521104546051923,0.004051435010912652,0.002672625212596147,0.0035690582641911828,0.004318207538810368,0.007685216112310064,57.48295352228266,0.020492391668591736,0.025011754713658452,-0.004519363045066716,2.302585092994046,5.005937576293945,2024-08-16,0.007017480690997724
2024-08-16,4,0.6442729980917647,0.2919187810552244,1.0,0.0,0.0,1,2024-08-16,2024-08-16,2024-08-16,5.041066646575928,5.739999771118164,5.75,5.699999809265137,5.699999809265137,6705400,2024-08-16,5.041066646575928,0.0070174806909977,0.0313589357733148,0.0,5.699999809265137,5.75,5.699999809265137,6705400,0.007017480690997724,0.006992972762516869,-0.11560231311203516,0.009918573635368457,15.71842387902444,-0.5114996539540305,0.008432812248622135,0.010741262058471701,0.006451694464688851,0.008665486698249625,0.0047223820997810955,0.00800370696557986,62.25000759358348,0.02332746603407454,0.02467489697774167,-0.0013474309436671307,1.6094379124341003,5.041066646575928,2024-08-19,0.03135893577331483
2024-08-19,2,-0.2492762203328311,0.9029868365255872,0.0,0.5,0.5,1,2024-08-19,2024-08-19,2024-08-19,5.199149131774902,5.920000076293945,5.949999809265137,5.730000019073486,5.739999771118164,32980400,2024-08-19,5.199149131774902,0.0313589357733148,0.0,-0.0033783938706859,5.739999771118164,5.949999809265137,5.730000019073486,32980400,0.03135893577331483,0.030877287777077767,-0.09422485381700683,0.042314575830708315,17.31142403390598,3.9184836102245955,0.030281922563934582,0.03859648708367169,0.025024875900538923,0.0327297905696049,0.012463575018826717,0.012570808064685638,75.54040632394043,0.03789340669488084,0.027318598921169505,0.010574807773711333,1.0986122886681098,5.199149131774902,2024-08-20,0.0
2024-08-20,2,0.6529121387284249,0.3856342213342527,1.0,0.0,0.0,1,2024-08-20,2024-08-20,2024-08-20,5.199149131774902,5.920000076293945,5.929999828338623,5.860000133514404,5.920000076293945,9080400,2024-08-20,5.199149131774902,0.0,-0.0033783938706859,0.0033898461059929,5.920000076293945,5.929999828338623,5.860000133514404,9080400,0.0,0.0,-0.12176536068058838,0.01346368281617689,16.021628912597915,-0.724672835987435,0.02174662144598072,0.03315880393679582,0.016545236437494726,0.02662050436915675,0.013112846600108434,0.010711682229772871,75.54040632394043,0.048873634771639196,0.031629606091263446,0.01724402868037575,1.0986122886681098,5.199149131774902,2024-08-21,-0.0033783938706859473
2024-08-21,3,0.824893140544494,0.1216984904808145,1.0,0.0,0.0,1,2024-08-21,2024-08-21,2024-08-21,5.181584358215332,5.900000095367432,5.920000076293945,5.860000133514404,5.920000076293945,5076600,2024-08-21,5.181584358215332,-0.0033783938706859,0.0033898461059929,0.0016892886498036,5.920000076293945,5.920000076293945,5.860000133514404,5076600,-0.0033783938706859473,-0.0033841135290644253,-0.12473238320308913,0.01157945883567676,15.44015250112286,-0.4409277124355755,0.010966409932874344,0.02466131208476141,0.008702597730623873,0.018863284670519898,0.013936802670092296,0.010946876774106263,72.26202521729923,0.055518234550424594,0.03640733178309567,0.01911090276732892,1.3862943611198906,5.181584358215332,2024-08-22,0.003389846105992911
2024-08-22,5,0.4556073654443026,0.3143187702366013,1.0,0.0,0.0,1,2024-08-22,2024-08-22,2024-08-22,5.199149131774902,5.920000076293945,5.929999828338623,5.860000133514404,5.889999866485596,8636600,2024-08-22,5.199149131774902,0.0033898461059929,0.0016892886498036,0.0,5.889999866485596,5.929999828338623,5.860000133514404,8636600,0.003389846105992911,0.0033841135290644253,-0.11729214777094815,0.01346368281617689,15.971519660599286,0.701256746641453,0.006802733902739888,0.024221441975882607,0.008048773939295817,0.018185633581978333,0.013791363213904641,0.010448131363239688,73.50054172872761,0.06149260965194081,0.0414243873568647,0.020068222295076113,1.791759469228055,5.199149131774902,2024-08-23,0.0016892886498036663
2024-08-23,5,0.5864872988313437,0.3356932357259308,1.0,0.0,0.0,1,2024-08-23,2024-08-23,2024-08-23,5.207931995391846,5.929999828338623,5.929999828338623,5.889999866485596,5.920000076293945,6412600,2024-08-23,5.207931995391846,0.0016892886498036,0.0,-0.0016864397662478,5.920000076293945,5.929999828338623,5.889999866485596,6412600,0.0016892886498036663,0.0016878634066046505,-0.12028176887252177,0.007680584517697363,15.673775518824455,-0.25750874186601214,0.0020277947257116846,0.02153324064624118,0.0064800424722450956,0.01622770376268101,0.014058384567519802,0.010167288205628245,74.12273273635822,0.06617324468209418,0.046374158821910594,0.019799085860183585,1.791759469228055,5.207931995391846,2024-08-27,-0.001686439766247827
2024-08-27,6,0.1750324229166532,0.8622013319111215,0.6666666666666666,0.3333333333333333,0.0,1,2024-08-27,2024-08-27,2024-08-27,5.199149131774902,5.920000076293945,5.960000038146973,5.900000095367432,5.940000057220459,10224000,2024-08-27,5.199149131774902,-0.0016864397662478,0.0405406347337704,-0.00811691960389,5.940000057220459,5.960000038146973,5.900000095367432,10224000,-0.001686439766247827,-0.0016878634066046505,-0.12472237681967761,0.01154033886292045,16.140248553408526,0.594361101581262,0.0003379352058006102,0.01508914842330733,0.003183374654856408,0.011843752233143157,0.0026740575952539244,0.009846900908750001,72.2947250066864,0.0683856705319208,0.050776461163912635,0.01760920936800816,1.9459101490553132,5.199149131774902,2024-08-28,0.04054063473377045
2024-08-28,8,0.4725936715840362,0.516246637308297,0.75,0.25,0.0,1,2024-08-28,2024-08-28,2024-08-28,5.409925937652588,6.159999847412109,6.199999809265137,5.909999847412109,5.920000076293945,34838700,2024-08-28,5.409925937652588,0.0405406347337704,-0.00811691960389,0.0032732483944555,5.920000076293945,6.199999809265137,5.909999847412109,34838700,0.04054063473377045,0.03974041917287363,-0.08616117095739556,0.053605163027215255,17.36623942452329,2.4075410798122068,0.03251765669146489,0.047619117092675634,0.028814180234887132,0.04284102901810849,0.01832487978957909,0.015022839260175936,83.07950109696645,0.08615383289986944,0.057851935511104,0.028301897388765443,2.1972245773362196,5.409925937652588,2024-08-29,-0.00811691960389005
2024-08-29,9,0.2133278672893842,0.8387894784184042,0.5555555555555556,0.3333333333333333,0.1111111111111111,1,2024-08-29,2024-08-29,2024-08-29,5.366014003753662,6.110000133514404,6.28000020980835,6.090000152587891,6.159999847412109,19883000,2024-08-29,5.366014003753662,-0.00811691960389,0.0032732483944555,-0.0032625691950758,6.159999847412109,6.28000020980835,6.090000152587891,19883000,-0.00811691960389005,-0.008150041147516385,-0.12889380898150676,0.03540804349141637,16.805375703534438,-0.429284100727065,0.01697736823843643,0.031746066673073337,0.013549827085443944,0.02795141938539114,0.01917063661928206,0.0158011226015445,76.4064688258689,0.0955900014765545,0.06539954870419411,0.03019045277236039,2.302585092994046,5.366014003753662,2024-08-30,0.00327324839445553
2024-08-30,5,0.3466045047156513,0.744013735405619,0.6,0.4,0.0,1,2024-08-30,2024-08-30,2024-08-30,5.383578300476074,6.130000114440918,6.150000095367432,6.039999961853027,6.079999923706055,17341500,2024-08-30,5.383578300476074,0.0032732483944555,-0.0032625691950758,-0.0065465856513622,6.079999923706055,6.150000095367432,6.039999961853027,17341500,0.00327324839445553,0.0032679029783364566,-0.11454303157383557,0.02043253155706436,16.66861308843076,-0.12782276316451235,0.013223074901357768,0.027661320474539064,0.011182080641854775,0.025477248933877705,0.019176444258260057,0.01574968577963361,77.19548002013593,0.10329480677829128,0.07297860031901354,0.03031620645927774,1.791759469228055,5.383578300476074,2024-09-02,-0.0032625691950758373
2024-09-02,2,0.9645754164084792,0.018925549732525,1.0,0.0,0.0,1,2024-09-02,2024-09-02,2024-09-02,5.366014003753662,6.110000133514404,6.139999866485596,6.090000152587891,6.130000114440918,7052400,2024-09-02,5.366014003753662,-0.0032625691950758,-0.0065465856513622,-0.0065898153041287,6.130000114440918,6.139999866485596,6.090000152587891,7052400,-0.0032625691950758373,-0.0032679029783364566,-0.12463068457168122,0.00931785005829821,15.768878684184433,-0.5933223769570106,0.003943494774328649,0.017994029761743136,0.005241579581774403,0.018035067070835575,0.01965033522869802,0.01610945136971392,74.51198355414719,0.10675304587412349,0.07973348943003554,0.027019556444087947,1.0986122886681098,5.366014003753662,2024-09-03,-0.006546585651362236
2024-09-03,5,0.0453497294336557,0.6338593422627896,0.6,0.4,0.0,1,2024-09-03,2024-09-03,2024-09-03,5.33088493347168,6.070000171661377,6.130000114440918,6.050000190734863,6.130000114440918,4861400,2024-09-03,5.33088493347168,-0.0065465856513622,-0.0065898153041287,0.0165836425054413,6.130000114440918,6.130000114440918,6.050000190734863,4861400,-0.006546585651362236,-0.006568108528873573,-0.130361364771707,0.015006874975625412,15.39683722593934,-0.3106743803527877,-0.007521201000199151,0.00880845242114825,-0.0008932791418736485,0.00928387244000084,0.020246036756235812,0.013885060687944402,69.3216127241038,0.10544361453498308,0.08487551445102505,0.020568100083958027,1.791759469228055,5.33088493347168,2024-09-04,-0.006589815304128721
2024-09-04,5,0.2874916200526058,0.7484255022100075,0.6,0.4,0.0,1,2024-09-04,2024-09-04,2024-09-04,5.295755386352539,6.03000020980835,6.079999923706055,6.010000228881836,6.059999942779541,4717500,2024-09-04,5.295755386352539,-0.0065898153041287,0.0165836425054413,0.0,6.059999942779541,6.079999923706055,6.010000228881836,4717500,-0.006589815304128721,-0.006611623999985161,-0.12611296429756497,0.013218075556248675,15.366789768201503,-0.029600526597276522,-0.009852190046402254,0.00033182253799202144,-0.0049972604527425135,0.0021531422961944546,0.004562794749484702,0.014174998788355625,64.48416876291927,0.10041371312262015,0.08798315418534407,0.012430558937276084,1.791759469228055,5.295755386352539,2024-09-05,0.01658364250544131
2024-09-05,3,0.3154609575867653,0.5989344663655253,0.6666666666666666,0.3333333333333333,0.0,1,2024-09-05,2024-09-05,2024-09-05,5.383578300476074,6.130000114440918,6.139999866485596,6.039999961853027,6.039999961853027,12383200,2024-09-05,5.383578300476074,0.0165836425054413,0.0,0.0130506310704292,6.039999961853027,6.139999866485596,6.039999961853027,12383200,0.01658364250544131,0.01644763550719519,-0.10867908369581641,0.01857498842799877,16.331851353996374,1.6249496555378906,0.0059073876977746576,0.013055626929911801,0.007639711683168571,0.015307065651502416,0.009750227148689462,0.014738566697952234,70.10135444315578,0.10233440786498083,0.09085340492127143,0.011481002943709392,1.3862943611198906,5.383578300476074,2024-09-06,0.0
2024-09-06,2,0.7963480148464441,0.0021021768024241,1.0,0.0,0.0,1,2024-09-06,2024-09-06,2024-09-06,5.383578300476074,6.130000114440918,6.190000057220459,6.099999904632568,6.130000114440918,10026200,2024-09-06,5.383578300476074,0.0,0.0130506310704292,0.0161029579298879,6.130000114440918,6.190000057220459,6.099999904632568,10026200,0.0,0.0,-0.12176538336539992,0.016717533871464605,16.120712324480152,-0.1903385231604109,0.0059073876977746576,0.009551978248252047,0.0050802040241004764,0.012489204066396642,0.009642849490144975,0.014791193926783752,70.10135444315578,0.10267302160483638,0.09321732825798443,0.009455693346851951,1.0986122886681098,5.383578300476074,2024-09-09,0.013050631070429253
2024-09-09,4,-0.0837863823398947,0.8602635214742457,0.5,0.5,0.0,1,2024-09-09,2024-09-09,2024-09-09,5.453837394714356,6.210000038146973,6.230000019073486,6.110000133514404,6.130000114440918,10664800,2024-09-09,5.453837394714356,0.0130506310704292,0.0161029579298879,-0.0126782612945571,6.130000114440918,6.230000019073486,6.110000133514404,10664800,0.013050631070429253,0.012966205330877889,-0.11030386739042182,0.022002835228527563,16.18245925054801,0.06369312401508043,0.01570166865085132,0.01803278879673198,0.012058281251554837,0.02093176663856422,0.010922266927225196,0.015062952496684066,73.92736213413765,0.10737296841598454,0.09604845628958444,0.011324512126400094,1.6094379124341003,5.453837394714356,2024-09-10,0.016102957929887918
2024-09-10,5,0.6150324441958219,0.7284325287642125,0.8,0.2,0.0,1,2024-09-10,2024-09-10,2024-09-10,5.541660308837891,6.309999942779541,6.320000171661377,6.199999809265137,6.210000038146973,15406100,2024-09-10,5.541660308837891,0.0161029579298879,-0.0126782612945571,0.001605143850712,6.210000038146973,6.320000171661377,6.199999809265137,15406100,0.016102957929887918,0.015974680567254484,-0.10762314415516665,0.021654225576559168,16.550274157760875,0.4445746755682245,0.024018109739543103,0.027854605228287088,0.018726608543872647,0.030370553415581147,0.010506700848342893,0.01527071557434914,77.75865500149037,0.11683745586573036,0.10020625620481363,0.016631199660916723,1.791759469228055,5.541660308837891,2024-09-11,-0.01267826129455718
2024-09-11,3,-0.3540806335707507,0.9816111311333764,0.3333333333333333,0.6666666666666666,0.0,1,2024-09-11,2024-09-11,2024-09-11,5.471401691436768,6.230000019073486,6.300000190734863,6.179999828338623,6.289999961853027,10764500,2024-09-11,5.471401691436768,-0.0126782612945571,0.001605143850712,0.009615515968766,6.289999961853027,6.300000190734863,6.179999828338623,10764500,-0.01267826129455718,-0.012759316268793341,-0.13014281007644102,0.021932288865584758,16.191764333781467,-0.3012832579303003,0.004514658457814624,0.013667373546522255,0.003866461700550161,0.014116054247898635,0.012716137693345812,0.010671579686100831,69.02058618293937,0.11731649557509094,0.10362830407886911,0.01368819149622183,1.3862943611198906,5.471401691436768,2024-09-12,0.0016051438507120874
2024-09-12,2,-0.0507344529032707,0.3408053492280171,0.5,0.0,0.5,1,2024-09-12,2024-09-12,2024-09-12,5.480184078216553,6.239999771118164,6.300000190734863,6.21999979019165,6.239999771118164,17428800,2024-09-12,5.480184078216553,0.001605143850712,0.009615515968766,0.0016260046290328,6.239999771118164,6.300000190734863,6.21999979019165,17428800,0.0016051438507120874,0.001603856984207841,-0.1217653398672253,0.014598122873501701,16.673634625686613,0.6190998188489945,0.002570688481051686,0.013151448831346002,0.0036452185785682545,0.012844569223626312,0.011484318997244235,0.010160970799730428,69.48224061491277,0.11705546072497075,0.10631373540808944,0.010741725316881306,1.0986122886681098,5.480184078216553,2024-09-13,0.009615515968766086
2024-09-13,2,0.2520908936858178,0.3468989405857222,1.0,0.0,0.0,1,2024-09-13,2024-09-13,2024-09-13,5.532878875732422,6.300000190734863,6.300000190734863,6.239999771118164,6.239999771118164,10366400,2024-09-13,5.532878875732422,0.009615515968766,0.0016260046290328,0.0064934601199175,6.239999771118164,6.300000190734863,6.239999771118164,10366400,0.009615515968766086,0.009569581118539006,-0.11332066046839472,0.010844339983632226,16.15408046114333,-0.40521435784448734,0.006711509549475414,0.020077803024093788,0.008824746160047026,0.01840192436899546,0.011532385095988432,0.010432902309559837,72.1627087588061,0.11972055446788143,0.10899509922004785,0.010725455247833582,1.0986122886681098,5.532878875732422,2024-09-17,0.00162600462903284
2024-09-17,6,0.4642984617967158,0.3451534273954668,0.6666666666666666,0.1666666666666666,0.1666666666666666,2,2024-09-16,2024-09-17,2024-09-17,5.54187536239624,6.159999847412109,6.179999828338623,6.110000133514404,6.170000076293945,8617200,2024-09-17,5.54187536239624,0.0016260046290328,0.0064934601199175,0.0032257835630367,6.170000076293945,6.179999828338623,6.110000133514404,8617200,0.00162600462903284,0.001624684114753805,-0.10180303178780391,0.012631048200613398,15.969270879933378,-0.16873745948448837,0.005128282564480946,0.018434389282301344,0.006952480444066822,0.01635133728626581,0.010779270040468475,0.01023045258305491,72.60511111644894,0.12116192252490521,0.11142846388101933,0.009733458643885876,1.9459101490553132,5.54187536239624,2024-09-18,0.006493460119917582
2024-09-18,2,0.1728481724858284,0.2090514347972636,0.0,0.0,1.0,1,2024-09-18,2024-09-18,2024-09-18,5.577861309051514,6.199999809265137,6.210000038146973,6.150000095367432,6.159999847412109,4272600,2024-09-18,5.577861309051514,0.0064934601199175,0.0032257835630367,0.0048232022255478,6.159999847412109,6.210000038146973,6.150000095367432,4272600,0.006493460119917582,0.006472468431211853,-0.09450301181503425,0.010756800762000964,15.267733333247769,-0.5041776911293692,0.010328327385810354,0.020416186900909183,0.008953792018951523,0.0187000363058758,0.00853969809927121,0.00965401436522239,74.36039159248286,0.12378111065006081,0.11389899323482763,0.009882117415233177,1.0986122886681098,5.577861309051514,2024-09-19,0.0032257835630367104
2024-09-19,2,0.6854811012744904,0.3109811117935108,1.0,0.0,0.0,1,2024-09-19,2024-09-19,2024-09-19,5.59585428237915,6.21999979019165,6.239999771118164,6.179999828338623,6.199999809265137,8720100,2024-09-19,5.59585428237915,0.0032257835630367,0.0048232022255478,0.0015999886024027,6.199999809265137,6.239999771118164,6.179999828338623,8720100,0.0032257835630367104,0.003220591885062296,-0.09744282991479535,0.010722213222827393,15.981141378386893,1.0409352619014185,0.009038213861856104,0.01811833735670887,0.008105985189933662,0.017917038738824997,0.0034786918211333917,0.00885824320224528,75.21548220840856,0.12585790707453803,0.11629077600276971,0.00956713107176832,1.0986122886681098,5.59585428237915,2024-09-20,0.004823202225547885
2024-09-20,6,-0.0322467249352485,0.5968710289751531,0.3333333333333333,0.6666666666666666,0.0,1,2024-09-20,2024-09-20,2024-09-20,5.622844219207764,6.25,6.260000228881836,6.21999979019165,6.230000019073486,14953200,2024-09-20,5.622844219207764,0.0048232022255478,0.0015999886024027,0.0063898155810608,6.230000019073486,6.260000228881836,6.21999979019165,14953200,0.004823202225547885,0.004811607852086119,-0.09745678940720416,0.007113915508016946,16.520435948594276,0.7147968486599925,0.008715306599706985,0.01859473966892833,0.008608311139021385,0.018599164784081967,0.003081129511748396,0.00796845273590197,76.48248008809456,0.12820379203076104,0.11867337920836799,0.009530412822393058,1.9459101490553132,5.622844219207764,2024-09-23,0.0015999886024027354
2024-09-23,3,0.7025190914670626,0.3810023163475902,1.0,0.0,0.0,1,2024-09-23,2024-09-23,2024-09-23,5.631840705871582,6.260000228881836,6.28000020980835,6.21999979019165,6.25,6249300,2024-09-23,5.631840705871582,0.0015999886024027,0.0063898155810608,-0.0190476510973351,6.25,6.28000020980835,6.21999979019165,6249300,0.0015999886024027354,0.0015987099843066677,-0.09890548706054687,0.010653784925796045,15.647980175458025,-0.5820760773613675,0.006754586592910172,0.01565671958530257,0.006791573972577236,0.01649027689349536,0.002115085832807247,0.007886229897905177,76.90626486377492,0.12929839266160226,0.12079838189901485,0.008500010762587412,1.3862943611198906,5.631840705871582,2024-09-24,0.006389815581060887
2024-09-24,1,-0.6586505547165871,0.0,0.0,1.0,0.0,1,2024-09-24,2024-09-24,2024-09-24,5.667827129364014,6.300000190734863,6.349999904632568,6.260000228881836,6.269999980926514,6224200,2024-09-24,5.667827129364014,0.0063898155810608,-0.0190476510973351,0.0,6.269999980926514,6.349999904632568,6.260000228881836,6224200,0.006389815581060887,0.006369487259676232,-0.09604032749510748,0.015879043890463764,15.643955638663387,-0.004016449842382364,0.00864557349149031,0.01821714534205876,0.008777829333051379,0.018728019667720197,0.002102571727638311,0.007351294330615278,78.56979468838121,0.13155321163773603,0.1229493478467591,0.00860386379097694,0.6931471805599453,5.667827129364014,2024-09-25,-0.019047651097335194
2024-09-25,3,0.2471469718342026,0.6667055383378437,0.6666666666666666,0.3333333333333333,0.0,1,2024-09-25,2024-09-25,2024-09-25,5.559868335723877,6.179999828338623,6.340000152587891,6.159999847412109,6.340000152587891,5063200,2024-09-25,5.559868335723877,-0.0190476510973351,0.0,-0.0129449774350338,6.340000152587891,6.340000152587891,6.159999847412109,5063200,-0.019047651097335194,-0.01923139459992873,-0.12304917950917964,0.032374922265555016,15.437509449946768,-0.1865299958227563,-0.009932711125877458,-0.0015041122151531194,-0.006982304009266471,-0.00055345041683319,0.010464953765586309,0.009062248278868347,63.736748883295725,0.12320852830429363,0.123001183938266,0.00020734436602762307,1.3862943611198906,5.559868335723877,2024-09-26,0.0
2024-09-26,5,0.6812076594680547,0.3027877831212534,1.0,0.0,0.0,1,2024-09-26,2024-09-26,2024-09-26,5.559868335723877,6.179999828338623,6.230000019073486,6.119999885559082,6.179999828338623,5550600,2024-09-26,5.559868335723877,0.0,-0.0129449774350338,0.0131147475460842,6.179999828338623,6.230000019073486,6.119999885559082,5550600,0.0,0.0,-0.10034490450486902,0.019784665188493648,15.529416768148153,0.09626323273818937,-0.008662181469328956,-0.003087977212050008,-0.004665728517823098,-0.00045286863928828414,0.010267568356775163,0.00783896401362685,63.736748883295725,0.11526658519912658,0.12145426419043813,-0.006187678991311549,1.791759469228055,5.559868335723877,2024-09-27,-0.012944977435033866
2024-09-27,4,0.3928881603060291,0.90899564241288,0.75,0.25,0.0,1,2024-09-27,2024-09-27,2024-09-27,5.487895965576172,6.099999904632568,6.199999809265137,6.090000152587891,6.190000057220459,3868900,2024-09-27,5.487895965576172,-0.0129449774350338,0.0131147475460842,0.0064724458354621,6.190000057220459,6.199999809265137,6.090000152587891,3868900,-0.012944977435033866,-0.013029493822876548,-0.11342553879709624,0.020044049188840132,15.168481045348035,-0.3029762548192988,-0.01676337863075239,-0.01612902853522391,-0.011769055652971261,-0.010983822148582179,0.010706867474455999,0.009094527873036452,55.618356801010194,0.10198930013116936,0.11756127137858438,-0.015571971247415023,1.6094379124341003,5.487895965576172,2024-09-30,0.013114747546084216
2024-09-30,3,0.0561402781556049,0.916582958793834,0.6666666666666666,0.3333333333333333,0.0,1,2024-09-30,2024-09-30,2024-09-30,5.559868335723877,6.179999828338623,6.190000057220459,6.059999942779541,6.099999904632568,8827000,2024-09-30,5.559868335723877,0.0131147475460842,0.0064724458354621,-0.0176848475934733,6.099999904632568,6.190000057220459,6.059999942779541,8827000,0.013114747546084216,0.013029493822876548,-0.08854616022182152,0.023381869244209787,15.993325877291136,1.2815270490320247,-0.0012928327397622175,-0.0037078825246597003,0.0007939138581545269,0.0016250382354170423,0.01334186497424376,0.009553715990321477,60.97190971280236,0.09616598323636172,0.11328221375013985,-0.017116230513778127,1.3862943611198906,5.559868335723877,2024-10-01,0.006472445835462137
2024-10-01,2,0.97438394499477,0.0001391183504921,1.0,0.0,0.0,1,2024-10-01,2024-10-01,2024-10-01,5.59585428237915,6.21999979019165,6.21999979019165,6.150000095367432,6.190000057220459,2756800,2024-10-01,5.59585428237915,0.0064724458354621,-0.0176848475934733,0.0065465982767425,6.190000057220459,6.21999979019165,6.150000095367432,2756800,0.006472445835462137,0.0064515895038597115,-0.09598477695460672,0.012509206153677302,14.829581507495144,-0.6876855103659227,0.007777019556342246,0.0017715836325866707,0.004835943985950886,0.006624054789637679,0.013355669649568393,0.009736774868995284,63.35224383004982,0.09337832063616336,0.10930143512734455,-0.015923114491181195,1.0986122886681098,5.59585428237915,2024-10-02,-0.01768484759347333
2024-10-02,5,0.7061537502333521,0.3068168537665953,1.0,0.0,0.0,1,2024-10-02,2024-10-02,2024-10-02,5.49689245223999,6.110000133514404,6.190000057220459,6.099999904632568,6.190000057220459,3786800,2024-10-02,5.49689245223999,-0.0176848475934733,0.0065465982767425,0.006504105259139,6.190000057220459,6.190000057220459,6.099999904632568,3786800,-0.01768484759347333,-0.017843092983526487,-0.11197214839634427,0.01637291494601017,15.147032157312047,0.37362159024956476,-0.007794734777681334,-0.014516128370419712,-0.00866028965336818,-0.009164210708284437,0.012940512844844435,0.01112725715875343,53.65987850538991,0.08223572308204385,0.10388829271828441,-0.021652569636240557,1.791759469228055,5.49689245223999,2024-10-03,0.006546598276742532
2024-10-03,4,-0.0325991418212652,0.9461149660794256,0.5,0.5,0.0,1,2024-10-03,2024-10-03,2024-10-03,5.532878398895264,6.150000095367432,6.170000076293945,6.099999904632568,6.119999885559082,5762500,2024-10-03,5.532878398895264,0.0065465982767425,0.006504105259139,-0.0048464922120129,6.119999885559082,6.170000076293945,6.099999904632568,5762500,0.006546598276742532,0.006525262370026486,-0.09593488523573443,0.01265167361627787,15.566882139822818,0.5217333896693779,-0.00032512968313225254,-0.006943367868049721,-0.0014479720958122666,-0.002191836299079375,0.013537268181507786,0.011328551128542438,56.2792965311389,0.07543928230323083,0.09819849063527371,-0.022759208332042882,1.6094379124341003,5.532878398895264,2024-10-04,0.006504105259139026
2024-10-04,5,0.099266579048708,0.7790580975117014,0.6,0.4,0.0,1,2024-10-04,2024-10-04,2024-10-04,5.568864822387695,6.190000057220459,6.190000057220459,6.150000095367432,6.150000095367432,5128900,2024-10-04,5.568864822387695,0.006504105259139,-0.0048464922120129,0.0064934601199175,6.150000095367432,6.190000057220459,6.150000095367432,5128900,0.006504105259139026,0.0064830448366728355,-0.09449353885660654,0.007182785563804912,15.450401964176931,-0.10995227765726678,0.003241502446829969,0.00048488421996073505,0.0033588265863153666,0.0035138102209397726,0.011906779477434024,0.011437703945580921,58.78806775126908,0.07212544046391933,0.09298388060100284,-0.020858440137083503,1.791759469228055,5.568864822387695,2024-10-07,-0.004846492212012943
2024-10-07,3,0.0170255285532524,0.7595551186016434,0.3333333333333333,0.3333333333333333,0.3333333333333333,2,2024-10-05,2024-10-07,2024-10-07,5.54187536239624,6.159999847412109,6.199999809265137,6.139999866485596,6.190000057220459,6860500,2024-10-07,5.54187536239624,-0.0048464922120129,0.0064934601199175,0.0,6.190000057220459,6.199999809265137,6.139999866485596,6860500,-0.004846492212012943,-0.004858274539446983,-0.10470511935911854,0.010826649618766915,15.741291029105327,0.3376162529977189,-0.0009730368780273002,-0.0027521168968298593,-0.0010031323200555553,-0.0011045805940975706,0.010741116894204561,0.011462473145251043,56.18414620361847,0.06655417793563778,0.08769794006792983,-0.02114376213229205,1.3862943611198906,5.54187536239624,2024-10-09,0.006493460119917582
2024-10-09,3,0.304021190231045,0.7056833222383242,0.6666666666666666,0.3333333333333333,0.0,1,2024-10-09,2024-10-09,2024-10-09,5.577861309051514,6.199999809265137,6.21999979019165,6.199999809265137,6.199999809265137,2910600,2024-10-09,5.577861309051514,0.0,0.0032257835630367,0.0048232022255478,6.199999809265137,6.21999979019165,6.199999809265137,2910600,0.006493460119917582,0.006472468431211853,-0.10034492247627388,0.003585600254000321,14.883870147033075,-0.5757452080752132,0.0061668195433517425,0.005351049854780632,0.003649205478733153,0.004398910498855768,0.010744580441362018,0.011470493755033949,58.804227577298825,0.06430145029839363,0.0830186421140226,-0.018717191815628975,1.3862943611198906,5.577861309051514,2024-10-10,0.0032257835630367104
2024-10-10,6,0.6862417873926461,0.201848997449591,1.0,0.0,0.0,1,2024-10-10,2024-10-10,2024-10-10,5.59585428237915,6.21999979019165,6.230000019073486,6.199999809265137,6.210000038146973,4232500,2024-10-10,5.59585428237915,0.0032257835630367,0.0048232022255478,0.0031999772048054,6.210000038146973,6.230000019073486,6.199999809265137,4232500,0.0032257835630367104,0.003220591885062296,-0.09889625635994033,0.005361149217701686,15.258303629256382,0.4541675255960971,0.00582145060222139,0.007940335595185033,0.004580658426573292,0.006241327491119497,0.004923679442965044,0.009722261884642177,60.08929979876226,0.06323904959109505,0.0790627236094371,-0.015823674018342046,1.9459101490553132,5.59585428237915,2024-10-11,0.004823202225547885
2024-10-11,4,0.5640309366863221,0.6817479048050962,0.75,0.25,0.0,1,2024-10-11,2024-10-11,2024-10-11,5.622844219207764,6.25,6.25,6.21999979019165,6.230000019073486,6309300,2024-10-11,5.622844219207764,0.0048232022255478,0.0031999772048054,0.0015949695397843,6.230000019073486,6.25,6.21999979019165,6309300,0.004823202225547885,0.004811607852086119,-0.09745678940720416,0.005335415430124884,15.657535451836054,0.4906792675723568,0.00741458688767449,0.011654277204565133,0.0062642871018079305,0.009059152742152188,0.0047206322029719385,0.009803632074169665,62.00398151903911,0.0638390548285015,0.07601798985324998,-0.012178935024748483,1.6094379124341003,5.622844219207764,2024-10-14,0.003199977204805471
2024-10-14,3,0.520981706213206,0.489335483134564,0.6666666666666666,0.0,0.3333333333333333,1,2024-10-14,2024-10-14,2024-10-14,5.6408371925354,6.269999980926514,6.28000020980835,6.25,6.25,2534800,2024-10-14,5.6408371925354,0.0031999772048054,0.0015949695397843,0.0015922608661085,6.25,6.28000020980835,6.25,2534800,0.003199977204805471,0.0031948681740363583,-0.09746604919433594,0.005318396681976447,14.745625690939864,-0.5982438622351132,0.008038579208503593,0.012106537115949445,0.0063029468878763595,0.010031503150321974,0.0043675312747372,0.008457804295183977,63.269081315943396,0.06501697070926138,0.07381778602445227,-0.00880081531519089,1.3862943611198906,5.6408371925354,2024-10-15,0.00159496953978433
2024-10-15,2,0.0839516334235668,0.9400089963839366,0.5,0.5,0.0,1,2024-10-15,2024-10-15,2024-10-15,5.649834156036377,6.28000020980835,6.289999961853027,6.260000228881836,6.269999980926514,5321200,2024-10-15,5.649834156036377,0.0015949695397843,0.0015922608661085,0.0302067162494448,6.269999980926514,6.289999961853027,6.260000228881836,5321200,0.00159496953978433,0.0015936989267479884,-0.09891002021956868,0.005309843110906042,15.487209587719406,1.0992583241281362,0.005765595763204345,0.012087094444498625,0.0052581192751322,0.00950553797791831,0.0018594901621943583,0.0076394421810896725,63.916042996545485,0.06591661162777829,0.07223755114511748,-0.006320939517339197,1.0986122886681098,5.649834156036377,2024-10-16,0.0015922608661085302
2024-10-16,4,0.5350247282767668,0.784326720627816,0.75,0.25,0.0,1,2024-10-16,2024-10-16,2024-10-16,5.658830165863037,6.289999961853027,6.289999961853027,6.269999980926514,6.28000020980835,8393100,2024-10-16,5.658830165863037,0.0015922608661085,0.0302067162494448,-0.0092592751635605,6.28000020980835,6.289999961853027,6.269999980926514,8393100,0.0015922608661085302,0.00159099456278744,-0.09891242407526434,0.0035342960188421636,15.94292061683028,0.5772945952040893,0.00447138309234596,0.01255631304609639,0.0045620715859890915,0.009074066205562836,0.0013516008972365072,0.007449449763642046,64.58768785901557,0.06658790245748669,0.07110762140759133,-0.00451971895010464,1.6094379124341003,5.658830165863037,2024-10-17,0.03020671624944482
2024-10-17,3,0.0690148357922832,0.7561234261240086,0.3333333333333333,0.6666666666666666,0.0,1,2024-10-17,2024-10-17,2024-10-17,5.8297648429870605,6.480000019073486,6.489999771118164,6.28000020980835,6.289999961853027,25986400,2024-10-17,5.8297648429870605,0.0302067162494448,-0.0092592751635605,-0.001557703897562,6.289999961853027,6.489999771118164,6.28000020980835,25986400,0.03020671624944482,0.02975947749272989,-0.0731693357165589,0.036021960913643764,17.073083920691886,2.096162323813609,0.026290779915493,0.03696592321941794,0.023003405190409554,0.03213199701798408,0.012328345349774767,0.009190079986097114,74.35529504111729,0.07999082077034192,0.07288426128014144,0.007106559490200476,1.3862943611198906,5.8297648429870605,2024-10-18,-0.00925927516356051
2024-10-18,3,0.8101113128165404,0.1297969828186538,1.0,0.0,0.0,1,2024-10-18,2024-10-18,2024-10-18,5.775785446166992,6.420000076293945,6.460000038146973,6.400000095367432,6.460000038146973,5695800,2024-10-18,5.775785446166992,-0.0092592751635605,-0.001557703897562,0.0,6.460000038146973,6.460000038146973,6.400000095367432,5695800,-0.00925927516356051,-0.00930240871525334,-0.1059155708884864,0.010388187604745433,15.555239794665892,-0.7808161192008127,0.011342141120030735,0.022944539527334662,0.008980252442446046,0.018395116246436194,0.014697468794538562,0.010358022861094574,67.97869389831469,0.08527405764211426,0.07536222055253601,0.009911837089578254,1.3862943611198906,5.775785446166992,2024-10-21,-0.001557703897562046
2024-10-21,2,0.6459918187465519,0.3890731130960691,1.0,0.0,0.0,1,2024-10-21,2024-10-21,2024-10-21,5.766788482666016,6.409999847412109,6.440000057220459,6.360000133514404,6.380000114440918,6849600,2024-10-21,5.766788482666016,-0.001557703897562,0.0,0.0124805768758817,6.380000114440918,6.440000057220459,6.360000133514404,6849600,-0.001557703897562046,-0.0015589183796445027,-0.09611467410273523,0.013872526094293356,15.739700960366735,0.20257031496892441,0.0053324257561997435,0.017783347489981338,0.004926872969148954,0.013710718503376462,0.015031148109093447,0.010484990429700572,66.94814520841967,0.08772385516673431,0.07783454747537567,0.009889307691358637,1.0986122886681098,5.766788482666016,2024-10-22,0.0
2024-10-22,3,0.3123889278310041,0.9262351124183568,0.6666666666666666,0.3333333333333333,0.0,1,2024-10-22,2024-10-22,2024-10-22,5.766788482666016,6.409999847412109,6.420000076293945,6.389999866485596,6.409999847412109,7055300,2024-10-22,5.766788482666016,0.0,0.0124805768758817,-0.006163284406322,6.409999847412109,6.420000076293945,6.389999866485596,7055300,0.0,0.0,-0.10034498908853728,0.005202238628748936,15.76928980713569,0.03003095071245032,0.0012495675459096578,0.013759227430637067,0.0032791965844285453,0.011189965599418095,0.015125250169468227,0.010160894853974875,66.94814520841967,0.08864351014851124,0.07999634001000279,0.00864717013850845,1.3862943611198906,5.766788482666016,2024-10-23,0.012480576875881777
2024-10-23,4,0.0570147093385457,0.8690025149171086,0.5,0.5,0.0,1,2024-10-23,2024-10-23,2024-10-23,5.838761329650879,6.489999771118164,6.53000020980835,6.389999866485596,6.420000076293945,11972100,2024-10-23,5.838761329650879,0.0124805768758817,-0.006163284406322,-0.0062016703998306,6.420000076293945,6.53000020980835,6.389999866485596,11972100,0.012480576875881777,0.012403336482092353,-0.09053562924232805,0.023977747234125265,16.298089584270627,0.6968945331878162,0.007451131696172952,0.02172545360080247,0.010478610026725121,0.019397099969366227,0.015437193235867687,0.010493012999576976,71.02365049705256,0.09409527879515167,0.08281612776703258,0.011279151028119092,1.6094379124341003,5.838761329650879,2024-10-24,-0.006163284406322078
2024-10-24,2,0.5626912228763103,0.0155667119581879,1.0,0.0,0.0,1,2024-10-24,2024-10-24,2024-10-24,5.8027753829956055,6.449999809265137,6.489999771118164,6.440000057220459,6.489999771118164,10096400,2024-10-24,5.8027753829956055,-0.006163284406322,-0.0062016703998306,-0.0078001745021759,6.489999771118164,6.489999771118164,6.440000057220459,10096400,-0.006163284406322078,-0.00618235584584248,-0.10588973996283461,0.00861651720041133,16.12768958167484,-0.15667259712164117,0.0021753310860039843,0.011764755375545555,0.0028298190332993745,0.010704330237392368,0.008334597409751674,0.011038567846054899,66.60164274775295,0.09442362283018824,0.08513762677966372,0.00928599605052452,1.0986122886681098,5.8027753829956055,2024-10-25,-0.006201670399830661
2024-10-25,1,-0.8716794103384017,0.0,0.0,1.0,0.0,1,2024-10-25,2024-10-25,2024-10-25,5.766788482666016,6.409999847412109,6.480000019073486,6.409999847412109,6.480000019073486,8756200,2024-10-25,5.766788482666016,-0.0062016703998306,-0.0078001745021759,0.0078614955392299,6.480000019073486,6.480000019073486,6.409999847412109,8756200,-0.006201670399830661,-0.006220980636249873,-0.11006350838089134,0.012138501675895613,15.985272693048941,-0.13274038271066912,-0.0037302229381888097,0.0029728681372076515,-0.00226215643271499,0.0036267543114949508,0.007652158372135758,0.011455685094417889,62.41648340309469,0.09073406986462018,0.086256915396655,0.004477154467965178,0.6931471805599453,5.766788482666016,2024-10-28,-0.0078001745021759605
2024-10-28,3,0.7210660216708978,0.4134276679920931,0.6666666666666666,0.0,0.3333333333333333,1,2024-10-28,2024-10-28,2024-10-28,5.721806526184082,6.360000133514404,6.460000038146973,6.329999923706055,6.409999847412109,5841500,2024-10-28,5.721806526184082,-0.0078001745021759,0.0078614955392299,0.0,6.409999847412109,6.460000038146973,6.329999923706055,5841500,-0.0078001745021759605,-0.007830754989197164,-0.10736245516540373,0.022720117124899724,15.580498342328232,-0.3328727073387999,-0.009962569409065258,-0.0062499307969048346,-0.006718953739536571,-0.0034403906007705043,0.008385163126366914,0.011909666736477165,57.548597566067286,0.08322108374928217,0.08564974906718044,-0.0024286653178982737,1.3862943611198906,5.721806526184082,2024-10-29,0.00786149553922999
2024-10-29,3,0.6379403045090537,0.3277880017977601,1.0,0.0,0.0,1,2024-10-29,2024-10-29,2024-10-29,5.766788482666016,6.409999847412109,6.420000076293945,6.360000133514404,6.369999885559082,8537900,2024-10-29,5.766788482666016,0.0078614955392299,0.0,-0.0031201028755815,6.369999885559082,6.420000076293945,6.360000133514404,8537900,0.00786149553922999,0.007830754989197164,-0.09469566934538866,0.010404394570720017,15.960025751011456,0.46159376872378677,-0.0021793945648037605,-0.0004678543219597264,0.0007262167254102891,0.003592268693780154,0.00941874676086559,0.01207950037632501,60.837815716325544,0.07997475686831024,0.0845147506274064,-0.004539993759096167,1.3862943611198906,5.766788482666016,2024-10-30,0.0
2024-10-30,5,0.5004499246366322,0.541783728594973,0.6,0.2,0.2,1,2024-10-30,2024-10-30,2024-10-30,5.766788482666016,6.409999847412109,6.429999828338623,6.389999866485596,6.409999847412109,11584000,2024-10-30,5.766788482666016,0.0,-0.0031201028755815,0.0031298683869358,6.409999847412109,6.429999828338623,6.389999866485596,11584000,0.0,0.0,-0.10034498908853728,0.006936263047146678,16.265135479933598,0.3567739139601074,0.0003120580253239691,-0.002334679820754082,0.00048402731402985566,0.002937210522291789,0.006496474890551328,0.012097650142524322,60.837815716325544,0.07651994513115845,0.08291578952815681,-0.0063958443969983625,1.791759469228055,5.766788482666016,2024-11-01,-0.0031201028755815097
2024-11-01,6,0.2564630936055133,0.8372985161338465,0.5,0.3333333333333333,0.1666666666666666,2,2024-10-31,2024-11-01,2024-11-01,5.748795509338379,6.389999866485596,6.429999828338623,6.340000152587891,6.400000095367432,6590000,2024-11-01,5.748795509338379,-0.0031201028755815,0.0031298683869358,0.0062403711247187,6.400000095367432,6.429999828338623,6.340000152587891,6590000,-0.0031201028755815097,-0.0031249805450881407,-0.10175071505083569,0.015655396961769884,15.701064058223746,-0.43111187845303867,-0.0009380962542908655,-0.0040523899871797164,-0.001759937846721571,-0.0001571428301146982,0.006198596553823564,0.006942773555873468,58.72689633664048,0.07150582472826539,0.08063379656817853,-0.009127971839913138,1.9459101490553132,5.748795509338379,2024-11-04,0.0031298683869358523
2024-11-04,3,0.1159470858983695,0.7749907791252156,0.6666666666666666,0.3333333333333333,0.0,1,2024-11-04,2024-11-04,2024-11-04,5.766788482666016,6.409999847412109,6.449999809265137,6.389999866485596,6.389999866485596,2388100,2024-11-04,5.766788482666016,0.0031298683869358,0.0062403711247187,-0.0015504586869484,6.389999866485596,6.449999809265137,6.389999866485596,2388100,0.0031298683869358523,0.0031249805450881407,-0.09752917008468374,0.010404394570720017,14.6860090474076,-0.6376176024279211,0.002188836014834772,-0.000779459031967078,0.0009092012661360283,0.0024305141247205064,0.005961877678047574,0.006468960251801458,60.213576736828365,0.0681978385273112,0.07814660496000506,-0.00994876643269385,1.3862943611198906,5.766788482666016,2024-11-05,0.006240371124718758
2024-11-05,1,0.613402619957924,0.0,1.0,0.0,0.0,1,2024-11-05,2024-11-05,2024-11-05,5.8027753829956055,6.449999809265137,6.449999809265137,6.400000095367432,6.409999847412109,6473800,2024-11-05,5.8027753829956055,0.0062403711247187,-0.0015504586869484,0.0077640025039433,6.409999847412109,6.449999809265137,6.400000095367432,6473800,0.006240371124718758,0.006220980636249873,-0.09473080793623682,0.00861651720041133,15.683273974657927,1.710858004271178,0.0056128147773437664,0.0048294858487205605,0.0047588139344365565,0.007095564376925267,0.004484663572418184,0.006742897814241668,63.078151196007234,0.06769967798559318,0.07605721956512268,-0.008357541579529504,0.6931471805599453,5.8027753829956055,2024-11-06,-0.0015504586869484749
2024-11-06,3,0.4708539545536041,0.4258568452920351,0.6666666666666666,0.0,0.3333333333333333,1,2024-11-06,2024-11-06,2024-11-06,5.793778419494629,6.440000057220459,6.46999979019165,6.429999828338623,6.440000057220459,4513500,2024-11-06,5.793778419494629,-0.0015504586869484,0.0077640025039433,-0.006163284406322,6.440000057220459,6.46999979019165,6.429999828338623,4513500,-0.0015504586869484749,-0.0015516618918589575,-0.10034497391056593,0.006903950920600861,15.322583685277872,-0.3028051530785628,0.0031152758052384044,0.0028028618096560542,0.0021317100838083025,0.004523352126358793,0.003756989400531083,0.006777057314937169,61.8786457660271,0.06582016847293826,0.0740098093466858,-0.008189640873747545,1.3862943611198906,5.793778419494629,2024-11-07,0.007764002503943379
2024-11-07,4,0.9018811731948516,0.0555827455993483,1.0,0.0,0.0,1,2024-11-07,2024-11-07,2024-11-07,5.838761329650879,6.489999771118164,6.53000020980835,6.429999828338623,6.460000038146973,3488000,2024-11-07,5.838761329650879,0.0077640025039433,-0.006163284406322,-0.0093024234257642,6.460000038146973,6.53000020980835,6.429999828338623,3488000,0.007764002503943379,0.007734017737701437,-0.09616698217145736,0.01712698564366664,15.064839350708214,-0.22720726708762606,0.008390327466766045,0.010588625739707869,0.006586413372510869,0.01005948636459375,0.00474574390327561,0.005965149436277742,65.41937246623267,0.06718591119232009,0.07264502971581266,-0.005459118523492568,1.6094379124341003,5.838761329650879,2024-11-08,-0.006163284406322078
2024-11-08,4,0.0210579747799782,1.0589916872060028,0.5,0.5,0.0,1,2024-11-08,2024-11-08,2024-11-08,5.8027753829956055,6.449999809265137,6.5,6.449999809265137,6.5,4912300,2024-11-08,5.8027753829956055,-0.006163284406322,-0.0093024234257642,-0.0015648512478912,6.5,6.5,6.449999809265137,4912300,-0.006163284406322078,-0.00618235584584248,-0.10726532569298378,0.008616599374393042,15.407253025433294,0.40834288990825685,0.0003102208140903784,0.004360080621479856,0.00025499083726199245,0.003134889340403957,0.0057371351648500225,0.005965149436277742,60.57241672707115,0.06461961232255664,0.07103994623716145,-0.006420333914604809,1.6094379124341003,5.8027753829956055,2024-11-11,-0.009302423425764261
2024-11-11,3,0.291385669261217,0.8558147432752471,0.6666666666666666,0.3333333333333333,0.0,1,2024-11-11,2024-11-11,2024-11-11,5.748795509338379,6.389999866485596,6.480000019073486,6.369999885559082,6.449999809265137,2771300,2024-11-11,5.748795509338379,-0.0093024234257642,-0.0015648512478912,0.0109717915215059,6.449999809265137,6.480000019073486,6.369999885559082,2771300,-0.009302423425764261,-0.009345961181338014,-0.10871384816469438,0.01913446622613718,14.834827442990953,-0.43584471632432875,-0.008379943867654505,-0.004672930142295861,-0.006051457918104464,-0.0050757428229665225,0.007488872842055681,0.006389741971258236,54.09764242594386,0.05756648667903086,0.06834525432553534,-0.010778767646504483,1.3862943611198906,5.748795509338379,2024-11-12,-0.0015648512478912968
2024-11-12,3,0.6638595396652818,0.3957157684166457,1.0,0.0,0.0,1,2024-11-12,2024-11-12,2024-11-12,5.739799499511719,6.380000114440918,6.429999828338623,6.369999885559082,6.389999866485596,1826200,2024-11-12,5.739799499511719,-0.0015648512478912,0.0109717915215059,-0.0077519647388157,6.389999866485596,6.429999828338623,6.369999885559082,1826200,-0.0015648512478912968,-0.0015660769064209656,-0.10175279820959957,0.010453316842277361,14.417748410749377,-0.3410312849565186,-0.007776011000458327,-0.006539955867685965,-0.005084117712217839,-0.00543326686584189,0.006446937429405907,0.005857991546369559,53.07933721799787,0.050666874787770766,0.06480957841798243,-0.014142703630211667,1.3862943611198906,5.739799499511719,2024-11-13,0.010971791521505958
2024-11-13,4,0.6413304060697556,0.3355643156931108,0.75,0.0,0.25,1,2024-11-13,2024-11-13,2024-11-13,5.8027753829956055,6.449999809265137,6.449999809265137,6.380000114440918,6.400000095367432,2520500,2024-11-13,5.8027753829956055,0.0109717915215059,-0.0077519647388157,0.0078125271739895,6.400000095367432,6.449999809265137,6.380000114440918,2520500,0.010971791521505958,0.01091203808775898,-0.09331635991757571,0.012063140515372205,14.73996824925142,0.38018836929142474,0.0027985369805187954,0.003734883252668908,0.003880384625192468,0.0044782850545157515,0.008761396785362254,0.006363130264223123,58.910315967914826,0.04970751287409936,0.06178916530920582,-0.012081652435106463,1.6094379124341003,5.8027753829956055,2024-11-14,-0.007751964738815564
2024-11-14,4,0.2810718864202499,0.2837311905710855,0.5,0.25,0.25,1,2024-11-14,2024-11-14,2024-11-14,5.757792472839356,6.400000095367432,6.449999809265137,6.360000133514404,6.449999809265137,5826600,2024-11-14,5.757792472839356,-0.0077519647388157,0.0078125271739895,0.0046511295389004,6.449999809265137,6.449999809265137,6.360000133514404,5826600,-0.007751964738815564,-0.007782167405392837,-0.10731897006127898,0.015630934281719713,15.577944369437164,1.3116841896449118,-0.0021827262675825354,-0.0038910311960261845,-0.0026044944301434336,-0.002708498026626538,0.008205117562826414,0.006899425372197674,53.77015659315176,0.04480102836660382,0.058391537920685424,-0.0135905095540816,1.6094379124341003,5.757792472839356,2024-11-15,0.007812527173989503
2024-11-15,3,-0.2993415538221598,1.0661324781713202,0.3333333333333333,0.6666666666666666,0.0,1,2024-11-15,2024-11-15,2024-11-15,5.8027753829956055,6.449999809265137,6.46999979019165,6.360000133514404,6.400000095367432,12785500,2024-11-15,5.8027753829956055,0.0078125271739895,0.0046511295389004,0.0015431988950018,6.400000095367432,6.46999979019165,6.360000133514404,12785500,0.007812527173989503,0.007782167405392837,-0.09331635991757571,0.018956387145293952,16.363822352486388,1.1943328871039713,0.0056127482981280785,0.0029544761120783303,0.003452486569225144,0.004154871187727505,0.009089652607963784,0.007231968358175368,57.741053250911314,0.04403474384052686,0.05552017910465371,-0.011485435264126855,1.3862943611198906,5.8027753829956055,2024-11-18,0.004651129538900456
2024-11-18,2,0.0860596597194671,0.5070292217640872,0.5,0.5,0.0,1,2024-11-18,2024-11-18,2024-11-18,5.8297648429870605,6.480000019073486,6.539999961853027,6.389999866485596,6.440000057220459,7381100,2024-11-18,5.8297648429870605,0.0046511295389004,0.0015431988950018,0.0015408211015806,6.440000057220459,6.539999961853027,6.389999866485596,7381100,0.004651129538900456,0.00464034645864797,-0.09475702000176371,0.025730042189930673,15.814433372441252,-0.4226975871103985,0.007462666273654772,0.006523759850350919,0.005398504680768301,0.007209153080963482,0.0075120462833723894,0.007298412078231718,59.963122996243854,0.045085563383910454,0.05343325596050506,-0.00834769257659461,1.0986122886681098,5.8297648429870605,2024-11-19,0.0015431988950018738
2024-11-19,5,0.4749740658327937,0.592748277949729,0.8,0.2,0.0,1,2024-11-19,2024-11-19,2024-11-19,5.838761329650879,6.489999771118164,6.519999980926514,6.460000038146973,6.480000019073486,5172900,2024-11-19,5.838761329650879,0.0015431988950018,0.0015408211015806,-0.0015384506243947,6.480000019073486,6.519999980926514,6.460000038146973,5172900,0.0015431988950018738,0.0015420093871945095,-0.09895658758258646,0.01027614238568793,15.458944210971476,-0.29916950048095814,0.00557791282713338,0.007451090251632042,0.0046226471756363186,0.007158711253868466,0.00717933664985007,0.007079457022577361,60.704845485452786,0.04611272790665133,0.051969150349734324,-0.005856422443082994,1.791759469228055,5.838761329650879,2024-11-20,0.0015408211015806028
2024-11-20,1,0.8039584867656231,0.0,1.0,0.0,0.0,1,2024-11-20,2024-11-20,2024-11-20,5.847757816314697,6.5,6.519999980926514,6.480000019073486,6.5,6652700,2024-11-20,5.847757816314697,0.0015408211015806,-0.0015384506243947,0.0015408211015806,6.5,6.519999980926514,6.480000019073486,6652700,0.0015408211015806028,0.0015396352547092373,-0.10034495133620042,0.0068402220320122,15.710533495582727,0.2860677762956949,0.00556928369172538,0.008064491601770474,0.00410528329171167,0.007115554806131241,0.005817269798077923,0.007040519213620027,61.4734901281257,0.04710965371495224,0.05099725102277791,-0.0038875973078256743,0.6931471805599453,5.847757816314697,2024-11-21,-0.0015384506243947271
2024-11-21,1,-0.9578344277106228,0.0,0.0,1.0,0.0,1,2024-11-21,2024-11-21,2024-11-21,5.838761329650879,6.489999771118164,6.519999980926514,6.480000019073486,6.5,3498800,2024-11-21,5.838761329650879,-0.0015384506243947,0.0015408211015806,0.0169232014939777,6.5,6.519999980926514,6.480000019073486,3498800,-0.0015384506243947271,-0.0015396352547092373,-0.1017290262075571,0.006850761590458621,15.067930896340075,-0.47407819381604466,0.0012341781995146572,0.006513634155235426,0.0017055555598421979,0.004549524411947337,0.0035545508349052765,0.0066435445013316545,60.20523810027198,0.04663619034126665,0.05012503888647566,-0.0034888485452090126,0.6931471805599453,5.838761329650879,2024-11-22,0.0015408211015806028
2024-11-22,2,0.9207088771509008,0.0660463412836389,1.0,0.0,0.0,1,2024-11-22,2024-11-22,2024-11-22,5.847757816314697,6.5,6.510000228881836,6.489999771118164,6.5,3437500,2024-11-22,5.847757816314697,0.0015408211015806,0.0169232014939777,0.009077010133045,6.5,6.510000228881836,6.489999771118164,3437500,0.0015408211015806028,0.0015396352547092373,-0.10034495133620042,0.0034201925578847448,15.050255311866012,-0.01752029267177313,0.001232277137541038,0.007283415109223812,0.002163659831351916,0.004983220973718838,0.0021883621321509544,0.006283815536580904,61.07017578764269,0.04645144514883981,0.04939032013894849,-0.0029388749901086836,1.0986122886681098,5.847757816314697,2024-11-25,0.016923201493977746
2024-11-25,5,0.0687877999618649,0.1212609918216097,0.0,0.0,1.0,2,2024-11-23,2024-11-25,2024-11-25,5.946720600128174,6.610000133514404,6.630000114440918,6.460000038146973,6.5,12083500,2024-11-25,5.946720600128174,0.0169232014939777,0.009077010133045,0.0164917964161597,6.5,6.630000114440918,6.460000038146973,12083500,0.016923201493977746,0.016781599459856134,-0.08511990767258865,0.02858719750349145,16.30735152636265,2.5152,0.014114853744367828,0.02084950958335785,0.012668231372396033,0.017920782511352318,0.007345313933897237,0.007031739513302604,69.04138313286023,0.05367180765101942,0.050246617641362686,0.0034251900096567353,1.791759469228055,5.946720600128174,2024-11-26,0.009077010133045071
2024-11-26,4,0.4958069014828652,0.3363038788653884,0.75,0.0,0.25,1,2024-11-26,2024-11-26,2024-11-26,6.000699043273926,6.670000076293945,6.679999828338623,6.570000171661377,6.610000133514404,5741200,2024-11-26,6.000699043273926,0.009077010133045,0.0164917964161597,-0.0162242297225662,6.610000133514404,6.679999828338623,6.570000171661377,5741200,0.009077010133045071,0.009036061683031837,-0.09217868047402374,0.018331140402807353,15.56317897985896,-0.524872760375719,0.01769906995741488,0.02552270383163191,0.014468062383886204,0.022112994520320894,0.007486223002751264,0.0069999135800467354,72.36515925718979,0.06302311496035262,0.052801917105160676,0.010221197855191946,1.6094379124341003,6.000699043273926,2024-11-27,0.01649179641615972
2024-11-27,6,0.4776936300719778,0.4661113161147757,0.8333333333333334,0.0,0.1666666666666666,1,2024-11-27,2024-11-27,2024-11-27,6.099661350250244,6.78000020980835,6.829999923706055,6.679999828338623,6.679999828338623,12429200,2024-11-27,6.099661350250244,0.0164917964161597,-0.0162242297225662,0.0134932374091114,6.679999828338623,6.829999923706055,6.679999828338623,12429200,0.01649179641615972,0.016357283631818875,-0.08687701991045027,0.024591544801299135,16.33555918145303,1.164913258552219,0.025718601448950773,0.03717300997238748,0.02058490298065463,0.03165979403862451,0.008431380812440189,0.007746791359186252,77.19850329562217,0.07752585469129869,0.05774670462238828,0.019779150068910407,1.9459101490553132,6.099661350250244,2024-11-28,-0.016224229722566208
2024-11-28,10,-0.0057269472628831,0.5700618958438874,0.3,0.6,0.1,1,2024-11-28,2024-11-28,2024-11-28,6.000699043273926,6.670000076293945,6.760000228881836,6.619999885559082,6.760000228881836,22842800,2024-11-28,6.000699043273926,-0.0162242297225662,0.0134932374091114,-0.0295858252610791,6.760000228881836,6.760000228881836,6.619999885559082,22842800,-0.016224229722566208,-0.016357283631818875,-0.11232265678983643,0.023330672362193824,16.94414657095973,0.8378334888810222,0.0036111530643345713,0.016148647616944123,0.00268086769306608,0.012175800412820514,0.013708595206895434,0.009552683899695357,64.96253387495211,0.08011048549445565,0.06221946079680176,0.01789102469765389,2.3978952727983707,6.000699043273926,2024-11-29,0.013493237409111458
2024-11-29,10,0.4685398958390578,0.7642504462674066,0.7,0.3,0.0,1,2024-11-29,2024-11-29,2024-11-29,6.081667900085449,6.760000228881836,6.789999961853027,6.579999923706055,6.650000095367432,17010400,2024-11-29,6.081667900085449,0.0134932374091114,-0.0295858252610791,-0.0060974373182037,6.650000095367432,6.789999961853027,6.579999923706055,17010400,0.013493237409111458,0.013403014375679367,-0.08546348678669913,0.03453000749087633,16.649335538462193,-0.2553277181431348,0.009256444525587604,0.025018904594146463,0.010748772259659756,0.021037547212716,0.013873280274420906,0.009953099826298252,69.25612763457396,0.08768159523694319,0.06731188768483005,0.020369707552113134,2.3978952727983707,6.081667900085449,2024-12-02,-0.029585825261079113
2024-12-02,5,0.6994185174349696,0.3344977207149953,1.0,0.0,0.0,1,2024-12-02,2024-12-02,2024-12-02,5.901736736297607,6.559999942779541,6.710000038146973,6.559999942779541,6.699999809265137,11914800,2024-12-02,5.901736736297607,-0.0295858252610791,-0.0060974373182037,0.007668738088727,6.699999809265137,6.710000038146973,6.559999942779541,11914800,-0.029585825261079113,-0.030032314349621503,-0.11914374562573064,0.025416263393262205,16.293291966738913,-0.2995579175092884,-0.019138795036950595,-0.006512257596413051,-0.012852103824556593,-0.007515824710255137,0.020407587275791696,0.014732013336871148,53.551351201871064,0.07826067276451276,0.0695016447007666,0.008759028063746163,1.791759469228055,5.901736736297607,2024-12-03,-0.00609743731820378
2024-12-03,1,-0.25106281042099,0.0,0.0,1.0,0.0,1,2024-12-03,2024-12-03,2024-12-03,5.865751266479492,6.519999980926514,6.570000171661377,6.480000019073486,6.559999942779541,15574600,2024-12-03,5.865751266479492,-0.0060974373182037,0.007668738088727,0.0015219784138187,6.559999942779541,6.570000171661377,6.480000019073486,15574600,-0.00609743731820378,-0.006116102601403384,-0.10583059182251889,0.01534332918311876,16.56115200433212,0.3071641991472791,-0.020726877784805753,-0.01301841573634166,-0.012660423189303938,-0.011128079254917989,0.019580943516582506,0.014916488574668624,51.057675006253945,0.06711711286170985,0.06902473833295525,-0.0019076254712454,0.6931471805599453,5.865751266479492,2024-12-04,0.007668738088727034
2024-12-04,5,0.5972710279747844,0.4922118968305178,0.8,0.2,0.0,1,2024-12-04,2024-12-04,2024-12-04,5.910734176635742,6.570000171661377,6.599999904632568,6.53000020980835,6.550000190734863,14826600,2024-12-04,5.910734176635742,0.007668738088727,0.0015219784138187,-0.0106382224633725,6.550000190734863,6.599999904632568,6.53000020980835,14826600,0.007668738088727034,0.0076394827890835515,-0.09759786190592462,0.01184280881737453,16.51193349027185,-0.04802691561902073,-0.006952760200408026,-0.006502273597285058,-0.003398280741612192,-0.0029020626533444727,0.01751816961944176,0.015086071661533317,53.94472347645829,0.06120991645047624,0.06746177395645946,-0.006251857505983213,1.791759469228055,5.910734176635742,2024-12-05,0.0015219784138187364
2024-12-05,7,0.7024644863392625,0.3843104846539263,0.8571428571428571,0.0,0.1428571428571428,1,2024-12-05,2024-12-05,2024-12-05,5.919730186462402,6.579999923706055,6.630000114440918,6.559999942779541,6.570000171661377,6401100,2024-12-05,5.919730186462402,0.0015219784138187,-0.0106382224633725,0.009216605244614,6.570000171661377,6.630000114440918,6.559999942779541,6401100,0.0015219784138187364,0.0015208213785122826,-0.09897564204089492,0.01182489225969413,15.671980564784223,-0.568269191857877,-0.00272811218348179,-0.006342513666880989,-0.001255103440164107,-0.0011330588626070615,0.016747364053826173,0.01505592418455039,54.52249110080311,0.05660185262214412,0.0652897896895964,-0.008687937067452273,2.0794415416798357,5.919730186462402,2024-12-06,-0.010638222463372538
2024-12-06,2,0.8123754058033228,0.2047543291497329,1.0,0.0,0.0,1,2024-12-06,2024-12-06,2024-12-06,5.856754779815674,6.510000228881836,6.599999904632568,6.510000228881836,6.579999923706055,6420900,2024-12-06,5.856754779815674,-0.0106382224633725,0.009216605244614,0.0030441181738065,6.579999923706055,6.599999904632568,6.510000228881836,6420900,-0.010638222463372538,-0.010695212896933759,-0.10991567663773275,0.015366816459671704,15.67506900849816,0.003093218353095617,-0.005803257379781934,-0.01706170513175609,-0.007951470309021214,-0.009641800782112298,0.014239546543855579,0.015535497038892671,49.8115308513721,0.04732283168371687,0.06169639808842049,-0.014373566404703622,1.0986122886681098,5.856754779815674,2024-12-09,0.009216605244614096
2024-12-09,3,0.1166507719705501,0.5954850803080018,0.3333333333333333,0.3333333333333333,0.3333333333333333,1,2024-12-09,2024-12-09,2024-12-09,5.910734176635742,6.570000171661377,6.590000152587891,6.480000019073486,6.519999980926514,4095200,2024-12-09,5.910734176635742,0.009216605244614,0.0030441181738065,0.0,6.519999980926514,6.590000152587891,6.480000019073486,4095200,0.009216605244614096,0.009174391518421476,-0.09344567577808378,0.018610231864125873,15.225326358313799,-0.36220779018517657,0.003053461824088277,-0.007402862300864399,0.0007942507060250126,-0.00042063403134728894,0.008600340148576429,0.014790503581271609,53.51878967690858,0.04381970070411345,0.05812105861155909,-0.01430135790744564,1.3862943611198906,5.910734176635742,2024-12-10,0.003044118173806565
2024-12-10,2,0.6052957884967327,0.3865420819026067,1.0,0.0,0.0,1,2024-12-10,2024-12-10,2024-12-10,5.928727149963379,6.590000152587891,6.599999904632568,6.550000190734863,6.570000171661377,8099700,2024-12-10,5.928727149963379,0.0030441181738065,0.0,-0.0045524803188047,6.570000171661377,6.599999904632568,6.550000190734863,8099700,0.003044118173806565,0.0030394942275944192,-0.09760624123938756,0.008433465165961284,15.907337705381098,0.9778521195546006,0.0039610033516876975,-0.0031764853258772208,0.0025572504973503385,0.002144416995323084,0.007828235316467098,0.014475807083870897,54.71945022917534,0.042011049510287,0.054899056791304676,-0.012888007281017674,1.0986122886681098,5.928727149963379,2024-12-11,0.0
2024-12-11,1,0.9151008208282292,0.0,1.0,0.0,0.0,1,2024-12-11,2024-12-11,2024-12-11,5.928727149963379,6.590000152587891,6.619999885559082,6.550000190734863,6.599999904632568,4012900,2024-12-11,5.928727149963379,0.0,-0.0045524803188047,-0.0015242179364214,6.599999904632568,6.619999885559082,6.550000190734863,4012900,0.0,0.0,-0.10170799460133631,0.011806867317996095,15.205024979121674,-0.504561897354223,0.003349582020859998,-0.00030336373536998806,0.0017033816736895524,0.0017538391847997659,0.007206301288858851,0.01312386022304045,54.71945022917534,0.040115256700191004,0.051942296773081945,-0.01182704007289094,0.6931471805599453,5.928727149963379,2024-12-12,-0.00455248031880473
2024-12-12,3,0.8363320793335637,0.1044436639408735,1.0,0.0,0.0,1,2024-12-12,2024-12-12,2024-12-12,5.901736736297607,6.559999942779541,6.579999923706055,6.53000020980835,6.570000171661377,4554600,2024-12-12,5.901736736297607,-0.0045524803188047,-0.0015242179364214,-0.0015267874815079,6.570000171661377,6.579999923706055,6.53000020980835,4554600,-0.00455248031880473,-0.004562874415274587,-0.10171437106595746,0.00847203393370472,15.331648488791139,0.1349896583518153,-0.0006094932173954515,-0.0031910944415554088,-0.0019063842577986545,-0.002297502320760425,0.007523170310946826,0.012285620847056125,52.36619099907623,0.036019713588457236,0.048757780136157,-0.012738066547699767,1.3862943611198906,5.901736736297607,2024-12-13,-0.0015242179364214348
2024-12-13,2,0.6034141263226047,0.5382448117848158,1.0,0.0,0.0,1,2024-12-13,2024-12-13,2024-12-13,5.8927412033081055,6.550000190734863,6.579999923706055,6.539999961853027,6.559999942779541,5970400,2024-12-13,5.8927412033081055,-0.0015242179364214,-0.0015267874815079,-0.0122324097061813,6.559999942779541,6.579999923706055,6.539999961853027,5970400,-0.0015242179364214348,-0.0015253807383059925,-0.10171627214812307,0.006788005865686398,15.602324652292266,0.31085056865586447,-0.0033474788178634585,-0.001524322811210621,-0.0022877448644098575,-0.003126167094875787,0.00523479587993064,0.011096987729773309,51.570162550408014,0.03168288129846708,0.04534280036861902,-0.01365991907015194,1.0986122886681098,5.8927412033081055,2024-12-16,-0.0015267874815079185
2024-12-16,3,0.1690328973345458,0.7069854571785187,0.3333333333333333,0.3333333333333333,0.3333333333333333,1,2024-12-16,2024-12-16,2024-12-16,5.883744239807129,6.539999961853027,6.559999942779541,6.5,6.550000190734863,5376500,2024-12-16,5.883744239807129,-0.0015267874815079,-0.0122324097061813,0.0030959531329111,6.550000190734863,6.559999942779541,6.5,5376500,-0.0015267874815079185,-0.0015279542092294651,-0.10171846282846982,0.010197578333470837,15.497548348807307,-0.0994740720889723,-0.003959796904796309,-0.002744751968125625,-0.0025439246295019258,-0.003806274432893164,0.002760819005559121,0.006057451443462998,50.739400449216824,0.027206313255820902,0.0417155029460594,-0.014509189690238497,1.3862943611198906,5.883744239807129,2024-12-17,-0.012232409706181335
2024-12-17,4,0.4313826574361884,0.7304785635023722,0.75,0.25,0.0,1,2024-12-17,2024-12-17,2024-12-17,5.811771869659424,6.460000038146973,6.539999961853027,6.440000057220459,6.539999961853027,4264500,2024-12-17,5.811771869659424,-0.0122324097061813,0.0030959531329111,-0.0123456729535642,6.539999961853027,6.539999961853027,6.440000057220459,4264500,-0.012232409706181335,-0.012307841401907327,-0.11134986184117181,0.01720644011417958,15.265835733235352,-0.2068260020459407,-0.012232409706181335,-0.014041518906061978,-0.009878698519415807,-0.01312262138724829,0.004907104416046347,0.006955258441069969,44.55585587434722,0.017647601492610576,0.03690192265536964,-0.01925432116275906,1.6094379124341003,5.811771869659424,2024-12-18,0.003095953132911111
2024-12-18,3,0.4987393325815598,0.2711921969916644,1.0,0.0,0.0,1,2024-12-18,2024-12-18,2024-12-18,5.8297648429870605,6.480000019073486,6.5,6.420000076293945,6.460000038146973,2827700,2024-12-18,5.8297648429870605,0.0030959531329111,-0.0123456729535642,-0.0156249715320109,6.460000038146973,6.5,6.420000076293945,2827700,0.003095953132911111,0.003091170538593202,-0.09755962715763276,0.013722667356349874,14.85497457197897,-0.3369210927424082,-0.005830016466142118,-0.009628631119801945,-0.004552558943950236,-0.008251982524140833,0.005669017478741541,0.006461967126628627,46.317219335039425,0.011392806940817124,0.031800099512459136,-0.020407292571642012,1.3862943611198906,5.8297648429870605,2024-12-19,-0.012345672953564146
2024-12-19,4,0.1049753461265936,0.5764984759446415,0.25,0.5,0.25,1,2024-12-19,2024-12-19,2024-12-19,5.757792472839356,6.400000095367432,6.449999809265137,6.400000095367432,6.440000057220459,4292700,2024-12-19,5.757792472839356,-0.0123456729535642,-0.0156249715320109,0.0095238255486675,6.440000057220459,6.449999809265137,6.400000095367432,4292700,-0.012345672953564146,-0.012422513864040807,-0.1059328537763317,0.00868383397518469,15.272426696516527,0.5180889061781659,-0.013259347487938333,-0.019157105675636665,-0.011291408399361824,-0.016831998422593197,0.006998424679619448,0.007218600904769067,40.74176017549792,0.0006211086683336475,0.02556430134363404,-0.02494319267530039,1.6094379124341003,5.757792472839356,2024-12-20,-0.015624971532011145
2024-12-20,3,-0.3180833575315774,0.9319390754200354,0.3333333333333333,0.6666666666666666,0.0,1,2024-12-20,2024-12-20,2024-12-20,5.667827129364014,6.300000190734863,6.409999847412109,6.28000020980835,6.400000095367432,7712000,2024-12-20,5.667827129364014,-0.0156249715320109,0.0095238255486675,0.0094338946512595,6.400000095367432,6.409999847412109,6.28000020980835,7712000,-0.015624971532011145,-0.01574832804827797,-0.11440202423331106,0.022936415426337644,15.85828824494056,0.7965383092226337,-0.02113111841484694,-0.03136530162483753,-0.017986958130038366,-0.026495612002362057,0.008055863708156672,0.007958675565623042,35.06043574002747,-0.015002056792966734,0.017451029716313887,-0.032453086509280624,1.3862943611198906,5.667827129364014,2024-12-23,0.009523825548667597
2024-12-23,2,-0.1328846970573067,0.7074193092878789,0.0,0.5,0.5,1,2024-12-23,2024-12-23,2024-12-23,5.721806526184082,6.360000133514404,6.380000114440918,6.300000190734863,6.300000190734863,3831200,2024-12-23,5.721806526184082,0.0095238255486675,0.0094338946512595,0.0015576213395858,6.300000190734863,6.380000114440918,6.300000190734863,3831200,0.009523825548667597,0.00947875982822377,-0.09177676937234154,0.013981584896301495,15.158688889025328,-0.5032157676348548,-0.006249971946091226,-0.018972668694175243,-0.005772906755511897,-0.014136738207569222,0.011116519066022441,0.008012535350056431,40.42813831422511,-0.02276541623377515,0.009407740526296081,-0.03217315676007123,1.0986122886681098,5.721806526184082,2024-12-24,0.009433894651259545
2024-12-24,7,0.7040762259691421,0.2984256217468492,0.7142857142857143,0.0,0.2857142857142857,1,2024-12-24,2024-12-24,2024-12-24,5.775785446166992,6.420000076293945,6.429999828338623,6.349999904632568,6.360000133514404,2825700,2024-12-24,5.775785446166992,0.0094338946512595,0.0015576213395858,0.0046656792152242,6.360000133514404,6.429999828338623,6.349999904632568,2825700,0.009433894651259545,0.009389673368841667,-0.09185765331495162,0.013850916806327244,14.854267033373565,-0.26245040718312795,0.004380444356940183,-0.007114166714455528,0.0024014642858729562,-0.003960379903621303,0.012029545021547548,0.008784659318261438,45.29744914767637,-0.024282374700344,0.002669717480968065,-0.026952092181312066,2.0794415416798357,5.775785446166992,2024-12-26,0.001557621339585813
2024-12-26,6,0.2025030375225469,0.9079716871218304,0.6666666666666666,0.3333333333333333,0.0,2,2024-12-25,2024-12-26,2024-12-26,5.7847819328308105,6.429999828338623,6.440000057220459,6.400000095367432,6.420000076293945,1414500,2024-12-26,5.7847819328308105,0.0015576213395858,0.0046656792152242,0.0,6.420000076293945,6.440000057220459,6.400000095367432,1414500,0.001557621339585813,0.001556409505689249,-0.0989436348776222,0.006914687937675323,14.1622873766871,-0.49941607389319465,0.007521116260293725,-0.0031008106241625644,0.002638398959479149,-0.0019718041720472312,0.011911831022759051,0.008848969574463437,46.088386505945564,-0.024476484252817343,-0.002759522865789017,-0.021716961387028326,1.9459101490553132,5.7847819328308105,2024-12-27,0.0046656792152242055
2024-12-27,3,-0.2677469694366058,1.0472974369650645,0.3333333333333333,0.6666666666666666,0.0,1,2024-12-27,2024-12-27,2024-12-27,5.811771869659424,6.460000038146973,6.5,6.420000076293945,6.429999828338623,1874600,2024-12-27,5.811771869659424,0.0046656792152242,0.0,0.0030959531329111,6.429999828338623,6.5,6.420000076293945,1874600,0.0046656792152242055,0.00465482867097089,-0.09614743004416788,0.013765152091343663,14.443906394741516,0.3252739483916578,0.010322186349337237,0.0031055925925020933,0.004865725553085287,0.002195480802820393,0.010365477415152551,0.0090792286008711,48.4944238887041,-0.02219658669930613,-0.00664693563249244,-0.015549651066813691,1.3862943611198906,5.811771869659424,2024-12-30,0.0
2024-12-30,1,0.8837806140072644,0.0,1.0,0.0,0.0,1,2024-12-30,2024-12-30,2024-12-30,5.811771869659424,6.460000038146973,6.480000019073486,6.420000076293945,6.480000019073486,3820300,2024-12-30,5.811771869659424,0.0,0.0030959531329111,-0.0046295966850056,6.480000019073486,6.480000019073486,6.420000076293945,3820300,0.0,0.0,-0.10312162769246505,0.010323864068507747,15.15583977329005,1.0379280913261497,0.00529101707398949,0.0045094166177346295,0.0032385643802366193,0.0017955857161313649,0.0043897496198337885,0.009091520054246965,48.49442388870409,-0.020157389622347033,-0.00934902643046336,-0.010808363191883674,0.6931471805599453,5.811771869659424,2024-12-31,0.003095953132911111
2024-12-31,2,0.8882279634708539,0.0703907077070569,1.0,0.0,0.0,1,2024-12-31,2024-12-31,2024-12-31,5.8297648429870605,6.480000019073486,6.5,6.440000057220459,6.46999979019165,1933200,2024-12-31,5.8297648429870605,0.0030959531329111,-0.0046295966850056,-0.0031008351999153,6.46999979019165,6.5,6.440000057220459,1933200,0.003095953132911111,0.003091170538593202,-0.09895439999475258,0.010292000517262406,14.474687736229987,-0.49396644242598753,0.0046511625613749885,0.008560299767023771,0.0042207696848590714,0.0040031521298753425,0.0036208399006442556,0.0091981660517388,50.21237914816684,-0.016894677349335474,-0.010858156614237783,-0.006036520735097691,1.0986122886681098,5.8297648429870605,2025-01-02,-0.004629596685005621
2025-01-02,4,0.9016963527537882,0.0976980480545757,1.0,0.0,0.0,2,2025-01-01,2025-01-02,2025-01-02,5.8027753829956055,6.449999809265137,6.489999771118164,6.400000095367432,6.480000019073486,2979100,2025-01-02,5.8027753829956055,-0.0046295966850056,-0.0031008351999153,-0.0015551989285472,6.480000019073486,6.489999771118164,6.400000095367432,2979100,-0.004629596685005621,-0.00464034645864797,-0.10450997439575792,0.01550976383033308,14.90713213511532,0.5410200703496792,-0.0009293449874727688,0.004047343192802311,-0.0002856190909669154,-0.0005277707832035405,0.003564206134726235,0.008438694812639664,47.64521951762438,-0.016298894714820378,-0.011946304234354303,-0.004352590480466075,1.6094379124341003,5.8027753829956055,2025-01-03,-0.0031008351999153305
2025-01-03,3,0.0352006250371534,0.8013863412051472,0.3333333333333333,0.6666666666666666,0.0,1,2025-01-03,2025-01-03,2025-01-03,5.7847819328308105,6.429999828338623,6.460000038146973,6.409999847412109,6.449999809265137,5490500,2025-01-03,5.7847819328308105,-0.0031008351999153,-0.0015551989285472,0.0015576213395858,6.449999809265137,6.460000038146973,6.409999847412109,5490500,-0.0031008351999153305,-0.0031056527509161214,-0.10313455753576464,0.008643401136885285,15.518530066152664,0.8430062770635427,-0.004027298441737992,0.0017136255816867507,-0.0022595957609449213,-0.002969478681182469,0.003949735372452947,0.008403526274648685,45.95823779734637,-0.0170817460004713,-0.012973392587577702,-0.004108353412893596,1.3862943611198906,5.7847819328308105,2025-01-06,-0.0015551989285472745
2025-01-06,1,-0.0215771738439798,0.0,0.0,0.0,1.0,1,2025-01-06,2025-01-06,2025-01-06,5.775785446166992,6.420000076293945,6.460000038146973,6.369999885559082,6.429999828338623,4508200,2025-01-06,5.775785446166992,-0.0015551989285472,0.0015576213395858,0.0,6.429999828338623,6.460000038146973,6.369999885559082,4508200,-0.0015551989285472745,-0.001556409505689249,-0.10174407459364834,0.015582322686106318,15.321408740547993,-0.17890902467899095,-0.004342450169981027,-0.0001557626355731534,-0.002544085787299255,-0.0037012722962596056,0.0029744533932113916,0.007378307331487781,45.09844113798302,-0.018218095704571446,-0.014022333210976451,-0.004195762493594995,0.6931471805599453,5.775785446166992,2025-01-07,0.001557621339585813
2025-01-07,2,0.9366512945853176,0.0043409791997411,1.0,0.0,0.0,1,2025-01-07,2025-01-07,2025-01-07,5.7847819328308105,6.429999828338623,6.429999828338623,6.389999866485596,6.389999866485596,6732700,2025-01-07,5.7847819328308105,0.0015576213395858,0.0,-0.012441756287543,6.389999866485596,6.429999828338623,6.389999866485596,6732700,0.001557621339585813,0.001556409505689249,-0.09471329363073147,0.006914687937675323,15.72248695840233,0.49343418659331895,-0.0018627952041432305,-0.0006217257598580828,-0.0006605028400032964,-0.0017593007432081809,0.003208851389505716,0.004797551139794857,46.18271466887591,-0.018183116101216257,-0.014854489789024412,-0.0033286263121918448,1.0986122886681098,5.7847819328308105,2025-01-08,0.0
2025-01-08,5,0.8102368510793895,0.3298534385481605,1.0,0.0,0.0,1,2025-01-08,2025-01-08,2025-01-08,5.7847819328308105,6.429999828338623,6.449999809265137,6.420000076293945,6.440000057220459,2643600,2025-01-08,5.7847819328308105,0.0,-0.012441756287543,0.0078741274769462,6.440000057220459,6.449999809265137,6.420000076293945,2643600,0.0,0.0,-0.10174194387700741,0.00518597473846536,14.787652560850416,-0.6073492061134463,-0.00031095954570892204,-0.0017078301197949175,-0.0004404321955742141,-0.0014398884620506758,0.002446872813513819,0.004034790983398442,46.18271466887591,-0.017948495430766265,-0.015473290917372783,-0.002475204513393482,1.791759469228055,5.7847819328308105,2025-01-09,-0.012441756287543071
2025-01-09,2,0.1445611119270325,1.0839608673182508,0.5,0.5,0.0,1,2025-01-09,2025-01-09,2025-01-09,5.712809085845947,6.349999904632568,6.440000057220459,6.349999904632568,6.420000076293945,3675600,2025-01-09,5.712809085845947,-0.012441756287543,0.0078741274769462,-0.0187499492752194,6.420000076293945,6.440000057220459,6.349999904632568,3675600,-0.012441756287543071,-0.012519802971529437,-0.11015435857381424,0.015754097718909416,15.117227214673255,0.39037675896504775,-0.009669433770615465,-0.01305573042645447,-0.008621477908678843,-0.011371716262034814,0.005499043903620761,0.004861375927979924,39.03073852172792,-0.023301558249797516,-0.01703894438385773,-0.006262613865939785,1.0986122886681098,5.712809085845947,2025-01-10,0.00787412747694649
2025-01-10,9,0.5220870577937199,0.6075912446901967,0.7777777777777778,0.1111111111111111,0.1111111111111111,1,2025-01-10,2025-01-10,2025-01-10,5.757792472839356,6.400000095367432,6.429999828338623,6.349999904632568,6.349999904632568,4286600,2025-01-10,5.757792472839356,0.0078741274769462,-0.0187499492752194,-0.0015924296629776,6.349999904632568,6.429999828338623,6.349999904632568,4286600,0.00787412747694649,0.007843288317052721,-0.09326101428146069,0.013894200613070047,15.271004669170264,0.16623136358689727,-0.0009365821880530367,-0.004820383419431695,-0.0005436390967941129,-0.002936840893079884,0.007373530177136908,0.005597520510081376,44.78598685216257,-0.023641590176915805,-0.018359473542469345,-0.0052821166344464605,2.302585092994046,5.757792472839356,2025-01-13,-0.01874994927521967
2025-01-13,4,0.4603222880978137,0.5300821664310454,0.75,0.25,0.0,2,2025-01-11,2025-01-13,2025-01-13,5.649834156036377,6.28000020980835,6.400000095367432,6.269999980926514,6.400000095367432,7363200,2025-01-13,5.649834156036377,-0.0187499492752194,-0.0015924296629776,0.015948934600416,6.400000095367432,6.400000095367432,6.269999980926514,7363200,-0.01874994927521967,-0.018927958191476524,-0.11721342627386114,0.023009545209751632,15.812005314633693,0.7177250034992768,-0.015365242476435337,-0.020739058894954865,-0.012938764547595905,-0.017768568227438997,0.010909706934458639,0.007715206287693181,36.00237850945431,-0.03225063658641325,-0.021137706151258127,-0.011112930435155124,1.6094379124341003,5.649834156036377,2025-01-14,-0.001592429662977679
2025-01-14,2,0.8114179990952834,0.2209468906920798,1.0,0.0,0.0,1,2025-01-14,2025-01-14,2025-01-14,5.6408371925354,6.269999980926514,6.349999904632568,6.269999980926514,6.300000190734863,4628200,2025-01-14,5.6408371925354,-0.0015924296629776,0.015948934600416,-0.003139778425749,6.300000190734863,6.349999904632568,6.269999980926514,4628200,-0.001592429662977679,-0.0015936989267479884,-0.10462904416556451,0.014182278441207223,15.347678797640407,-0.371441764450239,-0.011976046403820106,-0.01939318425761105,-0.009720744672664594,-0.0158734616442866,0.010568750113987781,0.007667393850855293,35.379635718901014,-0.039345793835112275,-0.02477932368802896,-0.014566470147083316,1.0986122886681098,5.6408371925354,2025-01-15,0.01594893460041602
2025-01-15,5,0.3437827678397298,0.5995002423961238,0.6,0.2,0.2,1,2025-01-15,2025-01-15,2025-01-15,5.730802536010742,6.369999885559082,6.369999885559082,6.289999961853027,6.300000190734863,6790600,2025-01-15,5.730802536010742,0.015948934600416,-0.003139778425749,0.0,6.300000190734863,6.369999885559082,6.289999961853027,6790600,0.01594893460041602,0.015823086673089737,-0.09034883134784906,0.01395963710202154,15.731050008136286,0.4672226783630786,0.005683588656373306,-0.002036686936549348,0.004040589895689672,-0.00014538893441040646,0.014223255267262952,0.009622339473303683,45.52639976508957,-0.037279570048053934,-0.027279372960033958,-0.010000197088019976,1.791759469228055,5.730802536010742,2025-01-16,-0.0031397784257490846
2025-01-16,2,0.7968758051283658,0.1987321062359916,1.0,0.0,0.0,1,2025-01-16,2025-01-16,2025-01-16,5.712809085845947,6.349999904632568,6.369999885559082,6.320000171661377,6.369999885559082,5251400,2025-01-16,5.712809085845947,-0.003139778425749,0.0,0.0015749590443039,6.369999885559082,6.369999885559082,6.320000171661377,5251400,-0.0031397784257490846,-0.003144717871917946,-0.10316967213814235,0.008752211590893934,15.47400545611063,-0.22666627396695427,0.00252596502158009,-0.0036090495924896437,0.0005919080458784975,-0.0026890966954887796,0.01304129780566782,0.00958285842134615,44.03703818127205,-0.03667127028446604,-0.029157752424920375,-0.007513517859545665,1.0986122886681098,5.712809085845947,2025-01-17,0.0
2025-01-17,3,0.742965864793708,0.1806933900727282,1.0,0.0,0.0,1,2025-01-17,2025-01-17,2025-01-17,5.712809085845947,6.349999904632568,6.369999885559082,6.300000190734863,6.349999904632568,3607600,2025-01-17,5.712809085845947,0.0,0.0015749590443039,0.0015722324383904,6.349999904632568,6.369999885559082,6.300000190734863,3607600,0.0,0.0,-0.10034501233956963,0.01225311292086584,15.098553566466245,-0.31302128956087905,0.004111259341516016,-0.0023567044542393,0.00039452752258051227,-0.0022012462715952363,0.01231841370129483,0.009576185541176091,44.03703818127205,-0.035776775936533056,-0.03048155712724291,-0.005295218809290146,1.3862943611198906,5.712809085845947,2025-01-20,0.0015749590443039363
2025-01-20,2,0.1275764554738998,0.4332192793548687,0.5,0.0,0.5,1,2025-01-20,2025-01-20,2025-01-20,5.721806526184082,6.360000133514404,6.360000133514404,6.309999942779541,6.349999904632568,1865300,2025-01-20,5.721806526184082,0.0015749590443039,0.0015722324383904,0.0,6.349999904632568,6.360000133514404,6.309999942779541,1865300,0.0015749590443039363,0.001573720096998521,-0.0989280925800007,0.008738532228598229,14.438932992139303,-0.48295265550504496,0.003154668861259591,0.0001573396662166715,0.0013125433370366757,-0.0005153123582071206,0.007689564483786298,0.009614722668690122,45.07899380292222,-0.0339505042017878,-0.031175346542151892,-0.0027751576596359087,1.0986122886681098,5.721806526184082,2025-01-21,0.0015722324383904418
2025-01-21,5,0.205100430175662,0.56294975618168,0.4,0.4,0.2,1,2025-01-21,2025-01-21,2025-01-21,5.730802536010742,6.369999885559082,6.389999866485596,6.349999904632568,6.380000114440918,2131700,2025-01-21,5.730802536010742,0.0015722324383904,0.0,0.0,6.380000114440918,6.389999866485596,6.349999904632568,2131700,0.0015722324383904418,0.0015709977749194248,-0.10175510451179126,0.00697981855101077,14.572430810530337,0.14281884951482327,0.0015723325998135973,0.002675890538273329,0.0019227094146621049,0.0008639240188181851,0.007386780898507,0.009615138205952342,46.15839320194009,-0.03141513377726213,-0.03122330398917394,-0.000191829788088186,1.791759469228055,5.730802536010742,2025-01-22,0.0
2025-01-22,6,0.63576239751031,0.2545541374877658,1.0,0.0,0.0,1,2025-01-22,2025-01-22,2025-01-22,5.730802536010742,6.369999885559082,6.389999866485596,6.360000133514404,6.369999885559082,1623800,2025-01-22,5.730802536010742,0.0,0.0,0.0015699308158747,6.369999885559082,6.389999866485596,6.360000133514404,1623800,0.0,0.0,-0.1003449546360924,0.005234822310257869,14.300280255249682,-0.23826054322840928,0.0015723325998135973,0.0036237502964204804,0.0012809852889497098,0.0007067359124641737,0.0019242276634845864,0.009615138205952342,46.15839320194009,-0.02907072522497245,-0.030792788236333645,0.001722063011361196,1.9459101490553132,5.730802536010742,2025-01-23,0.0
2025-01-23,5,0.6520375821273774,0.4332739789543972,0.8,0.2,0.0,1,2025-01-23,2025-01-23,2025-01-23,5.730802536010742,6.369999885559082,6.400000095367432,6.369999885559082,6.389999866485596,2962500,2025-01-23,5.730802536010742,0.0,0.0015699308158747,0.0,6.389999866485596,6.400000095367432,6.369999885559082,2962500,0.0,0.0,-0.10316077374777821,0.005234905516258286,14.90154440197821,0.8244241901712033,0.0009427965941124494,0.0033075924025152137,0.0008536256986455548,0.0005781641812179217,0.0008618944230315956,0.008718185121746776,46.15839320194009,-0.02690264758172578,-0.030014760105412073,0.0031121125236862925,1.791759469228055,5.730802536010742,2025-01-24,0.0015699308158747538
2025-01-24,3,0.9393244058204194,0.0088494930482744,1.0,0.0,0.0,1,2025-01-24,2025-01-24,2025-01-24,5.739799499511719,6.380000114440918,6.389999866485596,6.320000171661377,6.380000114440918,3202900,2025-01-24,5.739799499511719,0.0015699308158747,0.0,0.0,6.380000114440918,6.389999866485596,6.320000171661377,3202900,0.0015699308158747538,0.0015686997627686328,-0.1003449221701621,0.012195494778201501,14.979567519590358,0.08114767932489442,0.0015698974812246025,0.0051993617553840465,0.00161529212638567,0.0017575881773024271,0.0008612266023327178,0.008332981358708883,47.44850935739474,-0.024179721883016647,-0.02884775246093299,0.004668030577916343,1.3862943611198906,5.739799499511719,2025-01-27,0.0
2025-01-27,6,0.0519714331409583,0.4768708543875296,0.1666666666666666,0.1666666666666666,0.6666666666666666,1,2025-01-27,2025-01-27,2025-01-27,5.739799499511719,6.380000114440918,6.389999866485596,6.349999904632568,6.380000114440918,2541400,2025-01-27,5.739799499511719,0.0,0.0,0.0078369346042346,6.380000114440918,6.389999866485596,6.349999904632568,2541400,0.0,0.0,-0.1003449221701621,0.006968877894851574,14.7482260617364,-0.20653158075494082,0.0009413673368883213,0.0036181165678514926,0.0010762819143563807,0.0014375672993767186,0.0008605172316212193,0.00525770223883289,47.44850935739474,-0.02177082315174328,-0.02743236659909505,0.005661543447351772,1.9459101490553132,5.739799499511719,2025-01-28,0.0
2025-01-28,8,0.1565527037892025,0.9067137989919892,0.5,0.375,0.125,1,2025-01-28,2025-01-28,2025-01-28,5.739799499511719,6.380000114440918,6.389999866485596,6.360000133514404,6.389999866485596,2099400,2025-01-28,5.739799499511719,0.0,0.0078369346042346,-0.0015551989285472,6.389999866485596,6.389999866485596,6.360000133514404,2099400,0.0,0.0,-0.10175279820959957,0.005226616883349926,14.55716262391029,-0.17391988667663494,0.0006273813591524124,0.0018844753331090924,0.0007172639501651368,0.0011758840790354608,0.0007020944048533076,0.005173938681692225,47.44850935739474,-0.019635408782207264,-0.025872975035717494,0.00623756625351023,2.1972245773362196,5.739799499511719,2025-01-31,0.007836934604234624
2025-01-31,10,0.5618853135034442,0.3999387296416049,0.9,0.1,0.0,2,2025-01-29,2025-01-31,2025-01-31,5.7847819328308105,6.429999828338623,6.449999809265137,6.369999885559082,6.380000114440918,5059200,2025-01-31,5.7847819328308105,0.0078369346042346,-0.0015551989285472,0.0031152426791714,6.380000114440918,6.449999809265137,6.369999885559082,5059200,0.007836934604234624,0.007806385336842858,-0.09329438415884207,0.013829375875350646,15.43671912365698,1.4098313803943983,0.0065747975905130485,0.008785687763815275,0.00569031045951407,0.007369575360909764,0.0033979553907928276,0.002785477861011978,54.28825071070502,-0.014150255734668882,-0.023528431175507774,0.009378175440838892,2.3978952727983707,5.7847819328308105,2025-02-03,-0.0015551989285472745
2025-02-03,2,0.655971098691225,0.1452580755266515,1.0,0.0,0.0,1,2025-02-03,2025-02-03,2025-02-03,5.775785446166992,6.420000076293945,6.429999828338623,6.400000095367432,6.429999828338623,4070500,2025-02-03,5.775785446166992,-0.0015551989285472,0.0031152426791714,0.0015528663420583,6.429999828338623,6.429999828338623,6.400000095367432,4070500,-0.0015551989285472745,-0.001556409505689249,-0.10174407459364834,0.005194052523384547,15.219276645666204,-0.19542615433270083,0.003438550056769074,0.006111892812880715,0.002747062943710299,0.004742835722016725,0.0036732525480183366,0.002563760121011777,52.80788806531743,-0.010409183129469923,-0.020904581566300207,0.010495398436830283,1.0986122886681098,5.775785446166992,2025-02-04,0.003115242679171404
2025-02-04,3,0.6631918497538817,0.5049738056476278,0.6666666666666666,0.0,0.3333333333333333,1,2025-02-04,2025-02-04,2025-02-04,5.793778419494629,6.440000057220459,6.449999809265137,6.420000076293945,6.440000057220459,1800800,2025-02-04,5.793778419494629,0.0031152426791714,0.0015528663420583,0.0031007530259337,6.440000057220459,6.449999809265137,6.420000076293945,1800800,0.003115242679171404,0.003110400364746413,-0.10034497391056593,0.005177922039657184,14.403742123883257,-0.5575973467632969,0.004680153926385433,0.007824695396695835,0.00390626454523324,0.006432218322197647,0.0037376558231128547,0.0026042110027419715,55.42583116278623,-0.005924183265875627,-0.017908501906215294,0.011984318640339667,1.3862943611198906,5.793778419494629,2025-02-05,0.0015528663420583122
2025-02-05,2,0.4180603604763746,0.0553160080155814,1.0,0.0,0.0,1,2025-02-05,2025-02-05,2025-02-05,5.8027753829956055,6.449999809265137,6.449999809265137,6.440000057220459,6.449999809265137,4704500,2025-02-05,5.8027753829956055,0.0015528663420583,0.0031007530259337,0.0015455840385822,6.449999809265137,6.449999809265137,6.440000057220459,4704500,0.0015528663420583122,0.0015516618918589575,-0.10034487525717788,0.001723270570489581,15.364030267991375,1.6124500222123501,0.004047359760902536,0.007970038065931329,0.003636839182072027,0.006531928260842701,0.003604597714985388,0.0026040662076020613,56.718741407000024,-0.0016250759337417264,-0.014651816711720582,0.013026740777978855,1.0986122886681098,5.8027753829956055,2025-02-06,0.0031007530259337113
2025-02-06,3,0.2023959010839462,0.5047572508954218,0.3333333333333333,0.3333333333333333,0.3333333333333333,1,2025-02-06,2025-02-06,2025-02-06,5.820768356323242,6.46999979019165,6.480000019073486,6.449999809265137,6.449999809265137,5586900,2025-02-06,5.820768356323242,0.0031007530259337,0.0015455840385822,0.0,6.449999809265137,6.480000019073486,6.449999809265137,5586900,0.0031007530259337113,0.0030959556057881255,-0.09755526690683489,0.005153994794477546,15.535935308577828,0.1875650972473164,0.004346494717656579,0.009517880508615795,0.004489147209701061,0.007884018981767493,0.0033942277685356237,0.002658980160311871,59.26357669667398,0.0031970268390386636,-0.011082048001568734,0.014279074840607397,1.3862943611198906,5.820768356323242,2025-02-07,0.0015455840385822928
2025-02-07,5,0.8265285418368876,0.1382004385264165,1.0,0.0,0.0,1,2025-02-07,2025-02-07,2025-02-07,5.8297648429870605,6.480000019073486,6.489999771118164,6.460000038146973,6.46999979019165,5014200,2025-02-07,5.8297648429870605,0.0015455840385822,0.0,0.015432070743568,6.46999979019165,6.489999771118164,6.460000038146973,5014200,0.0015455840385822928,0.001544390852859845,-0.09895439999475258,0.005145959361856543,15.42778464465117,-0.10250765182838428,0.004339741601854907,0.00934579392958157,0.004019684533086654,0.007711860762974032,0.00190375225493241,0.002602412524689413,60.51372253061968,0.007656262684466952,-0.007334385864361598,0.01499064854882855,1.791759469228055,5.8297648429870605,2025-02-10,0.0
2025-02-10,2,0.0248762927949428,1.3006868270292191,0.5,0.5,0.0,1,2025-02-10,2025-02-10,2025-02-10,5.8297648429870605,6.480000019073486,6.489999771118164,6.460000038146973,6.480000019073486,4809100,2025-02-10,5.8297648429870605,0.0,0.015432070743568,-0.0060789842647842,6.480000019073486,6.489999771118164,6.460000038146973,4809100,0.0,0.0,-0.10034493428587933,0.005145959361856543,15.386020722326633,-0.0409038331139564,0.00247524630698992,0.007619338997623126,0.002676203856973869,0.006300869455537539,0.001300754492374718,0.002602412524689413,60.51372253061969,0.011062715125363276,-0.0036549656664166233,0.014717680791779899,1.0986122886681098,5.8297648429870605,2025-02-12,0.015432070743568005
2025-02-12,6,0.8306382119189948,0.1404090415910113,1.0,0.0,0.0,2,2025-02-11,2025-02-12,2025-02-12,5.919730186462402,6.579999923706055,6.599999904632568,6.46999979019165,6.480000019073486,11834200,2025-02-12,5.919730186462402,0.015432070743568,-0.0060789842647842,0.0015291221260276,6.480000019073486,6.599999904632568,6.46999979019165,11834200,0.015432070743568005,0.015314207377042033,-0.08646139366696971,0.021960479674936893,16.28650428703313,1.4607930797862387,0.013555113605506541,0.01999687244999726,0.012026954611084273,0.017790440371252547,0.006304389272308982,0.005053374889407708,70.87855650751445,0.02078223984916594,0.0012324754366998896,0.01954976441246605,1.9459101490553132,5.919730186462402,2025-02-13,-0.00607898426478426
2025-02-13,4,-0.0742129515856504,0.7746363076351293,0.5,0.5,0.0,1,2025-02-13,2025-02-13,2025-02-13,5.883744239807129,6.539999961853027,6.599999904632568,6.539999961853027,6.579999923706055,3003000,2025-02-13,5.883744239807129,-0.0060789842647842,0.0015291221260276,0.0030534131241901,6.579999923706055,6.599999904632568,6.539999961853027,3003000,-0.00607898426478426,-0.006097536513727908,-0.10581393495013501,0.010197578333470837,14.915122679965744,-0.7462439370637644,0.004608310989084652,0.011288095980849233,0.003908917672672985,0.009473629437122266,0.007872572396701083,0.005781311619988662,63.67826987994198,0.025289743647745055,0.006043929078908923,0.01924581456883613,1.6094379124341003,5.883744239807129,2025-02-14,0.0015291221260276266
2025-02-14,4,0.2788283364498056,0.8078253947733466,0.75,0.25,0.0,1,2025-02-14,2025-02-14,2025-02-14,5.8927412033081055,6.550000190734863,6.570000171661377,6.539999961853027,6.539999961853027,1919700,2025-02-14,5.8927412033081055,0.0015291221260276,0.0030534131241901,0.0015219784138187,6.539999961853027,6.570000171661377,6.539999961853027,1919700,0.0015291221260276266,0.0015279542092294651,-0.09896922971258384,0.00509104485897122,14.467680002710251,-0.36073926073926077,0.0036776685390977892,0.010178984752289733,0.0036227705326659088,0.008996083374039232,0.007888914621561868,0.005727966226589572,64.64527786292768,0.029250768001151783,0.010685296863357495,0.01856547113779429,1.6094379124341003,5.8927412033081055,2025-02-18,0.004580038766872407
2025-02-18,2,0.8811167734675109,0.0567784634876944,1.0,0.0,0.0,1,2025-02-18,2025-02-18,2025-02-18,5.919730186462402,6.579999923706055,6.610000133514404,6.559999942779541,6.579999923706055,6300900,2025-02-18,5.919730186462402,0.0015219784138187,0.0197568599615258,-0.0074515908446602,6.579999923706055,6.610000133514404,6.559999942779541,6300900,0.004580038766872407,0.004569582304498443,-0.10034494603333802,0.008446363121279877,15.656203197008981,2.2822315986872947,0.005193974601459539,0.012463424268309709,0.005464629158562717,0.011113930632971503,0.007915200691576208,0.0054876864157128395,67.44524664055265,0.03417375989147242,0.015382989468980483,0.01879077042249194,1.0986122886681098,5.919730186462402,2025-02-19,0.019756859961525874
2025-02-19,3,0.9383205367873112,0.0395858732544285,1.0,0.0,0.0,1,2025-02-19,2025-02-19,2025-02-19,6.036685466766357,6.710000038146973,6.710000038146973,6.570000171661377,6.590000152587891,5126600,2025-02-19,6.036685466766357,0.0197568599615258,-0.0074515908446602,0.0015014908665473,6.590000152587891,6.710000038146973,6.570000171661377,5126600,0.019756859961525874,0.019564226294179754,-0.08396277283912455,0.023191512504061068,15.449953424448976,-0.186370201082385,0.017900470483142694,0.027879890182453515,0.016744922115983885,0.02529458787745531,0.01049612116424513,0.007561211208165426,76.23034508096089,0.046971126212792313,0.02170061681774285,0.025270509395049462,1.3862943611198906,6.036685466766357,2025-02-20,-0.007451590844660294
2025-02-20,6,0.0496191879889617,0.7215663635120435,0.3333333333333333,0.6666666666666666,0.0,1,2025-02-20,2025-02-20,2025-02-20,5.991702556610107,6.659999847412109,6.699999809265137,6.659999847412109,6.699999809265137,5960700,2025-02-20,5.991702556610107,-0.0074515908446602,0.0015014908665473,0.0,6.699999809265137,6.699999809265137,6.659999847412109,5960700,-0.007451590844660294,-0.007479492642654906,-0.10571601086847136,0.006675892448783022,15.600698649574808,0.1627004252330979,0.007869209387193488,0.016793854461407243,0.006093746359184804,0.014398383286893468,0.010905229211070582,0.008454575589223128,68.56634310172842,0.052873889030844445,0.02793527126036317,0.024938617770481276,1.9459101490553132,5.991702556610107,2025-02-21,0.0015014908665473836
2025-02-21,5,0.1741883598268032,0.4676686551187901,0.6,0.4,0.0,1,2025-02-21,2025-02-21,2025-02-21,6.000699043273926,6.670000076293945,6.699999809265137,6.639999866485596,6.659999847412109,2905200,2025-02-21,6.000699043273926,0.0015014908665473,0.0,-0.0194901964960048,6.659999847412109,6.699999809265137,6.639999866485596,2905200,0.0015014908665473836,0.0015003647562248368,-0.09899411700352659,0.009998825527968089,14.882013136924472,-0.5126075796466858,0.005426551705910887,0.0149117052532024,0.0050567733996391695,0.012989075254855376,0.00990076240990994,0.008455836011131269,69.23258029465188,0.057613677764257964,0.03387095256114213,0.023742725203115836,1.791759469228055,6.000699043273926,2025-02-24,0.0
2025-02-24,5,-0.0117559779435395,0.574784469773,0.4,0.2,0.4,1,2025-02-24,2025-02-24,2025-02-24,6.000699043273926,6.670000076293945,6.690000057220459,6.659999847412109,6.670000076293945,2837000,2025-02-24,6.000699043273926,0.0,-0.0194901964960048,0.0152904918719394,6.670000076293945,6.690000057220459,6.659999847412109,2837000,0.0,0.0,-0.10034498131398875,0.004999452495784853,14.858258066275946,-0.02347514801046402,0.0018023302763465754,0.011832488412116149,0.003365509393633337,0.010602386082934068,0.010018433983503213,0.008524259165794072,69.23258029465188,0.06067062132731138,0.039230886314375976,0.021439735012935404,1.791759469228055,6.000699043273926,2025-02-25,-0.019490196496004808
2025-02-25,3,0.8682446482901772,0.1141597897086303,1.0,0.0,0.0,1,2025-02-25,2025-02-25,2025-02-25,5.883744239807129,6.539999961853027,6.690000057220459,6.539999961853027,6.670000076293945,2655000,2025-02-25,5.883744239807129,-0.0194901964960048,0.0152904918719394,0.0180722405898507,6.670000076293945,6.690000057220459,6.539999961853027,2655000,-0.019490196496004808,-0.019682634921477593,-0.11787943440679599,0.025493986355251345,14.791955589305939,-0.06415227352837505,-0.01654131574945461,-0.008790520259688961,-0.010852087143229938,-0.007453240299782449,0.014331099624699415,0.011139705105100038,52.46652905426928,0.05304453157648492,0.041993615366797764,0.011050916209687157,1.3862943611198906,5.883744239807129,2025-02-26,0.015290491871939427
2025-02-26,8,0.2123476399574429,0.77779643101047,0.625,0.375,0.0,1,2025-02-26,2025-02-26,2025-02-26,5.973709583282471,6.639999866485596,6.699999809265137,6.539999961853027,6.539999961853027,4624700,2025-02-26,5.973709583282471,0.0152904918719394,0.0180722405898507,0.0221893493443954,6.539999961853027,6.699999809265137,6.539999961853027,4624700,0.015290491871939427,0.0151747704352716,-0.08658874340575766,0.026784001662864848,15.3469222781902,0.7418832391713748,0.0006027844536402593,0.003931051435754007,0.002844263308155126,0.006310192717069674,0.01275582097891775,0.012006257305546749,60.40904523933396,0.053641901404196446,0.044323272574277504,0.009318628829918942,2.1972245773362196,5.973709583282471,2025-02-27,0.018072240589850797
2025-02-27,9,0.8169762380938563,0.2136338218438113,0.8888888888888888,0.0,0.1111111111111111,1,2025-02-27,2025-02-27,2025-02-27,6.081667900085449,6.760000228881836,6.800000190734863,6.639999866485596,6.670000076293945,4447100,2025-02-27,6.081667900085449,0.0180722405898507,0.0221893493443954,0.0,6.670000076293945,6.800000190734863,6.639999866485596,4447100,0.018072240589850797,0.01791087886188536,-0.08820572256055975,0.026308625672740126,15.307762981175555,-0.03840249097238735,0.015624968894241587,0.019300312667547503,0.013881581506650198,0.019953696662057485,0.014960407044013212,0.012346274785792371,67.43992302794842,0.062110681938347234,0.04788075444709145,0.014229927491255782,2.302585092994046,6.081667900085449,2025-02-28,0.022189349344395426
2025-02-28,7,0.2495454421732575,0.8218154891363314,0.5714285714285714,0.2857142857142857,0.1428571428571428,1,2025-02-28,2025-02-28,2025-02-28,6.216616153717041,6.909999847412109,6.909999847412109,6.800000190734863,6.800000190734863,13433700,2025-02-28,6.216616153717041,0.0221893493443954,0.0,-0.0072357622490554,6.800000190734863,6.909999847412109,6.800000190734863,13433700,0.022189349344395426,0.021946747951639756,-0.08579176774328547,0.017694458521695128,16.413277107601306,2.020777585392728,0.030727895701747387,0.03613731003802134,0.023962064460548715,0.03457522025077564,0.017121244777898507,0.013294600795973884,73.72198221033895,0.078803055217044,0.05406521460108196,0.024737840615962042,2.0794415416798357,6.216616153717041,2025-03-03,0.0
2025-03-03,2,0.0008414308540523,1.3535568525696384,0.5,0.5,0.0,1,2025-03-03,2025-03-03,2025-03-03,6.216616153717041,6.909999847412109,6.949999809265137,6.889999866485596,6.889999866485596,6996300,2025-03-03,6.216616153717041,0.0,-0.0072357622490554,0.0116617237850535,6.889999866485596,6.949999809265137,6.889999866485596,6996300,0.0,0.0,-0.09773348705622395,0.009651543749193173,15.760892138780576,-0.4791978382724045,0.023400449542363644,0.030574171526461802,0.015848125042417394,0.028112092606348282,0.017121244777898507,0.013355252971505248,73.72198221033895,0.09098308493434715,0.061448788667734996,0.02953429626661215,1.0986122886681098,6.216616153717041,2025-03-04,-0.007235762249055422
2025-03-04,2,-0.0211127633228897,0.6605229771993189,0.5,0.5,0.0,1,2025-03-04,2025-03-04,2025-03-04,6.171634197235107,6.860000133514404,6.909999847412109,6.840000152587891,6.909999847412109,4407700,2025-03-04,6.171634197235107,-0.0072357622490554,0.0116617237850535,-0.004322812239786,6.909999847412109,6.909999847412109,6.840000152587891,4407700,-0.007235762249055422,-0.007262067345141787,-0.10685465506247878,0.011342165233250314,15.298863796298276,-0.3699955690865172,0.0064554932509881535,0.018862414420659945,0.005649124849282039,0.016850868020568566,0.012631658186540943,0.013949727936564918,68.60501204693799,0.09590069476633278,0.06833916988745456,0.027561524878878224,1.0986122886681098,6.171634197235107,2025-03-05,0.01166172378505359
2025-03-05,7,0.2118540521644588,0.7302158850111368,0.5714285714285714,0.4285714285714285,0.0,1,2025-03-05,2025-03-05,2025-03-05,6.243606090545654,6.940000057220459,7.0,6.860000133514404,6.860000133514404,10313200,2025-03-05,6.243606090545654,0.0116617237850535,-0.004322812239786,-0.0043414266679726,6.860000133514404,7.0,6.860000133514404,10313200,0.01166172378505359,0.011594249951732527,-0.08985335728455285,0.022422917854729774,16.1489352830724,1.3398144156816478,0.009307748132334703,0.027235061148213946,0.011517771056890558,0.023367291803604973,0.012328115325828021,0.013163447485931241,71.95870443836398,0.10440198518635047,0.07555173294723375,0.02885025223911672,2.0794415416798357,6.243606090545654,2025-03-06,-0.004322812239786034
2025-03-06,6,0.5921307856527468,0.3005371332992959,0.8333333333333334,0.0,0.1666666666666666,1,2025-03-06,2025-03-06,2025-03-06,6.216616153717041,6.909999847412109,6.96999979019165,6.900000095367432,6.909999847412109,7118800,2025-03-06,6.216616153717041,-0.004322812239786,-0.0043414266679726,0.005813911834047,6.909999847412109,6.96999979019165,6.900000095367432,7118800,-0.004322812239786034,-0.00433218260659074,-0.10034496512395007,0.011260096022233013,15.778249870331072,-0.30973897529379824,0.0005791716804266489,0.01902370955614341,0.004752128182905935,0.015446000249326408,0.01224760066118571,0.012910187745988046,68.98274504425581,0.10771973075204322,0.08198533250819565,0.025734398243847573,1.9459101490553132,6.216616153717041,2025-03-07,-0.004341426667972659
2025-03-07,9,0.6062801642757324,0.5957479840605182,0.8888888888888888,0.1111111111111111,0.0,1,2025-03-07,2025-03-07,2025-03-07,6.189627170562744,6.880000114440918,6.909999847412109,6.849999904632568,6.909999847412109,4848700,2025-03-07,6.189627170562744,-0.0043414266679726,0.005813911834047,-0.0086704584699652,6.909999847412109,6.909999847412109,6.849999904632568,4848700,-0.004341426667972659,-0.004350878025566107,-0.10425075148433684,0.009693627923971708,15.394221391987907,-0.3188880148339608,-0.0028984993811721482,0.011467282173982518,0.0002600131914485271,0.009012608138571743,0.0074547660781806475,0.013154013123671657,66.0415082766908,0.10693856146212077,0.08697597829898068,0.01996258316314009,2.302585092994046,6.189627170562744,2025-03-10,0.005813911834047003
2025-03-10,3,0.242834265033404,0.9588916933641026,0.6666666666666666,0.3333333333333333,0.0,1,2025-03-10,2025-03-10,2025-03-10,6.225613117218018,6.920000076293945,6.949999809265137,6.860000133514404,6.909999847412109,4958900,2025-03-10,6.225613117218018,0.005813911834047,-0.0086704584699652,-0.008746447364202,6.909999847412109,6.949999809265137,6.860000133514404,4958900,0.005813911834047003,0.005797076270776191,-0.09904294432805293,0.014456355391218038,15.416694701569634,0.022727741456472828,0.002607936501037411,0.01362240140445703,0.004042105294534082,0.012140816536045262,0.008049717295655323,0.013126182634097518,68.00063261327904,0.10797853498283416,0.09117648963575138,0.01680204534708278,1.3862943611198906,6.225613117218018,2025-03-11,-0.008670458469965281
2025-03-11,2,0.928815210936591,0.06676349081984,1.0,0.0,0.0,1,2025-03-11,2025-03-11,2025-03-11,6.171634197235107,6.860000133514404,6.920000076293945,6.840000152587891,6.900000095367432,12044300,2025-03-11,6.171634197235107,-0.0086704584699652,-0.008746447364202,0.004411733413481,6.900000095367432,6.920000076293945,6.840000152587891,12044300,-0.008670458469965281,-0.008708265590351871,-0.10556027363265393,0.01296251870240376,16.304102159968586,1.4288249410151446,-0.006085133974052415,0.00014587008499744591,-0.00311377364510268,0.002751573272026686,0.008403941649437474,0.011317767897557536,62.20360823448688,0.1032567937256923,0.09359255045373957,0.009664243271952727,1.0986122886681098,6.171634197235107,2025-03-12,-0.008746447364202048
2025-03-12,4,0.1105587088968604,0.9407785777356672,0.5,0.5,0.0,1,2025-03-12,2025-03-12,2025-03-12,6.117654323577881,6.800000190734863,6.880000114440918,6.730000019073486,6.849999904632568,13490000,2025-03-12,6.117654323577881,-0.008746447364202,0.004411733413481,0.0029282370079368,6.849999904632568,6.880000114440918,6.730000019073486,13490000,-0.008746447364202048,-0.008784922043740817,-0.10691176514607123,0.02451921724137313,16.41745930231292,0.12003188230117146,-0.010765233461669022,-0.010909105879370884,-0.007919896377117208,-0.004929982890445106,0.005934250323621453,0.011405181176027564,56.97298427720802,0.0940746214093986,0.09368896464487138,0.0003856567645272174,1.6094379124341003,6.117654323577881,2025-03-13,0.0044117334134810005
2025-03-13,6,0.6067947257931033,0.2350836902082693,0.8333333333333334,0.0,0.1666666666666666,1,2025-03-13,2025-03-13,2025-03-13,6.144643783569336,6.829999923706055,6.880000114440918,6.789999961853027,6.840000152587891,8745200,2025-03-13,6.144643783569336,0.004411733413481,0.0029282370079368,0.0218978881592721,6.840000152587891,6.880000114440918,6.789999961853027,8745200,0.0044117334134810005,0.004402030245683974,-0.1016602856003547,0.01464692759384187,15.984015650733305,-0.35172720533728685,-0.004082886629782956,-0.007555989448445488,-0.002364861940231,-0.00044186094854969937,0.007021210090694676,0.010064341742888415,58.83676343565189,0.08796154165766801,0.09254348004743071,-0.004581938389762702,1.9459101490553132,6.144643783569336,2025-03-14,0.0029282370079368736
2025-03-14,6,-0.0573003352619707,0.5643106168751728,0.5,0.3333333333333333,0.1666666666666666,1,2025-03-14,2025-03-14,2025-03-14,6.162636756896973,6.849999904632568,6.909999847412109,6.800000190734863,6.800000190734863,13806900,2025-03-14,6.162636756896973,0.0029282370079368,0.0218978881592721,-0.0014286369782555,6.800000190734863,6.909999847412109,6.800000190734863,13806900,0.0029282370079368736,0.002923958073071331,-0.09372991411181299,0.017849446757370366,16.440679097596636,0.5787975117778896,-0.0002919453905092517,-0.003781333805039755,0.00037089799888168073,0.002032330786743586,0.007243653292158268,0.006929616491128104,60.07828936003887,0.08360501788221786,0.09075578761438814,-0.007150769732170284,1.9459101490553132,6.162636756896973,2025-03-17,0.021897888159272183
2025-03-17,4,-0.2548290267586708,0.2952547192698952,0.0,0.75,0.25,1,2025-03-17,2025-03-17,2025-03-17,6.297585487365723,7.0,7.0,6.889999866485596,6.889999866485596,12610300,2025-03-17,6.297585487365723,0.0218978881592721,-0.0014286369782555,-0.0100142355327815,6.889999866485596,7.0,6.889999866485596,12610300,0.021897888159272183,0.021661573051321437,-0.08598176931780518,0.017467032997819185,16.35002457760071,-0.08666681152177536,0.019219586904333452,0.016702981847936726,0.014741804751101428,0.019530547759203154,0.012562699514130237,0.010005410342874695,67.89855361794929,0.09000416415956103,0.09060546292342272,-0.0006012987638616962,1.6094379124341003,6.297585487365723,2025-03-19,-0.0014286369782555708
2025-03-19,2,0.43070860626176,0.7531742829867953,0.5,0.0,0.5,2,2025-03-18,2025-03-19,2025-03-19,6.288588523864746,6.989999771118164,7.0,6.949999809265137,7.0,10087900,2025-03-19,6.288588523864746,-0.0014286369782555,-0.0100142355327815,0.0180723016144921,7.0,7.0,6.949999809265137,10087900,-0.0014286369782555708,-0.0014296584530570922,-0.10163021087646484,0.007950940110823933,16.12684734293877,-0.20002696208654824,0.01392513069383905,0.013337150599686654,0.008822315668764347,0.014739388979462476,0.011329374897816515,0.009613228565303429,66.95683952233011,0.09327434533222156,0.0911392394051825,0.0021351059270390688,1.0986122886681098,6.288588523864746,2025-03-20,-0.010014235532781579
2025-03-20,2,0.9232592023909092,0.0459470507170152,1.0,0.0,0.0,1,2025-03-20,2025-03-20,2025-03-20,6.225613117218018,6.920000076293945,7.039999961853027,6.900000095367432,6.989999771118164,10097700,2025-03-20,6.225613117218018,-0.0100142355327815,0.0180723016144921,-0.0073964735205586,6.989999771118164,7.039999961853027,6.900000095367432,10097700,-0.010014235532781579,-0.010064715282926961,-0.10935431744339963,0.022487723514074732,16.12781833213889,0.0009714608590489782,0.00028914481857311713,0.003480299821634114,-0.0008538768046028045,0.003742153437957807,0.011689194589449945,0.009616442167010223,60.619187838421674,0.08974981842351593,0.09086135520884918,-0.001111536785333253,1.0986122886681098,6.225613117218018,2025-03-21,0.018072301614492137
2025-03-21,5,0.5139075059443712,0.4889696260217399,0.8,0.2,0.0,1,2025-03-21,2025-03-21,2025-03-21,6.33812427520752,6.760000228881836,6.78000020980835,6.650000095367432,6.699999809265137,16240700,2025-03-21,6.33812427520752,0.0180723016144921,-0.0073964735205586,0.0089419219603059,6.699999809265137,6.78000020980835,6.650000095367432,16240700,0.018072301614492137,0.017910938803250342,-0.054011275277529774,0.020510818153161182,16.603031056790854,0.6083563583786407,0.012074175935669063,0.019618536690940047,0.011403272056264457,0.017832575595898126,0.013408352820933523,0.011061063626657971,66.68610577601711,0.09494089605917999,0.09167726337891535,0.0032636326802646387,1.791759469228055,6.33812427520752,2025-03-24,-0.007396473520558722
2025-03-24,2,0.5880996948108077,0.530228226176683,1.0,0.0,0.0,1,2025-03-24,2025-03-24,2025-03-24,6.2912445068359375,6.710000038146973,6.769999980926514,6.690000057220459,6.760000228881836,6817900,2025-03-24,6.2912445068359375,-0.0073964735205586,0.0089419219603059,0.0044312987556109,6.760000228881836,6.769999980926514,6.690000057220459,6817900,-0.007396473520558722,-0.007423963065168904,-0.0693425600850068,0.012716072888142943,15.735062211187353,-0.5801966663998472,0.0004792006925775638,0.010425187586993623,0.0026115551218512945,0.008414946950986657,0.014780534644355473,0.011295149988237099,62.37425827648055,0.09418633552119271,0.09217907780737082,0.002007257713821889,1.0986122886681098,6.2912445068359375,2025-03-25,0.008941921960305965
2025-03-25,2,-0.1195678990334272,0.8588723222207473,0.5,0.5,0.0,1,2025-03-25,2025-03-25,2025-03-25,6.347500324249268,6.769999980926514,6.800000190734863,6.710000038146973,6.710000038146973,11032300,2025-03-25,6.347500324249268,0.0089419219603059,0.0044312987556109,0.0132352469335659,6.710000038146973,6.800000190734863,6.710000038146973,11032300,0.008941921960305965,0.00890217971513474,-0.05402380206212527,0.014178833870092812,16.216337982347024,0.6181375496853869,0.00782542060407354,0.017468526262446327,0.007688217873918157,0.01421757704764226,0.01172853429549166,0.011464191252428086,65.27578847033482,0.09700945061390431,0.09314515236867751,0.0038642982452267993,1.0986122886681098,6.347500324249268,2025-03-26,0.004431298755610991
2025-03-26,7,0.6959678936816219,0.6245495317599663,0.8571428571428571,0.1428571428571428,0.0,1,2025-03-26,2025-03-26,2025-03-26,6.3756279945373535,6.800000190734863,6.849999904632568,6.75,6.78000020980835,12287300,2025-03-26,6.3756279945373535,0.0044312987556109,0.0132352469335659,-0.0072569177254315,6.78000020980835,6.849999904632568,6.75,12287300,0.004431298755610991,0.004421509460154738,-0.05964191781085896,0.01568471446550025,16.324076847985967,0.11375687753233676,0.00950119410461725,0.0186463558573986,0.008069698357119126,0.01525780897167528,0.01163829884210714,0.010841007441892774,66.66017188367428,0.10035957487631642,0.0945880368702053,0.005771538006111118,2.0794415416798357,6.3756279945373535,2025-03-27,0.013235246933565925
2025-03-27,7,0.746138057970841,0.3115591681879299,0.8571428571428571,0.0,0.1428571428571428,1,2025-03-27,2025-03-27,2025-03-27,6.460011005401611,6.889999866485596,6.889999866485596,6.760000228881836,6.769999980926514,18048700,2025-03-27,6.460011005401611,0.0132352469335659,-0.0072569177254315,0.0087719735234019,6.769999980926514,6.889999866485596,6.760000228881836,18048700,0.013235246933565925,0.013148426275761738,-0.045788622806240915,0.020123748627526965,16.70858427339443,0.4688906431844262,0.01532563604065107,0.02651346733841975,0.014173341149517515,0.02335587070027212,0.009721860711396016,0.010341881961354103,70.46447122939355,0.10857202552263256,0.09738483460069076,0.0111871909219418,2.0794415416798357,6.460011005401611,2025-03-28,-0.0072569177254315775
2025-03-28,6,0.3537530108199765,0.6804769899260901,0.6666666666666666,0.1666666666666666,0.1666666666666666,1,2025-03-28,2025-03-28,2025-03-28,6.413131237030029,6.840000152587891,6.929999828338623,6.75,6.889999866485596,17914400,2025-03-28,6.413131237030029,-0.0072569177254315,0.0087719735234019,0.0,6.889999866485596,6.929999828338623,6.75,17914400,-0.0072569177254315775,-0.007283377240263844,-0.06921170372951027,0.028067385756787095,16.701115472493772,-0.0074409791286906835,0.005586547484674131,0.014734940032015587,0.004532085876225889,0.012995557057936535,0.009401489821425734,0.01110912842184219,65.96132722892105,0.11002929706463327,0.09991372709347927,0.010115569971153995,1.9459101490553132,6.413131237030029,2025-04-02,0.008771973523401977
2025-04-02,7,0.5853010658839983,0.3378037343031505,0.8571428571428571,0.1428571428571428,0.0,2,2025-04-01,2025-04-02,2025-04-02,6.469387054443359,6.900000095367432,6.900000095367432,6.769999980926514,6.849999904632568,14827300,2025-04-02,6.469387054443359,0.0087719735234019,0.0,-0.0159420217216587,6.849999904632568,6.900000095367432,6.769999980926514,14827300,0.008771973523401977,0.008733723287604356,-0.05556392050922589,0.02009465708990625,16.511980701596695,-0.17232505693743583,0.008771928520118433,0.018691805687765628,0.008856483400056181,0.017832123380555398,0.007845221452374748,0.011180024711686295,68.55802895556465,0.11440478245883501,0.10281193816655043,0.011592844292284576,2.0794415416798357,6.469387054443359,2025-04-03,0.0
2025-04-03,5,0.035957495868206,0.7394065233227276,0.6,0.4,0.0,1,2025-04-03,2025-04-03,2025-04-03,6.469387054443359,6.900000095367432,6.920000076293945,6.840000152587891,6.849999904632568,4538400,2025-04-03,6.469387054443359,0.0,-0.0159420217216587,-0.0441826895637315,6.849999904632568,6.920000076293945,6.840000152587891,4538400,0.0,0.0,-0.05556392050922589,0.012365920145573677,15.32808530533644,-0.6939159523311729,0.004951944287778787,0.01594342857042297,0.0058869430622014995,0.014542768503681192,0.00791883478329587,0.009505440789244316,68.55802895556465,0.11652911110148523,0.1055553727535374,0.010973738347947834,1.791759469228055,6.469387054443359,2025-04-04,-0.015942021721658706
2025-04-04,1,-0.7182201556861401,0.0,0.0,1.0,0.0,1,2025-04-04,2025-04-04,2025-04-04,6.3662519454956055,6.789999961853027,6.880000114440918,6.760000228881836,6.840000152587891,7496100,2025-04-04,6.3662519454956055,-0.0159420217216587,-0.0441826895637315,-0.0015407744542698,6.840000152587891,6.880000114440918,6.760000228881836,7496100,-0.015942021721658706,-0.016070462651083917,-0.06926143224032592,0.0188493774023485,15.829893576662345,0.6517054468535166,-0.010780867516635095,-0.0014705855186347705,-0.006788919040246366,-0.00133492763000298,0.011817848297225762,0.01117353461307428,58.98973795997546,0.1086382019327834,0.1061719385893866,0.0024662633433967934,0.6931471805599453,6.3662519454956055,2025-04-07,-0.04418268956373139
2025-04-07,3,-0.4205352024485667,0.6219502457758589,0.3333333333333333,0.6666666666666666,0.0,1,2025-04-07,2025-04-07,2025-04-07,6.084973812103272,6.489999771118164,6.78000020980835,6.329999923706055,6.760000228881836,32116000,2025-04-07,6.084973812103272,-0.0441826895637315,-0.0015407744542698,-0.0385802153019754,6.760000228881836,6.78000020980835,6.329999923706055,32116000,-0.04418268956373139,-0.045188482062272106,-0.09985597543244742,0.07395270711062472,17.28486493742384,3.2843612011579353,-0.043337306585102375,-0.04347831953075454,-0.03436148844054088,-0.03750340324154555,0.020303017908411044,0.01809380936425611,41.83931765168456,0.07877968180711559,0.1006934872329324,-0.021913805425816807,1.3862943611198906,6.084973812103272,2025-04-08,-0.001540774454270033
2025-04-08,1,0.4835227876901626,0.0,1.0,0.0,0.0,1,2025-04-08,2025-04-08,2025-04-08,6.075598239898682,6.480000019073486,6.519999980926514,6.429999828338623,6.489999771118164,15373300,2025-04-08,6.075598239898682,-0.0015407744542698,-0.0385802153019754,0.0369180608634285,6.489999771118164,6.519999980926514,6.429999828338623,15373300,-0.001540774454270033,-0.0015419626678991882,-0.0638523183103418,0.014813381174030936,16.54814286148579,-0.5213195914808818,-0.03456495259405856,-0.04099452489888922,-0.024188594613730685,-0.03212567903767605,0.02077278804204434,0.01666706959581497,41.407181632337505,0.05374057131276899,0.09130290404889972,-0.03756233273613073,0.6931471805599453,6.075598239898682,2025-04-09,-0.03858021530197542
2025-04-09,5,-0.3740682248491794,0.7963090867015398,0.2,0.8,0.0,1,2025-04-09,2025-04-09,2025-04-09,5.841200351715088,6.230000019073486,6.449999809265137,6.070000171661377,6.449999809265137,21192300,2025-04-09,5.841200351715088,-0.0385802153019754,0.0369180608634285,0.0030960169111835,6.449999809265137,6.449999809265137,6.070000171661377,21192300,-0.03858021530197542,-0.03934414468469383,-0.0943875155896184,0.06505505970056046,16.869148513306182,0.3785133966032017,-0.052903585963352096,-0.07139660388887437,-0.042091319948833084,-0.057563249179998666,0.020537922222432885,0.019947934382060786,32.39784860597152,0.014812199402977733,0.07600476311971534,-0.061192563716737605,1.791759469228055,5.841200351715088,2025-04-10,0.036918060863428526
2025-04-10,2,0.5932980075012892,0.4197603006683909,1.0,0.0,0.0,1,2025-04-10,2025-04-10,2025-04-10,6.0568461418151855,6.460000038146973,6.559999942779541,6.420000076293945,6.519999980926514,11881000,2025-04-10,6.0568461418151855,0.0369180608634285,0.0030960169111835,0.0169753010115878,6.519999980926514,6.559999942779541,6.420000076293945,11881000,0.036918060863428526,0.03625291056467539,-0.07103586510218247,0.02311431778315553,16.29045112760842,-0.4393718473219047,-0.00462252688942022,-0.032644539011257634,-0.004494871949104917,-0.01870770611675665,0.03262640927275144,0.02401281972764654,44.38647361874612,0.001346475898698074,0.061073105675511885,-0.05972662977681381,1.0986122886681098,6.0568461418151855,2025-04-11,0.0030960169111835523
2025-04-11,5,0.2971422153525055,0.7198793246649033,0.8,0.2,0.0,1,2025-04-11,2025-04-11,2025-04-11,6.075598239898682,6.480000019073486,6.489999771118164,6.340000152587891,6.420000076293945,13602500,2025-04-11,6.075598239898682,0.0030960169111835,0.0169753010115878,0.0075872781239758,6.420000076293945,6.489999771118164,6.340000152587891,13602500,0.0030960169111835523,0.003091234120018438,-0.05364514521845232,0.0246888639780722,16.425764230858114,0.14489521084083834,0.008089621701412808,-0.024977421121078813,-0.0009422912389797089,-0.012857219309886259,0.033253314997799384,0.023961823189192235,45.2949833401564,-0.007723042964361326,0.04731387594753724,-0.05503691891189857,1.791759469228055,6.075598239898682,2025-04-14,0.016975301011588062
2025-04-14,1,0.0180549863725901,0.0,0.0,0.0,1.0,1,2025-04-14,2025-04-14,2025-04-14,6.178733348846436,6.590000152587891,6.590000152587891,6.480000019073486,6.510000228881836,8035300,2025-04-14,6.178733348846436,0.0169753010115878,0.0075872781239758,-0.0120482010763279,6.510000228881836,6.590000152587891,6.480000019073486,8035300,0.016975301011588062,0.016832830647211416,-0.05088584767873322,0.01780302325798559,15.899355017559754,-0.4092777063039882,0.02202232842063534,-0.003929865955034861,0.01062130221436508,0.0031885063236885003,0.02781451002640842,0.02429707695544744,50.12119671690964,-0.00651347733742913,0.03654840529054397,-0.0430618826279731,0.6931471805599453,6.178733348846436,2025-04-15,0.007587278123975638
2025-04-15,9,0.1578783528982765,0.5813004445158487,0.6666666666666666,0.3333333333333333,0.0,1,2025-04-15,2025-04-15,2025-04-15,6.225613117218018,6.639999866485596,6.659999847412109,6.550000190734863,6.590000152587891,8655300,2025-04-15,6.225613117218018,0.0075872781239758,-0.0120482010763279,0.0,6.590000152587891,6.659999847412109,6.550000190734863,8655300,0.007587278123975638,0.0075586394975706295,-0.0552939342841712,0.017668887321800143,15.973682523572931,0.07715953355817451,0.02469137546557687,0.006670729673565079,0.012118896566678306,0.008819027110529287,0.027710675694954605,0.024540043383745762,52.186088274818786,-0.0017518876760034274,0.02888834669723449,-0.03064023437323792,2.302585092994046,6.225613117218018,2025-04-16,-0.01204820107632798
2025-04-16,6,0.2801122636301443,0.62281750964873,0.8333333333333334,0.1666666666666666,0.0,1,2025-04-16,2025-04-16,2025-04-16,6.15060567855835,6.559999942779541,6.690000057220459,6.489999771118164,6.650000095367432,5752500,2025-04-16,6.15060567855835,-0.0120482010763279,0.0,0.0060975652301327,6.650000095367432,6.690000057220459,6.489999771118164,5752500,-0.01204820107632798,-0.012121368938871946,-0.07509690370635838,0.032517169292695304,15.565145274729105,-0.33537832310838445,0.0021387238372845285,-0.00030477371714054957,-5.0211535439714794e-05,-0.00273064201052331,0.01810778552938389,0.024341977653777325,48.71140337418647,-0.003984832333766342,0.022313710891034327,-0.02629854322480067,1.9459101490553132,6.15060567855835,2025-04-17,0.0
2025-04-17,4,0.2282131058163941,0.7296106396400812,0.5,0.5,0.0,1,2025-04-17,2025-04-17,2025-04-17,6.15060567855835,6.559999942779541,6.590000152587891,6.5,6.5,2652000,2025-04-17,6.15060567855835,0.0,0.0060975652301327,-0.0045454384335359,6.5,6.590000152587891,6.5,2652000,0.0,0.0,-0.053752972529484674,0.01463273005805599,14.790825007361725,-0.5389830508474576,-0.0009137951229135632,0.0049019720502621045,-3.347491723548757e-05,-0.0022352714133420104,0.010627031775477653,0.024341977653777325,48.71140337418647,-0.0056888792042784075,0.01671319287197178,-0.02240207207625019,1.6094379124341003,6.15060567855835,2025-04-18,0.006097565230132718
2025-04-18,7,0.2659605068287679,0.568720629804471,0.7142857142857143,0.1428571428571428,0.1428571428571428,1,2025-04-18,2025-04-18,2025-04-18,6.188109397888184,6.599999904632568,6.610000133514404,6.550000190734863,6.550000190734863,2624800,2025-04-18,6.188109397888184,0.0060975652301327,-0.0045454384335359,-0.0106544779709094,6.550000190734863,6.610000133514404,6.550000190734863,2624800,0.006097565230132718,0.006079050305120237,-0.05525050111579892,0.00969600550371931,14.780515641610364,-0.01025641025641022,0.0015174556013735074,0.013980657961051302,0.004034436011322473,0.0031467050645650474,0.010709647497403926,0.024215647984322675,50.618041883043034,-0.003967378438860969,0.012577078609805233,-0.0165444570486662,2.0794415416798357,6.188109397888184,2025-04-21,-0.004545438433535942
2025-04-21,4,0.0141653586179018,0.5639519300118372,0.75,0.25,0.0,1,2025-04-21,2025-04-21,2025-04-21,6.159981727600098,6.570000171661377,6.619999885559082,6.550000190734863,6.599999904632568,1694200,2025-04-21,6.159981727600098,-0.0045454384335359,-0.0106544779709094,0.0,6.599999904632568,6.619999885559082,6.550000190734863,1694200,-0.004545438433535942,-0.004555800350371841,-0.06666942172584277,0.011363620530006073,14.342721801228498,-0.3545412983846389,-0.002429381922680829,0.008132599593457579,-0.0003529560798178899,-0.0011564178935847824,0.00804479694864683,0.019415276371408385,49.1425087229131,-0.004817214746043241,0.009098219938635538,-0.01391543468467878,1.6094379124341003,6.159981727600098,2025-04-22,-0.01065447797090946
2025-04-22,5,0.0199418541043996,0.5441349307807264,0.2,0.6,0.2,1,2025-04-22,2025-04-22,2025-04-22,6.094350337982178,6.5,6.570000171661377,6.449999809265137,6.570000171661377,3519900,2025-04-22,6.094350337982178,-0.0106544779709094,0.0,0.0061537720040383,6.570000171661377,6.570000171661377,6.449999809265137,3519900,-0.01065447797090946,-0.010711643328600973,-0.07239723306718272,0.019690427320588205,15.073943422178765,1.0776177546924801,-0.008844138732083007,-0.0029145263206642458,-0.007362788231185857,-0.009674132315261486,0.007534075759434537,0.01977894302049517,45.788511639840614,-0.010663696326648875,0.0051458366855786555,-0.015809533012227532,1.791759469228055,6.094350337982178,2025-04-23,0.0
2025-04-23,3,-0.4208546156684558,0.6080537304005741,0.3333333333333333,0.6666666666666666,0.0,1,2025-04-23,2025-04-23,2025-04-23,6.094350337982178,6.5,6.559999942779541,6.460000038146973,6.559999942779541,6015300,2025-04-23,6.094350337982178,0.0,0.0061537720040383,-0.0030580673527572,6.559999942779541,6.559999942779541,6.460000038146973,6015300,0.0,0.0,-0.07098317208217271,0.01640862423174675,15.609816947701638,0.7089405949032643,-0.007027177532423989,-0.007027162103082074,-0.004920601937469238,-0.007929146004777121,0.0062207044163277775,0.014322445004264592,45.78851163984061,-0.015122749458728713,0.0010921194567171813,-0.016214868915445893,1.3862943611198906,6.094350337982178,2025-04-24,0.006153772004038327
2025-04-24,7,-0.3221907945615904,0.7121168637286388,0.2857142857142857,0.7142857142857143,0.0,1,2025-04-24,2025-04-24,2025-04-24,6.1318535804748535,6.539999961853027,6.559999942779541,6.480000019073486,6.480000019073486,8109400,2025-04-24,6.1318535804748535,0.0061537720040383,-0.0030580673527572,0.0184049208961174,6.480000019073486,6.559999942779541,6.480000019073486,8109400,0.006153772004038327,0.0061349148712208645,-0.05372630209473533,0.013046613500490575,15.908534563931054,0.34812893787508514,-0.0003057676475906046,-0.002136144253879535,0.0008016051218726616,-0.0014929963972658555,0.007202244427509953,0.008779193007193114,48.1344207137129,-0.015452258927937557,-0.0022167562202137663,-0.01323550270772379,2.0794415416798357,6.1318535804748535,2025-04-25,-0.0030580673527572655
2025-04-25,4,0.369157487526536,0.2895137101124157,1.0,0.0,0.0,1,2025-04-25,2025-04-25,2025-04-25,6.113101959228516,6.519999980926514,6.579999923706055,6.5,6.579999923706055,8087600,2025-04-25,6.113101959228516,-0.0030580673527572,0.0184049208961174,-0.0105421567935862,6.579999923706055,6.579999923706055,6.5,8087600,-0.0030580673527572655,-0.0030627527954285583,-0.07095713828132813,0.01308663330656288,15.905842706121351,-0.002688238340691096,-0.0009194116494876114,-0.005794457426614441,-0.0015070771812688566,-0.003722939570314665,0.006166384855899277,0.008852065828560718,47.03837950342192,-0.017030183324570736,-0.0051794416410851606,-0.011850741683485575,1.6094379124341003,6.113101959228516,2025-04-28,0.01840492089611745
2025-04-28,5,0.5988944138400256,0.2539477625211507,1.0,0.0,0.0,1,2025-04-28,2025-04-28,2025-04-28,6.225613117218018,6.639999866485596,6.639999866485596,6.53000020980835,6.539999961853027,7008600,2025-04-28,6.225613117218018,0.0184049208961174,-0.0105421567935862,0.0121764909604256,6.539999961853027,6.639999866485596,6.53000020980835,7008600,0.01840492089611745,0.018237600236932217,-0.048071383252108184,0.017668887321800143,15.76264866705368,-0.13341411543597603,0.015290522683836683,0.01173244173561283,0.011183846493458383,0.011924783957179663,0.010908161123516918,0.00915148315771807,53.83135050395362,-0.009097123643857508,-0.00596297804163963,-0.0031341456022178776,1.791759469228055,6.225613117218018,2025-04-29,-0.010542156793586277
2025-04-29,4,0.4738572076894343,0.872934869841331,0.75,0.25,0.0,1,2025-04-29,2025-04-29,2025-04-29,6.159981727600098,6.570000171661377,6.659999847412109,6.570000171661377,6.650000095367432,4338000,2025-04-29,6.159981727600098,-0.0105421567935862,0.0121764909604256,-0.0015037031615622,6.650000095367432,6.659999847412109,6.570000171661377,4338000,-0.010542156793586277,-0.01059811898412355,-0.07368697153984914,0.014610380311273409,15.282924200889907,-0.38104614330964814,0.002441274462504195,0.002135461554632734,0.00034913093420940733,0.0010281494001163072,0.010875215645895555,0.00944710052262342,49.817329615208045,-0.008013645018587923,-0.0063731114370292885,-0.0016405335815586342,1.6094379124341003,6.159981727600098,2025-04-30,0.012176490960425612
2025-04-30,5,0.4258551511913538,0.689933534242448,0.6,0.4,0.0,1,2025-04-30,2025-04-30,2025-04-30,6.234988689422607,6.650000095367432,6.650000095367432,6.579999923706055,6.599999904632568,10088400,2025-04-30,6.234988689422607,0.0121764909604256,-0.0015037031615622,0.0135541687662668,6.599999904632568,6.650000095367432,6.579999923706055,10088400,0.012176490960425612,0.012102953841917286,-0.05530473037639864,0.011226992565380152,16.126896906035128,1.325587828492393,0.010024265975971058,0.012947397555475249,0.008318505450351399,0.010788114549811212,0.011600867734549285,0.009410594525154527,54.035655092202255,-0.001089980821853409,-0.005316485313994113,0.004226504492140704,1.791759469228055,6.234988689422607,2025-05-02,-0.001503703161562231
2025-05-02,5,0.2245423197746276,0.7011333133251524,0.6,0.2,0.2,2,2025-05-01,2025-05-02,2025-05-02,6.225613117218018,6.639999866485596,6.679999828338623,6.610000133514404,6.679999828338623,3108400,2025-05-02,6.225613117218018,-0.0015037031615622,0.0135541687662668,-0.0074293693027465,6.679999828338623,6.679999828338623,6.610000133514404,3108400,-0.001503703161562231,-0.0015048348577937354,-0.06802196449062119,0.011243823460635934,14.94961900402609,-0.6918837476705919,0.005451253192944483,0.010193219810167742,0.0045246032571133465,0.007570307029085344,0.011851661367754032,0.009447449922218215,53.43106497993748,0.003599054949260605,-0.00353337726134317,0.007132432210603775,1.791759469228055,6.225613117218018,2025-05-05,0.013554168766266805
2025-05-05,3,0.2025142249961694,0.558208270635478,0.6666666666666666,0.0,0.3333333333333333,1,2025-05-05,2025-05-05,2025-05-05,6.309996128082275,6.730000019073486,6.730000019073486,6.619999885559082,6.630000114440918,3360600,2025-05-05,6.309996128082275,0.0135541687662668,-0.0074293693027465,0.0104790300629447,6.630000114440918,6.730000019073486,6.619999885559082,3360600,0.013554168766266805,0.01346313271034516,-0.04826606045777229,0.017432678448859106,15.027630384991845,0.08113498906189687,0.012639152147272181,0.021864522415852017,0.012020713858828413,0.017300842927513216,0.012022600538143266,0.010141111432869897,57.987271722967,0.013963194326635175,-3.406294374750079e-05,0.013997257270382677,1.3862943611198906,6.309996128082275,2025-05-06,-0.0074293693027465135
2025-05-06,6,0.1126696001350259,0.7252923508674646,0.5,0.5,0.0,1,2025-05-06,2025-05-06,2025-05-06,6.263116836547852,6.679999828338623,6.730000019073486,6.619999885559082,6.730000019073486,3339900,2025-05-06,6.263116836547852,-0.0074293693027465,0.0104790300629447,-0.0118518601118551,6.730000019073486,6.730000019073486,6.619999885559082,3339900,-0.0074293693027465135,-0.007457104522377467,-0.06937342959917409,0.017563161662977205,15.021451723795025,-0.006159614354579568,0.003907445976234936,0.012581491012713553,0.0029968614940190097,0.007957399685170286,0.011098987141615863,0.010385938394567322,54.78066902300758,0.01818446323976186,0.003609642292954372,0.014574820946807489,1.9459101490553132,6.263116836547852,2025-05-07,0.010479030062944927
2025-05-07,7,0.1923959993624261,0.5863282906889263,0.7142857142857143,0.2857142857142857,0.0,1,2025-05-07,2025-05-07,2025-05-07,6.328748226165772,6.75,6.769999980926514,6.690000057220459,6.699999809265137,9121400,2025-05-07,6.328748226165772,0.0104790300629447,-0.0118518601118551,0.0,6.699999809265137,6.769999980926514,6.690000057220459,9121400,0.010479030062944927,0.010424505605583612,-0.05541068562210655,0.01264071832962173,16.026133968673467,1.7310398514925596,0.008968623842308787,0.0193295136049092,0.008964501780144962,0.015101725261293941,0.009360106503214479,0.009719143959018938,58.260624357357905,0.026520047306577865,0.008191723295679071,0.018328324010898796,2.0794415416798357,6.328748226165772,2025-05-08,-0.011851860111855128
2025-05-08,8,-0.0077430014498531,0.5534050198473205,0.375,0.625,0.0,1,2025-05-08,2025-05-08,2025-05-08,6.253740787506104,6.670000076293945,6.800000190734863,6.670000076293945,6.769999980926514,6628900,2025-05-08,6.253740787506104,-0.0118518601118551,0.0,0.0224888286696691,6.769999980926514,6.800000190734863,6.670000076293945,6628900,-0.011851860111855128,-0.01192265331597997,-0.07625689732273178,0.02078757640557085,15.706949586732767,-0.2732584910211152,-0.0035853027885321964,0.004669379302985721,-0.001997729705968454,0.002511137428748089,0.011060499026039389,0.010889378827708098,53.219814533015544,0.026765053422469265,0.01190638932103711,0.014858664101432155,2.1972245773362196,6.253740787506104,2025-05-09,0.0
2025-05-09,6,0.6855126224302998,0.2407178133756141,1.0,0.0,0.0,1,2025-05-09,2025-05-09,2025-05-09,6.253740787506104,6.670000076293945,6.71999979019165,6.659999847412109,6.71999979019165,4246700,2025-05-09,6.253740787506104,0.0,0.0224888286696691,-0.0058651809282141,6.71999979019165,6.71999979019165,6.659999847412109,4246700,0.0,0.0,-0.069383782327804,0.009594248437576842,15.261653004179871,-0.3593658072983451,-0.004477611305852558,0.0027059511774019107,-0.0013327072669446771,0.002053629360693421,0.011007627306652428,0.010842419839999444,53.219814533015544,0.02665199492725634,0.014855510442280957,0.011796484484975382,1.9459101490553132,6.253740787506104,2025-05-13,0.022488828669668948
2025-05-13,5,0.5530063295736909,0.3448290853239329,1.0,0.0,0.0,1,2025-05-13,2025-05-13,2025-05-13,6.39438009262085,6.820000171661377,6.820000171661377,6.699999809265137,6.699999809265137,14279200,2025-05-13,6.39438009262085,0.0224888286696691,-0.0058651809282141,-0.0132742894841364,6.699999809265137,6.820000171661377,6.699999809265137,14279200,0.022488828669668948,0.022239683368699747,-0.0456148843797964,0.018766535716999575,16.47431456092937,2.362422586949867,0.015183142244541425,0.020652563106910105,0.013985612864720887,0.020028439228082284,0.013908224526549622,0.012408750988471684,60.6276059413016,0.03747877976292546,0.01938016430640986,0.0180986154565156,1.791759469228055,6.39438009262085,2025-05-14,-0.0058651809282141976
2025-05-14,9,0.1124515187305708,0.5383503307184454,0.4444444444444444,0.4444444444444444,0.1111111111111111,1,2025-05-14,2025-05-14,2025-05-14,6.356875896453857,6.78000020980835,6.840000152587891,6.769999980926514,6.829999923706055,3973300,2025-05-14,6.356875896453857,-0.0058651809282141,-0.0132742894841364,0.00149471228993,6.829999923706055,6.840000152587891,6.769999980926514,3973300,-0.0058651809282141976,-0.00588244865386911,-0.06927145425141872,0.01101172538234168,15.195107793316366,-0.7217421144041682,0.006233281538265301,0.01254478884752519,0.005344615132934383,0.011462734966639632,0.013637328673234079,0.011760332075700665,57.9904191820037,0.042542407164867235,0.024012612878101337,0.018529794286765898,2.302585092994046,6.356875896453857,2025-05-15,-0.013274289484136448
2025-05-15,7,-0.0714711608099086,0.7140280397503208,0.4285714285714285,0.4285714285714285,0.1428571428571428,1,2025-05-15,2025-05-15,2025-05-15,6.2724928855896,6.690000057220459,6.800000190734863,6.679999828338623,6.789999961853027,6738100,2025-05-15,6.2724928855896,-0.0132742894841364,0.00149471228993,-0.0074627109253483,6.789999961853027,6.800000190734863,6.679999828338623,6738100,-0.013274289484136448,-0.013363180383535234,-0.0762160646790633,0.019131207413870265,15.723288692447452,0.695844763798354,-0.005352344939340781,-0.002683330902786829,-0.005348009343847493,-0.0016072490884694313,0.014511741833053388,0.012114378582914252,52.461145625708056,0.03929341457989555,0.027068773218460178,0.012224641361435369,2.0794415416798357,6.2724928855896,2025-05-16,0.0014947122899300336
2025-05-16,9,0.4092952426936891,0.6336954071654343,0.6666666666666666,0.3333333333333333,0.0,1,2025-05-16,2025-05-16,2025-05-16,6.2818684577941895,6.699999809265137,6.75,6.670000076293945,6.670000076293945,6632500,2025-05-16,6.2818684577941895,0.00149471228993,-0.0074627109253483,0.0090226013575238,6.670000076293945,6.75,6.670000076293945,6632500,0.0014947122899300336,0.0014935963194133706,-0.05819064678563146,0.012735052356404451,15.707492515766731,-0.01567207372998325,-0.00475345000438232,-0.0019365670078254071,-0.0025775113664396887,-9.404310727423315e-05,0.013359413202863634,0.011563779171063047,52.997388172487966,0.037048028262351984,0.02906462422723854,0.007983404035113443,2.302585092994046,6.2818684577941895,2025-05-19,-0.007462710925348337
2025-05-19,4,0.2417056164704263,0.4877630055934346,0.75,0.25,0.0,1,2025-05-19,2025-05-19,2025-05-19,6.234988689422607,6.650000095367432,6.71999979019165,6.639999866485596,6.699999809265137,4004500,2025-05-19,6.234988689422607,-0.0074627109253483,0.0090226013575238,0.0,6.699999809265137,6.71999979019165,6.639999866485596,4004500,-0.007462710925348337,-0.007490696270486374,-0.06940464672842016,0.012830804944645873,15.202929536464909,-0.39623068224651337,-0.011593390897891798,-0.009532365077642213,-0.006703048433595593,-0.006190729536013295,0.01390062307292449,0.011846299524522728,49.962589704293,0.031126926083496542,0.029477084598490143,0.0016498414850063987,1.6094379124341003,6.234988689422607,2025-05-20,0.009022601357523863
2025-05-20,7,0.6065423137375286,0.3702241035811853,1.0,0.0,0.0,1,2025-05-20,2025-05-20,2025-05-20,6.2912445068359375,6.710000038146973,6.71999979019165,6.650000095367432,6.650000095367432,8351100,2025-05-20,6.2912445068359375,0.0090226013575238,0.0,0.0,6.650000095367432,6.71999979019165,6.650000095367432,8351100,0.009022601357523863,0.008982140880287703,-0.05394820802805896,0.011126525880238563,15.937903944422187,1.0854288924959419,0.0005964887703548971,-0.00029797777458284713,0.0015049160877573797,0.0022701394679267572,0.008634177282008047,0.011355787123183357,53.41030889120433,0.03062080666484679,0.029705829011761477,0.0009149776530853124,2.0794415416798357,6.2912445068359375,2025-05-21,0.0
2025-05-21,11,0.5484656769443642,0.5561703311093436,0.9090909090909092,0.0909090909090909,0.0,1,2025-05-21,2025-05-21,2025-05-21,6.2912445068359375,6.710000038146973,6.75,6.699999809265137,6.71999979019165,9047900,2025-05-21,6.2912445068359375,0.0,0.0,0.0119225120845591,6.71999979019165,6.75,6.699999809265137,9047900,0.0,0.0,-0.0638028715390012,0.007947583451975852,16.018043355073672,0.08343810994958756,0.0026897845413651478,-0.0007446040517929964,0.0010027743614151596,0.0018566205123942137,0.008582713968314745,0.011072656558346921,53.41030889120433,0.029875319295080693,0.02973972706842532,0.0001355922266553719,2.4849066497880004,6.2912445068359375,2025-05-22,0.0
2025-05-22,9,0.0677410918287932,0.8314065424499826,0.4444444444444444,0.5555555555555556,0.0,1,2025-05-22,2025-05-22,2025-05-22,6.2912445068359375,6.710000038146973,6.730000019073486,6.679999828338623,6.710000038146973,8673400,2025-05-22,6.2912445068359375,0.0,0.0119225120845591,0.0132548143591961,6.710000038146973,6.730000019073486,6.679999828338623,8673400,0.0,0.0,-0.06240767942330419,0.007947583451975852,15.975771544041098,-0.04139081996927463,0.002090813363463173,-0.0001490110882877982,0.0006682928586285719,0.00151854053677547,0.005862325368055572,0.010504954945273877,53.41030889120433,0.02895078851483479,0.02958193935770722,-0.0006311508428724286,2.302585092994046,6.2912445068359375,2025-05-23,0.01192251208455919
2025-05-23,9,0.0561654863672123,0.6888273404350186,0.4444444444444444,0.5555555555555556,0.0,1,2025-05-23,2025-05-23,2025-05-23,6.3662519454956055,6.789999961853027,6.789999961853027,6.71999979019165,6.739999771118164,4839400,2025-05-23,6.3662519454956055,0.0119225120845591,0.0132548143591961,-0.0043605234579663,6.739999771118164,6.789999961853027,6.71999979019165,4839400,0.01192251208455919,0.01185199884730781,-0.055452201530350194,0.010995507601753817,15.392301510703295,-0.4420411833882907,0.011319646214565049,0.009965794145656126,0.008364056167819989,0.010985155915200329,0.00779247471112213,0.010350783174420555,58.205908306312224,0.03388001690185494,0.030441554866536765,0.0034384620353181718,2.302585092994046,6.3662519454956055,2025-05-26,0.013254814359196176
2025-05-26,9,0.2034895540111594,0.6788552546525414,0.5555555555555556,0.4444444444444444,0.0,2,2025-05-24,2025-05-26,2025-05-26,6.4506354331970215,6.880000114440918,6.929999828338623,6.78000020980835,6.820000171661377,5327000,2025-05-26,6.4506354331970215,0.0132548143591961,-0.0043605234579663,-0.0262773541622398,6.820000171661377,6.929999828338623,6.78000020980835,5327000,0.013254814359196176,0.01316773791809811,-0.054159051197556915,0.02325346395462495,15.48829897362204,0.10075629210232684,0.017751506623174373,0.020166102620152282,0.014382315063082185,0.01986376450852334,0.006428777508933172,0.010922894938703067,62.84001868364752,0.0440872972279589,0.033170703338821196,0.010916593889137703,2.302585092994046,6.4506354331970215,2025-05-27,-0.0043605234579663366
2025-05-27,10,-0.2290912141092121,0.6177280086896645,0.3,0.7,0.0,1,2025-05-27,2025-05-27,2025-05-27,6.422507286071777,6.849999904632568,6.900000095367432,6.820000171661377,6.880000114440918,9908500,2025-05-27,6.422507286071777,-0.0043605234579663,-0.0262773541622398,-0.0224887524213603,6.880000114440918,6.900000095367432,6.820000171661377,9908500,-0.0043605234579663366,-0.0043700582683183775,-0.0664960495289639,0.012456182631282828,16.10890363351285,0.8600525624178712,0.009133738117444112,0.01526602286259271,0.006617416999718406,0.012578344592794721,0.007908582452324413,0.0087213155533993,60.43452120929357,0.04933819404066497,0.036404201479189956,0.012933992561475018,2.3978952727983707,6.422507286071777,2025-05-28,-0.02627735416223964
2025-05-28,10,0.1881408717948943,0.650060829799614,0.6,0.3,0.1,1,2025-05-28,2025-05-28,2025-05-28,6.253740787506104,6.670000076293945,6.880000114440918,6.619999885559082,6.860000133514404,9963200,2025-05-28,6.253740787506104,-0.0262773541622398,-0.0224887524213603,-0.0138037101727099,6.860000133514404,6.880000114440918,6.619999885559082,9963200,-0.02627735416223964,-0.026628773757597646,-0.08837599624035443,0.0415751528111417,16.11440896346968,0.005520512691123747,-0.016224196358066156,-0.00979810286725602,-0.013310549956256912,-0.01150806566272855,0.01597956805477178,0.012102815256827867,48.4506306872539,0.03942703132696934,0.03700876744874584,0.0024182638782235047,2.3978952727983707,6.253740787506104,2025-05-29,-0.022488752421360503
2025-05-29,14,-0.1074132268882489,0.7545463652949596,0.4285714285714285,0.5714285714285714,0.0,1,2025-05-29,2025-05-29,2025-05-29,6.113101959228516,6.519999980926514,6.690000057220459,6.5,6.679999828338623,15500600,2025-05-29,6.113101959228516,-0.0224887524213603,-0.0138037101727099,0.0077760752294189,6.679999828338623,6.690000057220459,6.5,15500600,-0.022488752421360503,-0.022745480714503552,-0.08486495264642845,0.031080793104330512,16.556389355331323,0.5557852898667095,-0.03292791868284228,-0.029617498909501827,-0.0239500518080763,-0.027774203403734488,0.018553040019409103,0.013376815895173904,41.13104966123186,0.019993512627975107,0.033605716484591694,-0.013612203856616586,2.70805020110221,6.113101959228516,2025-05-30,-0.013803710172709982
2025-05-30,12,0.2929015355572725,0.6797472941044731,0.6666666666666666,0.3333333333333333,0.0,1,2025-05-30,2025-05-30,2025-05-30,6.0287184715271,6.429999828338623,6.570000171661377,6.429999828338623,6.53000020980835,32828300,2025-05-30,6.0287184715271,-0.0138037101727099,0.0077760752294189,-0.0108025356291782,6.53000020980835,6.570000171661377,6.429999828338623,32828300,-0.013803710172709982,-0.013899867288733825,-0.07676596051686226,0.023222239350528376,17.306801536691776,1.1178728565345857,-0.035982034373500005,-0.03915124921503932,-0.02526392695178936,-0.033958962313529684,0.015853056449227264,0.013740398578817153,37.47305702116993,-0.0021914712705282113,0.026446278933567716,-0.028637750204095928,2.5649493574615367,6.0287184715271,2025-06-03,0.007776075229418922
2025-06-03,11,0.0653828609396111,0.7033497963621362,0.4545454545454545,0.5454545454545454,0.0,4,2025-05-31,2025-06-03,2025-06-03,6.075598239898682,6.480000019073486,6.539999961853027,6.449999809265137,6.449999809265137,9090300,2025-06-03,6.075598239898682,0.0077760752294189,-0.0108025356291782,-0.00156000410352,6.449999809265137,6.539999961853027,6.449999809265137,9090300,0.007776075229418922,0.0077459973808839955,-0.05804675665705353,0.014813381174030936,16.02271857891676,-0.723095621765367,-0.016691950133599698,-0.029213486536147526,-0.011859445969476523,-0.021742969218590535,0.013842162397820146,0.014154854257670707,40.63197469242499,-0.015808198257999173,0.01799538349525434,-0.033803581753253514,2.4849066497880004,6.075598239898682,2025-06-04,-0.0108025356291781
2025-06-04,6,0.1358321619530519,0.4942144364615168,0.6666666666666666,0.3333333333333333,0.0,1,2025-06-04,2025-06-04,2025-06-04,6.009966373443604,6.409999847412109,6.539999961853027,6.360000133514404,6.539999961853027,12377200,2025-06-04,6.009966373443604,-0.0108025356291782,-0.00156000410352,-0.007812525453644,6.539999961853027,6.539999961853027,6.360000133514404,12377200,-0.0108025356291781,-0.010861306651119174,-0.08104489166682571,0.02995022220656558,16.331366709189922,0.3615832260761471,-0.014149541810519417,-0.035364997500628936,-0.015136272604603263,-0.026592186472496504,0.013260595277129042,0.013744810317580677,37.7560860866311,-0.03153201418182938,0.008089903959837597,-0.039621918141666976,1.9459101490553132,6.009966373443604,2025-06-05,-0.0015600041035201961
2025-06-05,8,0.0782639211975038,0.6241689164773905,0.625,0.25,0.125,1,2025-06-05,2025-06-05,2025-06-05,6.000590801239014,6.400000095367432,6.449999809265137,6.380000114440918,6.449999809265137,8388700,2025-06-05,6.000590801239014,-0.00156000410352,-0.007812525453644,0.001574824338969,6.449999809265137,6.449999809265137,6.380000114440918,8388700,-0.0015600041035201961,-0.0015612221768863677,-0.0696758172582528,0.011665467141962935,15.942396239281216,-0.3222457421710888,-0.007444158361551656,-0.03235561310363011,-0.011177227426503289,-0.023117825155173133,0.011636846637637472,0.013697109649798088,37.34940356017354,-0.044239812882838514,-0.0023760394086976243,-0.041863773474140886,2.1972245773362196,6.000590801239014,2025-06-06,-0.007812525453644081
2025-06-06,9,0.2924250493136545,0.7163563609401286,0.6666666666666666,0.2222222222222222,0.1111111111111111,1,2025-06-06,2025-06-06,2025-06-06,5.953711032867432,6.349999904632568,6.409999847412109,6.349999904632568,6.400000095367432,5824400,2025-06-06,5.953711032867432,-0.007812525453644,0.001574824338969,0.0031446963336132,6.400000095367432,6.409999847412109,6.349999904632568,5824400,-0.007812525453644081,-0.007843203115092567,-0.06973266497652732,0.010077738480808295,15.577566719510376,-0.30568502866951974,-0.009978180065578268,-0.03466101597092475,-0.012681524214309792,-0.02530033048844338,0.008571134762613954,0.013626052019284601,35.30183619751709,-0.057431604636829725,-0.013387152454324045,-0.04404445218250568,2.302585092994046,5.953711032867432,2025-06-09,0.0015748243389690497
2025-06-09,6,0.0347758123340706,0.6105153936677769,0.6666666666666666,0.3333333333333333,0.0,1,2025-06-09,2025-06-09,2025-06-09,5.96308708190918,6.360000133514404,6.409999847412109,6.360000133514404,6.369999885559082,2677100,2025-06-09,5.96308708190918,0.001574824338969,0.0031446963336132,0.0,6.369999885559082,6.409999847412109,6.360000133514404,2677100,0.0015748243389690497,0.001573585603476424,-0.06387956216017866,0.008384870656910959,14.800245050591673,-0.5403646727559921,-0.0062499886762323875,-0.02677888465288092,-0.007445394852000131,-0.019528760287937263,0.007410783497608519,0.012510352827160788,36.05687192422285,-0.06636461586370057,-0.02398264513619935,-0.04238197072750122,1.9459101490553132,5.96308708190918,2025-06-10,0.0031446963336132505
2025-06-10,8,-0.1006328533403575,0.4632981549623728,0.375,0.5,0.125,1,2025-06-10,2025-06-10,2025-06-10,5.981839179992676,6.380000114440918,6.400000095367432,6.360000133514404,6.380000114440918,5473900,2025-06-10,5.981839179992676,0.0031446963336132,0.0,0.001567419109679,6.380000114440918,6.400000095367432,6.360000133514404,5473900,0.0031446963336132505,0.003139762117798428,-0.062407668856779196,0.006686900240784528,15.515502082924149,1.0447125621007807,4.782848539441886e-08,-0.016191169200040156,-0.002886902446046946,-0.013495742873381511,0.006015778384223909,0.011066154680646763,37.62471562182115,-0.07111122805058478,-0.03340836171907644,-0.03770286633150834,2.1972245773362196,5.981839179992676,2025-06-11,0.0
2025-06-11,5,0.6998258650302887,0.2114803036082693,1.0,0.0,0.0,1,2025-06-11,2025-06-11,2025-06-11,5.981839179992676,6.380000114440918,6.409999847412109,6.349999904632568,6.369999885559082,11334700,2025-06-11,5.981839179992676,0.0,0.001567419109679,-0.0046948984554803,6.369999885559082,6.409999847412109,6.349999904632568,11334700,0.0,0.0,-0.06093574765148338,0.010030350361176792,16.243379463102094,1.070680867388882,0.0009413527201886929,-0.00900897200187567,-0.0019264554603583006,-0.011069132563112705,0.0042281276932019315,0.01128563491216651,37.62471562182116,-0.07401969938731057,-0.041530629252723265,-0.0324890701345873,1.791759469228055,5.981839179992676,2025-06-12,0.001567419109679058
2025-06-12,9,0.0339977120359738,0.5154124506911357,0.5555555555555556,0.4444444444444444,0.0,1,2025-06-12,2025-06-12,2025-06-12,5.991215229034424,6.389999866485596,6.389999866485596,6.360000133514404,6.380000114440918,9988500,2025-06-12,5.991215229034424,0.001567419109679,-0.0046948984554803,-0.0062892327375954,6.380000114440918,6.389999866485596,6.360000133514404,9988500,0.001567419109679058,0.0015661919904526034,-0.06093806871985668,0.005007286806490896,16.11694508931605,-0.11876803091391919,0.002824896634997298,-0.0031200714818557795,-0.00024139974258929886,-0.007801827544772544,0.004341545261491745,0.009261205872052048,38.49915427296218,-0.07470693997671596,-0.0481658913975218,-0.026541048579194156,2.302585092994046,5.991215229034424,2025-06-13,-0.004694898455480323
2025-06-13,7,0.3108281098372702,0.7199412138106325,0.5714285714285714,0.4285714285714285,0.0,1,2025-06-13,2025-06-13,2025-06-13,5.96308708190918,6.360000133514404,6.389999866485596,6.340000152587891,6.380000114440918,5609400,2025-06-13,5.96308708190918,-0.0046948984554803,-0.0062892327375954,-0.0047468988520823,6.380000114440918,6.389999866485596,6.340000152587891,5609400,-0.004694898455480323,-0.0047059541082510314,-0.06534686913062424,0.008384870656910959,15.539954498179632,-0.43841417630274815,-0.002196452410439753,-0.005317492904709509,-0.003295531230491866,-0.010217773072820457,0.003015010024223407,0.006728656061314047,36.83099984047716,-0.07663785599291817,-0.05386028431660108,-0.02277757167631709,2.0794415416798357,5.96308708190918,2025-06-16,-0.006289232737595407
2025-06-16,8,-0.0767209151526913,0.4768281308407173,0.5,0.5,0.0,1,2025-06-16,2025-06-16,2025-06-16,5.925583839416504,6.320000171661377,6.360000133514404,6.28000020980835,6.340000152587891,7009100,2025-06-16,5.925583839416504,-0.0062892327375954,-0.0047468988520823,0.0,6.340000152587891,6.360000133514404,6.28000020980835,7009100,-0.006289232737595407,-0.006309093277303557,-0.06536534750748048,0.013500766485472987,15.762720005422867,0.24952757870717002,-0.00722585645518925,-0.009869908306886943,-0.0063964169274675076,-0.013493494077383872,0.004064320401919381,0.005655143738754541,34.67376024618417,-0.08026902770311217,-0.059142032993903304,-0.02112699470920887,2.1972245773362196,5.925583839416504,2025-06-17,-0.0047468988520823485
2025-06-17,6,0.2645777072757482,0.3667415203419261,0.6666666666666666,0.3333333333333333,0.0,1,2025-06-17,2025-06-17,2025-06-17,5.89745569229126,6.289999961853027,6.329999923706055,6.25,6.320000171661377,7402200,2025-06-17,5.89745569229126,-0.0047468988520823,0.0,-0.0079491514337038,6.320000171661377,6.329999923706055,6.25,7402200,-0.0047468988520823485,-0.004758201157891273,-0.06685830188182422,0.013565158922791904,15.817287946382574,0.056084233353782986,-0.009136762230817053,-0.011627911158319737,-0.00743618106624544,-0.014920861766785531,0.0034082545520351996,0.004611459926402315,33.10748509940086,-0.08444305684555786,-0.06420223776423423,-0.020240819081323635,1.9459101490553132,5.89745569229126,2025-06-18,0.0
2025-06-18,6,-0.0116507910036792,0.8178374214421393,0.3333333333333333,0.6666666666666666,0.0,1,2025-06-18,2025-06-18,2025-06-18,5.89745569229126,6.289999961853027,6.320000171661377,6.28000020980835,6.289999961853027,11784500,2025-06-18,5.89745569229126,0.0,-0.0079491514337038,0.0096154324197952,6.289999961853027,6.320000171661377,6.28000020980835,11784500,0.0,0.0,-0.06240767439466319,0.006782579461395952,16.282295751495802,0.5920266947664208,-0.006319135733462655,-0.009760716091963939,-0.004969772754183088,-0.012241186728285225,0.0034082545520351996,0.003756745143560897,33.10748509940086,-0.08675099356005944,-0.06871198892339928,-0.018039004636660166,1.9459101490553132,5.89745569229126,2025-06-19,-0.007949151433703894
2025-06-19,8,0.0179657116532325,0.39998509212011,0.5,0.375,0.125,1,2025-06-19,2025-06-19,2025-06-19,5.850575923919678,6.239999771118164,6.300000190734863,6.239999771118164,6.300000190734863,4314600,2025-06-19,5.850575923919678,-0.0079491514337038,0.0096154324197952,0.0,6.300000190734863,6.300000190734863,6.239999771118164,4314600,-0.007949151433703894,-0.00798091437556403,-0.07133718304899964,0.010255472349549662,15.277515410089809,-0.6338750053035767,-0.009523840430482267,-0.015151549812572052,-0.00862330017231383,-0.016500031940452242,0.0029651466316356445,0.004211717131448197,30.448889554367625,-0.09131028739667446,-0.07323164861805431,-0.01807863877862015,2.1972245773362196,5.850575923919678,2025-06-20,0.009615432419795233
2025-06-20,7,-0.1549014390579291,0.7440114176008477,0.4285714285714285,0.5714285714285714,0.0,1,2025-06-20,2025-06-20,2025-06-20,5.906831741333008,6.300000190734863,6.349999904632568,6.239999771118164,6.25,7881600,2025-06-20,5.906831741333008,0.0096154324197952,0.0,0.0063492107058682,6.25,6.349999904632568,6.239999771118164,7881600,0.009615432419795233,0.009569498365280094,-0.05490692138671875,0.018622526987636917,15.880041613786139,0.8267278542622722,0.0019084063620360414,-0.004896534182041057,0.0006059600088841322,-0.005770051822804323,0.007074147054741659,0.005255173910457938,36.987963683616876,-0.08935416707732635,-0.07645615230990872,-0.012898014767417629,2.0794415416798357,5.906831741333008,2025-06-23,0.0
2025-06-23,4,0.7308593564666809,0.3464073409813675,1.0,0.0,0.0,1,2025-06-23,2025-06-23,2025-06-23,5.906831741333008,6.300000190734863,6.340000152587891,6.239999771118164,6.28000020980835,6349800,2025-06-23,5.906831741333008,0.0,0.0063492107058682,-0.0094637689588025,6.28000020980835,6.340000152587891,6.239999771118164,6349800,0.0,0.0,-0.059421728663720856,0.016929614021333077,15.663934031795133,-0.19435140073081603,0.0025461669288617816,-0.003952565864679958,0.0004038917585049706,-0.0047259094445498695,0.006638534412056847,0.005200148073995963,36.987963683616876,-0.08680331307125844,-0.07852558446217867,-0.00827772860907977,1.6094379124341003,5.906831741333008,2025-06-24,0.006349210705868247
2025-06-24,10,0.3374177145306021,0.5371430592794457,0.7,0.3,0.0,1,2025-06-24,2025-06-24,2025-06-24,5.944335460662842,6.340000152587891,6.360000133514404,6.300000190734863,6.309999942779541,7079400,2025-06-24,5.944335460662842,0.0063492107058682,-0.0094637689588025,0.0047771342830751,6.309999942779541,6.360000133514404,6.300000190734863,7079400,0.006349210705868247,0.006329139380822468,-0.057949997691382676,0.010093633371904373,15.772699857570965,0.1149012567324954,0.00730856505212607,0.0030058616123820325,0.004493658685149615,0.0013032278494775618,0.006765877701938253,0.005565413631548818,41.25805151026491,-0.08082381949522244,-0.07898523146878743,-0.001838588026435009,2.3978952727983707,5.944335460662842,2025-06-25,-0.009463768958802521
2025-06-25,10,0.2742516769561917,0.5006156766725037,0.6,0.3,0.1,1,2025-06-25,2025-06-25,2025-06-25,5.888079643249512,6.28000020980835,6.420000076293945,6.28000020980835,6.380000114440918,8055000,2025-06-25,5.888079643249512,-0.0094637689588025,0.0047771342830751,-0.0015848072572776,6.380000114440918,6.420000076293945,6.28000020980835,8055000,-0.009463768958802521,-0.009508834975207936,-0.07710352074727407,0.023776829623237333,15.901803698739696,0.1378082888380372,-0.0019072093152281422,-0.004912091944648367,-0.0033473511665025324,-0.0066968487289553735,0.00844247367808125,0.006215877649810579,37.18720596196988,-0.07970560546725203,-0.07912930626848035,-0.000576299198771682,2.3978952727983707,5.888079643249512,2025-06-26,0.004777134283075135
2025-06-26,11,0.2290599994700063,0.6081963888381775,0.6363636363636364,0.3636363636363636,0.0,1,2025-06-26,2025-06-26,2025-06-26,5.916207790374756,6.309999942779541,6.320000171661377,6.289999961853027,6.300000190734863,8830900,2025-06-26,5.916207790374756,0.0047771342830751,-0.0015848072572776,0.0126984214117364,6.300000190734863,6.320000171661377,6.289999961853027,8830900,0.004777134283075135,0.004765759987071405,-0.06091942678422998,0.005070851273540086,15.993767605879665,0.09632526381129725,0.0006343411562128587,0.0011106132932914292,0.0009420842765175408,-0.0015974173729583763,0.007411380727501438,0.006472936304766822,40.35604870323199,-0.07567734507104706,-0.0784389140289937,0.0027615689579466307,2.4849066497880004,5.916207790374756,2025-06-30,-0.0015848072572776095
2025-06-30,12,0.2731905729354669,0.6220214049750472,0.6666666666666666,0.3333333333333333,0.0,2,2025-06-27,2025-06-30,2025-06-30,5.906831741333008,6.300000190734863,6.349999904632568,6.28000020980835,6.329999923706055,6014000,2025-06-30,5.906831741333008,-0.0015848072572776,0.0126984214117364,-0.0062695967245779,6.329999923706055,6.349999904632568,6.28000020980835,6014000,-0.0015848072572776095,-0.0015860643926859375,-0.06685121445077248,0.011850632943274217,15.609600808809281,-0.3189822101937515,-0.000951471409532556,0.0004764237289014428,-0.00042956958037165816,-0.0026030719294237725,0.006229101377766076,0.006362274167959997,39.638204857240545,-0.07240682764634254,-0.07723249675246348,0.004825669106120936,2.5649493574615367,5.906831741333008,2025-07-01,0.012698421411736494
2025-07-01,5,0.0238290702924132,0.7645647442695841,0.4,0.6,0.0,1,2025-07-01,2025-07-01,2025-07-01,5.981839179992676,6.380000114440918,6.380000114440918,6.300000190734863,6.309999942779541,2543800,2025-07-01,5.981839179992676,0.0126984214117364,-0.0062695967245779,0.0047318443708674,6.309999942779541,6.380000114440918,6.300000190734863,2543800,0.012698421411736494,0.012618472563277194,-0.05200646050122009,0.013373800481569055,14.74916997711211,-0.5770202859993349,0.009174322259050127,0.012216423474364468,0.008142313841558169,0.008217752028956582,0.008423356289475574,0.007342691887806799,47.65924156891153,-0.06303580803138509,-0.0743931590082478,0.011357350976862718,1.791759469228055,5.981839179992676,2025-07-02,-0.006269596724577942
2025-07-02,6,-0.1464264082411925,0.4970173891570185,0.1666666666666666,0.6666666666666666,0.1666666666666666,1,2025-07-02,2025-07-02,2025-07-02,5.944335460662842,6.340000152587891,6.420000076293945,6.320000171661377,6.380000114440918,6683400,2025-07-02,5.944335460662842,-0.0062695967245779,0.0047318443708674,0.0078493190068664,6.380000114440918,6.420000076293945,6.320000171661377,6683400,-0.006269596724577942,-0.006289333182454726,-0.06828599466510411,0.01682272228650729,15.715137547685767,1.627329192546584,0.0028472062336866166,0.0050729348518305795,0.0012137084039012258,0.0015512559537391724,0.008880432766474121,0.007488745158181309,44.47682640082596,-0.057967234000035006,-0.07110797400660525,0.013140740006570242,1.9459101490553132,5.944335460662842,2025-07-03,0.0047318443708674884
2025-07-03,7,0.2660525475096489,0.7015569700968682,0.7142857142857143,0.2857142857142857,0.0,1,2025-07-03,2025-07-03,2025-07-03,5.972463130950928,6.369999885559082,6.400000095367432,6.340000152587891,6.340000152587891,3640600,2025-07-03,5.972463130950928,0.0047318443708674,0.0078493190068664,-0.0062305337903336,6.340000152587891,6.400000095367432,6.340000152587891,3640600,0.0047318443708674884,0.004720684386318785,-0.05797113766423806,0.010046096805287084,15.107659335873896,-0.4552772540922285,0.0047318443708674884,0.008549708851793847,0.003959675502564597,0.005140844480298945,0.007195120347739069,0.007580299748136803,47.318113586478475,-0.05109173097243591,-0.06710472539977139,0.016012994427335475,2.0794415416798357,5.972463130950928,2025-07-04,0.007849319006866473
2025-07-04,3,-0.0542057218650976,0.8793347094659566,0.3333333333333333,0.6666666666666666,0.0,1,2025-07-04,2025-07-04,2025-07-04,6.01934289932251,6.420000076293945,6.420000076293945,6.380000114440918,6.380000114440918,2577300,2025-07-04,6.01934289932251,0.0078493190068664,-0.0062305337903336,-0.0125391934491558,6.380000114440918,6.420000076293945,6.380000114440918,2577300,0.007849319006866473,0.007818673362928408,-0.05652934304845428,0.006645237282881729,14.762253285297131,-0.2920672416634621,0.00911664021862535,0.01357753149167884,0.007862353225756902,0.010636131997358689,0.007522368946476492,0.007069788368819652,51.749868457102615,-0.0413830022804591,-0.06196038077590893,0.020577378495449827,1.3862943611198906,6.01934289932251,2025-07-07,-0.00623053379033367
2025-07-07,6,-0.0300410349542895,0.7572785520728201,0.5,0.5,0.0,1,2025-07-07,2025-07-07,2025-07-07,5.981839179992676,6.380000114440918,6.420000076293945,6.380000114440918,6.420000076293945,4842600,2025-07-07,5.981839179992676,-0.0062305337903336,-0.0125391934491558,0.0015873228580627,6.420000076293945,6.420000076293945,6.380000114440918,4842600,-0.00623053379033367,-0.006250024566792467,-0.06824935998352906,0.006686900240784528,15.392962531041137,0.8789430799674078,0.0003135821248587689,0.005991808811592003,0.0010546653989980115,0.0035475615244289216,0.00852520630926213,0.007165167810846226,48.252752213072505,-0.036296596986497676,-0.05682762401802668,0.020531027031529002,1.9459101490553132,5.981839179992676,2025-07-08,-0.012539193449155883
2025-07-08,3,0.1428431818882624,0.1884004668083219,0.6666666666666666,0.3333333333333333,0.0,1,2025-07-08,2025-07-08,2025-07-08,5.906831741333008,6.300000190734863,6.400000095367432,6.289999961853027,6.380000114440918,4914800,2025-07-08,5.906831741333008,-0.0125391934491558,0.0015873228580627,0.0063390678322168,6.380000114440918,6.400000095367432,6.289999961853027,4914800,-0.012539193449155883,-0.012618472563277194,-0.07416432047342904,0.018622526987636917,15.40776182244261,0.01490934621897333,-0.009745365757184987,-0.006622517087362723,-0.007694658897460682,-0.007405351872185273,0.008489990779432131,0.008405082750205475,42.12186792662415,-0.03788138456109902,-0.053038376126641154,0.015156991565542136,1.3862943611198906,5.906831741333008,2025-07-09,0.001587322858062734
2025-07-09,9,0.0950639053351349,0.6486504993670626,0.5555555555555556,0.4444444444444444,0.0,1,2025-07-09,2025-07-09,2025-07-09,5.916207790374756,6.309999942779541,6.340000152587891,6.28000020980835,6.309999942779541,5257500,2025-07-09,5.916207790374756,0.0015873228580627,0.0063390678322168,0.009448785852322,6.309999942779541,6.340000152587891,6.28000020980835,5257500,0.001587322858062734,0.0015860643926859375,-0.06240763169188249,0.01014162194863348,15.475166376763443,0.06972816798242043,-0.0072372410544158106,-0.0045748351437664425,-0.004088038951083339,-0.004774884215464903,0.008341738334879943,0.008138053195238396,43.09517601494647,-0.03794338362549343,-0.050019377626411614,0.012075994000918182,2.302585092994046,5.916207790374756,2025-07-10,0.006339067832216827
2025-07-10,8,-0.1233658611890859,0.6932952286549592,0.25,0.75,0.0,1,2025-07-10,2025-07-10,2025-07-10,5.953711032867432,6.349999904632568,6.380000114440918,6.289999961853027,6.320000171661377,3328000,2025-07-10,5.953711032867432,0.0063390678322168,0.009448785852322,-0.0156005170816164,6.320000171661377,6.380000114440918,6.289999961853027,3328000,0.006339067832216827,0.006319060449316405,-0.05795714064002259,0.015116647766585452,15.017882381403961,-0.36699952448882545,-0.00031491372035008514,0.0006302626437888481,0.0014823102465946203,0.0012546716905603716,0.008639636554389873,0.007715382863807719,46.938846459610104,-0.034567843507008256,-0.04692907080253095,0.012361227295522692,2.1972245773362196,5.953711032867432,2025-07-11,0.009448785852322228
2025-07-11,7,0.4577881072514823,0.3407936690319368,0.8571428571428571,0.1428571428571428,0.0,1,2025-07-11,2025-07-11,2025-07-11,6.009966373443604,6.409999847412109,6.420000076293945,6.320000171661377,6.360000133514404,6745900,2025-07-11,6.009966373443604,0.009448785852322,-0.0156005170816164,-0.0015848072572776,6.360000133514404,6.420000076293945,6.320000171661377,6745900,0.009448785852322228,0.009404425291978935,-0.05503675357273593,0.01663901233698088,15.72444561913287,1.027013221153846,0.009448753513320751,0.008495831275344035,0.007270210355716733,0.008750026859611237,0.009050482007313511,0.00809257043299345,52.15893124243874,-0.027041648513434602,-0.04295158634471168,0.01590993783127708,2.0794415416798357,6.009966373443604,2025-07-14,-0.015600517081616583
2025-07-14,5,-0.013536606542766,0.7631552038961792,0.4,0.6,0.0,1,2025-07-14,2025-07-14,2025-07-14,5.916207790374756,6.309999942779541,6.409999847412109,6.309999942779541,6.389999866485596,6481200,2025-07-14,5.916207790374756,-0.0156005170816164,-0.0015848072572776,-0.0238095199654103,6.389999866485596,6.409999847412109,6.309999942779541,6481200,-0.015600517081616583,-0.01572348574129534,-0.0741458663553022,0.01690270324772247,15.684416390661386,-0.03923864866066795,-0.004103494104850225,-0.007393395701454919,-0.005645038897959864,-0.0057239038423988475,0.0112851162609528,0.009750008005047281,44.3311017860605,-0.028316207227511825,-0.04002451052127171,0.011708303293759888,1.791759469228055,5.916207790374756,2025-07-15,-0.0015848072572776095
2025-07-15,3,0.5508536684016386,0.3590262406545906,1.0,0.0,0.0,1,2025-07-15,2025-07-15,2025-07-15,5.906831741333008,6.300000190734863,6.360000133514404,6.300000190734863,6.309999942779541,4448600,2025-07-15,5.906831741333008,-0.0015848072572776,-0.0238095199654103,0.0048780314346406,6.309999942779541,6.360000133514404,6.300000190734863,4448600,-0.0015848072572776095,-0.0015860643926859375,-0.06389353488154526,0.010157719976970377,15.308100222691563,-0.3136147626982657,-0.005681798114890335,-0.007717742171853392,-0.004825548171115246,-0.005980369766223292,0.009719355269318242,0.008706194881921566,43.626000367932505,-0.029740048226458704,-0.03796761806230911,0.008227569835850407,1.3862943611198906,5.906831741333008,2025-07-16,-0.023809519965410364
2025-07-16,4,0.3887849843595177,0.4278214345611927,1.0,0.0,0.0,1,2025-07-16,2025-07-16,2025-07-16,5.76619291305542,6.150000095367432,6.320000171661377,6.110000133514404,6.300000190734863,14669400,2025-07-16,5.76619291305542,-0.0238095199654103,0.0048780314346406,0.0032362893653832,6.300000190734863,6.320000171661377,6.110000133514404,14669400,-0.023809519965410364,-0.02409754764118821,-0.08473131135209973,0.03641918356069997,16.501274317656357,2.2975318077597446,-0.024428906981925458,-0.02843600658211709,-0.01919593995079727,-0.024388510611014103,0.014275554700985392,0.011234688017216828,34.70840484644499,-0.04173572706855744,-0.03872123986355878,-0.00301448720499866,1.6094379124341003,5.76619291305542,2025-07-17,0.004878031434640606
2025-07-17,4,0.4327757386490702,0.4856722428514679,0.75,0.25,0.0,1,2025-07-17,2025-07-17,2025-07-17,5.794320583343506,6.179999828338623,6.25,6.150000095367432,6.150000095367432,7188000,2025-07-17,5.794320583343506,0.0048780314346406,0.0032362893653832,-0.0032258495826845,6.150000095367432,6.25,6.150000095367432,7188000,0.004878031434640606,0.004866172389528689,-0.05783406609893324,0.01725826232673948,15.787923666006334,-0.5100004090146837,-0.014354064889912754,-0.020757412055096847,-0.009654074659728229,-0.016117981637796985,0.01399659780090019,0.011245928407061073,37.46175391732914,-0.04841462736837698,-0.04065991736452242,-0.0077547100038545605,1.6094379124341003,5.794320583343506,2025-07-18,0.003236289365383227
2025-07-18,8,0.4228299090173096,0.5009143181827617,0.625,0.25,0.125,1,2025-07-18,2025-07-18,2025-07-18,5.813072681427002,6.199999809265137,6.25,6.179999828338623,6.179999828338623,6453400,2025-07-18,5.813072681427002,0.0032362893653832,-0.0032258495826845,-0.0064724964368804,6.179999828338623,6.25,6.179999828338623,6453400,0.003236289365383227,0.00323106385210159,-0.05937332639218901,0.012041853852099644,15.680117836626813,-0.10219810795770734,-0.00449580385434134,-0.01415165674746277,-0.004308614575312397,-0.010607188745578755,0.012558104779290206,0.010840282536355574,39.29954741965125,-0.05159975650410065,-0.04284788519243807,-0.008751871311662579,2.1972245773362196,5.813072681427002,2025-07-21,-0.00322584958268457
2025-07-21,5,0.0163545198738574,0.5798935406538209,0.4,0.6,0.0,1,2025-07-21,2025-07-21,2025-07-21,5.794320583343506,6.179999828338623,6.230000019073486,6.170000076293945,6.210000038146973,3145600,2025-07-21,5.794320583343506,-0.0032258495826845,-0.0064724964368804,0.0179153013521169,6.210000038146973,6.230000019073486,6.170000076293945,3145600,-0.00322584958268457,-0.00323106385210159,-0.06693710986312701,0.010354957396043689,14.961515526839309,-0.5125670189357547,-0.003547257554045835,-0.014196845393171675,-0.005026310375301768,-0.011318340883510691,0.011510665640912276,0.010795505368977705,38.093978534170176,-0.0550030905002421,-0.045278926253998875,-0.009724164246243228,1.791759469228055,5.794320583343506,2025-07-22,-0.006472496436880415
2025-07-22,8,0.2551437553483993,0.5116571367298361,0.875,0.125,0.0,1,2025-07-22,2025-07-22,2025-07-22,5.756816864013672,6.139999866485596,6.199999809265137,6.119999885559082,6.179999828338623,8059600,2025-07-22,5.756816864013672,-0.0064724964368804,0.0179153013521169,0.0,6.179999828338623,6.199999809265137,6.119999885559082,8059600,-0.006472496436880415,-0.006493533867538925,-0.06847620972162971,0.013896555265834611,15.902374609535377,1.5621820956256358,-0.004862252339458806,-0.018071332267164175,-0.007673511552886758,-0.01454304998908551,0.011450926695693758,0.010369878271867318,35.73304548708961,-0.06003445411327135,-0.04823003182585337,-0.01180442228741798,2.1972245773362196,5.756816864013672,2025-07-23,0.01791530135211694
2025-07-23,7,0.3702163553929755,0.5512565872310957,0.8571428571428571,0.1428571428571428,0.0,1,2025-07-23,2025-07-23,2025-07-23,5.859951972961426,6.25,6.25,6.119999885559082,6.139999866485596,5705400,2025-07-23,5.859951972961426,0.0179153013521169,0.0,-0.0048000644467789,6.139999866485596,6.25,6.119999885559082,5705400,0.01791530135211694,0.01775671363757869,-0.045610407103227404,0.02218450168887992,15.556923828028124,-0.2920988634671696,0.00969303539301003,0.00048022067144048997,0.00671359890875034,0.002544503513998153,0.009409888172858956,0.012210617375714999,45.699642580611346,-0.055064950200431007,-0.04959701550076891,-0.0054679346996621,2.0794415416798357,5.859951972961426,2025-07-24,0.0
2025-07-24,7,0.2457431224840028,0.2789913389424816,0.8571428571428571,0.1428571428571428,0.0,1,2025-07-24,2025-07-24,2025-07-24,5.859951972961426,6.25,6.260000228881836,6.179999828338623,6.25,3473200,2025-07-24,5.859951972961426,0.0,-0.0048000644467789,0.0096463506260435,6.25,6.260000228881836,6.179999828338623,3473200,0.0,0.0,-0.06240768432617187,0.01365205737390768,15.060587205087508,-0.3912433834612823,0.0074145559168892206,0.002084322605264477,0.004465738879277925,0.0020809038083526854,0.009453776285525184,0.011955648037395405,45.69964258061134,-0.05054394342882773,-0.049786401086380674,-0.0007575423424470568,2.0794415416798357,5.859951972961426,2025-07-25,-0.00480006444677894
2025-07-25,9,0.1484748642995125,0.7539824945688871,0.5555555555555556,0.4444444444444444,0.0,1,2025-07-25,2025-07-25,2025-07-25,5.831823825836182,6.21999979019165,6.260000228881836,6.21999979019165,6.239999771118164,2807700,2025-07-25,5.831823825836182,-0.0048000644467789,0.0096463506260435,-0.011146484693556,6.239999771118164,6.260000228881836,6.21999979019165,2807700,-0.00480006444677894,-0.004811621754839512,-0.06541281414323516,0.00685899298140238,14.847876556976802,-0.19161004261200043,0.001932933738350462,0.00032156935529426,-0.0002372023971017878,-0.0022340487365063444,0.009924249697343275,0.011335966066520457,43.562769987113974,-0.048669685547347186,-0.04956305797857398,0.0008933724312267938,2.302585092994046,5.831823825836182,2025-07-28,0.009646350626043576
2025-07-28,3,0.1118388014535108,0.6580492897289543,0.3333333333333333,0.6666666666666666,0.0,1,2025-07-28,2025-07-28,2025-07-28,5.888079643249512,6.28000020980835,6.320000171661377,6.230000019073486,6.25,6685700,2025-07-28,5.888079643249512,0.0096463506260435,-0.011146484693556,-0.0016102456898164,6.25,6.320000171661377,6.230000019073486,6685700,0.009646350626043576,0.0096001216420738,-0.05790725708007813,0.015285145249533576,15.715481624651101,1.381201695337821,0.008349387754408744,0.010458544675802317,0.006251637301819546,0.0060388636153339,0.010318394182470957,0.011011335276861009,48.72656762662655,-0.04215896603974123,-0.04808223959080744,0.005923273551066206,1.3862943611198906,5.888079643249512,2025-07-29,-0.011146484693556058
2025-07-29,5,0.3607645790092647,0.3556619353439275,1.0,0.0,0.0,1,2025-07-29,2025-07-29,2025-07-29,5.822448253631592,6.210000038146973,6.309999942779541,6.210000038146973,6.28000020980835,4354900,2025-07-29,5.822448253631592,-0.011146484693556,-0.0016102456898164,-0.011290309482559,6.28000020980835,6.309999942779541,6.210000038146973,4354900,-0.011146484693556058,-0.011209072276351595,-0.07285858931376074,0.017174889372386638,15.286812435518964,-0.3486246765484542,-0.00512654944242541,0.0006445298062869309,-0.0033151735416158123,-0.004238023781040656,0.011557602691172493,0.01152664358719485,43.70267458630353,-0.04181308336324907,-0.046828408345295766,0.0050153249820466955,1.791759469228055,5.822448253631592,2025-07-30,-0.0016102456898164919
2025-07-30,7,-0.025949223765305,0.6290038541803562,0.2857142857142857,0.5714285714285714,0.1428571428571428,1,2025-07-30,2025-07-30,2025-07-30,5.813072681427002,6.199999809265137,6.230000019073486,6.170000076293945,6.210000038146973,5839700,2025-07-30,5.813072681427002,-0.0016102456898164,-0.011290309482559,0.0097878930327386,6.210000038146973,6.230000019073486,6.170000076293945,5839700,-0.0016102456898164919,-0.001611543528820869,-0.06391744835454324,0.010321553861048945,15.580190154863578,0.3409492755287147,-0.005134726591722427,-0.001771001434314301,-0.0032854422055944577,-0.004784445732472609,0.007589708258520079,0.008454878723020325,43.02030615335924,-0.041813499181596825,-0.045825426512555986,0.004011927330959161,2.0794415416798357,5.813072681427002,2025-07-31,-0.011290309482559047
2025-07-31,7,0.4859061094799212,0.7350272795157591,0.7142857142857143,0.2857142857142857,0.0,1,2025-07-31,2025-07-31,2025-07-31,5.747441291809082,6.130000114440918,6.230000019073486,6.130000114440918,6.199999809265137,18300000,2025-07-31,5.747441291809082,-0.011290309482559,0.0097878930327386,0.0,6.199999809265137,6.230000019073486,6.130000114440918,18300000,-0.011290309482559047,-0.011354528855269441,-0.07299331151264903,0.017399030204115765,16.722411672456456,2.1337226227374693,-0.012564372207469643,-0.012246156363126426,-0.009739639113374832,-0.013146168974406347,0.008612012120924531,0.009117317569738489,38.48972214708687,-0.04657287030017532,-0.04597491527007986,-0.0005979550300954581,2.0794415416798357,5.747441291809082,2025-08-01,0.009787893032738637
2025-08-01,7,0.610223204961845,0.524587855390836,0.8571428571428571,0.1428571428571428,0.0,1,2025-08-01,2025-08-01,2025-08-01,5.803696632385254,6.190000057220459,6.230000019073486,6.139999866485596,6.139999866485596,8720600,2025-08-01,5.803696632385254,0.0097878930327386,0.0,0.00161553052057,6.139999866485596,6.230000019073486,6.139999866485596,8720600,0.009787893032738637,0.009740301900353021,-0.05477251488815334,0.015507384049965682,15.981198715528498,-0.523464480874317,-0.0019348528473034365,-0.0024173803795541904,-3.1384910135545674e-05,-0.0028547683637413224,0.010475059105661162,0.009656994982166375,43.939450821991876,-0.04528337183942188,-0.04583660658394827,0.0005532347445263847,2.0794415416798357,5.803696632385254,2025-08-04,0.0
2025-08-04,8,0.4241979523503687,0.6564595319437573,0.75,0.25,0.0,2,2025-08-02,2025-08-04,2025-08-04,5.803696632385254,6.190000057220459,6.230000019073486,6.170000076293945,6.190000057220459,7363400,2025-08-04,5.803696632385254,0.0,0.00161553052057,0.009677466719635,6.190000057220459,6.230000019073486,6.170000076293945,7363400,0.0,0.0,-0.06240766094736835,0.010338228646331177,15.812032476364553,-0.15563149324587755,0.0009702423378767921,-0.0025781273989322617,-2.0923492317637127e-05,-0.002336932552355342,0.008795542859247444,0.009595385550840689,43.939450821991876,-0.04375703120106067,-0.045420691507370756,0.0016636603063100858,2.1972245773362196,5.803696632385254,2025-08-05,0.0016155305205700632
2025-08-05,4,0.4049485037103295,0.531515524023452,0.75,0.25,0.0,1,2025-08-05,2025-08-05,2025-08-05,5.813072681427002,6.199999809265137,6.25,6.170000076293945,6.199999809265137,10261500,2025-08-05,5.813072681427002,0.00161553052057,0.009677466719635,0.0,6.199999809265137,6.25,6.170000076293945,10261500,0.0016155305205700632,0.00161422695491642,-0.062407603184103294,0.013762071814731927,16.143909683302933,0.3935817692913599,0.0029116851098893726,-0.0019317054189680327,0.0010624840809185798,-0.0005934052188145689,0.007550306080878415,0.009306713686444276,44.883371103112204,-0.04131457771524083,-0.04459946874894477,0.0032848910337039405,1.6094379124341003,5.813072681427002,2025-08-06,0.009677466719635097
2025-08-06,6,0.1374459465344746,0.5046883052480243,0.6666666666666666,0.3333333333333333,0.0,1,2025-08-06,2025-08-06,2025-08-06,5.869328498840332,6.260000228881836,6.28000020980835,6.199999809265137,6.199999809265137,12993400,2025-08-06,5.869328498840332,0.009677466719635,0.0,0.0127794792602475,6.199999809265137,6.28000020980835,6.199999809265137,12993400,0.009677466719635097,0.009630939971781105,-0.0533340839673345,0.013630247575854623,16.37995217116089,0.26622813428835945,0.010655516942410292,0.007564860329158263,0.007141232000727138,0.007415475406715499,0.008665537270738358,0.007902977351364216,50.291430889373785,-0.03444250960403039,-0.042568076919961895,0.008125567315931503,1.9459101490553132,5.869328498840332,2025-08-07,0.0
2025-08-07,7,0.4659798395088209,0.6596908707159298,0.7142857142857143,0.2857142857142857,0.0,1,2025-08-07,2025-08-07,2025-08-07,5.869328498840332,6.260000228881836,6.28000020980835,6.25,6.260000228881836,5081300,2025-08-07,5.869328498840332,0.0,0.0127794792602475,0.0094636887417351,6.260000228881836,6.28000020980835,6.25,5081300,0.0,0.0,-0.06240762232548446,0.00511135299622045,15.441077889128257,-0.6089322271306972,0.006430905027027034,0.007402705582845837,0.004749515536372595,0.0060590379424310115,0.005079009845749726,0.007902977351364216,50.291430889373785,-0.028665903424546002,-0.03978764222087872,0.011121738796332721,2.0794415416798357,5.869328498840332,2025-08-08,0.012779479260247584
2025-08-08,7,0.4169719124079815,0.6589553951772463,0.8571428571428571,0.1428571428571428,0.0,1,2025-08-08,2025-08-08,2025-08-08,5.944335460662842,6.340000152587891,6.340000152587891,6.260000228881836,6.260000228881836,5190000,2025-08-08,5.944335460662842,0.0127794792602475,0.0094636887417351,-0.0046874834861724,6.260000228881836,6.340000152587891,6.260000228881836,5190000,0.012779479260247584,0.012698510808599295,-0.050425679980426824,0.01345817782920583,15.46224444782028,0.02139216342274608,0.014399964560783518,0.018310295196380943,0.011658106589909067,0.015423639221780583,0.0059933622901228115,0.008595047063810105,56.83996543433601,-0.01782993406817468,-0.03539610059033792,0.017566166522163237,2.0794415416798357,5.944335460662842,2025-08-11,0.009463688741735199
2025-08-11,6,0.3080571024135377,0.6192469079845523,0.5,0.3333333333333333,0.1666666666666666,1,2025-08-11,2025-08-11,2025-08-11,6.000590801239014,6.400000095367432,6.420000076293945,6.340000152587891,6.340000152587891,6052500,2025-08-11,6.000590801239014,0.0094636887417351,-0.0046874834861724,0.0156985581744524,6.340000152587891,6.420000076293945,6.340000152587891,6052500,0.009463688741735199,0.009419188576272441,-0.05353459671611132,0.013332007856549083,15.61598213301532,0.1661849710982659,0.0171645920201291,0.025969810091793777,0.01405527490251357,0.020388984141131994,0.005572363051386126,0.008577039131046689,60.99072525454138,-0.004649418839093755,-0.02924676424008909,0.024597345400995334,1.9459101490553132,6.000590801239014,2025-08-12,-0.004687483486172428
2025-08-12,5,0.1561482708901166,0.6001774623746263,0.6,0.4,0.0,1,2025-08-12,2025-08-12,2025-08-12,5.972463130950928,6.369999885559082,6.429999828338623,6.360000133514404,6.400000095367432,3091000,2025-08-12,5.972463130950928,-0.0046874834861724,0.0156985581744524,-0.0077279219355137,6.400000095367432,6.429999828338623,6.360000133514404,3091000,-0.004687483486172428,-0.004698504189953656,-0.06680264969464168,0.011720406353194764,14.944005544634097,-0.48930194134655103,0.006955386483581849,0.018548092698168928,0.006182103247276416,0.012732358919346654,0.007419121461867927,0.007679300141821561,57.98784852964396,0.0034863777286764375,-0.022700135846335984,0.02618651357501242,1.791759469228055,5.972463130950928,2025-08-13,0.015698558174452426
2025-08-13,7,0.0613571479916572,0.5083999994927355,0.5714285714285714,0.2857142857142857,0.1428571428571428,1,2025-08-13,2025-08-13,2025-08-13,6.066222190856934,6.46999979019165,6.480000019073486,6.369999885559082,6.369999885559082,10392600,2025-08-13,6.066222190856934,0.0156985581744524,-0.0077279219355137,0.0015575740344755,6.369999885559082,6.480000019073486,6.369999885559082,10392600,0.015698558174452426,0.01557661042352243,-0.04768880693244887,0.0181332186744161,16.156604668608733,2.3622128760918795,0.016017547029283152,0.03009069109602991,0.014545250579016011,0.02330388665937244,0.0086620550906348,0.008534539506617748,64.29788433540509,0.017300201724660624,-0.014700068332136662,0.032000270056797286,2.0794415416798357,6.066222190856934,2025-08-14,-0.0077279219355137485
2025-08-14,8,0.5920293165545445,0.4936756276087452,0.875,0.125,0.0,1,2025-08-14,2025-08-14,2025-08-14,6.01934289932251,6.420000076293945,6.550000190734863,6.400000095367432,6.480000019073486,5087600,2025-08-14,6.01934289932251,-0.0077279219355137,0.0015575740344755,0.0,6.480000019073486,6.550000190734863,6.400000095367432,5087600,-0.0077279219355137485,-0.007757937060594022,-0.07108906148071918,0.024919679419545027,15.44231696111578,-0.5104593653176299,0.003125026024798583,0.017432646235062244,0.004459981442669125,0.012561461599987611,0.010614799717138761,0.007858876378618181,59.48693305683739,0.024186186422761047,-0.006922817381157121,0.031109003803918168,2.1972245773362196,6.01934289932251,2025-08-15,0.0015575740344755395
2025-08-15,7,0.2069201857250716,0.7894862930758326,0.7142857142857143,0.2857142857142857,0.0,1,2025-08-15,2025-08-15,2025-08-15,6.0287184715271,6.429999828338623,6.46999979019165,6.400000095367432,6.449999809265137,5307200,2025-08-15,6.0287184715271,0.0015575740344755,0.0,0.0062208443646787,6.449999809265137,6.46999979019165,6.400000095367432,5307200,0.0015575740344755395,0.0015563622741467942,-0.06531493801486402,0.011611040580982302,15.484575135598181,0.0431637707366932,0.0018697189058496377,0.015156245385658407,0.004008285510625598,0.011538285358293043,0.009736557250632655,0.007691447313999727,60.1294548691759,0.03005347151681992,0.0004724403984382869,0.02958103111838163,2.0794415416798357,6.0287184715271,2025-08-18,0.0
2025-08-18,9,0.3741624717497164,0.4163363645206703,0.7777777777777778,0.1111111111111111,0.1111111111111111,1,2025-08-18,2025-08-18,2025-08-18,6.0287184715271,6.429999828338623,6.460000038146973,6.400000095367432,6.429999828338623,9686100,2025-08-18,6.0287184715271,0.0,0.0062208443646787,0.001545615829219,6.429999828338623,6.460000038146973,6.400000095367432,9686100,0.0,0.0,-0.062407677686549194,0.00995235439553421,16.086202529311965,0.8250866747060597,0.0009339783827870818,0.011324267574469582,0.002668624803705777,0.009420651989346496,0.009026038961503646,0.007691447313999727,60.129454869175895,0.03430785759886845,0.00723952383852432,0.02706833376034413,2.302585092994046,6.0287184715271,2025-08-19,0.006220844364678735
2025-08-19,5,0.0867870921269059,0.5435521232976201,0.4,0.6,0.0,1,2025-08-19,2025-08-19,2025-08-19,6.066222190856934,6.46999979019165,6.489999771118164,6.429999828338623,6.440000057220459,8408700,2025-08-19,6.066222190856934,0.0062208443646787,0.001545615829219,0.0030864611751892,6.440000057220459,6.489999771118164,6.429999828338623,8408700,0.006220844364678735,0.006201574786447228,-0.05804004084510056,0.00989082511187498,15.944777561041706,-0.13187970390559667,0.004034752077376913,0.013312414456047472,0.005919806108911185,0.012808972958411324,0.008626759288425752,0.007681477026742037,62.86194049222937,0.04024184302167022,0.0138399876751535,0.02640185534651672,1.791759469228055,6.066222190856934,2025-08-20,0.0015456158292190825
2025-08-20,9,0.3740014590633412,0.8055755766125624,0.7777777777777778,0.2222222222222222,0.0,1,2025-08-20,2025-08-20,2025-08-20,6.075598239898682,6.480000019073486,6.489999771118164,6.449999809265137,6.46999979019165,6121400,2025-08-20,6.075598239898682,0.001545615829219,0.0030864611751892,0.0061537720040383,6.46999979019165,6.489999771118164,6.449999809265137,6121400,0.0015456158292190825,0.0015444225944367673,-0.060958510522808845,0.006583707525350523,15.627301549858592,-0.2720158883061591,0.005274596603430437,0.011393782134632824,0.00497066326314588,0.01173020453296747,0.005067670380092544,0.007476434443738973,63.53478498869092,0.04518032733036659,0.02010805560619612,0.025072271724170467,2.302585092994046,6.075598239898682,2025-08-21,0.0030864611751892923
2025-08-21,6,0.1683974753056342,0.6551071137018974,0.5,0.5,0.0,1,2025-08-21,2025-08-21,2025-08-21,6.094350337982178,6.5,6.519999980926514,6.480000019073486,6.489999771118164,6073600,2025-08-21,6.094350337982178,0.0030864611751892,0.0061537720040383,0.0030581451167077,6.489999771118164,6.519999980926514,6.480000019073486,6073600,0.0030864611751892923,0.003081707832057523,-0.06096293483656314,0.0065634496926987,15.619462232604674,-0.0078086712190021945,0.005880579817819198,0.010729321232398448,0.0053672019462456255,0.012119619317097152,0.0023577549240505883,0.007379659829044363,64.90429176854104,0.05003052853238277,0.02609255019143345,0.023937978340949316,1.9459101490553132,6.094350337982178,2025-08-22,0.006153772004038327
2025-08-22,9,0.2100023690145463,0.7127759898352849,0.5555555555555556,0.4444444444444444,0.0,1,2025-08-22,2025-08-22,2025-08-22,6.1318535804748535,6.539999961853027,6.570000171661377,6.5,6.5,3787500,2025-08-22,6.1318535804748535,0.0061537720040383,0.0030581451167077,-0.013719541149514,6.5,6.570000171661377,6.5,3787500,0.006153772004038327,0.0061349148712208645,-0.05663791069617638,0.011415825694904494,15.147216992826129,-0.37639949947312956,0.008636618837180254,0.013796283018134625,0.007673116588855944,0.014962064287515897,0.0027675558470977996,0.006754174679422017,67.53069853634136,0.05625210689768245,0.03212446153268325,0.0241276453649992,2.302585092994046,6.1318535804748535,2025-08-25,0.0030581451167077667
2025-08-25,6,0.1390438632418712,0.3092455631640488,0.5,0.3333333333333333,0.1666666666666666,1,2025-08-25,2025-08-25,2025-08-25,6.15060567855835,6.559999942779541,6.590000152587891,6.539999961853027,6.559999942779541,6463600,2025-08-25,6.15060567855835,0.0030581451167077,-0.013719541149514,0.0030911530531474,6.559999942779541,6.590000152587891,6.539999961853027,6463600,0.0030581451167077667,0.0030534785026317124,-0.06240766277319917,0.008129311704889348,15.681697150792761,0.7065610561056106,0.007680500887734976,0.014380714198298339,0.007144206807943698,0.014732851249614098,0.002080606173387205,0.0063802696150500205,68.78843389406633,0.06198140709484612,0.03809585064511583,0.02388555644973029,1.9459101490553132,6.15060567855835,2025-08-26,-0.013719541149514014
2025-08-26,5,0.1492706596851349,0.4163684846699304,0.4,0.6,0.0,1,2025-08-26,2025-08-26,2025-08-26,6.066222190856934,6.46999979019165,6.570000171661377,6.46999979019165,6.559999942779541,11004600,2025-08-26,6.066222190856934,-0.013719541149514,0.0030911530531474,0.0046225584519847,6.559999942779541,6.570000171661377,6.46999979019165,11004600,-0.013719541149514014,-0.013814523800346867,-0.0752709994252513,0.01648478712508224,16.213824016038267,0.7025496627266539,-0.006144413209757116,-0.0010807617707029316,-0.004458818137952569,0.0006635966067953802,0.00786382610366274,0.007954424100582736,57.91641317716841,0.059032387921630125,0.04228315810041869,0.016749229821211437,1.791759469228055,6.066222190856934,2025-08-27,0.003091153053147444
2025-08-27,5,0.112251129001379,0.5470275526436769,0.4,0.4,0.2,1,2025-08-27,2025-08-27,2025-08-27,6.084973812103272,6.489999771118164,6.519999980926514,6.449999809265137,6.489999771118164,1601000,2025-08-27,6.084973812103272,0.0030911530531474,0.0046225584519847,0.0030674478147758,6.489999771118164,6.519999980926514,6.449999809265137,1601000,0.003091153053147444,0.0030863852623359556,-0.06240770004605249,0.011503775336246087,14.286139616588276,-0.854515384475583,-0.0033784237598314393,0.0016977450252981807,-0.0009213896000024313,0.0030716481187735845,0.007968228584766163,0.006295468787027341,59.45014758764368,0.057545024874840145,0.04533553145530299,0.012209493419537157,1.791759469228055,6.084973812103272,2025-08-28,0.00462255845198456
2025-08-28,10,-0.03208116912283,0.8266016096701325,0.4,0.6,0.0,1,2025-08-28,2025-08-28,2025-08-28,6.113101959228516,6.519999980926514,6.559999942779541,6.5,6.5,7468100,2025-08-28,6.113101959228516,0.0046225584519847,0.0030674478147758,0.0091743575861726,6.5,6.559999942779541,6.5,7468100,0.00462255845198456,0.004611907239950641,-0.059522775503305286,0.00981497497992216,15.826151307922945,3.6646470955652717,0.0006138974027536381,0.004777332607903473,0.0024615730453971807,0.006298050285760581,0.008128875156571675,0.005725407223761287,61.7047467694137,0.057967768983500534,0.0478619789609425,0.010105790022558035,2.3978952727983707,6.113101959228516,2025-08-29,0.003067447814775859
2025-08-29,9,0.233945820816896,0.7820187306252528,0.5555555555555556,0.4444444444444444,0.0,1,2025-08-29,2025-08-29,2025-08-29,6.1318535804748535,6.539999961853027,6.550000190734863,6.489999771118164,6.53000020980835,9549500,2025-08-29,6.1318535804748535,0.0030674478147758,0.0091743575861726,0.0,6.53000020980835,6.550000190734863,6.489999771118164,9549500,0.003067447814775859,0.0030627527954285583,-0.060971916775050365,0.009785037889318414,16.071999459782866,0.2787054270831939,0.003683228315776166,0.006153827110826127,0.0036842483697154815,0.007665406953318188,0.007712128470717929,0.005745162258956861,63.17471700436527,0.059134233225224264,0.05011642981379885,0.009017803411425412,2.302585092994046,6.1318535804748535,2025-09-02,0.009174357586172688
2025-09-02,6,0.2209533747906486,0.6877876448088203,0.6666666666666666,0.3333333333333333,0.0,1,2025-09-02,2025-09-02,2025-09-02,6.188109397888184,6.599999904632568,6.639999866485596,6.550000190734863,6.550000190734863,4654500,2025-09-02,6.188109397888184,0.0091743575861726,0.0,-0.0151514871307871,6.550000190734863,6.639999866485596,6.550000190734863,4654500,0.009174357586172688,0.00913252880775195,-0.05525050111579892,0.01454396972707797,15.353345266384506,-0.512592282318446,0.011649326742983579,0.01273594421191171,0.008558159288903688,0.013793120156045058,0.008731404206673224,0.006158906020514306,67.2377522182906,0.063861878869516,0.052865519624942285,0.010996359244573713,1.9459101490553132,6.188109397888184,2025-09-03,0.0
2025-09-03,3,0.1980214963356653,0.5828944580194901,0.6666666666666666,0.3333333333333333,0.0,1,2025-09-03,2025-09-03,2025-09-03,6.188109397888184,6.599999904632568,6.639999866485596,6.559999942779541,6.599999904632568,5061300,2025-09-03,6.188109397888184,0.0,-0.0151514871307871,0.0123077004930607,6.599999904632568,6.639999866485596,6.559999942779541,5061300,0.0,0.0,-0.0624076534387943,0.012928007338292413,15.437134122839854,0.08739929100870136,0.007633612680148616,0.010719774298701079,0.005689209804690343,0.011257049248965423,0.0033487615642786147,0.006069440480101671,67.2377522182906,0.06683810404530632,0.0556600365090151,0.011178067536291227,1.3862943611198906,6.188109397888184,2025-09-04,-0.015151487130787178
2025-09-04,6,0.1061387612329175,0.2914377311822634,0.5,0.3333333333333333,0.1666666666666666,1,2025-09-04,2025-09-04,2025-09-04,6.094350337982178,6.5,6.599999904632568,6.46999979019165,6.599999904632568,13123200,2025-09-04,6.094350337982178,-0.0151514871307871,0.0123077004930607,0.010638208247421,6.599999904632568,6.599999904632568,6.46999979019165,13123200,-0.015151487130787178,-0.015267443678972814,-0.07661357181164094,0.02133125062251683,16.3898922903808,1.5928516389070002,-0.007936474670141136,-0.0048989157267089745,-0.0063859769956510215,-0.003328368172170304,0.009272633024102498,0.008150649216408247,55.418849223890206,0.060928861395144196,0.05671380148624092,0.004215059908903279,1.9459101490553132,6.094350337982178,2025-09-08,0.012307700493060736
2025-09-08,9,0.2178459922886557,0.5832892284137842,0.5555555555555556,0.3333333333333333,0.1111111111111111,3,2025-09-05,2025-09-08,2025-09-08,6.169357776641846,6.579999923706055,6.590000152587891,6.5,6.539999961853027,3750100,2025-09-08,6.169357776641846,0.0123077004930607,0.010638208247421,-0.0060149656015091,6.539999961853027,6.590000152587891,6.5,3750100,0.012307700493060736,0.012232576521484573,-0.05667311733533478,0.014588253080190176,15.137293330917231,-0.7142389051450866,0.002437570759229457,0.006116258937585384,0.003887845478750762,0.007301344151118938,0.010688318104148303,0.008975949483248676,61.28225337162276,0.061588266261512814,0.057688694441295305,0.0038995718202175095,2.302585092994046,6.169357776641846,2025-09-09,0.01063820824742101
2025-09-09,5,0.315385143365711,0.3865150662988678,0.6,0.2,0.2,1,2025-09-09,2025-09-09,2025-09-09,6.234988689422607,6.650000095367432,6.650000095367432,6.579999923706055,6.590000152587891,7451600,2025-09-09,6.234988689422607,0.010638208247421,-0.0060149656015091,-0.001512879557691,6.590000152587891,6.650000095367432,6.579999923706055,7451600,0.01063820824742101,0.010582020649033685,-0.05387123747271392,0.011226992565380152,15.823939466597048,0.9870403455907844,0.00971752769072376,0.015112158795895114,0.009664679164964607,0.014693233450787657,0.011410515676954924,0.009351744388442869,65.55155614600667,0.06663854783150214,0.05947866511933668,0.007159882712165458,1.791759469228055,6.234988689422607,2025-09-10,-0.006014965601509159
2025-09-10,2,0.3073601946234703,0.3402678083221091,1.0,0.0,0.0,1,2025-09-10,2025-09-10,2025-09-10,6.197485446929932,6.610000133514404,6.650000095367432,6.590000152587891,6.650000095367432,7256200,2025-09-10,6.197485446929932,-0.0060149656015091,-0.001512879557691,0.015503868800899,6.650000095367432,6.650000095367432,6.590000152587891,7256200,-0.006014965601509159,-0.006033128376036645,-0.06804731457864698,0.009681336615201474,15.797366971606227,-0.02622255622953462,0.0033394188527131607,0.008236762678709653,0.0023915241164123024,0.0070171312952602705,0.011508312722409793,0.009641926855464413,61.38610525327556,0.0668441958389856,0.060951771263266466,0.005892424575719132,1.0986122886681098,6.197485446929932,2025-09-11,-0.0015128795576910825
2025-09-11,4,-0.3055094517767429,0.4254672395207816,0.25,0.75,0.0,1,2025-09-11,2025-09-11,2025-09-11,6.188109397888184,6.599999904632568,6.630000114440918,6.590000152587891,6.610000133514404,8793400,2025-09-11,6.188109397888184,-0.001512879557691,0.015503868800899,0.0,6.610000133514404,6.630000114440918,6.590000152587891,8793400,-0.0015128795576910825,-0.0015140251155087991,-0.06382613118071298,0.006464003669146207,15.98951211177938,0.2118464209917037,0.0018214871565052082,0.004719144454799595,0.0005831808809464434,0.004490307703512331,0.01153985411042334,0.008275097751979467,60.35354002245346,0.06549561192312403,0.06186053939523799,0.0036350725278860435,1.6094379124341003,6.188109397888184,2025-09-12,0.015503868800899046
2025-09-12,12,0.6632115799778452,0.5246876688998378,0.9166666666666666,0.0833333333333333,0.0,1,2025-09-12,2025-09-12,2025-09-12,6.284049034118652,6.550000190734863,6.550000190734863,6.429999828338623,6.5,7147500,2025-09-12,6.284049034118652,0.015503868800899,0.0,-0.007633584310814,6.5,6.550000190734863,6.429999828338623,7147500,0.015503868800899046,0.015384911780822685,-0.03322322552020733,0.019096025786035337,15.782273343087653,-0.18717447176291313,0.011142914757574562,0.017008958921418182,0.010673460496468445,0.016356164490450187,0.009384246762948823,0.009318441305553846,66.55316387241837,0.07134594465787902,0.0637576204477662,0.007588324210112823,2.5649493574615367,6.284049034118652,2025-09-17,0.0
2025-09-17,4,0.1534224860370159,0.7451993697255815,0.5,0.5,0.0,1,2025-09-17,2025-09-17,2025-09-17,6.284049034118652,6.550000190734863,6.590000152587891,6.5,6.539999961853027,4528800,2025-09-17,6.284049034118652,0.0,-0.007633584310814,0.0015384608326376,6.539999961853027,6.590000152587891,6.5,4528800,0.0,0.0,-0.03913622771059688,0.014322000369386564,15.325967782513608,-0.36637985309548793,0.007424602651265655,0.014203061405632322,0.007090413913376281,0.013342637424468062,0.008982094862697933,0.009358101341796937,66.55316387241837,0.07511647948245415,0.06602939225470379,0.009087087227750354,1.6094379124341003,6.284049034118652,2025-09-18,-0.007633584310814068
2025-09-18,6,-0.4030934457356731,0.6448919953252091,0.3333333333333333,0.6666666666666666,0.0,1,2025-09-18,2025-09-18,2025-09-18,6.236079216003418,6.5,6.559999942779541,6.489999771118164,6.550000190734863,4664300,2025-09-18,6.236079216003418,-0.007633584310814,0.0015384608326376,0.0061443904265388,6.550000190734863,6.559999942779541,6.489999771118164,4664300,-0.007633584310814068,-0.007662869243389547,-0.04792686497559103,0.011225029259047595,15.355448541808267,0.02991962550786087,-0.00030061293820782264,0.004770900200864903,-0.00039827640948786325,0.0045830375153406155,0.009179960784640452,0.009919283743277675,61.02001206996145,0.0733879217947111,0.06750109816270526,0.005886823632005836,1.9459101490553132,6.236079216003418,2025-09-19,0.0015384608326376448
2025-09-19,7,0.0993113400680678,0.7060469014251208,0.5714285714285714,0.4285714285714285,0.0,1,2025-09-19,2025-09-19,2025-09-19,6.245673179626465,6.510000228881836,6.550000190734863,6.46999979019165,6.53000020980835,9901600,2025-09-19,6.245673179626465,0.0015384608326376,0.0061443904265388,0.0030534337243255,6.53000020980835,6.550000190734863,6.46999979019165,9901600,0.0015384608326376448,0.0015372786141467643,-0.043541657128098245,0.012808931598306506,16.108207019201725,1.122848015779431,-0.0003071251664803487,0.005384226706389494,0.0007594259868768383,0.005008686416657415,0.008526844144810492,0.009570407967491588,61.70574062177011,0.0719626395443882,0.06839340643904185,0.0035692331053463477,2.0794415416798357,6.245673179626465,2025-09-22,0.006144390426538804
2025-09-22,4,0.5363216124242172,0.444879828335783,0.75,0.25,0.0,1,2025-09-22,2025-09-22,2025-09-22,6.284049034118652,6.550000190734863,6.570000171661377,6.5,6.510000228881836,4238000,2025-09-22,6.284049034118652,0.0061443904265388,0.0030534337243255,-0.0045662079730711,6.510000228881836,6.570000171661377,6.5,4238000,0.006144390426538804,0.006125590629242783,-0.0347083236281227,0.0111393420518073,15.259602253770712,-0.5719883655166842,0.002755663163245048,0.010001885025348267,0.004595073420493367,0.009131855533451416,0.00852029850336986,0.009697781919507839,64.40326496720172,0.07308720008218028,0.06933216516766955,0.0037550349145107353,1.6094379124341003,6.284049034118652,2025-09-23,0.0030534337243255383
2025-09-23,5,0.2849766341969371,0.5550712450828668,0.6,0.4,0.0,1,2025-09-23,2025-09-23,2025-09-23,6.303236961364746,6.570000171661377,6.579999923706055,6.550000190734863,6.550000190734863,3779900,2025-09-23,6.303236961364746,0.0030534337243255,-0.0045662079730711,-0.0045871538716536,6.550000190734863,6.579999923706055,6.550000190734863,3779900,0.0030534337243255383,0.0030487814634123644,-0.037673774379299994,0.0047594169717992026,15.145208376776603,-0.10809344030202928,0.005201956010894904,0.009695982337057707,0.005095344175363836,0.009970455742149387,0.0051427160162115584,0.007713173627098444,65.70411837088488,0.0746660243284909,0.07039893699983382,0.0042670873286570765,1.791759469228055,6.303236961364746,2025-09-24,-0.004566207973071168
2025-09-24,4,0.13220998266479,0.8182052053990244,0.75,0.25,0.0,1,2025-09-24,2025-09-24,2025-09-24,6.2744550704956055,6.539999961853027,6.579999923706055,6.53000020980835,6.570000171661377,5878900,2025-09-24,6.2744550704956055,-0.0045662079730711,-0.0045871538716536,0.0092165856398083,6.570000171661377,6.579999923706055,6.53000020980835,5878900,-0.004566207973071168,-0.004576664945313613,-0.04498403248763326,0.007968773915175347,15.586880397644034,0.5553056959178815,0.0009182732264478854,0.0033962618548208923,0.00033718967603757477,0.004380140132444366,0.0056598884025247966,0.0073873842950317025,62.04162140667396,0.07275610873329263,0.07087037134652559,0.0018857373867670474,1.6094379124341003,6.2744550704956055,2025-09-25,-0.004587153871653649
2025-09-25,3,0.1494964462860177,0.8499918770663328,0.6666666666666666,0.3333333333333333,0.0,1,2025-09-25,2025-09-25,2025-09-25,6.245673179626465,6.510000228881836,6.539999961853027,6.5,6.539999961853027,3784700,2025-09-25,6.245673179626465,-0.0045871538716536,0.0092165856398083,0.0091324159461423,6.539999961853027,6.539999961853027,6.5,3784700,-0.004587153871653649,-0.004597707147341534,-0.04500409540417928,0.006404427625753485,15.146477445696346,-0.35622310296143833,-0.003977966361272567,-0.0013770997782945882,-0.002838363068238259,-0.00018582176784576188,0.004765368813613983,0.006896662314780092,58.52816726455094,0.06813461537731325,0.07032322015268312,-0.002188604775369876,1.3862943611198906,6.245673179626465,2025-09-26,0.009216585639808317
2025-09-26,8,0.4074282086221501,0.4374190531881238,0.75,0.25,0.0,1,2025-09-26,2025-09-26,2025-09-26,6.303236961364746,6.570000171661377,6.570000171661377,6.5,6.510000228881836,14466800,2025-09-26,6.303236961364746,0.0092165856398083,0.0091324159461423,-0.0045248848425802,6.510000228881836,6.570000171661377,6.5,14466800,0.009216585639808317,0.009174372092655148,-0.031760869469677995,0.011105432350146147,16.487366996073696,2.8224429941606997,0.0033598029903338933,0.00612557147517423,0.00422576093757665,0.007375297925629187,0.00626021717200462,0.007053572244543205,63.036712389879874,0.06832930698491513,0.06992443751912952,-0.001595130534214395,2.1972245773362196,6.303236961364746,2025-09-29,0.009132415946142336
2025-09-29,6,-0.0260943920972446,0.3931157696375482,0.3333333333333333,0.5,0.1666666666666666,2,2025-09-27,2025-09-29,2025-09-29,6.360800743103027,6.630000114440918,6.630000114440918,6.559999942779541,6.570000171661377,5080400,2025-09-29,6.360800743103027,0.0091324159461423,-0.0045248848425802,0.0090909049833249,6.570000171661377,6.630000114440918,6.559999942779541,5080400,0.009132415946142336,0.009090967593583077,-0.031841616909037106,0.011004930745123192,15.440900753447178,-0.6488235131473443,0.010054840038907331,0.012522902054881158,0.008891473191491306,0.013520672844858694,0.006883934287905304,0.007310782251991953,66.91067786745506,0.07229514417244509,0.07039857884979264,0.0018965653226524493,1.9459101490553132,6.360800743103027,2025-09-30,-0.00452488484258029
2025-09-30,4,0.1566008515655994,0.5561502830862117,0.5,0.5,0.0,1,2025-09-30,2025-09-30,2025-09-30,6.332018852233887,6.599999904632568,6.639999866485596,6.599999904632568,6.630000114440918,9851700,2025-09-30,6.332018852233887,-0.0045248848425802,0.0090909049833249,0.0210210116085716,6.630000114440918,6.639999866485596,6.599999904632568,9851700,-0.00452488484258029,-0.004535153120892588,-0.04494438266418625,0.006317094561226025,16.103154688594337,0.9391583339894496,0.004566207973071279,0.007172284237979332,0.002880083549365864,0.007298278373795375,0.0075224680181907085,0.0060771529503539316,63.33636178605649,0.07228241398881252,0.07077534587759662,0.001507068111215898,1.6094379124341003,6.332018852233887,2025-10-01,0.009090904983324988
2025-10-01,13,0.3807864357144214,0.6195229753676644,0.6923076923076923,0.1538461538461538,0.1538461538461538,1,2025-10-01,2025-10-01,2025-10-01,6.389582633972168,6.659999847412109,6.679999828338623,6.599999904632568,6.599999904632568,5001400,2025-10-01,6.389582633972168,0.0090909049833249,0.0210210116085716,0.0,6.599999904632568,6.679999828338623,6.599999904632568,5001400,0.009090904983324988,0.00904983144933924,-0.03188140510618911,0.0125203676497915,15.425228631149686,-0.492331272775257,0.010009094654504835,0.014625221874774219,0.007966256551433792,0.013423454695735915,0.007505422052482839,0.006604986674341004,67.11948757310262,0.07604069157347837,0.07182841501677298,0.004212276556705391,2.6390573296152584,6.389582633972168,2025-10-02,0.021021011608571616
2025-10-02,12,0.4563913209325013,0.520037162286511,0.75,0.1666666666666666,0.0833333333333333,1,2025-10-02,2025-10-02,2025-10-02,6.523898124694824,6.800000190734863,6.820000171661377,6.650000095367432,6.659999847412109,8668200,2025-10-02,6.523898124694824,0.0210210116085716,0.0,0.0044117627711248,6.659999847412109,6.820000171661377,6.650000095367432,8668200,0.021021011608571616,0.020803118411099497,-0.0204356945698986,0.026058051956765894,15.975171830109726,0.7331547166793297,0.022248937710655392,0.031240507558000008,0.01924941414992265,0.028234435807723113,0.009045351459781631,0.008147849656160517,73.88952988285862,0.08883327650146544,0.07522938731371148,0.01360388918775396,2.5649493574615367,6.523898124694824,2025-10-03,0.0
2025-10-03,4,0.1295250991825014,0.5756290467273484,0.5,0.25,0.25,1,2025-10-03,2025-10-03,2025-10-03,6.523898124694824,6.800000190734863,6.829999923706055,6.769999980926514,6.800000190734863,3756000,2025-10-03,6.523898124694824,0.0,0.0044117627711248,-0.0058565128162884,6.800000190734863,6.829999923706055,6.769999980926514,3756000,0.0,0.0,-0.040603243866997776,0.009196946615770108,15.138865385550936,-0.5666920467917215,0.015228419615888056,0.02672503703805984,0.012751125534517627,0.022982918436271094,0.009840161033488908,0.008225227890143906,73.88952988285862,0.09784361196924518,0.07975223224481823,0.018091379724426954,1.6094379124341003,6.523898124694824,2025-10-06,0.004411762771124872
2025-10-06,13,0.5067127477735854,0.6254206152829352,0.7692307692307693,0.2307692307692307,0.0,1,2025-10-06,2025-10-06,2025-10-06,6.552680015563965,6.829999923706055,6.849999904632568,6.78000020980835,6.800000190734863,3290400,2025-10-06,6.552680015563965,0.0044117627711248,-0.0058565128162884,-0.0014727534032534,6.800000190734863,6.849999904632568,6.78000020980835,3290400,0.004411762771124872,0.004402059474378328,-0.036370612975552136,0.010682605385575835,15.006519999812722,-0.12396166134185305,0.013653897192432929,0.02691323406132118,0.01141391621162624,0.022384881337037754,0.009804083097298159,0.008202571726723167,75.16056376049548,0.10608395598661957,0.08501857699317851,0.02106537899344106,2.6390573296152584,6.552680015563965,2025-10-07,-0.005856512816288406
2025-10-07,1,0.0015508830547332,0.0,1.0,0.0,0.0,1,2025-10-07,2025-10-07,2025-10-07,6.514304161071777,6.789999961853027,6.829999923706055,6.769999980926514,6.829999923706055,11407100,2025-10-07,6.514304161071777,-0.0058565128162884,-0.0014727534032534,-0.0014749256049577,6.829999923706055,6.829999923706055,6.769999980926514,11407100,-0.005856512816288406,-0.00587372943996578,-0.04622192769556817,0.009210491450198024,16.249746614183163,2.4667821541453927,0.002066114793185303,0.017533335488342683,0.0036536848434192137,0.013376070769763881,0.010172617509962118,0.008805689231357494,70.2502026001916,0.10826981027451232,0.08966882364944528,0.01860098662506704,0.6931471805599453,6.514304161071777,2025-10-08,-0.0014727534032534795
2025-10-08,6,0.1534570946047704,0.6913695141904334,0.6666666666666666,0.3333333333333333,0.0,1,2025-10-08,2025-10-08,2025-10-08,6.5047101974487305,6.78000020980835,6.800000190734863,6.75,6.789999961853027,5077000,2025-10-08,6.5047101974487305,-0.0014727534032534,-0.0014749256049577,-0.0059084168951945,6.789999961853027,6.800000190734863,6.75,5077000,-0.0014727534032534795,-0.001473838970526442,-0.04201616583314969,0.0076867668531142705,15.440231290896225,-0.5549263178196036,-0.0029411751807499886,0.0123936035599439,0.0014493159555857282,0.009701997251099659,0.010395514936855853,0.008547887313251578,69.03591053732893,0.10798319975208148,0.09333169886997253,0.014651500882108953,1.9459101490553132,6.5047101974487305,2025-10-09,-0.0014749256049577664
2025-10-09,6,0.6694193857256323,0.2804920239176733,1.0,0.0,0.0,1,2025-10-09,2025-10-09,2025-10-09,6.495116233825684,6.769999980926514,6.800000190734863,6.760000228881836,6.78000020980835,6686500,2025-10-09,6.495116233825684,-0.0014749256049577,-0.0059084168951945,-0.0029717668852707,6.78000020980835,6.800000190734863,6.760000228881836,6686500,-0.0014749256049577664,-0.0014760143784326996,-0.04201828424290253,0.006158467441231147,15.715601275850052,0.3170179239708488,-0.0035325271512547385,0.006990923568691798,-1.84983594827548e-05,0.006709513638322395,0.003682665971996391,0.008266973612944813,67.77430002393284,0.10576273914204748,0.09581790692438753,0.009944832217659946,1.9459101490553132,6.495116233825684,2025-10-10,-0.0059084168951945015
2025-10-10,4,0.3109008191386238,0.5658658999267508,0.75,0.25,0.0,1,2025-10-10,2025-10-10,2025-10-10,6.456740379333496,6.730000019073486,6.789999961853027,6.730000019073486,6.769999980926514,7447000,2025-10-10,6.456740379333496,-0.0059084168951945,-0.0029717668852707,0.0044708628389737,6.769999980926514,6.789999961853027,6.730000019073486,7447000,-0.0059084168951945015,-0.0059259406494887035,-0.04627172857837234,0.009292605750664326,15.823321958975034,0.11373663351529206,-0.007374628024788721,-0.001335509128560397,-0.003959025430943286,0.0006229216910815794,0.0042365878369029246,0.00857510911261063,62.828341052222044,0.09975646691951567,0.09660561892341317,0.0031508479961025043,1.6094379124341003,6.456740379333496,2025-10-13,-0.002971766885270788
2025-10-13,5,0.1243038345128297,0.759007983961876,0.4,0.6,0.0,1,2025-10-13,2025-10-13,2025-10-13,6.437552452087402,6.710000038146973,6.71999979019165,6.630000114440918,6.650000095367432,6554300,2025-10-13,6.437552452087402,-0.0029717668852707,0.0044708628389737,0.0,6.650000095367432,6.71999979019165,6.630000114440918,6554300,-0.002971766885270788,-0.0029761913523116412,-0.031947013568921004,0.013980418244444699,15.695632033338292,-0.11987377467436555,-0.006808759576013568,-0.005483916354879659,-0.004623347699572289,-0.0019241193991971217,0.002226909911436653,0.008377782548372762,60.45283138212899,0.09238321138742123,0.09576113741621478,-0.003377926028793554,1.791759469228055,6.437552452087402,2025-10-14,0.004470862838973799
2025-10-14,5,0.3680365804582834,0.7232989045485761,0.8,0.2,0.0,1,2025-10-14,2025-10-14,2025-10-14,6.466333866119385,6.739999771118164,6.75,6.710000038146973,6.710000038146973,6693400,2025-10-14,6.466333866119385,0.0044708628389737,0.0,0.0014837527196787,6.710000038146973,6.75,6.710000038146973,6693400,0.004470862838973799,0.004460898220965737,-0.03631388534162788,0.006185879461406833,15.716632673630345,0.021222708756083897,-0.0008894745108543045,-0.0031061142150150545,-0.000115443472559984,0.0020757028945104228,0.0037831442487597667,0.008171436476599734,62.729180647830184,0.08784959735898745,0.09417882940476932,-0.0063292320457818685,1.791759469228055,6.466333866119385,2025-10-15,0.0
2025-10-15,5,0.14354133522138,0.735762166241688,0.4,0.6,0.0,1,2025-10-15,2025-10-15,2025-10-15,6.466333866119385,6.739999771118164,6.78000020980835,6.710000038146973,6.739999771118164,10849000,2025-10-15,6.466333866119385,0.0,0.0014837527196787,-0.0029629616539452,6.739999771118164,6.78000020980835,6.710000038146973,10849000,0.0,0.0,-0.04060325137865371,0.010825325928211912,16.199583559978976,0.6208503899363551,0.0002967796027364411,-0.004284293878558776,-7.696527675304932e-05,0.0016976616698280989,0.0038399198301854857,0.007808742237639103,62.729180647830184,0.08329648554344526,0.09200236063250453,-0.008705875089059262,1.791759469228055,6.466333866119385,2025-10-16,0.0014837527196787104
2025-10-16,5,0.6207142957486214,0.4390025606147753,0.8,0.2,0.0,1,2025-10-16,2025-10-16,2025-10-16,6.47592830657959,6.75,6.78000020980835,6.730000019073486,6.739999771118164,3251700,2025-10-16,6.47592830657959,0.0014837527196787,-0.0029629616539452,-0.0044577241789718,6.739999771118164,6.78000020980835,6.730000019073486,3251700,0.0014837527196787104,0.0014826530462401788,-0.03917974384363589,0.007720930246257162,14.994688802003349,-0.7002765231818601,0.0023760309168325833,-0.0020697656164844203,0.0009373426520475903,0.0026035291609323163,0.0040068421294638225,0.0036313820160267705,63.54053521091233,0.07954535346777014,0.08951095919955765,-0.009965605731787508,1.791759469228055,6.47592830657959,2025-10-17,-0.002962961653945273
2025-10-17,8,0.2342032794258557,0.6706986370051844,0.625,0.375,0.0,1,2025-10-17,2025-10-17,2025-10-17,6.456740379333496,6.730000019073486,6.789999961853027,6.71999979019165,6.75,6016000,2025-10-17,6.456740379333496,-0.0029629616539452,-0.0044577241789718,-0.0044775360977655,6.75,6.789999961853027,6.71999979019165,6016000,-0.002962961653945273,-0.002967359914894274,-0.04344586972837095,0.010841410301307917,15.609933310835203,0.8501091736630071,-0.0005939708256078591,-0.003995839733254347,-0.0013531791360111844,-0.0003004127674379742,0.0031543857461676576,0.003685513029889501,60.69485110984509,0.07416927170830512,0.08644262170130715,-0.01227334999300203,2.1972245773362196,6.456740379333496,2025-10-21,-0.004457724178971834
2025-10-21,7,0.3001545819986079,0.6771868362701239,0.5714285714285714,0.2857142857142857,0.1428571428571428,2,2025-10-20,2025-10-21,2025-10-21,6.427958011627197,6.699999809265137,6.78000020980835,6.690000057220459,6.75,4533900,2025-10-21,6.427958011627197,-0.0044577241789718,-0.0044775360977655,0.0134932473405828,6.75,6.78000020980835,6.690000057220459,4533900,-0.004457724178971834,-0.00446768945740228,-0.04770992420337818,0.0140013597514318,15.327093274786963,-0.24635970744680846,-0.004753444154694697,-0.006524366759931843,-0.003877416778770071,-0.00389529439617442,0.0035500250304326296,0.0032753382295471235,56.600023984720714,0.06681597864146038,0.08251729308933779,-0.01570131444787741,2.0794415416798357,6.427958011627197,2025-10-22,-0.004477536097765578
2025-10-22,11,0.3429477479816837,0.5336357201802487,0.6363636363636364,0.2727272727272727,0.0909090909090909,1,2025-10-22,2025-10-22,2025-10-22,6.399176597595215,6.670000076293945,6.78000020980835,6.659999847412109,6.75,5412600,2025-10-22,6.399176597595215,-0.0044775360977655,0.0134932473405828,-0.0029586520998334,6.75,6.78000020980835,6.659999847412109,5412600,-0.004477536097765578,-0.0044875902857373084,-0.051973837393301504,0.018752469253831172,15.50424031162686,0.19380665652087603,-0.007144951072685202,-0.009209718479423756,-0.005573885328465367,-0.006846628640695962,0.0027022242907046106,0.0031161157788570054,52.7663838196317,0.05799746268464112,0.07761332700839846,-0.019615864323757337,2.4849066497880004,6.399176597595215,2025-10-23,0.013493247340582881
2025-10-23,11,0.5350255848501216,0.4184576039459725,0.9090909090909092,0.0909090909090909,0.0,1,2025-10-23,2025-10-23,2025-10-23,6.485522270202637,6.760000228881836,6.78000020980835,6.670000076293945,6.690000057220459,5171700,2025-10-23,6.485522270202637,0.0134932473405828,-0.0029586520998334,0.0044511106760363,6.690000057220459,6.78000020980835,6.670000076293945,5171700,0.013493247340582881,0.013403024174927447,-0.03056469137053761,0.01696087515107205,15.458712205911178,-0.04450726083582757,0.005653091804133981,0.004457672581987149,0.005215796964080255,0.005356173433831657,0.007600530361402394,0.005755053484081196,61.24677225487844,0.05731540312379657,0.07355374223147809,-0.01623833910768152,2.4849066497880004,6.485522270202637,2025-10-24,-0.002958652099833481
2025-10-24,5,0.12348413169384,0.6695035365474131,0.6,0.4,0.0,1,2025-10-24,2025-10-24,2025-10-24,6.466333866119385,6.739999771118164,6.789999961853027,6.739999771118164,6.78000020980835,2486300,2025-10-24,6.466333866119385,-0.0029586520998334,0.0044511106760363,0.0014771042237986,6.78000020980835,6.789999961853027,6.739999771118164,2486300,-0.002958652099833481,-0.0029630375631337635,-0.04626347108886465,0.007732386197508496,14.726306621760447,-0.5192489896939111,0.002976144866928543,0.0019324656474850599,0.0014933595291801716,0.0019477991341627643,0.0077322090410410615,0.005808148759899662,58.72352601027087,0.0545971600865931,0.0697624258025011,-0.015165265715907997,1.791759469228055,6.466333866119385,2025-10-27,0.004451110676036318
2025-10-27,3,0.7220866251736879,0.4182532808213468,1.0,0.0,0.0,1,2025-10-27,2025-10-27,2025-10-27,6.495116233825684,6.769999980926514,6.820000171661377,6.75,6.78000020980835,10492600,2025-10-27,6.495116233825684,0.0044511106760363,0.0014771042237986,0.0014749256049577,6.78000020980835,6.820000171661377,6.75,10492600,0.004451110676036318,0.004441233780834608,-0.04201828424290253,0.010777354729515935,16.166180900066834,3.2201665124884364,0.006242595337714096,0.00579411420002951,0.003959556946540044,0.005236464635336002,0.007797945052484448,0.005643768930190324,61.2990766945851,0.054141321967502876,0.06663820503550145,-0.01249688306799858,1.3862943611198906,6.495116233825684,2025-10-28,0.0014771042237986531
2025-10-28,5,0.2197780892252922,0.7444771963905403,0.6,0.4,0.0,1,2025-10-28,2025-10-28,2025-10-28,6.5047101974487305,6.78000020980835,6.820000171661377,6.769999980926514,6.769999980926514,8474200,2025-10-28,6.5047101974487305,0.0014771042237986,0.0014749256049577,0.0044182602097604,6.769999980926514,6.820000171661377,6.769999980926514,8474200,0.0014771042237986531,0.0014760143784326996,-0.03918608334197909,0.0076867668531142705,15.952536929500269,-0.19236414234794041,0.005338090749620994,0.006233330581467245,0.003621769393887142,0.00549253626910895,0.007143782959867678,0.005503929073057725,62.146937893340294,0.05393251914934094,0.06409706785826935,-0.010164548708928411,1.791759469228055,6.5047101974487305,2025-10-29,0.0014749256049577664
2025-10-29,2,0.5201254989951849,0.6289486406126912,1.0,0.0,0.0,1,2025-10-29,2025-10-29,2025-10-29,6.514304161071777,6.789999961853027,6.820000171661377,6.769999980926514,6.789999961853027,6447900,2025-10-29,6.514304161071777,0.0014749256049577,0.0044182602097604,-0.0073313750934094,6.789999961853027,6.820000171661377,6.769999980926514,6447900,0.0014749256049577664,0.001473838970526442,-0.04060321094700141,0.00767544614107133,15.67926520945272,-0.23911401666233978,0.003250604319303907,0.006970210493659756,0.003395583096156951,0.005700049499975712,0.006136743883874059,0.005377228933650162,63.019430416314464,0.053919642026417414,0.06206158269189897,-0.008141940665481559,1.0986122886681098,6.514304161071777,2025-10-30,0.004418260209760438
2025-10-30,5,-0.3098004169762134,0.4243892173823551,0.2,0.8,0.0,1,2025-10-30,2025-10-30,2025-10-30,6.543086051940918,6.820000171661377,6.820000171661377,6.769999980926514,6.789999961853027,13207700,2025-10-30,6.543086051940918,0.0044182602097604,-0.0073313750934094,0.0103397295665903,6.789999961853027,6.820000171661377,6.769999980926514,13207700,0.004418260209760438,0.004408528352841445,-0.036364346288556566,0.007641683196269657,16.396310626530585,1.0483723382806804,0.005899717167616725,0.010220718403240125,0.005205645850717477,0.008283944529206444,0.0030304542401224615,0.005488900822585346,65.58242068125448,0.05559107555184806,0.06076748126388879,-0.005176405712040734,1.791759469228055,6.543086051940918,2025-10-31,-0.00733137509340942
2025-10-31,8,0.3868232408422045,0.6917186755288471,0.625,0.375,0.0,1,2025-10-31,2025-10-31,2025-10-31,6.495116233825684,6.769999980926514,6.820000171661377,6.769999980926514,6.820000171661377,5369700,2025-10-31,6.495116233825684,-0.0073313750934094,0.0103397295665903,0.0116959013335624,6.820000171661377,6.820000171661377,6.769999980926514,5369700,-0.00733137509340942,-0.007358381701800587,-0.047636939832591006,0.00769812100890036,15.496282785232827,-0.5934417044602769,-0.0023577944251110816,0.0025174133195056125,-0.0014436371491699518,0.0007295662975235206,0.004832381573928051,0.006109940878596356,58.32679444554233,0.05244043455486658,0.05910207192208435,-0.006661637367217775,2.1972245773362196,6.495116233825684,2025-11-03,0.01033972956659035
2025-11-03,5,0.2303769123740494,0.6470600429558004,0.8,0.2,0.0,1,2025-11-03,2025-11-03,2025-11-03,6.562273979187012,6.840000152587891,6.840000152587891,6.760000228881836,6.769999980926514,7982100,2025-11-03,6.562273979187012,0.0103397295665903,0.0116959013335624,-0.0072254304122819,6.769999980926514,6.840000152587891,6.760000228881836,7982100,0.01033972956659035,0.010286640202353814,-0.030683309058307184,0.012190884434234751,15.89271221798107,0.4865076261243646,0.005882350361499977,0.011235964963574707,0.005903301001876082,0.009044652918698493,0.006383456775128233,0.006733821767047341,64.28423991614116,0.0547316848617827,0.05822799451002403,-0.0034963096482413247,1.791759469228055,6.562273979187012,2025-11-04,0.011695901333562464
2025-11-04,4,0.7683574164984748,0.1349143650982769,1.0,0.0,0.0,1,2025-11-04,2025-11-04,2025-11-04,6.639025688171387,6.920000076293945,7.019999980926514,6.840000152587891,6.840000152587891,9096400,2025-11-04,6.639025688171387,0.0116959013335624,-0.0072254304122819,-0.0072780172192389,6.840000152587891,7.019999980926514,6.840000152587891,9096400,0.011695901333562464,0.011628032954883238,-0.029382230984375916,0.02711238618331075,16.023389398753004,0.13959985467483493,0.01347392498818234,0.01974653577909491,0.011709866901677968,0.016991693396455565,0.007653409123167301,0.007038388134425295,69.6280652675022,0.062025744538471095,0.05898754451571345,0.0030382000227576478,1.6094379124341003,6.639025688171387,2025-11-05,-0.0072254304122819635
2025-11-05,5,0.2643710122443736,0.7923356433422447,0.6,0.4,0.0,1,2025-11-05,2025-11-05,2025-11-05,6.591055870056152,6.869999885559082,6.949999809265137,6.840000152587891,6.920000076293945,3555300,2025-11-05,6.591055870056152,-0.0072254304122819,-0.0072780172192389,-0.0073313750934094,6.920000076293945,6.949999809265137,6.840000152587891,3555300,-0.0072254304122819635,-0.0072516602589289825,-0.04753528939467315,0.016689231413890133,15.083950287114826,-0.6091530715447869,0.003798946328336328,0.00940347077975301,0.002928922855375271,0.007876318705582142,0.009231371986654502,0.007417399682293619,63.25761841501026,0.06320696540943604,0.05983142869445797,0.003375536714978075,1.791759469228055,6.591055870056152,2025-11-06,-0.00727801721923893
2025-11-06,6,0.7440975186570237,0.2597086483874928,1.0,0.0,0.0,1,2025-11-06,2025-11-06,2025-11-06,6.543086051940918,6.820000171661377,6.900000095367432,6.820000171661377,6.900000095367432,3987700,2025-11-06,6.543086051940918,-0.0072780172192389,-0.0073313750934094,0.014771042237986,6.900000095367432,6.900000095367432,6.820000171661377,3987700,-0.00727801721923893,-0.007304631196507483,-0.05172667224543098,0.012226634812837865,15.198725432328331,0.12162124152673481,-0.0035067196876951146,0.0011744049116202415,-0.0029178581564655026,0.0004425744257274822,0.01003271512075038,0.007046346757167302,57.58385778784595,0.059585463901320246,0.05978223573583043,-0.00019677183451018154,1.9459101490553132,6.543086051940918,2025-11-07,-0.00733137509340942
2025-11-07,6,0.6013881534648439,0.467690787115792,0.8333333333333334,0.1666666666666666,0.0,1,2025-11-07,2025-11-07,2025-11-07,6.495116233825684,6.769999980926514,6.849999904632568,6.760000228881836,6.820000171661377,6189700,2025-11-07,6.495116233825684,-0.0073313750934094,0.014771042237986,-0.0087336206630866,6.820000171661377,6.849999904632568,6.760000228881836,6189700,-0.00733137509340942,-0.007358381701800587,-0.047636939832591006,0.013856515035408655,15.638397339778447,0.5521980088772978,-0.010812385703726668,-0.006603078548629626,-0.006841886802394503,-0.005646021217249997,0.01003271512075038,0.007437658503338353,52.511634198640735,0.05224241638689264,0.05827427186604288,-0.006031855479150236,1.9459101490553132,6.495116233825684,2025-11-10,0.014771042237986087
2025-11-10,4,-0.5990678197704256,0.3568281056873474,0.0,0.75,0.25,1,2025-11-10,2025-11-10,2025-11-10,6.591055870056152,6.869999885559082,6.880000114440918,6.78000020980835,6.78000020980835,3113200,2025-11-10,6.591055870056152,0.014771042237986,-0.0087336206630866,0.011747425105421,6.78000020980835,6.880000114440918,6.78000020980835,3113200,0.014771042237986087,0.01466301289830807,-0.027867895856235992,0.015172061442670855,14.951162015280218,-0.49703539751522696,0.002919706758119922,0.006593403712492618,0.005205146965151952,0.007385550535691232,0.011287292945385443,0.008666078590066286,60.08440656241031,0.05354726562460854,0.05732887061775602,-0.003781604993147475,1.6094379124341003,6.591055870056152,2025-11-11,-0.008733620663086694
2025-11-11,5,0.5221374190412462,0.4119735128255954,0.8,0.2,0.0,1,2025-11-11,2025-11-11,2025-11-11,6.533492088317871,6.809999942779541,6.909999847412109,6.809999942779541,6.869999885559082,2855200,2025-11-11,6.533492088317871,-0.0087336206630866,0.011747425105421,0.0014513781816885,6.869999885559082,6.909999847412109,6.809999942779541,2855200,-0.008733620663086694,-0.008771982248373611,-0.04898221293257356,0.015305735934290323,14.864652801396188,-0.08287292817679559,-0.002636202715079139,-0.002636202715079139,-0.002385464148075056,-0.0011560382266901925,0.010043327164224436,0.009251010905559838,54.47167418665166,0.0493673755653532,0.05573657160727546,-0.006369196041922258,1.791759469228055,6.533492088317871,2025-11-12,0.011747425105421039
2025-11-12,5,0.6743368943221867,0.2290253219838844,1.0,0.0,0.0,1,2025-11-12,2025-11-12,2025-11-12,6.610243797302246,6.889999866485596,6.96999979019165,6.820000171661377,6.820000171661377,10751200,2025-11-12,6.610243797302246,0.011747425105421,0.0014513781816885,-0.0028985494719151,6.820000171661377,6.96999979019165,6.820000171661377,10751200,0.011747425105421039,0.011678959779663822,-0.030756065847434347,0.022691994899112625,16.19052802722786,2.7654805267581954,0.008489457652741006,0.007604559421232393,0.006203324781197672,0.008637956036617433,0.011588396228621407,0.00991991996368196,59.856276477316726,0.051652585203546764,0.054919774326529724,-0.003267189122982961,1.791759469228055,6.610243797302246,2025-11-13,0.0014513781816885007
2025-11-13,6,0.6797960444431131,0.2792794894560451,1.0,0.0,0.0,1,2025-11-13,2025-11-13,2025-11-13,6.619837760925293,6.900000095367432,6.929999828338623,6.880000114440918,6.909999847412109,5813600,2025-11-13,6.619837760925293,0.0014513781816885,-0.0028985494719151,0.0058139509683392,6.909999847412109,6.929999828338623,6.880000114440918,5813600,0.0014513781816885007,0.0014503259503761967,-0.04199161981103171,0.007553011977549783,15.575710730295006,-0.45926036163405015,0.007593454637193853,0.007887814267848459,0.005096119168503055,0.008250014478766943,0.010723482236131359,0.009867411203963752,60.48538333686555,0.05361968859709165,0.054659757180642116,-0.001040068583550463,1.9459101490553132,6.619837760925293,2025-11-14,-0.002898549471915146
2025-11-14,6,0.3865965909790248,0.6620387934855858,0.8333333333333334,0.1666666666666666,0.0,1,2025-11-14,2025-11-14,2025-11-14,6.600649833679199,6.880000114440918,6.900000095367432,6.849999904632568,6.889999866485596,4446600,2025-11-14,6.600649833679199,-0.0028985494719151,0.0058139509683392,-0.0043352582473691,6.889999866485596,6.900000095367432,6.849999904632568,4446600,-0.002898549471915146,-0.0029027584015972607,-0.0419956514388129,0.007575040639141615,15.307650542058408,-0.23513829640842165,0.0014556034438477639,0.0033542350878388305,0.001454140863286435,0.004354687975726801,0.009868966201273876,0.009535007514156093,58.510439247960356,0.053019155024287556,0.05433163674937121,-0.0013124817250836501,1.9459101490553132,6.600649833679199,2025-11-17,0.005813950968339254
2025-11-17,5,0.0633353412151336,0.5344073797306262,0.4,0.6,0.0,1,2025-11-17,2025-11-17,2025-11-17,6.639025688171387,6.920000076293945,6.940000057220459,6.880000114440918,6.880000114440918,5861500,2025-11-17,6.639025688171387,0.0058139509683392,-0.0043352582473691,0.0,6.880000114440918,6.940000057220459,6.880000114440918,5861500,0.005813950968339254,0.005797115178859835,-0.03502535207284852,0.009037462061103584,15.583916272098799,0.3181981738856654,0.005813950968339254,0.00801164983370728,0.00483929297733332,0.008325080087543624,0.007869142831847137,0.009177635672344406,61.23653811832194,0.05500576634384036,0.05446646266826504,0.0005393036755753158,1.791759469228055,6.639025688171387,2025-11-18,-0.004335258247369134
2025-11-18,6,0.4274978561637302,0.636094896992591,0.5,0.1666666666666666,0.3333333333333333,1,2025-11-18,2025-11-18,2025-11-18,6.610243797302246,6.889999866485596,6.949999809265137,6.869999885559082,6.920000076293945,2662900,2025-11-18,6.610243797302246,-0.0043352582473691,0.0,0.0029027563633772,6.920000076293945,6.949999809265137,6.869999885559082,2662900,-0.004335258247369134,-0.004344682727638771,-0.044762467568871964,0.012102416515818075,14.794926687987859,-0.5456964940714835,-0.0008700692293155399,0.004080441246238076,0.00032198491795787376,0.0032325466342137954,0.006583271563367381,0.008517152857549391,58.15049406347285,0.05363939056938438,0.054301048248488915,-0.0006616576791045325,1.9459101490553132,6.610243797302246,2025-11-19,0.0
2025-11-19,6,0.5807888589333744,0.7467147370888182,0.8333333333333334,0.1666666666666666,0.0,1,2025-11-19,2025-11-19,2025-11-19,6.610243797302246,6.889999866485596,6.929999828338623,6.880000114440918,6.929999828338623,3756900,2025-11-19,6.610243797302246,0.0,0.0029027563633772,0.0014471773783446,6.929999828338623,6.929999828338623,6.880000114440918,3756900,0.0,0.0,-0.046140842562334416,0.007563974254340032,15.1391049733971,0.4108302977956364,-0.0008700692293155399,0.0037878771422121815,0.00021463357571382957,0.0026432573456955932,0.003971913231710097,0.008173510866194762,58.15049406347285,0.05195759313276671,0.05383235722534448,-0.0018747640925777659,1.9459101490553132,6.610243797302246,2025-11-20,0.0029027563633772235
2025-11-20,3,0.0886091540257136,0.6333442092699394,0.6666666666666666,0.3333333333333333,0.0,1,2025-11-20,2025-11-20,2025-11-20,6.62943172454834,6.909999847412109,6.949999809265137,6.889999866485596,6.889999866485596,3949300,2025-11-20,6.62943172454834,0.0029027563633772,0.0014471773783446,0.0072254304122818,6.889999866485596,6.949999809265137,6.889999866485596,3949300,0.0029027563633772235,0.0028985515012862617,-0.037818308706320004,0.00905054087175606,15.189049159192361,0.051212435784822485,0.001739633924648487,0.005383381921457486,0.002076517109620424,0.004539341619125059,0.00415283864446325,0.007744663143151863,59.71998642606244,0.051578497107949595,0.053381585201865506,-0.001803088093915911,1.3862943611198906,6.62943172454834,2025-11-21,0.001447177378344655
2025-11-21,5,0.0216576003935187,0.5927620526230591,0.4,0.6,0.0,1,2025-11-21,2025-11-21,2025-11-21,6.639025688171387,6.920000076293945,6.920000076293945,6.889999866485596,6.909999847412109,5418800,2025-11-21,6.639025688171387,0.0014471773783446,0.0072254304122818,-0.0028694392314237,6.909999847412109,6.920000076293945,6.889999866485596,5418800,0.001447177378344655,0.0014461312263525095,-0.03921478512654472,0.004518766942233761,15.505385131231405,0.3720912566783987,0.0020272218295116495,0.004645758731975702,0.0023483723830715064,0.004898098599602552,0.003752406878086186,0.007125480225362067,60.51730224102445,0.051459025843531236,0.05299707333019865,-0.0015380474866674154,1.791759469228055,6.639025688171387,2025-11-24,0.0072254304122818525
2025-11-24,5,0.495392591226846,0.6825489240230522,0.8,0.2,0.0,1,2025-11-24,2025-11-24,2025-11-24,6.686995506286621,6.96999979019165,6.96999979019165,6.889999866485596,6.900000095367432,5622400,2025-11-24,6.686995506286621,0.0072254304122818,-0.0028694392314237,0.005755393213928,6.900000095367432,6.96999979019165,6.889999866485596,5622400,0.0072254304122818525,0.00719945205146133,-0.030870229874897973,0.011963507920835994,15.542269354834888,0.03757289436775668,0.0078079781254729586,0.010437803547890478,0.006373471695655608,0.009926263060694662,0.004214196212677166,0.005951035464715106,64.32022547829102,0.054605647513437994,0.05331878816684653,0.0012868593465914652,1.791759469228055,6.686995506286621,2025-11-25,-0.002869439231423798
2025-11-25,8,0.6928596660727635,0.2917811724914822,1.0,0.0,0.0,1,2025-11-25,2025-11-25,2025-11-25,6.667807579040527,6.949999809265137,6.980000019073486,6.909999847412109,6.960000038146973,2621300,2025-11-25,6.667807579040527,-0.0028694392314237,0.005755393213928,0.0,6.960000038146973,6.980000019073486,6.909999847412109,2621300,-0.002869439231423798,-0.0028735639645123268,-0.041981674928875216,0.010498229115281355,14.779181317375231,-0.5337756118383609,0.0031755182636061807,0.0054976828132695665,0.0023211324916514453,0.0057431218134864626,0.003735044084865651,0.00505639772252807,61.757822731903914,0.05491800194728391,0.05363863092293401,0.0012793710243499054,2.1972245773362196,6.667807579040527,2025-11-26,0.0057553932139280395
2025-11-26,6,0.6340872881313165,0.2816687285607121,1.0,0.0,0.0,1,2025-11-26,2025-11-26,2025-11-26,6.706183433532715,6.989999771118164,7.0,6.949999809265137,6.96999979019165,4815100,2025-11-26,6.706183433532715,0.005755393213928,0.0,-0.0057224582167403,6.96999979019165,7.0,6.949999809265137,4815100,0.0057553932139280395,0.005738894213624723,-0.037850267517968106,0.00745583404188572,15.38726757911067,0.8369129821081143,0.006044902414141129,0.009823746128941657,0.005378751995956943,0.009415179725195566,0.003945232870596783,0.0040302430556819775,64.77989700438101,0.05759819963189905,0.05443054466472702,0.003167654967172029,1.9459101490553132,6.706183433532715,2025-11-27,0.0
2025-11-27,9,0.582625987008214,0.4128264095259321,0.8888888888888888,0.0,0.1111111111111111,1,2025-11-27,2025-11-27,2025-11-27,6.706183433532715,6.989999771118164,7.0,6.980000019073486,7.0,3418600,2025-11-27,6.706183433532715,0.0,-0.0057224582167403,0.012949634731338,7.0,7.0,6.980000019073486,3418600,0.0,0.0,-0.04197379520961216,0.00298231939593367,15.044741961021666,-0.29002512928080415,0.0037334849032664152,0.008512476499044963,0.0035794170650769175,0.007690164451446213,0.004151485562549427,0.004056209252898159,64.77989700438101,0.05904167987332798,0.055352771706447215,0.003688908166880764,2.302585092994046,6.706183433532715,2025-11-28,-0.005722458216740334
2025-11-28,7,0.5306085641163268,0.3652068587885831,0.8571428571428571,0.0,0.1428571428571428,1,2025-11-28,2025-11-28,2025-11-28,6.667807579040527,6.949999809265137,7.0,6.929999828338623,6.989999771118164,4541500,2025-11-28,6.667807579040527,-0.0057224582167403,0.012949634731338,0.0298295328189106,6.989999771118164,7.0,6.929999828338623,4541500,-0.005722458216740334,-0.005738894213624723,-0.04609330509693233,0.010498229115281355,15.328768132115949,0.32846779383373303,-0.002869439231423798,0.0017296043300856212,-0.0014433904142107101,0.0015733857151511987,0.005533061327953101,0.004459553712615914,59.341276286130885,0.05643845030386441,0.05556990742593066,0.0008685428779337465,2.0794415416798357,6.667807579040527,2025-12-01,0.012949634731338033
2025-12-01,7,0.3995521431788802,0.45708615605065,0.5714285714285714,0.1428571428571428,0.2857142857142857,2,2025-11-29,2025-12-01,2025-12-01,6.754153251647949,7.039999961853027,7.110000133514404,6.949999809265137,6.949999809265137,9549900,2025-12-01,6.754153251647949,0.012949634731338,0.0298295328189106,0.0013793783316466,6.949999809265137,7.110000133514404,6.949999809265137,9549900,0.012949634731338033,0.012866505107852477,-0.028179361581579018,0.023689175872671976,16.072041345911035,1.102807442474953,0.008018324182201608,0.012949634731338033,0.007629155184307068,0.011867760172552089,0.007438795577526206,0.005707752471492015,66.2143105226238,0.0606436836377382,0.05658466266829217,0.004059020969446027,2.0794415416798357,6.754153251647949,2025-12-02,0.029829532818910653
2025-12-02,4,0.7517027818830685,0.1809702966407268,1.0,0.0,0.0,1,2025-12-02,2025-12-02,2025-12-02,6.955626487731934,7.25,7.25,7.059999942779541,7.059999942779541,9027500,2025-12-02,6.955626487731934,0.0298295328189106,0.0013793783316466,0.002754819616479,7.059999942779541,7.25,7.059999942779541,9027500,0.029829532818910653,0.029393286426995013,-0.01478377562231471,0.027316023589762012,16.015786142906382,-0.05470214347794222,0.029244734921786142,0.03778984931385798,0.02481247823904109,0.03414455261452698,0.013754907506526248,0.010159370466792142,76.28695587963077,0.07931922506969258,0.06113157514857226,0.01818764992112032,1.6094379124341003,6.955626487731934,2025-12-03,0.0013793783316466968
2025-12-03,2,0.3553154822438956,0.734922824022453,0.5,0.5,0.0,1,2025-12-03,2025-12-03,2025-12-03,6.965220928192139,7.260000228881836,7.289999961853027,7.199999809265137,7.239999771118164,3339500,2025-12-03,6.965220928192139,0.0013793783316466,0.002754819616479,0.0041208088798485,7.239999771118164,7.289999961853027,7.199999809265137,3339500,0.0013793783316466968,0.001378427863292453,-0.037952880057009704,0.01292136366035566,15.021331952593808,-0.6300747715314317,0.022823376624940828,0.03374631140591311,0.017332533427261154,0.028916552703496246,0.01411273107421984,0.010090783035914652,76.64406017831205,0.09381250520187034,0.06766776115923188,0.02614474404263846,1.0986122886681098,6.965220928192139,2025-12-04,0.002754819616479054
2025-12-04,6,0.3031596467286969,0.6932757498088099,0.6666666666666666,0.1666666666666666,0.1666666666666666,1,2025-12-04,2025-12-04,2025-12-04,6.984408855438232,7.28000020980835,7.340000152587891,7.260000228881836,7.260000228881836,12998400,2025-12-04,6.984408855438232,0.002754819616479,0.0041208088798485,-0.0082079309881079,7.260000228881836,7.340000152587891,7.260000228881836,12998400,0.002754819616479054,0.0027510320553565393,-0.03796024307922774,0.011454072257491739,16.38033690786069,2.8923192094624945,0.01732815023635692,0.031161515805915307,0.013333907506223541,0.025829008590201097,0.013787622556809789,0.010094778972947457,77.37778954476343,0.105629211693131,0.07526005126601171,0.03036916042711929,1.9459101490553132,6.984408855438232,2025-12-05,0.004120808879848559
2025-12-05,3,0.4828620621313652,0.4274814712616726,1.0,0.0,0.0,1,2025-12-05,2025-12-05,2025-12-05,7.013190269470215,7.309999942779541,7.309999942779541,7.239999771118164,7.28000020980835,5176600,2025-12-05,7.013190269470215,0.0041208088798485,-0.0082079309881079,0.0206897152164056,7.28000020980835,7.309999942779541,7.239999771118164,5176600,0.004120808879848559,0.0041123416003263635,-0.03664971602317559,0.00998121667482791,15.45965922125074,-0.601750984736583,0.011344737839817487,0.02972246922190558,0.01160537318967192,0.02445782397894747,0.011864542326840522,0.010017243173108707,78.4703471113476,0.1159795166253792,0.08340394433788521,0.032575572287493984,1.3862943611198906,7.013190269470215,2025-12-08,-0.008207930988107903
2025-12-08,4,0.006259175017476,0.6703454161425995,0.5,0.5,0.0,1,2025-12-08,2025-12-08,2025-12-08,6.955626487731934,7.25,7.309999942779541,7.21999979019165,7.309999942779541,2898700,2025-12-08,6.955626487731934,-0.0082079309881079,0.0206897152164056,-0.0067568207446035,7.309999942779541,7.309999942779541,7.21999979019165,2898700,-0.008207930988107903,-0.008241801518975356,-0.04847790120677636,0.012939187109404083,14.879773263571145,-0.4400378626897964,-0.0027510577794054303,0.017258292046415935,0.002199036856574743,0.013092913056269584,0.014187332305929282,0.01088078743738019,71.07670458962184,0.1181750434094111,0.09035816415219039,0.027816879257220706,1.6094379124341003,6.955626487731934,2025-12-09,0.020689715216405613
2025-12-09,5,0.4470772325992585,0.4146087644433491,0.8,0.2,0.0,1,2025-12-09,2025-12-09,2025-12-09,7.099536418914795,7.400000095367432,7.400000095367432,7.230000019073486,7.25,6238700,2025-12-09,7.099536418914795,0.0206897152164056,-0.0067568207446035,0.0190476113194528,7.25,7.400000095367432,7.230000019073486,6238700,0.020689715216405613,0.020478590170422972,-0.02075359739106277,0.023945236176410912,15.646282545597664,1.1522406596060302,0.013698651215236168,0.03179033022451727,0.01517350205214707,0.027690521179428718,0.010439160978074373,0.011744626135197918,76.9292062209948,0.13002845584556688,0.0982922224908657,0.03173623335470119,1.791759469228055,7.099536418914795,2025-12-10,-0.006756820744603598
2025-12-10,4,0.2315401025116444,0.6177542559457758,0.75,0.25,0.0,1,2025-12-10,2025-12-10,2025-12-10,7.051566123962402,7.349999904632568,7.360000133514404,7.320000171661377,7.360000133514404,1685900,2025-12-10,7.051566123962402,-0.0067568207446035,0.0190476113194528,0.00133517931058,7.360000133514404,7.360000133514404,7.320000171661377,1685900,-0.006756820744603598,-0.0067797514085192745,-0.04190679401587518,0.005672493336919975,14.337810696958709,-0.7297674194944459,0.004372750380363222,0.01970030371931042,0.005527452414278988,0.016910702340832362,0.011553183400154165,0.01246028439096283,71.7196778568833,0.1340068214805923,0.10543514228881101,0.028571679191781274,1.6094379124341003,7.051566123962402,2025-12-11,0.019047611319452873
2025-12-11,4,0.0528509146533907,0.6549096241769996,0.5,0.25,0.25,1,2025-12-11,2025-12-11,2025-12-11,7.185881614685059,7.489999771118164,7.489999771118164,7.329999923706055,7.349999904632568,6678400,2025-12-11,7.185881614685059,0.0190476113194528,0.00133517931058,0.0039999981444673,7.349999904632568,7.489999771118164,7.329999923706055,6678400,0.019047611319452873,0.01886847672066816,-0.022329019330200133,0.02226586186517934,15.714389145601471,2.961326294560769,0.017663022577122822,0.031964694241715996,0.016319310244571117,0.029489456314783613,0.013728766442099244,0.013035989345010093,76.51516807791026,0.14631125738926531,0.11361036530890188,0.03270089208036343,1.6094379124341003,7.185881614685059,2025-12-12,0.0013351793105800258
2025-12-12,6,0.0258019206424554,0.6920101054727538,0.5,0.5,0.0,1,2025-12-12,2025-12-12,2025-12-12,7.195476055145264,7.5,7.519999980926514,7.409999847412109,7.489999771118164,6423600,2025-12-12,7.195476055145264,0.00133517931058,0.0039999981444673,0.0159362476169719,7.489999771118164,7.519999980926514,7.409999847412109,6423600,0.0013351793105800258,0.001334288751300594,-0.039322259675974816,0.015287401788481609,15.675489421845406,-0.03815285098227117,0.013787544519293649,0.02557093079061823,0.011715159034760836,0.025111454880005324,0.013868672514087247,0.012447946775958167,76.81757089333577,0.15504948866622748,0.12189818998036701,0.03315129868586046,1.9459101490553132,7.195476055145264,2025-12-15,0.003999998144467387
2025-12-15,6,0.2093459578851858,0.4872068159182949,0.8333333333333334,0.1666666666666666,0.0,1,2025-12-15,2025-12-15,2025-12-15,7.224257946014404,7.53000020980835,7.539999961853027,7.46999979019165,7.489999771118164,5409100,2025-12-15,7.224257946014404,0.0039999981444673,0.0159362476169719,-0.0065360097095812,7.489999771118164,7.539999961853027,7.46999979019165,5409100,0.003999998144467387,0.003992019421397375,-0.03547955049724759,0.009689600258528391,15.503593463261966,-0.1579332461548042,0.010195890174589994,0.022819909642294745,0.01045309125894578,0.02377437273056593,0.011839497579168726,0.01235106024028981,77.74342193578389,0.16242472681675668,0.13000349734764494,0.032421229469111745,1.9459101490553132,7.224257946014404,2025-12-16,0.015936247616971988
2025-12-16,4,0.4049672149121761,0.6241357417316449,0.5,0.5,0.0,1,2025-12-16,2025-12-16,2025-12-16,7.339385509490967,7.650000095367432,7.690000057220459,7.519999980926514,7.53000020980835,8360800,2025-12-16,7.339385509490967,0.0159362476169719,-0.0065360097095812,-0.007894668347284,7.53000020980835,7.690000057220459,7.519999980926514,8360800,0.015936247616971988,0.015810598779034235,-0.0253140365214192,0.023162712474240354,15.939064793868203,0.5456915198461851,0.01945630796698805,0.03350447026504155,0.017548608128594267,0.032563142896335995,0.010664524564916839,0.010040373034683362,81.01037723156384,0.17553601844488131,0.13911000156709222,0.0364260168777891,1.6094379124341003,7.339385509490967,2025-12-17,-0.006536009709581236
2025-12-17,8,0.3049420159950387,0.5973289444255168,0.625,0.375,0.0,1,2025-12-17,2025-12-17,2025-12-17,7.291415214538574,7.599999904632568,7.650000095367432,7.510000228881836,7.650000095367432,4928900,2025-12-17,7.291415214538574,-0.0065360097095812,-0.007894668347284,0.0225464086947242,7.650000095367432,7.650000095367432,7.510000228881836,4928900,-0.006536009709581236,-0.006557462951200188,-0.04687384004687839,0.019200643821030206,15.410626600275823,-0.41047507415558315,0.0060894468909109545,0.022054825207151074,0.007238970503728348,0.021022123518555258,0.010595034433632158,0.010686402363646224,76.0042656539025,0.17998129726336654,0.1472842607063471,0.03269703655701944,2.1972245773362196,7.291415214538574,2025-12-18,-0.007894668347284028
2025-12-18,4,0.046858949586749,0.496101300808005,0.5,0.5,0.0,1,2025-12-18,2025-12-18,2025-12-18,7.233851909637451,7.539999961853027,7.579999923706055,7.519999980926514,7.550000190734863,3299700,2025-12-18,7.233851909637451,-0.007894668347284,0.0225464086947242,0.0025940325518853,7.550000190734863,7.579999923706055,7.519999980926514,3299700,-0.007894668347284028,-0.007925996232550192,-0.041873943458356454,0.008294328323144801,15.009342416271126,-0.3305402828217249,-0.0031729098192583294,0.010452990450193544,-0.00047534435919061035,0.010579924461869838,0.009584267373525059,0.011401660282783832,70.38358070543968,0.1768210521032474,0.15319161898572714,0.02362943311752025,1.6094379124341003,7.233851909637451,2025-12-19,0.02254640869472424
2025-12-19,5,0.0485134769231081,0.8092117326019972,0.6,0.4,0.0,1,2025-12-19,2025-12-19,2025-12-19,7.396949291229248,7.710000038146973,7.75,7.53000020980835,7.539999961853027,7925600,2025-12-19,7.396949291229248,0.0225464086947242,0.0025940325518853,0.0012935961813096,7.539999961853027,7.75,7.53000020980835,7925600,0.02254640869472424,0.022295995381342193,-0.01897223757924572,0.029741962737599104,15.885608710814362,1.401915325635664,0.013673422717751071,0.02772595412652734,0.014599541037650265,0.027133928363545,0.013471887892484793,0.012891450064081154,75.83617217793712,0.1853406391605823,0.15962142302069818,0.02571921613988412,1.791759469228055,7.396949291229248,2025-12-22,0.0025940325518853946
2025-12-22,4,0.4315656600520015,0.5497061720832392,0.75,0.25,0.0,2,2025-12-20,2025-12-22,2025-12-22,7.416137218475342,7.730000019073486,7.75,7.639999866485596,7.710000038146973,3530300,2025-12-22,7.416137218475342,0.0025940325518853,0.0012935961813096,0.0,7.710000038146973,7.75,7.639999866485596,3530300,0.0025940325518853946,0.002590673856567971,-0.03811450301137198,0.01483253751567165,15.076893694396087,-0.5545700010093872,0.010986144686563781,0.02384106883630932,0.011422024187914825,0.024249087221702936,0.013528458623160301,0.012048004482382291,76.38696463644084,0.19143404613213555,0.16598394764298566,0.02545009848914989,1.6094379124341003,7.416137218475342,2025-12-23,0.001293596181309642
2025-12-23,9,0.3643832210865286,0.3981182624197896,0.7777777777777778,0.1111111111111111,0.1111111111111111,1,2025-12-23,2025-12-23,2025-12-23,7.4257307052612305,7.739999771118164,7.75,7.670000076293945,7.730000019073486,3292200,2025-12-23,7.4257307052612305,0.0012935961813096,0.0,0.0077519992119636,7.730000019073486,7.75,7.670000076293945,3292200,0.001293596181309642,0.0012927602066343802,-0.03936213623046348,0.010773340278738315,15.007066896023328,-0.06744469308557344,0.009916449538120542,0.02056957203514309,0.008451068753849933,0.02082738057653999,0.012175508459498618,0.011027132145376053,76.6732568015496,0.19479179075508135,0.17174551626540482,0.023046274489676527,2.302585092994046,7.4257307052612305,2025-12-24,0.0
2025-12-24,3,0.8704308718442917,0.0230451908195537,1.0,0.0,0.0,1,2025-12-24,2025-12-24,2025-12-24,7.4257307052612305,7.739999771118164,7.739999771118164,7.699999809265137,7.739999771118164,1132800,2025-12-24,7.4257307052612305,0.0,0.0077519992119636,-0.0076923679814334,7.739999771118164,7.739999771118164,7.699999809265137,1132800,0.0,0.0,-0.0406032396834984,0.005386670139369157,13.940203884689565,-0.6559139784946236,0.006240208179848716,0.015348242351062247,0.005618219183701312,0.01697629832154668,0.01129521013662518,0.010448726750863628,76.67325680154961,0.1952026528869606,0.17643694358971598,0.01876570929724461,1.3862943611198906,7.4257307052612305,2025-12-26,0.007751999211963678
2025-12-26,3,0.1732281769315402,0.3495417129944786,0.6666666666666666,0.0,0.3333333333333333,2,2025-12-25,2025-12-26,2025-12-26,7.48329496383667,7.800000190734863,7.800000190734863,7.670000076293945,7.739999771118164,2060200,2025-12-26,7.48329496383667,0.0077519992119636,-0.0076923679814334,0.0116279667108587,7.739999771118164,7.800000190734863,7.670000076293945,2060200,0.007751999211963678,0.007722106850395427,-0.03316599675356439,0.017372042004110338,14.53831410882138,0.8186793785310735,0.007231427567894411,0.019075004649232286,0.008902707591112557,0.020248394004724224,0.009261471434708377,0.009341119510342883,78.48826613290757,0.19789204238790514,0.18072796334935384,0.0171640790385513,1.3862943611198906,7.48329496383667,2025-12-29,-0.007692367981433468
2025-12-29,5,0.0267409706488252,0.6849308259045364,0.4,0.4,0.2,1,2025-12-29,2025-12-29,2025-12-29,7.4257307052612305,7.739999771118164,7.789999961853027,7.659999847412109,7.789999961853027,7571200,2025-12-29,7.4257307052612305,-0.0076923679814334,0.0116279667108587,-0.0153256636883903,7.789999961853027,7.789999961853027,7.659999847412109,7571200,-0.007692367981433468,-0.007722106850395427,-0.046761137147059394,0.017506710060036398,15.8398622654056,2.6749830113581208,-0.0012903477035705047,0.008074977246779191,0.0007609481733128476,0.010122850836824293,0.005580148758329858,0.010047791518841975,72.41995695757382,0.19315191333689619,0.18321275334686232,0.009939159990033863,1.791759469228055,7.4257307052612305,2025-12-30,0.01162796671085875
2025-12-30,3,0.2800540601213773,0.3446416224450191,0.6666666666666666,0.3333333333333333,0.0,1,2025-12-30,2025-12-30,2025-12-30,7.51207685470581,7.829999923706055,7.829999923706055,7.71999979019165,7.71999979019165,6025200,2025-12-30,7.51207685470581,0.0116279667108587,-0.0153256636883903,,7.71999979019165,7.829999923706055,7.71999979019165,6025200,0.01162796671085875,0.01156088144858991,-0.02693302346329196,0.014643105447662803,15.611461397780378,-0.2041948436179205,0.0077220429404860624,0.01582773052506048,0.008231159454305859,0.01782156986945127,0.007457324213197519,0.010398697728604672,75.48207181200556,0.1941249875308353,0.1853952001836569,0.008729787347178386,1.3862943611198906,7.51207685470581,2025-12-31,-0.015325663688390279
2025-12-31,8,0.0837767678312957,0.7448102142071258,0.625,0.375,0.0,1,2025-12-31,2025-12-31,2025-12-31,7.396949291229248,7.710000038146973,7.829999923706055,7.679999828338623,7.829999923706055,9360100,2025-12-31,7.396949291229248,-0.0153256636883903,,,7.829999923706055,7.829999923706055,7.679999828338623,9360100,-0.015325663688390279,-0.015444315511792261,-0.05530659472495082,0.020278643189468745,16.051966638993846,0.5534920002655515,-0.00695514919857565,-0.0005185117308736942,-0.004825382279513679,0.0018179025057547538,0.011030690025862495,0.01107621040663434,65.10320523415166,0.1834911518495428,0.1850143905168341,-0.0015232386672913156,2.1972245773362196,7.396949291229248,,
